{"type":"FeatureCollection","features":[{"type":"Feature","properties":{"node_id":1,"degree":1,"jtype":"culdesac","gn_name":"Mount Lavinia","gn_pcode":"LK1131005","on_boundary":false,"marshall_cul":true,"exclusion_reason":null},"geometry":{"type":"Point","coordinates":[79.86201640564084,6.833173274884289]}},{"type":"Feature","properties":{"node_id":3,"degree":1,"jtype":"culdesac","gn_name":"Mount Lavinia","gn_pcode":"LK1131005","on_boundary":false,"marshall_cul":true,"exclusion_reason":null},"geometry":{"type":"Point","coordinates":[79.86268115895109,6.848469704295054]}},{"type":"Feature","properties":{"node_id":4,"degree":1,"jtype":"culdesac","gn_name":"Mount Lavinia","gn_pcode":"LK1131005","on_boundary":false,"marshall_cul":true,"exclusion_reason":null},"geometry":{"type":"Point","coordinates":[79.86286082200793,6.83382438652378]}},{"type":"Feature","properties":{"node_id":5,"degree":1,"jtype":"culdesac","gn_name":"Mount Lavinia","gn_pcode":"LK1131005","on_boundary":false,"marshall_cul":true,"exclusion_reason":null},"geometry":{"type":"Point","coordinates":[79.86289675461929,6.8349214630338215]}},{"type":"Feature","properties":{"node_id":6,"degree":1,"jtype":"culdesac","gn_name":"Mount Lavinia","gn_pcode":"LK1131005","on_boundary":false,"marshall_cul":true,"exclusion_reason":null},"geometry":{"type":"Point","coordinates":[79.86289675461929,6.844304486057538]}},{"type":"Feature","properties":{"node_id":7,"degree":1,"jtype":"culdesac","gn_name":"Mount Lavinia","gn_pcode":"LK1131005","on_boundary":false,"marshall_cul":true,"exclusion_reason":null},"geometry":{"type":"Point","coordinates":[79.86290573777212,6.84875511406377]}},{"type":"Feature","properties":{"node_id":8,"degree":1,"jtype":"culdesac","gn_name":"Mount Lavinia","gn_pcode":"LK1131005","on_boundary":false,"marshall_cul":true,"exclusion_reason":null},"geometry":{"type":"Point","coordinates":[79.86291472092498,6.843590954661193]}},{"type":"Feature","properties":{"node_id":10,"degree":1,"jtype":"culdesac","gn_name":"Mount Lavinia","gn_pcode":"LK1131005","on_boundary":false,"marshall_cul":true,"exclusion_reason":null},"geometry":{"type":"Point","coordinates":[79.86292370407782,6.847658069332086]}},{"type":"Feature","properties":{"node_id":11,"degree":1,"jtype":"culdesac","gn_name":"Mount Lavinia","gn_pcode":"LK1131005","on_boundary":false,"marshall_cul":true,"exclusion_reason":null},"geometry":{"type":"Point","coordinates":[79.8629865861477,6.8423244338063]}},{"type":"Feature","properties":{"node_id":12,"degree":1,"jtype":"culdesac","gn_name":"Mount Lavinia","gn_pcode":"LK1131005","on_boundary":false,"marshall_cul":true,"exclusion_reason":null},"geometry":{"type":"Point","coordinates":[79.8630315019119,6.841548465144014]}},{"type":"Feature","properties":{"node_id":13,"degree":1,"jtype":"culdesac","gn_name":"Mount Lavinia","gn_pcode":"LK1131005","on_boundary":false,"marshall_cul":true,"exclusion_reason":null},"geometry":{"type":"Point","coordinates":[79.8630315019119,6.847497525989033]}},{"type":"Feature","properties":{"node_id":16,"degree":1,"jtype":"culdesac","gn_name":"Mount Lavinia","gn_pcode":"LK1131005","on_boundary":false,"marshall_cul":true,"exclusion_reason":null},"geometry":{"type":"Point","coordinates":[79.86305845137042,6.843002290456372]}},{"type":"Feature","properties":{"node_id":18,"degree":1,"jtype":"culdesac","gn_name":"Mount Lavinia","gn_pcode":"LK1131005","on_boundary":false,"marshall_cul":true,"exclusion_reason":null},"geometry":{"type":"Point","coordinates":[79.86309438398179,6.841040071198851]}},{"type":"Feature","properties":{"node_id":19,"degree":1,"jtype":"culdesac","gn_name":"Mount Lavinia","gn_pcode":"LK1131005","on_boundary":false,"marshall_cul":true,"exclusion_reason":null},"geometry":{"type":"Point","coordinates":[79.86309438398179,6.844688008742378]}},{"type":"Feature","properties":{"node_id":20,"degree":1,"jtype":"culdesac","gn_name":"Mount Lavinia","gn_pcode":"LK1131005","on_boundary":false,"marshall_cul":true,"exclusion_reason":null},"geometry":{"type":"Point","coordinates":[79.86311235028748,6.847898884245379]}},{"type":"Feature","properties":{"node_id":24,"degree":1,"jtype":"culdesac","gn_name":"Mount Lavinia","gn_pcode":"LK1131005","on_boundary":false,"marshall_cul":true,"exclusion_reason":null},"geometry":{"type":"Point","coordinates":[79.8632920133443,6.8402730196608665]}},{"type":"Feature","properties":{"node_id":25,"degree":1,"jtype":"culdesac","gn_name":"Mount Lavinia","gn_pcode":"LK1131005","on_boundary":false,"marshall_cul":true,"exclusion_reason":null},"geometry":{"type":"Point","coordinates":[79.86334591226135,6.835813393300189]}},{"type":"Feature","properties":{"node_id":26,"degree":1,"jtype":"culdesac","gn_name":"Mount Lavinia","gn_pcode":"LK1131005","on_boundary":false,"marshall_cul":true,"exclusion_reason":null},"geometry":{"type":"Point","coordinates":[79.86336387856703,6.839853816555584]}},{"type":"Feature","properties":{"node_id":27,"degree":1,"jtype":"culdesac","gn_name":"Mount Lavinia","gn_pcode":"LK1131005","on_boundary":false,"marshall_cul":true,"exclusion_reason":null},"geometry":{"type":"Point","coordinates":[79.86338184487272,6.840540595918678]}},{"type":"Feature","properties":{"node_id":28,"degree":1,"jtype":"culdesac","gn_name":"Mount Lavinia","gn_pcode":"LK1131005","on_boundary":false,"marshall_cul":true,"exclusion_reason":null},"geometry":{"type":"Point","coordinates":[79.86338184487272,6.841842798233315]}},{"type":"Feature","properties":{"node_id":30,"degree":1,"jtype":"culdesac","gn_name":"Mount Lavinia","gn_pcode":"LK1131005","on_boundary":false,"marshall_cul":true,"exclusion_reason":null},"geometry":{"type":"Point","coordinates":[79.86343574378976,6.838453497132754]}},{"type":"Feature","properties":{"node_id":31,"degree":1,"jtype":"culdesac","gn_name":"Mount Lavinia","gn_pcode":"LK1131005","on_boundary":false,"marshall_cul":true,"exclusion_reason":null},"geometry":{"type":"Point","coordinates":[79.86346269324828,6.839639755253543]}},{"type":"Feature","properties":{"node_id":36,"degree":1,"jtype":"culdesac","gn_name":"Mount Lavinia","gn_pcode":"LK1131005","on_boundary":true,"marshall_cul":false,"exclusion_reason":"boundary_artifact"},"geometry":{"type":"Point","coordinates":[79.86361540684658,6.829908783984277]}},{"type":"Feature","properties":{"node_id":37,"degree":1,"jtype":"culdesac","gn_name":"Mount Lavinia","gn_pcode":"LK1131005","on_boundary":true,"marshall_cul":false,"exclusion_reason":"boundary_artifact"},"geometry":{"type":"Point","coordinates":[79.86363337315227,6.830247721234532]}},{"type":"Feature","properties":{"node_id":42,"degree":1,"jtype":"culdesac","gn_name":"Mount Lavinia","gn_pcode":"LK1131005","on_boundary":false,"marshall_cul":true,"exclusion_reason":null},"geometry":{"type":"Point","coordinates":[79.8636423563051,6.830559900068353]}},{"type":"Feature","properties":{"node_id":44,"degree":1,"jtype":"culdesac","gn_name":"Mount Lavinia","gn_pcode":"LK1131005","on_boundary":true,"marshall_cul":false,"exclusion_reason":"boundary_artifact"},"geometry":{"type":"Point","coordinates":[79.86366032261078,6.8305063837113105]}},{"type":"Feature","properties":{"node_id":47,"degree":1,"jtype":"culdesac","gn_name":"Mount Lavinia","gn_pcode":"LK1131005","on_boundary":true,"marshall_cul":false,"exclusion_reason":"boundary_artifact"},"geometry":{"type":"Point","coordinates":[79.86368727206931,6.829498491202144]}},{"type":"Feature","properties":{"node_id":49,"degree":1,"jtype":"culdesac","gn_name":"Mount Lavinia","gn_pcode":"LK1131005","on_boundary":false,"marshall_cul":true,"exclusion_reason":null},"geometry":{"type":"Point","coordinates":[79.8637501541392,6.843983397061162]}},{"type":"Feature","properties":{"node_id":51,"degree":1,"jtype":"culdesac","gn_name":"Mount Lavinia","gn_pcode":"LK1131005","on_boundary":false,"marshall_cul":true,"exclusion_reason":null},"geometry":{"type":"Point","coordinates":[79.86375913729204,6.844688008742378]}},{"type":"Feature","properties":{"node_id":52,"degree":1,"jtype":"culdesac","gn_name":"Mount Lavinia","gn_pcode":"LK1131005","on_boundary":false,"marshall_cul":true,"exclusion_reason":null},"geometry":{"type":"Point","coordinates":[79.86376812044487,6.831621306579298]}},{"type":"Feature","properties":{"node_id":55,"degree":1,"jtype":"culdesac","gn_name":"Mount Lavinia","gn_pcode":"LK1131005","on_boundary":false,"marshall_cul":true,"exclusion_reason":null},"geometry":{"type":"Point","coordinates":[79.86381303620908,6.847426173374781]}},{"type":"Feature","properties":{"node_id":56,"degree":1,"jtype":"culdesac","gn_name":"Mount Lavinia","gn_pcode":"LK1131005","on_boundary":false,"marshall_cul":true,"exclusion_reason":null},"geometry":{"type":"Point","coordinates":[79.86391185089035,6.8353406704663096]}},{"type":"Feature","properties":{"node_id":60,"degree":1,"jtype":"culdesac","gn_name":"Mount Lavinia","gn_pcode":"LK1131005","on_boundary":false,"marshall_cul":true,"exclusion_reason":null},"geometry":{"type":"Point","coordinates":[79.86396574980739,6.832388372003242]}},{"type":"Feature","properties":{"node_id":61,"degree":1,"jtype":"culdesac","gn_name":"Mount Lavinia","gn_pcode":"LK1131005","on_boundary":false,"marshall_cul":true,"exclusion_reason":null},"geometry":{"type":"Point","coordinates":[79.86402863187728,6.8381145657000895]}},{"type":"Feature","properties":{"node_id":71,"degree":1,"jtype":"culdesac","gn_name":"Mount Lavinia","gn_pcode":"LK1131005","on_boundary":false,"marshall_cul":true,"exclusion_reason":null},"geometry":{"type":"Point","coordinates":[79.86419032862842,6.847497525989033]}},{"type":"Feature","properties":{"node_id":72,"degree":1,"jtype":"culdesac","gn_name":"Mount Lavinia","gn_pcode":"LK1131005","on_boundary":false,"marshall_cul":true,"exclusion_reason":null},"geometry":{"type":"Point","coordinates":[79.86422626123978,6.8486659235293885]}},{"type":"Feature","properties":{"node_id":77,"degree":1,"jtype":"culdesac","gn_name":"Mount Lavinia","gn_pcode":"LK1131005","on_boundary":false,"marshall_cul":true,"exclusion_reason":null},"geometry":{"type":"Point","coordinates":[79.86439694114377,6.830970191940091]}},{"type":"Feature","properties":{"node_id":87,"degree":1,"jtype":"culdesac","gn_name":"Mount Lavinia","gn_pcode":"LK1131005","on_boundary":true,"marshall_cul":false,"exclusion_reason":"boundary_artifact"},"geometry":{"type":"Point","coordinates":[79.86463050311764,6.830203124241639]}},{"type":"Feature","properties":{"node_id":89,"degree":1,"jtype":"culdesac","gn_name":"Mount Lavinia","gn_pcode":"LK1131005","on_boundary":false,"marshall_cul":true,"exclusion_reason":null},"geometry":{"type":"Point","coordinates":[79.86463948627048,6.84655210298426]}},{"type":"Feature","properties":{"node_id":92,"degree":1,"jtype":"culdesac","gn_name":"Mount Lavinia","gn_pcode":"LK1131005","on_boundary":true,"marshall_cul":false,"exclusion_reason":"boundary_artifact"},"geometry":{"type":"Point","coordinates":[79.86470236834036,6.830122849643956]}},{"type":"Feature","properties":{"node_id":94,"degree":1,"jtype":"culdesac","gn_name":"Mount Lavinia","gn_pcode":"LK1131005","on_boundary":false,"marshall_cul":true,"exclusion_reason":null},"geometry":{"type":"Point","coordinates":[79.86470236834036,6.848871061733535]}},{"type":"Feature","properties":{"node_id":96,"degree":1,"jtype":"culdesac","gn_name":"Mount Lavinia","gn_pcode":"LK1131005","on_boundary":false,"marshall_cul":true,"exclusion_reason":null},"geometry":{"type":"Point","coordinates":[79.86473830095173,6.833146516852739]}},{"type":"Feature","properties":{"node_id":102,"degree":1,"jtype":"culdesac","gn_name":"Mount Lavinia","gn_pcode":"LK1131005","on_boundary":true,"marshall_cul":false,"exclusion_reason":"boundary_artifact"},"geometry":{"type":"Point","coordinates":[79.86479219986877,6.830078252639423]}},{"type":"Feature","properties":{"node_id":104,"degree":1,"jtype":"culdesac","gn_name":"Mount Lavinia","gn_pcode":"LK1131005","on_boundary":false,"marshall_cul":true,"exclusion_reason":null},"geometry":{"type":"Point","coordinates":[79.86481016617446,6.84629344919436]}},{"type":"Feature","properties":{"node_id":105,"degree":1,"jtype":"culdesac","gn_name":"Mount Lavinia","gn_pcode":"LK1131005","on_boundary":false,"marshall_cul":true,"exclusion_reason":null},"geometry":{"type":"Point","coordinates":[79.8648191493273,6.842101454434753]}},{"type":"Feature","properties":{"node_id":107,"degree":1,"jtype":"culdesac","gn_name":"Mount Lavinia","gn_pcode":"LK1131005","on_boundary":false,"marshall_cul":true,"exclusion_reason":null},"geometry":{"type":"Point","coordinates":[79.86486406509151,6.848380513707313]}},{"type":"Feature","properties":{"node_id":109,"degree":1,"jtype":"culdesac","gn_name":"Mount Lavinia","gn_pcode":"LK1131005","on_boundary":false,"marshall_cul":true,"exclusion_reason":null},"geometry":{"type":"Point","coordinates":[79.86490898085572,6.841798202322354]}},{"type":"Feature","properties":{"node_id":113,"degree":1,"jtype":"culdesac","gn_name":"Mount Lavinia","gn_pcode":"LK1131005","on_boundary":true,"marshall_cul":false,"exclusion_reason":"boundary_artifact"},"geometry":{"type":"Point","coordinates":[79.86495389661992,6.830096091441735]}},{"type":"Feature","properties":{"node_id":115,"degree":1,"jtype":"culdesac","gn_name":"Mount Lavinia","gn_pcode":"LK1131005","on_boundary":false,"marshall_cul":true,"exclusion_reason":null},"geometry":{"type":"Point","coordinates":[79.86497186292561,6.835313912556071]}},{"type":"Feature","properties":{"node_id":117,"degree":1,"jtype":"culdesac","gn_name":"Mount Lavinia","gn_pcode":"LK1131005","on_boundary":true,"marshall_cul":false,"exclusion_reason":"boundary_artifact"},"geometry":{"type":"Point","coordinates":[79.86505271130117,6.830113930243383]}},{"type":"Feature","properties":{"node_id":119,"degree":1,"jtype":"culdesac","gn_name":"Mount Lavinia","gn_pcode":"LK1131005","on_boundary":false,"marshall_cul":true,"exclusion_reason":null},"geometry":{"type":"Point","coordinates":[79.86514254282959,6.841548465144014]}},{"type":"Feature","properties":{"node_id":122,"degree":1,"jtype":"culdesac","gn_name":"Mount Lavinia","gn_pcode":"LK1131005","on_boundary":false,"marshall_cul":true,"exclusion_reason":null},"geometry":{"type":"Point","coordinates":[79.86516050913526,6.839461370761901]}},{"type":"Feature","properties":{"node_id":124,"degree":1,"jtype":"culdesac","gn_name":"Mount Lavinia","gn_pcode":"LK1131005","on_boundary":false,"marshall_cul":true,"exclusion_reason":null},"geometry":{"type":"Point","coordinates":[79.86522339120516,6.84370690358567]}},{"type":"Feature","properties":{"node_id":127,"degree":1,"jtype":"culdesac","gn_name":"Mount Lavinia","gn_pcode":"LK1131005","on_boundary":true,"marshall_cul":false,"exclusion_reason":"boundary_artifact"},"geometry":{"type":"Point","coordinates":[79.86528627327505,6.830149607844681]}},{"type":"Feature","properties":{"node_id":128,"degree":1,"jtype":"culdesac","gn_name":"Mount Lavinia","gn_pcode":"LK1131005","on_boundary":false,"marshall_cul":true,"exclusion_reason":null},"geometry":{"type":"Point","coordinates":[79.86528627327505,6.847328063512761]}},{"type":"Feature","properties":{"node_id":131,"degree":1,"jtype":"culdesac","gn_name":"Mount Lavinia","gn_pcode":"LK1131005","on_boundary":false,"marshall_cul":true,"exclusion_reason":null},"geometry":{"type":"Point","coordinates":[79.86542102056767,6.84416177986359]}},{"type":"Feature","properties":{"node_id":132,"degree":1,"jtype":"culdesac","gn_name":"Mount Lavinia","gn_pcode":"LK1131005","on_boundary":false,"marshall_cul":true,"exclusion_reason":null},"geometry":{"type":"Point","coordinates":[79.8654300037205,6.8416911721190585]}},{"type":"Feature","properties":{"node_id":133,"degree":1,"jtype":"culdesac","gn_name":"Mount Lavinia","gn_pcode":"LK1131005","on_boundary":false,"marshall_cul":true,"exclusion_reason":null},"geometry":{"type":"Point","coordinates":[79.86549288579039,6.839630836030543]}},{"type":"Feature","properties":{"node_id":134,"degree":1,"jtype":"culdesac","gn_name":"Mount Lavinia","gn_pcode":"LK1131005","on_boundary":false,"marshall_cul":true,"exclusion_reason":null},"geometry":{"type":"Point","coordinates":[79.86550186894323,6.840549515124691]}},{"type":"Feature","properties":{"node_id":136,"degree":1,"jtype":"culdesac","gn_name":"Mount Lavinia","gn_pcode":"LK1131005","on_boundary":false,"marshall_cul":true,"exclusion_reason":null},"geometry":{"type":"Point","coordinates":[79.86551085209607,6.8439655587772545]}},{"type":"Feature","properties":{"node_id":139,"degree":1,"jtype":"culdesac","gn_name":"Mount Lavinia","gn_pcode":"LK1131005","on_boundary":false,"marshall_cul":true,"exclusion_reason":null},"geometry":{"type":"Point","coordinates":[79.86561864993017,6.830702610324527]}},{"type":"Feature","properties":{"node_id":142,"degree":1,"jtype":"culdesac","gn_name":"Mount Lavinia","gn_pcode":"LK1131005","on_boundary":false,"marshall_cul":true,"exclusion_reason":null},"geometry":{"type":"Point","coordinates":[79.86562763308301,6.845428295843971]}},{"type":"Feature","properties":{"node_id":143,"degree":1,"jtype":"culdesac","gn_name":"Mount Lavinia","gn_pcode":"LK1131005","on_boundary":false,"marshall_cul":true,"exclusion_reason":null},"geometry":{"type":"Point","coordinates":[79.8656455993887,6.8422084845460915]}},{"type":"Feature","properties":{"node_id":144,"degree":1,"jtype":"culdesac","gn_name":"Mount Lavinia","gn_pcode":"LK1131005","on_boundary":false,"marshall_cul":true,"exclusion_reason":null},"geometry":{"type":"Point","coordinates":[79.8656455993887,6.843590954661193]}},{"type":"Feature","properties":{"node_id":145,"degree":1,"jtype":"culdesac","gn_name":"Mount Lavinia","gn_pcode":"LK1131005","on_boundary":true,"marshall_cul":false,"exclusion_reason":"boundary_artifact"},"geometry":{"type":"Point","coordinates":[79.86565458254154,6.849415123499897]}},{"type":"Feature","properties":{"node_id":146,"degree":1,"jtype":"culdesac","gn_name":"Mount Lavinia","gn_pcode":"LK1131005","on_boundary":true,"marshall_cul":false,"exclusion_reason":"boundary_artifact"},"geometry":{"type":"Point","coordinates":[79.86567254884721,6.830194204842561]}},{"type":"Feature","properties":{"node_id":148,"degree":1,"jtype":"culdesac","gn_name":"Mount Lavinia","gn_pcode":"LK1131005","on_boundary":false,"marshall_cul":true,"exclusion_reason":null},"geometry":{"type":"Point","coordinates":[79.86569949830574,6.84195874758232]}},{"type":"Feature","properties":{"node_id":151,"degree":1,"jtype":"culdesac","gn_name":"Mount Lavinia","gn_pcode":"LK1131005","on_boundary":false,"marshall_cul":true,"exclusion_reason":null},"geometry":{"type":"Point","coordinates":[79.8657803466813,6.84481287652676]}},{"type":"Feature","properties":{"node_id":152,"degree":1,"jtype":"culdesac","gn_name":"Mount Lavinia","gn_pcode":"LK1131005","on_boundary":false,"marshall_cul":true,"exclusion_reason":null},"geometry":{"type":"Point","coordinates":[79.86591509397392,6.8330305653653856]}},{"type":"Feature","properties":{"node_id":154,"degree":1,"jtype":"culdesac","gn_name":"Mount Lavinia","gn_pcode":"LK1131005","on_boundary":true,"marshall_cul":false,"exclusion_reason":"boundary_artifact"},"geometry":{"type":"Point","coordinates":[79.86596000973813,6.849424042540079]}},{"type":"Feature","properties":{"node_id":158,"degree":1,"jtype":"culdesac","gn_name":"Mount Lavinia","gn_pcode":"LK1131005","on_boundary":true,"marshall_cul":false,"exclusion_reason":"boundary_artifact"},"geometry":{"type":"Point","coordinates":[79.86601390865518,6.8475153641409285]}},{"type":"Feature","properties":{"node_id":159,"degree":1,"jtype":"culdesac","gn_name":"Mount Lavinia","gn_pcode":"LK1131005","on_boundary":false,"marshall_cul":true,"exclusion_reason":null},"geometry":{"type":"Point","coordinates":[79.86602289180802,6.839220551592518]}},{"type":"Feature","properties":{"node_id":160,"degree":1,"jtype":"culdesac","gn_name":"Mount Lavinia","gn_pcode":"LK1131005","on_boundary":false,"marshall_cul":true,"exclusion_reason":null},"geometry":{"type":"Point","coordinates":[79.86603187496085,6.838185919705895]}},{"type":"Feature","properties":{"node_id":162,"degree":1,"jtype":"culdesac","gn_name":"Mount Lavinia","gn_pcode":"LK1131005","on_boundary":true,"marshall_cul":false,"exclusion_reason":"boundary_artifact"},"geometry":{"type":"Point","coordinates":[79.86605882441938,6.830283398825851]}},{"type":"Feature","properties":{"node_id":165,"degree":1,"jtype":"culdesac","gn_name":"Mount Lavinia","gn_pcode":"LK1131005","on_boundary":false,"marshall_cul":true,"exclusion_reason":null},"geometry":{"type":"Point","coordinates":[79.86611272333644,6.83116641836303]}},{"type":"Feature","properties":{"node_id":166,"degree":1,"jtype":"culdesac","gn_name":"Mount Lavinia","gn_pcode":"LK1131005","on_boundary":false,"marshall_cul":true,"exclusion_reason":null},"geometry":{"type":"Point","coordinates":[79.86611272333644,6.832156468632737]}},{"type":"Feature","properties":{"node_id":168,"degree":1,"jtype":"culdesac","gn_name":"Mount Lavinia","gn_pcode":"LK1131005","on_boundary":true,"marshall_cul":false,"exclusion_reason":"boundary_artifact"},"geometry":{"type":"Point","coordinates":[79.86615763910065,6.830327995811259]}},{"type":"Feature","properties":{"node_id":171,"degree":1,"jtype":"culdesac","gn_name":"Mount Lavinia","gn_pcode":"LK1131005","on_boundary":true,"marshall_cul":false,"exclusion_reason":"boundary_artifact"},"geometry":{"type":"Point","coordinates":[79.86620255486486,6.845579920771301]}},{"type":"Feature","properties":{"node_id":177,"degree":1,"jtype":"culdesac","gn_name":"Mount Lavinia","gn_pcode":"LK1131005","on_boundary":false,"marshall_cul":true,"exclusion_reason":null},"geometry":{"type":"Point","coordinates":[79.86636425161599,6.835608249486304]}},{"type":"Feature","properties":{"node_id":179,"degree":1,"jtype":"culdesac","gn_name":"Mount Lavinia","gn_pcode":"LK1131005","on_boundary":false,"marshall_cul":true,"exclusion_reason":null},"geometry":{"type":"Point","coordinates":[79.86637323476883,6.842217403720952]}},{"type":"Feature","properties":{"node_id":183,"degree":1,"jtype":"culdesac","gn_name":"Mount Lavinia","gn_pcode":"LK1131005","on_boundary":true,"marshall_cul":false,"exclusion_reason":"boundary_artifact"},"geometry":{"type":"Point","coordinates":[79.86649001575576,6.830515303104567]}},{"type":"Feature","properties":{"node_id":187,"degree":1,"jtype":"culdesac","gn_name":"Mount Lavinia","gn_pcode":"LK1131005","on_boundary":false,"marshall_cul":true,"exclusion_reason":null},"geometry":{"type":"Point","coordinates":[79.86663374620122,6.842235242070177]}},{"type":"Feature","properties":{"node_id":188,"degree":1,"jtype":"culdesac","gn_name":"Mount Lavinia","gn_pcode":"LK1131005","on_boundary":false,"marshall_cul":true,"exclusion_reason":null},"geometry":{"type":"Point","coordinates":[79.8666696788126,6.830925595014559]}},{"type":"Feature","properties":{"node_id":191,"degree":1,"jtype":"culdesac","gn_name":"Mount Lavinia","gn_pcode":"LK1131005","on_boundary":false,"marshall_cul":true,"exclusion_reason":null},"geometry":{"type":"Point","coordinates":[79.8667145945768,6.8355636529933745]}},{"type":"Feature","properties":{"node_id":196,"degree":1,"jtype":"culdesac","gn_name":"Mount Lavinia","gn_pcode":"LK1131005","on_boundary":true,"marshall_cul":false,"exclusion_reason":"boundary_artifact"},"geometry":{"type":"Point","coordinates":[79.86679544295237,6.8306401745926895]}},{"type":"Feature","properties":{"node_id":203,"degree":1,"jtype":"culdesac","gn_name":"Mount Lavinia","gn_pcode":"LK1131005","on_boundary":true,"marshall_cul":false,"exclusion_reason":"boundary_artifact"},"geometry":{"type":"Point","coordinates":[79.86696612285635,6.830702610324527]}},{"type":"Feature","properties":{"node_id":205,"degree":1,"jtype":"culdesac","gn_name":"Mount Lavinia","gn_pcode":"LK1131005","on_boundary":true,"marshall_cul":false,"exclusion_reason":"boundary_artifact"},"geometry":{"type":"Point","coordinates":[79.86702900492624,6.83072936849282]}},{"type":"Feature","properties":{"node_id":207,"degree":1,"jtype":"culdesac","gn_name":"Mount Lavinia","gn_pcode":"LK1131005","on_boundary":true,"marshall_cul":false,"exclusion_reason":"boundary_artifact"},"geometry":{"type":"Point","coordinates":[79.86709188699612,6.8413254854101355]}},{"type":"Feature","properties":{"node_id":212,"degree":1,"jtype":"culdesac","gn_name":"Mount Lavinia","gn_pcode":"LK1131005","on_boundary":true,"marshall_cul":false,"exclusion_reason":"boundary_artifact"},"geometry":{"type":"Point","coordinates":[79.86734341527568,6.835090929912502]}},{"type":"Feature","properties":{"node_id":213,"degree":1,"jtype":"culdesac","gn_name":"Mount Lavinia","gn_pcode":"LK1131005","on_boundary":true,"marshall_cul":false,"exclusion_reason":"boundary_artifact"},"geometry":{"type":"Point","coordinates":[79.86737934788705,6.832566759134794]}},{"type":"Feature","properties":{"node_id":215,"degree":1,"jtype":"culdesac","gn_name":"Mount Lavinia","gn_pcode":"LK1131005","on_boundary":true,"marshall_cul":false,"exclusion_reason":"boundary_artifact"},"geometry":{"type":"Point","coordinates":[79.86745121310977,6.837338590198923]}},{"type":"Feature","properties":{"node_id":218,"degree":1,"jtype":"culdesac","gn_name":"Mount Lavinia","gn_pcode":"LK1131005","on_boundary":true,"marshall_cul":false,"exclusion_reason":"boundary_artifact"},"geometry":{"type":"Point","coordinates":[79.86751409517966,6.838970813066413]}},{"type":"Feature","properties":{"node_id":219,"degree":1,"jtype":"culdesac","gn_name":"Mount Lavinia","gn_pcode":"LK1131005","on_boundary":true,"marshall_cul":false,"exclusion_reason":"boundary_artifact"},"geometry":{"type":"Point","coordinates":[79.86765782562512,6.830836401151021]}},{"type":"Feature","properties":{"node_id":1,"degree":1,"jtype":"culdesac","gn_name":"Kawdana West","gn_pcode":"LK1131010","on_boundary":true,"marshall_cul":false,"exclusion_reason":"boundary_artifact"},"geometry":{"type":"Point","coordinates":[79.86606780757222,6.8475153641409285]}},{"type":"Feature","properties":{"node_id":4,"degree":1,"jtype":"culdesac","gn_name":"Kawdana West","gn_pcode":"LK1131010","on_boundary":true,"marshall_cul":false,"exclusion_reason":"boundary_artifact"},"geometry":{"type":"Point","coordinates":[79.86617560540633,6.847524283216627]}},{"type":"Feature","properties":{"node_id":5,"degree":1,"jtype":"culdesac","gn_name":"Kawdana West","gn_pcode":"LK1131010","on_boundary":true,"marshall_cul":false,"exclusion_reason":"boundary_artifact"},"geometry":{"type":"Point","coordinates":[79.86620255486486,6.845579920771301]}},{"type":"Feature","properties":{"node_id":11,"degree":1,"jtype":"culdesac","gn_name":"Kawdana West","gn_pcode":"LK1131010","on_boundary":false,"marshall_cul":true,"exclusion_reason":null},"geometry":{"type":"Point","coordinates":[79.8664540831444,6.847015895635762]}},{"type":"Feature","properties":{"node_id":13,"degree":1,"jtype":"culdesac","gn_name":"Kawdana West","gn_pcode":"LK1131010","on_boundary":false,"marshall_cul":true,"exclusion_reason":null},"geometry":{"type":"Point","coordinates":[79.8665439146728,6.847212115468002]}},{"type":"Feature","properties":{"node_id":16,"degree":1,"jtype":"culdesac","gn_name":"Kawdana West","gn_pcode":"LK1131010","on_boundary":false,"marshall_cul":true,"exclusion_reason":null},"geometry":{"type":"Point","coordinates":[79.86658883043701,6.846998057465194]}},{"type":"Feature","properties":{"node_id":19,"degree":1,"jtype":"culdesac","gn_name":"Kawdana West","gn_pcode":"LK1131010","on_boundary":false,"marshall_cul":true,"exclusion_reason":null},"geometry":{"type":"Point","coordinates":[79.8667145945768,6.8469891383796595]}},{"type":"Feature","properties":{"node_id":21,"degree":1,"jtype":"culdesac","gn_name":"Kawdana West","gn_pcode":"LK1131010","on_boundary":false,"marshall_cul":true,"exclusion_reason":null},"geometry":{"type":"Point","coordinates":[79.86674154403532,6.844179618140167]}},{"type":"Feature","properties":{"node_id":22,"degree":1,"jtype":"culdesac","gn_name":"Kawdana West","gn_pcode":"LK1131010","on_boundary":false,"marshall_cul":true,"exclusion_reason":null},"geometry":{"type":"Point","coordinates":[79.86676849349385,6.845285589986011]}},{"type":"Feature","properties":{"node_id":23,"degree":1,"jtype":"culdesac","gn_name":"Kawdana West","gn_pcode":"LK1131010","on_boundary":false,"marshall_cul":true,"exclusion_reason":null},"geometry":{"type":"Point","coordinates":[79.86677747664669,6.846284530095655]}},{"type":"Feature","properties":{"node_id":25,"degree":1,"jtype":"culdesac","gn_name":"Kawdana West","gn_pcode":"LK1131010","on_boundary":false,"marshall_cul":true,"exclusion_reason":null},"geometry":{"type":"Point","coordinates":[79.86684934186941,6.846775080276823]}},{"type":"Feature","properties":{"node_id":27,"degree":1,"jtype":"culdesac","gn_name":"Kawdana West","gn_pcode":"LK1131010","on_boundary":true,"marshall_cul":false,"exclusion_reason":"boundary_artifact"},"geometry":{"type":"Point","coordinates":[79.86685832502225,6.847684826550677]}},{"type":"Feature","properties":{"node_id":28,"degree":1,"jtype":"culdesac","gn_name":"Kawdana West","gn_pcode":"LK1131010","on_boundary":true,"marshall_cul":false,"exclusion_reason":"boundary_artifact"},"geometry":{"type":"Point","coordinates":[79.86692120709215,6.8419855051204]}},{"type":"Feature","properties":{"node_id":30,"degree":1,"jtype":"culdesac","gn_name":"Kawdana West","gn_pcode":"LK1131010","on_boundary":false,"marshall_cul":true,"exclusion_reason":null},"geometry":{"type":"Point","coordinates":[79.8670649375376,6.844197456416077]}},{"type":"Feature","properties":{"node_id":31,"degree":1,"jtype":"culdesac","gn_name":"Kawdana West","gn_pcode":"LK1131010","on_boundary":false,"marshall_cul":true,"exclusion_reason":null},"geometry":{"type":"Point","coordinates":[79.86707392069044,6.846525345702151]}},{"type":"Feature","properties":{"node_id":34,"degree":1,"jtype":"culdesac","gn_name":"Kawdana West","gn_pcode":"LK1131010","on_boundary":false,"marshall_cul":true,"exclusion_reason":null},"geometry":{"type":"Point","coordinates":[79.8672805332058,6.846409397462342]}},{"type":"Feature","properties":{"node_id":36,"degree":1,"jtype":"culdesac","gn_name":"Kawdana West","gn_pcode":"LK1131010","on_boundary":false,"marshall_cul":true,"exclusion_reason":null},"geometry":{"type":"Point","coordinates":[79.86735239842852,6.846694808463503]}},{"type":"Feature","properties":{"node_id":37,"degree":1,"jtype":"culdesac","gn_name":"Kawdana West","gn_pcode":"LK1131010","on_boundary":false,"marshall_cul":true,"exclusion_reason":null},"geometry":{"type":"Point","coordinates":[79.86736138158136,6.843849609915598]}},{"type":"Feature","properties":{"node_id":38,"degree":1,"jtype":"culdesac","gn_name":"Kawdana West","gn_pcode":"LK1131010","on_boundary":true,"marshall_cul":false,"exclusion_reason":"boundary_artifact"},"geometry":{"type":"Point","coordinates":[79.8673703647342,6.842092535257726]}},{"type":"Feature","properties":{"node_id":39,"degree":1,"jtype":"culdesac","gn_name":"Kawdana West","gn_pcode":"LK1131010","on_boundary":true,"marshall_cul":false,"exclusion_reason":"boundary_artifact"},"geometry":{"type":"Point","coordinates":[79.86737934788705,6.847640231185526]}},{"type":"Feature","properties":{"node_id":40,"degree":1,"jtype":"culdesac","gn_name":"Kawdana West","gn_pcode":"LK1131010","on_boundary":true,"marshall_cul":false,"exclusion_reason":"boundary_artifact"},"geometry":{"type":"Point","coordinates":[79.86739731419273,6.842101454434753]}},{"type":"Feature","properties":{"node_id":42,"degree":1,"jtype":"culdesac","gn_name":"Kawdana West","gn_pcode":"LK1131010","on_boundary":false,"marshall_cul":true,"exclusion_reason":null},"geometry":{"type":"Point","coordinates":[79.86746019626261,6.847140762811069]}},{"type":"Feature","properties":{"node_id":43,"degree":1,"jtype":"culdesac","gn_name":"Kawdana West","gn_pcode":"LK1131010","on_boundary":false,"marshall_cul":true,"exclusion_reason":null},"geometry":{"type":"Point","coordinates":[79.86746917941545,6.844946663402349]}},{"type":"Feature","properties":{"node_id":44,"degree":1,"jtype":"culdesac","gn_name":"Kawdana West","gn_pcode":"LK1131010","on_boundary":false,"marshall_cul":true,"exclusion_reason":null},"geometry":{"type":"Point","coordinates":[79.86751409517966,6.846355882880618]}},{"type":"Feature","properties":{"node_id":45,"degree":1,"jtype":"culdesac","gn_name":"Kawdana West","gn_pcode":"LK1131010","on_boundary":false,"marshall_cul":true,"exclusion_reason":null},"geometry":{"type":"Point","coordinates":[79.86755002779103,6.846891028427779]}},{"type":"Feature","properties":{"node_id":46,"degree":1,"jtype":"culdesac","gn_name":"Kawdana West","gn_pcode":"LK1131010","on_boundary":true,"marshall_cul":false,"exclusion_reason":"boundary_artifact"},"geometry":{"type":"Point","coordinates":[79.8675679940967,6.8476313121119965]}},{"type":"Feature","properties":{"node_id":49,"degree":1,"jtype":"culdesac","gn_name":"Kawdana West","gn_pcode":"LK1131010","on_boundary":false,"marshall_cul":true,"exclusion_reason":null},"geometry":{"type":"Point","coordinates":[79.8677656234592,6.843751499318356]}},{"type":"Feature","properties":{"node_id":50,"degree":1,"jtype":"culdesac","gn_name":"Kawdana West","gn_pcode":"LK1131010","on_boundary":true,"marshall_cul":false,"exclusion_reason":"boundary_artifact"},"geometry":{"type":"Point","coordinates":[79.86779257291775,6.847658069332086]}},{"type":"Feature","properties":{"node_id":52,"degree":1,"jtype":"culdesac","gn_name":"Kawdana West","gn_pcode":"LK1131010","on_boundary":false,"marshall_cul":true,"exclusion_reason":null},"geometry":{"type":"Point","coordinates":[79.8678464718348,6.842574170578814]}},{"type":"Feature","properties":{"node_id":55,"degree":1,"jtype":"culdesac","gn_name":"Kawdana West","gn_pcode":"LK1131010","on_boundary":true,"marshall_cul":false,"exclusion_reason":"boundary_artifact"},"geometry":{"type":"Point","coordinates":[79.86790037075184,6.8476759074779805]}},{"type":"Feature","properties":{"node_id":56,"degree":1,"jtype":"culdesac","gn_name":"Kawdana West","gn_pcode":"LK1131010","on_boundary":false,"marshall_cul":true,"exclusion_reason":null},"geometry":{"type":"Point","coordinates":[79.86797223597456,6.844714766127495]}},{"type":"Feature","properties":{"node_id":57,"degree":1,"jtype":"culdesac","gn_name":"Kawdana West","gn_pcode":"LK1131010","on_boundary":true,"marshall_cul":false,"exclusion_reason":"boundary_artifact"},"geometry":{"type":"Point","coordinates":[79.86815189903139,6.847720502839797]}},{"type":"Feature","properties":{"node_id":58,"degree":1,"jtype":"culdesac","gn_name":"Kawdana West","gn_pcode":"LK1131010","on_boundary":false,"marshall_cul":true,"exclusion_reason":null},"geometry":{"type":"Point","coordinates":[79.86816986533707,6.843956639635048]}},{"type":"Feature","properties":{"node_id":59,"degree":1,"jtype":"culdesac","gn_name":"Kawdana West","gn_pcode":"LK1131010","on_boundary":false,"marshall_cul":true,"exclusion_reason":null},"geometry":{"type":"Point","coordinates":[79.8681788484899,6.846284530095655]}},{"type":"Feature","properties":{"node_id":62,"degree":1,"jtype":"culdesac","gn_name":"Kawdana West","gn_pcode":"LK1131010","on_boundary":false,"marshall_cul":true,"exclusion_reason":null},"geometry":{"type":"Point","coordinates":[79.86872682081322,6.842725796412685]}},{"type":"Feature","properties":{"node_id":63,"degree":1,"jtype":"culdesac","gn_name":"Kawdana West","gn_pcode":"LK1131010","on_boundary":true,"marshall_cul":false,"exclusion_reason":"boundary_artifact"},"geometry":{"type":"Point","coordinates":[79.86876275342459,6.842377948839977]}},{"type":"Feature","properties":{"node_id":65,"degree":1,"jtype":"culdesac","gn_name":"Kawdana West","gn_pcode":"LK1131010","on_boundary":false,"marshall_cul":true,"exclusion_reason":null},"geometry":{"type":"Point","coordinates":[79.86885258495299,6.8428328263840745]}},{"type":"Feature","properties":{"node_id":67,"degree":1,"jtype":"culdesac","gn_name":"Kawdana West","gn_pcode":"LK1131010","on_boundary":true,"marshall_cul":false,"exclusion_reason":"boundary_artifact"},"geometry":{"type":"Point","coordinates":[79.86886156810584,6.8478364507610126]}},{"type":"Feature","properties":{"node_id":68,"degree":1,"jtype":"culdesac","gn_name":"Kawdana West","gn_pcode":"LK1131010","on_boundary":false,"marshall_cul":true,"exclusion_reason":null},"geometry":{"type":"Point","coordinates":[79.86888851756436,6.8473815779854545]}},{"type":"Feature","properties":{"node_id":69,"degree":1,"jtype":"culdesac","gn_name":"Kawdana West","gn_pcode":"LK1131010","on_boundary":true,"marshall_cul":false,"exclusion_reason":"boundary_artifact"},"geometry":{"type":"Point","coordinates":[79.86890648387003,6.842404706354567]}},{"type":"Feature","properties":{"node_id":70,"degree":1,"jtype":"culdesac","gn_name":"Kawdana West","gn_pcode":"LK1131010","on_boundary":true,"marshall_cul":false,"exclusion_reason":"boundary_artifact"},"geometry":{"type":"Point","coordinates":[79.86899631539846,6.8478364507610126]}},{"type":"Feature","properties":{"node_id":73,"degree":1,"jtype":"culdesac","gn_name":"Kawdana West","gn_pcode":"LK1131010","on_boundary":true,"marshall_cul":false,"exclusion_reason":"boundary_artifact"},"geometry":{"type":"Point","coordinates":[79.86925682683085,6.8478364507610126]}},{"type":"Feature","properties":{"node_id":74,"degree":1,"jtype":"culdesac","gn_name":"Kawdana West","gn_pcode":"LK1131010","on_boundary":true,"marshall_cul":false,"exclusion_reason":"boundary_artifact"},"geometry":{"type":"Point","coordinates":[79.8695712371803,6.8424314638676575]}},{"type":"Feature","properties":{"node_id":80,"degree":1,"jtype":"culdesac","gn_name":"Kawdana West","gn_pcode":"LK1131010","on_boundary":false,"marshall_cul":true,"exclusion_reason":null},"geometry":{"type":"Point","coordinates":[79.8699664959053,6.8440993458903225]}},{"type":"Feature","properties":{"node_id":81,"degree":1,"jtype":"culdesac","gn_name":"Kawdana West","gn_pcode":"LK1131010","on_boundary":true,"marshall_cul":false,"exclusion_reason":"boundary_artifact"},"geometry":{"type":"Point","coordinates":[79.87002937797519,6.842511736397931]}},{"type":"Feature","properties":{"node_id":83,"degree":1,"jtype":"culdesac","gn_name":"Kawdana West","gn_pcode":"LK1131010","on_boundary":true,"marshall_cul":false,"exclusion_reason":"boundary_artifact"},"geometry":{"type":"Point","coordinates":[79.87010124319794,6.842547413073722]}},{"type":"Feature","properties":{"node_id":86,"degree":1,"jtype":"culdesac","gn_name":"Kawdana West","gn_pcode":"LK1131010","on_boundary":true,"marshall_cul":false,"exclusion_reason":"boundary_artifact"},"geometry":{"type":"Point","coordinates":[79.87027192310191,6.842654443085097]}},{"type":"Feature","properties":{"node_id":87,"degree":1,"jtype":"culdesac","gn_name":"Kawdana West","gn_pcode":"LK1131010","on_boundary":false,"marshall_cul":true,"exclusion_reason":null},"geometry":{"type":"Point","coordinates":[79.87031683886612,6.843136077839382]}},{"type":"Feature","properties":{"node_id":88,"degree":1,"jtype":"culdesac","gn_name":"Kawdana West","gn_pcode":"LK1131010","on_boundary":false,"marshall_cul":true,"exclusion_reason":null},"geometry":{"type":"Point","coordinates":[79.8704246367002,6.843796095046875]}},{"type":"Feature","properties":{"node_id":90,"degree":1,"jtype":"culdesac","gn_name":"Kawdana West","gn_pcode":"LK1131010","on_boundary":true,"marshall_cul":false,"exclusion_reason":"boundary_artifact"},"geometry":{"type":"Point","coordinates":[79.87050548507578,6.842868503035872]}},{"type":"Feature","properties":{"node_id":91,"degree":1,"jtype":"culdesac","gn_name":"Kawdana West","gn_pcode":"LK1131010","on_boundary":false,"marshall_cul":true,"exclusion_reason":null},"geometry":{"type":"Point","coordinates":[79.8705324345343,6.84629344919436]}},{"type":"Feature","properties":{"node_id":92,"degree":1,"jtype":"culdesac","gn_name":"Kawdana West","gn_pcode":"LK1131010","on_boundary":false,"marshall_cul":true,"exclusion_reason":null},"geometry":{"type":"Point","coordinates":[79.87054141768714,6.844634493967643]}},{"type":"Feature","properties":{"node_id":93,"degree":1,"jtype":"culdesac","gn_name":"Kawdana West","gn_pcode":"LK1131010","on_boundary":false,"marshall_cul":true,"exclusion_reason":null},"geometry":{"type":"Point","coordinates":[79.87059531660418,6.84448286873998]}},{"type":"Feature","properties":{"node_id":95,"degree":1,"jtype":"culdesac","gn_name":"Kawdana West","gn_pcode":"LK1131010","on_boundary":false,"marshall_cul":true,"exclusion_reason":null},"geometry":{"type":"Point","coordinates":[79.87074803020249,6.843528520613272]}},{"type":"Feature","properties":{"node_id":97,"degree":1,"jtype":"culdesac","gn_name":"Kawdana West","gn_pcode":"LK1131010","on_boundary":true,"marshall_cul":false,"exclusion_reason":"boundary_artifact"},"geometry":{"type":"Point","coordinates":[79.87084684488374,6.846516426607781]}},{"type":"Feature","properties":{"node_id":99,"degree":1,"jtype":"culdesac","gn_name":"Kawdana West","gn_pcode":"LK1131010","on_boundary":true,"marshall_cul":false,"exclusion_reason":"boundary_artifact"},"geometry":{"type":"Point","coordinates":[79.87092769325932,6.846436154750952]}},{"type":"Feature","properties":{"node_id":100,"degree":1,"jtype":"culdesac","gn_name":"Kawdana West","gn_pcode":"LK1131010","on_boundary":true,"marshall_cul":false,"exclusion_reason":"boundary_artifact"},"geometry":{"type":"Point","coordinates":[79.87102650794057,6.843207431094993]}},{"type":"Feature","properties":{"node_id":101,"degree":1,"jtype":"culdesac","gn_name":"Kawdana West","gn_pcode":"LK1131010","on_boundary":false,"marshall_cul":true,"exclusion_reason":null},"geometry":{"type":"Point","coordinates":[79.87110735631613,6.843885286491415]}},{"type":"Feature","properties":{"node_id":102,"degree":1,"jtype":"culdesac","gn_name":"Kawdana West","gn_pcode":"LK1131010","on_boundary":true,"marshall_cul":false,"exclusion_reason":"boundary_artifact"},"geometry":{"type":"Point","coordinates":[79.8712061709974,6.843323380112615]}},{"type":"Feature","properties":{"node_id":104,"degree":1,"jtype":"culdesac","gn_name":"Kawdana West","gn_pcode":"LK1131010","on_boundary":false,"marshall_cul":true,"exclusion_reason":null},"geometry":{"type":"Point","coordinates":[79.87123312045593,6.84448286873998]}},{"type":"Feature","properties":{"node_id":105,"degree":1,"jtype":"culdesac","gn_name":"Kawdana West","gn_pcode":"LK1131010","on_boundary":false,"marshall_cul":true,"exclusion_reason":null},"geometry":{"type":"Point","coordinates":[79.87132295198433,6.845276670868471]}},{"type":"Feature","properties":{"node_id":106,"degree":1,"jtype":"culdesac","gn_name":"Kawdana West","gn_pcode":"LK1131010","on_boundary":true,"marshall_cul":false,"exclusion_reason":"boundary_artifact"},"geometry":{"type":"Point","coordinates":[79.87139481720706,6.845972361536]}},{"type":"Feature","properties":{"node_id":108,"degree":1,"jtype":"culdesac","gn_name":"Kawdana West","gn_pcode":"LK1131010","on_boundary":false,"marshall_cul":true,"exclusion_reason":null},"geometry":{"type":"Point","coordinates":[79.87149363188831,6.8440993458903225]}},{"type":"Feature","properties":{"node_id":109,"degree":1,"jtype":"culdesac","gn_name":"Kawdana West","gn_pcode":"LK1131010","on_boundary":true,"marshall_cul":false,"exclusion_reason":"boundary_artifact"},"geometry":{"type":"Point","coordinates":[79.87167329494513,6.842770392237013]}},{"type":"Feature","properties":{"node_id":111,"degree":1,"jtype":"culdesac","gn_name":"Kawdana West","gn_pcode":"LK1131010","on_boundary":true,"marshall_cul":false,"exclusion_reason":"boundary_artifact"},"geometry":{"type":"Point","coordinates":[79.8718170253906,6.845624516328996]}},{"type":"Feature","properties":{"node_id":112,"degree":1,"jtype":"culdesac","gn_name":"Kawdana West","gn_pcode":"LK1131010","on_boundary":false,"marshall_cul":true,"exclusion_reason":null},"geometry":{"type":"Point","coordinates":[79.8718619411548,6.8442777286494225]}},{"type":"Feature","properties":{"node_id":113,"degree":1,"jtype":"culdesac","gn_name":"Kawdana West","gn_pcode":"LK1131010","on_boundary":true,"marshall_cul":false,"exclusion_reason":"boundary_artifact"},"geometry":{"type":"Point","coordinates":[79.87187990746048,6.842556332242253]}},{"type":"Feature","properties":{"node_id":115,"degree":1,"jtype":"culdesac","gn_name":"Kawdana West","gn_pcode":"LK1131010","on_boundary":false,"marshall_cul":true,"exclusion_reason":null},"geometry":{"type":"Point","coordinates":[79.87209550312868,6.845044773753949]}},{"type":"Feature","properties":{"node_id":116,"degree":1,"jtype":"culdesac","gn_name":"Kawdana West","gn_pcode":"LK1131010","on_boundary":true,"marshall_cul":false,"exclusion_reason":"boundary_artifact"},"geometry":{"type":"Point","coordinates":[79.87219431780993,6.842190646195867]}},{"type":"Feature","properties":{"node_id":118,"degree":1,"jtype":"culdesac","gn_name":"Kawdana West","gn_pcode":"LK1131010","on_boundary":true,"marshall_cul":false,"exclusion_reason":"boundary_artifact"},"geometry":{"type":"Point","coordinates":[79.87226618303265,6.845312347337628]}},{"type":"Feature","properties":{"node_id":120,"degree":1,"jtype":"culdesac","gn_name":"Kawdana West","gn_pcode":"LK1131010","on_boundary":true,"marshall_cul":false,"exclusion_reason":"boundary_artifact"},"geometry":{"type":"Point","coordinates":[79.87235601456108,6.842003343478287]}},{"type":"Feature","properties":{"node_id":121,"degree":1,"jtype":"culdesac","gn_name":"Kawdana West","gn_pcode":"LK1131010","on_boundary":true,"marshall_cul":false,"exclusion_reason":"boundary_artifact"},"geometry":{"type":"Point","coordinates":[79.87245482924233,6.845205317922157]}},{"type":"Feature","properties":{"node_id":122,"degree":1,"jtype":"culdesac","gn_name":"Kawdana West","gn_pcode":"LK1131010","on_boundary":false,"marshall_cul":true,"exclusion_reason":null},"geometry":{"type":"Point","coordinates":[79.87250872815937,6.843385814187364]}},{"type":"Feature","properties":{"node_id":125,"degree":1,"jtype":"culdesac","gn_name":"Kawdana West","gn_pcode":"LK1131010","on_boundary":true,"marshall_cul":false,"exclusion_reason":"boundary_artifact"},"geometry":{"type":"Point","coordinates":[79.87255364392358,6.845169641444999]}},{"type":"Feature","properties":{"node_id":127,"degree":1,"jtype":"culdesac","gn_name":"Kawdana West","gn_pcode":"LK1131010","on_boundary":false,"marshall_cul":true,"exclusion_reason":null},"geometry":{"type":"Point","coordinates":[79.87266144175767,6.844572060056203]}},{"type":"Feature","properties":{"node_id":128,"degree":1,"jtype":"culdesac","gn_name":"Kawdana West","gn_pcode":"LK1131010","on_boundary":true,"marshall_cul":false,"exclusion_reason":"boundary_artifact"},"geometry":{"type":"Point","coordinates":[79.87285907112017,6.841450354073935]}},{"type":"Feature","properties":{"node_id":131,"degree":1,"jtype":"culdesac","gn_name":"Kawdana West","gn_pcode":"LK1131010","on_boundary":false,"marshall_cul":true,"exclusion_reason":null},"geometry":{"type":"Point","coordinates":[79.87302975102416,6.842395787183205]}},{"type":"Feature","properties":{"node_id":133,"degree":1,"jtype":"culdesac","gn_name":"Kawdana West","gn_pcode":"LK1131010","on_boundary":false,"marshall_cul":true,"exclusion_reason":null},"geometry":{"type":"Point","coordinates":[79.87318246462246,6.843626631256339]}},{"type":"Feature","properties":{"node_id":137,"degree":1,"jtype":"culdesac","gn_name":"Kawdana West","gn_pcode":"LK1131010","on_boundary":false,"marshall_cul":true,"exclusion_reason":null},"geometry":{"type":"Point","coordinates":[79.87332619506792,6.84383177162669]}},{"type":"Feature","properties":{"node_id":140,"degree":1,"jtype":"culdesac","gn_name":"Kawdana West","gn_pcode":"LK1131010","on_boundary":false,"marshall_cul":true,"exclusion_reason":null},"geometry":{"type":"Point","coordinates":[79.87357772334747,6.841486030829023]}},{"type":"Feature","properties":{"node_id":146,"degree":1,"jtype":"culdesac","gn_name":"Kawdana West","gn_pcode":"LK1131010","on_boundary":true,"marshall_cul":false,"exclusion_reason":"boundary_artifact"},"geometry":{"type":"Point","coordinates":[79.87381128532134,6.844786119147143]}},{"type":"Feature","properties":{"node_id":147,"degree":1,"jtype":"culdesac","gn_name":"Kawdana West","gn_pcode":"LK1131010","on_boundary":false,"marshall_cul":true,"exclusion_reason":null},"geometry":{"type":"Point","coordinates":[79.87389213369691,6.841227374294245]}},{"type":"Feature","properties":{"node_id":150,"degree":1,"jtype":"culdesac","gn_name":"Kawdana West","gn_pcode":"LK1131010","on_boundary":false,"marshall_cul":true,"exclusion_reason":null},"geometry":{"type":"Point","coordinates":[79.8740628136009,6.841263051065993]}},{"type":"Feature","properties":{"node_id":152,"degree":1,"jtype":"culdesac","gn_name":"Kawdana West","gn_pcode":"LK1131010","on_boundary":false,"marshall_cul":true,"exclusion_reason":null},"geometry":{"type":"Point","coordinates":[79.87416162828215,6.84047816147193]}},{"type":"Feature","properties":{"node_id":153,"degree":1,"jtype":"culdesac","gn_name":"Kawdana West","gn_pcode":"LK1131010","on_boundary":false,"marshall_cul":true,"exclusion_reason":null},"geometry":{"type":"Point","coordinates":[79.87417959458783,6.842110373611615]}},{"type":"Feature","properties":{"node_id":154,"degree":1,"jtype":"culdesac","gn_name":"Kawdana West","gn_pcode":"LK1131010","on_boundary":true,"marshall_cul":false,"exclusion_reason":"boundary_artifact"},"geometry":{"type":"Point","coordinates":[79.87430535872761,6.839827058898075]}},{"type":"Feature","properties":{"node_id":155,"degree":1,"jtype":"culdesac","gn_name":"Kawdana West","gn_pcode":"LK1131010","on_boundary":false,"marshall_cul":true,"exclusion_reason":null},"geometry":{"type":"Point","coordinates":[79.87431434188045,6.840522757506155]}},{"type":"Feature","properties":{"node_id":158,"degree":1,"jtype":"culdesac","gn_name":"Kawdana West","gn_pcode":"LK1131010","on_boundary":false,"marshall_cul":true,"exclusion_reason":null},"geometry":{"type":"Point","coordinates":[79.87440417340886,6.8411649399372765]}},{"type":"Feature","properties":{"node_id":159,"degree":1,"jtype":"culdesac","gn_name":"Kawdana West","gn_pcode":"LK1131010","on_boundary":true,"marshall_cul":false,"exclusion_reason":"boundary_artifact"},"geometry":{"type":"Point","coordinates":[79.87444908917305,6.839925170301613]}},{"type":"Feature","properties":{"node_id":160,"degree":1,"jtype":"culdesac","gn_name":"Kawdana West","gn_pcode":"LK1131010","on_boundary":false,"marshall_cul":true,"exclusion_reason":null},"geometry":{"type":"Point","coordinates":[79.87452993754863,6.842386868011674]}},{"type":"Feature","properties":{"node_id":162,"degree":1,"jtype":"culdesac","gn_name":"Kawdana West","gn_pcode":"LK1131010","on_boundary":true,"marshall_cul":false,"exclusion_reason":"boundary_artifact"},"geometry":{"type":"Point","coordinates":[79.87463773538273,6.840058958546689]}},{"type":"Feature","properties":{"node_id":163,"degree":1,"jtype":"culdesac","gn_name":"Kawdana West","gn_pcode":"LK1131010","on_boundary":false,"marshall_cul":true,"exclusion_reason":null},"geometry":{"type":"Point","coordinates":[79.8746736679941,6.8441171841692325]}},{"type":"Feature","properties":{"node_id":165,"degree":1,"jtype":"culdesac","gn_name":"Kawdana West","gn_pcode":"LK1131010","on_boundary":false,"marshall_cul":true,"exclusion_reason":null},"geometry":{"type":"Point","coordinates":[79.87470061745262,6.841949828402626]}},{"type":"Feature","properties":{"node_id":167,"degree":1,"jtype":"culdesac","gn_name":"Kawdana West","gn_pcode":"LK1131010","on_boundary":false,"marshall_cul":true,"exclusion_reason":null},"geometry":{"type":"Point","coordinates":[79.87485333105091,6.84434016259936]}},{"type":"Feature","properties":{"node_id":169,"degree":1,"jtype":"culdesac","gn_name":"Kawdana West","gn_pcode":"LK1131010","on_boundary":true,"marshall_cul":false,"exclusion_reason":"boundary_artifact"},"geometry":{"type":"Point","coordinates":[79.87489824681512,6.844473949607441]}},{"type":"Feature","properties":{"node_id":170,"degree":1,"jtype":"culdesac","gn_name":"Kawdana West","gn_pcode":"LK1131010","on_boundary":false,"marshall_cul":true,"exclusion_reason":null},"geometry":{"type":"Point","coordinates":[79.87498807834353,6.8415752227050834]}},{"type":"Feature","properties":{"node_id":172,"degree":1,"jtype":"culdesac","gn_name":"Kawdana West","gn_pcode":"LK1131010","on_boundary":true,"marshall_cul":false,"exclusion_reason":"boundary_artifact"},"geometry":{"type":"Point","coordinates":[79.8750240109549,6.844438273075619]}},{"type":"Feature","properties":{"node_id":173,"degree":1,"jtype":"culdesac","gn_name":"Kawdana West","gn_pcode":"LK1131010","on_boundary":true,"marshall_cul":false,"exclusion_reason":"boundary_artifact"},"geometry":{"type":"Point","coordinates":[79.87509587617762,6.84038896939099]}},{"type":"Feature","properties":{"node_id":174,"degree":1,"jtype":"culdesac","gn_name":"Kawdana West","gn_pcode":"LK1131010","on_boundary":false,"marshall_cul":true,"exclusion_reason":null},"geometry":{"type":"Point","coordinates":[79.87510485933046,6.843269865184904]}},{"type":"Feature","properties":{"node_id":175,"degree":1,"jtype":"culdesac","gn_name":"Kawdana West","gn_pcode":"LK1131010","on_boundary":false,"marshall_cul":true,"exclusion_reason":null},"geometry":{"type":"Point","coordinates":[79.8751138424833,6.843635550404709]}},{"type":"Feature","properties":{"node_id":177,"degree":1,"jtype":"culdesac","gn_name":"Kawdana West","gn_pcode":"LK1131010","on_boundary":false,"marshall_cul":true,"exclusion_reason":null},"geometry":{"type":"Point","coordinates":[79.8752396066231,6.8411560207427575]}},{"type":"Feature","properties":{"node_id":178,"degree":1,"jtype":"culdesac","gn_name":"Kawdana West","gn_pcode":"LK1131010","on_boundary":true,"marshall_cul":false,"exclusion_reason":"boundary_artifact"},"geometry":{"type":"Point","coordinates":[79.87529350554014,6.840549515124691]}},{"type":"Feature","properties":{"node_id":179,"degree":1,"jtype":"culdesac","gn_name":"Kawdana West","gn_pcode":"LK1131010","on_boundary":true,"marshall_cul":false,"exclusion_reason":"boundary_artifact"},"geometry":{"type":"Point","coordinates":[79.87545520229128,6.8407278992099565]}},{"type":"Feature","properties":{"node_id":180,"degree":1,"jtype":"culdesac","gn_name":"Kawdana West","gn_pcode":"LK1131010","on_boundary":true,"marshall_cul":false,"exclusion_reason":"boundary_artifact"},"geometry":{"type":"Point","coordinates":[79.87548215174981,6.840790333624058]}},{"type":"Feature","properties":{"node_id":181,"degree":1,"jtype":"culdesac","gn_name":"Kawdana West","gn_pcode":"LK1131010","on_boundary":true,"marshall_cul":false,"exclusion_reason":"boundary_artifact"},"geometry":{"type":"Point","coordinates":[79.87548215174981,6.840799252825407]}},{"type":"Feature","properties":{"node_id":182,"degree":1,"jtype":"culdesac","gn_name":"Kawdana West","gn_pcode":"LK1131010","on_boundary":true,"marshall_cul":false,"exclusion_reason":"boundary_artifact"},"geometry":{"type":"Point","coordinates":[79.87553605066685,6.8442777286494225]}},{"type":"Feature","properties":{"node_id":183,"degree":1,"jtype":"culdesac","gn_name":"Kawdana West","gn_pcode":"LK1131010","on_boundary":true,"marshall_cul":false,"exclusion_reason":"boundary_artifact"},"geometry":{"type":"Point","coordinates":[79.87555401697253,6.840986556015246]}},{"type":"Feature","properties":{"node_id":184,"degree":1,"jtype":"culdesac","gn_name":"Kawdana West","gn_pcode":"LK1131010","on_boundary":true,"marshall_cul":false,"exclusion_reason":"boundary_artifact"},"geometry":{"type":"Point","coordinates":[79.87560791588957,6.844072588470708]}},{"type":"Feature","properties":{"node_id":185,"degree":1,"jtype":"culdesac","gn_name":"Kawdana West","gn_pcode":"LK1131010","on_boundary":true,"marshall_cul":false,"exclusion_reason":"boundary_artifact"},"geometry":{"type":"Point","coordinates":[79.87562588219525,6.843858529059802]}},{"type":"Feature","properties":{"node_id":186,"degree":1,"jtype":"culdesac","gn_name":"Kawdana West","gn_pcode":"LK1131010","on_boundary":true,"marshall_cul":false,"exclusion_reason":"boundary_artifact"},"geometry":{"type":"Point","coordinates":[79.87564384850094,6.841191697519834]}},{"type":"Feature","properties":{"node_id":187,"degree":1,"jtype":"culdesac","gn_name":"Kawdana West","gn_pcode":"LK1131010","on_boundary":true,"marshall_cul":false,"exclusion_reason":"boundary_artifact"},"geometry":{"type":"Point","coordinates":[79.87564384850094,6.84366230784882]}},{"type":"Feature","properties":{"node_id":188,"degree":1,"jtype":"culdesac","gn_name":"Kawdana West","gn_pcode":"LK1131010","on_boundary":true,"marshall_cul":false,"exclusion_reason":"boundary_artifact"},"geometry":{"type":"Point","coordinates":[79.8756797811123,6.843323380112615]}},{"type":"Feature","properties":{"node_id":189,"degree":1,"jtype":"culdesac","gn_name":"Kawdana West","gn_pcode":"LK1131010","on_boundary":true,"marshall_cul":false,"exclusion_reason":"boundary_artifact"},"geometry":{"type":"Point","coordinates":[79.8757246968765,6.841387919746116]}},{"type":"Feature","properties":{"node_id":190,"degree":1,"jtype":"culdesac","gn_name":"Kawdana West","gn_pcode":"LK1131010","on_boundary":true,"marshall_cul":false,"exclusion_reason":"boundary_artifact"},"geometry":{"type":"Point","coordinates":[79.87575164633505,6.842930937170104]}},{"type":"Feature","properties":{"node_id":191,"degree":1,"jtype":"culdesac","gn_name":"Kawdana West","gn_pcode":"LK1131010","on_boundary":true,"marshall_cul":false,"exclusion_reason":"boundary_artifact"},"geometry":{"type":"Point","coordinates":[79.87590435993334,6.842386868011674]}},{"type":"Feature","properties":{"node_id":1,"degree":1,"jtype":"culdesac","gn_name":"Watarappala","gn_pcode":"LK1131015","on_boundary":true,"marshall_cul":false,"exclusion_reason":"boundary_artifact"},"geometry":{"type":"Point","coordinates":[79.86692120709215,6.8419855051204]}},{"type":"Feature","properties":{"node_id":3,"degree":1,"jtype":"culdesac","gn_name":"Watarappala","gn_pcode":"LK1131015","on_boundary":true,"marshall_cul":false,"exclusion_reason":"boundary_artifact"},"geometry":{"type":"Point","coordinates":[79.86709188699612,6.8413254854101355]}},{"type":"Feature","properties":{"node_id":6,"degree":1,"jtype":"culdesac","gn_name":"Watarappala","gn_pcode":"LK1131015","on_boundary":true,"marshall_cul":false,"exclusion_reason":"boundary_artifact"},"geometry":{"type":"Point","coordinates":[79.8673703647342,6.842092535257726]}},{"type":"Feature","properties":{"node_id":7,"degree":1,"jtype":"culdesac","gn_name":"Watarappala","gn_pcode":"LK1131015","on_boundary":true,"marshall_cul":false,"exclusion_reason":"boundary_artifact"},"geometry":{"type":"Point","coordinates":[79.86739731419273,6.842101454434753]}},{"type":"Feature","properties":{"node_id":9,"degree":1,"jtype":"culdesac","gn_name":"Watarappala","gn_pcode":"LK1131015","on_boundary":true,"marshall_cul":false,"exclusion_reason":"boundary_artifact"},"geometry":{"type":"Point","coordinates":[79.86746019626261,6.837338590198923]}},{"type":"Feature","properties":{"node_id":12,"degree":1,"jtype":"culdesac","gn_name":"Watarappala","gn_pcode":"LK1131015","on_boundary":true,"marshall_cul":false,"exclusion_reason":"boundary_artifact"},"geometry":{"type":"Point","coordinates":[79.86751409517966,6.838970813066413]}},{"type":"Feature","properties":{"node_id":17,"degree":1,"jtype":"culdesac","gn_name":"Watarappala","gn_pcode":"LK1131015","on_boundary":false,"marshall_cul":true,"exclusion_reason":null},"geometry":{"type":"Point","coordinates":[79.86774765715353,6.840219504391314]}},{"type":"Feature","properties":{"node_id":21,"degree":1,"jtype":"culdesac","gn_name":"Watarappala","gn_pcode":"LK1131015","on_boundary":true,"marshall_cul":false,"exclusion_reason":"boundary_artifact"},"geometry":{"type":"Point","coordinates":[79.86825969686548,6.837240478264213]}},{"type":"Feature","properties":{"node_id":22,"degree":1,"jtype":"culdesac","gn_name":"Watarappala","gn_pcode":"LK1131015","on_boundary":true,"marshall_cul":false,"exclusion_reason":"boundary_artifact"},"geometry":{"type":"Point","coordinates":[79.86829562947685,6.837240478264213]}},{"type":"Feature","properties":{"node_id":23,"degree":1,"jtype":"culdesac","gn_name":"Watarappala","gn_pcode":"LK1131015","on_boundary":false,"marshall_cul":true,"exclusion_reason":null},"geometry":{"type":"Point","coordinates":[79.86834054524104,6.837383186526225]}},{"type":"Feature","properties":{"node_id":24,"degree":1,"jtype":"culdesac","gn_name":"Watarappala","gn_pcode":"LK1131015","on_boundary":false,"marshall_cul":true,"exclusion_reason":null},"geometry":{"type":"Point","coordinates":[79.86835851154675,6.841914151682188]}},{"type":"Feature","properties":{"node_id":26,"degree":1,"jtype":"culdesac","gn_name":"Watarappala","gn_pcode":"LK1131015","on_boundary":false,"marshall_cul":true,"exclusion_reason":null},"geometry":{"type":"Point","coordinates":[79.86843037676947,6.839800301239066]}},{"type":"Feature","properties":{"node_id":27,"degree":1,"jtype":"culdesac","gn_name":"Watarappala","gn_pcode":"LK1131015","on_boundary":false,"marshall_cul":true,"exclusion_reason":null},"geometry":{"type":"Point","coordinates":[79.8685471577564,6.841298727835074]}},{"type":"Feature","properties":{"node_id":30,"degree":1,"jtype":"culdesac","gn_name":"Watarappala","gn_pcode":"LK1131015","on_boundary":false,"marshall_cul":true,"exclusion_reason":null},"geometry":{"type":"Point","coordinates":[79.86868190504902,6.8391670362050565]}},{"type":"Feature","properties":{"node_id":31,"degree":1,"jtype":"culdesac","gn_name":"Watarappala","gn_pcode":"LK1131015","on_boundary":true,"marshall_cul":false,"exclusion_reason":"boundary_artifact"},"geometry":{"type":"Point","coordinates":[79.86882563549447,6.837249397531837]}},{"type":"Feature","properties":{"node_id":32,"degree":1,"jtype":"culdesac","gn_name":"Watarappala","gn_pcode":"LK1131015","on_boundary":true,"marshall_cul":false,"exclusion_reason":"boundary_artifact"},"geometry":{"type":"Point","coordinates":[79.86890648387003,6.842404706354567]}},{"type":"Feature","properties":{"node_id":34,"degree":1,"jtype":"culdesac","gn_name":"Watarappala","gn_pcode":"LK1131015","on_boundary":true,"marshall_cul":false,"exclusion_reason":"boundary_artifact"},"geometry":{"type":"Point","coordinates":[79.86903224800983,6.837186962654969]}},{"type":"Feature","properties":{"node_id":36,"degree":1,"jtype":"culdesac","gn_name":"Watarappala","gn_pcode":"LK1131015","on_boundary":false,"marshall_cul":true,"exclusion_reason":null},"geometry":{"type":"Point","coordinates":[79.8691580121496,6.8408260104284535]}},{"type":"Feature","properties":{"node_id":38,"degree":1,"jtype":"culdesac","gn_name":"Watarappala","gn_pcode":"LK1131015","on_boundary":false,"marshall_cul":true,"exclusion_reason":null},"geometry":{"type":"Point","coordinates":[79.8692029279138,6.8391670362050565]}},{"type":"Feature","properties":{"node_id":40,"degree":1,"jtype":"culdesac","gn_name":"Watarappala","gn_pcode":"LK1131015","on_boundary":false,"marshall_cul":true,"exclusion_reason":null},"geometry":{"type":"Point","coordinates":[79.86921191106664,6.838970813066413]}},{"type":"Feature","properties":{"node_id":41,"degree":1,"jtype":"culdesac","gn_name":"Watarappala","gn_pcode":"LK1131015","on_boundary":false,"marshall_cul":true,"exclusion_reason":null},"geometry":{"type":"Point","coordinates":[79.8692208942195,6.842074696903171]}},{"type":"Feature","properties":{"node_id":44,"degree":1,"jtype":"culdesac","gn_name":"Watarappala","gn_pcode":"LK1131015","on_boundary":true,"marshall_cul":false,"exclusion_reason":"boundary_artifact"},"geometry":{"type":"Point","coordinates":[79.86940954042915,6.837062092876764]}},{"type":"Feature","properties":{"node_id":46,"degree":1,"jtype":"culdesac","gn_name":"Watarappala","gn_pcode":"LK1131015","on_boundary":true,"marshall_cul":false,"exclusion_reason":"boundary_artifact"},"geometry":{"type":"Point","coordinates":[79.86949038880472,6.837062092876764]}},{"type":"Feature","properties":{"node_id":49,"degree":1,"jtype":"culdesac","gn_name":"Watarappala","gn_pcode":"LK1131015","on_boundary":true,"marshall_cul":false,"exclusion_reason":"boundary_artifact"},"geometry":{"type":"Point","coordinates":[79.8695712371803,6.8424314638676575]}},{"type":"Feature","properties":{"node_id":52,"degree":1,"jtype":"culdesac","gn_name":"Watarappala","gn_pcode":"LK1131015","on_boundary":false,"marshall_cul":true,"exclusion_reason":null},"geometry":{"type":"Point","coordinates":[79.86964310240303,6.83997868560414]}},{"type":"Feature","properties":{"node_id":53,"degree":1,"jtype":"culdesac","gn_name":"Watarappala","gn_pcode":"LK1131015","on_boundary":true,"marshall_cul":false,"exclusion_reason":"boundary_artifact"},"geometry":{"type":"Point","coordinates":[79.86967903501439,6.837017496519497]}},{"type":"Feature","properties":{"node_id":56,"degree":1,"jtype":"culdesac","gn_name":"Watarappala","gn_pcode":"LK1131015","on_boundary":false,"marshall_cul":true,"exclusion_reason":null},"geometry":{"type":"Point","coordinates":[79.869813782307,6.838275112198166]}},{"type":"Feature","properties":{"node_id":60,"degree":1,"jtype":"culdesac","gn_name":"Watarappala","gn_pcode":"LK1131015","on_boundary":false,"marshall_cul":true,"exclusion_reason":null},"geometry":{"type":"Point","coordinates":[79.86997547905814,6.8392473092840005]}},{"type":"Feature","properties":{"node_id":62,"degree":1,"jtype":"culdesac","gn_name":"Watarappala","gn_pcode":"LK1131015","on_boundary":true,"marshall_cul":false,"exclusion_reason":"boundary_artifact"},"geometry":{"type":"Point","coordinates":[79.87002937797519,6.842511736397931]}},{"type":"Feature","properties":{"node_id":63,"degree":1,"jtype":"culdesac","gn_name":"Watarappala","gn_pcode":"LK1131015","on_boundary":true,"marshall_cul":false,"exclusion_reason":"boundary_artifact"},"geometry":{"type":"Point","coordinates":[79.87010124319794,6.842547413073722]}},{"type":"Feature","properties":{"node_id":64,"degree":1,"jtype":"culdesac","gn_name":"Watarappala","gn_pcode":"LK1131015","on_boundary":false,"marshall_cul":true,"exclusion_reason":null},"geometry":{"type":"Point","coordinates":[79.87012819265645,6.8411114247676625]}},{"type":"Feature","properties":{"node_id":67,"degree":1,"jtype":"culdesac","gn_name":"Watarappala","gn_pcode":"LK1131015","on_boundary":false,"marshall_cul":true,"exclusion_reason":null},"geometry":{"type":"Point","coordinates":[79.87019107472634,6.837829149570313]}},{"type":"Feature","properties":{"node_id":68,"degree":1,"jtype":"culdesac","gn_name":"Watarappala","gn_pcode":"LK1131015","on_boundary":true,"marshall_cul":false,"exclusion_reason":"boundary_artifact"},"geometry":{"type":"Point","coordinates":[79.87020005787919,6.83683911104881]}},{"type":"Feature","properties":{"node_id":70,"degree":1,"jtype":"culdesac","gn_name":"Watarappala","gn_pcode":"LK1131015","on_boundary":true,"marshall_cul":false,"exclusion_reason":"boundary_artifact"},"geometry":{"type":"Point","coordinates":[79.87027192310191,6.842654443085097]}},{"type":"Feature","properties":{"node_id":72,"degree":1,"jtype":"culdesac","gn_name":"Watarappala","gn_pcode":"LK1131015","on_boundary":false,"marshall_cul":true,"exclusion_reason":null},"geometry":{"type":"Point","coordinates":[79.87038870408884,6.840255181238348]}},{"type":"Feature","properties":{"node_id":74,"degree":1,"jtype":"culdesac","gn_name":"Watarappala","gn_pcode":"LK1131015","on_boundary":false,"marshall_cul":true,"exclusion_reason":null},"geometry":{"type":"Point","coordinates":[79.87048751877009,6.839175955436717]}},{"type":"Feature","properties":{"node_id":75,"degree":1,"jtype":"culdesac","gn_name":"Watarappala","gn_pcode":"LK1131015","on_boundary":false,"marshall_cul":true,"exclusion_reason":null},"geometry":{"type":"Point","coordinates":[79.87050548507578,6.840718980007274]}},{"type":"Feature","properties":{"node_id":76,"degree":1,"jtype":"culdesac","gn_name":"Watarappala","gn_pcode":"LK1131015","on_boundary":true,"marshall_cul":false,"exclusion_reason":"boundary_artifact"},"geometry":{"type":"Point","coordinates":[79.87050548507578,6.842868503035872]}},{"type":"Feature","properties":{"node_id":83,"degree":1,"jtype":"culdesac","gn_name":"Watarappala","gn_pcode":"LK1131015","on_boundary":false,"marshall_cul":true,"exclusion_reason":null},"geometry":{"type":"Point","coordinates":[79.87067616497977,6.8425920089147105]}},{"type":"Feature","properties":{"node_id":85,"degree":1,"jtype":"culdesac","gn_name":"Watarappala","gn_pcode":"LK1131015","on_boundary":false,"marshall_cul":true,"exclusion_reason":null},"geometry":{"type":"Point","coordinates":[79.87070311443829,6.837784553284634]}},{"type":"Feature","properties":{"node_id":87,"degree":1,"jtype":"culdesac","gn_name":"Watarappala","gn_pcode":"LK1131015","on_boundary":false,"marshall_cul":true,"exclusion_reason":null},"geometry":{"type":"Point","coordinates":[79.8707929459667,6.837026415791282]}},{"type":"Feature","properties":{"node_id":89,"degree":1,"jtype":"culdesac","gn_name":"Watarappala","gn_pcode":"LK1131015","on_boundary":false,"marshall_cul":true,"exclusion_reason":null},"geometry":{"type":"Point","coordinates":[79.87090972695363,6.837427782849363]}},{"type":"Feature","properties":{"node_id":90,"degree":1,"jtype":"culdesac","gn_name":"Watarappala","gn_pcode":"LK1131015","on_boundary":true,"marshall_cul":false,"exclusion_reason":"boundary_artifact"},"geometry":{"type":"Point","coordinates":[79.87102650794057,6.843207431094993]}},{"type":"Feature","properties":{"node_id":92,"degree":1,"jtype":"culdesac","gn_name":"Watarappala","gn_pcode":"LK1131015","on_boundary":false,"marshall_cul":true,"exclusion_reason":null},"geometry":{"type":"Point","coordinates":[79.87104447424625,6.838346466179994]}},{"type":"Feature","properties":{"node_id":93,"degree":1,"jtype":"culdesac","gn_name":"Watarappala","gn_pcode":"LK1131015","on_boundary":false,"marshall_cul":true,"exclusion_reason":null},"geometry":{"type":"Point","coordinates":[79.87105345739909,6.8414949500173785]}},{"type":"Feature","properties":{"node_id":95,"degree":1,"jtype":"culdesac","gn_name":"Watarappala","gn_pcode":"LK1131015","on_boundary":true,"marshall_cul":false,"exclusion_reason":"boundary_artifact"},"geometry":{"type":"Point","coordinates":[79.8712061709974,6.843323380112615]}},{"type":"Feature","properties":{"node_id":96,"degree":1,"jtype":"culdesac","gn_name":"Watarappala","gn_pcode":"LK1131015","on_boundary":true,"marshall_cul":false,"exclusion_reason":"boundary_artifact"},"geometry":{"type":"Point","coordinates":[79.87121515415024,6.836963980885283]}},{"type":"Feature","properties":{"node_id":103,"degree":1,"jtype":"culdesac","gn_name":"Watarappala","gn_pcode":"LK1131015","on_boundary":false,"marshall_cul":true,"exclusion_reason":null},"geometry":{"type":"Point","coordinates":[79.87134990144285,6.841129263158201]}},{"type":"Feature","properties":{"node_id":104,"degree":1,"jtype":"culdesac","gn_name":"Watarappala","gn_pcode":"LK1131015","on_boundary":true,"marshall_cul":false,"exclusion_reason":"boundary_artifact"},"geometry":{"type":"Point","coordinates":[79.8713588845957,6.837017496519497]}},{"type":"Feature","properties":{"node_id":105,"degree":1,"jtype":"culdesac","gn_name":"Watarappala","gn_pcode":"LK1131015","on_boundary":false,"marshall_cul":true,"exclusion_reason":null},"geometry":{"type":"Point","coordinates":[79.87138583405422,6.840620868766792]}},{"type":"Feature","properties":{"node_id":108,"degree":1,"jtype":"culdesac","gn_name":"Watarappala","gn_pcode":"LK1131015","on_boundary":false,"marshall_cul":true,"exclusion_reason":null},"geometry":{"type":"Point","coordinates":[79.87145769927695,6.841584141891773]}},{"type":"Feature","properties":{"node_id":109,"degree":1,"jtype":"culdesac","gn_name":"Watarappala","gn_pcode":"LK1131015","on_boundary":false,"marshall_cul":true,"exclusion_reason":null},"geometry":{"type":"Point","coordinates":[79.87153854765252,6.840067877761694]}},{"type":"Feature","properties":{"node_id":114,"degree":1,"jtype":"culdesac","gn_name":"Watarappala","gn_pcode":"LK1131015","on_boundary":true,"marshall_cul":false,"exclusion_reason":"boundary_artifact"},"geometry":{"type":"Point","coordinates":[79.87167329494513,6.842770392237013]}},{"type":"Feature","properties":{"node_id":117,"degree":1,"jtype":"culdesac","gn_name":"Watarappala","gn_pcode":"LK1131015","on_boundary":false,"marshall_cul":true,"exclusion_reason":null},"geometry":{"type":"Point","coordinates":[79.8717541433207,6.840451403849396]}},{"type":"Feature","properties":{"node_id":119,"degree":1,"jtype":"culdesac","gn_name":"Watarappala","gn_pcode":"LK1131015","on_boundary":false,"marshall_cul":true,"exclusion_reason":null},"geometry":{"type":"Point","coordinates":[79.87179007593208,6.841593061078297]}},{"type":"Feature","properties":{"node_id":121,"degree":1,"jtype":"culdesac","gn_name":"Watarappala","gn_pcode":"LK1131015","on_boundary":false,"marshall_cul":true,"exclusion_reason":null},"geometry":{"type":"Point","coordinates":[79.87180804223776,6.838721074409755]}},{"type":"Feature","properties":{"node_id":123,"degree":1,"jtype":"culdesac","gn_name":"Watarappala","gn_pcode":"LK1131015","on_boundary":true,"marshall_cul":false,"exclusion_reason":"boundary_artifact"},"geometry":{"type":"Point","coordinates":[79.87187990746048,6.8371602048481]}},{"type":"Feature","properties":{"node_id":124,"degree":1,"jtype":"culdesac","gn_name":"Watarappala","gn_pcode":"LK1131015","on_boundary":true,"marshall_cul":false,"exclusion_reason":"boundary_artifact"},"geometry":{"type":"Point","coordinates":[79.87187990746048,6.842556332242253]}},{"type":"Feature","properties":{"node_id":128,"degree":1,"jtype":"culdesac","gn_name":"Watarappala","gn_pcode":"LK1131015","on_boundary":false,"marshall_cul":true,"exclusion_reason":null},"geometry":{"type":"Point","coordinates":[79.87206855367015,6.837615087361096]}},{"type":"Feature","properties":{"node_id":129,"degree":1,"jtype":"culdesac","gn_name":"Watarappala","gn_pcode":"LK1131015","on_boundary":true,"marshall_cul":false,"exclusion_reason":"boundary_artifact"},"geometry":{"type":"Point","coordinates":[79.87219431780993,6.842190646195867]}},{"type":"Feature","properties":{"node_id":130,"degree":1,"jtype":"culdesac","gn_name":"Watarappala","gn_pcode":"LK1131015","on_boundary":false,"marshall_cul":true,"exclusion_reason":null},"geometry":{"type":"Point","coordinates":[79.8722122841156,6.840647626379831]}},{"type":"Feature","properties":{"node_id":131,"degree":1,"jtype":"culdesac","gn_name":"Watarappala","gn_pcode":"LK1131015","on_boundary":false,"marshall_cul":true,"exclusion_reason":null},"geometry":{"type":"Point","coordinates":[79.87227516618549,6.838622962758923]}},{"type":"Feature","properties":{"node_id":132,"degree":1,"jtype":"culdesac","gn_name":"Watarappala","gn_pcode":"LK1131015","on_boundary":false,"marshall_cul":true,"exclusion_reason":null},"geometry":{"type":"Point","coordinates":[79.87231109879686,6.83881918604044]}},{"type":"Feature","properties":{"node_id":133,"degree":1,"jtype":"culdesac","gn_name":"Watarappala","gn_pcode":"LK1131015","on_boundary":false,"marshall_cul":true,"exclusion_reason":null},"geometry":{"type":"Point","coordinates":[79.87231109879686,6.841405758126326]}},{"type":"Feature","properties":{"node_id":134,"degree":1,"jtype":"culdesac","gn_name":"Watarappala","gn_pcode":"LK1131015","on_boundary":true,"marshall_cul":false,"exclusion_reason":"boundary_artifact"},"geometry":{"type":"Point","coordinates":[79.87234703140822,6.837392105791185]}},{"type":"Feature","properties":{"node_id":135,"degree":1,"jtype":"culdesac","gn_name":"Watarappala","gn_pcode":"LK1131015","on_boundary":false,"marshall_cul":true,"exclusion_reason":null},"geometry":{"type":"Point","coordinates":[79.87235601456108,6.84170901048794]}},{"type":"Feature","properties":{"node_id":136,"degree":1,"jtype":"culdesac","gn_name":"Watarappala","gn_pcode":"LK1131015","on_boundary":true,"marshall_cul":false,"exclusion_reason":"boundary_artifact"},"geometry":{"type":"Point","coordinates":[79.87235601456108,6.842003343478287]}},{"type":"Feature","properties":{"node_id":137,"degree":1,"jtype":"culdesac","gn_name":"Watarappala","gn_pcode":"LK1131015","on_boundary":true,"marshall_cul":false,"exclusion_reason":"boundary_artifact"},"geometry":{"type":"Point","coordinates":[79.87239194717243,6.837418863585069]}},{"type":"Feature","properties":{"node_id":140,"degree":1,"jtype":"culdesac","gn_name":"Watarappala","gn_pcode":"LK1131015","on_boundary":false,"marshall_cul":true,"exclusion_reason":null},"geometry":{"type":"Point","coordinates":[79.87241889663096,6.837936180638959]}},{"type":"Feature","properties":{"node_id":142,"degree":1,"jtype":"culdesac","gn_name":"Watarappala","gn_pcode":"LK1131015","on_boundary":false,"marshall_cul":true,"exclusion_reason":null},"geometry":{"type":"Point","coordinates":[79.87250872815937,6.83996084717063]}},{"type":"Feature","properties":{"node_id":146,"degree":1,"jtype":"culdesac","gn_name":"Watarappala","gn_pcode":"LK1131015","on_boundary":false,"marshall_cul":true,"exclusion_reason":null},"geometry":{"type":"Point","coordinates":[79.87267042491051,6.840959798421195]}},{"type":"Feature","properties":{"node_id":150,"degree":1,"jtype":"culdesac","gn_name":"Watarappala","gn_pcode":"LK1131015","on_boundary":false,"marshall_cul":true,"exclusion_reason":null},"geometry":{"type":"Point","coordinates":[79.87283212166165,6.840968717619379]}},{"type":"Feature","properties":{"node_id":151,"degree":1,"jtype":"culdesac","gn_name":"Watarappala","gn_pcode":"LK1131015","on_boundary":false,"marshall_cul":true,"exclusion_reason":null},"geometry":{"type":"Point","coordinates":[79.87285008796732,6.840763576019015]}},{"type":"Feature","properties":{"node_id":152,"degree":1,"jtype":"culdesac","gn_name":"Watarappala","gn_pcode":"LK1131015","on_boundary":true,"marshall_cul":false,"exclusion_reason":"boundary_artifact"},"geometry":{"type":"Point","coordinates":[79.87285907112017,6.841450354073935]}},{"type":"Feature","properties":{"node_id":153,"degree":1,"jtype":"culdesac","gn_name":"Watarappala","gn_pcode":"LK1131015","on_boundary":true,"marshall_cul":false,"exclusion_reason":"boundary_artifact"},"geometry":{"type":"Point","coordinates":[79.87291297003722,6.837811311056541]}},{"type":"Feature","properties":{"node_id":155,"degree":1,"jtype":"culdesac","gn_name":"Watarappala","gn_pcode":"LK1131015","on_boundary":true,"marshall_cul":false,"exclusion_reason":"boundary_artifact"},"geometry":{"type":"Point","coordinates":[79.87295788580143,6.83783806882695]}},{"type":"Feature","properties":{"node_id":156,"degree":1,"jtype":"culdesac","gn_name":"Watarappala","gn_pcode":"LK1131015","on_boundary":false,"marshall_cul":true,"exclusion_reason":null},"geometry":{"type":"Point","coordinates":[79.87302975102416,6.840549515124691]}},{"type":"Feature","properties":{"node_id":157,"degree":1,"jtype":"culdesac","gn_name":"Watarappala","gn_pcode":"LK1131015","on_boundary":true,"marshall_cul":false,"exclusion_reason":"boundary_artifact"},"geometry":{"type":"Point","coordinates":[79.87308364994121,6.837945099893597]}},{"type":"Feature","properties":{"node_id":158,"degree":1,"jtype":"culdesac","gn_name":"Watarappala","gn_pcode":"LK1131015","on_boundary":true,"marshall_cul":false,"exclusion_reason":"boundary_artifact"},"geometry":{"type":"Point","coordinates":[79.87308364994121,6.838935136123455]}},{"type":"Feature","properties":{"node_id":160,"degree":1,"jtype":"culdesac","gn_name":"Watarappala","gn_pcode":"LK1131015","on_boundary":false,"marshall_cul":true,"exclusion_reason":null},"geometry":{"type":"Point","coordinates":[79.87317348146962,6.840032200900672]}},{"type":"Feature","properties":{"node_id":161,"degree":1,"jtype":"culdesac","gn_name":"Watarappala","gn_pcode":"LK1131015","on_boundary":true,"marshall_cul":false,"exclusion_reason":"boundary_artifact"},"geometry":{"type":"Point","coordinates":[79.8731914477753,6.838685397448148]}},{"type":"Feature","properties":{"node_id":164,"degree":1,"jtype":"culdesac","gn_name":"Watarappala","gn_pcode":"LK1131015","on_boundary":true,"marshall_cul":false,"exclusion_reason":"boundary_artifact"},"geometry":{"type":"Point","coordinates":[79.87331721191507,6.838168081205443]}},{"type":"Feature","properties":{"node_id":165,"degree":1,"jtype":"culdesac","gn_name":"Watarappala","gn_pcode":"LK1131015","on_boundary":true,"marshall_cul":false,"exclusion_reason":"boundary_artifact"},"geometry":{"type":"Point","coordinates":[79.8733441613736,6.839140278509079]}},{"type":"Feature","properties":{"node_id":166,"degree":1,"jtype":"culdesac","gn_name":"Watarappala","gn_pcode":"LK1131015","on_boundary":true,"marshall_cul":false,"exclusion_reason":"boundary_artifact"},"geometry":{"type":"Point","coordinates":[79.87371247064009,6.839398936174089]}},{"type":"Feature","properties":{"node_id":167,"degree":1,"jtype":"culdesac","gn_name":"Watarappala","gn_pcode":"LK1131015","on_boundary":true,"marshall_cul":false,"exclusion_reason":"boundary_artifact"},"geometry":{"type":"Point","coordinates":[79.8738472179327,6.839497047665559]}},{"type":"Feature","properties":{"node_id":168,"degree":1,"jtype":"culdesac","gn_name":"Watarappala","gn_pcode":"LK1131015","on_boundary":true,"marshall_cul":false,"exclusion_reason":"boundary_artifact"},"geometry":{"type":"Point","coordinates":[79.87388315054406,6.839532724566553]}},{"type":"Feature","properties":{"node_id":172,"degree":1,"jtype":"culdesac","gn_name":"Watarappala","gn_pcode":"LK1131015","on_boundary":true,"marshall_cul":false,"exclusion_reason":"boundary_artifact"},"geometry":{"type":"Point","coordinates":[79.87430535872761,6.839827058898075]}},{"type":"Feature","properties":{"node_id":1,"degree":1,"jtype":"culdesac","gn_name":"Wathumulla","gn_pcode":"LK1131020","on_boundary":true,"marshall_cul":false,"exclusion_reason":"boundary_artifact"},"geometry":{"type":"Point","coordinates":[79.86734341527568,6.835090929912502]}},{"type":"Feature","properties":{"node_id":2,"degree":1,"jtype":"culdesac","gn_name":"Wathumulla","gn_pcode":"LK1131020","on_boundary":true,"marshall_cul":false,"exclusion_reason":"boundary_artifact"},"geometry":{"type":"Point","coordinates":[79.86737934788705,6.832566759134794]}},{"type":"Feature","properties":{"node_id":9,"degree":1,"jtype":"culdesac","gn_name":"Wathumulla","gn_pcode":"LK1131020","on_boundary":true,"marshall_cul":false,"exclusion_reason":"boundary_artifact"},"geometry":{"type":"Point","coordinates":[79.86745121310977,6.837338590198923]}},{"type":"Feature","properties":{"node_id":10,"degree":1,"jtype":"culdesac","gn_name":"Wathumulla","gn_pcode":"LK1131020","on_boundary":true,"marshall_cul":false,"exclusion_reason":"boundary_artifact"},"geometry":{"type":"Point","coordinates":[79.86746019626261,6.837338590198923]}},{"type":"Feature","properties":{"node_id":11,"degree":1,"jtype":"culdesac","gn_name":"Wathumulla","gn_pcode":"LK1131020","on_boundary":true,"marshall_cul":false,"exclusion_reason":"boundary_artifact"},"geometry":{"type":"Point","coordinates":[79.86749612887398,6.837329670932965]}},{"type":"Feature","properties":{"node_id":13,"degree":1,"jtype":"culdesac","gn_name":"Wathumulla","gn_pcode":"LK1131020","on_boundary":true,"marshall_cul":false,"exclusion_reason":"boundary_artifact"},"geometry":{"type":"Point","coordinates":[79.86781952237627,6.8305063837113105]}},{"type":"Feature","properties":{"node_id":15,"degree":1,"jtype":"culdesac","gn_name":"Wathumulla","gn_pcode":"LK1131020","on_boundary":false,"marshall_cul":true,"exclusion_reason":null},"geometry":{"type":"Point","coordinates":[79.86795426966889,6.836642886954147]}},{"type":"Feature","properties":{"node_id":16,"degree":1,"jtype":"culdesac","gn_name":"Wathumulla","gn_pcode":"LK1131020","on_boundary":false,"marshall_cul":true,"exclusion_reason":null},"geometry":{"type":"Point","coordinates":[79.86805308435014,6.835599330188052]}},{"type":"Feature","properties":{"node_id":18,"degree":1,"jtype":"culdesac","gn_name":"Wathumulla","gn_pcode":"LK1131020","on_boundary":false,"marshall_cul":true,"exclusion_reason":null},"geometry":{"type":"Point","coordinates":[79.86814291587855,6.831585629087776]}},{"type":"Feature","properties":{"node_id":21,"degree":1,"jtype":"culdesac","gn_name":"Wathumulla","gn_pcode":"LK1131020","on_boundary":true,"marshall_cul":false,"exclusion_reason":"boundary_artifact"},"geometry":{"type":"Point","coordinates":[79.86825969686548,6.837240478264213]}},{"type":"Feature","properties":{"node_id":22,"degree":1,"jtype":"culdesac","gn_name":"Wathumulla","gn_pcode":"LK1131020","on_boundary":true,"marshall_cul":false,"exclusion_reason":"boundary_artifact"},"geometry":{"type":"Point","coordinates":[79.86829562947685,6.837240478264213]}},{"type":"Feature","properties":{"node_id":23,"degree":1,"jtype":"culdesac","gn_name":"Wathumulla","gn_pcode":"LK1131020","on_boundary":false,"marshall_cul":true,"exclusion_reason":null},"geometry":{"type":"Point","coordinates":[79.86831359578252,6.83337841974309]}},{"type":"Feature","properties":{"node_id":26,"degree":1,"jtype":"culdesac","gn_name":"Wathumulla","gn_pcode":"LK1131020","on_boundary":false,"marshall_cul":true,"exclusion_reason":null},"geometry":{"type":"Point","coordinates":[79.86852919145072,6.836794514670735]}},{"type":"Feature","properties":{"node_id":28,"degree":1,"jtype":"culdesac","gn_name":"Wathumulla","gn_pcode":"LK1131020","on_boundary":false,"marshall_cul":true,"exclusion_reason":null},"geometry":{"type":"Point","coordinates":[79.86868190504902,6.829783912305228]}},{"type":"Feature","properties":{"node_id":29,"degree":1,"jtype":"culdesac","gn_name":"Wathumulla","gn_pcode":"LK1131020","on_boundary":true,"marshall_cul":false,"exclusion_reason":"boundary_artifact"},"geometry":{"type":"Point","coordinates":[79.8687897028831,6.828062463693751]}},{"type":"Feature","properties":{"node_id":30,"degree":1,"jtype":"culdesac","gn_name":"Wathumulla","gn_pcode":"LK1131020","on_boundary":true,"marshall_cul":false,"exclusion_reason":"boundary_artifact"},"geometry":{"type":"Point","coordinates":[79.86882563549447,6.837249397531837]}},{"type":"Feature","properties":{"node_id":33,"degree":1,"jtype":"culdesac","gn_name":"Wathumulla","gn_pcode":"LK1131020","on_boundary":false,"marshall_cul":true,"exclusion_reason":null},"geometry":{"type":"Point","coordinates":[79.86887953441152,6.836196922803001]}},{"type":"Feature","properties":{"node_id":37,"degree":1,"jtype":"culdesac","gn_name":"Wathumulla","gn_pcode":"LK1131020","on_boundary":false,"marshall_cul":true,"exclusion_reason":null},"geometry":{"type":"Point","coordinates":[79.8690052985513,6.829409297072507]}},{"type":"Feature","properties":{"node_id":39,"degree":1,"jtype":"culdesac","gn_name":"Wathumulla","gn_pcode":"LK1131020","on_boundary":true,"marshall_cul":false,"exclusion_reason":"boundary_artifact"},"geometry":{"type":"Point","coordinates":[79.86903224800983,6.837186962654969]}},{"type":"Feature","properties":{"node_id":40,"degree":1,"jtype":"culdesac","gn_name":"Wathumulla","gn_pcode":"LK1131020","on_boundary":false,"marshall_cul":true,"exclusion_reason":null},"geometry":{"type":"Point","coordinates":[79.8690681806212,6.828820615399857]}},{"type":"Feature","properties":{"node_id":42,"degree":1,"jtype":"culdesac","gn_name":"Wathumulla","gn_pcode":"LK1131020","on_boundary":false,"marshall_cul":true,"exclusion_reason":null},"geometry":{"type":"Point","coordinates":[79.86908614692688,6.83608097205554]}},{"type":"Feature","properties":{"node_id":43,"degree":1,"jtype":"culdesac","gn_name":"Wathumulla","gn_pcode":"LK1131020","on_boundary":false,"marshall_cul":true,"exclusion_reason":null},"geometry":{"type":"Point","coordinates":[79.86913106269108,6.83021204364055]}},{"type":"Feature","properties":{"node_id":46,"degree":1,"jtype":"culdesac","gn_name":"Wathumulla","gn_pcode":"LK1131020","on_boundary":true,"marshall_cul":false,"exclusion_reason":"boundary_artifact"},"geometry":{"type":"Point","coordinates":[79.86923886052517,6.82825869130938]}},{"type":"Feature","properties":{"node_id":47,"degree":1,"jtype":"culdesac","gn_name":"Wathumulla","gn_pcode":"LK1131020","on_boundary":false,"marshall_cul":true,"exclusion_reason":null},"geometry":{"type":"Point","coordinates":[79.86923886052517,6.8289365679078164]}},{"type":"Feature","properties":{"node_id":49,"degree":1,"jtype":"culdesac","gn_name":"Wathumulla","gn_pcode":"LK1131020","on_boundary":false,"marshall_cul":true,"exclusion_reason":null},"geometry":{"type":"Point","coordinates":[79.86927479313654,6.835073091296523]}},{"type":"Feature","properties":{"node_id":50,"degree":1,"jtype":"culdesac","gn_name":"Wathumulla","gn_pcode":"LK1131020","on_boundary":false,"marshall_cul":true,"exclusion_reason":null},"geometry":{"type":"Point","coordinates":[79.86930174259506,6.82985526755439]}},{"type":"Feature","properties":{"node_id":52,"degree":1,"jtype":"culdesac","gn_name":"Wathumulla","gn_pcode":"LK1131020","on_boundary":true,"marshall_cul":false,"exclusion_reason":"boundary_artifact"},"geometry":{"type":"Point","coordinates":[79.86940954042915,6.837062092876764]}},{"type":"Feature","properties":{"node_id":53,"degree":1,"jtype":"culdesac","gn_name":"Wathumulla","gn_pcode":"LK1131020","on_boundary":true,"marshall_cul":false,"exclusion_reason":"boundary_artifact"},"geometry":{"type":"Point","coordinates":[79.86949038880472,6.837062092876764]}},{"type":"Feature","properties":{"node_id":56,"degree":1,"jtype":"culdesac","gn_name":"Wathumulla","gn_pcode":"LK1131020","on_boundary":true,"marshall_cul":false,"exclusion_reason":"boundary_artifact"},"geometry":{"type":"Point","coordinates":[79.8696161529445,6.828089222009712]}},{"type":"Feature","properties":{"node_id":58,"degree":1,"jtype":"culdesac","gn_name":"Wathumulla","gn_pcode":"LK1131020","on_boundary":false,"marshall_cul":true,"exclusion_reason":null},"geometry":{"type":"Point","coordinates":[79.86965208555587,6.828651146299216]}},{"type":"Feature","properties":{"node_id":59,"degree":1,"jtype":"culdesac","gn_name":"Wathumulla","gn_pcode":"LK1131020","on_boundary":true,"marshall_cul":false,"exclusion_reason":"boundary_artifact"},"geometry":{"type":"Point","coordinates":[79.86967903501439,6.837017496519497]}},{"type":"Feature","properties":{"node_id":62,"degree":1,"jtype":"culdesac","gn_name":"Wathumulla","gn_pcode":"LK1131020","on_boundary":false,"marshall_cul":true,"exclusion_reason":null},"geometry":{"type":"Point","coordinates":[79.8699215801411,6.836535855595826]}},{"type":"Feature","properties":{"node_id":63,"degree":1,"jtype":"culdesac","gn_name":"Wathumulla","gn_pcode":"LK1131020","on_boundary":false,"marshall_cul":true,"exclusion_reason":null},"geometry":{"type":"Point","coordinates":[79.86993954644679,6.833717354534352]}},{"type":"Feature","properties":{"node_id":65,"degree":1,"jtype":"culdesac","gn_name":"Wathumulla","gn_pcode":"LK1131020","on_boundary":false,"marshall_cul":true,"exclusion_reason":null},"geometry":{"type":"Point","coordinates":[79.86999344536383,6.835733119644373]}},{"type":"Feature","properties":{"node_id":69,"degree":1,"jtype":"culdesac","gn_name":"Wathumulla","gn_pcode":"LK1131020","on_boundary":true,"marshall_cul":false,"exclusion_reason":"boundary_artifact"},"geometry":{"type":"Point","coordinates":[79.87020005787919,6.83683911104881]}},{"type":"Feature","properties":{"node_id":71,"degree":1,"jtype":"culdesac","gn_name":"Wathumulla","gn_pcode":"LK1131020","on_boundary":false,"marshall_cul":true,"exclusion_reason":null},"geometry":{"type":"Point","coordinates":[79.87021802418487,6.828677904582255]}},{"type":"Feature","properties":{"node_id":73,"degree":1,"jtype":"culdesac","gn_name":"Wathumulla","gn_pcode":"LK1131020","on_boundary":false,"marshall_cul":true,"exclusion_reason":null},"geometry":{"type":"Point","coordinates":[79.870379720936,6.832647033322282]}},{"type":"Feature","properties":{"node_id":74,"degree":1,"jtype":"culdesac","gn_name":"Wathumulla","gn_pcode":"LK1131020","on_boundary":false,"marshall_cul":true,"exclusion_reason":null},"geometry":{"type":"Point","coordinates":[79.8704246367002,6.836259357809214]}},{"type":"Feature","properties":{"node_id":77,"degree":1,"jtype":"culdesac","gn_name":"Wathumulla","gn_pcode":"LK1131020","on_boundary":false,"marshall_cul":true,"exclusion_reason":null},"geometry":{"type":"Point","coordinates":[79.87054141768714,6.834778754036756]}},{"type":"Feature","properties":{"node_id":79,"degree":1,"jtype":"culdesac","gn_name":"Wathumulla","gn_pcode":"LK1131020","on_boundary":false,"marshall_cul":true,"exclusion_reason":null},"geometry":{"type":"Point","coordinates":[79.87061328290987,6.8284549188445345]}},{"type":"Feature","properties":{"node_id":81,"degree":1,"jtype":"culdesac","gn_name":"Wathumulla","gn_pcode":"LK1131020","on_boundary":true,"marshall_cul":false,"exclusion_reason":"boundary_artifact"},"geometry":{"type":"Point","coordinates":[79.87065819867409,6.828107060886187]}},{"type":"Feature","properties":{"node_id":82,"degree":1,"jtype":"culdesac","gn_name":"Wathumulla","gn_pcode":"LK1131020","on_boundary":false,"marshall_cul":true,"exclusion_reason":null},"geometry":{"type":"Point","coordinates":[79.87068514813261,6.828784937699447]}},{"type":"Feature","properties":{"node_id":89,"degree":1,"jtype":"culdesac","gn_name":"Wathumulla","gn_pcode":"LK1131020","on_boundary":false,"marshall_cul":true,"exclusion_reason":null},"geometry":{"type":"Point","coordinates":[79.87104447424625,6.833949257147826]}},{"type":"Feature","properties":{"node_id":90,"degree":1,"jtype":"culdesac","gn_name":"Wathumulla","gn_pcode":"LK1131020","on_boundary":false,"marshall_cul":true,"exclusion_reason":null},"geometry":{"type":"Point","coordinates":[79.87105345739909,6.834154401673672]}},{"type":"Feature","properties":{"node_id":91,"degree":1,"jtype":"culdesac","gn_name":"Wathumulla","gn_pcode":"LK1131020","on_boundary":true,"marshall_cul":false,"exclusion_reason":"boundary_artifact"},"geometry":{"type":"Point","coordinates":[79.87116125523318,6.828401402252019]}},{"type":"Feature","properties":{"node_id":92,"degree":1,"jtype":"culdesac","gn_name":"Wathumulla","gn_pcode":"LK1131020","on_boundary":true,"marshall_cul":false,"exclusion_reason":"boundary_artifact"},"geometry":{"type":"Point","coordinates":[79.87121515415024,6.836963980885283]}},{"type":"Feature","properties":{"node_id":93,"degree":1,"jtype":"culdesac","gn_name":"Wathumulla","gn_pcode":"LK1131020","on_boundary":true,"marshall_cul":false,"exclusion_reason":"boundary_artifact"},"geometry":{"type":"Point","coordinates":[79.87124210360876,6.8284281605490245]}},{"type":"Feature","properties":{"node_id":95,"degree":1,"jtype":"culdesac","gn_name":"Wathumulla","gn_pcode":"LK1131020","on_boundary":false,"marshall_cul":true,"exclusion_reason":null},"geometry":{"type":"Point","coordinates":[79.87134990144285,6.830122849643956]}},{"type":"Feature","properties":{"node_id":97,"degree":1,"jtype":"culdesac","gn_name":"Wathumulla","gn_pcode":"LK1131020","on_boundary":true,"marshall_cul":false,"exclusion_reason":"boundary_artifact"},"geometry":{"type":"Point","coordinates":[79.8713588845957,6.837017496519497]}},{"type":"Feature","properties":{"node_id":99,"degree":1,"jtype":"culdesac","gn_name":"Wathumulla","gn_pcode":"LK1131020","on_boundary":false,"marshall_cul":true,"exclusion_reason":null},"geometry":{"type":"Point","coordinates":[79.87138583405422,6.834930382344723]}},{"type":"Feature","properties":{"node_id":100,"degree":1,"jtype":"culdesac","gn_name":"Wathumulla","gn_pcode":"LK1131020","on_boundary":false,"marshall_cul":true,"exclusion_reason":null},"geometry":{"type":"Point","coordinates":[79.87139481720706,6.836500178471058]}},{"type":"Feature","properties":{"node_id":101,"degree":1,"jtype":"culdesac","gn_name":"Wathumulla","gn_pcode":"LK1131020","on_boundary":false,"marshall_cul":true,"exclusion_reason":null},"geometry":{"type":"Point","coordinates":[79.87146668242978,6.836705321902097]}},{"type":"Feature","properties":{"node_id":103,"degree":1,"jtype":"culdesac","gn_name":"Wathumulla","gn_pcode":"LK1131020","on_boundary":true,"marshall_cul":false,"exclusion_reason":"boundary_artifact"},"geometry":{"type":"Point","coordinates":[79.87153854765252,6.828481677138548]}},{"type":"Feature","properties":{"node_id":105,"degree":1,"jtype":"culdesac","gn_name":"Wathumulla","gn_pcode":"LK1131020","on_boundary":false,"marshall_cul":true,"exclusion_reason":null},"geometry":{"type":"Point","coordinates":[79.8715565139582,6.836339631376646]}},{"type":"Feature","properties":{"node_id":106,"degree":1,"jtype":"culdesac","gn_name":"Wathumulla","gn_pcode":"LK1131020","on_boundary":false,"marshall_cul":true,"exclusion_reason":null},"geometry":{"type":"Point","coordinates":[79.87156549711104,6.834136563022746]}},{"type":"Feature","properties":{"node_id":107,"degree":1,"jtype":"culdesac","gn_name":"Wathumulla","gn_pcode":"LK1131020","on_boundary":false,"marshall_cul":true,"exclusion_reason":null},"geometry":{"type":"Point","coordinates":[79.87156549711104,6.835108768527815]}},{"type":"Feature","properties":{"node_id":110,"degree":1,"jtype":"culdesac","gn_name":"Wathumulla","gn_pcode":"LK1131020","on_boundary":false,"marshall_cul":true,"exclusion_reason":null},"geometry":{"type":"Point","coordinates":[79.87179905908492,6.830604497027982]}},{"type":"Feature","properties":{"node_id":111,"degree":1,"jtype":"culdesac","gn_name":"Wathumulla","gn_pcode":"LK1131020","on_boundary":false,"marshall_cul":true,"exclusion_reason":null},"geometry":{"type":"Point","coordinates":[79.8718170253906,6.832138629907272]}},{"type":"Feature","properties":{"node_id":113,"degree":1,"jtype":"culdesac","gn_name":"Wathumulla","gn_pcode":"LK1131020","on_boundary":false,"marshall_cul":true,"exclusion_reason":null},"geometry":{"type":"Point","coordinates":[79.87194278953038,6.833860063848264]}},{"type":"Feature","properties":{"node_id":114,"degree":1,"jtype":"culdesac","gn_name":"Wathumulla","gn_pcode":"LK1131020","on_boundary":false,"marshall_cul":true,"exclusion_reason":null},"geometry":{"type":"Point","coordinates":[79.87194278953038,6.834778754036756]}},{"type":"Feature","properties":{"node_id":116,"degree":1,"jtype":"culdesac","gn_name":"Wathumulla","gn_pcode":"LK1131020","on_boundary":true,"marshall_cul":false,"exclusion_reason":"boundary_artifact"},"geometry":{"type":"Point","coordinates":[79.87208651997582,6.83660720983737]}},{"type":"Feature","properties":{"node_id":118,"degree":1,"jtype":"culdesac","gn_name":"Wathumulla","gn_pcode":"LK1131020","on_boundary":true,"marshall_cul":false,"exclusion_reason":"boundary_artifact"},"geometry":{"type":"Point","coordinates":[79.87226618303265,6.83608097205554]}},{"type":"Feature","properties":{"node_id":119,"degree":1,"jtype":"culdesac","gn_name":"Wathumulla","gn_pcode":"LK1131020","on_boundary":true,"marshall_cul":false,"exclusion_reason":"boundary_artifact"},"geometry":{"type":"Point","coordinates":[79.87235601456108,6.835777716121491]}},{"type":"Feature","properties":{"node_id":120,"degree":1,"jtype":"culdesac","gn_name":"Wathumulla","gn_pcode":"LK1131020","on_boundary":true,"marshall_cul":false,"exclusion_reason":"boundary_artifact"},"geometry":{"type":"Point","coordinates":[79.87240991347812,6.83555473369429]}},{"type":"Feature","properties":{"node_id":121,"degree":1,"jtype":"culdesac","gn_name":"Wathumulla","gn_pcode":"LK1131020","on_boundary":true,"marshall_cul":false,"exclusion_reason":"boundary_artifact"},"geometry":{"type":"Point","coordinates":[79.87245482924233,6.835304993252326]}},{"type":"Feature","properties":{"node_id":122,"degree":1,"jtype":"culdesac","gn_name":"Wathumulla","gn_pcode":"LK1131020","on_boundary":true,"marshall_cul":false,"exclusion_reason":"boundary_artifact"},"geometry":{"type":"Point","coordinates":[79.87248177870084,6.835180122982411]}},{"type":"Feature","properties":{"node_id":124,"degree":1,"jtype":"culdesac","gn_name":"Wathumulla","gn_pcode":"LK1131020","on_boundary":true,"marshall_cul":false,"exclusion_reason":"boundary_artifact"},"geometry":{"type":"Point","coordinates":[79.87251771131221,6.834832269915648]}},{"type":"Feature","properties":{"node_id":126,"degree":1,"jtype":"culdesac","gn_name":"Wathumulla","gn_pcode":"LK1131020","on_boundary":true,"marshall_cul":false,"exclusion_reason":"boundary_artifact"},"geometry":{"type":"Point","coordinates":[79.87259855968777,6.828651146299216]}},{"type":"Feature","properties":{"node_id":128,"degree":1,"jtype":"culdesac","gn_name":"Wathumulla","gn_pcode":"LK1131020","on_boundary":true,"marshall_cul":false,"exclusion_reason":"boundary_artifact"},"geometry":{"type":"Point","coordinates":[79.8726255091463,6.829971219811579]}},{"type":"Feature","properties":{"node_id":129,"degree":1,"jtype":"culdesac","gn_name":"Wathumulla","gn_pcode":"LK1131020","on_boundary":true,"marshall_cul":false,"exclusion_reason":"boundary_artifact"},"geometry":{"type":"Point","coordinates":[79.87263449229914,6.829641201774972]}},{"type":"Feature","properties":{"node_id":130,"degree":1,"jtype":"culdesac","gn_name":"Wathumulla","gn_pcode":"LK1131020","on_boundary":true,"marshall_cul":false,"exclusion_reason":"boundary_artifact"},"geometry":{"type":"Point","coordinates":[79.87265245860482,6.831585629087776]}},{"type":"Feature","properties":{"node_id":131,"degree":1,"jtype":"culdesac","gn_name":"Wathumulla","gn_pcode":"LK1131020","on_boundary":true,"marshall_cul":false,"exclusion_reason":"boundary_artifact"},"geometry":{"type":"Point","coordinates":[79.87265245860482,6.833547887168755]}},{"type":"Feature","properties":{"node_id":132,"degree":1,"jtype":"culdesac","gn_name":"Wathumulla","gn_pcode":"LK1131020","on_boundary":true,"marshall_cul":false,"exclusion_reason":"boundary_artifact"},"geometry":{"type":"Point","coordinates":[79.87266144175767,6.833494371146086]}},{"type":"Feature","properties":{"node_id":133,"degree":1,"jtype":"culdesac","gn_name":"Wathumulla","gn_pcode":"LK1131020","on_boundary":true,"marshall_cul":false,"exclusion_reason":"boundary_artifact"},"geometry":{"type":"Point","coordinates":[79.87267940806335,6.82956984649388]}},{"type":"Feature","properties":{"node_id":134,"degree":1,"jtype":"culdesac","gn_name":"Wathumulla","gn_pcode":"LK1131020","on_boundary":true,"marshall_cul":false,"exclusion_reason":"boundary_artifact"},"geometry":{"type":"Point","coordinates":[79.87267940806335,6.831746177778665]}},{"type":"Feature","properties":{"node_id":136,"degree":1,"jtype":"culdesac","gn_name":"Wathumulla","gn_pcode":"LK1131020","on_boundary":true,"marshall_cul":false,"exclusion_reason":"boundary_artifact"},"geometry":{"type":"Point","coordinates":[79.8727333069804,6.833066242749105]}},{"type":"Feature","properties":{"node_id":137,"degree":1,"jtype":"culdesac","gn_name":"Wathumulla","gn_pcode":"LK1131020","on_boundary":true,"marshall_cul":false,"exclusion_reason":"boundary_artifact"},"geometry":{"type":"Point","coordinates":[79.87275127328607,6.832985968631993]}},{"type":"Feature","properties":{"node_id":138,"degree":1,"jtype":"culdesac","gn_name":"Wathumulla","gn_pcode":"LK1131020","on_boundary":false,"marshall_cul":true,"exclusion_reason":null},"geometry":{"type":"Point","coordinates":[79.87281415535597,6.829016842704555]}},{"type":"Feature","properties":{"node_id":140,"degree":1,"jtype":"culdesac","gn_name":"Wathumulla","gn_pcode":"LK1131020","on_boundary":true,"marshall_cul":false,"exclusion_reason":"boundary_artifact"},"geometry":{"type":"Point","coordinates":[79.87283212166165,6.8323972913614]}},{"type":"Feature","properties":{"node_id":142,"degree":1,"jtype":"culdesac","gn_name":"Wathumulla","gn_pcode":"LK1131020","on_boundary":true,"marshall_cul":false,"exclusion_reason":"boundary_artifact"},"geometry":{"type":"Point","coordinates":[79.87298483525996,6.829560927082993]}},{"type":"Feature","properties":{"node_id":143,"degree":1,"jtype":"culdesac","gn_name":"Wathumulla","gn_pcode":"LK1131020","on_boundary":true,"marshall_cul":false,"exclusion_reason":"boundary_artifact"},"geometry":{"type":"Point","coordinates":[79.87324534669234,6.829552007671943]}},{"type":"Feature","properties":{"node_id":144,"degree":1,"jtype":"culdesac","gn_name":"Wathumulla","gn_pcode":"LK1131020","on_boundary":true,"marshall_cul":false,"exclusion_reason":"boundary_artifact"},"geometry":{"type":"Point","coordinates":[79.87346094236052,6.8288295348245445]}},{"type":"Feature","properties":{"node_id":1,"degree":1,"jtype":"culdesac","gn_name":"Wedikanda","gn_pcode":"LK1131045","on_boundary":false,"marshall_cul":true,"exclusion_reason":null},"geometry":{"type":"Point","coordinates":[79.86324709758009,6.829141714583826]}},{"type":"Feature","properties":{"node_id":2,"degree":1,"jtype":"culdesac","gn_name":"Wedikanda","gn_pcode":"LK1131045","on_boundary":false,"marshall_cul":true,"exclusion_reason":null},"geometry":{"type":"Point","coordinates":[79.86360642369374,6.826421284121378]}},{"type":"Feature","properties":{"node_id":3,"degree":1,"jtype":"culdesac","gn_name":"Wedikanda","gn_pcode":"LK1131045","on_boundary":false,"marshall_cul":true,"exclusion_reason":null},"geometry":{"type":"Point","coordinates":[79.86360642369374,6.827919752650024]}},{"type":"Feature","properties":{"node_id":4,"degree":1,"jtype":"culdesac","gn_name":"Wedikanda","gn_pcode":"LK1131045","on_boundary":true,"marshall_cul":false,"exclusion_reason":"boundary_artifact"},"geometry":{"type":"Point","coordinates":[79.86361540684658,6.829908783984277]}},{"type":"Feature","properties":{"node_id":5,"degree":1,"jtype":"culdesac","gn_name":"Wedikanda","gn_pcode":"LK1131045","on_boundary":true,"marshall_cul":false,"exclusion_reason":"boundary_artifact"},"geometry":{"type":"Point","coordinates":[79.86363337315227,6.830247721234532]}},{"type":"Feature","properties":{"node_id":6,"degree":1,"jtype":"culdesac","gn_name":"Wedikanda","gn_pcode":"LK1131045","on_boundary":true,"marshall_cul":false,"exclusion_reason":"boundary_artifact"},"geometry":{"type":"Point","coordinates":[79.86366032261078,6.8305063837113105]}},{"type":"Feature","properties":{"node_id":7,"degree":1,"jtype":"culdesac","gn_name":"Wedikanda","gn_pcode":"LK1131045","on_boundary":true,"marshall_cul":false,"exclusion_reason":"boundary_artifact"},"geometry":{"type":"Point","coordinates":[79.86368727206931,6.829498491202144]}},{"type":"Feature","properties":{"node_id":9,"degree":1,"jtype":"culdesac","gn_name":"Wedikanda","gn_pcode":"LK1131045","on_boundary":false,"marshall_cul":true,"exclusion_reason":null},"geometry":{"type":"Point","coordinates":[79.86383998566762,6.825092281322151]}},{"type":"Feature","properties":{"node_id":11,"degree":1,"jtype":"culdesac","gn_name":"Wedikanda","gn_pcode":"LK1131045","on_boundary":false,"marshall_cul":true,"exclusion_reason":null},"geometry":{"type":"Point","coordinates":[79.86392083404318,6.8247890184213915]}},{"type":"Feature","properties":{"node_id":13,"degree":1,"jtype":"culdesac","gn_name":"Wedikanda","gn_pcode":"LK1131045","on_boundary":false,"marshall_cul":true,"exclusion_reason":null},"geometry":{"type":"Point","coordinates":[79.86403761503013,6.825796920849758]}},{"type":"Feature","properties":{"node_id":15,"degree":1,"jtype":"culdesac","gn_name":"Wedikanda","gn_pcode":"LK1131045","on_boundary":false,"marshall_cul":true,"exclusion_reason":null},"geometry":{"type":"Point","coordinates":[79.86424422754547,6.8296322823654165]}},{"type":"Feature","properties":{"node_id":18,"degree":1,"jtype":"culdesac","gn_name":"Wedikanda","gn_pcode":"LK1131045","on_boundary":false,"marshall_cul":true,"exclusion_reason":null},"geometry":{"type":"Point","coordinates":[79.86449575582502,6.828668985154741]}},{"type":"Feature","properties":{"node_id":22,"degree":1,"jtype":"culdesac","gn_name":"Wedikanda","gn_pcode":"LK1131045","on_boundary":true,"marshall_cul":false,"exclusion_reason":"boundary_artifact"},"geometry":{"type":"Point","coordinates":[79.86463050311764,6.830203124241639]}},{"type":"Feature","properties":{"node_id":24,"degree":1,"jtype":"culdesac","gn_name":"Wedikanda","gn_pcode":"LK1131045","on_boundary":false,"marshall_cul":true,"exclusion_reason":null},"geometry":{"type":"Point","coordinates":[79.86470236834036,6.827215116247755]}},{"type":"Feature","properties":{"node_id":25,"degree":1,"jtype":"culdesac","gn_name":"Wedikanda","gn_pcode":"LK1131045","on_boundary":true,"marshall_cul":false,"exclusion_reason":"boundary_artifact"},"geometry":{"type":"Point","coordinates":[79.86470236834036,6.830122849643956]}},{"type":"Feature","properties":{"node_id":27,"degree":1,"jtype":"culdesac","gn_name":"Wedikanda","gn_pcode":"LK1131045","on_boundary":true,"marshall_cul":false,"exclusion_reason":"boundary_artifact"},"geometry":{"type":"Point","coordinates":[79.86479219986877,6.830078252639423]}},{"type":"Feature","properties":{"node_id":29,"degree":1,"jtype":"culdesac","gn_name":"Wedikanda","gn_pcode":"LK1131045","on_boundary":false,"marshall_cul":true,"exclusion_reason":null},"geometry":{"type":"Point","coordinates":[79.8649269471614,6.823790033389641]}},{"type":"Feature","properties":{"node_id":30,"degree":1,"jtype":"culdesac","gn_name":"Wedikanda","gn_pcode":"LK1131045","on_boundary":false,"marshall_cul":true,"exclusion_reason":null},"geometry":{"type":"Point","coordinates":[79.8649269471614,6.825252832191834]}},{"type":"Feature","properties":{"node_id":31,"degree":1,"jtype":"culdesac","gn_name":"Wedikanda","gn_pcode":"LK1131045","on_boundary":false,"marshall_cul":true,"exclusion_reason":null},"geometry":{"type":"Point","coordinates":[79.86495389661992,6.8209179398142155]}},{"type":"Feature","properties":{"node_id":32,"degree":1,"jtype":"culdesac","gn_name":"Wedikanda","gn_pcode":"LK1131045","on_boundary":true,"marshall_cul":false,"exclusion_reason":"boundary_artifact"},"geometry":{"type":"Point","coordinates":[79.86495389661992,6.830096091441735]}},{"type":"Feature","properties":{"node_id":35,"degree":1,"jtype":"culdesac","gn_name":"Wedikanda","gn_pcode":"LK1131045","on_boundary":false,"marshall_cul":true,"exclusion_reason":null},"geometry":{"type":"Point","coordinates":[79.86502576184266,6.8206592721561]}},{"type":"Feature","properties":{"node_id":37,"degree":1,"jtype":"culdesac","gn_name":"Wedikanda","gn_pcode":"LK1131045","on_boundary":true,"marshall_cul":false,"exclusion_reason":"boundary_artifact"},"geometry":{"type":"Point","coordinates":[79.86505271130117,6.830113930243383]}},{"type":"Feature","properties":{"node_id":38,"degree":1,"jtype":"culdesac","gn_name":"Wedikanda","gn_pcode":"LK1131045","on_boundary":false,"marshall_cul":true,"exclusion_reason":null},"geometry":{"type":"Point","coordinates":[79.86506169445401,6.8295876853151505]}},{"type":"Feature","properties":{"node_id":39,"degree":1,"jtype":"culdesac","gn_name":"Wedikanda","gn_pcode":"LK1131045","on_boundary":false,"marshall_cul":true,"exclusion_reason":null},"geometry":{"type":"Point","coordinates":[79.86511559337107,6.82041844352126]}},{"type":"Feature","properties":{"node_id":44,"degree":1,"jtype":"culdesac","gn_name":"Wedikanda","gn_pcode":"LK1131045","on_boundary":true,"marshall_cul":false,"exclusion_reason":"boundary_artifact"},"geometry":{"type":"Point","coordinates":[79.86528627327505,6.830149607844681]}},{"type":"Feature","properties":{"node_id":46,"degree":1,"jtype":"culdesac","gn_name":"Wedikanda","gn_pcode":"LK1131045","on_boundary":false,"marshall_cul":true,"exclusion_reason":null},"geometry":{"type":"Point","coordinates":[79.86533118903925,6.825359866075042]}},{"type":"Feature","properties":{"node_id":51,"degree":1,"jtype":"culdesac","gn_name":"Wedikanda","gn_pcode":"LK1131045","on_boundary":false,"marshall_cul":true,"exclusion_reason":null},"geometry":{"type":"Point","coordinates":[79.86554678470745,6.8275808137505924]}},{"type":"Feature","properties":{"node_id":52,"degree":1,"jtype":"culdesac","gn_name":"Wedikanda","gn_pcode":"LK1131045","on_boundary":true,"marshall_cul":false,"exclusion_reason":"boundary_artifact"},"geometry":{"type":"Point","coordinates":[79.86567254884721,6.830194204842561]}},{"type":"Feature","properties":{"node_id":55,"degree":1,"jtype":"culdesac","gn_name":"Wedikanda","gn_pcode":"LK1131045","on_boundary":false,"marshall_cul":true,"exclusion_reason":null},"geometry":{"type":"Point","coordinates":[79.86574441406995,6.825672048097701]}},{"type":"Feature","properties":{"node_id":56,"degree":1,"jtype":"culdesac","gn_name":"Wedikanda","gn_pcode":"LK1131045","on_boundary":false,"marshall_cul":true,"exclusion_reason":null},"geometry":{"type":"Point","coordinates":[79.86575339722279,6.826180458384526]}},{"type":"Feature","properties":{"node_id":58,"degree":1,"jtype":"culdesac","gn_name":"Wedikanda","gn_pcode":"LK1131045","on_boundary":false,"marshall_cul":true,"exclusion_reason":null},"geometry":{"type":"Point","coordinates":[79.86590611082109,6.821016055096272]}},{"type":"Feature","properties":{"node_id":60,"degree":1,"jtype":"culdesac","gn_name":"Wedikanda","gn_pcode":"LK1131045","on_boundary":false,"marshall_cul":true,"exclusion_reason":null},"geometry":{"type":"Point","coordinates":[79.86602289180802,6.824182492043562]}},{"type":"Feature","properties":{"node_id":61,"degree":1,"jtype":"culdesac","gn_name":"Wedikanda","gn_pcode":"LK1131045","on_boundary":false,"marshall_cul":true,"exclusion_reason":null},"geometry":{"type":"Point","coordinates":[79.86602289180802,6.827661088774786]}},{"type":"Feature","properties":{"node_id":64,"degree":1,"jtype":"culdesac","gn_name":"Wedikanda","gn_pcode":"LK1131045","on_boundary":true,"marshall_cul":false,"exclusion_reason":"boundary_artifact"},"geometry":{"type":"Point","coordinates":[79.8660408581137,6.819758394049595]}},{"type":"Feature","properties":{"node_id":65,"degree":1,"jtype":"culdesac","gn_name":"Wedikanda","gn_pcode":"LK1131045","on_boundary":true,"marshall_cul":false,"exclusion_reason":"boundary_artifact"},"geometry":{"type":"Point","coordinates":[79.86605882441938,6.830283398825851]}},{"type":"Feature","properties":{"node_id":68,"degree":1,"jtype":"culdesac","gn_name":"Wedikanda","gn_pcode":"LK1131045","on_boundary":false,"marshall_cul":true,"exclusion_reason":null},"geometry":{"type":"Point","coordinates":[79.86611272333644,6.823281620564229]}},{"type":"Feature","properties":{"node_id":70,"degree":1,"jtype":"culdesac","gn_name":"Wedikanda","gn_pcode":"LK1131045","on_boundary":false,"marshall_cul":true,"exclusion_reason":null},"geometry":{"type":"Point","coordinates":[79.86613068964212,6.822621575038214]}},{"type":"Feature","properties":{"node_id":71,"degree":1,"jtype":"culdesac","gn_name":"Wedikanda","gn_pcode":"LK1131045","on_boundary":true,"marshall_cul":false,"exclusion_reason":"boundary_artifact"},"geometry":{"type":"Point","coordinates":[79.86615763910065,6.830327995811259]}},{"type":"Feature","properties":{"node_id":74,"degree":1,"jtype":"culdesac","gn_name":"Wedikanda","gn_pcode":"LK1131045","on_boundary":false,"marshall_cul":true,"exclusion_reason":null},"geometry":{"type":"Point","coordinates":[79.86631933585178,6.821845574404947]}},{"type":"Feature","properties":{"node_id":78,"degree":1,"jtype":"culdesac","gn_name":"Wedikanda","gn_pcode":"LK1131045","on_boundary":false,"marshall_cul":true,"exclusion_reason":null},"geometry":{"type":"Point","coordinates":[79.86646306629724,6.8298374287430965]}},{"type":"Feature","properties":{"node_id":79,"degree":1,"jtype":"culdesac","gn_name":"Wedikanda","gn_pcode":"LK1131045","on_boundary":true,"marshall_cul":false,"exclusion_reason":"boundary_artifact"},"geometry":{"type":"Point","coordinates":[79.86649001575576,6.830515303104567]}},{"type":"Feature","properties":{"node_id":83,"degree":1,"jtype":"culdesac","gn_name":"Wedikanda","gn_pcode":"LK1131045","on_boundary":false,"marshall_cul":true,"exclusion_reason":null},"geometry":{"type":"Point","coordinates":[79.8665439146728,6.827411344210852]}},{"type":"Feature","properties":{"node_id":88,"degree":1,"jtype":"culdesac","gn_name":"Wedikanda","gn_pcode":"LK1131045","on_boundary":false,"marshall_cul":true,"exclusion_reason":null},"geometry":{"type":"Point","coordinates":[79.86662476304838,6.8212568834306575]}},{"type":"Feature","properties":{"node_id":89,"degree":1,"jtype":"culdesac","gn_name":"Wedikanda","gn_pcode":"LK1131045","on_boundary":false,"marshall_cul":true,"exclusion_reason":null},"geometry":{"type":"Point","coordinates":[79.86664272935406,6.827830558226081]}},{"type":"Feature","properties":{"node_id":91,"degree":1,"jtype":"culdesac","gn_name":"Wedikanda","gn_pcode":"LK1131045","on_boundary":false,"marshall_cul":true,"exclusion_reason":null},"geometry":{"type":"Point","coordinates":[79.86678645979953,6.824128974973333]}},{"type":"Feature","properties":{"node_id":92,"degree":1,"jtype":"culdesac","gn_name":"Wedikanda","gn_pcode":"LK1131045","on_boundary":true,"marshall_cul":false,"exclusion_reason":"boundary_artifact"},"geometry":{"type":"Point","coordinates":[79.86679544295237,6.8306401745926895]}},{"type":"Feature","properties":{"node_id":93,"degree":1,"jtype":"culdesac","gn_name":"Wedikanda","gn_pcode":"LK1131045","on_boundary":false,"marshall_cul":true,"exclusion_reason":null},"geometry":{"type":"Point","coordinates":[79.8668044261052,6.825600692224757]}},{"type":"Feature","properties":{"node_id":94,"degree":1,"jtype":"culdesac","gn_name":"Wedikanda","gn_pcode":"LK1131045","on_boundary":false,"marshall_cul":true,"exclusion_reason":null},"geometry":{"type":"Point","coordinates":[79.86683137556373,6.823798952908075]}},{"type":"Feature","properties":{"node_id":96,"degree":1,"jtype":"culdesac","gn_name":"Wedikanda","gn_pcode":"LK1131045","on_boundary":true,"marshall_cul":false,"exclusion_reason":"boundary_artifact"},"geometry":{"type":"Point","coordinates":[79.86687629132794,6.820052740547954]}},{"type":"Feature","properties":{"node_id":99,"degree":1,"jtype":"culdesac","gn_name":"Wedikanda","gn_pcode":"LK1131045","on_boundary":false,"marshall_cul":true,"exclusion_reason":null},"geometry":{"type":"Point","coordinates":[79.86693917339782,6.827438102563223]}},{"type":"Feature","properties":{"node_id":100,"degree":1,"jtype":"culdesac","gn_name":"Wedikanda","gn_pcode":"LK1131045","on_boundary":true,"marshall_cul":false,"exclusion_reason":"boundary_artifact"},"geometry":{"type":"Point","coordinates":[79.86696612285635,6.830702610324527]}},{"type":"Feature","properties":{"node_id":102,"degree":1,"jtype":"culdesac","gn_name":"Wedikanda","gn_pcode":"LK1131045","on_boundary":true,"marshall_cul":false,"exclusion_reason":"boundary_artifact"},"geometry":{"type":"Point","coordinates":[79.86699307231487,6.82011517766072]}},{"type":"Feature","properties":{"node_id":103,"degree":1,"jtype":"culdesac","gn_name":"Wedikanda","gn_pcode":"LK1131045","on_boundary":true,"marshall_cul":false,"exclusion_reason":"boundary_artifact"},"geometry":{"type":"Point","coordinates":[79.86702900492624,6.83072936849282]}},{"type":"Feature","properties":{"node_id":105,"degree":1,"jtype":"culdesac","gn_name":"Wedikanda","gn_pcode":"LK1131045","on_boundary":false,"marshall_cul":true,"exclusion_reason":null},"geometry":{"type":"Point","coordinates":[79.86707392069044,6.828981165018779]}},{"type":"Feature","properties":{"node_id":107,"degree":1,"jtype":"culdesac","gn_name":"Wedikanda","gn_pcode":"LK1131045","on_boundary":false,"marshall_cul":true,"exclusion_reason":null},"geometry":{"type":"Point","coordinates":[79.86711883645465,6.828651146299216]}},{"type":"Feature","properties":{"node_id":109,"degree":1,"jtype":"culdesac","gn_name":"Wedikanda","gn_pcode":"LK1131045","on_boundary":true,"marshall_cul":false,"exclusion_reason":"boundary_artifact"},"geometry":{"type":"Point","coordinates":[79.86725358374727,6.820231132277126]}},{"type":"Feature","properties":{"node_id":110,"degree":1,"jtype":"culdesac","gn_name":"Wedikanda","gn_pcode":"LK1131045","on_boundary":false,"marshall_cul":true,"exclusion_reason":null},"geometry":{"type":"Point","coordinates":[79.86727155005296,6.828401402252019]}},{"type":"Feature","properties":{"node_id":111,"degree":1,"jtype":"culdesac","gn_name":"Wedikanda","gn_pcode":"LK1131045","on_boundary":false,"marshall_cul":true,"exclusion_reason":null},"geometry":{"type":"Point","coordinates":[79.8672805332058,6.829614443545808]}},{"type":"Feature","properties":{"node_id":113,"degree":1,"jtype":"culdesac","gn_name":"Wedikanda","gn_pcode":"LK1131045","on_boundary":false,"marshall_cul":true,"exclusion_reason":null},"geometry":{"type":"Point","coordinates":[79.86735239842852,6.827384585856986]}},{"type":"Feature","properties":{"node_id":114,"degree":1,"jtype":"culdesac","gn_name":"Wedikanda","gn_pcode":"LK1131045","on_boundary":false,"marshall_cul":true,"exclusion_reason":null},"geometry":{"type":"Point","coordinates":[79.86736138158136,6.825663128614165]}},{"type":"Feature","properties":{"node_id":115,"degree":1,"jtype":"culdesac","gn_name":"Wedikanda","gn_pcode":"LK1131045","on_boundary":false,"marshall_cul":true,"exclusion_reason":null},"geometry":{"type":"Point","coordinates":[79.86740629734557,6.823620562507818]}},{"type":"Feature","properties":{"node_id":117,"degree":1,"jtype":"culdesac","gn_name":"Wedikanda","gn_pcode":"LK1131045","on_boundary":false,"marshall_cul":true,"exclusion_reason":null},"geometry":{"type":"Point","coordinates":[79.86750511202682,6.828883051369173]}},{"type":"Feature","properties":{"node_id":119,"degree":1,"jtype":"culdesac","gn_name":"Wedikanda","gn_pcode":"LK1131045","on_boundary":true,"marshall_cul":false,"exclusion_reason":"boundary_artifact"},"geometry":{"type":"Point","coordinates":[79.86755002779103,6.820409523939867]}},{"type":"Feature","properties":{"node_id":120,"degree":1,"jtype":"culdesac","gn_name":"Wedikanda","gn_pcode":"LK1131045","on_boundary":false,"marshall_cul":true,"exclusion_reason":null},"geometry":{"type":"Point","coordinates":[79.86755002779103,6.825788001368547]}},{"type":"Feature","properties":{"node_id":122,"degree":1,"jtype":"culdesac","gn_name":"Wedikanda","gn_pcode":"LK1131045","on_boundary":false,"marshall_cul":true,"exclusion_reason":null},"geometry":{"type":"Point","coordinates":[79.86770274138932,6.829302264094994]}},{"type":"Feature","properties":{"node_id":126,"degree":1,"jtype":"culdesac","gn_name":"Wedikanda","gn_pcode":"LK1131045","on_boundary":false,"marshall_cul":true,"exclusion_reason":null},"geometry":{"type":"Point","coordinates":[79.86777460661204,6.82354028680602]}},{"type":"Feature","properties":{"node_id":128,"degree":1,"jtype":"culdesac","gn_name":"Wedikanda","gn_pcode":"LK1131045","on_boundary":true,"marshall_cul":false,"exclusion_reason":"boundary_artifact"},"geometry":{"type":"Point","coordinates":[79.86781952237627,6.8305063837113105]}},{"type":"Feature","properties":{"node_id":130,"degree":1,"jtype":"culdesac","gn_name":"Wedikanda","gn_pcode":"LK1131045","on_boundary":true,"marshall_cul":false,"exclusion_reason":"boundary_artifact"},"geometry":{"type":"Point","coordinates":[79.8678464718348,6.82690293523155]}},{"type":"Feature","properties":{"node_id":131,"degree":1,"jtype":"culdesac","gn_name":"Wedikanda","gn_pcode":"LK1131045","on_boundary":false,"marshall_cul":true,"exclusion_reason":null},"geometry":{"type":"Point","coordinates":[79.8678464718348,6.828535193722085]}},{"type":"Feature","properties":{"node_id":133,"degree":1,"jtype":"culdesac","gn_name":"Wedikanda","gn_pcode":"LK1131045","on_boundary":true,"marshall_cul":false,"exclusion_reason":"boundary_artifact"},"geometry":{"type":"Point","coordinates":[79.86786443814047,6.820837663659403]}},{"type":"Feature","properties":{"node_id":135,"degree":1,"jtype":"culdesac","gn_name":"Wedikanda","gn_pcode":"LK1131045","on_boundary":false,"marshall_cul":true,"exclusion_reason":null},"geometry":{"type":"Point","coordinates":[79.86792732021036,6.8224521037428625]}},{"type":"Feature","properties":{"node_id":136,"degree":1,"jtype":"culdesac","gn_name":"Wedikanda","gn_pcode":"LK1131045","on_boundary":false,"marshall_cul":true,"exclusion_reason":null},"geometry":{"type":"Point","coordinates":[79.86797223597456,6.821515550766052]}},{"type":"Feature","properties":{"node_id":140,"degree":1,"jtype":"culdesac","gn_name":"Wedikanda","gn_pcode":"LK1131045","on_boundary":true,"marshall_cul":false,"exclusion_reason":"boundary_artifact"},"geometry":{"type":"Point","coordinates":[79.86802613489161,6.82584151825331]}},{"type":"Feature","properties":{"node_id":141,"degree":1,"jtype":"culdesac","gn_name":"Wedikanda","gn_pcode":"LK1131045","on_boundary":false,"marshall_cul":true,"exclusion_reason":null},"geometry":{"type":"Point","coordinates":[79.86803511804445,6.821961528602467]}},{"type":"Feature","properties":{"node_id":142,"degree":1,"jtype":"culdesac","gn_name":"Wedikanda","gn_pcode":"LK1131045","on_boundary":true,"marshall_cul":false,"exclusion_reason":"boundary_artifact"},"geometry":{"type":"Point","coordinates":[79.8680441011973,6.8255650142842965]}},{"type":"Feature","properties":{"node_id":143,"degree":1,"jtype":"culdesac","gn_name":"Wedikanda","gn_pcode":"LK1131045","on_boundary":true,"marshall_cul":false,"exclusion_reason":"boundary_artifact"},"geometry":{"type":"Point","coordinates":[79.86806206750298,6.825484738908537]}},{"type":"Feature","properties":{"node_id":144,"degree":1,"jtype":"culdesac","gn_name":"Wedikanda","gn_pcode":"LK1131045","on_boundary":true,"marshall_cul":false,"exclusion_reason":"boundary_artifact"},"geometry":{"type":"Point","coordinates":[79.86806206750298,6.82551149736862]}},{"type":"Feature","properties":{"node_id":145,"degree":1,"jtype":"culdesac","gn_name":"Wedikanda","gn_pcode":"LK1131045","on_boundary":true,"marshall_cul":false,"exclusion_reason":"boundary_artifact"},"geometry":{"type":"Point","coordinates":[79.86808003380865,6.821042813806072]}},{"type":"Feature","properties":{"node_id":148,"degree":1,"jtype":"culdesac","gn_name":"Wedikanda","gn_pcode":"LK1131045","on_boundary":true,"marshall_cul":false,"exclusion_reason":"boundary_artifact"},"geometry":{"type":"Point","coordinates":[79.86814291587855,6.825145798284694]}},{"type":"Feature","properties":{"node_id":149,"degree":1,"jtype":"culdesac","gn_name":"Wedikanda","gn_pcode":"LK1131045","on_boundary":true,"marshall_cul":false,"exclusion_reason":"boundary_artifact"},"geometry":{"type":"Point","coordinates":[79.86816986533707,6.825065522838635]}},{"type":"Feature","properties":{"node_id":153,"degree":1,"jtype":"culdesac","gn_name":"Wedikanda","gn_pcode":"LK1131045","on_boundary":true,"marshall_cul":false,"exclusion_reason":"boundary_artifact"},"geometry":{"type":"Point","coordinates":[79.86825969686548,6.827009968745761]}},{"type":"Feature","properties":{"node_id":154,"degree":1,"jtype":"culdesac","gn_name":"Wedikanda","gn_pcode":"LK1131045","on_boundary":true,"marshall_cul":false,"exclusion_reason":"boundary_artifact"},"geometry":{"type":"Point","coordinates":[79.86827766317116,6.824815776920363]}},{"type":"Feature","properties":{"node_id":155,"degree":1,"jtype":"culdesac","gn_name":"Wedikanda","gn_pcode":"LK1131045","on_boundary":false,"marshall_cul":true,"exclusion_reason":null},"geometry":{"type":"Point","coordinates":[79.86829562947685,6.821765298405605]}},{"type":"Feature","properties":{"node_id":157,"degree":1,"jtype":"culdesac","gn_name":"Wedikanda","gn_pcode":"LK1131045","on_boundary":true,"marshall_cul":false,"exclusion_reason":"boundary_artifact"},"geometry":{"type":"Point","coordinates":[79.86831359578252,6.82121228560009]}},{"type":"Feature","properties":{"node_id":158,"degree":1,"jtype":"culdesac","gn_name":"Wedikanda","gn_pcode":"LK1131045","on_boundary":true,"marshall_cul":false,"exclusion_reason":"boundary_artifact"},"geometry":{"type":"Point","coordinates":[79.86834054524104,6.824601708886717]}},{"type":"Feature","properties":{"node_id":159,"degree":1,"jtype":"culdesac","gn_name":"Wedikanda","gn_pcode":"LK1131045","on_boundary":true,"marshall_cul":false,"exclusion_reason":"boundary_artifact"},"geometry":{"type":"Point","coordinates":[79.86834952839389,6.8270278076624695]}},{"type":"Feature","properties":{"node_id":160,"degree":1,"jtype":"culdesac","gn_name":"Wedikanda","gn_pcode":"LK1131045","on_boundary":false,"marshall_cul":true,"exclusion_reason":null},"geometry":{"type":"Point","coordinates":[79.8683944441581,6.82259481641662]}},{"type":"Feature","properties":{"node_id":161,"degree":1,"jtype":"culdesac","gn_name":"Wedikanda","gn_pcode":"LK1131045","on_boundary":false,"marshall_cul":true,"exclusion_reason":null},"geometry":{"type":"Point","coordinates":[79.8683944441581,6.827607572093487]}},{"type":"Feature","properties":{"node_id":164,"degree":1,"jtype":"culdesac","gn_name":"Wedikanda","gn_pcode":"LK1131045","on_boundary":true,"marshall_cul":false,"exclusion_reason":"boundary_artifact"},"geometry":{"type":"Point","coordinates":[79.86848427568651,6.824244928617934]}},{"type":"Feature","properties":{"node_id":167,"degree":1,"jtype":"culdesac","gn_name":"Wedikanda","gn_pcode":"LK1131045","on_boundary":true,"marshall_cul":false,"exclusion_reason":"boundary_artifact"},"geometry":{"type":"Point","coordinates":[79.8685022419922,6.824004101786204]}},{"type":"Feature","properties":{"node_id":168,"degree":1,"jtype":"culdesac","gn_name":"Wedikanda","gn_pcode":"LK1131045","on_boundary":true,"marshall_cul":false,"exclusion_reason":"boundary_artifact"},"geometry":{"type":"Point","coordinates":[79.8686100398263,6.827081324408603]}},{"type":"Feature","properties":{"node_id":169,"degree":1,"jtype":"culdesac","gn_name":"Wedikanda","gn_pcode":"LK1131045","on_boundary":false,"marshall_cul":true,"exclusion_reason":null},"geometry":{"type":"Point","coordinates":[79.86861902297913,6.822692931355157]}},{"type":"Feature","properties":{"node_id":171,"degree":1,"jtype":"culdesac","gn_name":"Wedikanda","gn_pcode":"LK1131045","on_boundary":true,"marshall_cul":false,"exclusion_reason":"boundary_artifact"},"geometry":{"type":"Point","coordinates":[79.8686549555905,6.823745435794977]}},{"type":"Feature","properties":{"node_id":174,"degree":1,"jtype":"culdesac","gn_name":"Wedikanda","gn_pcode":"LK1131045","on_boundary":true,"marshall_cul":false,"exclusion_reason":"boundary_artifact"},"geometry":{"type":"Point","coordinates":[79.86875377027174,6.828044624815613]}},{"type":"Feature","properties":{"node_id":176,"degree":1,"jtype":"culdesac","gn_name":"Wedikanda","gn_pcode":"LK1131045","on_boundary":true,"marshall_cul":false,"exclusion_reason":"boundary_artifact"},"geometry":{"type":"Point","coordinates":[79.86881665234164,6.8215066312050885]}},{"type":"Feature","properties":{"node_id":177,"degree":1,"jtype":"culdesac","gn_name":"Wedikanda","gn_pcode":"LK1131045","on_boundary":true,"marshall_cul":false,"exclusion_reason":"boundary_artifact"},"geometry":{"type":"Point","coordinates":[79.86884360180015,6.823504608712011]}},{"type":"Feature","properties":{"node_id":178,"degree":1,"jtype":"culdesac","gn_name":"Wedikanda","gn_pcode":"LK1131045","on_boundary":true,"marshall_cul":false,"exclusion_reason":"boundary_artifact"},"geometry":{"type":"Point","coordinates":[79.86888851756436,6.8234421720411]}},{"type":"Feature","properties":{"node_id":179,"degree":1,"jtype":"culdesac","gn_name":"Wedikanda","gn_pcode":"LK1131045","on_boundary":true,"marshall_cul":false,"exclusion_reason":"boundary_artifact"},"geometry":{"type":"Point","coordinates":[79.86894241648142,6.8271615995165815]}},{"type":"Feature","properties":{"node_id":180,"degree":1,"jtype":"culdesac","gn_name":"Wedikanda","gn_pcode":"LK1131045","on_boundary":true,"marshall_cul":false,"exclusion_reason":"boundary_artifact"},"geometry":{"type":"Point","coordinates":[79.86904123116267,6.827188357882918]}},{"type":"Feature","properties":{"node_id":182,"degree":1,"jtype":"culdesac","gn_name":"Wedikanda","gn_pcode":"LK1131045","on_boundary":false,"marshall_cul":true,"exclusion_reason":null},"geometry":{"type":"Point","coordinates":[79.86905919746835,6.822345069209636]}},{"type":"Feature","properties":{"node_id":183,"degree":1,"jtype":"culdesac","gn_name":"Wedikanda","gn_pcode":"LK1131045","on_boundary":true,"marshall_cul":false,"exclusion_reason":"boundary_artifact"},"geometry":{"type":"Point","coordinates":[79.86908614692688,6.827215116247755]}},{"type":"Feature","properties":{"node_id":184,"degree":1,"jtype":"culdesac","gn_name":"Wedikanda","gn_pcode":"LK1131045","on_boundary":true,"marshall_cul":false,"exclusion_reason":"boundary_artifact"},"geometry":{"type":"Point","coordinates":[79.86911309638539,6.823165666686345]}},{"type":"Feature","properties":{"node_id":186,"degree":1,"jtype":"culdesac","gn_name":"Wedikanda","gn_pcode":"LK1131045","on_boundary":true,"marshall_cul":false,"exclusion_reason":"boundary_artifact"},"geometry":{"type":"Point","coordinates":[79.8693107257479,6.822933758846341]}},{"type":"Feature","properties":{"node_id":187,"degree":1,"jtype":"culdesac","gn_name":"Wedikanda","gn_pcode":"LK1131045","on_boundary":false,"marshall_cul":true,"exclusion_reason":null},"geometry":{"type":"Point","coordinates":[79.86938259097063,6.822416425567778]}},{"type":"Feature","properties":{"node_id":188,"degree":1,"jtype":"culdesac","gn_name":"Wedikanda","gn_pcode":"LK1131045","on_boundary":true,"marshall_cul":false,"exclusion_reason":"boundary_artifact"},"geometry":{"type":"Point","coordinates":[79.86955327087462,6.8217385397361685]}},{"type":"Feature","properties":{"node_id":190,"degree":1,"jtype":"culdesac","gn_name":"Wedikanda","gn_pcode":"LK1131045","on_boundary":true,"marshall_cul":false,"exclusion_reason":"boundary_artifact"},"geometry":{"type":"Point","coordinates":[79.86998446221098,6.822175597816436]}},{"type":"Feature","properties":{"node_id":191,"degree":1,"jtype":"culdesac","gn_name":"Wedikanda","gn_pcode":"LK1131045","on_boundary":true,"marshall_cul":false,"exclusion_reason":"boundary_artifact"},"geometry":{"type":"Point","coordinates":[79.87012819265645,6.821872333068406]}},{"type":"Feature","properties":{"node_id":192,"degree":1,"jtype":"culdesac","gn_name":"Wedikanda","gn_pcode":"LK1131045","on_boundary":true,"marshall_cul":false,"exclusion_reason":"boundary_artifact"},"geometry":{"type":"Point","coordinates":[79.87016412526782,6.821961528602467]}}]}