{"type": "FeatureCollection", "name": "access_hex_classified", "crs": {"type": "name", "properties": {"name": "urn:ogc:def:crs:OGC:1.3:CRS84"}}, "features": [{"type": "Feature", "properties": {"hex_id": 1, "is_edge": true, "Hex_area": 567.3053, "Hex_area_full": 8660.254, "area_ratio": 0.065507, "completeness_class": "sliver", "snap_ok": true, "analysis_ok": false, "node_id": 5338.0, "dist_food_m": 273.538, "time_food_min": 3.419, "reach_food_5": true, "reach_food_10": true, "reach_food_15": true, "count_food_10": 3, "dist_education_m": 1447.767, "time_education_min": 18.097, "reach_education_5": false, "reach_education_10": false, "reach_education_15": false, "count_education_10": 0, "dist_health_m": 1529.108, "time_health_min": 19.114, "reach_health_5": false, "reach_health_10": false, "reach_health_15": false, "count_health_10": 0, "dist_transit_m": 829.605, "time_transit_min": 10.37, "reach_transit_5": false, "reach_transit_10": false, "reach_transit_15": true, "count_transit_10": 0, "dist_finance_m": 920.734, "time_finance_min": 11.509, "reach_finance_5": false, "reach_finance_10": false, "reach_finance_15": true, "count_finance_10": 0, "dist_open_space_m": 493.584, "time_open_space_min": 6.17, "reach_open_space_5": false, "reach_open_space_10": true, "reach_open_space_15": true, "count_open_space_10": 4, "groups_within_10": 2, "access_score": 0.3333, "access_tier": "excluded", "mean_BtA5000": null, "mismatch_flag": false}, "geometry": {"type": "MultiPolygon", "coordinates": [[[[79.86491548552188, 6.8198154951481715], [79.86517445680775, 6.819370117242268], [79.86515289352204, 6.8193697389390096], [79.86512091511385, 6.819369515313779], [79.86508899261199, 6.8193800816059955], [79.86505712601641, 6.819401437815659], [79.86502531532714, 6.819433583942773], [79.86499356054418, 6.819476519987331], [79.86496186166754, 6.819530245949339], [79.86493021869718, 6.819594761828796], [79.86489863163315, 6.819670067625702], [79.86486710047544, 6.819756163340054], [79.86484549750806, 6.8198154951481715], [79.86491548552188, 6.8198154951481715]]]]}}, {"type": "Feature", "properties": {"hex_id": 2, "is_edge": true, "Hex_area": 8102.9228, "Hex_area_full": 8660.254, "area_ratio": 0.935645, "completeness_class": "near_complete", "snap_ok": true, "analysis_ok": true, "node_id": 1957.0, "dist_food_m": 237.867, "time_food_min": 2.973, "reach_food_5": true, "reach_food_10": true, "reach_food_15": true, "count_food_10": 4, "dist_education_m": 1412.096, "time_education_min": 17.651, "reach_education_5": false, "reach_education_10": false, "reach_education_15": false, "count_education_10": 0, "dist_health_m": 1390.059, "time_health_min": 17.376, "reach_health_5": false, "reach_health_10": false, "reach_health_15": false, "count_health_10": 0, "dist_transit_m": 793.934, "time_transit_min": 9.924, "reach_transit_5": false, "reach_transit_10": true, "reach_transit_15": true, "count_transit_10": 1, "dist_finance_m": 885.063, "time_finance_min": 11.063, "reach_finance_5": false, "reach_finance_10": false, "reach_finance_15": true, "count_finance_10": 0, "dist_open_space_m": 457.913, "time_open_space_min": 5.724, "reach_open_space_5": false, "reach_open_space_10": true, "reach_open_space_15": true, "count_open_space_10": 4, "groups_within_10": 3, "access_score": 0.5, "access_tier": "medium", "mean_BtA5000": 6.126609325405, "mismatch_flag": false}, "geometry": {"type": "MultiPolygon", "coordinates": [[[[79.86491548552188, 6.8198154951481715], [79.8651748068074, 6.820261474567405], [79.86569344937851, 6.820261474567405], [79.86595277066408, 6.8198154951481715], [79.86581274099471, 6.8195746726671], [79.86578458588467, 6.819563663944961], [79.8657521742026, 6.819551224791428], [79.86571655489608, 6.819537765347769], [79.86567772796516, 6.8195232856139905], [79.86563569340983, 6.819507785590091], [79.86559045123005, 6.819491265276074], [79.86554200142587, 6.81947372467193], [79.86549034399727, 6.8194551637776675], [79.86544444491837, 6.819438615510493], [79.86540430418921, 6.819424079870409], [79.86536992180979, 6.81941155685741], [79.86534129778008, 6.819401046471503], [79.8653184321001, 6.819392548712685], [79.86530132476983, 6.819386063580952], [79.86528997578932, 6.8193815910763105], [79.86528438515849, 6.819379131198757], [79.86527549605552, 6.819376950852745], [79.8652633084804, 6.819375050038272], [79.86524782243308, 6.81937342875534], [79.86522903791356, 6.819372087003948], [79.86520695492189, 6.819371024784094], [79.86518157345805, 6.819370242095782], [79.86517445680775, 6.819370117242268], [79.86491548552188, 6.8198154951481715]]]]}}, {"type": "Feature", "properties": {"hex_id": 3, "is_edge": true, "Hex_area": 369.6292, "Hex_area_full": 8660.254, "area_ratio": 0.042681, "completeness_class": "sliver", "snap_ok": true, "analysis_ok": false, "node_id": 6796.0, "dist_food_m": 194.36, "time_food_min": 2.43, "reach_food_5": true, "reach_food_10": true, "reach_food_15": true, "count_food_10": 4, "dist_education_m": 1368.589, "time_education_min": 17.107, "reach_education_5": false, "reach_education_10": false, "reach_education_15": false, "count_education_10": 0, "dist_health_m": 1433.566, "time_health_min": 17.92, "reach_health_5": false, "reach_health_10": false, "reach_health_15": false, "count_health_10": 0, "dist_transit_m": 750.427, "time_transit_min": 9.38, "reach_transit_5": false, "reach_transit_10": true, "reach_transit_15": true, "count_transit_10": 1, "dist_finance_m": 841.555, "time_finance_min": 10.519, "reach_finance_5": false, "reach_finance_10": false, "reach_finance_15": true, "count_finance_10": 0, "dist_open_space_m": 414.406, "time_open_space_min": 5.18, "reach_open_space_5": false, "reach_open_space_10": true, "reach_open_space_15": true, "count_open_space_10": 4, "groups_within_10": 3, "access_score": 0.5, "access_tier": "excluded", "mean_BtA5000": 2.7575478951133334, "mismatch_flag": false}, "geometry": {"type": "MultiPolygon", "coordinates": [[[[79.86595277066408, 6.8198154951481715], [79.86621900274415, 6.8198154951481715], [79.86618421116269, 6.819803103673926], [79.86612520205458, 6.819781146471453], [79.86607646573056, 6.819761907713204], [79.86603800219066, 6.819745387399183], [79.86600981143484, 6.81973158552939], [79.8659918934631, 6.8197205021038245], [79.86598424827547, 6.819712137122487], [79.86598687587195, 6.819706490585379], [79.86598920297202, 6.819701277322156], [79.86599122957567, 6.819696497332819], [79.86599295568293, 6.819692150617369], [79.86599438129379, 6.819688237175809], [79.86599550640824, 6.819684757008135], [79.86599633102627, 6.819681710114346], [79.86599685514791, 6.819679096494447], [79.86599707877315, 6.819676916148435], [79.86599696696052, 6.819674568083497], [79.86599651971007, 6.8196720522996355], [79.86599573702176, 6.819669368796853], [79.8659946188956, 6.819666517575141], [79.8659931653316, 6.819663498634508], [79.86599137632975, 6.819660311974951], [79.86598925189003, 6.819656957596471], [79.86598679201246, 6.819653435499066], [79.86598389886102, 6.81965005316743], [79.86598057243569, 6.819646810601564], [79.86597681273648, 6.819643707801468], [79.86597261976338, 6.8196407447671445], [79.86596799351639, 6.819637921498588], [79.86596293399553, 6.819635237995805], [79.86595744120076, 6.8196326942587895], [79.86595151513211, 6.819630290287543], [79.8659430802679, 6.819626886991043], [79.8659321366081, 6.819622484369288], [79.86591868415275, 6.8196170824222735], [79.86590272290178, 6.819610681150005], [79.86588425285527, 6.8196032805524816], [79.86586327401321, 6.819594880629701], [79.86583978637555, 6.819585481381665], [79.86581378994232, 6.819575082808373], [79.86581274099471, 6.8195746726671], [79.86595277066408, 6.8198154951481715]]]]}}, {"type": "Feature", "properties": {"hex_id": 4, "is_edge": true, "Hex_area": 1368.2383, "Hex_area_full": 8660.254, "area_ratio": 0.157991, "completeness_class": "sliver", "snap_ok": true, "analysis_ok": false, "node_id": 6797.0, "dist_food_m": 85.182, "time_food_min": 1.065, "reach_food_5": true, "reach_food_10": true, "reach_food_15": true, "count_food_10": 4, "dist_education_m": 1259.41, "time_education_min": 15.743, "reach_education_5": false, "reach_education_10": false, "reach_education_15": false, "count_education_10": 0, "dist_health_m": 1348.247, "time_health_min": 16.853, "reach_health_5": false, "reach_health_10": false, "reach_health_15": false, "count_health_10": 0, "dist_transit_m": 641.248, "time_transit_min": 8.016, "reach_transit_5": false, "reach_transit_10": true, "reach_transit_15": true, "count_transit_10": 1, "dist_finance_m": 732.377, "time_finance_min": 9.155, "reach_finance_5": false, "reach_finance_10": true, "reach_finance_15": true, "count_finance_10": 3, "dist_open_space_m": 305.228, "time_open_space_min": 3.815, "reach_open_space_5": true, "reach_open_space_10": true, "reach_open_space_15": true, "count_open_space_10": 4, "groups_within_10": 4, "access_score": 0.6667, "access_tier": "excluded", "mean_BtA5000": 5.974322095511667, "mismatch_flag": false}, "geometry": {"type": "MultiPolygon", "coordinates": [[[[79.86673073452073, 6.820261474567405], [79.86724937709182, 6.820261474567405], [79.86726823238723, 6.820229047340888], [79.86726026782631, 6.8202249377328155], [79.8672486113611, 6.820219011664165], [79.86723797518599, 6.8202137005649055], [79.86722835930101, 6.82020900443503], [79.86721759733672, 6.8202038051483855], [79.8672056892931, 6.820198102704968], [79.86719263517018, 6.820191897104776], [79.86717843496795, 6.820185188347814], [79.86716308868638, 6.82017797643408], [79.86714659632553, 6.820170261363573], [79.86712895788536, 6.820162043136292], [79.86711017336584, 6.820153321752241], [79.8670931359185, 6.820145411009657], [79.86707784554324, 6.820138310908538], [79.86706430224014, 6.820132021448888], [79.86705250600913, 6.820126542630702], [79.86704245685027, 6.8201218744539815], [79.86703415476352, 6.820118016918726], [79.86702759974891, 6.820114970024937], [79.86702279180643, 6.820112733772619], [79.86701748769548, 6.82011034377795], [79.86701168741601, 6.820107800040934], [79.86700539096807, 6.820105102561573], [79.86699859835167, 6.820102251339865], [79.86699130956674, 6.8200992463758086], [79.86698352461336, 6.820096087669404], [79.86697524349147, 6.820092775220655], [79.86696646620112, 6.820089309029557], [79.8669582689387, 6.8200858568150355], [79.86695065170423, 6.820082418577091], [79.86694361449769, 6.820078994315726], [79.86693715731913, 6.820075584030937], [79.86693128016849, 6.820072187722726], [79.8669259830458, 6.82006880539109], [79.86692126595108, 6.820065437036032], [79.86691712888427, 6.820062082657549], [79.86691282409855, 6.820058986845741], [79.86690835159392, 6.820056149600611], [79.86690371137036, 6.820053570922153], [79.86689890342785, 6.82005125081037], [79.86689392776644, 6.820049189265261], [79.8668887843861, 6.820047386286829], [79.86688347328686, 6.820045841875069], [79.86687799446867, 6.820044556029985], [79.86687071966033, 6.820042613285779], [79.86686164886187, 6.8200400136424575], [79.86685078207326, 6.8200367571000164], [79.86683811929448, 6.820032843658455], [79.86682366052557, 6.8200282733177735], [79.86680740576651, 6.820023046077973], [79.8667893550173, 6.820017161939054], [79.86676950827794, 6.820010620901016], [79.86675075869987, 6.820004324453074], [79.86673310628314, 6.81999827259523], [79.86671655102766, 6.819992465327485], [79.8667010929335, 6.819986902649837], [79.86668673200063, 6.819981584562287], [79.86667346822902, 6.819976511064832], [79.86666130161875, 6.819971682157477], [79.86665023216976, 6.819967097840219], [79.86663060206736, 6.819959662301254], [79.86660241131153, 6.819949375540578], [79.86656565990229, 6.819936237558191], [79.86653541499098, 6.8199255650787425], [79.86673073452073, 6.820261474567405]]]]}}, {"type": "Feature", "properties": {"hex_id": 5, "is_edge": true, "Hex_area": 3942.5322, "Hex_area_full": 8660.254, "area_ratio": 0.455244, "completeness_class": "sliver", "snap_ok": true, "analysis_ok": false, "node_id": 6443.0, "dist_food_m": 353.333, "time_food_min": 4.417, "reach_food_5": true, "reach_food_10": true, "reach_food_15": true, "count_food_10": 4, "dist_education_m": 1501.181, "time_education_min": 18.765, "reach_education_5": false, "reach_education_10": false, "reach_education_15": false, "count_education_10": 0, "dist_health_m": 1361.282, "time_health_min": 17.016, "reach_health_5": false, "reach_health_10": false, "reach_health_15": false, "count_health_10": 0, "dist_transit_m": 909.4, "time_transit_min": 11.367, "reach_transit_5": false, "reach_transit_10": false, "reach_transit_15": true, "count_transit_10": 0, "dist_finance_m": 990.715, "time_finance_min": 12.384, "reach_finance_5": false, "reach_finance_10": false, "reach_finance_15": true, "count_finance_10": 0, "dist_open_space_m": 573.379, "time_open_space_min": 7.167, "reach_open_space_5": false, "reach_open_space_10": true, "reach_open_space_15": true, "count_open_space_10": 4, "groups_within_10": 2, "access_score": 0.3333, "access_tier": "excluded", "mean_BtA5000": null, "mismatch_flag": false}, "geometry": {"type": "MultiPolygon", "coordinates": [[[[79.86491548552188, 6.8207074535714485], [79.8651748068074, 6.820261474567405], [79.86491548552188, 6.8198154951481715], [79.86484549750806, 6.8198154951481715], [79.86483744217902, 6.8198376188308405], [79.86480965674396, 6.819914434098063], [79.86478374417018, 6.8199866091417185], [79.86475970445773, 6.820054143961808], [79.8647375376066, 6.82011703855833], [79.86471724361678, 6.8201752929312915], [79.86469882248828, 6.820228907080682], [79.86468227422112, 6.820277881006509], [79.86466569800078, 6.820327805339573], [79.8646490938273, 6.82037868007987], [79.86463246170068, 6.820430505227406], [79.86461580162086, 6.820483280782179], [79.86459911358791, 6.82053700674419], [79.86458239760182, 6.820591683113432], [79.86456565366258, 6.820647309889913], [79.86454888177016, 6.820703887073631], [79.86454781467407, 6.8207074535714485], [79.86491548552188, 6.8207074535714485]]]]}}, {"type": "Feature", "properties": {"hex_id": 6, "is_edge": false, "Hex_area": 8660.254, "Hex_area_full": 8660.254, "area_ratio": 1.0, "completeness_class": "core", "snap_ok": true, "analysis_ok": true, "node_id": 6798.0, "dist_food_m": 326.671, "time_food_min": 4.083, "reach_food_5": true, "reach_food_10": true, "reach_food_15": true, "count_food_10": 4, "dist_education_m": 1441.155, "time_education_min": 18.014, "reach_education_5": false, "reach_education_10": false, "reach_education_15": false, "count_education_10": 0, "dist_health_m": 1301.255, "time_health_min": 16.266, "reach_health_5": false, "reach_health_10": false, "reach_health_15": false, "count_health_10": 0, "dist_transit_m": 882.738, "time_transit_min": 11.034, "reach_transit_5": false, "reach_transit_10": false, "reach_transit_15": true, "count_transit_10": 0, "dist_finance_m": 930.688, "time_finance_min": 11.634, "reach_finance_5": false, "reach_finance_10": false, "reach_finance_15": true, "count_finance_10": 0, "dist_open_space_m": 546.717, "time_open_space_min": 6.834, "reach_open_space_5": false, "reach_open_space_10": true, "reach_open_space_15": true, "count_open_space_10": 4, "groups_within_10": 2, "access_score": 0.3333, "access_tier": "low", "mean_BtA5000": 1.0884283142442857, "mismatch_flag": false}, "geometry": {"type": "MultiPolygon", "coordinates": [[[[79.86569344937851, 6.820261474567405], [79.8651748068074, 6.820261474567405], [79.86491548552188, 6.8207074535714485], [79.8651748068074, 6.821153432160283], [79.86569344937851, 6.821153432160283], [79.86595277066408, 6.8207074535714485], [79.86569344937851, 6.820261474567405]]]]}}, {"type": "Feature", "properties": {"hex_id": 7, "is_edge": true, "Hex_area": 8486.9587, "Hex_area_full": 8660.254, "area_ratio": 0.97999, "completeness_class": "core", "snap_ok": true, "analysis_ok": true, "node_id": 5073.0, "dist_food_m": 203.057, "time_food_min": 2.538, "reach_food_5": true, "reach_food_10": true, "reach_food_15": true, "count_food_10": 4, "dist_education_m": 1377.285, "time_education_min": 17.216, "reach_education_5": false, "reach_education_10": false, "reach_education_15": false, "count_education_10": 0, "dist_health_m": 1434.707, "time_health_min": 17.934, "reach_health_5": false, "reach_health_10": false, "reach_health_15": false, "count_health_10": 0, "dist_transit_m": 759.123, "time_transit_min": 9.489, "reach_transit_5": false, "reach_transit_10": true, "reach_transit_15": true, "count_transit_10": 1, "dist_finance_m": 850.252, "time_finance_min": 10.628, "reach_finance_5": false, "reach_finance_10": false, "reach_finance_15": true, "count_finance_10": 0, "dist_open_space_m": 423.103, "time_open_space_min": 5.289, "reach_open_space_5": false, "reach_open_space_10": true, "reach_open_space_15": true, "count_open_space_10": 4, "groups_within_10": 3, "access_score": 0.5, "access_tier": "medium", "mean_BtA5000": 1.6711976953914287, "mismatch_flag": false}, "geometry": {"type": "MultiPolygon", "coordinates": [[[[79.86595277066408, 6.8198154951481715], [79.86569344937851, 6.820261474567405], [79.86595277066408, 6.8207074535714485], [79.86647141323516, 6.8207074535714485], [79.86673073452073, 6.820261474567405], [79.86653541499098, 6.8199255650787425], [79.86652034783967, 6.819920248354097], [79.86646647512362, 6.819901407928294], [79.86640404175412, 6.819879716280782], [79.86633304773123, 6.81985517341156], [79.86625349305491, 6.819827779320628], [79.86621900274415, 6.8198154951481715], [79.86595277066408, 6.8198154951481715]]]]}}, {"type": "Feature", "properties": {"hex_id": 8, "is_edge": false, "Hex_area": 8660.254, "Hex_area_full": 8660.254, "area_ratio": 1.0, "completeness_class": "core", "snap_ok": true, "analysis_ok": true, "node_id": 4642.0, "dist_food_m": 98.345, "time_food_min": 1.229, "reach_food_5": true, "reach_food_10": true, "reach_food_15": true, "count_food_10": 4, "dist_education_m": 1272.573, "time_education_min": 15.907, "reach_education_5": false, "reach_education_10": false, "reach_education_15": false, "count_education_10": 0, "dist_health_m": 1237.801, "time_health_min": 15.473, "reach_health_5": false, "reach_health_10": false, "reach_health_15": false, "count_health_10": 0, "dist_transit_m": 654.411, "time_transit_min": 8.18, "reach_transit_5": false, "reach_transit_10": true, "reach_transit_15": true, "count_transit_10": 1, "dist_finance_m": 745.54, "time_finance_min": 9.319, "reach_finance_5": false, "reach_finance_10": true, "reach_finance_15": true, "count_finance_10": 3, "dist_open_space_m": 318.391, "time_open_space_min": 3.98, "reach_open_space_5": true, "reach_open_space_10": true, "reach_open_space_15": true, "count_open_space_10": 4, "groups_within_10": 4, "access_score": 0.6667, "access_tier": "medium", "mean_BtA5000": 0.31773070494, "mismatch_flag": false}, "geometry": {"type": "MultiPolygon", "coordinates": [[[[79.86724937709182, 6.820261474567405], [79.86673073452073, 6.820261474567405], [79.86647141323516, 6.8207074535714485], [79.86673073452073, 6.821153432160283], [79.86724937709182, 6.821153432160283], [79.86750869837736, 6.8207074535714485], [79.86724937709182, 6.820261474567405]]]]}}, {"type": "Feature", "properties": {"hex_id": 9, "is_edge": true, "Hex_area": 1381.1911, "Hex_area_full": 8660.254, "area_ratio": 0.159486, "completeness_class": "sliver", "snap_ok": true, "analysis_ok": false, "node_id": 6799.0, "dist_food_m": 3.709, "time_food_min": 0.046, "reach_food_5": true, "reach_food_10": true, "reach_food_15": true, "count_food_10": 4, "dist_education_m": 1170.52, "time_education_min": 14.631, "reach_education_5": false, "reach_education_10": false, "reach_education_15": true, "count_education_10": 0, "dist_health_m": 1339.855, "time_health_min": 16.748, "reach_health_5": false, "reach_health_10": false, "reach_health_15": false, "count_health_10": 0, "dist_transit_m": 552.358, "time_transit_min": 6.904, "reach_transit_5": false, "reach_transit_10": true, "reach_transit_15": true, "count_transit_10": 1, "dist_finance_m": 643.486, "time_finance_min": 8.044, "reach_finance_5": false, "reach_finance_10": true, "reach_finance_15": true, "count_finance_10": 3, "dist_open_space_m": 216.337, "time_open_space_min": 2.704, "reach_open_space_5": true, "reach_open_space_10": true, "reach_open_space_15": true, "count_open_space_10": 4, "groups_within_10": 4, "access_score": 0.6667, "access_tier": "excluded", "mean_BtA5000": 2.492952638866, "mismatch_flag": false}, "geometry": {"type": "MultiPolygon", "coordinates": [[[[79.86724937709182, 6.820261474567405], [79.86750869837736, 6.8207074535714485], [79.86784636678395, 6.8207074535714485], [79.8678442930731, 6.820703551635785], [79.86783917764592, 6.820695277502197], [79.86783343327276, 6.820687171087535], [79.86782705995365, 6.820679232391793], [79.86782096616608, 6.820671643110482], [79.86781515191002, 6.820664403243592], [79.86780961718554, 6.8206575127911275], [79.86780436199261, 6.82065097175309], [79.86779938633119, 6.820644780129477], [79.86779469020131, 6.82063893792029], [79.86779027360296, 6.820633445125525], [79.86778613653617, 6.820628301745186], [79.86777966538102, 6.820621075854874], [79.8677708601375, 6.820611767454592], [79.86775972080564, 6.8206003765443315], [79.8677462473854, 6.820586903124097], [79.8677304398768, 6.82057134719389], [79.86771229827984, 6.82055370875371], [79.86769182259454, 6.820533987803555], [79.86766901282087, 6.8205121843434275], [79.8676463148598, 6.8204910936887275], [79.86762372871135, 6.820470715839453], [79.86760125437551, 6.820451050795607], [79.8675788918523, 6.820432098557188], [79.8675566411417, 6.820413859124195], [79.86753450224373, 6.82039633249663], [79.86751247515838, 6.8203795186744935], [79.86749055988564, 6.820363417657783], [79.86746916174623, 6.820348127282541], [79.86744828074018, 6.820333647548762], [79.8674279168675, 6.820319978456451], [79.86740807012814, 6.820307120005608], [79.86738874052214, 6.820295072196228], [79.86736992804951, 6.820283835028317], [79.8673516327102, 6.820273408501871], [79.86733385450425, 6.82026379261689], [79.86731709658842, 6.820254791701299], [79.86730135896272, 6.820246405755097], [79.86728664162713, 6.820238634778282], [79.86727294458164, 6.820231478770856], [79.86726823238723, 6.820229047340888], [79.86724937709182, 6.820261474567405]]]]}}, {"type": "Feature", "properties": {"hex_id": 10, "is_edge": true, "Hex_area": 1320.0877, "Hex_area_full": 8660.254, "area_ratio": 0.152431, "completeness_class": "sliver", "snap_ok": true, "analysis_ok": false, "node_id": 6800.0, "dist_food_m": 289.559, "time_food_min": 3.619, "reach_food_5": true, "reach_food_10": true, "reach_food_15": true, "count_food_10": 5, "dist_education_m": 1320.15, "time_education_min": 16.502, "reach_education_5": false, "reach_education_10": false, "reach_education_15": false, "count_education_10": 0, "dist_health_m": 1180.25, "time_health_min": 14.753, "reach_health_5": false, "reach_health_10": false, "reach_health_15": true, "count_health_10": 0, "dist_transit_m": 855.241, "time_transit_min": 10.691, "reach_transit_5": false, "reach_transit_10": false, "reach_transit_15": true, "count_transit_10": 0, "dist_finance_m": 809.683, "time_finance_min": 10.121, "reach_finance_5": false, "reach_finance_10": false, "reach_finance_15": true, "count_finance_10": 0, "dist_open_space_m": 706.323, "time_open_space_min": 8.829, "reach_open_space_5": false, "reach_open_space_10": true, "reach_open_space_15": true, "count_open_space_10": 3, "groups_within_10": 2, "access_score": 0.3333, "access_tier": "excluded", "mean_BtA5000": null, "mismatch_flag": false}, "geometry": {"type": "MultiPolygon", "coordinates": [[[[79.86413752166523, 6.822045388092205], [79.86439684295078, 6.821599410333877], [79.86427896286233, 6.821396681378975], [79.86425948276671, 6.821438440054726], [79.86420270991091, 6.8215591417737445], [79.86413897671977, 6.821693764163458], [79.8640789612981, 6.821820951014207], [79.86402266364593, 6.821940702325989], [79.8639736557005, 6.822045388092205], [79.86413752166523, 6.822045388092205]]]]}}, {"type": "Feature", "properties": {"hex_id": 11, "is_edge": true, "Hex_area": 7112.3153, "Hex_area_full": 8660.254, "area_ratio": 0.821259, "completeness_class": "partial", "snap_ok": true, "analysis_ok": false, "node_id": 6441.0, "dist_food_m": 406.343, "time_food_min": 5.079, "reach_food_5": false, "reach_food_10": true, "reach_food_15": true, "count_food_10": 4, "dist_education_m": 1440.87, "time_education_min": 18.011, "reach_education_5": false, "reach_education_10": false, "reach_education_15": false, "count_education_10": 0, "dist_health_m": 1300.97, "time_health_min": 16.262, "reach_health_5": false, "reach_health_10": false, "reach_health_15": false, "count_health_10": 0, "dist_transit_m": 962.409, "time_transit_min": 12.03, "reach_transit_5": false, "reach_transit_10": false, "reach_transit_15": true, "count_transit_10": 0, "dist_finance_m": 930.403, "time_finance_min": 11.63, "reach_finance_5": false, "reach_finance_10": false, "reach_finance_15": true, "count_finance_10": 0, "dist_open_space_m": 626.389, "time_open_space_min": 7.83, "reach_open_space_5": false, "reach_open_space_10": true, "reach_open_space_15": true, "count_open_space_10": 4, "groups_within_10": 2, "access_score": 0.3333, "access_tier": "excluded", "mean_BtA5000": 0.33333334327, "mismatch_flag": false}, "geometry": {"type": "MultiPolygon", "coordinates": [[[[79.86439684295078, 6.821599410333877], [79.86491548552188, 6.821599410333877], [79.8651748068074, 6.821153432160283], [79.86491548552188, 6.8207074535714485], [79.86454781467407, 6.8207074535714485], [79.86453320005076, 6.820756299237402], [79.86451860850441, 6.820804546381222], [79.86450510713101, 6.820848628505098], [79.86449269593061, 6.820888545609028], [79.86448137490324, 6.820924297693008], [79.86447114404888, 6.82095588475704], [79.86446200336752, 6.820983306801122], [79.86445395285914, 6.821006563825261], [79.86443894201545, 6.821043741520095], [79.86441697083639, 6.821094839885626], [79.86438803932198, 6.821159858921854], [79.86435214747226, 6.821238798628779], [79.86430929528716, 6.821331659006403], [79.86427896286233, 6.821396681378975], [79.86439684295078, 6.821599410333877]]]]}}, {"type": "Feature", "properties": {"hex_id": 12, "is_edge": false, "Hex_area": 8660.254, "Hex_area_full": 8660.254, "area_ratio": 1.0, "completeness_class": "core", "snap_ok": true, "analysis_ok": true, "node_id": 6801.0, "dist_food_m": 265.282, "time_food_min": 3.316, "reach_food_5": true, "reach_food_10": true, "reach_food_15": true, "count_food_10": 5, "dist_education_m": 1278.959, "time_education_min": 15.987, "reach_education_5": false, "reach_education_10": false, "reach_education_15": false, "count_education_10": 0, "dist_health_m": 1139.059, "time_health_min": 14.238, "reach_health_5": false, "reach_health_10": false, "reach_health_15": true, "count_health_10": 0, "dist_transit_m": 814.051, "time_transit_min": 10.176, "reach_transit_5": false, "reach_transit_10": false, "reach_transit_15": true, "count_transit_10": 0, "dist_finance_m": 768.492, "time_finance_min": 9.606, "reach_finance_5": false, "reach_finance_10": true, "reach_finance_15": true, "count_finance_10": 1, "dist_open_space_m": 708.913, "time_open_space_min": 8.861, "reach_open_space_5": false, "reach_open_space_10": true, "reach_open_space_15": true, "count_open_space_10": 3, "groups_within_10": 3, "access_score": 0.5, "access_tier": "medium", "mean_BtA5000": 1.9971164812666666, "mismatch_flag": false}, "geometry": {"type": "MultiPolygon", "coordinates": [[[[79.86569344937851, 6.821153432160283], [79.8651748068074, 6.821153432160283], [79.86491548552188, 6.821599410333877], [79.8651748068074, 6.822045388092205], [79.86569344937851, 6.822045388092205], [79.86595277066408, 6.821599410333877], [79.86569344937851, 6.821153432160283]]]]}}, {"type": "Feature", "properties": {"hex_id": 13, "is_edge": false, "Hex_area": 8660.254, "Hex_area_full": 8660.254, "area_ratio": 1.0, "completeness_class": "core", "snap_ok": true, "analysis_ok": true, "node_id": 6802.0, "dist_food_m": 269.5, "time_food_min": 3.369, "reach_food_5": true, "reach_food_10": true, "reach_food_15": true, "count_food_10": 4, "dist_education_m": 1443.728, "time_education_min": 18.047, "reach_education_5": false, "reach_education_10": false, "reach_education_15": false, "count_education_10": 0, "dist_health_m": 1386.445, "time_health_min": 17.331, "reach_health_5": false, "reach_health_10": false, "reach_health_15": false, "count_health_10": 0, "dist_transit_m": 825.566, "time_transit_min": 10.32, "reach_transit_5": false, "reach_transit_10": false, "reach_transit_15": true, "count_transit_10": 0, "dist_finance_m": 916.695, "time_finance_min": 11.459, "reach_finance_5": false, "reach_finance_10": false, "reach_finance_15": true, "count_finance_10": 0, "dist_open_space_m": 489.546, "time_open_space_min": 6.119, "reach_open_space_5": false, "reach_open_space_10": true, "reach_open_space_15": true, "count_open_space_10": 4, "groups_within_10": 2, "access_score": 0.3333, "access_tier": "low", "mean_BtA5000": 0.431672352552, "mismatch_flag": false}, "geometry": {"type": "MultiPolygon", "coordinates": [[[[79.86647141323516, 6.8207074535714485], [79.86595277066408, 6.8207074535714485], [79.86569344937851, 6.821153432160283], [79.86595277066408, 6.821599410333877], [79.86647141323516, 6.821599410333877], [79.86673073452073, 6.821153432160283], [79.86647141323516, 6.8207074535714485]]]]}}, {"type": "Feature", "properties": {"hex_id": 14, "is_edge": false, "Hex_area": 8660.254, "Hex_area_full": 8660.254, "area_ratio": 1.0, "completeness_class": "core", "snap_ok": true, "analysis_ok": true, "node_id": 6803.0, "dist_food_m": 199.501, "time_food_min": 2.494, "reach_food_5": true, "reach_food_10": true, "reach_food_15": true, "count_food_10": 4, "dist_education_m": 1276.544, "time_education_min": 15.957, "reach_education_5": false, "reach_education_10": false, "reach_education_15": false, "count_education_10": 0, "dist_health_m": 1136.645, "time_health_min": 14.208, "reach_health_5": false, "reach_health_10": false, "reach_health_15": true, "count_health_10": 0, "dist_transit_m": 755.568, "time_transit_min": 9.445, "reach_transit_5": false, "reach_transit_10": true, "reach_transit_15": true, "count_transit_10": 1, "dist_finance_m": 766.078, "time_finance_min": 9.576, "reach_finance_5": false, "reach_finance_10": true, "reach_finance_15": true, "count_finance_10": 1, "dist_open_space_m": 419.547, "time_open_space_min": 5.244, "reach_open_space_5": false, "reach_open_space_10": true, "reach_open_space_15": true, "count_open_space_10": 4, "groups_within_10": 4, "access_score": 0.6667, "access_tier": "medium", "mean_BtA5000": 0.3836585481933333, "mismatch_flag": false}, "geometry": {"type": "MultiPolygon", "coordinates": [[[[79.86724937709182, 6.821153432160283], [79.86673073452073, 6.821153432160283], [79.86647141323516, 6.821599410333877], [79.86673073452073, 6.822045388092205], [79.86724937709182, 6.822045388092205], [79.86750869837736, 6.821599410333877], [79.86724937709182, 6.821153432160283]]]]}}, {"type": "Feature", "properties": {"hex_id": 15, "is_edge": true, "Hex_area": 7626.3313, "Hex_area_full": 8660.254, "area_ratio": 0.880613, "completeness_class": "partial", "snap_ok": true, "analysis_ok": false, "node_id": 6804.0, "dist_food_m": 73.874, "time_food_min": 0.923, "reach_food_5": true, "reach_food_10": true, "reach_food_15": true, "count_food_10": 4, "dist_education_m": 1100.354, "time_education_min": 13.754, "reach_education_5": false, "reach_education_10": false, "reach_education_15": true, "count_education_10": 0, "dist_health_m": 1274.898, "time_health_min": 15.936, "reach_health_5": false, "reach_health_10": false, "reach_health_15": false, "count_health_10": 0, "dist_transit_m": 482.192, "time_transit_min": 6.027, "reach_transit_5": false, "reach_transit_10": true, "reach_transit_15": true, "count_transit_10": 1, "dist_finance_m": 573.321, "time_finance_min": 7.167, "reach_finance_5": false, "reach_finance_10": true, "reach_finance_15": true, "count_finance_10": 4, "dist_open_space_m": 146.172, "time_open_space_min": 1.827, "reach_open_space_5": true, "reach_open_space_10": true, "reach_open_space_15": true, "count_open_space_10": 4, "groups_within_10": 4, "access_score": 0.6667, "access_tier": "excluded", "mean_BtA5000": 2.18136160076, "mismatch_flag": false}, "geometry": {"type": "MultiPolygon", "coordinates": [[[[79.86750869837736, 6.8207074535714485], [79.86724937709182, 6.821153432160283], [79.86750869837736, 6.821599410333877], [79.86802734094847, 6.821599410333877], [79.86827534612951, 6.821172893493176], [79.86824923643867, 6.821155386417213], [79.86821386172227, 6.821132045533617], [79.86817212766334, 6.821104819161611], [79.86812403426185, 6.8210737073011956], [79.86806958151784, 6.821038709952373], [79.86802168378844, 6.821007164818073], [79.86798034107365, 6.820979071898294], [79.86794555337349, 6.820954431193032], [79.86791732068794, 6.820933242702291], [79.867895643017, 6.820915506426072], [79.86788052036069, 6.820901222364373], [79.867871952719, 6.820890390517192], [79.8678699400919, 6.820883010884534], [79.86786823494948, 6.820875491486104], [79.8678668372918, 6.820867832321905], [79.86786574711881, 6.820860033391935], [79.86786496443048, 6.820852094696198], [79.86786448922687, 6.8208440162346875], [79.86786432150797, 6.820835798007409], [79.86786446127371, 6.820827440014359], [79.8678649085242, 6.820818942255539], [79.86786513214942, 6.820810346660681], [79.86786513214942, 6.820801653229786], [79.8678649085242, 6.820792861962848], [79.86786446127371, 6.820783972859873], [79.86786379039802, 6.820774985920858], [79.86786289589712, 6.820765901145805], [79.86786177777094, 6.820756718534713], [79.86786043601954, 6.820747438087581], [79.86785846532219, 6.820738325359374], [79.86785586567886, 6.820729380350089], [79.86785263708956, 6.820720603059729], [79.86784877955434, 6.820711993488296], [79.86784636678395, 6.8207074535714485], [79.86750869837736, 6.8207074535714485]]]]}}, {"type": "Feature", "properties": {"hex_id": 16, "is_edge": true, "Hex_area": 6819.9814, "Hex_area_full": 8660.254, "area_ratio": 0.787504, "completeness_class": "partial", "snap_ok": true, "analysis_ok": false, "node_id": 6805.0, "dist_food_m": 41.506, "time_food_min": 0.519, "reach_food_5": true, "reach_food_10": true, "reach_food_15": true, "count_food_10": 5, "dist_education_m": 1029.045, "time_education_min": 12.863, "reach_education_5": false, "reach_education_10": false, "reach_education_15": true, "count_education_10": 0, "dist_health_m": 1203.589, "time_health_min": 15.045, "reach_health_5": false, "reach_health_10": false, "reach_health_15": false, "count_health_10": 0, "dist_transit_m": 410.883, "time_transit_min": 5.136, "reach_transit_5": false, "reach_transit_10": true, "reach_transit_15": true, "count_transit_10": 3, "dist_finance_m": 502.012, "time_finance_min": 6.275, "reach_finance_5": false, "reach_finance_10": true, "reach_finance_15": true, "count_finance_10": 5, "dist_open_space_m": 74.863, "time_open_space_min": 0.936, "reach_open_space_5": true, "reach_open_space_10": true, "reach_open_space_15": true, "count_open_space_10": 4, "groups_within_10": 4, "access_score": 0.6667, "access_tier": "excluded", "mean_BtA5000": 1.072544652226, "mismatch_flag": false}, "geometry": {"type": "MultiPolygon", "coordinates": [[[[79.86802734094847, 6.821599410333877], [79.868286662234, 6.822045388092205], [79.86880530480511, 6.822045388092205], [79.86906462609065, 6.821599410333877], [79.86903899237157, 6.82155532573667], [79.86894824698443, 6.821524563722235], [79.86881941089761, 6.8214806772704355], [79.86871074301138, 6.82144341571614], [79.86862224332579, 6.821412779059347], [79.86855391184082, 6.821388767300048], [79.86850574855644, 6.821371380438256], [79.86847775347272, 6.8213606184739595], [79.86846992658961, 6.821356481407166], [79.86846152666682, 6.821351072471864], [79.86845255370437, 6.821344391668056], [79.8684430077023, 6.821336438995741], [79.86843288866051, 6.821327214454916], [79.8684221965791, 6.821316718045585], [79.86841093145804, 6.821304949767746], [79.86839909329733, 6.821291909621401], [79.86838668209694, 6.8212775976065485], [79.86837537504614, 6.821264585413356], [79.86836517214492, 6.821252873041826], [79.86835607339331, 6.821242460491957], [79.86834807879127, 6.821233347763749], [79.86834118833879, 6.821225534857204], [79.86833540203592, 6.821219021772318], [79.86833071988261, 6.821213808509095], [79.86832714187892, 6.821209895067534], [79.86831720453266, 6.821202096137566], [79.86830090784386, 6.821190411719188], [79.86827825181254, 6.821174841812405], [79.86827534612951, 6.821172893493176], [79.86802734094847, 6.821599410333877]]]]}}, {"type": "Feature", "properties": {"hex_id": 17, "is_edge": true, "Hex_area": 28.7638, "Hex_area_full": 8660.254, "area_ratio": 0.003321, "completeness_class": "sliver", "snap_ok": true, "analysis_ok": false, "node_id": 6806.0, "dist_food_m": 38.056, "time_food_min": 0.476, "reach_food_5": true, "reach_food_10": true, "reach_food_15": true, "count_food_10": 6, "dist_education_m": 949.483, "time_education_min": 11.869, "reach_education_5": false, "reach_education_10": false, "reach_education_15": true, "count_education_10": 0, "dist_health_m": 1124.027, "time_health_min": 14.05, "reach_health_5": false, "reach_health_10": false, "reach_health_15": true, "count_health_10": 0, "dist_transit_m": 331.321, "time_transit_min": 4.142, "reach_transit_5": true, "reach_transit_10": true, "reach_transit_15": true, "count_transit_10": 3, "dist_finance_m": 422.449, "time_finance_min": 5.281, "reach_finance_5": false, "reach_finance_10": true, "reach_finance_15": true, "count_finance_10": 5, "dist_open_space_m": 8.541, "time_open_space_min": 0.107, "reach_open_space_5": true, "reach_open_space_10": true, "reach_open_space_15": true, "count_open_space_10": 4, "groups_within_10": 4, "access_score": 0.6667, "access_tier": "excluded", "mean_BtA5000": 4.02938985825, "mismatch_flag": false}, "geometry": {"type": "MultiPolygon", "coordinates": [[[[79.86906462609065, 6.821599410333877], [79.86916930459999, 6.821599410333877], [79.86909725127188, 6.821575075071532], [79.86903899237157, 6.82155532573667], [79.86906462609065, 6.821599410333877]]]]}}, {"type": "Feature", "properties": {"hex_id": 18, "is_edge": true, "Hex_area": 1002.061, "Hex_area_full": 8660.254, "area_ratio": 0.115708, "completeness_class": "sliver", "snap_ok": true, "analysis_ok": false, "node_id": 2766.0, "dist_food_m": 139.276, "time_food_min": 1.741, "reach_food_5": true, "reach_food_10": true, "reach_food_15": true, "count_food_10": 7, "dist_education_m": 848.263, "time_education_min": 10.603, "reach_education_5": false, "reach_education_10": false, "reach_education_15": true, "count_education_10": 0, "dist_health_m": 1022.807, "time_health_min": 12.785, "reach_health_5": false, "reach_health_10": false, "reach_health_15": true, "count_health_10": 0, "dist_transit_m": 230.101, "time_transit_min": 2.876, "reach_transit_5": true, "reach_transit_10": true, "reach_transit_15": true, "count_transit_10": 3, "dist_finance_m": 321.229, "time_finance_min": 4.015, "reach_finance_5": true, "reach_finance_10": true, "reach_finance_15": true, "count_finance_10": 5, "dist_open_space_m": 92.678, "time_open_space_min": 1.158, "reach_open_space_5": true, "reach_open_space_10": true, "reach_open_space_15": true, "count_open_space_10": 4, "groups_within_10": 4, "access_score": 0.6667, "access_tier": "excluded", "mean_BtA5000": 2.18136160076, "mismatch_flag": false}, "geometry": {"type": "MultiPolygon", "coordinates": [[[[79.86984258994731, 6.822045388092205], [79.87010001187774, 6.822045388092205], [79.87012318793002, 6.822018691625384], [79.87017171460543, 6.821959654564114], [79.87020123313606, 6.821912693265376], [79.87022762091345, 6.8218775841039365], [79.87014007163536, 6.8218714903166635], [79.870116227595, 6.821870050729231], [79.87009224378887, 6.821868177867912], [79.87006812021697, 6.821865871732705], [79.87004385687928, 6.821863132323611], [79.87001945377583, 6.821859959640633], [79.86999491090661, 6.821856353683765], [79.86997022827161, 6.82185231445301], [79.86994540587084, 6.821847841948371], [79.86990253970919, 6.821836786475959], [79.86984162978659, 6.821819148035778], [79.86976267610308, 6.821794926627827], [79.86968207001172, 6.821769327805859], [79.86984258994731, 6.822045388092205]]]]}}, {"type": "Feature", "properties": {"hex_id": 19, "is_edge": true, "Hex_area": 5530.4183, "Hex_area_full": 8660.254, "area_ratio": 0.638598, "completeness_class": "partial", "snap_ok": true, "analysis_ok": false, "node_id": 6807.0, "dist_food_m": 251.225, "time_food_min": 3.14, "reach_food_5": true, "reach_food_10": true, "reach_food_15": true, "count_food_10": 5, "dist_education_m": 1281.816, "time_education_min": 16.023, "reach_education_5": false, "reach_education_10": false, "reach_education_15": false, "count_education_10": 0, "dist_health_m": 1141.916, "time_health_min": 14.274, "reach_health_5": false, "reach_health_10": false, "reach_health_15": true, "count_health_10": 0, "dist_transit_m": 816.908, "time_transit_min": 10.211, "reach_transit_5": false, "reach_transit_10": false, "reach_transit_15": true, "count_transit_10": 0, "dist_finance_m": 771.349, "time_finance_min": 9.642, "reach_finance_5": false, "reach_finance_10": true, "reach_finance_15": true, "count_finance_10": 1, "dist_open_space_m": 782.895, "time_open_space_min": 9.786, "reach_open_space_5": false, "reach_open_space_10": true, "reach_open_space_15": true, "count_open_space_10": 2, "groups_within_10": 3, "access_score": 0.5, "access_tier": "excluded", "mean_BtA5000": null, "mismatch_flag": false}, "geometry": {"type": "MultiPolygon", "coordinates": [[[[79.86361887909413, 6.822937342362954], [79.86413752166523, 6.822937342362954], [79.86439684295078, 6.822491365435238], [79.86413752166523, 6.822045388092205], [79.8639736557005, 6.822045388092205], [79.86397008376322, 6.822053018098802], [79.86392122165003, 6.822157898332651], [79.86387607730629, 6.822255343027532], [79.86383465073203, 6.822345352183448], [79.86379694192729, 6.822427925800396], [79.86376295089201, 6.822503063878374], [79.86373192289108, 6.8225716609183165], [79.86370385792443, 6.82263371692022], [79.86367875599214, 6.822689231884085], [79.86365661709416, 6.8227382058099115], [79.86363744123051, 6.822780638697702], [79.86362122840117, 6.822816530547451], [79.86360797860618, 6.822845881359161], [79.8635976918455, 6.822868691132833], [79.86358956160089, 6.822886922590655], [79.86361887909413, 6.822937342362954]]]]}}, {"type": "Feature", "properties": {"hex_id": 20, "is_edge": false, "Hex_area": 8660.254, "Hex_area_full": 8660.254, "area_ratio": 1.0, "completeness_class": "core", "snap_ok": true, "analysis_ok": true, "node_id": 1942.0, "dist_food_m": 279.868, "time_food_min": 3.498, "reach_food_5": true, "reach_food_10": true, "reach_food_15": true, "count_food_10": 5, "dist_education_m": 1310.458, "time_education_min": 16.381, "reach_education_5": false, "reach_education_10": false, "reach_education_15": false, "count_education_10": 0, "dist_health_m": 1170.559, "time_health_min": 14.632, "reach_health_5": false, "reach_health_10": false, "reach_health_15": true, "count_health_10": 0, "dist_transit_m": 845.55, "time_transit_min": 10.569, "reach_transit_5": false, "reach_transit_10": false, "reach_transit_15": true, "count_transit_10": 0, "dist_finance_m": 799.992, "time_finance_min": 10.0, "reach_finance_5": false, "reach_finance_10": true, "reach_finance_15": true, "count_finance_10": 1, "dist_open_space_m": 716.014, "time_open_space_min": 8.95, "reach_open_space_5": false, "reach_open_space_10": true, "reach_open_space_15": true, "count_open_space_10": 3, "groups_within_10": 3, "access_score": 0.5, "access_tier": "medium", "mean_BtA5000": 4.6132235527, "mismatch_flag": false}, "geometry": {"type": "MultiPolygon", "coordinates": [[[[79.86491548552188, 6.821599410333877], [79.86439684295078, 6.821599410333877], [79.86413752166523, 6.822045388092205], [79.86439684295078, 6.822491365435238], [79.86491548552188, 6.822491365435238], [79.8651748068074, 6.822045388092205], [79.86491548552188, 6.821599410333877]]]]}}, {"type": "Feature", "properties": {"hex_id": 21, "is_edge": false, "Hex_area": 8660.254, "Hex_area_full": 8660.254, "area_ratio": 1.0, "completeness_class": "core", "snap_ok": true, "analysis_ok": true, "node_id": 6808.0, "dist_food_m": 235.993, "time_food_min": 2.95, "reach_food_5": true, "reach_food_10": true, "reach_food_15": true, "count_food_10": 4, "dist_education_m": 1266.583, "time_education_min": 15.832, "reach_education_5": false, "reach_education_10": false, "reach_education_15": false, "count_education_10": 0, "dist_health_m": 1126.684, "time_health_min": 14.084, "reach_health_5": false, "reach_health_10": false, "reach_health_15": true, "count_health_10": 0, "dist_transit_m": 801.675, "time_transit_min": 10.021, "reach_transit_5": false, "reach_transit_10": false, "reach_transit_15": true, "count_transit_10": 0, "dist_finance_m": 756.117, "time_finance_min": 9.451, "reach_finance_5": false, "reach_finance_10": true, "reach_finance_15": true, "count_finance_10": 1, "dist_open_space_m": 836.045, "time_open_space_min": 10.451, "reach_open_space_5": false, "reach_open_space_10": false, "reach_open_space_15": true, "count_open_space_10": 0, "groups_within_10": 2, "access_score": 0.3333, "access_tier": "low", "mean_BtA5000": 2.575397327543333, "mismatch_flag": false}, "geometry": {"type": "MultiPolygon", "coordinates": [[[[79.86569344937851, 6.822045388092205], [79.8651748068074, 6.822045388092205], [79.86491548552188, 6.822491365435238], [79.8651748068074, 6.822937342362954], [79.86569344937851, 6.822937342362954], [79.86595277066408, 6.822491365435238], [79.86569344937851, 6.822045388092205]]]]}}, {"type": "Feature", "properties": {"hex_id": 22, "is_edge": false, "Hex_area": 8660.254, "Hex_area_full": 8660.254, "area_ratio": 1.0, "completeness_class": "core", "snap_ok": true, "analysis_ok": true, "node_id": 6809.0, "dist_food_m": 159.525, "time_food_min": 1.994, "reach_food_5": true, "reach_food_10": true, "reach_food_15": true, "count_food_10": 5, "dist_education_m": 1173.202, "time_education_min": 14.665, "reach_education_5": false, "reach_education_10": false, "reach_education_15": true, "count_education_10": 0, "dist_health_m": 1033.303, "time_health_min": 12.916, "reach_health_5": false, "reach_health_10": false, "reach_health_15": true, "count_health_10": 0, "dist_transit_m": 708.294, "time_transit_min": 8.854, "reach_transit_5": false, "reach_transit_10": true, "reach_transit_15": true, "count_transit_10": 2, "dist_finance_m": 662.736, "time_finance_min": 8.284, "reach_finance_5": false, "reach_finance_10": true, "reach_finance_15": true, "count_finance_10": 2, "dist_open_space_m": 742.664, "time_open_space_min": 9.283, "reach_open_space_5": false, "reach_open_space_10": true, "reach_open_space_15": true, "count_open_space_10": 3, "groups_within_10": 4, "access_score": 0.6667, "access_tier": "medium", "mean_BtA5000": 2.2323446571866667, "mismatch_flag": false}, "geometry": {"type": "MultiPolygon", "coordinates": [[[[79.86647141323516, 6.821599410333877], [79.86595277066408, 6.821599410333877], [79.86569344937851, 6.822045388092205], [79.86595277066408, 6.822491365435238], [79.86647141323516, 6.822491365435238], [79.86673073452073, 6.822045388092205], [79.86647141323516, 6.821599410333877]]]]}}, {"type": "Feature", "properties": {"hex_id": 23, "is_edge": false, "Hex_area": 8660.254, "Hex_area_full": 8660.254, "area_ratio": 1.0, "completeness_class": "core", "snap_ok": true, "analysis_ok": true, "node_id": 6810.0, "dist_food_m": 66.034, "time_food_min": 0.825, "reach_food_5": true, "reach_food_10": true, "reach_food_15": true, "count_food_10": 8, "dist_education_m": 1079.711, "time_education_min": 13.496, "reach_education_5": false, "reach_education_10": false, "reach_education_15": true, "count_education_10": 0, "dist_health_m": 939.811, "time_health_min": 11.748, "reach_health_5": false, "reach_health_10": false, "reach_health_15": true, "count_health_10": 0, "dist_transit_m": 614.802, "time_transit_min": 7.685, "reach_transit_5": false, "reach_transit_10": true, "reach_transit_15": true, "count_transit_10": 3, "dist_finance_m": 569.244, "time_finance_min": 7.116, "reach_finance_5": false, "reach_finance_10": true, "reach_finance_15": true, "count_finance_10": 2, "dist_open_space_m": 649.172, "time_open_space_min": 8.115, "reach_open_space_5": false, "reach_open_space_10": true, "reach_open_space_15": true, "count_open_space_10": 4, "groups_within_10": 4, "access_score": 0.6667, "access_tier": "medium", "mean_BtA5000": 2.35704254111, "mismatch_flag": false}, "geometry": {"type": "MultiPolygon", "coordinates": [[[[79.86724937709182, 6.822045388092205], [79.86673073452073, 6.822045388092205], [79.86647141323516, 6.822491365435238], [79.86673073452073, 6.822937342362954], [79.86724937709182, 6.822937342362954], [79.86750869837736, 6.822491365435238], [79.86724937709182, 6.822045388092205]]]]}}, {"type": "Feature", "properties": {"hex_id": 24, "is_edge": false, "Hex_area": 8660.254, "Hex_area_full": 8660.254, "area_ratio": 1.0, "completeness_class": "core", "snap_ok": true, "analysis_ok": true, "node_id": 4592.0, "dist_food_m": 183.446, "time_food_min": 2.293, "reach_food_5": true, "reach_food_10": true, "reach_food_15": true, "count_food_10": 5, "dist_education_m": 1157.026, "time_education_min": 14.463, "reach_education_5": false, "reach_education_10": false, "reach_education_15": true, "count_education_10": 0, "dist_health_m": 1017.127, "time_health_min": 12.714, "reach_health_5": false, "reach_health_10": false, "reach_health_15": true, "count_health_10": 0, "dist_transit_m": 692.118, "time_transit_min": 8.651, "reach_transit_5": false, "reach_transit_10": true, "reach_transit_15": true, "count_transit_10": 2, "dist_finance_m": 646.56, "time_finance_min": 8.082, "reach_finance_5": false, "reach_finance_10": true, "reach_finance_15": true, "count_finance_10": 2, "dist_open_space_m": 539.065, "time_open_space_min": 6.738, "reach_open_space_5": false, "reach_open_space_10": true, "reach_open_space_15": true, "count_open_space_10": 4, "groups_within_10": 4, "access_score": 0.6667, "access_tier": "medium", "mean_BtA5000": 0.381701135634, "mismatch_flag": false}, "geometry": {"type": "MultiPolygon", "coordinates": [[[[79.86802734094847, 6.821599410333877], [79.86750869837736, 6.821599410333877], [79.86724937709182, 6.822045388092205], [79.86750869837736, 6.822491365435238], [79.86802734094847, 6.822491365435238], [79.868286662234, 6.822045388092205], [79.86802734094847, 6.821599410333877]]]]}}, {"type": "Feature", "properties": {"hex_id": 25, "is_edge": false, "Hex_area": 8660.254, "Hex_area_full": 8660.254, "area_ratio": 1.0, "completeness_class": "core", "snap_ok": true, "analysis_ok": true, "node_id": 6469.0, "dist_food_m": 229.323, "time_food_min": 2.867, "reach_food_5": true, "reach_food_10": true, "reach_food_15": true, "count_food_10": 9, "dist_education_m": 929.939, "time_education_min": 11.624, "reach_education_5": false, "reach_education_10": false, "reach_education_15": true, "count_education_10": 0, "dist_health_m": 919.703, "time_health_min": 11.496, "reach_health_5": false, "reach_health_10": false, "reach_health_15": true, "count_health_10": 0, "dist_transit_m": 492.727, "time_transit_min": 6.159, "reach_transit_5": false, "reach_transit_10": true, "reach_transit_15": true, "count_transit_10": 4, "dist_finance_m": 419.472, "time_finance_min": 5.243, "reach_finance_5": false, "reach_finance_10": true, "reach_finance_15": true, "count_finance_10": 4, "dist_open_space_m": 499.401, "time_open_space_min": 6.243, "reach_open_space_5": false, "reach_open_space_10": true, "reach_open_space_15": true, "count_open_space_10": 3, "groups_within_10": 4, "access_score": 0.6667, "access_tier": "medium", "mean_BtA5000": 0.23473930110666666, "mismatch_flag": false}, "geometry": {"type": "MultiPolygon", "coordinates": [[[[79.86880530480511, 6.822045388092205], [79.868286662234, 6.822045388092205], [79.86802734094847, 6.822491365435238], [79.868286662234, 6.822937342362954], [79.86880530480511, 6.822937342362954], [79.86906462609065, 6.822491365435238], [79.86880530480511, 6.822045388092205]]]]}}, {"type": "Feature", "properties": {"hex_id": 26, "is_edge": true, "Hex_area": 8216.7551, "Hex_area_full": 8660.254, "area_ratio": 0.948789, "completeness_class": "near_complete", "snap_ok": true, "analysis_ok": true, "node_id": 6811.0, "dist_food_m": 101.16, "time_food_min": 1.265, "reach_food_5": true, "reach_food_10": true, "reach_food_15": true, "count_food_10": 6, "dist_education_m": 973.093, "time_education_min": 12.164, "reach_education_5": false, "reach_education_10": false, "reach_education_15": true, "count_education_10": 0, "dist_health_m": 1147.637, "time_health_min": 14.345, "reach_health_5": false, "reach_health_10": false, "reach_health_15": true, "count_health_10": 0, "dist_transit_m": 354.931, "time_transit_min": 4.437, "reach_transit_5": true, "reach_transit_10": true, "reach_transit_15": true, "count_transit_10": 3, "dist_finance_m": 446.059, "time_finance_min": 5.576, "reach_finance_5": false, "reach_finance_10": true, "reach_finance_15": true, "count_finance_10": 5, "dist_open_space_m": 3.184, "time_open_space_min": 0.04, "reach_open_space_5": true, "reach_open_space_10": true, "reach_open_space_15": true, "count_open_space_10": 4, "groups_within_10": 4, "access_score": 0.6667, "access_tier": "medium", "mean_BtA5000": 1.5653521815966667, "mismatch_flag": false}, "geometry": {"type": "MultiPolygon", "coordinates": [[[[79.86906462609065, 6.821599410333877], [79.86880530480511, 6.822045388092205], [79.86906462609065, 6.822491365435238], [79.86958326866176, 6.822491365435238], [79.86984258994731, 6.822045388092205], [79.86968207001172, 6.821769327805859], [79.86966567865869, 6.821764122252106], [79.86955063745336, 6.821726734908617], [79.86941755248712, 6.821682764597359], [79.86926642375997, 6.821632211318331], [79.86916930459999, 6.821599410333877], [79.86906462609065, 6.821599410333877]]]]}}, {"type": "Feature", "properties": {"hex_id": 27, "is_edge": true, "Hex_area": 1118.4173, "Hex_area_full": 8660.254, "area_ratio": 0.129144, "completeness_class": "sliver", "snap_ok": true, "analysis_ok": false, "node_id": 6812.0, "dist_food_m": 229.613, "time_food_min": 2.87, "reach_food_5": true, "reach_food_10": true, "reach_food_15": true, "count_food_10": 10, "dist_education_m": 866.909, "time_education_min": 10.836, "reach_education_5": false, "reach_education_10": false, "reach_education_15": true, "count_education_10": 0, "dist_health_m": 937.074, "time_health_min": 11.713, "reach_health_5": false, "reach_health_10": false, "reach_health_15": true, "count_health_10": 0, "dist_transit_m": 263.809, "time_transit_min": 3.298, "reach_transit_5": true, "reach_transit_10": true, "reach_transit_15": true, "count_transit_10": 4, "dist_finance_m": 354.938, "time_finance_min": 4.437, "reach_finance_5": true, "reach_finance_10": true, "reach_finance_15": true, "count_finance_10": 5, "dist_open_space_m": 183.015, "time_open_space_min": 2.288, "reach_open_space_5": true, "reach_open_space_10": true, "reach_open_space_15": true, "count_open_space_10": 4, "groups_within_10": 4, "access_score": 0.6667, "access_tier": "excluded", "mean_BtA5000": 0.33333334327, "mismatch_flag": false}, "geometry": {"type": "MultiPolygon", "coordinates": [[[[79.86984258994731, 6.822045388092205], [79.86958326866176, 6.822491365435238], [79.86963394773016, 6.822578522583344], [79.86972547045514, 6.822473601254053], [79.86985282502478, 6.8223240798332485], [79.86995859975957, 6.822195774856341], [79.87005252235667, 6.822100091209864], [79.87010001187774, 6.822045388092205], [79.86984258994731, 6.822045388092205]]]]}}, {"type": "Feature", "properties": {"hex_id": 28, "is_edge": true, "Hex_area": 132.0463, "Hex_area_full": 8660.254, "area_ratio": 0.015247, "completeness_class": "sliver", "snap_ok": false, "analysis_ok": false, "node_id": null, "dist_food_m": null, "time_food_min": null, "reach_food_5": false, "reach_food_10": false, "reach_food_15": false, "count_food_10": 0, "dist_education_m": null, "time_education_min": null, "reach_education_5": false, "reach_education_10": false, "reach_education_15": false, "count_education_10": 0, "dist_health_m": null, "time_health_min": null, "reach_health_5": false, "reach_health_10": false, "reach_health_15": false, "count_health_10": 0, "dist_transit_m": null, "time_transit_min": null, "reach_transit_5": false, "reach_transit_10": false, "reach_transit_15": false, "count_transit_10": 0, "dist_finance_m": null, "time_finance_min": null, "reach_finance_5": false, "reach_finance_10": false, "reach_finance_15": false, "count_finance_10": 0, "dist_open_space_m": null, "time_open_space_min": null, "reach_open_space_5": false, "reach_open_space_10": false, "reach_open_space_15": false, "count_open_space_10": 0, "groups_within_10": 0, "access_score": null, "access_tier": "excluded", "mean_BtA5000": null, "mismatch_flag": false}, "geometry": {"type": "MultiPolygon", "coordinates": [[[[79.86361887909413, 6.822937342362954], [79.86358956160089, 6.822886922590655], [79.86358477748834, 6.82289765060039], [79.86356923553471, 6.822932759761827], [79.86355106598461, 6.822974018617145], [79.86353026883802, 6.823021427166347], [79.86350684409497, 6.8230749854094315], [79.86348079175542, 6.8231346933463985], [79.8634521118194, 6.8232005509772495], [79.86342080428692, 6.823272558301979], [79.86341164673424, 6.823293737224902], [79.86361887909413, 6.822937342362954]]]]}}, {"type": "Feature", "properties": {"hex_id": 29, "is_edge": true, "Hex_area": 8651.6481, "Hex_area_full": 8660.254, "area_ratio": 0.999006, "completeness_class": "core", "snap_ok": true, "analysis_ok": true, "node_id": 6813.0, "dist_food_m": 261.696, "time_food_min": 3.271, "reach_food_5": true, "reach_food_10": true, "reach_food_15": true, "count_food_10": 4, "dist_education_m": 1310.957, "time_education_min": 16.387, "reach_education_5": false, "reach_education_10": false, "reach_education_15": false, "count_education_10": 0, "dist_health_m": 1062.76, "time_health_min": 13.284, "reach_health_5": false, "reach_health_10": false, "reach_health_15": true, "count_health_10": 0, "dist_transit_m": 834.191, "time_transit_min": 10.427, "reach_transit_5": false, "reach_transit_10": false, "reach_transit_15": true, "count_transit_10": 0, "dist_finance_m": 856.087, "time_finance_min": 10.701, "reach_finance_5": false, "reach_finance_10": false, "reach_finance_15": true, "count_finance_10": 0, "dist_open_space_m": 867.633, "time_open_space_min": 10.845, "reach_open_space_5": false, "reach_open_space_10": false, "reach_open_space_15": true, "count_open_space_10": 0, "groups_within_10": 1, "access_score": 0.1667, "access_tier": "low", "mean_BtA5000": null, "mismatch_flag": false}, "geometry": {"type": "MultiPolygon", "coordinates": [[[[79.86361887909413, 6.823829294972318], [79.86413752166523, 6.823829294972318], [79.86439684295078, 6.82338331887532], [79.86413752166523, 6.822937342362954], [79.86361887909413, 6.822937342362954], [79.86341164673424, 6.823293737224902], [79.8633900558175, 6.823343671125783], [79.8633672915242, 6.823396619186735], [79.86361887909413, 6.823829294972318]]]]}}, {"type": "Feature", "properties": {"hex_id": 30, "is_edge": false, "Hex_area": 8660.254, "Hex_area_full": 8660.254, "area_ratio": 1.0, "completeness_class": "core", "snap_ok": true, "analysis_ok": true, "node_id": 6814.0, "dist_food_m": 279.336, "time_food_min": 3.492, "reach_food_5": true, "reach_food_10": true, "reach_food_15": true, "count_food_10": 5, "dist_education_m": 1309.927, "time_education_min": 16.374, "reach_education_5": false, "reach_education_10": false, "reach_education_15": false, "count_education_10": 0, "dist_health_m": 1119.386, "time_health_min": 13.992, "reach_health_5": false, "reach_health_10": false, "reach_health_15": true, "count_health_10": 0, "dist_transit_m": 845.019, "time_transit_min": 10.563, "reach_transit_5": false, "reach_transit_10": false, "reach_transit_15": true, "count_transit_10": 0, "dist_finance_m": 799.46, "time_finance_min": 9.993, "reach_finance_5": false, "reach_finance_10": true, "reach_finance_15": true, "count_finance_10": 1, "dist_open_space_m": 811.006, "time_open_space_min": 10.138, "reach_open_space_5": false, "reach_open_space_10": false, "reach_open_space_15": true, "count_open_space_10": 0, "groups_within_10": 2, "access_score": 0.3333, "access_tier": "low", "mean_BtA5000": 5.448761463165, "mismatch_flag": true}, "geometry": {"type": "MultiPolygon", "coordinates": [[[[79.86491548552188, 6.822491365435238], [79.86439684295078, 6.822491365435238], [79.86413752166523, 6.822937342362954], [79.86439684295078, 6.82338331887532], [79.86491548552188, 6.82338331887532], [79.8651748068074, 6.822937342362954], [79.86491548552188, 6.822491365435238]]]]}}, {"type": "Feature", "properties": {"hex_id": 31, "is_edge": false, "Hex_area": 8660.254, "Hex_area_full": 8660.254, "area_ratio": 1.0, "completeness_class": "core", "snap_ok": true, "analysis_ok": true, "node_id": 6815.0, "dist_food_m": 196.346, "time_food_min": 2.454, "reach_food_5": true, "reach_food_10": true, "reach_food_15": true, "count_food_10": 4, "dist_education_m": 1226.936, "time_education_min": 15.337, "reach_education_5": false, "reach_education_10": false, "reach_education_15": false, "count_education_10": 0, "dist_health_m": 1087.037, "time_health_min": 13.588, "reach_health_5": false, "reach_health_10": false, "reach_health_15": true, "count_health_10": 0, "dist_transit_m": 762.028, "time_transit_min": 9.525, "reach_transit_5": false, "reach_transit_10": true, "reach_transit_15": true, "count_transit_10": 2, "dist_finance_m": 716.47, "time_finance_min": 8.956, "reach_finance_5": false, "reach_finance_10": true, "reach_finance_15": true, "count_finance_10": 1, "dist_open_space_m": 796.398, "time_open_space_min": 9.955, "reach_open_space_5": false, "reach_open_space_10": true, "reach_open_space_15": true, "count_open_space_10": 1, "groups_within_10": 4, "access_score": 0.6667, "access_tier": "medium", "mean_BtA5000": 3.5529020925366663, "mismatch_flag": false}, "geometry": {"type": "MultiPolygon", "coordinates": [[[[79.86569344937851, 6.822937342362954], [79.8651748068074, 6.822937342362954], [79.86491548552188, 6.82338331887532], [79.8651748068074, 6.823829294972318], [79.86569344937851, 6.823829294972318], [79.86595277066408, 6.82338331887532], [79.86569344937851, 6.822937342362954]]]]}}, {"type": "Feature", "properties": {"hex_id": 32, "is_edge": false, "Hex_area": 8660.254, "Hex_area_full": 8660.254, "area_ratio": 1.0, "completeness_class": "core", "snap_ok": true, "analysis_ok": true, "node_id": 6816.0, "dist_food_m": 66.877, "time_food_min": 0.836, "reach_food_5": true, "reach_food_10": true, "reach_food_15": true, "count_food_10": 7, "dist_education_m": 1097.467, "time_education_min": 13.718, "reach_education_5": false, "reach_education_10": false, "reach_education_15": true, "count_education_10": 0, "dist_health_m": 957.568, "time_health_min": 11.97, "reach_health_5": false, "reach_health_10": false, "reach_health_15": true, "count_health_10": 0, "dist_transit_m": 632.559, "time_transit_min": 7.907, "reach_transit_5": false, "reach_transit_10": true, "reach_transit_15": true, "count_transit_10": 3, "dist_finance_m": 587.001, "time_finance_min": 7.338, "reach_finance_5": false, "reach_finance_10": true, "reach_finance_15": true, "count_finance_10": 2, "dist_open_space_m": 666.929, "time_open_space_min": 8.337, "reach_open_space_5": false, "reach_open_space_10": true, "reach_open_space_15": true, "count_open_space_10": 3, "groups_within_10": 4, "access_score": 0.6667, "access_tier": "medium", "mean_BtA5000": 10.194557958842001, "mismatch_flag": false}, "geometry": {"type": "MultiPolygon", "coordinates": [[[[79.86647141323516, 6.822491365435238], [79.86595277066408, 6.822491365435238], [79.86569344937851, 6.822937342362954], [79.86595277066408, 6.82338331887532], [79.86647141323516, 6.82338331887532], [79.86673073452073, 6.822937342362954], [79.86647141323516, 6.822491365435238]]]]}}, {"type": "Feature", "properties": {"hex_id": 33, "is_edge": false, "Hex_area": 8660.254, "Hex_area_full": 8660.254, "area_ratio": 1.0, "completeness_class": "core", "snap_ok": true, "analysis_ok": true, "node_id": 6817.0, "dist_food_m": 71.697, "time_food_min": 0.896, "reach_food_5": true, "reach_food_10": true, "reach_food_15": true, "count_food_10": 11, "dist_education_m": 1045.276, "time_education_min": 13.066, "reach_education_5": false, "reach_education_10": false, "reach_education_15": true, "count_education_10": 0, "dist_health_m": 818.994, "time_health_min": 10.237, "reach_health_5": false, "reach_health_10": false, "reach_health_15": true, "count_health_10": 0, "dist_transit_m": 493.986, "time_transit_min": 6.175, "reach_transit_5": false, "reach_transit_10": true, "reach_transit_15": true, "count_transit_10": 4, "dist_finance_m": 534.81, "time_finance_min": 6.685, "reach_finance_5": false, "reach_finance_10": true, "reach_finance_15": true, "count_finance_10": 2, "dist_open_space_m": 614.738, "time_open_space_min": 7.684, "reach_open_space_5": false, "reach_open_space_10": true, "reach_open_space_15": true, "count_open_space_10": 3, "groups_within_10": 4, "access_score": 0.6667, "access_tier": "medium", "mean_BtA5000": 8.27413593605375, "mismatch_flag": false}, "geometry": {"type": "MultiPolygon", "coordinates": [[[[79.86724937709182, 6.822937342362954], [79.86673073452073, 6.822937342362954], [79.86647141323516, 6.82338331887532], [79.86673073452073, 6.823829294972318], [79.86724937709182, 6.823829294972318], [79.86750869837736, 6.82338331887532], [79.86724937709182, 6.822937342362954]]]]}}, {"type": "Feature", "properties": {"hex_id": 34, "is_edge": false, "Hex_area": 8660.254, "Hex_area_full": 8660.254, "area_ratio": 1.0, "completeness_class": "core", "snap_ok": true, "analysis_ok": true, "node_id": 6818.0, "dist_food_m": 112.647, "time_food_min": 1.408, "reach_food_5": true, "reach_food_10": true, "reach_food_15": true, "count_food_10": 9, "dist_education_m": 917.943, "time_education_min": 11.474, "reach_education_5": false, "reach_education_10": false, "reach_education_15": true, "count_education_10": 0, "dist_health_m": 907.707, "time_health_min": 11.346, "reach_health_5": false, "reach_health_10": false, "reach_health_15": true, "count_health_10": 0, "dist_transit_m": 480.731, "time_transit_min": 6.009, "reach_transit_5": false, "reach_transit_10": true, "reach_transit_15": true, "count_transit_10": 4, "dist_finance_m": 407.476, "time_finance_min": 5.093, "reach_finance_5": false, "reach_finance_10": true, "reach_finance_15": true, "count_finance_10": 4, "dist_open_space_m": 487.405, "time_open_space_min": 6.093, "reach_open_space_5": false, "reach_open_space_10": true, "reach_open_space_15": true, "count_open_space_10": 3, "groups_within_10": 4, "access_score": 0.6667, "access_tier": "medium", "mean_BtA5000": 3.259326767922, "mismatch_flag": false}, "geometry": {"type": "MultiPolygon", "coordinates": [[[[79.86802734094847, 6.822491365435238], [79.86750869837736, 6.822491365435238], [79.86724937709182, 6.822937342362954], [79.86750869837736, 6.82338331887532], [79.86802734094847, 6.82338331887532], [79.868286662234, 6.822937342362954], [79.86802734094847, 6.822491365435238]]]]}}, {"type": "Feature", "properties": {"hex_id": 35, "is_edge": true, "Hex_area": 7616.8896, "Hex_area_full": 8660.254, "area_ratio": 0.879523, "completeness_class": "partial", "snap_ok": true, "analysis_ok": false, "node_id": 6819.0, "dist_food_m": 206.306, "time_food_min": 2.579, "reach_food_5": true, "reach_food_10": true, "reach_food_15": true, "count_food_10": 12, "dist_education_m": 824.285, "time_education_min": 10.304, "reach_education_5": false, "reach_education_10": false, "reach_education_15": true, "count_education_10": 0, "dist_health_m": 814.049, "time_health_min": 10.176, "reach_health_5": false, "reach_health_10": false, "reach_health_15": true, "count_health_10": 0, "dist_transit_m": 387.072, "time_transit_min": 4.838, "reach_transit_5": true, "reach_transit_10": true, "reach_transit_15": true, "count_transit_10": 4, "dist_finance_m": 313.818, "time_finance_min": 3.923, "reach_finance_5": true, "reach_finance_10": true, "reach_finance_15": true, "count_finance_10": 5, "dist_open_space_m": 393.746, "time_open_space_min": 4.922, "reach_open_space_5": true, "reach_open_space_10": true, "reach_open_space_15": true, "count_open_space_10": 3, "groups_within_10": 4, "access_score": 0.6667, "access_tier": "excluded", "mean_BtA5000": 1.19504493624, "mismatch_flag": false}, "geometry": {"type": "MultiPolygon", "coordinates": [[[[79.86880530480511, 6.822937342362954], [79.868286662234, 6.822937342362954], [79.86802734094847, 6.82338331887532], [79.868286662234, 6.823829294972318], [79.86858307247908, 6.823829294972318], [79.86858729489501, 6.82382383642881], [79.86859217970867, 6.8238176168520415], [79.86859712741693, 6.8238114112518495], [79.8686021380198, 6.823805219628237], [79.86860721151724, 6.823799041981201], [79.86861234790929, 6.823792878310743], [79.86861754719592, 6.8237867286168585], [79.86862346627629, 6.823779698398627], [79.86863010515039, 6.8237717876560415], [79.86863746381817, 6.823762996389106], [79.86864554227965, 6.823753324597817], [79.8686543405349, 6.823742772282177], [79.86866385858382, 6.823731339442186], [79.8686740964265, 6.823719026077846], [79.86868505406287, 6.82370583218915], [79.86869753514613, 6.823690416024717], [79.86871153967628, 6.823672777584536], [79.86872706765334, 6.8236529168686095], [79.86874411907729, 6.823630833876941], [79.86876269394813, 6.82360652860953], [79.86878279226585, 6.823580001066373], [79.86880441403048, 6.823551251247474], [79.86882755924202, 6.82352027915283], [79.86885010346072, 6.823490523020383], [79.86887204668662, 6.823461982850139], [79.8688933889197, 6.8234346586420935], [79.86891413015998, 6.823408550396247], [79.86893427040744, 6.823383658112601], [79.86895380966209, 6.823359981791152], [79.86897274792392, 6.823337521431905], [79.86899108519295, 6.8233162770348565], [79.8690117804243, 6.823292435794953], [79.86880530480511, 6.822937342362954]]]]}}, {"type": "Feature", "properties": {"hex_id": 36, "is_edge": true, "Hex_area": 4304.6464, "Hex_area_full": 8660.254, "area_ratio": 0.497058, "completeness_class": "sliver", "snap_ok": true, "analysis_ok": false, "node_id": 6820.0, "dist_food_m": 319.855, "time_food_min": 3.998, "reach_food_5": true, "reach_food_10": true, "reach_food_15": true, "count_food_10": 11, "dist_education_m": 776.667, "time_education_min": 9.708, "reach_education_5": false, "reach_education_10": true, "reach_education_15": true, "count_education_10": 1, "dist_health_m": 846.832, "time_health_min": 10.585, "reach_health_5": false, "reach_health_10": false, "reach_health_15": true, "count_health_10": 0, "dist_transit_m": 339.455, "time_transit_min": 4.243, "reach_transit_5": true, "reach_transit_10": true, "reach_transit_15": true, "count_transit_10": 5, "dist_finance_m": 266.201, "time_finance_min": 3.328, "reach_finance_5": true, "reach_finance_10": true, "reach_finance_15": true, "count_finance_10": 5, "dist_open_space_m": 273.257, "time_open_space_min": 3.416, "reach_open_space_5": true, "reach_open_space_10": true, "reach_open_space_15": true, "count_open_space_10": 4, "groups_within_10": 5, "access_score": 0.8333, "access_tier": "excluded", "mean_BtA5000": 0.27907575667, "mismatch_flag": false}, "geometry": {"type": "MultiPolygon", "coordinates": [[[[79.86958326866176, 6.822491365435238], [79.86906462609065, 6.822491365435238], [79.86880530480511, 6.822937342362954], [79.8690117804243, 6.823292435794953], [79.86902574710392, 6.823276345954353], [79.86907673365685, 6.823217728190393], [79.86914404485171, 6.823140423742977], [79.86922768068848, 6.823044432612103], [79.86932764116722, 6.822929754797773], [79.86944392628793, 6.822796390299988], [79.86957653605054, 6.8226443391187495], [79.86963394773016, 6.822578522583344], [79.86958326866176, 6.822491365435238]]]]}}, {"type": "Feature", "properties": {"hex_id": 37, "is_edge": true, "Hex_area": 3314.887, "Hex_area_full": 8660.254, "area_ratio": 0.38277, "completeness_class": "sliver", "snap_ok": false, "analysis_ok": false, "node_id": null, "dist_food_m": null, "time_food_min": null, "reach_food_5": false, "reach_food_10": false, "reach_food_15": false, "count_food_10": 0, "dist_education_m": null, "time_education_min": null, "reach_education_5": false, "reach_education_10": false, "reach_education_15": false, "count_education_10": 0, "dist_health_m": null, "time_health_min": null, "reach_health_5": false, "reach_health_10": false, "reach_health_15": false, "count_health_10": 0, "dist_transit_m": null, "time_transit_min": null, "reach_transit_5": false, "reach_transit_10": false, "reach_transit_15": false, "count_transit_10": 0, "dist_finance_m": null, "time_finance_min": null, "reach_finance_5": false, "reach_finance_10": false, "reach_finance_15": false, "count_finance_10": 0, "dist_open_space_m": null, "time_open_space_min": null, "reach_open_space_5": false, "reach_open_space_10": false, "reach_open_space_15": false, "count_open_space_10": 0, "groups_within_10": 0, "access_score": null, "access_tier": "excluded", "mean_BtA5000": null, "mismatch_flag": false}, "geometry": {"type": "MultiPolygon", "coordinates": [[[[79.8633595578086, 6.8242752706539145], [79.86361887909413, 6.823829294972318], [79.8633672915242, 6.823396619186735], [79.86335986641117, 6.823413889448657], [79.86333023606792, 6.823483213270603], [79.86330116478776, 6.823551642591624], [79.86327265257064, 6.823619177411712], [79.86324469941664, 6.8236858177308735], [79.86321730532572, 6.823751563549107], [79.86319047029787, 6.823816414866412], [79.86316151083032, 6.823891105693928], [79.86313042692306, 6.823975636031657], [79.86309721857609, 6.824070005879595], [79.86306188578942, 6.824174215237748], [79.86302869602083, 6.8242752706539145], [79.8633595578086, 6.8242752706539145]]]]}}, {"type": "Feature", "properties": {"hex_id": 38, "is_edge": false, "Hex_area": 8660.254, "Hex_area_full": 8660.254, "area_ratio": 1.0, "completeness_class": "core", "snap_ok": true, "analysis_ok": true, "node_id": 5237.0, "dist_food_m": 199.921, "time_food_min": 2.499, "reach_food_5": true, "reach_food_10": true, "reach_food_15": true, "count_food_10": 3, "dist_education_m": 1249.182, "time_education_min": 15.615, "reach_education_5": false, "reach_education_10": false, "reach_education_15": false, "count_education_10": 0, "dist_health_m": 1000.984, "time_health_min": 12.512, "reach_health_5": false, "reach_health_10": false, "reach_health_15": true, "count_health_10": 0, "dist_transit_m": 772.416, "time_transit_min": 9.655, "reach_transit_5": false, "reach_transit_10": true, "reach_transit_15": true, "count_transit_10": 1, "dist_finance_m": 825.853, "time_finance_min": 10.323, "reach_finance_5": false, "reach_finance_10": false, "reach_finance_15": true, "count_finance_10": 0, "dist_open_space_m": 1103.556, "time_open_space_min": 13.794, "reach_open_space_5": false, "reach_open_space_10": false, "reach_open_space_15": true, "count_open_space_10": 0, "groups_within_10": 2, "access_score": 0.3333, "access_tier": "low", "mean_BtA5000": null, "mismatch_flag": false}, "geometry": {"type": "MultiPolygon", "coordinates": [[[[79.86413752166523, 6.823829294972318], [79.86361887909413, 6.823829294972318], [79.8633595578086, 6.8242752706539145], [79.86361887909413, 6.824721245920083], [79.86413752166523, 6.824721245920083], [79.86439684295078, 6.8242752706539145], [79.86413752166523, 6.823829294972318]]]]}}, {"type": "Feature", "properties": {"hex_id": 39, "is_edge": false, "Hex_area": 8660.254, "Hex_area_full": 8660.254, "area_ratio": 1.0, "completeness_class": "core", "snap_ok": true, "analysis_ok": true, "node_id": 6821.0, "dist_food_m": 218.1, "time_food_min": 2.726, "reach_food_5": true, "reach_food_10": true, "reach_food_15": true, "count_food_10": 4, "dist_education_m": 1267.361, "time_education_min": 15.842, "reach_education_5": false, "reach_education_10": false, "reach_education_15": false, "count_education_10": 0, "dist_health_m": 1019.163, "time_health_min": 12.74, "reach_health_5": false, "reach_health_10": false, "reach_health_15": true, "count_health_10": 0, "dist_transit_m": 790.594, "time_transit_min": 9.882, "reach_transit_5": false, "reach_transit_10": true, "reach_transit_15": true, "count_transit_10": 1, "dist_finance_m": 844.032, "time_finance_min": 10.55, "reach_finance_5": false, "reach_finance_10": false, "reach_finance_15": true, "count_finance_10": 0, "dist_open_space_m": 911.229, "time_open_space_min": 11.39, "reach_open_space_5": false, "reach_open_space_10": false, "reach_open_space_15": true, "count_open_space_10": 0, "groups_within_10": 2, "access_score": 0.3333, "access_tier": "low", "mean_BtA5000": 1.7599633932099998, "mismatch_flag": false}, "geometry": {"type": "MultiPolygon", "coordinates": [[[[79.86491548552188, 6.82338331887532], [79.86439684295078, 6.82338331887532], [79.86413752166523, 6.823829294972318], [79.86439684295078, 6.8242752706539145], [79.86491548552188, 6.8242752706539145], [79.8651748068074, 6.823829294972318], [79.86491548552188, 6.82338331887532]]]]}}, {"type": "Feature", "properties": {"hex_id": 40, "is_edge": false, "Hex_area": 8660.254, "Hex_area_full": 8660.254, "area_ratio": 1.0, "completeness_class": "core", "snap_ok": true, "analysis_ok": true, "node_id": 6822.0, "dist_food_m": 283.828, "time_food_min": 3.548, "reach_food_5": true, "reach_food_10": true, "reach_food_15": true, "count_food_10": 3, "dist_education_m": 1333.089, "time_education_min": 16.664, "reach_education_5": false, "reach_education_10": false, "reach_education_15": false, "count_education_10": 0, "dist_health_m": 1084.891, "time_health_min": 13.561, "reach_health_5": false, "reach_health_10": false, "reach_health_15": true, "count_health_10": 0, "dist_transit_m": 856.323, "time_transit_min": 10.704, "reach_transit_5": false, "reach_transit_10": false, "reach_transit_15": true, "count_transit_10": 0, "dist_finance_m": 909.76, "time_finance_min": 11.372, "reach_finance_5": false, "reach_finance_10": false, "reach_finance_15": true, "count_finance_10": 0, "dist_open_space_m": 1034.08, "time_open_space_min": 12.926, "reach_open_space_5": false, "reach_open_space_10": false, "reach_open_space_15": true, "count_open_space_10": 0, "groups_within_10": 1, "access_score": 0.1667, "access_tier": "low", "mean_BtA5000": 0.33333334327, "mismatch_flag": false}, "geometry": {"type": "MultiPolygon", "coordinates": [[[[79.86569344937851, 6.823829294972318], [79.8651748068074, 6.823829294972318], [79.86491548552188, 6.8242752706539145], [79.8651748068074, 6.824721245920083], [79.86569344937851, 6.824721245920083], [79.86595277066408, 6.8242752706539145], [79.86569344937851, 6.823829294972318]]]]}}, {"type": "Feature", "properties": {"hex_id": 41, "is_edge": false, "Hex_area": 8660.254, "Hex_area_full": 8660.254, "area_ratio": 1.0, "completeness_class": "core", "snap_ok": true, "analysis_ok": true, "node_id": 6823.0, "dist_food_m": 101.547, "time_food_min": 1.269, "reach_food_5": true, "reach_food_10": true, "reach_food_15": true, "count_food_10": 5, "dist_education_m": 1132.137, "time_education_min": 14.152, "reach_education_5": false, "reach_education_10": false, "reach_education_15": true, "count_education_10": 0, "dist_health_m": 992.238, "time_health_min": 12.403, "reach_health_5": false, "reach_health_10": false, "reach_health_15": true, "count_health_10": 0, "dist_transit_m": 667.229, "time_transit_min": 8.34, "reach_transit_5": false, "reach_transit_10": true, "reach_transit_15": true, "count_transit_10": 2, "dist_finance_m": 621.671, "time_finance_min": 7.771, "reach_finance_5": false, "reach_finance_10": true, "reach_finance_15": true, "count_finance_10": 2, "dist_open_space_m": 701.599, "time_open_space_min": 8.77, "reach_open_space_5": false, "reach_open_space_10": true, "reach_open_space_15": true, "count_open_space_10": 3, "groups_within_10": 4, "access_score": 0.6667, "access_tier": "medium", "mean_BtA5000": 9.2263793572775, "mismatch_flag": false}, "geometry": {"type": "MultiPolygon", "coordinates": [[[[79.86647141323516, 6.82338331887532], [79.86595277066408, 6.82338331887532], [79.86569344937851, 6.823829294972318], [79.86595277066408, 6.8242752706539145], [79.86647141323516, 6.8242752706539145], [79.86673073452073, 6.823829294972318], [79.86647141323516, 6.82338331887532]]]]}}, {"type": "Feature", "properties": {"hex_id": 42, "is_edge": false, "Hex_area": 8660.254, "Hex_area_full": 8660.254, "area_ratio": 1.0, "completeness_class": "core", "snap_ok": true, "analysis_ok": true, "node_id": 6824.0, "dist_food_m": 165.785, "time_food_min": 2.072, "reach_food_5": true, "reach_food_10": true, "reach_food_15": true, "count_food_10": 12, "dist_education_m": 973.103, "time_education_min": 12.164, "reach_education_5": false, "reach_education_10": false, "reach_education_15": true, "count_education_10": 0, "dist_health_m": 724.906, "time_health_min": 9.061, "reach_health_5": false, "reach_health_10": true, "reach_health_15": true, "count_health_10": 1, "dist_transit_m": 399.897, "time_transit_min": 4.999, "reach_transit_5": true, "reach_transit_10": true, "reach_transit_15": true, "count_transit_10": 5, "dist_finance_m": 453.335, "time_finance_min": 5.667, "reach_finance_5": false, "reach_finance_10": true, "reach_finance_15": true, "count_finance_10": 3, "dist_open_space_m": 708.827, "time_open_space_min": 8.86, "reach_open_space_5": false, "reach_open_space_10": true, "reach_open_space_15": true, "count_open_space_10": 3, "groups_within_10": 5, "access_score": 0.8333, "access_tier": "high", "mean_BtA5000": 0.29781693220500005, "mismatch_flag": false}, "geometry": {"type": "MultiPolygon", "coordinates": [[[[79.86724937709182, 6.823829294972318], [79.86673073452073, 6.823829294972318], [79.86647141323516, 6.8242752706539145], [79.86673073452073, 6.824721245920083], [79.86724937709182, 6.824721245920083], [79.86750869837736, 6.8242752706539145], [79.86724937709182, 6.823829294972318]]]]}}, {"type": "Feature", "properties": {"hex_id": 43, "is_edge": false, "Hex_area": 8660.254, "Hex_area_full": 8660.254, "area_ratio": 1.0, "completeness_class": "core", "snap_ok": true, "analysis_ok": true, "node_id": 6825.0, "dist_food_m": 395.747, "time_food_min": 4.947, "reach_food_5": true, "reach_food_10": true, "reach_food_15": true, "count_food_10": 12, "dist_education_m": 983.754, "time_education_min": 12.297, "reach_education_5": false, "reach_education_10": false, "reach_education_15": true, "count_education_10": 0, "dist_health_m": 780.89, "time_health_min": 9.761, "reach_health_5": false, "reach_health_10": true, "reach_health_15": true, "count_health_10": 1, "dist_transit_m": 374.751, "time_transit_min": 4.684, "reach_transit_5": true, "reach_transit_10": true, "reach_transit_15": true, "count_transit_10": 4, "dist_finance_m": 428.189, "time_finance_min": 5.352, "reach_finance_5": false, "reach_finance_10": true, "reach_finance_15": true, "count_finance_10": 5, "dist_open_space_m": 553.216, "time_open_space_min": 6.915, "reach_open_space_5": false, "reach_open_space_10": true, "reach_open_space_15": true, "count_open_space_10": 3, "groups_within_10": 5, "access_score": 0.8333, "access_tier": "high", "mean_BtA5000": 0.33333329856500005, "mismatch_flag": false}, "geometry": {"type": "MultiPolygon", "coordinates": [[[[79.86802734094847, 6.82338331887532], [79.86750869837736, 6.82338331887532], [79.86724937709182, 6.823829294972318], [79.86750869837736, 6.8242752706539145], [79.86802734094847, 6.8242752706539145], [79.868286662234, 6.823829294972318], [79.86802734094847, 6.82338331887532]]]]}}, {"type": "Feature", "properties": {"hex_id": 44, "is_edge": true, "Hex_area": 3281.7569, "Hex_area_full": 8660.254, "area_ratio": 0.378945, "completeness_class": "sliver", "snap_ok": true, "analysis_ok": false, "node_id": 6826.0, "dist_food_m": 305.063, "time_food_min": 3.813, "reach_food_5": true, "reach_food_10": true, "reach_food_15": true, "count_food_10": 15, "dist_education_m": 893.07, "time_education_min": 11.163, "reach_education_5": false, "reach_education_10": false, "reach_education_15": true, "count_education_10": 0, "dist_health_m": 690.206, "time_health_min": 8.628, "reach_health_5": false, "reach_health_10": true, "reach_health_15": true, "count_health_10": 1, "dist_transit_m": 284.067, "time_transit_min": 3.551, "reach_transit_5": true, "reach_transit_10": true, "reach_transit_15": true, "count_transit_10": 5, "dist_finance_m": 337.505, "time_finance_min": 4.219, "reach_finance_5": true, "reach_finance_10": true, "reach_finance_15": true, "count_finance_10": 5, "dist_open_space_m": 462.532, "time_open_space_min": 5.782, "reach_open_space_5": false, "reach_open_space_10": true, "reach_open_space_15": true, "count_open_space_10": 3, "groups_within_10": 5, "access_score": 0.8333, "access_tier": "excluded", "mean_BtA5000": 0.33333329856500005, "mismatch_flag": false}, "geometry": {"type": "MultiPolygon", "coordinates": [[[[79.868286662234, 6.823829294972318], [79.86802734094847, 6.8242752706539145], [79.868286662234, 6.824721245920083], [79.86831199439025, 6.824721245920083], [79.8683208803724, 6.824695821091593], [79.86833429788632, 6.82465668667598], [79.86834739393895, 6.824618894011759], [79.86836016853036, 6.824582443098928], [79.86837262166046, 6.824547333937489], [79.86838475332931, 6.824513566527444], [79.86839656353686, 6.824481140868793], [79.86840805228316, 6.824450056961533], [79.86841921956818, 6.824420314805666], [79.86843006539198, 6.8243919144011915], [79.86843985598414, 6.824366274370676], [79.86844859134476, 6.824343394714119], [79.86845627147385, 6.824323275431518], [79.86846289637134, 6.824305916522876], [79.86846846603729, 6.8242913179881945], [79.86847298047165, 6.824279479827471], [79.86847643967447, 6.824270402040707], [79.8684788436457, 6.8242640846279], [79.86848116375748, 6.824257899992573], [79.8684834000098, 6.8242518481347325], [79.86848555240266, 6.82424592905437], [79.86848762093607, 6.8242401427514885], [79.86848960561, 6.824234489226091], [79.86849150642446, 6.824228968478173], [79.86849332337948, 6.824223580507738], [79.86849505647504, 6.824218325314782], [79.86849661486337, 6.824212343339825], [79.86849799854448, 6.824205634582864], [79.86849920751838, 6.824198199043896], [79.8685002417851, 6.824190036722925], [79.86850110134458, 6.82418114761995], [79.86850178619684, 6.82417153173497], [79.86850229634192, 6.824161189067985], [79.86850263177978, 6.824150119618997], [79.86850293926446, 6.824139099088027], [79.86850321879601, 6.824128127475079], [79.86850347037438, 6.824117204780149], [79.86850369399961, 6.824106331003241], [79.8685038896717, 6.82409550614435], [79.86850405739064, 6.824084730203479], [79.8685041971564, 6.824074003180627], [79.86850430896901, 6.8240633250757945], [79.86850465838346, 6.824052122849324], [79.86850524539969, 6.824040396501216], [79.86850607001774, 6.824028146031471], [79.86850713223758, 6.824015371440088], [79.86850843205924, 6.824002072727066], [79.86850996948272, 6.82398824989241], [79.86851174450798, 6.823973902936112], [79.86851375713508, 6.82395903185818], [79.86851577675047, 6.823945740133448], [79.86851780335412, 6.823934027761916], [79.86851983694608, 6.82392389474359], [79.86852187752632, 6.823915341078461], [79.86852392509486, 6.823908366766536], [79.86852597965168, 6.823902971807811], [79.86852804119677, 6.823899156202289], [79.86853010973017, 6.823896919949967], [79.86853222019332, 6.823894578873317], [79.86853437258617, 6.823892132972344], [79.86853656690877, 6.823889582247041], [79.86853880316107, 6.823886926697411], [79.86854108134314, 6.823884166323452], [79.86854340145491, 6.823881301125166], [79.86854576349643, 6.823878331102553], [79.86854816746767, 6.823875256255612], [79.86855085795875, 6.823871783076225], [79.86855383496963, 6.823867911564393], [79.86855709850037, 6.823863641720118], [79.86856064855091, 6.8238589735434], [79.86856448512131, 6.823853907034235], [79.86856860821153, 6.8238484421926255], [79.86857301782157, 6.823842579018573], [79.86857771395145, 6.823836317512074], [79.86858247297594, 6.823830069982153], [79.86858307247908, 6.823829294972318], [79.868286662234, 6.823829294972318]]]]}}, {"type": "Feature", "properties": {"hex_id": 45, "is_edge": true, "Hex_area": 77.0702, "Hex_area_full": 8660.254, "area_ratio": 0.008899, "completeness_class": "sliver", "snap_ok": false, "analysis_ok": false, "node_id": null, "dist_food_m": null, "time_food_min": null, "reach_food_5": false, "reach_food_10": false, "reach_food_15": false, "count_food_10": 0, "dist_education_m": null, "time_education_min": null, "reach_education_5": false, "reach_education_10": false, "reach_education_15": false, "count_education_10": 0, "dist_health_m": null, "time_health_min": null, "reach_health_5": false, "reach_health_10": false, "reach_health_15": false, "count_health_10": 0, "dist_transit_m": null, "time_transit_min": null, "reach_transit_5": false, "reach_transit_10": false, "reach_transit_15": false, "count_transit_10": 0, "dist_finance_m": null, "time_finance_min": null, "reach_finance_5": false, "reach_finance_10": false, "reach_finance_15": false, "count_finance_10": 0, "dist_open_space_m": null, "time_open_space_min": null, "reach_open_space_5": false, "reach_open_space_10": false, "reach_open_space_15": false, "count_open_space_10": 0, "groups_within_10": 0, "access_score": null, "access_tier": "excluded", "mean_BtA5000": null, "mismatch_flag": false}, "geometry": {"type": "MultiPolygon", "coordinates": [[[[79.86284091523748, 6.825167220770802], [79.8627968235609, 6.825091392937238], [79.8627838078133, 6.825157495383226], [79.86276988714263, 6.825247951789606], [79.86276491849853, 6.825297918155816], [79.86284091523748, 6.825167220770802]]]]}}, {"type": "Feature", "properties": {"hex_id": 46, "is_edge": true, "Hex_area": 6584.2107, "Hex_area_full": 8660.254, "area_ratio": 0.760279, "completeness_class": "partial", "snap_ok": true, "analysis_ok": false, "node_id": 5237.0, "dist_food_m": 199.921, "time_food_min": 2.499, "reach_food_5": true, "reach_food_10": true, "reach_food_15": true, "count_food_10": 3, "dist_education_m": 1249.182, "time_education_min": 15.615, "reach_education_5": false, "reach_education_10": false, "reach_education_15": false, "count_education_10": 0, "dist_health_m": 1000.984, "time_health_min": 12.512, "reach_health_5": false, "reach_health_10": false, "reach_health_15": true, "count_health_10": 0, "dist_transit_m": 772.416, "time_transit_min": 9.655, "reach_transit_5": false, "reach_transit_10": true, "reach_transit_15": true, "count_transit_10": 1, "dist_finance_m": 825.853, "time_finance_min": 10.323, "reach_finance_5": false, "reach_finance_10": false, "reach_finance_15": true, "count_finance_10": 0, "dist_open_space_m": 1103.556, "time_open_space_min": 13.794, "reach_open_space_5": false, "reach_open_space_10": false, "reach_open_space_15": true, "count_open_space_10": 0, "groups_within_10": 2, "access_score": 0.3333, "access_tier": "excluded", "mean_BtA5000": null, "mismatch_flag": false}, "geometry": {"type": "MultiPolygon", "coordinates": [[[[79.86284091523748, 6.825167220770802], [79.8633595578086, 6.825167220770802], [79.86361887909413, 6.824721245920083], [79.8633595578086, 6.8242752706539145], [79.86302869602083, 6.8242752706539145], [79.86302442856305, 6.8242882641061104], [79.86298484689698, 6.824412152484688], [79.86294314079119, 6.824545880373475], [79.8628993102457, 6.824689447772472], [79.86286146167517, 6.824822392972945], [79.8628295950796, 6.824944715974897], [79.86280371045898, 6.825056416778324], [79.8627968235609, 6.825091392937238], [79.86284091523748, 6.825167220770802]]]]}}, {"type": "Feature", "properties": {"hex_id": 47, "is_edge": false, "Hex_area": 8660.254, "Hex_area_full": 8660.254, "area_ratio": 1.0, "completeness_class": "core", "snap_ok": true, "analysis_ok": true, "node_id": 6827.0, "dist_food_m": 231.286, "time_food_min": 2.891, "reach_food_5": true, "reach_food_10": true, "reach_food_15": true, "count_food_10": 3, "dist_education_m": 1244.638, "time_education_min": 15.558, "reach_education_5": false, "reach_education_10": false, "reach_education_15": false, "count_education_10": 0, "dist_health_m": 996.44, "time_health_min": 12.456, "reach_health_5": false, "reach_health_10": false, "reach_health_15": true, "count_health_10": 0, "dist_transit_m": 803.781, "time_transit_min": 10.047, "reach_transit_5": false, "reach_transit_10": false, "reach_transit_15": true, "count_transit_10": 0, "dist_finance_m": 857.219, "time_finance_min": 10.715, "reach_finance_5": false, "reach_finance_10": false, "reach_finance_15": true, "count_finance_10": 0, "dist_open_space_m": 1134.921, "time_open_space_min": 14.187, "reach_open_space_5": false, "reach_open_space_10": false, "reach_open_space_15": true, "count_open_space_10": 0, "groups_within_10": 1, "access_score": 0.1667, "access_tier": "low", "mean_BtA5000": 0.22750843689, "mismatch_flag": false}, "geometry": {"type": "MultiPolygon", "coordinates": [[[[79.86413752166523, 6.824721245920083], [79.86361887909413, 6.824721245920083], [79.8633595578086, 6.825167220770802], [79.86361887909413, 6.825613195206041], [79.86413752166523, 6.825613195206041], [79.86439684295078, 6.825167220770802], [79.86413752166523, 6.824721245920083]]]]}}, {"type": "Feature", "properties": {"hex_id": 48, "is_edge": false, "Hex_area": 8660.254, "Hex_area_full": 8660.254, "area_ratio": 1.0, "completeness_class": "core", "snap_ok": true, "analysis_ok": true, "node_id": 6828.0, "dist_food_m": 118.585, "time_food_min": 1.482, "reach_food_5": true, "reach_food_10": true, "reach_food_15": true, "count_food_10": 7, "dist_education_m": 1167.846, "time_education_min": 14.598, "reach_education_5": false, "reach_education_10": false, "reach_education_15": true, "count_education_10": 0, "dist_health_m": 919.649, "time_health_min": 11.496, "reach_health_5": false, "reach_health_10": false, "reach_health_15": true, "count_health_10": 0, "dist_transit_m": 691.08, "time_transit_min": 8.638, "reach_transit_5": false, "reach_transit_10": true, "reach_transit_15": true, "count_transit_10": 2, "dist_finance_m": 744.518, "time_finance_min": 9.306, "reach_finance_5": false, "reach_finance_10": true, "reach_finance_15": true, "count_finance_10": 1, "dist_open_space_m": 1010.744, "time_open_space_min": 12.634, "reach_open_space_5": false, "reach_open_space_10": false, "reach_open_space_15": true, "count_open_space_10": 0, "groups_within_10": 3, "access_score": 0.5, "access_tier": "medium", "mean_BtA5000": 1.7599633932099998, "mismatch_flag": false}, "geometry": {"type": "MultiPolygon", "coordinates": [[[[79.86491548552188, 6.8242752706539145], [79.86439684295078, 6.8242752706539145], [79.86413752166523, 6.824721245920083], [79.86439684295078, 6.825167220770802], [79.86491548552188, 6.825167220770802], [79.8651748068074, 6.824721245920083], [79.86491548552188, 6.8242752706539145]]]]}}, {"type": "Feature", "properties": {"hex_id": 49, "is_edge": false, "Hex_area": 8660.254, "Hex_area_full": 8660.254, "area_ratio": 1.0, "completeness_class": "core", "snap_ok": true, "analysis_ok": true, "node_id": 4054.0, "dist_food_m": 515.3, "time_food_min": 6.441, "reach_food_5": false, "reach_food_10": true, "reach_food_15": true, "count_food_10": 6, "dist_education_m": 1090.748, "time_education_min": 13.634, "reach_education_5": false, "reach_education_10": false, "reach_education_15": true, "count_education_10": 0, "dist_health_m": 842.55, "time_health_min": 10.532, "reach_health_5": false, "reach_health_10": false, "reach_health_15": true, "count_health_10": 0, "dist_transit_m": 683.067, "time_transit_min": 8.538, "reach_transit_5": false, "reach_transit_10": true, "reach_transit_15": true, "count_transit_10": 2, "dist_finance_m": 829.814, "time_finance_min": 10.373, "reach_finance_5": false, "reach_finance_10": false, "reach_finance_15": true, "count_finance_10": 0, "dist_open_space_m": 1184.815, "time_open_space_min": 14.81, "reach_open_space_5": false, "reach_open_space_10": false, "reach_open_space_15": true, "count_open_space_10": 0, "groups_within_10": 2, "access_score": 0.3333, "access_tier": "low", "mean_BtA5000": 0.333333313465, "mismatch_flag": false}, "geometry": {"type": "MultiPolygon", "coordinates": [[[[79.86569344937851, 6.824721245920083], [79.8651748068074, 6.824721245920083], [79.86491548552188, 6.825167220770802], [79.8651748068074, 6.825613195206041], [79.86569344937851, 6.825613195206041], [79.86595277066408, 6.825167220770802], [79.86569344937851, 6.824721245920083]]]]}}, {"type": "Feature", "properties": {"hex_id": 50, "is_edge": false, "Hex_area": 8660.254, "Hex_area_full": 8660.254, "area_ratio": 1.0, "completeness_class": "core", "snap_ok": true, "analysis_ok": true, "node_id": 6829.0, "dist_food_m": 67.332, "time_food_min": 0.842, "reach_food_5": true, "reach_food_10": true, "reach_food_15": true, "count_food_10": 10, "dist_education_m": 981.929, "time_education_min": 12.274, "reach_education_5": false, "reach_education_10": false, "reach_education_15": true, "count_education_10": 0, "dist_health_m": 733.732, "time_health_min": 9.172, "reach_health_5": false, "reach_health_10": true, "reach_health_15": true, "count_health_10": 1, "dist_transit_m": 505.163, "time_transit_min": 6.315, "reach_transit_5": false, "reach_transit_10": true, "reach_transit_15": true, "count_transit_10": 4, "dist_finance_m": 558.601, "time_finance_min": 6.983, "reach_finance_5": false, "reach_finance_10": true, "reach_finance_15": true, "count_finance_10": 3, "dist_open_space_m": 836.303, "time_open_space_min": 10.454, "reach_open_space_5": false, "reach_open_space_10": false, "reach_open_space_15": true, "count_open_space_10": 0, "groups_within_10": 4, "access_score": 0.6667, "access_tier": "medium", "mean_BtA5000": 0.333333313465, "mismatch_flag": false}, "geometry": {"type": "MultiPolygon", "coordinates": [[[[79.86647141323516, 6.8242752706539145], [79.86595277066408, 6.8242752706539145], [79.86569344937851, 6.824721245920083], [79.86595277066408, 6.825167220770802], [79.86647141323516, 6.825167220770802], [79.86673073452073, 6.824721245920083], [79.86647141323516, 6.8242752706539145]]]]}}, {"type": "Feature", "properties": {"hex_id": 51, "is_edge": false, "Hex_area": 8660.254, "Hex_area_full": 8660.254, "area_ratio": 1.0, "completeness_class": "core", "snap_ok": true, "analysis_ok": true, "node_id": 6830.0, "dist_food_m": 195.289, "time_food_min": 2.441, "reach_food_5": true, "reach_food_10": true, "reach_food_15": true, "count_food_10": 13, "dist_education_m": 886.631, "time_education_min": 11.083, "reach_education_5": false, "reach_education_10": false, "reach_education_15": true, "count_education_10": 0, "dist_health_m": 638.433, "time_health_min": 7.98, "reach_health_5": false, "reach_health_10": true, "reach_health_15": true, "count_health_10": 1, "dist_transit_m": 409.864, "time_transit_min": 5.123, "reach_transit_5": false, "reach_transit_10": true, "reach_transit_15": true, "count_transit_10": 5, "dist_finance_m": 463.302, "time_finance_min": 5.791, "reach_finance_5": false, "reach_finance_10": true, "reach_finance_15": true, "count_finance_10": 3, "dist_open_space_m": 741.005, "time_open_space_min": 9.263, "reach_open_space_5": false, "reach_open_space_10": true, "reach_open_space_15": true, "count_open_space_10": 2, "groups_within_10": 5, "access_score": 0.8333, "access_tier": "high", "mean_BtA5000": 0.333333313465, "mismatch_flag": false}, "geometry": {"type": "MultiPolygon", "coordinates": [[[[79.86724937709182, 6.824721245920083], [79.86673073452073, 6.824721245920083], [79.86647141323516, 6.825167220770802], [79.86673073452073, 6.825613195206041], [79.86724937709182, 6.825613195206041], [79.86750869837736, 6.825167220770802], [79.86724937709182, 6.824721245920083]]]]}}, {"type": "Feature", "properties": {"hex_id": 52, "is_edge": false, "Hex_area": 8660.254, "Hex_area_full": 8660.254, "area_ratio": 1.0, "completeness_class": "core", "snap_ok": true, "analysis_ok": true, "node_id": 6831.0, "dist_food_m": 240.167, "time_food_min": 3.002, "reach_food_5": true, "reach_food_10": true, "reach_food_15": true, "count_food_10": 14, "dist_education_m": 873.508, "time_education_min": 10.919, "reach_education_5": false, "reach_education_10": false, "reach_education_15": true, "count_education_10": 0, "dist_health_m": 625.31, "time_health_min": 7.816, "reach_health_5": false, "reach_health_10": true, "reach_health_15": true, "count_health_10": 1, "dist_transit_m": 300.302, "time_transit_min": 3.754, "reach_transit_5": true, "reach_transit_10": true, "reach_transit_15": true, "count_transit_10": 5, "dist_finance_m": 353.74, "time_finance_min": 4.422, "reach_finance_5": true, "reach_finance_10": true, "reach_finance_15": true, "count_finance_10": 3, "dist_open_space_m": 631.442, "time_open_space_min": 7.893, "reach_open_space_5": false, "reach_open_space_10": true, "reach_open_space_15": true, "count_open_space_10": 3, "groups_within_10": 5, "access_score": 0.8333, "access_tier": "high", "mean_BtA5000": 0.26230052114, "mismatch_flag": false}, "geometry": {"type": "MultiPolygon", "coordinates": [[[[79.86802734094847, 6.8242752706539145], [79.86750869837736, 6.8242752706539145], [79.86724937709182, 6.824721245920083], [79.86750869837736, 6.825167220770802], [79.86802734094847, 6.825167220770802], [79.868286662234, 6.824721245920083], [79.86802734094847, 6.8242752706539145]]]]}}, {"type": "Feature", "properties": {"hex_id": 53, "is_edge": true, "Hex_area": 488.0358, "Hex_area_full": 8660.254, "area_ratio": 0.056354, "completeness_class": "sliver", "snap_ok": true, "analysis_ok": false, "node_id": 1972.0, "dist_food_m": 185.67, "time_food_min": 2.321, "reach_food_5": true, "reach_food_10": true, "reach_food_15": true, "count_food_10": 16, "dist_education_m": 819.01, "time_education_min": 10.238, "reach_education_5": false, "reach_education_10": false, "reach_education_15": true, "count_education_10": 0, "dist_health_m": 570.813, "time_health_min": 7.135, "reach_health_5": false, "reach_health_10": true, "reach_health_15": true, "count_health_10": 1, "dist_transit_m": 218.136, "time_transit_min": 2.727, "reach_transit_5": true, "reach_transit_10": true, "reach_transit_15": true, "count_transit_10": 6, "dist_finance_m": 271.573, "time_finance_min": 3.395, "reach_finance_5": true, "reach_finance_10": true, "reach_finance_15": true, "count_finance_10": 6, "dist_open_space_m": 549.276, "time_open_space_min": 6.866, "reach_open_space_5": false, "reach_open_space_10": true, "reach_open_space_15": true, "count_open_space_10": 3, "groups_within_10": 5, "access_score": 0.8333, "access_tier": "excluded", "mean_BtA5000": 0.30965573589333334, "mismatch_flag": false}, "geometry": {"type": "MultiPolygon", "coordinates": [[[[79.868286662234, 6.824721245920083], [79.86802734094847, 6.825167220770802], [79.86810449837806, 6.825299914283705], [79.86811070060739, 6.825275765177856], [79.86811904462385, 6.825245561794944], [79.86812784986738, 6.825215847592232], [79.86813711633795, 6.8251866225697135], [79.86814684403554, 6.825157886727392], [79.86815680933493, 6.82512923474453], [79.86816701223614, 6.82510066662113], [79.86817745273916, 6.825072182357194], [79.86818813084399, 6.8250437819527185], [79.86819904655063, 6.825015465407706], [79.8682101998591, 6.824987232722154], [79.86822159076935, 6.824959083896068], [79.86823321928141, 6.824931018929441], [79.86824507141873, 6.82490157028169], [79.86825714718125, 6.824870737952816], [79.868269446569, 6.824838521942819], [79.86828196958203, 6.824804922251699], [79.86829471622025, 6.824769938879454], [79.86830768648369, 6.824733571826084], [79.86831199439025, 6.824721245920083], [79.868286662234, 6.824721245920083]]]]}}, {"type": "Feature", "properties": {"hex_id": 54, "is_edge": true, "Hex_area": 2.6297, "Hex_area_full": 8660.254, "area_ratio": 0.000304, "completeness_class": "sliver", "snap_ok": true, "analysis_ok": false, "node_id": 695.0, "dist_food_m": 383.854, "time_food_min": 4.798, "reach_food_5": true, "reach_food_10": true, "reach_food_15": true, "count_food_10": 7, "dist_education_m": 1103.863, "time_education_min": 13.798, "reach_education_5": false, "reach_education_10": false, "reach_education_15": true, "count_education_10": 0, "dist_health_m": 855.665, "time_health_min": 10.696, "reach_health_5": false, "reach_health_10": false, "reach_health_15": true, "count_health_10": 0, "dist_transit_m": 696.182, "time_transit_min": 8.702, "reach_transit_5": false, "reach_transit_10": true, "reach_transit_15": true, "count_transit_10": 1, "dist_finance_m": 842.929, "time_finance_min": 10.537, "reach_finance_5": false, "reach_finance_10": false, "reach_finance_15": true, "count_finance_10": 0, "dist_open_space_m": 1197.93, "time_open_space_min": 14.974, "reach_open_space_5": false, "reach_open_space_10": false, "reach_open_space_15": true, "count_open_space_10": 0, "groups_within_10": 2, "access_score": 0.3333, "access_tier": "excluded", "mean_BtA5000": null, "mismatch_flag": false}, "geometry": {"type": "MultiPolygon", "coordinates": [[[[79.86284091523748, 6.826059169225773], [79.86282907905131, 6.8260388136688706], [79.86282953917326, 6.826046405680765], [79.86283036979974, 6.826077304987248], [79.86284091523748, 6.826059169225773]]]]}}, {"type": "Feature", "properties": {"hex_id": 55, "is_edge": true, "Hex_area": 7763.6141, "Hex_area_full": 8660.254, "area_ratio": 0.896465, "completeness_class": "partial", "snap_ok": true, "analysis_ok": false, "node_id": 5242.0, "dist_food_m": 237.164, "time_food_min": 2.965, "reach_food_5": true, "reach_food_10": true, "reach_food_15": true, "count_food_10": 3, "dist_education_m": 1250.516, "time_education_min": 15.631, "reach_education_5": false, "reach_education_10": false, "reach_education_15": false, "count_education_10": 0, "dist_health_m": 1002.319, "time_health_min": 12.529, "reach_health_5": false, "reach_health_10": false, "reach_health_15": true, "count_health_10": 0, "dist_transit_m": 809.659, "time_transit_min": 10.121, "reach_transit_5": false, "reach_transit_10": false, "reach_transit_15": true, "count_transit_10": 0, "dist_finance_m": 863.097, "time_finance_min": 10.789, "reach_finance_5": false, "reach_finance_10": false, "reach_finance_15": true, "count_finance_10": 0, "dist_open_space_m": 1140.799, "time_open_space_min": 14.26, "reach_open_space_5": false, "reach_open_space_10": false, "reach_open_space_15": true, "count_open_space_10": 0, "groups_within_10": 1, "access_score": 0.1667, "access_tier": "excluded", "mean_BtA5000": null, "mismatch_flag": false}, "geometry": {"type": "MultiPolygon", "coordinates": [[[[79.86284091523748, 6.826059169225773], [79.8633595578086, 6.826059169225773], [79.86361887909413, 6.825613195206041], [79.8633595578086, 6.825167220770802], [79.86284091523748, 6.825167220770802], [79.86276491849853, 6.825297918155816], [79.86276194844689, 6.825327785997459], [79.86275999172611, 6.825396998006791], [79.8627640169803, 6.825455587817595], [79.86276865720384, 6.82551373037794], [79.8627739123968, 6.825571425687817], [79.86277978255916, 6.825628673747228], [79.86278626769088, 6.825685474556178], [79.86279336779201, 6.825741828114666], [79.8628010828625, 6.825797734422688], [79.86280941290242, 6.825853193480245], [79.86281835791168, 6.825908205287337], [79.86282506666863, 6.825972609354177], [79.86282907905131, 6.8260388136688706], [79.86284091523748, 6.826059169225773]]]]}}, {"type": "Feature", "properties": {"hex_id": 56, "is_edge": false, "Hex_area": 8660.254, "Hex_area_full": 8660.254, "area_ratio": 1.0, "completeness_class": "core", "snap_ok": true, "analysis_ok": true, "node_id": 6832.0, "dist_food_m": 392.935, "time_food_min": 4.912, "reach_food_5": true, "reach_food_10": true, "reach_food_15": true, "count_food_10": 6, "dist_education_m": 1112.945, "time_education_min": 13.912, "reach_education_5": false, "reach_education_10": false, "reach_education_15": true, "count_education_10": 0, "dist_health_m": 864.747, "time_health_min": 10.809, "reach_health_5": false, "reach_health_10": false, "reach_health_15": true, "count_health_10": 0, "dist_transit_m": 705.264, "time_transit_min": 8.816, "reach_transit_5": false, "reach_transit_10": true, "reach_transit_15": true, "count_transit_10": 1, "dist_finance_m": 852.011, "time_finance_min": 10.65, "reach_finance_5": false, "reach_finance_10": false, "reach_finance_15": true, "count_finance_10": 0, "dist_open_space_m": 1207.012, "time_open_space_min": 15.088, "reach_open_space_5": false, "reach_open_space_10": false, "reach_open_space_15": false, "count_open_space_10": 0, "groups_within_10": 2, "access_score": 0.3333, "access_tier": "low", "mean_BtA5000": 8.735578805206666, "mismatch_flag": true}, "geometry": {"type": "MultiPolygon", "coordinates": [[[[79.86413752166523, 6.825613195206041], [79.86361887909413, 6.825613195206041], [79.8633595578086, 6.826059169225773], [79.86361887909413, 6.826505142829973], [79.86413752166523, 6.826505142829973], [79.86439684295078, 6.826059169225773], [79.86413752166523, 6.825613195206041]]]]}}, {"type": "Feature", "properties": {"hex_id": 57, "is_edge": false, "Hex_area": 8660.254, "Hex_area_full": 8660.254, "area_ratio": 1.0, "completeness_class": "core", "snap_ok": true, "analysis_ok": true, "node_id": 6833.0, "dist_food_m": 201.965, "time_food_min": 2.525, "reach_food_5": true, "reach_food_10": true, "reach_food_15": true, "count_food_10": 6, "dist_education_m": 1136.685, "time_education_min": 14.209, "reach_education_5": false, "reach_education_10": false, "reach_education_15": true, "count_education_10": 0, "dist_health_m": 888.487, "time_health_min": 11.106, "reach_health_5": false, "reach_health_10": false, "reach_health_15": true, "count_health_10": 0, "dist_transit_m": 729.004, "time_transit_min": 9.113, "reach_transit_5": false, "reach_transit_10": true, "reach_transit_15": true, "count_transit_10": 2, "dist_finance_m": 827.897, "time_finance_min": 10.349, "reach_finance_5": false, "reach_finance_10": false, "reach_finance_15": true, "count_finance_10": 0, "dist_open_space_m": 1105.6, "time_open_space_min": 13.82, "reach_open_space_5": false, "reach_open_space_10": false, "reach_open_space_15": true, "count_open_space_10": 0, "groups_within_10": 2, "access_score": 0.3333, "access_tier": "low", "mean_BtA5000": 1.5957092816633331, "mismatch_flag": false}, "geometry": {"type": "MultiPolygon", "coordinates": [[[[79.86491548552188, 6.825167220770802], [79.86439684295078, 6.825167220770802], [79.86413752166523, 6.825613195206041], [79.86439684295078, 6.826059169225773], [79.86491548552188, 6.826059169225773], [79.8651748068074, 6.825613195206041], [79.86491548552188, 6.825167220770802]]]]}}, {"type": "Feature", "properties": {"hex_id": 58, "is_edge": false, "Hex_area": 8660.254, "Hex_area_full": 8660.254, "area_ratio": 1.0, "completeness_class": "core", "snap_ok": true, "analysis_ok": true, "node_id": 6834.0, "dist_food_m": 443.102, "time_food_min": 5.539, "reach_food_5": false, "reach_food_10": true, "reach_food_15": true, "count_food_10": 8, "dist_education_m": 1018.55, "time_education_min": 12.732, "reach_education_5": false, "reach_education_10": false, "reach_education_15": true, "count_education_10": 0, "dist_health_m": 770.352, "time_health_min": 9.629, "reach_health_5": false, "reach_health_10": true, "reach_health_15": true, "count_health_10": 1, "dist_transit_m": 610.869, "time_transit_min": 7.636, "reach_transit_5": false, "reach_transit_10": true, "reach_transit_15": true, "count_transit_10": 3, "dist_finance_m": 757.616, "time_finance_min": 9.47, "reach_finance_5": false, "reach_finance_10": true, "reach_finance_15": true, "count_finance_10": 1, "dist_open_space_m": 1112.617, "time_open_space_min": 13.908, "reach_open_space_5": false, "reach_open_space_10": false, "reach_open_space_15": true, "count_open_space_10": 0, "groups_within_10": 4, "access_score": 0.6667, "access_tier": "medium", "mean_BtA5000": 0.33333334327, "mismatch_flag": false}, "geometry": {"type": "MultiPolygon", "coordinates": [[[[79.86569344937851, 6.825613195206041], [79.8651748068074, 6.825613195206041], [79.86491548552188, 6.826059169225773], [79.8651748068074, 6.826505142829973], [79.86569344937851, 6.826505142829973], [79.86595277066408, 6.826059169225773], [79.86569344937851, 6.825613195206041]]]]}}, {"type": "Feature", "properties": {"hex_id": 59, "is_edge": false, "Hex_area": 8660.254, "Hex_area_full": 8660.254, "area_ratio": 1.0, "completeness_class": "core", "snap_ok": true, "analysis_ok": true, "node_id": 6835.0, "dist_food_m": 343.448, "time_food_min": 4.293, "reach_food_5": true, "reach_food_10": true, "reach_food_15": true, "count_food_10": 11, "dist_education_m": 918.896, "time_education_min": 11.486, "reach_education_5": false, "reach_education_10": false, "reach_education_15": true, "count_education_10": 0, "dist_health_m": 670.698, "time_health_min": 8.384, "reach_health_5": false, "reach_health_10": true, "reach_health_15": true, "count_health_10": 1, "dist_transit_m": 511.215, "time_transit_min": 6.39, "reach_transit_5": false, "reach_transit_10": true, "reach_transit_15": true, "count_transit_10": 4, "dist_finance_m": 657.962, "time_finance_min": 8.225, "reach_finance_5": false, "reach_finance_10": true, "reach_finance_15": true, "count_finance_10": 2, "dist_open_space_m": 1012.963, "time_open_space_min": 12.662, "reach_open_space_5": false, "reach_open_space_10": false, "reach_open_space_15": true, "count_open_space_10": 0, "groups_within_10": 4, "access_score": 0.6667, "access_tier": "medium", "mean_BtA5000": 0.33333334327, "mismatch_flag": false}, "geometry": {"type": "MultiPolygon", "coordinates": [[[[79.86647141323516, 6.825167220770802], [79.86595277066408, 6.825167220770802], [79.86569344937851, 6.825613195206041], [79.86595277066408, 6.826059169225773], [79.86647141323516, 6.826059169225773], [79.86673073452073, 6.825613195206041], [79.86647141323516, 6.825167220770802]]]]}}, {"type": "Feature", "properties": {"hex_id": 60, "is_edge": false, "Hex_area": 8660.254, "Hex_area_full": 8660.254, "area_ratio": 1.0, "completeness_class": "core", "snap_ok": true, "analysis_ok": true, "node_id": 6836.0, "dist_food_m": 273.744, "time_food_min": 3.422, "reach_food_5": true, "reach_food_10": true, "reach_food_15": true, "count_food_10": 12, "dist_education_m": 849.191, "time_education_min": 10.615, "reach_education_5": false, "reach_education_10": false, "reach_education_15": true, "count_education_10": 0, "dist_health_m": 600.993, "time_health_min": 7.512, "reach_health_5": false, "reach_health_10": true, "reach_health_15": true, "count_health_10": 1, "dist_transit_m": 441.51, "time_transit_min": 5.519, "reach_transit_5": false, "reach_transit_10": true, "reach_transit_15": true, "count_transit_10": 4, "dist_finance_m": 588.257, "time_finance_min": 7.353, "reach_finance_5": false, "reach_finance_10": true, "reach_finance_15": true, "count_finance_10": 2, "dist_open_space_m": 943.259, "time_open_space_min": 11.791, "reach_open_space_5": false, "reach_open_space_10": false, "reach_open_space_15": true, "count_open_space_10": 0, "groups_within_10": 4, "access_score": 0.6667, "access_tier": "medium", "mean_BtA5000": 0.33333334327, "mismatch_flag": false}, "geometry": {"type": "MultiPolygon", "coordinates": [[[[79.86724937709182, 6.825613195206041], [79.86673073452073, 6.825613195206041], [79.86647141323516, 6.826059169225773], [79.86673073452073, 6.826505142829973], [79.86724937709182, 6.826505142829973], [79.86750869837736, 6.826059169225773], [79.86724937709182, 6.825613195206041]]]]}}, {"type": "Feature", "properties": {"hex_id": 61, "is_edge": true, "Hex_area": 7454.6938, "Hex_area_full": 8660.254, "area_ratio": 0.860794, "completeness_class": "partial", "snap_ok": true, "analysis_ok": false, "node_id": 6837.0, "dist_food_m": 170.011, "time_food_min": 2.125, "reach_food_5": true, "reach_food_10": true, "reach_food_15": true, "count_food_10": 15, "dist_education_m": 803.351, "time_education_min": 10.042, "reach_education_5": false, "reach_education_10": false, "reach_education_15": true, "count_education_10": 0, "dist_health_m": 555.154, "time_health_min": 6.939, "reach_health_5": false, "reach_health_10": true, "reach_health_15": true, "count_health_10": 1, "dist_transit_m": 326.585, "time_transit_min": 4.082, "reach_transit_5": true, "reach_transit_10": true, "reach_transit_15": true, "count_transit_10": 6, "dist_finance_m": 380.023, "time_finance_min": 4.75, "reach_finance_5": true, "reach_finance_10": true, "reach_finance_15": true, "count_finance_10": 4, "dist_open_space_m": 657.725, "time_open_space_min": 8.222, "reach_open_space_5": false, "reach_open_space_10": true, "reach_open_space_15": true, "count_open_space_10": 3, "groups_within_10": 5, "access_score": 0.8333, "access_tier": "excluded", "mean_BtA5000": 0.3333333283675, "mismatch_flag": false}, "geometry": {"type": "MultiPolygon", "coordinates": [[[[79.86802734094847, 6.825167220770802], [79.86750869837736, 6.825167220770802], [79.86724937709182, 6.825613195206041], [79.86750869837736, 6.826059169225773], [79.86799286237529, 6.826059169225773], [79.86799374461098, 6.826056231214412], [79.86799715489578, 6.826044239311341], [79.86799953091388, 6.826035056700248], [79.86800087266528, 6.826028683381135], [79.86800238213557, 6.8260207726385485], [79.86800405932485, 6.826011324472493], [79.86800590423299, 6.826000338882966], [79.86800791686007, 6.8259878158699685], [79.8680100972061, 6.825973755433501], [79.86801244527105, 6.825958157573564], [79.86801496105491, 6.825941022290155], [79.86801764455768, 6.825922349583278], [79.8680204258965, 6.825901189045693], [79.86802330507138, 6.825877540677397], [79.86802628208227, 6.825851404478398], [79.8680293569292, 6.825822780448691], [79.86803252961221, 6.825791668588276], [79.86803580013122, 6.825758068897156], [79.86803916848628, 6.825721981375329], [79.86804263467738, 6.825683406022794], [79.86804642232973, 6.825645571428841], [79.86805053144337, 6.825608477593468], [79.86805496201828, 6.825572124516676], [79.86805971405445, 6.825536512198466], [79.86806478755192, 6.825501640638836], [79.86807018251065, 6.825467509837791], [79.86807589893064, 6.825434119795326], [79.86808193681192, 6.82540147051144], [79.86808843592024, 6.825369310407751], [79.86809539625558, 6.825337639484256], [79.86810281781796, 6.8253064577409575], [79.86810449837806, 6.825299914283705], [79.86802734094847, 6.825167220770802]]]]}}, {"type": "Feature", "properties": {"hex_id": 62, "is_edge": true, "Hex_area": 59.1297, "Hex_area_full": 8660.254, "area_ratio": 0.006828, "completeness_class": "sliver", "snap_ok": false, "analysis_ok": false, "node_id": null, "dist_food_m": null, "time_food_min": null, "reach_food_5": false, "reach_food_10": false, "reach_food_15": false, "count_food_10": 0, "dist_education_m": null, "time_education_min": null, "reach_education_5": false, "reach_education_10": false, "reach_education_15": false, "count_education_10": 0, "dist_health_m": null, "time_health_min": null, "reach_health_5": false, "reach_health_10": false, "reach_health_15": false, "count_health_10": 0, "dist_transit_m": null, "time_transit_min": null, "reach_transit_5": false, "reach_transit_10": false, "reach_transit_15": false, "count_transit_10": 0, "dist_finance_m": null, "time_finance_min": null, "reach_finance_5": false, "reach_finance_10": false, "reach_finance_15": false, "count_finance_10": 0, "dist_open_space_m": null, "time_open_space_min": null, "reach_open_space_5": false, "reach_open_space_10": false, "reach_open_space_15": false, "count_open_space_10": 0, "groups_within_10": 0, "access_score": null, "access_tier": "excluded", "mean_BtA5000": null, "mismatch_flag": false}, "geometry": {"type": "MultiPolygon", "coordinates": [[[[79.86284091523748, 6.8269511160186145], [79.86279538170682, 6.826872808809778], [79.8627913551649, 6.826923911091468], [79.86278224243667, 6.827031251202867], [79.86277997470397, 6.827055919711641], [79.86284091523748, 6.8269511160186145]]]]}}, {"type": "Feature", "properties": {"hex_id": 63, "is_edge": true, "Hex_area": 7451.4674, "Hex_area_full": 8660.254, "area_ratio": 0.860421, "completeness_class": "partial", "snap_ok": true, "analysis_ok": false, "node_id": 695.0, "dist_food_m": 383.854, "time_food_min": 4.798, "reach_food_5": true, "reach_food_10": true, "reach_food_15": true, "count_food_10": 7, "dist_education_m": 1103.863, "time_education_min": 13.798, "reach_education_5": false, "reach_education_10": false, "reach_education_15": true, "count_education_10": 0, "dist_health_m": 855.665, "time_health_min": 10.696, "reach_health_5": false, "reach_health_10": false, "reach_health_15": true, "count_health_10": 0, "dist_transit_m": 696.182, "time_transit_min": 8.702, "reach_transit_5": false, "reach_transit_10": true, "reach_transit_15": true, "count_transit_10": 1, "dist_finance_m": 842.929, "time_finance_min": 10.537, "reach_finance_5": false, "reach_finance_10": false, "reach_finance_15": true, "count_finance_10": 0, "dist_open_space_m": 1197.93, "time_open_space_min": 14.974, "reach_open_space_5": false, "reach_open_space_10": false, "reach_open_space_15": true, "count_open_space_10": 0, "groups_within_10": 2, "access_score": 0.3333, "access_tier": "excluded", "mean_BtA5000": null, "mismatch_flag": false}, "geometry": {"type": "MultiPolygon", "coordinates": [[[[79.86284091523748, 6.8269511160186145], [79.8633595578086, 6.8269511160186145], [79.86361887909413, 6.826505142829973], [79.8633595578086, 6.826059169225773], [79.86284091523748, 6.826059169225773], [79.86283036979974, 6.826077304987248], [79.8628317754256, 6.826129594267101], [79.8628317754256, 6.826222175113186], [79.86282953917326, 6.826324148219016], [79.86282506666863, 6.826435513584594], [79.86281835791168, 6.826556271209921], [79.86280941290238, 6.826686421094993], [79.8628004119868, 6.826808967722177], [79.86279538170682, 6.826872808809778], [79.86284091523748, 6.8269511160186145]]]]}}, {"type": "Feature", "properties": {"hex_id": 64, "is_edge": false, "Hex_area": 8660.254, "Hex_area_full": 8660.254, "area_ratio": 1.0, "completeness_class": "core", "snap_ok": true, "analysis_ok": true, "node_id": 6838.0, "dist_food_m": 375.627, "time_food_min": 4.695, "reach_food_5": true, "reach_food_10": true, "reach_food_15": true, "count_food_10": 7, "dist_education_m": 1095.637, "time_education_min": 13.695, "reach_education_5": false, "reach_education_10": false, "reach_education_15": true, "count_education_10": 0, "dist_health_m": 847.439, "time_health_min": 10.593, "reach_health_5": false, "reach_health_10": false, "reach_health_15": true, "count_health_10": 0, "dist_transit_m": 687.956, "time_transit_min": 8.599, "reach_transit_5": false, "reach_transit_10": true, "reach_transit_15": true, "count_transit_10": 2, "dist_finance_m": 834.703, "time_finance_min": 10.434, "reach_finance_5": false, "reach_finance_10": false, "reach_finance_15": true, "count_finance_10": 0, "dist_open_space_m": 1189.704, "time_open_space_min": 14.871, "reach_open_space_5": false, "reach_open_space_10": false, "reach_open_space_15": true, "count_open_space_10": 0, "groups_within_10": 2, "access_score": 0.3333, "access_tier": "low", "mean_BtA5000": 0.56608532369, "mismatch_flag": false}, "geometry": {"type": "MultiPolygon", "coordinates": [[[[79.86413752166523, 6.826505142829973], [79.86361887909413, 6.826505142829973], [79.8633595578086, 6.8269511160186145], [79.86361887909413, 6.827397088791668], [79.86413752166523, 6.827397088791668], [79.86439684295078, 6.8269511160186145], [79.86413752166523, 6.826505142829973]]]]}}, {"type": "Feature", "properties": {"hex_id": 65, "is_edge": false, "Hex_area": 8660.254, "Hex_area_full": 8660.254, "area_ratio": 1.0, "completeness_class": "core", "snap_ok": true, "analysis_ok": true, "node_id": 6839.0, "dist_food_m": 352.372, "time_food_min": 4.405, "reach_food_5": true, "reach_food_10": true, "reach_food_15": true, "count_food_10": 10, "dist_education_m": 986.278, "time_education_min": 12.328, "reach_education_5": false, "reach_education_10": false, "reach_education_15": true, "count_education_10": 0, "dist_health_m": 738.081, "time_health_min": 9.226, "reach_health_5": false, "reach_health_10": true, "reach_health_15": true, "count_health_10": 1, "dist_transit_m": 578.597, "time_transit_min": 7.232, "reach_transit_5": false, "reach_transit_10": true, "reach_transit_15": true, "count_transit_10": 3, "dist_finance_m": 725.345, "time_finance_min": 9.067, "reach_finance_5": false, "reach_finance_10": true, "reach_finance_15": true, "count_finance_10": 2, "dist_open_space_m": 1080.346, "time_open_space_min": 13.504, "reach_open_space_5": false, "reach_open_space_10": false, "reach_open_space_15": true, "count_open_space_10": 0, "groups_within_10": 4, "access_score": 0.6667, "access_tier": "medium", "mean_BtA5000": 6.751393444834999, "mismatch_flag": false}, "geometry": {"type": "MultiPolygon", "coordinates": [[[[79.86491548552188, 6.826059169225773], [79.86439684295078, 6.826059169225773], [79.86413752166523, 6.826505142829973], [79.86439684295078, 6.8269511160186145], [79.86491548552188, 6.8269511160186145], [79.8651748068074, 6.826505142829973], [79.86491548552188, 6.826059169225773]]]]}}, {"type": "Feature", "properties": {"hex_id": 66, "is_edge": false, "Hex_area": 8660.254, "Hex_area_full": 8660.254, "area_ratio": 1.0, "completeness_class": "core", "snap_ok": true, "analysis_ok": true, "node_id": 6840.0, "dist_food_m": 316.061, "time_food_min": 3.951, "reach_food_5": true, "reach_food_10": true, "reach_food_15": true, "count_food_10": 11, "dist_education_m": 891.508, "time_education_min": 11.144, "reach_education_5": false, "reach_education_10": false, "reach_education_15": true, "count_education_10": 0, "dist_health_m": 643.31, "time_health_min": 8.041, "reach_health_5": false, "reach_health_10": true, "reach_health_15": true, "count_health_10": 1, "dist_transit_m": 483.827, "time_transit_min": 6.048, "reach_transit_5": false, "reach_transit_10": true, "reach_transit_15": true, "count_transit_10": 4, "dist_finance_m": 630.574, "time_finance_min": 7.882, "reach_finance_5": false, "reach_finance_10": true, "reach_finance_15": true, "count_finance_10": 2, "dist_open_space_m": 985.575, "time_open_space_min": 12.32, "reach_open_space_5": false, "reach_open_space_10": false, "reach_open_space_15": true, "count_open_space_10": 0, "groups_within_10": 4, "access_score": 0.6667, "access_tier": "medium", "mean_BtA5000": 10.796756431459999, "mismatch_flag": false}, "geometry": {"type": "MultiPolygon", "coordinates": [[[[79.86569344937851, 6.826505142829973], [79.8651748068074, 6.826505142829973], [79.86491548552188, 6.8269511160186145], [79.8651748068074, 6.827397088791668], [79.86569344937851, 6.827397088791668], [79.86595277066408, 6.8269511160186145], [79.86569344937851, 6.826505142829973]]]]}}, {"type": "Feature", "properties": {"hex_id": 67, "is_edge": false, "Hex_area": 8660.254, "Hex_area_full": 8660.254, "area_ratio": 1.0, "completeness_class": "core", "snap_ok": true, "analysis_ok": true, "node_id": 6841.0, "dist_food_m": 300.376, "time_food_min": 3.755, "reach_food_5": true, "reach_food_10": true, "reach_food_15": true, "count_food_10": 11, "dist_education_m": 875.823, "time_education_min": 10.948, "reach_education_5": false, "reach_education_10": false, "reach_education_15": true, "count_education_10": 0, "dist_health_m": 627.626, "time_health_min": 7.845, "reach_health_5": false, "reach_health_10": true, "reach_health_15": true, "count_health_10": 1, "dist_transit_m": 468.142, "time_transit_min": 5.852, "reach_transit_5": false, "reach_transit_10": true, "reach_transit_15": true, "count_transit_10": 4, "dist_finance_m": 614.889, "time_finance_min": 7.686, "reach_finance_5": false, "reach_finance_10": true, "reach_finance_15": true, "count_finance_10": 2, "dist_open_space_m": 969.891, "time_open_space_min": 12.124, "reach_open_space_5": false, "reach_open_space_10": false, "reach_open_space_15": true, "count_open_space_10": 0, "groups_within_10": 4, "access_score": 0.6667, "access_tier": "medium", "mean_BtA5000": 0.33333334327, "mismatch_flag": false}, "geometry": {"type": "MultiPolygon", "coordinates": [[[[79.86647141323516, 6.826059169225773], [79.86595277066408, 6.826059169225773], [79.86569344937851, 6.826505142829973], [79.86595277066408, 6.8269511160186145], [79.86647141323516, 6.8269511160186145], [79.86673073452073, 6.826505142829973], [79.86647141323516, 6.826059169225773]]]]}}, {"type": "Feature", "properties": {"hex_id": 68, "is_edge": false, "Hex_area": 8660.254, "Hex_area_full": 8660.254, "area_ratio": 1.0, "completeness_class": "core", "snap_ok": true, "analysis_ok": true, "node_id": 6842.0, "dist_food_m": 129.816, "time_food_min": 1.623, "reach_food_5": true, "reach_food_10": true, "reach_food_15": true, "count_food_10": 17, "dist_education_m": 705.263, "time_education_min": 8.816, "reach_education_5": false, "reach_education_10": true, "reach_education_15": true, "count_education_10": 1, "dist_health_m": 457.066, "time_health_min": 5.713, "reach_health_5": false, "reach_health_10": true, "reach_health_15": true, "count_health_10": 2, "dist_transit_m": 297.582, "time_transit_min": 3.72, "reach_transit_5": true, "reach_transit_10": true, "reach_transit_15": true, "count_transit_10": 5, "dist_finance_m": 444.33, "time_finance_min": 5.554, "reach_finance_5": false, "reach_finance_10": true, "reach_finance_15": true, "count_finance_10": 4, "dist_open_space_m": 799.331, "time_open_space_min": 9.992, "reach_open_space_5": false, "reach_open_space_10": true, "reach_open_space_15": true, "count_open_space_10": 1, "groups_within_10": 6, "access_score": 1.0, "access_tier": "high", "mean_BtA5000": 13.317834097148, "mismatch_flag": false}, "geometry": {"type": "MultiPolygon", "coordinates": [[[[79.86724937709182, 6.826505142829973], [79.86673073452073, 6.826505142829973], [79.86647141323516, 6.8269511160186145], [79.86673073452073, 6.827397088791668], [79.86724937709182, 6.827397088791668], [79.86750869837736, 6.8269511160186145], [79.86724937709182, 6.826505142829973]]]]}}, {"type": "Feature", "properties": {"hex_id": 69, "is_edge": true, "Hex_area": 5838.1586, "Hex_area_full": 8660.254, "area_ratio": 0.674132, "completeness_class": "partial", "snap_ok": true, "analysis_ok": false, "node_id": 1963.0, "dist_food_m": 15.229, "time_food_min": 0.19, "reach_food_5": true, "reach_food_10": true, "reach_food_15": true, "count_food_10": 24, "dist_education_m": 648.569, "time_education_min": 8.107, "reach_education_5": false, "reach_education_10": true, "reach_education_15": true, "count_education_10": 2, "dist_health_m": 400.372, "time_health_min": 5.005, "reach_health_5": false, "reach_health_10": true, "reach_health_15": true, "count_health_10": 2, "dist_transit_m": 240.888, "time_transit_min": 3.011, "reach_transit_5": true, "reach_transit_10": true, "reach_transit_15": true, "count_transit_10": 6, "dist_finance_m": 387.636, "time_finance_min": 4.845, "reach_finance_5": true, "reach_finance_10": true, "reach_finance_15": true, "count_finance_10": 4, "dist_open_space_m": 719.717, "time_open_space_min": 8.996, "reach_open_space_5": false, "reach_open_space_10": true, "reach_open_space_15": true, "count_open_space_10": 4, "groups_within_10": 6, "access_score": 1.0, "access_tier": "excluded", "mean_BtA5000": 33.42767122388, "mismatch_flag": false}, "geometry": {"type": "MultiPolygon", "coordinates": [[[[79.86750869837736, 6.826059169225773], [79.86724937709182, 6.826505142829973], [79.86750869837736, 6.8269511160186145], [79.86802734094847, 6.8269511160186145], [79.86803400602928, 6.826939653612096], [79.86797870581411, 6.826914798363271], [79.86793194018746, 6.826884664863247], [79.867895377462, 6.826850002952274], [79.86786901763779, 6.826810812630351], [79.86785286071475, 6.826767093897478], [79.86784690669295, 6.826718846753656], [79.86785115557237, 6.8266660711988845], [79.86785568398334, 6.826616873647826], [79.86786049192581, 6.82657125410048], [79.86786557939986, 6.826529212556849], [79.86787094640542, 6.826490749016928], [79.86787659294252, 6.826455863480724], [79.8678825190112, 6.826424555948232], [79.86788872461139, 6.826396826419454], [79.8678952097431, 6.826372674894389], [79.86790208621899, 6.82634793635309], [79.86790935403903, 6.826322610795557], [79.86791701320321, 6.826296698221787], [79.86792506371158, 6.826270198631786], [79.86793350556411, 6.8262431120255505], [79.86794233876077, 6.8262154384030795], [79.86795156330159, 6.826187177764374], [79.86796117918658, 6.826158330109435], [79.86796976080485, 6.826132291746475], [79.86797730815644, 6.826109062675491], [79.86798382124131, 6.8260886428964875], [79.8679893000595, 6.826071032409461], [79.86799286237529, 6.826059169225773], [79.86750869837736, 6.826059169225773]]]]}}, {"type": "Feature", "properties": {"hex_id": 70, "is_edge": true, "Hex_area": 3045.1031, "Hex_area_full": 8660.254, "area_ratio": 0.351618, "completeness_class": "sliver", "snap_ok": true, "analysis_ok": false, "node_id": 6843.0, "dist_food_m": 51.095, "time_food_min": 0.639, "reach_food_5": true, "reach_food_10": true, "reach_food_15": true, "count_food_10": 33, "dist_education_m": 500.346, "time_education_min": 6.254, "reach_education_5": false, "reach_education_10": true, "reach_education_15": true, "count_education_10": 2, "dist_health_m": 252.148, "time_health_min": 3.152, "reach_health_5": true, "reach_health_10": true, "reach_health_15": true, "count_health_10": 4, "dist_transit_m": 92.665, "time_transit_min": 1.158, "reach_transit_5": true, "reach_transit_10": true, "reach_transit_15": true, "count_transit_10": 10, "dist_finance_m": 239.412, "time_finance_min": 2.993, "reach_finance_5": true, "reach_finance_10": true, "reach_finance_15": true, "count_finance_10": 5, "dist_open_space_m": 594.413, "time_open_space_min": 7.43, "reach_open_space_5": false, "reach_open_space_10": true, "reach_open_space_15": true, "count_open_space_10": 1, "groups_within_10": 6, "access_score": 1.0, "access_tier": "excluded", "mean_BtA5000": 14.1541396230475, "mismatch_flag": false}, "geometry": {"type": "MultiPolygon", "coordinates": [[[[79.86802734094847, 6.8269511160186145], [79.868286662234, 6.827397088791668], [79.86880530480511, 6.827397088791668], [79.86894353040063, 6.82715937271448], [79.86889593265632, 6.827144181944831], [79.86881330313342, 6.827131547119467], [79.86873279804988, 6.82711030272242], [79.86865268431048, 6.827089645341607], [79.86857296191526, 6.827069574977027], [79.86849363086418, 6.827050091628682], [79.86841469115726, 6.82703119529657], [79.86833614279448, 6.827012885980695], [79.86825798577584, 6.826995163681051], [79.8681802201014, 6.826978028397641], [79.8681028457711, 6.826961480130469], [79.86803567434201, 6.826940403452345], [79.86803400602928, 6.826939653612096], [79.86802734094847, 6.8269511160186145]]]]}}, {"type": "Feature", "properties": {"hex_id": 71, "is_edge": true, "Hex_area": 672.1578, "Hex_area_full": 8660.254, "area_ratio": 0.077614, "completeness_class": "sliver", "snap_ok": true, "analysis_ok": false, "node_id": 1261.0, "dist_food_m": 531.292, "time_food_min": 6.641, "reach_food_5": false, "reach_food_10": true, "reach_food_15": true, "count_food_10": 9, "dist_education_m": 712.949, "time_education_min": 8.912, "reach_education_5": false, "reach_education_10": true, "reach_education_15": true, "count_education_10": 1, "dist_health_m": 600.875, "time_health_min": 7.511, "reach_health_5": false, "reach_health_10": true, "reach_health_15": true, "count_health_10": 2, "dist_transit_m": 630.267, "time_transit_min": 7.878, "reach_transit_5": false, "reach_transit_10": true, "reach_transit_15": true, "count_transit_10": 3, "dist_finance_m": 578.021, "time_finance_min": 7.225, "reach_finance_5": false, "reach_finance_10": true, "reach_finance_15": true, "count_finance_10": 1, "dist_open_space_m": 1043.648, "time_open_space_min": 13.046, "reach_open_space_5": false, "reach_open_space_10": false, "reach_open_space_15": true, "count_open_space_10": 0, "groups_within_10": 5, "access_score": 0.8333, "access_tier": "excluded", "mean_BtA5000": null, "mismatch_flag": false}, "geometry": {"type": "MultiPolygon", "coordinates": [[[[79.86284091523748, 6.82784306114911], [79.86271117713643, 6.827619941812099], [79.86270397360546, 6.827665564173677], [79.86269212146817, 6.827737347873179], [79.8626796543615, 6.827809746542066], [79.8626665722854, 6.827882760180341], [79.86265287523993, 6.827956388788004], [79.86263856322509, 6.828030632365058], [79.86262531343009, 6.828101465657321], [79.86261312585492, 6.828168888664796], [79.86260200049963, 6.82823290138748], [79.86259711091436, 6.828262347557491], [79.86284091523748, 6.82784306114911]]]]}}, {"type": "Feature", "properties": {"hex_id": 72, "is_edge": true, "Hex_area": 8084.2586, "Hex_area_full": 8660.254, "area_ratio": 0.93349, "completeness_class": "near_complete", "snap_ok": true, "analysis_ok": true, "node_id": 1261.0, "dist_food_m": 531.292, "time_food_min": 6.641, "reach_food_5": false, "reach_food_10": true, "reach_food_15": true, "count_food_10": 9, "dist_education_m": 712.949, "time_education_min": 8.912, "reach_education_5": false, "reach_education_10": true, "reach_education_15": true, "count_education_10": 1, "dist_health_m": 600.875, "time_health_min": 7.511, "reach_health_5": false, "reach_health_10": true, "reach_health_15": true, "count_health_10": 2, "dist_transit_m": 630.267, "time_transit_min": 7.878, "reach_transit_5": false, "reach_transit_10": true, "reach_transit_15": true, "count_transit_10": 3, "dist_finance_m": 578.021, "time_finance_min": 7.225, "reach_finance_5": false, "reach_finance_10": true, "reach_finance_15": true, "count_finance_10": 1, "dist_open_space_m": 1043.648, "time_open_space_min": 13.046, "reach_open_space_5": false, "reach_open_space_10": false, "reach_open_space_15": true, "count_open_space_10": 0, "groups_within_10": 5, "access_score": 0.8333, "access_tier": "high", "mean_BtA5000": null, "mismatch_flag": false}, "geometry": {"type": "MultiPolygon", "coordinates": [[[[79.86284091523748, 6.82784306114911], [79.8633595578086, 6.82784306114911], [79.86361887909413, 6.827397088791668], [79.8633595578086, 6.8269511160186145], [79.86284091523748, 6.8269511160186145], [79.86277997470397, 6.827055919711641], [79.86277307380217, 6.827130988056379], [79.86276384926134, 6.827223121651999], [79.86275456881422, 6.827307651989725], [79.86274523246078, 6.8273845790695615], [79.86273584020103, 6.827453902891509], [79.8627258329719, 6.827523841682845], [79.86271521077336, 6.827594395443568], [79.86271117713643, 6.827619941812099], [79.86284091523748, 6.82784306114911]]]]}}, {"type": "Feature", "properties": {"hex_id": 73, "is_edge": false, "Hex_area": 8660.254, "Hex_area_full": 8660.254, "area_ratio": 1.0, "completeness_class": "core", "snap_ok": true, "analysis_ok": true, "node_id": 6844.0, "dist_food_m": 475.182, "time_food_min": 5.94, "reach_food_5": false, "reach_food_10": true, "reach_food_15": true, "count_food_10": 5, "dist_education_m": 1195.191, "time_education_min": 14.94, "reach_education_5": false, "reach_education_10": false, "reach_education_15": true, "count_education_10": 0, "dist_health_m": 946.993, "time_health_min": 11.837, "reach_health_5": false, "reach_health_10": false, "reach_health_15": true, "count_health_10": 0, "dist_transit_m": 787.51, "time_transit_min": 9.844, "reach_transit_5": false, "reach_transit_10": true, "reach_transit_15": true, "count_transit_10": 1, "dist_finance_m": 934.257, "time_finance_min": 11.678, "reach_finance_5": false, "reach_finance_10": false, "reach_finance_15": true, "count_finance_10": 0, "dist_open_space_m": 1289.259, "time_open_space_min": 16.116, "reach_open_space_5": false, "reach_open_space_10": false, "reach_open_space_15": false, "count_open_space_10": 0, "groups_within_10": 2, "access_score": 0.3333, "access_tier": "low", "mean_BtA5000": 0.566085353495, "mismatch_flag": false}, "geometry": {"type": "MultiPolygon", "coordinates": [[[[79.86413752166523, 6.827397088791668], [79.86361887909413, 6.827397088791668], [79.8633595578086, 6.82784306114911], [79.86361887909413, 6.828289033090915], [79.86413752166523, 6.828289033090915], [79.86439684295078, 6.82784306114911], [79.86413752166523, 6.827397088791668]]]]}}, {"type": "Feature", "properties": {"hex_id": 74, "is_edge": false, "Hex_area": 8660.254, "Hex_area_full": 8660.254, "area_ratio": 1.0, "completeness_class": "core", "snap_ok": true, "analysis_ok": true, "node_id": 6845.0, "dist_food_m": 463.679, "time_food_min": 5.796, "reach_food_5": false, "reach_food_10": true, "reach_food_15": true, "count_food_10": 5, "dist_education_m": 1183.688, "time_education_min": 14.796, "reach_education_5": false, "reach_education_10": false, "reach_education_15": true, "count_education_10": 0, "dist_health_m": 935.49, "time_health_min": 11.694, "reach_health_5": false, "reach_health_10": false, "reach_health_15": true, "count_health_10": 0, "dist_transit_m": 776.007, "time_transit_min": 9.7, "reach_transit_5": false, "reach_transit_10": true, "reach_transit_15": true, "count_transit_10": 1, "dist_finance_m": 922.754, "time_finance_min": 11.534, "reach_finance_5": false, "reach_finance_10": false, "reach_finance_15": true, "count_finance_10": 0, "dist_open_space_m": 1277.756, "time_open_space_min": 15.972, "reach_open_space_5": false, "reach_open_space_10": false, "reach_open_space_15": false, "count_open_space_10": 0, "groups_within_10": 2, "access_score": 0.3333, "access_tier": "low", "mean_BtA5000": 0.33333328366, "mismatch_flag": false}, "geometry": {"type": "MultiPolygon", "coordinates": [[[[79.86491548552188, 6.8269511160186145], [79.86439684295078, 6.8269511160186145], [79.86413752166523, 6.827397088791668], [79.86439684295078, 6.82784306114911], [79.86491548552188, 6.82784306114911], [79.8651748068074, 6.827397088791668], [79.86491548552188, 6.8269511160186145]]]]}}, {"type": "Feature", "properties": {"hex_id": 75, "is_edge": false, "Hex_area": 8660.254, "Hex_area_full": 8660.254, "area_ratio": 1.0, "completeness_class": "core", "snap_ok": true, "analysis_ok": true, "node_id": 6846.0, "dist_food_m": 327.193, "time_food_min": 4.09, "reach_food_5": true, "reach_food_10": true, "reach_food_15": true, "count_food_10": 24, "dist_education_m": 508.85, "time_education_min": 6.361, "reach_education_5": false, "reach_education_10": true, "reach_education_15": true, "count_education_10": 1, "dist_health_m": 396.776, "time_health_min": 4.96, "reach_health_5": true, "reach_health_10": true, "reach_health_15": true, "count_health_10": 4, "dist_transit_m": 426.168, "time_transit_min": 5.327, "reach_transit_5": false, "reach_transit_10": true, "reach_transit_15": true, "count_transit_10": 8, "dist_finance_m": 373.922, "time_finance_min": 4.674, "reach_finance_5": true, "reach_finance_10": true, "reach_finance_15": true, "count_finance_10": 4, "dist_open_space_m": 839.548, "time_open_space_min": 10.494, "reach_open_space_5": false, "reach_open_space_10": false, "reach_open_space_15": true, "count_open_space_10": 0, "groups_within_10": 5, "access_score": 0.8333, "access_tier": "high", "mean_BtA5000": 0.33333334327, "mismatch_flag": false}, "geometry": {"type": "MultiPolygon", "coordinates": [[[[79.86569344937851, 6.827397088791668], [79.8651748068074, 6.827397088791668], [79.86491548552188, 6.82784306114911], [79.8651748068074, 6.828289033090915], [79.86569344937851, 6.828289033090915], [79.86595277066408, 6.82784306114911], [79.86569344937851, 6.827397088791668]]]]}}, {"type": "Feature", "properties": {"hex_id": 76, "is_edge": false, "Hex_area": 8660.254, "Hex_area_full": 8660.254, "area_ratio": 1.0, "completeness_class": "core", "snap_ok": true, "analysis_ok": true, "node_id": 6847.0, "dist_food_m": 263.709, "time_food_min": 3.296, "reach_food_5": true, "reach_food_10": true, "reach_food_15": true, "count_food_10": 13, "dist_education_m": 839.156, "time_education_min": 10.489, "reach_education_5": false, "reach_education_10": false, "reach_education_15": true, "count_education_10": 0, "dist_health_m": 590.959, "time_health_min": 7.387, "reach_health_5": false, "reach_health_10": true, "reach_health_15": true, "count_health_10": 1, "dist_transit_m": 431.475, "time_transit_min": 5.393, "reach_transit_5": false, "reach_transit_10": true, "reach_transit_15": true, "count_transit_10": 4, "dist_finance_m": 578.222, "time_finance_min": 7.228, "reach_finance_5": false, "reach_finance_10": true, "reach_finance_15": true, "count_finance_10": 3, "dist_open_space_m": 933.224, "time_open_space_min": 11.665, "reach_open_space_5": false, "reach_open_space_10": false, "reach_open_space_15": true, "count_open_space_10": 0, "groups_within_10": 4, "access_score": 0.6667, "access_tier": "medium", "mean_BtA5000": 5.565044887365, "mismatch_flag": false}, "geometry": {"type": "MultiPolygon", "coordinates": [[[[79.86647141323516, 6.8269511160186145], [79.86595277066408, 6.8269511160186145], [79.86569344937851, 6.827397088791668], [79.86595277066408, 6.82784306114911], [79.86647141323516, 6.82784306114911], [79.86673073452073, 6.827397088791668], [79.86647141323516, 6.8269511160186145]]]]}}, {"type": "Feature", "properties": {"hex_id": 77, "is_edge": false, "Hex_area": 8660.254, "Hex_area_full": 8660.254, "area_ratio": 1.0, "completeness_class": "core", "snap_ok": true, "analysis_ok": true, "node_id": 6848.0, "dist_food_m": 164.335, "time_food_min": 2.054, "reach_food_5": true, "reach_food_10": true, "reach_food_15": true, "count_food_10": 27, "dist_education_m": 552.379, "time_education_min": 6.905, "reach_education_5": false, "reach_education_10": true, "reach_education_15": true, "count_education_10": 2, "dist_health_m": 341.17, "time_health_min": 4.265, "reach_health_5": true, "reach_health_10": true, "reach_health_15": true, "count_health_10": 4, "dist_transit_m": 263.31, "time_transit_min": 3.291, "reach_transit_5": true, "reach_transit_10": true, "reach_transit_15": true, "count_transit_10": 8, "dist_finance_m": 257.046, "time_finance_min": 3.213, "reach_finance_5": true, "reach_finance_10": true, "reach_finance_15": true, "count_finance_10": 4, "dist_open_space_m": 683.436, "time_open_space_min": 8.543, "reach_open_space_5": false, "reach_open_space_10": true, "reach_open_space_15": true, "count_open_space_10": 1, "groups_within_10": 6, "access_score": 1.0, "access_tier": "high", "mean_BtA5000": 0.33333334327, "mismatch_flag": false}, "geometry": {"type": "MultiPolygon", "coordinates": [[[[79.86724937709182, 6.827397088791668], [79.86673073452073, 6.827397088791668], [79.86647141323516, 6.82784306114911], [79.86673073452073, 6.828289033090915], [79.86724937709182, 6.828289033090915], [79.86750869837736, 6.82784306114911], [79.86724937709182, 6.827397088791668]]]]}}, {"type": "Feature", "properties": {"hex_id": 78, "is_edge": false, "Hex_area": 8660.254, "Hex_area_full": 8660.254, "area_ratio": 1.0, "completeness_class": "core", "snap_ok": true, "analysis_ok": true, "node_id": 6083.0, "dist_food_m": 132.594, "time_food_min": 1.657, "reach_food_5": true, "reach_food_10": true, "reach_food_15": true, "count_food_10": 26, "dist_education_m": 609.748, "time_education_min": 7.622, "reach_education_5": false, "reach_education_10": true, "reach_education_15": true, "count_education_10": 2, "dist_health_m": 361.55, "time_health_min": 4.519, "reach_health_5": true, "reach_health_10": true, "reach_health_15": true, "count_health_10": 2, "dist_transit_m": 202.067, "time_transit_min": 2.526, "reach_transit_5": true, "reach_transit_10": true, "reach_transit_15": true, "count_transit_10": 6, "dist_finance_m": 348.814, "time_finance_min": 4.36, "reach_finance_5": true, "reach_finance_10": true, "reach_finance_15": true, "count_finance_10": 5, "dist_open_space_m": 703.815, "time_open_space_min": 8.798, "reach_open_space_5": false, "reach_open_space_10": true, "reach_open_space_15": true, "count_open_space_10": 1, "groups_within_10": 6, "access_score": 1.0, "access_tier": "high", "mean_BtA5000": 0.33333334327, "mismatch_flag": false}, "geometry": {"type": "MultiPolygon", "coordinates": [[[[79.86802734094847, 6.8269511160186145], [79.86750869837736, 6.8269511160186145], [79.86724937709182, 6.827397088791668], [79.86750869837736, 6.82784306114911], [79.86802734094847, 6.82784306114911], [79.868286662234, 6.827397088791668], [79.86802734094847, 6.8269511160186145]]]]}}, {"type": "Feature", "properties": {"hex_id": 79, "is_edge": true, "Hex_area": 7994.21, "Hex_area_full": 8660.254, "area_ratio": 0.923092, "completeness_class": "near_complete", "snap_ok": true, "analysis_ok": true, "node_id": 6849.0, "dist_food_m": 67.298, "time_food_min": 0.841, "reach_food_5": true, "reach_food_10": true, "reach_food_15": true, "count_food_10": 39, "dist_education_m": 379.032, "time_education_min": 4.738, "reach_education_5": true, "reach_education_10": true, "reach_education_15": true, "count_education_10": 3, "dist_health_m": 130.835, "time_health_min": 1.635, "reach_health_5": true, "reach_health_10": true, "reach_health_15": true, "count_health_10": 4, "dist_transit_m": 28.649, "time_transit_min": 0.358, "reach_transit_5": true, "reach_transit_10": true, "reach_transit_15": true, "count_transit_10": 10, "dist_finance_m": 118.098, "time_finance_min": 1.476, "reach_finance_5": true, "reach_finance_10": true, "reach_finance_15": true, "count_finance_10": 7, "dist_open_space_m": 473.1, "time_open_space_min": 5.914, "reach_open_space_5": false, "reach_open_space_10": true, "reach_open_space_15": true, "count_open_space_10": 1, "groups_within_10": 6, "access_score": 1.0, "access_tier": "high", "mean_BtA5000": 57.614430849042854, "mismatch_flag": false}, "geometry": {"type": "MultiPolygon", "coordinates": [[[[79.86880530480511, 6.827397088791668], [79.868286662234, 6.827397088791668], [79.86802734094847, 6.82784306114911], [79.868286662234, 6.828289033090915], [79.86880530480511, 6.828289033090915], [79.86891809636403, 6.828095058048706], [79.86888905618078, 6.828055091374826], [79.86886809131529, 6.827999268926269], [79.86885959355644, 6.82793363492065], [79.86886356290431, 6.827858189357976], [79.86887999935885, 6.827772932238244], [79.8689089029201, 6.827677863561454], [79.86893301863773, 6.8276167269612165], [79.86880530480511, 6.827397088791668]]]]}}, {"type": "Feature", "properties": {"hex_id": 80, "is_edge": true, "Hex_area": 786.9679, "Hex_area_full": 8660.254, "area_ratio": 0.090871, "completeness_class": "sliver", "snap_ok": true, "analysis_ok": false, "node_id": 6850.0, "dist_food_m": 27.401, "time_food_min": 0.343, "reach_food_5": true, "reach_food_10": true, "reach_food_15": true, "count_food_10": 38, "dist_education_m": 445.025, "time_education_min": 5.563, "reach_education_5": false, "reach_education_10": true, "reach_education_15": true, "count_education_10": 3, "dist_health_m": 196.828, "time_health_min": 2.46, "reach_health_5": true, "reach_health_10": true, "reach_health_15": true, "count_health_10": 4, "dist_transit_m": 37.344, "time_transit_min": 0.467, "reach_transit_5": true, "reach_transit_10": true, "reach_transit_15": true, "count_transit_10": 10, "dist_finance_m": 184.092, "time_finance_min": 2.301, "reach_finance_5": true, "reach_finance_10": true, "reach_finance_15": true, "count_finance_10": 6, "dist_open_space_m": 539.093, "time_open_space_min": 6.739, "reach_open_space_5": false, "reach_open_space_10": true, "reach_open_space_15": true, "count_open_space_10": 1, "groups_within_10": 6, "access_score": 1.0, "access_tier": "excluded", "mean_BtA5000": 47.110802543164, "mismatch_flag": false}, "geometry": {"type": "MultiPolygon", "coordinates": [[[[79.86880530480511, 6.827397088791668], [79.86893301863773, 6.8276167269612165], [79.86895027358806, 6.827572983327604], [79.86897640978705, 6.827478557573357], [79.86901042877514, 6.827409848720553], [79.86903815830394, 6.82733471064257], [79.86909093385869, 6.827205902508887], [79.86898001574357, 6.827171016972682], [79.86894353040063, 6.82715937271448], [79.86880530480511, 6.827397088791668]]]]}}, {"type": "Feature", "properties": {"hex_id": 81, "is_edge": true, "Hex_area": 1913.9631, "Hex_area_full": 8660.254, "area_ratio": 0.221005, "completeness_class": "sliver", "snap_ok": true, "analysis_ok": false, "node_id": 6851.0, "dist_food_m": 215.558, "time_food_min": 2.694, "reach_food_5": true, "reach_food_10": true, "reach_food_15": true, "count_food_10": 32, "dist_education_m": 303.342, "time_education_min": 3.792, "reach_education_5": true, "reach_education_10": true, "reach_education_15": true, "count_education_10": 3, "dist_health_m": 279.094, "time_health_min": 3.489, "reach_health_5": true, "reach_health_10": true, "reach_health_15": true, "count_health_10": 4, "dist_transit_m": 217.278, "time_transit_min": 2.716, "reach_transit_5": true, "reach_transit_10": true, "reach_transit_15": true, "count_transit_10": 8, "dist_finance_m": 282.402, "time_finance_min": 3.53, "reach_finance_5": true, "reach_finance_10": true, "reach_finance_15": true, "count_finance_10": 5, "dist_open_space_m": 515.273, "time_open_space_min": 6.441, "reach_open_space_5": false, "reach_open_space_10": true, "reach_open_space_15": true, "count_open_space_10": 1, "groups_within_10": 6, "access_score": 1.0, "access_tier": "excluded", "mean_BtA5000": 12.583333656195, "mismatch_flag": false}, "geometry": {"type": "MultiPolygon", "coordinates": [[[[79.86984258994731, 6.828289033090915], [79.87036123251839, 6.828289033090915], [79.87047612948925, 6.828091437232982], [79.87043044899922, 6.828085308734314], [79.87037789706969, 6.828078823602581], [79.87032238210581, 6.828072506189774], [79.87026390410763, 6.828066356495894], [79.8702024630751, 6.828060374520936], [79.87013805900827, 6.828054560264902], [79.8700777361019, 6.828049472790871], [79.87002149435605, 6.828045112098845], [79.86996933377067, 6.828041478188825], [79.86992125434578, 6.828038571060808], [79.86987725608135, 6.828036390714794], [79.86983733897743, 6.828034937150786], [79.86980150303398, 6.828034210368782], [79.86976974825103, 6.828034210368782], [79.86974011790777, 6.8280356639327895], [79.86971261200422, 6.828038571060806], [79.86969837494364, 6.828041017075628], [79.86984258994731, 6.828289033090915]]]]}}, {"type": "Feature", "properties": {"hex_id": 82, "is_edge": true, "Hex_area": 2081.4692, "Hex_area_full": 8660.254, "area_ratio": 0.240347, "completeness_class": "sliver", "snap_ok": true, "analysis_ok": false, "node_id": 5883.0, "dist_food_m": 0.0, "time_food_min": 0.0, "reach_food_5": true, "reach_food_10": true, "reach_food_15": true, "count_food_10": 15, "dist_education_m": 584.043, "time_education_min": 7.301, "reach_education_5": false, "reach_education_10": true, "reach_education_15": true, "count_education_10": 3, "dist_health_m": 429.928, "time_health_min": 5.374, "reach_health_5": false, "reach_health_10": true, "reach_health_15": true, "count_health_10": 1, "dist_transit_m": 664.33, "time_transit_min": 8.304, "reach_transit_5": false, "reach_transit_10": true, "reach_transit_15": true, "count_transit_10": 2, "dist_finance_m": 610.891, "time_finance_min": 7.636, "reach_finance_5": false, "reach_finance_10": true, "reach_finance_15": true, "count_finance_10": 3, "dist_open_space_m": 522.553, "time_open_space_min": 6.532, "reach_open_space_5": false, "reach_open_space_10": true, "reach_open_space_15": true, "count_open_space_10": 2, "groups_within_10": 6, "access_score": 1.0, "access_tier": "excluded", "mean_BtA5000": null, "mismatch_flag": false}, "geometry": {"type": "MultiPolygon", "coordinates": [[[[79.86258159395194, 6.829180975727497], [79.86284091523748, 6.828735004617051], [79.86259028789287, 6.828303984628133], [79.86258293644859, 6.8283506959784805], [79.86257499775286, 6.828404477846797], [79.86256812127696, 6.828454849430323], [79.86256230702094, 6.828501810729061], [79.86255515101352, 6.828554306752293], [79.86254665325468, 6.828612337500021], [79.86253681374448, 6.828675902972241], [79.86252563248287, 6.828745003168955], [79.86251310946987, 6.828819638090163], [79.86249924470549, 6.828899807735866], [79.86248403818969, 6.828985512106061], [79.86246748992255, 6.829076751200751], [79.86244993534181, 6.829166257199894], [79.86244682288908, 6.829180975727497], [79.86258159395194, 6.829180975727497]]]]}}, {"type": "Feature", "properties": {"hex_id": 83, "is_edge": true, "Hex_area": 8657.3762, "Hex_area_full": 8660.254, "area_ratio": 0.999668, "completeness_class": "core", "snap_ok": true, "analysis_ok": true, "node_id": 1261.0, "dist_food_m": 531.292, "time_food_min": 6.641, "reach_food_5": false, "reach_food_10": true, "reach_food_15": true, "count_food_10": 9, "dist_education_m": 712.949, "time_education_min": 8.912, "reach_education_5": false, "reach_education_10": true, "reach_education_15": true, "count_education_10": 1, "dist_health_m": 600.875, "time_health_min": 7.511, "reach_health_5": false, "reach_health_10": true, "reach_health_15": true, "count_health_10": 2, "dist_transit_m": 630.267, "time_transit_min": 7.878, "reach_transit_5": false, "reach_transit_10": true, "reach_transit_15": true, "count_transit_10": 3, "dist_finance_m": 578.021, "time_finance_min": 7.225, "reach_finance_5": false, "reach_finance_10": true, "reach_finance_15": true, "count_finance_10": 1, "dist_open_space_m": 1043.648, "time_open_space_min": 13.046, "reach_open_space_5": false, "reach_open_space_10": false, "reach_open_space_15": true, "count_open_space_10": 0, "groups_within_10": 5, "access_score": 0.8333, "access_tier": "high", "mean_BtA5000": null, "mismatch_flag": false}, "geometry": {"type": "MultiPolygon", "coordinates": [[[[79.86284091523748, 6.828735004617051], [79.8633595578086, 6.828735004617051], [79.86361887909413, 6.828289033090915], [79.8633595578086, 6.82784306114911], [79.86284091523748, 6.82784306114911], [79.86259711091436, 6.828262347557491], [79.86259193736419, 6.828293503825374], [79.86259028789287, 6.828303984628133], [79.86284091523748, 6.828735004617051]]]]}}, {"type": "Feature", "properties": {"hex_id": 84, "is_edge": false, "Hex_area": 8660.254, "Hex_area_full": 8660.254, "area_ratio": 1.0, "completeness_class": "core", "snap_ok": true, "analysis_ok": true, "node_id": 6852.0, "dist_food_m": 138.057, "time_food_min": 1.726, "reach_food_5": true, "reach_food_10": true, "reach_food_15": true, "count_food_10": 22, "dist_education_m": 566.53, "time_education_min": 7.082, "reach_education_5": false, "reach_education_10": true, "reach_education_15": true, "count_education_10": 3, "dist_health_m": 443.677, "time_health_min": 5.546, "reach_health_5": false, "reach_health_10": true, "reach_health_15": true, "count_health_10": 2, "dist_transit_m": 600.622, "time_transit_min": 7.508, "reach_transit_5": false, "reach_transit_10": true, "reach_transit_15": true, "count_transit_10": 4, "dist_finance_m": 624.64, "time_finance_min": 7.808, "reach_finance_5": false, "reach_finance_10": true, "reach_finance_15": true, "count_finance_10": 3, "dist_open_space_m": 536.302, "time_open_space_min": 6.704, "reach_open_space_5": false, "reach_open_space_10": true, "reach_open_space_15": true, "count_open_space_10": 2, "groups_within_10": 6, "access_score": 1.0, "access_tier": "high", "mean_BtA5000": 0.33333337307, "mismatch_flag": false}, "geometry": {"type": "MultiPolygon", "coordinates": [[[[79.86413752166523, 6.828289033090915], [79.86361887909413, 6.828289033090915], [79.8633595578086, 6.828735004617051], [79.86361887909413, 6.829180975727497], [79.86413752166523, 6.829180975727497], [79.86439684295078, 6.828735004617051], [79.86413752166523, 6.828289033090915]]]]}}, {"type": "Feature", "properties": {"hex_id": 85, "is_edge": false, "Hex_area": 8660.254, "Hex_area_full": 8660.254, "area_ratio": 1.0, "completeness_class": "core", "snap_ok": true, "analysis_ok": true, "node_id": 6853.0, "dist_food_m": 406.946, "time_food_min": 5.087, "reach_food_5": false, "reach_food_10": true, "reach_food_15": true, "count_food_10": 15, "dist_education_m": 588.603, "time_education_min": 7.358, "reach_education_5": false, "reach_education_10": true, "reach_education_15": true, "count_education_10": 1, "dist_health_m": 476.529, "time_health_min": 5.957, "reach_health_5": false, "reach_health_10": true, "reach_health_15": true, "count_health_10": 2, "dist_transit_m": 505.921, "time_transit_min": 6.324, "reach_transit_5": false, "reach_transit_10": true, "reach_transit_15": true, "count_transit_10": 5, "dist_finance_m": 453.675, "time_finance_min": 5.671, "reach_finance_5": false, "reach_finance_10": true, "reach_finance_15": true, "count_finance_10": 2, "dist_open_space_m": 919.301, "time_open_space_min": 11.491, "reach_open_space_5": false, "reach_open_space_10": false, "reach_open_space_15": true, "count_open_space_10": 0, "groups_within_10": 5, "access_score": 0.8333, "access_tier": "high", "mean_BtA5000": 0.333333313465, "mismatch_flag": false}, "geometry": {"type": "MultiPolygon", "coordinates": [[[[79.86491548552188, 6.82784306114911], [79.86439684295078, 6.82784306114911], [79.86413752166523, 6.828289033090915], [79.86439684295078, 6.828735004617051], [79.86491548552188, 6.828735004617051], [79.8651748068074, 6.828289033090915], [79.86491548552188, 6.82784306114911]]]]}}, {"type": "Feature", "properties": {"hex_id": 86, "is_edge": false, "Hex_area": 8660.254, "Hex_area_full": 8660.254, "area_ratio": 1.0, "completeness_class": "core", "snap_ok": true, "analysis_ok": true, "node_id": 6854.0, "dist_food_m": 336.811, "time_food_min": 4.21, "reach_food_5": true, "reach_food_10": true, "reach_food_15": true, "count_food_10": 34, "dist_education_m": 367.776, "time_education_min": 4.597, "reach_education_5": true, "reach_education_10": true, "reach_education_15": true, "count_education_10": 2, "dist_health_m": 255.703, "time_health_min": 3.196, "reach_health_5": true, "reach_health_10": true, "reach_health_15": true, "count_health_10": 4, "dist_transit_m": 401.868, "time_transit_min": 5.023, "reach_transit_5": false, "reach_transit_10": true, "reach_transit_15": true, "count_transit_10": 9, "dist_finance_m": 467.008, "time_finance_min": 5.838, "reach_finance_5": false, "reach_finance_10": true, "reach_finance_15": true, "count_finance_10": 4, "dist_open_space_m": 698.475, "time_open_space_min": 8.731, "reach_open_space_5": false, "reach_open_space_10": true, "reach_open_space_15": true, "count_open_space_10": 3, "groups_within_10": 6, "access_score": 1.0, "access_tier": "high", "mean_BtA5000": 0.33333337307, "mismatch_flag": false}, "geometry": {"type": "MultiPolygon", "coordinates": [[[[79.86569344937851, 6.828289033090915], [79.8651748068074, 6.828289033090915], [79.86491548552188, 6.828735004617051], [79.8651748068074, 6.829180975727497], [79.86569344937851, 6.829180975727497], [79.86595277066408, 6.828735004617051], [79.86569344937851, 6.828289033090915]]]]}}, {"type": "Feature", "properties": {"hex_id": 87, "is_edge": false, "Hex_area": 8660.254, "Hex_area_full": 8660.254, "area_ratio": 1.0, "completeness_class": "core", "snap_ok": true, "analysis_ok": true, "node_id": 6855.0, "dist_food_m": 234.981, "time_food_min": 2.937, "reach_food_5": true, "reach_food_10": true, "reach_food_15": true, "count_food_10": 33, "dist_education_m": 416.638, "time_education_min": 5.208, "reach_education_5": false, "reach_education_10": true, "reach_education_15": true, "count_education_10": 2, "dist_health_m": 304.565, "time_health_min": 3.807, "reach_health_5": true, "reach_health_10": true, "reach_health_15": true, "count_health_10": 4, "dist_transit_m": 333.956, "time_transit_min": 4.174, "reach_transit_5": true, "reach_transit_10": true, "reach_transit_15": true, "count_transit_10": 9, "dist_finance_m": 281.71, "time_finance_min": 3.521, "reach_finance_5": true, "reach_finance_10": true, "reach_finance_15": true, "count_finance_10": 5, "dist_open_space_m": 747.337, "time_open_space_min": 9.342, "reach_open_space_5": false, "reach_open_space_10": true, "reach_open_space_15": true, "count_open_space_10": 2, "groups_within_10": 6, "access_score": 1.0, "access_tier": "high", "mean_BtA5000": 0.33333334327, "mismatch_flag": false}, "geometry": {"type": "MultiPolygon", "coordinates": [[[[79.86647141323516, 6.82784306114911], [79.86595277066408, 6.82784306114911], [79.86569344937851, 6.828289033090915], [79.86595277066408, 6.828735004617051], [79.86647141323516, 6.828735004617051], [79.86673073452073, 6.828289033090915], [79.86647141323516, 6.82784306114911]]]]}}, {"type": "Feature", "properties": {"hex_id": 88, "is_edge": false, "Hex_area": 8660.254, "Hex_area_full": 8660.254, "area_ratio": 1.0, "completeness_class": "core", "snap_ok": true, "analysis_ok": true, "node_id": 6856.0, "dist_food_m": 341.795, "time_food_min": 4.272, "reach_food_5": true, "reach_food_10": true, "reach_food_15": true, "count_food_10": 30, "dist_education_m": 438.358, "time_education_min": 5.479, "reach_education_5": false, "reach_education_10": true, "reach_education_15": true, "count_education_10": 1, "dist_health_m": 326.285, "time_health_min": 4.079, "reach_health_5": true, "reach_health_10": true, "reach_health_15": true, "count_health_10": 4, "dist_transit_m": 440.77, "time_transit_min": 5.51, "reach_transit_5": false, "reach_transit_10": true, "reach_transit_15": true, "count_transit_10": 9, "dist_finance_m": 388.524, "time_finance_min": 4.857, "reach_finance_5": true, "reach_finance_10": true, "reach_finance_15": true, "count_finance_10": 4, "dist_open_space_m": 769.057, "time_open_space_min": 9.613, "reach_open_space_5": false, "reach_open_space_10": true, "reach_open_space_15": true, "count_open_space_10": 1, "groups_within_10": 6, "access_score": 1.0, "access_tier": "high", "mean_BtA5000": 0.340859770775, "mismatch_flag": false}, "geometry": {"type": "MultiPolygon", "coordinates": [[[[79.86724937709182, 6.828289033090915], [79.86673073452073, 6.828289033090915], [79.86647141323516, 6.828735004617051], [79.86673073452073, 6.829180975727497], [79.86724937709182, 6.829180975727497], [79.86750869837736, 6.828735004617051], [79.86724937709182, 6.828289033090915]]]]}}, {"type": "Feature", "properties": {"hex_id": 89, "is_edge": false, "Hex_area": 8660.254, "Hex_area_full": 8660.254, "area_ratio": 1.0, "completeness_class": "core", "snap_ok": true, "analysis_ok": true, "node_id": 3100.0, "dist_food_m": 99.826, "time_food_min": 1.248, "reach_food_5": true, "reach_food_10": true, "reach_food_15": true, "count_food_10": 36, "dist_education_m": 380.509, "time_education_min": 4.756, "reach_education_5": true, "reach_education_10": true, "reach_education_15": true, "count_education_10": 3, "dist_health_m": 275.043, "time_health_min": 3.438, "reach_health_5": true, "reach_health_10": true, "reach_health_15": true, "count_health_10": 4, "dist_transit_m": 197.183, "time_transit_min": 2.465, "reach_transit_5": true, "reach_transit_10": true, "reach_transit_15": true, "count_transit_10": 9, "dist_finance_m": 50.436, "time_finance_min": 0.63, "reach_finance_5": true, "reach_finance_10": true, "reach_finance_15": true, "count_finance_10": 7, "dist_open_space_m": 568.182, "time_open_space_min": 7.102, "reach_open_space_5": false, "reach_open_space_10": true, "reach_open_space_15": true, "count_open_space_10": 1, "groups_within_10": 6, "access_score": 1.0, "access_tier": "high", "mean_BtA5000": 0.33022267123166665, "mismatch_flag": false}, "geometry": {"type": "MultiPolygon", "coordinates": [[[[79.86802734094847, 6.82784306114911], [79.86750869837736, 6.82784306114911], [79.86724937709182, 6.828289033090915], [79.86750869837736, 6.828735004617051], [79.86802734094847, 6.828735004617051], [79.868286662234, 6.828289033090915], [79.86802734094847, 6.82784306114911]]]]}}, {"type": "Feature", "properties": {"hex_id": 90, "is_edge": false, "Hex_area": 8660.254, "Hex_area_full": 8660.254, "area_ratio": 1.0, "completeness_class": "core", "snap_ok": true, "analysis_ok": true, "node_id": 6857.0, "dist_food_m": 2.105, "time_food_min": 0.026, "reach_food_5": true, "reach_food_10": true, "reach_food_15": true, "count_food_10": 43, "dist_education_m": 293.784, "time_education_min": 3.672, "reach_education_5": true, "reach_education_10": true, "reach_education_15": true, "count_education_10": 3, "dist_health_m": 30.21, "time_health_min": 0.378, "reach_health_5": true, "reach_health_10": true, "reach_health_15": true, "count_health_10": 4, "dist_transit_m": 95.878, "time_transit_min": 1.198, "reach_transit_5": true, "reach_transit_10": true, "reach_transit_15": true, "count_transit_10": 11, "dist_finance_m": 194.398, "time_finance_min": 2.43, "reach_finance_5": true, "reach_finance_10": true, "reach_finance_15": true, "count_finance_10": 8, "dist_open_space_m": 464.148, "time_open_space_min": 5.802, "reach_open_space_5": false, "reach_open_space_10": true, "reach_open_space_15": true, "count_open_space_10": 1, "groups_within_10": 6, "access_score": 1.0, "access_tier": "high", "mean_BtA5000": 56.68880498835143, "mismatch_flag": false}, "geometry": {"type": "MultiPolygon", "coordinates": [[[[79.86880530480511, 6.828289033090915], [79.868286662234, 6.828289033090915], [79.86802734094847, 6.828735004617051], [79.868286662234, 6.829180975727497], [79.86880530480511, 6.829180975727497], [79.86906462609065, 6.828735004617051], [79.86880530480511, 6.828289033090915]]]]}}, {"type": "Feature", "properties": {"hex_id": 91, "is_edge": true, "Hex_area": 5914.0796, "Hex_area_full": 8660.254, "area_ratio": 0.682899, "completeness_class": "partial", "snap_ok": true, "analysis_ok": false, "node_id": 6858.0, "dist_food_m": 121.15, "time_food_min": 1.514, "reach_food_5": true, "reach_food_10": true, "reach_food_15": true, "count_food_10": 38, "dist_education_m": 423.24, "time_education_min": 5.291, "reach_education_5": false, "reach_education_10": true, "reach_education_15": true, "count_education_10": 3, "dist_health_m": 184.687, "time_health_min": 2.309, "reach_health_5": true, "reach_health_10": true, "reach_health_15": true, "count_health_10": 4, "dist_transit_m": 122.87, "time_transit_min": 1.536, "reach_transit_5": true, "reach_transit_10": true, "reach_transit_15": true, "count_transit_10": 10, "dist_finance_m": 187.994, "time_finance_min": 2.35, "reach_finance_5": true, "reach_finance_10": true, "reach_finance_15": true, "count_finance_10": 7, "dist_open_space_m": 378.879, "time_open_space_min": 4.736, "reach_open_space_5": true, "reach_open_space_10": true, "reach_open_space_15": true, "count_open_space_10": 1, "groups_within_10": 6, "access_score": 1.0, "access_tier": "excluded", "mean_BtA5000": 10.5859155133375, "mismatch_flag": false}, "geometry": {"type": "MultiPolygon", "coordinates": [[[[79.86880530480511, 6.828289033090915], [79.86906462609065, 6.828735004617051], [79.86958326866176, 6.828735004617051], [79.86984258994731, 6.828289033090915], [79.86969837494364, 6.828041017075628], [79.86968723054039, 6.828042931752833], [79.86966397351625, 6.828048746008866], [79.86964284093183, 6.828056013828909], [79.86962383278708, 6.828064735212962], [79.86960694908207, 6.828074910161022], [79.86959218981674, 6.828086538673089], [79.86957745850461, 6.828097468356307], [79.86956275514558, 6.828107699210675], [79.86954807973973, 6.8281172312361935], [79.86953343228703, 6.828126064432861], [79.86951881278746, 6.828134198800679], [79.86950422124109, 6.828141634339644], [79.86948965764786, 6.828148371049761], [79.86947512200776, 6.828154408931028], [79.86945985958567, 6.828160698390681], [79.86944387038159, 6.8281672394287165], [79.86942715439548, 6.828174032045142], [79.86940971162738, 6.828181076239956], [79.86939154207727, 6.828188372013151], [79.86937264574516, 6.828195919364734], [79.86935302263105, 6.828203718294704], [79.86933267273493, 6.828211768803056], [79.8693143913722, 6.828219064576253], [79.86929817854289, 6.828225605614292], [79.86928403424696, 6.828231391917173], [79.86927195848439, 6.828236423484893], [79.86926195125527, 6.828240700317458], [79.86925401255952, 6.828244222414864], [79.8692481423972, 6.828246989777113], [79.86924434076826, 6.828249002404201], [79.86923371856972, 6.828247464980727], [79.86921627580162, 6.828242377506698], [79.86919201246397, 6.82823373998211], [79.8691609285567, 6.828221552406961], [79.86912302407984, 6.828205814781252], [79.86907829903343, 6.828186527104986], [79.86902675341744, 6.828163689378161], [79.86896838723186, 6.828137301600773], [79.86892248815296, 6.828101102266331], [79.86891809636403, 6.828095058048706], [79.86880530480511, 6.828289033090915]]]]}}, {"type": "Feature", "properties": {"hex_id": 92, "is_edge": false, "Hex_area": 8660.254, "Hex_area_full": 8660.254, "area_ratio": 1.0, "completeness_class": "core", "snap_ok": true, "analysis_ok": true, "node_id": 6478.0, "dist_food_m": 275.262, "time_food_min": 3.441, "reach_food_5": true, "reach_food_10": true, "reach_food_15": true, "count_food_10": 26, "dist_education_m": 363.046, "time_education_min": 4.538, "reach_education_5": true, "reach_education_10": true, "reach_education_15": true, "count_education_10": 2, "dist_health_m": 338.798, "time_health_min": 4.235, "reach_health_5": true, "reach_health_10": true, "reach_health_15": true, "count_health_10": 3, "dist_transit_m": 276.982, "time_transit_min": 3.462, "reach_transit_5": true, "reach_transit_10": true, "reach_transit_15": true, "count_transit_10": 7, "dist_finance_m": 342.106, "time_finance_min": 4.276, "reach_finance_5": true, "reach_finance_10": true, "reach_finance_15": true, "count_finance_10": 4, "dist_open_space_m": 574.977, "time_open_space_min": 7.187, "reach_open_space_5": false, "reach_open_space_10": true, "reach_open_space_15": true, "count_open_space_10": 1, "groups_within_10": 6, "access_score": 1.0, "access_tier": "high", "mean_BtA5000": 0.3333333234, "mismatch_flag": false}, "geometry": {"type": "MultiPolygon", "coordinates": [[[[79.87036123251839, 6.828289033090915], [79.86984258994731, 6.828289033090915], [79.86958326866176, 6.828735004617051], [79.86984258994731, 6.829180975727497], [79.87036123251839, 6.829180975727497], [79.87062055380396, 6.828735004617051], [79.87036123251839, 6.828289033090915]]]]}}, {"type": "Feature", "properties": {"hex_id": 93, "is_edge": true, "Hex_area": 4858.0166, "Hex_area_full": 8660.254, "area_ratio": 0.560955, "completeness_class": "partial", "snap_ok": true, "analysis_ok": false, "node_id": 6859.0, "dist_food_m": 312.652, "time_food_min": 3.908, "reach_food_5": true, "reach_food_10": true, "reach_food_15": true, "count_food_10": 24, "dist_education_m": 246.118, "time_education_min": 3.076, "reach_education_5": true, "reach_education_10": true, "reach_education_15": true, "count_education_10": 4, "dist_health_m": 376.188, "time_health_min": 4.702, "reach_health_5": true, "reach_health_10": true, "reach_health_15": true, "count_health_10": 2, "dist_transit_m": 314.372, "time_transit_min": 3.93, "reach_transit_5": true, "reach_transit_10": true, "reach_transit_15": true, "count_transit_10": 5, "dist_finance_m": 379.496, "time_finance_min": 4.744, "reach_finance_5": true, "reach_finance_10": true, "reach_finance_15": true, "count_finance_10": 5, "dist_open_space_m": 577.263, "time_open_space_min": 7.216, "reach_open_space_5": false, "reach_open_space_10": true, "reach_open_space_15": true, "count_open_space_10": 1, "groups_within_10": 6, "access_score": 1.0, "access_tier": "excluded", "mean_BtA5000": 8.500000218553334, "mismatch_flag": false}, "geometry": {"type": "MultiPolygon", "coordinates": [[[[79.87036123251839, 6.828289033090915], [79.87062055380396, 6.828735004617051], [79.87113919637505, 6.828735004617051], [79.8713113749592, 6.828438898056602], [79.87129710858616, 6.828435394035142], [79.87127306887372, 6.828429076622336], [79.87125048272526, 6.828422703303221], [79.87122935014084, 6.8284162740778], [79.87120967112041, 6.828409788946069], [79.871191445664, 6.82840324790803], [79.87117467377159, 6.828396650963681], [79.8711593554432, 6.828389998113029], [79.87114549067881, 6.828383289356067], [79.87113061960088, 6.828375574285561], [79.87111474220941, 6.828366852901509], [79.87109785850437, 6.828357125203913], [79.8710799684858, 6.828346391192772], [79.8710610721537, 6.828334650868087], [79.87104116950805, 6.828321904229861], [79.87102026054885, 6.828308151278086], [79.87099834527612, 6.828293392012768], [79.87097654181598, 6.828278856372683], [79.87095485016845, 6.828264544357827], [79.87093327033355, 6.828250455968207], [79.87091180231127, 6.828236591203817], [79.87089044610161, 6.82822295006466], [79.87086920170455, 6.828209532550735], [79.87084806912013, 6.828196338662043], [79.8708270483483, 6.828183368398583], [79.87080356769894, 6.828171124917126], [79.87077762717203, 6.828159608217674], [79.87074922676756, 6.828148818300223], [79.87071836648555, 6.828138755164781], [79.87068504632593, 6.828129418811343], [79.87064926628882, 6.828120809239906], [79.87061102637414, 6.828112926450474], [79.87058788116234, 6.828108901196057], [79.87052666375533, 6.828098782154546], [79.87048003789441, 6.828091961584967], [79.87047612948925, 6.828091437232982], [79.87036123251839, 6.828289033090915]]]]}}, {"type": "Feature", "properties": {"hex_id": 94, "is_edge": true, "Hex_area": 6914.1326, "Hex_area_full": 8660.254, "area_ratio": 0.798375, "completeness_class": "partial", "snap_ok": true, "analysis_ok": false, "node_id": 6860.0, "dist_food_m": 404.29, "time_food_min": 5.054, "reach_food_5": false, "reach_food_10": true, "reach_food_15": true, "count_food_10": 22, "dist_education_m": 98.114, "time_education_min": 1.226, "reach_education_5": true, "reach_education_10": true, "reach_education_15": true, "count_education_10": 4, "dist_health_m": 467.826, "time_health_min": 5.848, "reach_health_5": false, "reach_health_10": true, "reach_health_15": true, "count_health_10": 2, "dist_transit_m": 406.01, "time_transit_min": 5.075, "reach_transit_5": false, "reach_transit_10": true, "reach_transit_15": true, "count_transit_10": 5, "dist_finance_m": 471.134, "time_finance_min": 5.889, "reach_finance_5": false, "reach_finance_10": true, "reach_finance_15": true, "count_finance_10": 4, "dist_open_space_m": 429.259, "time_open_space_min": 5.366, "reach_open_space_5": false, "reach_open_space_10": true, "reach_open_space_15": true, "count_open_space_10": 1, "groups_within_10": 6, "access_score": 1.0, "access_tier": "excluded", "mean_BtA5000": 13.428414424258335, "mismatch_flag": false}, "geometry": {"type": "MultiPolygon", "coordinates": [[[[79.87113919637505, 6.828735004617051], [79.87139851766061, 6.829180975727497], [79.8719171602317, 6.829180975727497], [79.87217648151724, 6.828735004617051], [79.87208434146899, 6.828576545485915], [79.87206816838639, 6.82857398577273], [79.87201136757746, 6.828564705325597], [79.87195657939561, 6.828555452831621], [79.8719038038408, 6.828546228290796], [79.87185304091312, 6.828537031703125], [79.87180429061254, 6.828527863068611], [79.8717581679084, 6.828519337356637], [79.87171467280078, 6.828511454567205], [79.8716738052896, 6.828504214700316], [79.8716355653749, 6.828497617755971], [79.8715999530567, 6.828491663734167], [79.87156696833496, 6.828486352634905], [79.87153661120973, 6.828481684458183], [79.87150888168094, 6.828477659204007], [79.8714814316837, 6.828473354418287], [79.871454261218, 6.828468770101029], [79.87142737028384, 6.828463906252233], [79.87140075888125, 6.828458762871897], [79.87137442701015, 6.828453339960017], [79.87134837467062, 6.8284476375166], [79.87132260186262, 6.828441655541641], [79.8713113749592, 6.828438898056602], [79.87113919637505, 6.828735004617051]]]]}}, {"type": "Feature", "properties": {"hex_id": 95, "is_edge": true, "Hex_area": 815.1874, "Hex_area_full": 8660.254, "area_ratio": 0.09413, "completeness_class": "sliver", "snap_ok": true, "analysis_ok": false, "node_id": 2402.0, "dist_food_m": 470.153, "time_food_min": 5.877, "reach_food_5": false, "reach_food_10": true, "reach_food_15": true, "count_food_10": 19, "dist_education_m": 227.344, "time_education_min": 2.842, "reach_education_5": true, "reach_education_10": true, "reach_education_15": true, "count_education_10": 4, "dist_health_m": 533.69, "time_health_min": 6.671, "reach_health_5": false, "reach_health_10": true, "reach_health_15": true, "count_health_10": 1, "dist_transit_m": 471.873, "time_transit_min": 5.898, "reach_transit_5": false, "reach_transit_10": true, "reach_transit_15": true, "count_transit_10": 5, "dist_finance_m": 536.997, "time_finance_min": 6.712, "reach_finance_5": false, "reach_finance_10": true, "reach_finance_15": true, "count_finance_10": 4, "dist_open_space_m": 558.489, "time_open_space_min": 6.981, "reach_open_space_5": false, "reach_open_space_10": true, "reach_open_space_15": true, "count_open_space_10": 1, "groups_within_10": 6, "access_score": 1.0, "access_tier": "excluded", "mean_BtA5000": 3.58333389461, "mismatch_flag": false}, "geometry": {"type": "MultiPolygon", "coordinates": [[[[79.87217648151724, 6.828735004617051], [79.87269512408835, 6.828735004617051], [79.8727412226006, 6.8286557260651986], [79.87270527667263, 6.828653652261661], [79.87265647046571, 6.828650130164254], [79.87260537210018, 6.828645769472229], [79.87255198157604, 6.828640570185584], [79.87249629889321, 6.828634532304317], [79.87243832405181, 6.82862765582843], [79.87237805705178, 6.828619940757924], [79.8723154978931, 6.8286113870927965], [79.87225064657578, 6.828601994833049], [79.87218780788557, 6.828592630526455], [79.87212698182245, 6.828583294173015], [79.87208434146899, 6.828576545485915], [79.87217648151724, 6.828735004617051]]]]}}, {"type": "Feature", "properties": {"hex_id": 96, "is_edge": true, "Hex_area": 3702.1408, "Hex_area_full": 8660.254, "area_ratio": 0.427486, "completeness_class": "sliver", "snap_ok": true, "analysis_ok": false, "node_id": 6861.0, "dist_food_m": 455.302, "time_food_min": 5.691, "reach_food_5": false, "reach_food_10": true, "reach_food_15": true, "count_food_10": 18, "dist_education_m": 305.107, "time_education_min": 3.814, "reach_education_5": true, "reach_education_10": true, "reach_education_15": true, "count_education_10": 3, "dist_health_m": 611.453, "time_health_min": 7.643, "reach_health_5": false, "reach_health_10": true, "reach_health_15": true, "count_health_10": 1, "dist_transit_m": 549.636, "time_transit_min": 6.87, "reach_transit_5": false, "reach_transit_10": true, "reach_transit_15": true, "count_transit_10": 4, "dist_finance_m": 585.563, "time_finance_min": 7.32, "reach_finance_5": false, "reach_finance_10": true, "reach_finance_15": true, "count_finance_10": 4, "dist_open_space_m": 636.252, "time_open_space_min": 7.953, "reach_open_space_5": false, "reach_open_space_10": true, "reach_open_space_15": true, "count_open_space_10": 1, "groups_within_10": 6, "access_score": 1.0, "access_tier": "excluded", "mean_BtA5000": 3.58333389461, "mismatch_flag": false}, "geometry": {"type": "MultiPolygon", "coordinates": [[[[79.87269512408835, 6.828735004617051], [79.87295444537388, 6.829180975727497], [79.8733634714178, 6.829180975727497], [79.87337126056691, 6.829153734186909], [79.87339222543243, 6.829080273298172], [79.87340699168602, 6.82901395444028], [79.87343776112006, 6.828957335326597], [79.87344849513119, 6.82891574103343], [79.87345788739097, 6.828877277493511], [79.87346593789931, 6.828825620064898], [79.87339527232598, 6.828783578521263], [79.87336541835774, 6.828766023940781], [79.87333679432801, 6.8287496992988395], [79.87331071403533, 6.8287353313776755], [79.87328717747965, 6.828722920177298], [79.87326618466098, 6.8287124656976985], [79.87324773557935, 6.828703967938878], [79.8732318302347, 6.828697426900838], [79.8732184686271, 6.828692842583582], [79.87320765075648, 6.8286902149871045], [79.87319937662292, 6.828689544111409], [79.87319037570731, 6.828688677563635], [79.87318064800974, 6.828687615343781], [79.87317019353011, 6.828686357451851], [79.87315901226852, 6.82868490388784], [79.87314710422493, 6.828683254651756], [79.87313446939929, 6.82868140974359], [79.87312110779168, 6.828679369163347], [79.87310701940204, 6.828677132911029], [79.87309245580883, 6.82867512028394], [79.87307741701196, 6.828673331282082], [79.87306190301148, 6.828671765905457], [79.87304591380737, 6.828670424154065], [79.87302944939965, 6.828669306027906], [79.87301250978834, 6.828668411526976], [79.87299509497338, 6.82866774065128], [79.87297720495485, 6.828667293400818], [79.87295573693255, 6.828666566618812], [79.87293069090657, 6.828665560305267], [79.87290206687686, 6.828664274460183], [79.87286986484344, 6.828662709083558], [79.87283408480629, 6.8286608641753945], [79.87279472676543, 6.8286587397356895], [79.87275179072087, 6.828656335764444], [79.8727412226006, 6.8286557260651986], [79.87269512408835, 6.828735004617051]]]]}}, {"type": "Feature", "properties": {"hex_id": 97, "is_edge": true, "Hex_area": 4252.1271, "Hex_area_full": 8660.254, "area_ratio": 0.490993, "completeness_class": "sliver", "snap_ok": false, "analysis_ok": false, "node_id": null, "dist_food_m": null, "time_food_min": null, "reach_food_5": false, "reach_food_10": false, "reach_food_15": false, "count_food_10": 0, "dist_education_m": null, "time_education_min": null, "reach_education_5": false, "reach_education_10": false, "reach_education_15": false, "count_education_10": 0, "dist_health_m": null, "time_health_min": null, "reach_health_5": false, "reach_health_10": false, "reach_health_15": false, "count_health_10": 0, "dist_transit_m": null, "time_transit_min": null, "reach_transit_5": false, "reach_transit_10": false, "reach_transit_15": false, "count_transit_10": 0, "dist_finance_m": null, "time_finance_min": null, "reach_finance_5": false, "reach_finance_10": false, "reach_finance_15": false, "count_finance_10": 0, "dist_open_space_m": null, "time_open_space_min": null, "reach_open_space_5": false, "reach_open_space_10": false, "reach_open_space_15": false, "count_open_space_10": 0, "groups_within_10": 0, "access_score": null, "access_tier": "excluded", "mean_BtA5000": null, "mismatch_flag": false}, "geometry": {"type": "MultiPolygon", "coordinates": [[[[79.86258159395194, 6.830072916701202], [79.86284091523748, 6.8296269464222235], [79.86258159395194, 6.829180975727497], [79.86244682288908, 6.829180975727497], [79.86243137444757, 6.829254030103487], [79.86241180723975, 6.829340069911533], [79.86239123371838, 6.829424376624029], [79.8623696538835, 6.829506950240975], [79.86234706773506, 6.829587790762375], [79.86232347527307, 6.829666898188226], [79.86229887649755, 6.829744272518528], [79.86227455725356, 6.8298196342217405], [79.86225051754111, 6.8298929832978645], [79.86222675736022, 6.8299643197468995], [79.86220327671083, 6.830033643568843], [79.86218973987575, 6.830072916701202], [79.86258159395194, 6.830072916701202]]]]}}, {"type": "Feature", "properties": {"hex_id": 98, "is_edge": false, "Hex_area": 8660.254, "Hex_area_full": 8660.254, "area_ratio": 1.0, "completeness_class": "core", "snap_ok": true, "analysis_ok": true, "node_id": 5883.0, "dist_food_m": 0.0, "time_food_min": 0.0, "reach_food_5": true, "reach_food_10": true, "reach_food_15": true, "count_food_10": 15, "dist_education_m": 584.043, "time_education_min": 7.301, "reach_education_5": false, "reach_education_10": true, "reach_education_15": true, "count_education_10": 3, "dist_health_m": 429.928, "time_health_min": 5.374, "reach_health_5": false, "reach_health_10": true, "reach_health_15": true, "count_health_10": 1, "dist_transit_m": 664.33, "time_transit_min": 8.304, "reach_transit_5": false, "reach_transit_10": true, "reach_transit_15": true, "count_transit_10": 2, "dist_finance_m": 610.891, "time_finance_min": 7.636, "reach_finance_5": false, "reach_finance_10": true, "reach_finance_15": true, "count_finance_10": 3, "dist_open_space_m": 522.553, "time_open_space_min": 6.532, "reach_open_space_5": false, "reach_open_space_10": true, "reach_open_space_15": true, "count_open_space_10": 2, "groups_within_10": 6, "access_score": 1.0, "access_tier": "high", "mean_BtA5000": 0.33333334327, "mismatch_flag": false}, "geometry": {"type": "MultiPolygon", "coordinates": [[[[79.8633595578086, 6.828735004617051], [79.86284091523748, 6.828735004617051], [79.86258159395194, 6.829180975727497], [79.86284091523748, 6.8296269464222235], [79.8633595578086, 6.8296269464222235], [79.86361887909413, 6.829180975727497], [79.8633595578086, 6.828735004617051]]]]}}, {"type": "Feature", "properties": {"hex_id": 99, "is_edge": false, "Hex_area": 8660.254, "Hex_area_full": 8660.254, "area_ratio": 1.0, "completeness_class": "core", "snap_ok": true, "analysis_ok": true, "node_id": 6862.0, "dist_food_m": 85.205, "time_food_min": 1.065, "reach_food_5": true, "reach_food_10": true, "reach_food_15": true, "count_food_10": 20, "dist_education_m": 544.94, "time_education_min": 6.812, "reach_education_5": false, "reach_education_10": true, "reach_education_15": true, "count_education_10": 3, "dist_health_m": 390.825, "time_health_min": 4.885, "reach_health_5": true, "reach_health_10": true, "reach_health_15": true, "count_health_10": 2, "dist_transit_m": 625.227, "time_transit_min": 7.815, "reach_transit_5": false, "reach_transit_10": true, "reach_transit_15": true, "count_transit_10": 5, "dist_finance_m": 571.788, "time_finance_min": 7.147, "reach_finance_5": false, "reach_finance_10": true, "reach_finance_15": true, "count_finance_10": 4, "dist_open_space_m": 483.45, "time_open_space_min": 6.043, "reach_open_space_5": false, "reach_open_space_10": true, "reach_open_space_15": true, "count_open_space_10": 2, "groups_within_10": 6, "access_score": 1.0, "access_tier": "high", "mean_BtA5000": 0.33333335817, "mismatch_flag": false}, "geometry": {"type": "MultiPolygon", "coordinates": [[[[79.86413752166523, 6.829180975727497], [79.86361887909413, 6.829180975727497], [79.8633595578086, 6.8296269464222235], [79.86361887909413, 6.830072916701202], [79.86413752166523, 6.830072916701202], [79.86439684295078, 6.8296269464222235], [79.86413752166523, 6.829180975727497]]]]}}, {"type": "Feature", "properties": {"hex_id": 100, "is_edge": false, "Hex_area": 8660.254, "Hex_area_full": 8660.254, "area_ratio": 1.0, "completeness_class": "core", "snap_ok": true, "analysis_ok": true, "node_id": 6863.0, "dist_food_m": 255.894, "time_food_min": 3.199, "reach_food_5": true, "reach_food_10": true, "reach_food_15": true, "count_food_10": 31, "dist_education_m": 448.692, "time_education_min": 5.609, "reach_education_5": false, "reach_education_10": true, "reach_education_15": true, "count_education_10": 2, "dist_health_m": 336.619, "time_health_min": 4.208, "reach_health_5": true, "reach_health_10": true, "reach_health_15": true, "count_health_10": 4, "dist_transit_m": 482.784, "time_transit_min": 6.035, "reach_transit_5": false, "reach_transit_10": true, "reach_transit_15": true, "count_transit_10": 7, "dist_finance_m": 547.924, "time_finance_min": 6.849, "reach_finance_5": false, "reach_finance_10": true, "reach_finance_15": true, "count_finance_10": 4, "dist_open_space_m": 654.139, "time_open_space_min": 8.177, "reach_open_space_5": false, "reach_open_space_10": true, "reach_open_space_15": true, "count_open_space_10": 3, "groups_within_10": 6, "access_score": 1.0, "access_tier": "high", "mean_BtA5000": 0.33333332836499996, "mismatch_flag": false}, "geometry": {"type": "MultiPolygon", "coordinates": [[[[79.86491548552188, 6.828735004617051], [79.86439684295078, 6.828735004617051], [79.86413752166523, 6.829180975727497], [79.86439684295078, 6.8296269464222235], [79.86491548552188, 6.8296269464222235], [79.8651748068074, 6.829180975727497], [79.86491548552188, 6.828735004617051]]]]}}, {"type": "Feature", "properties": {"hex_id": 101, "is_edge": false, "Hex_area": 8660.254, "Hex_area_full": 8660.254, "area_ratio": 1.0, "completeness_class": "core", "snap_ok": true, "analysis_ok": true, "node_id": 6864.0, "dist_food_m": 357.154, "time_food_min": 4.464, "reach_food_5": true, "reach_food_10": true, "reach_food_15": true, "count_food_10": 39, "dist_education_m": 261.052, "time_education_min": 3.263, "reach_education_5": true, "reach_education_10": true, "reach_education_15": true, "count_education_10": 3, "dist_health_m": 60.742, "time_health_min": 0.759, "reach_health_5": true, "reach_health_10": true, "reach_health_15": true, "count_health_10": 4, "dist_transit_m": 295.144, "time_transit_min": 3.689, "reach_transit_5": true, "reach_transit_10": true, "reach_transit_15": true, "count_transit_10": 8, "dist_finance_m": 365.804, "time_finance_min": 4.573, "reach_finance_5": true, "reach_finance_10": true, "reach_finance_15": true, "count_finance_10": 6, "dist_open_space_m": 543.471, "time_open_space_min": 6.793, "reach_open_space_5": false, "reach_open_space_10": true, "reach_open_space_15": true, "count_open_space_10": 3, "groups_within_10": 6, "access_score": 1.0, "access_tier": "high", "mean_BtA5000": 0.302627712485, "mismatch_flag": false}, "geometry": {"type": "MultiPolygon", "coordinates": [[[[79.86569344937851, 6.829180975727497], [79.8651748068074, 6.829180975727497], [79.86491548552188, 6.8296269464222235], [79.8651748068074, 6.830072916701202], [79.86569344937851, 6.830072916701202], [79.86595277066408, 6.8296269464222235], [79.86569344937851, 6.829180975727497]]]]}}, {"type": "Feature", "properties": {"hex_id": 102, "is_edge": false, "Hex_area": 8660.254, "Hex_area_full": 8660.254, "area_ratio": 1.0, "completeness_class": "core", "snap_ok": true, "analysis_ok": true, "node_id": 6865.0, "dist_food_m": 334.591, "time_food_min": 4.182, "reach_food_5": true, "reach_food_10": true, "reach_food_15": true, "count_food_10": 37, "dist_education_m": 293.053, "time_education_min": 3.663, "reach_education_5": true, "reach_education_10": true, "reach_education_15": true, "count_education_10": 2, "dist_health_m": 180.979, "time_health_min": 2.262, "reach_health_5": true, "reach_health_10": true, "reach_health_15": true, "count_health_10": 4, "dist_transit_m": 327.145, "time_transit_min": 4.089, "reach_transit_5": true, "reach_transit_10": true, "reach_transit_15": true, "count_transit_10": 9, "dist_finance_m": 381.319, "time_finance_min": 4.766, "reach_finance_5": true, "reach_finance_10": true, "reach_finance_15": true, "count_finance_10": 7, "dist_open_space_m": 623.751, "time_open_space_min": 7.797, "reach_open_space_5": false, "reach_open_space_10": true, "reach_open_space_15": true, "count_open_space_10": 3, "groups_within_10": 6, "access_score": 1.0, "access_tier": "high", "mean_BtA5000": 0.33333335320333335, "mismatch_flag": false}, "geometry": {"type": "MultiPolygon", "coordinates": [[[[79.86647141323516, 6.828735004617051], [79.86595277066408, 6.828735004617051], [79.86569344937851, 6.829180975727497], [79.86595277066408, 6.8296269464222235], [79.86647141323516, 6.8296269464222235], [79.86673073452073, 6.829180975727497], [79.86647141323516, 6.828735004617051]]]]}}, {"type": "Feature", "properties": {"hex_id": 103, "is_edge": false, "Hex_area": 8660.254, "Hex_area_full": 8660.254, "area_ratio": 1.0, "completeness_class": "core", "snap_ok": true, "analysis_ok": true, "node_id": 5722.0, "dist_food_m": 90.886, "time_food_min": 1.136, "reach_food_5": true, "reach_food_10": true, "reach_food_15": true, "count_food_10": 43, "dist_education_m": 234.926, "time_education_min": 2.937, "reach_education_5": true, "reach_education_10": true, "reach_education_15": true, "count_education_10": 3, "dist_health_m": 329.284, "time_health_min": 4.116, "reach_health_5": true, "reach_health_10": true, "reach_health_15": true, "count_health_10": 4, "dist_transit_m": 200.834, "time_transit_min": 2.51, "reach_transit_5": true, "reach_transit_10": true, "reach_transit_15": true, "count_transit_10": 10, "dist_finance_m": 196.651, "time_finance_min": 2.458, "reach_finance_5": true, "reach_finance_10": true, "reach_finance_15": true, "count_finance_10": 8, "dist_open_space_m": 422.598, "time_open_space_min": 5.282, "reach_open_space_5": false, "reach_open_space_10": true, "reach_open_space_15": true, "count_open_space_10": 2, "groups_within_10": 6, "access_score": 1.0, "access_tier": "high", "mean_BtA5000": 0.33333330352999996, "mismatch_flag": false}, "geometry": {"type": "MultiPolygon", "coordinates": [[[[79.86724937709182, 6.829180975727497], [79.86673073452073, 6.829180975727497], [79.86647141323516, 6.8296269464222235], [79.86673073452073, 6.830072916701202], [79.86724937709182, 6.830072916701202], [79.86750869837736, 6.8296269464222235], [79.86724937709182, 6.829180975727497]]]]}}, {"type": "Feature", "properties": {"hex_id": 104, "is_edge": false, "Hex_area": 8660.254, "Hex_area_full": 8660.254, "area_ratio": 1.0, "completeness_class": "core", "snap_ok": true, "analysis_ok": true, "node_id": 6138.0, "dist_food_m": 0.0, "time_food_min": 0.0, "reach_food_5": true, "reach_food_10": true, "reach_food_15": true, "count_food_10": 1, "dist_education_m": null, "time_education_min": null, "reach_education_5": false, "reach_education_10": false, "reach_education_15": false, "count_education_10": 0, "dist_health_m": null, "time_health_min": null, "reach_health_5": false, "reach_health_10": false, "reach_health_15": false, "count_health_10": 0, "dist_transit_m": null, "time_transit_min": null, "reach_transit_5": false, "reach_transit_10": false, "reach_transit_15": false, "count_transit_10": 0, "dist_finance_m": null, "time_finance_min": null, "reach_finance_5": false, "reach_finance_10": false, "reach_finance_15": false, "count_finance_10": 0, "dist_open_space_m": null, "time_open_space_min": null, "reach_open_space_5": false, "reach_open_space_10": false, "reach_open_space_15": false, "count_open_space_10": 0, "groups_within_10": 1, "access_score": 0.1667, "access_tier": "low", "mean_BtA5000": 59.878075559933336, "mismatch_flag": true}, "geometry": {"type": "MultiPolygon", "coordinates": [[[[79.86802734094847, 6.828735004617051], [79.86750869837736, 6.828735004617051], [79.86724937709182, 6.829180975727497], [79.86750869837736, 6.8296269464222235], [79.86802734094847, 6.8296269464222235], [79.868286662234, 6.829180975727497], [79.86802734094847, 6.828735004617051]]]]}}, {"type": "Feature", "properties": {"hex_id": 105, "is_edge": false, "Hex_area": 8660.254, "Hex_area_full": 8660.254, "area_ratio": 1.0, "completeness_class": "core", "snap_ok": true, "analysis_ok": true, "node_id": 6866.0, "dist_food_m": 71.698, "time_food_min": 0.896, "reach_food_5": true, "reach_food_10": true, "reach_food_15": true, "count_food_10": 43, "dist_education_m": 247.071, "time_education_min": 3.088, "reach_education_5": true, "reach_education_10": true, "reach_education_15": true, "count_education_10": 3, "dist_health_m": 96.083, "time_health_min": 1.201, "reach_health_5": true, "reach_health_10": true, "reach_health_15": true, "count_health_10": 4, "dist_transit_m": 49.165, "time_transit_min": 0.615, "reach_transit_5": true, "reach_transit_10": true, "reach_transit_15": true, "count_transit_10": 10, "dist_finance_m": 191.488, "time_finance_min": 2.394, "reach_finance_5": true, "reach_finance_10": true, "reach_finance_15": true, "count_finance_10": 9, "dist_open_space_m": 417.435, "time_open_space_min": 5.218, "reach_open_space_5": false, "reach_open_space_10": true, "reach_open_space_15": true, "count_open_space_10": 2, "groups_within_10": 6, "access_score": 1.0, "access_tier": "high", "mean_BtA5000": 66.0813836058, "mismatch_flag": false}, "geometry": {"type": "MultiPolygon", "coordinates": [[[[79.86880530480511, 6.829180975727497], [79.868286662234, 6.829180975727497], [79.86802734094847, 6.8296269464222235], [79.868286662234, 6.830072916701202], [79.86880530480511, 6.830072916701202], [79.86906462609065, 6.8296269464222235], [79.86880530480511, 6.829180975727497]]]]}}, {"type": "Feature", "properties": {"hex_id": 106, "is_edge": false, "Hex_area": 8660.254, "Hex_area_full": 8660.254, "area_ratio": 1.0, "completeness_class": "core", "snap_ok": true, "analysis_ok": true, "node_id": 6113.0, "dist_food_m": 217.002, "time_food_min": 2.713, "reach_food_5": true, "reach_food_10": true, "reach_food_15": true, "count_food_10": 35, "dist_education_m": 459.055, "time_education_min": 5.738, "reach_education_5": false, "reach_education_10": true, "reach_education_15": true, "count_education_10": 2, "dist_health_m": 280.538, "time_health_min": 3.507, "reach_health_5": true, "reach_health_10": true, "reach_health_15": true, "count_health_10": 4, "dist_transit_m": 218.722, "time_transit_min": 2.734, "reach_transit_5": true, "reach_transit_10": true, "reach_transit_15": true, "count_transit_10": 8, "dist_finance_m": 283.846, "time_finance_min": 3.548, "reach_finance_5": true, "reach_finance_10": true, "reach_finance_15": true, "count_finance_10": 6, "dist_open_space_m": 283.027, "time_open_space_min": 3.538, "reach_open_space_5": true, "reach_open_space_10": true, "reach_open_space_15": true, "count_open_space_10": 1, "groups_within_10": 6, "access_score": 1.0, "access_tier": "high", "mean_BtA5000": 3.4010418951520003, "mismatch_flag": false}, "geometry": {"type": "MultiPolygon", "coordinates": [[[[79.86958326866176, 6.828735004617051], [79.86906462609065, 6.828735004617051], [79.86880530480511, 6.829180975727497], [79.86906462609065, 6.8296269464222235], [79.86958326866176, 6.8296269464222235], [79.86984258994731, 6.829180975727497], [79.86958326866176, 6.828735004617051]]]]}}, {"type": "Feature", "properties": {"hex_id": 107, "is_edge": false, "Hex_area": 8660.254, "Hex_area_full": 8660.254, "area_ratio": 1.0, "completeness_class": "core", "snap_ok": true, "analysis_ok": true, "node_id": 6867.0, "dist_food_m": 157.384, "time_food_min": 1.967, "reach_food_5": true, "reach_food_10": true, "reach_food_15": true, "count_food_10": 39, "dist_education_m": 350.516, "time_education_min": 4.381, "reach_education_5": true, "reach_education_10": true, "reach_education_15": true, "count_education_10": 3, "dist_health_m": 389.077, "time_health_min": 4.863, "reach_health_5": true, "reach_health_10": true, "reach_health_15": true, "count_health_10": 4, "dist_transit_m": 327.26, "time_transit_min": 4.091, "reach_transit_5": true, "reach_transit_10": true, "reach_transit_15": true, "count_transit_10": 9, "dist_finance_m": 392.385, "time_finance_min": 4.905, "reach_finance_5": true, "reach_finance_10": true, "reach_finance_15": true, "count_finance_10": 7, "dist_open_space_m": 174.488, "time_open_space_min": 2.181, "reach_open_space_5": true, "reach_open_space_10": true, "reach_open_space_15": true, "count_open_space_10": 1, "groups_within_10": 6, "access_score": 1.0, "access_tier": "high", "mean_BtA5000": 4.0285792499749995, "mismatch_flag": false}, "geometry": {"type": "MultiPolygon", "coordinates": [[[[79.87036123251839, 6.829180975727497], [79.86984258994731, 6.829180975727497], [79.86958326866176, 6.8296269464222235], [79.86984258994731, 6.830072916701202], [79.87036123251839, 6.830072916701202], [79.87062055380396, 6.8296269464222235], [79.87036123251839, 6.829180975727497]]]]}}, {"type": "Feature", "properties": {"hex_id": 108, "is_edge": false, "Hex_area": 8660.254, "Hex_area_full": 8660.254, "area_ratio": 1.0, "completeness_class": "core", "snap_ok": true, "analysis_ok": true, "node_id": 6868.0, "dist_food_m": 321.767, "time_food_min": 4.022, "reach_food_5": true, "reach_food_10": true, "reach_food_15": true, "count_food_10": 29, "dist_education_m": 98.12, "time_education_min": 1.227, "reach_education_5": true, "reach_education_10": true, "reach_education_15": true, "count_education_10": 4, "dist_health_m": 551.486, "time_health_min": 6.894, "reach_health_5": false, "reach_health_10": true, "reach_health_15": true, "count_health_10": 2, "dist_transit_m": 489.67, "time_transit_min": 6.121, "reach_transit_5": false, "reach_transit_10": true, "reach_transit_15": true, "count_transit_10": 5, "dist_finance_m": 554.794, "time_finance_min": 6.935, "reach_finance_5": false, "reach_finance_10": true, "reach_finance_15": true, "count_finance_10": 5, "dist_open_space_m": 345.598, "time_open_space_min": 4.32, "reach_open_space_5": true, "reach_open_space_10": true, "reach_open_space_15": true, "count_open_space_10": 1, "groups_within_10": 6, "access_score": 1.0, "access_tier": "high", "mean_BtA5000": 3.58333389461, "mismatch_flag": false}, "geometry": {"type": "MultiPolygon", "coordinates": [[[[79.87113919637505, 6.828735004617051], [79.87062055380396, 6.828735004617051], [79.87036123251839, 6.829180975727497], [79.87062055380396, 6.8296269464222235], [79.87113919637505, 6.8296269464222235], [79.87139851766061, 6.829180975727497], [79.87113919637505, 6.828735004617051]]]]}}, {"type": "Feature", "properties": {"hex_id": 109, "is_edge": false, "Hex_area": 8660.254, "Hex_area_full": 8660.254, "area_ratio": 1.0, "completeness_class": "core", "snap_ok": true, "analysis_ok": true, "node_id": 6869.0, "dist_food_m": 367.753, "time_food_min": 4.597, "reach_food_5": true, "reach_food_10": true, "reach_food_15": true, "count_food_10": 22, "dist_education_m": 13.279, "time_education_min": 0.166, "reach_education_5": true, "reach_education_10": true, "reach_education_15": true, "count_education_10": 4, "dist_health_m": 552.661, "time_health_min": 6.908, "reach_health_5": false, "reach_health_10": true, "reach_health_15": true, "count_health_10": 2, "dist_transit_m": 490.845, "time_transit_min": 6.136, "reach_transit_5": false, "reach_transit_10": true, "reach_transit_15": true, "count_transit_10": 5, "dist_finance_m": 526.254, "time_finance_min": 6.578, "reach_finance_5": false, "reach_finance_10": true, "reach_finance_15": true, "count_finance_10": 5, "dist_open_space_m": 430.439, "time_open_space_min": 5.38, "reach_open_space_5": false, "reach_open_space_10": true, "reach_open_space_15": true, "count_open_space_10": 1, "groups_within_10": 6, "access_score": 1.0, "access_tier": "high", "mean_BtA5000": 11.40381336212, "mismatch_flag": false}, "geometry": {"type": "MultiPolygon", "coordinates": [[[[79.8719171602317, 6.829180975727497], [79.87139851766061, 6.829180975727497], [79.87113919637505, 6.8296269464222235], [79.87139851766061, 6.830072916701202], [79.8719171602317, 6.830072916701202], [79.87217648151724, 6.8296269464222235], [79.8719171602317, 6.829180975727497]]]]}}, {"type": "Feature", "properties": {"hex_id": 110, "is_edge": true, "Hex_area": 8625.0583, "Hex_area_full": 8660.254, "area_ratio": 0.995936, "completeness_class": "core", "snap_ok": true, "analysis_ok": true, "node_id": 2529.0, "dist_food_m": 307.313, "time_food_min": 3.841, "reach_food_5": true, "reach_food_10": true, "reach_food_15": true, "count_food_10": 19, "dist_education_m": 47.161, "time_education_min": 0.59, "reach_education_5": true, "reach_education_10": true, "reach_education_15": true, "count_education_10": 3, "dist_health_m": 613.101, "time_health_min": 7.664, "reach_health_5": false, "reach_health_10": true, "reach_health_15": true, "count_health_10": 1, "dist_transit_m": 551.284, "time_transit_min": 6.891, "reach_transit_5": false, "reach_transit_10": true, "reach_transit_15": true, "count_transit_10": 5, "dist_finance_m": 465.814, "time_finance_min": 5.823, "reach_finance_5": false, "reach_finance_10": true, "reach_finance_15": true, "count_finance_10": 5, "dist_open_space_m": 490.879, "time_open_space_min": 6.136, "reach_open_space_5": false, "reach_open_space_10": true, "reach_open_space_15": true, "count_open_space_10": 1, "groups_within_10": 6, "access_score": 1.0, "access_tier": "high", "mean_BtA5000": 4.2801286280149995, "mismatch_flag": false}, "geometry": {"type": "MultiPolygon", "coordinates": [[[[79.87295444537388, 6.829180975727497], [79.87269512408835, 6.828735004617051], [79.87217648151724, 6.828735004617051], [79.8719171602317, 6.829180975727497], [79.87217648151724, 6.8296269464222235], [79.87264539961316, 6.8296269464222235], [79.87264545692304, 6.829626701552768], [79.87264881130153, 6.829618091981335], [79.87265304620436, 6.829609971590094], [79.87265816163153, 6.829602340379049], [79.87266415758307, 6.8295951983481995], [79.87267103405898, 6.8295885454975425], [79.8726787910592, 6.829582381827085], [79.87268742858382, 6.829576707336822], [79.87269694663273, 6.829571522026753], [79.87270734520601, 6.82956682589688], [79.8727206648839, 6.8295628984787395], [79.8727338585566, 6.82956033241159], [79.87295444537388, 6.829180975727497]]]]}}, {"type": "Feature", "properties": {"hex_id": 111, "is_edge": true, "Hex_area": 2201.4537, "Hex_area_full": 8660.254, "area_ratio": 0.254202, "completeness_class": "sliver", "snap_ok": true, "analysis_ok": false, "node_id": 6870.0, "dist_food_m": 306.262, "time_food_min": 3.828, "reach_food_5": true, "reach_food_10": true, "reach_food_15": true, "count_food_10": 13, "dist_education_m": 454.148, "time_education_min": 5.677, "reach_education_5": false, "reach_education_10": true, "reach_education_15": true, "count_education_10": 3, "dist_health_m": 760.493, "time_health_min": 9.506, "reach_health_5": false, "reach_health_10": true, "reach_health_15": true, "count_health_10": 1, "dist_transit_m": 698.677, "time_transit_min": 8.733, "reach_transit_5": false, "reach_transit_10": true, "reach_transit_15": true, "count_transit_10": 1, "dist_finance_m": 436.522, "time_finance_min": 5.457, "reach_finance_5": false, "reach_finance_10": true, "reach_finance_15": true, "count_finance_10": 3, "dist_open_space_m": 605.441, "time_open_space_min": 7.568, "reach_open_space_5": false, "reach_open_space_10": true, "reach_open_space_15": true, "count_open_space_10": 1, "groups_within_10": 6, "access_score": 1.0, "access_tier": "excluded", "mean_BtA5000": 0.33333328366, "mismatch_flag": false}, "geometry": {"type": "MultiPolygon", "coordinates": [[[[79.87295444537388, 6.829180975727497], [79.8727338585566, 6.82956033241159], [79.87273690566639, 6.829559739772336], [79.87275606755345, 6.829557349777669], [79.8727781505451, 6.829555728494736], [79.87280315464137, 6.829554875923537], [79.87283107984224, 6.829554792064075], [79.87286192614769, 6.82955547691635], [79.87289569355775, 6.829556930480358], [79.87292852453713, 6.829558230302021], [79.87296041908584, 6.829559376381335], [79.87299137720392, 6.829560368718303], [79.87301891106038, 6.829563806956016], [79.87304809415318, 6.829565036894795], [79.87307593549457, 6.829566714084035], [79.87310120514577, 6.829569397586819], [79.87312535667084, 6.829569844837285], [79.87315621695285, 6.829572528340068], [79.87318260473026, 6.829571633839141], [79.87320206012545, 6.829569397586819], [79.87321435951323, 6.829565484145258], [79.87322120104793, 6.8295637650265135], [79.87322957301757, 6.829562227603044], [79.87323493303457, 6.829557210011669], [79.87323649841119, 6.829554079258421], [79.87323737893577, 6.829551738182003], [79.87323992267278, 6.829548845030561], [79.87324253629268, 6.8295455675232555], [79.87324521979549, 6.82954190566008], [79.87324797318114, 6.829537859441037], [79.8732507964497, 6.829533428866125], [79.87325368960114, 6.829528613935348], [79.87325665263545, 6.829523414648702], [79.87325946891573, 6.829518173432324], [79.87326213844192, 6.829512890286218], [79.8732646612141, 6.829507565210377], [79.87326703723218, 6.829502198204808], [79.87326926649621, 6.829496789269506], [79.87327134900619, 6.829491338404475], [79.8732732847621, 6.829485845609712], [79.87327507376396, 6.829480310885218], [79.87327689770726, 6.829474685312973], [79.873278756592, 6.829468968892978], [79.87328065041821, 6.829463161625232], [79.87328257918581, 6.829457263509736], [79.87328454289488, 6.82945127454649], [79.87328654154538, 6.82944519473549], [79.87328857513735, 6.829439024076745], [79.87329064367074, 6.829432762570246], [79.87329507424565, 6.829418101140966], [79.87330186686206, 6.829395039788908], [79.87331102152, 6.829363578514068], [79.87332253821945, 6.829323717316448], [79.87333641696043, 6.829275456196047], [79.8733526577429, 6.82921879515287], [79.8733634714178, 6.829180975727497], [79.87295444537388, 6.829180975727497]]]]}}, {"type": "Feature", "properties": {"hex_id": 112, "is_edge": true, "Hex_area": 7328.4469, "Hex_area_full": 8660.254, "area_ratio": 0.846216, "completeness_class": "partial", "snap_ok": false, "analysis_ok": false, "node_id": null, "dist_food_m": null, "time_food_min": null, "reach_food_5": false, "reach_food_10": false, "reach_food_15": false, "count_food_10": 0, "dist_education_m": null, "time_education_min": null, "reach_education_5": false, "reach_education_10": false, "reach_education_15": false, "count_education_10": 0, "dist_health_m": null, "time_health_min": null, "reach_health_5": false, "reach_health_10": false, "reach_health_15": false, "count_health_10": 0, "dist_transit_m": null, "time_transit_min": null, "reach_transit_5": false, "reach_transit_10": false, "reach_transit_15": false, "count_transit_10": 0, "dist_finance_m": null, "time_finance_min": null, "reach_finance_5": false, "reach_finance_10": false, "reach_finance_15": false, "count_finance_10": 0, "dist_open_space_m": null, "time_open_space_min": null, "reach_open_space_5": false, "reach_open_space_10": false, "reach_open_space_15": false, "count_open_space_10": 0, "groups_within_10": 0, "access_score": null, "access_tier": "excluded", "mean_BtA5000": null, "mismatch_flag": false}, "geometry": {"type": "MultiPolygon", "coordinates": [[[[79.86206295138084, 6.830964856011822], [79.86258159395194, 6.830964856011822], [79.86284091523748, 6.830518886564413], [79.86258159395194, 6.830072916701202], [79.86218973987575, 6.830072916701202], [79.862180075593, 6.830100954763703], [79.86215715400672, 6.8301662533314715], [79.86213451195196, 6.83022953927215], [79.86211214942875, 6.830290812585744], [79.86208973099923, 6.830352812681339], [79.8620672566634, 6.83041553955894], [79.86204472642129, 6.830478993218543], [79.86202214027283, 6.830543173660151], [79.86199949821808, 6.8306080808837635], [79.86197680025704, 6.83067371488938], [79.86195404638968, 6.830740075677002], [79.86194600286542, 6.830763733102336], [79.86206295138084, 6.830964856011822]]]]}}, {"type": "Feature", "properties": {"hex_id": 113, "is_edge": false, "Hex_area": 8660.254, "Hex_area_full": 8660.254, "area_ratio": 1.0, "completeness_class": "core", "snap_ok": true, "analysis_ok": true, "node_id": 6871.0, "dist_food_m": 134.146, "time_food_min": 1.677, "reach_food_5": true, "reach_food_10": true, "reach_food_15": true, "count_food_10": 37, "dist_education_m": 449.896, "time_education_min": 5.624, "reach_education_5": false, "reach_education_10": true, "reach_education_15": true, "count_education_10": 3, "dist_health_m": 295.782, "time_health_min": 3.697, "reach_health_5": true, "reach_health_10": true, "reach_health_15": true, "count_health_10": 4, "dist_transit_m": 530.184, "time_transit_min": 6.627, "reach_transit_5": false, "reach_transit_10": true, "reach_transit_15": true, "count_transit_10": 6, "dist_finance_m": 476.744, "time_finance_min": 5.959, "reach_finance_5": false, "reach_finance_10": true, "reach_finance_15": true, "count_finance_10": 4, "dist_open_space_m": 388.407, "time_open_space_min": 4.855, "reach_open_space_5": true, "reach_open_space_10": true, "reach_open_space_15": true, "count_open_space_10": 3, "groups_within_10": 6, "access_score": 1.0, "access_tier": "high", "mean_BtA5000": null, "mismatch_flag": false}, "geometry": {"type": "MultiPolygon", "coordinates": [[[[79.8633595578086, 6.8296269464222235], [79.86284091523748, 6.8296269464222235], [79.86258159395194, 6.830072916701202], [79.86284091523748, 6.830518886564413], [79.8633595578086, 6.830518886564413], [79.86361887909413, 6.830072916701202], [79.8633595578086, 6.8296269464222235]]]]}}, {"type": "Feature", "properties": {"hex_id": 114, "is_edge": false, "Hex_area": 8660.254, "Hex_area_full": 8660.254, "area_ratio": 1.0, "completeness_class": "core", "snap_ok": true, "analysis_ok": true, "node_id": 6872.0, "dist_food_m": 212.492, "time_food_min": 2.656, "reach_food_5": true, "reach_food_10": true, "reach_food_15": true, "count_food_10": 38, "dist_education_m": 417.746, "time_education_min": 5.222, "reach_education_5": false, "reach_education_10": true, "reach_education_15": true, "count_education_10": 3, "dist_health_m": 217.436, "time_health_min": 2.718, "reach_health_5": true, "reach_health_10": true, "reach_health_15": true, "count_health_10": 4, "dist_transit_m": 451.838, "time_transit_min": 5.648, "reach_transit_5": false, "reach_transit_10": true, "reach_transit_15": true, "count_transit_10": 6, "dist_finance_m": 447.423, "time_finance_min": 5.593, "reach_finance_5": false, "reach_finance_10": true, "reach_finance_15": true, "count_finance_10": 5, "dist_open_space_m": 359.086, "time_open_space_min": 4.489, "reach_open_space_5": true, "reach_open_space_10": true, "reach_open_space_15": true, "count_open_space_10": 4, "groups_within_10": 6, "access_score": 1.0, "access_tier": "high", "mean_BtA5000": 0.33333335817, "mismatch_flag": false}, "geometry": {"type": "MultiPolygon", "coordinates": [[[[79.86413752166523, 6.830072916701202], [79.86361887909413, 6.830072916701202], [79.8633595578086, 6.830518886564413], [79.86361887909413, 6.830964856011822], [79.86413752166523, 6.830964856011822], [79.86439684295078, 6.830518886564413], [79.86413752166523, 6.830072916701202]]]]}}, {"type": "Feature", "properties": {"hex_id": 115, "is_edge": false, "Hex_area": 8660.254, "Hex_area_full": 8660.254, "area_ratio": 1.0, "completeness_class": "core", "snap_ok": true, "analysis_ok": true, "node_id": 1225.0, "dist_food_m": 316.765, "time_food_min": 3.96, "reach_food_5": true, "reach_food_10": true, "reach_food_15": true, "count_food_10": 38, "dist_education_m": 313.473, "time_education_min": 3.918, "reach_education_5": true, "reach_education_10": true, "reach_education_15": true, "count_education_10": 3, "dist_health_m": 113.163, "time_health_min": 1.415, "reach_health_5": true, "reach_health_10": true, "reach_health_15": true, "count_health_10": 4, "dist_transit_m": 347.565, "time_transit_min": 4.345, "reach_transit_5": true, "reach_transit_10": true, "reach_transit_15": true, "count_transit_10": 7, "dist_finance_m": 418.225, "time_finance_min": 5.228, "reach_finance_5": false, "reach_finance_10": true, "reach_finance_15": true, "count_finance_10": 6, "dist_open_space_m": 453.621, "time_open_space_min": 5.67, "reach_open_space_5": false, "reach_open_space_10": true, "reach_open_space_15": true, "count_open_space_10": 4, "groups_within_10": 6, "access_score": 1.0, "access_tier": "high", "mean_BtA5000": 0.33333334327, "mismatch_flag": false}, "geometry": {"type": "MultiPolygon", "coordinates": [[[[79.86491548552188, 6.8296269464222235], [79.86439684295078, 6.8296269464222235], [79.86413752166523, 6.830072916701202], [79.86439684295078, 6.830518886564413], [79.86491548552188, 6.830518886564413], [79.8651748068074, 6.830072916701202], [79.86491548552188, 6.8296269464222235]]]]}}, {"type": "Feature", "properties": {"hex_id": 116, "is_edge": false, "Hex_area": 8660.254, "Hex_area_full": 8660.254, "area_ratio": 1.0, "completeness_class": "core", "snap_ok": true, "analysis_ok": true, "node_id": 4251.0, "dist_food_m": 323.97, "time_food_min": 4.05, "reach_food_5": true, "reach_food_10": true, "reach_food_15": true, "count_food_10": 40, "dist_education_m": 227.868, "time_education_min": 2.848, "reach_education_5": true, "reach_education_10": true, "reach_education_15": true, "count_education_10": 2, "dist_health_m": 153.051, "time_health_min": 1.913, "reach_health_5": true, "reach_health_10": true, "reach_health_15": true, "count_health_10": 4, "dist_transit_m": 261.96, "time_transit_min": 3.274, "reach_transit_5": true, "reach_transit_10": true, "reach_transit_15": true, "count_transit_10": 8, "dist_finance_m": 332.62, "time_finance_min": 4.158, "reach_finance_5": true, "reach_finance_10": true, "reach_finance_15": true, "count_finance_10": 7, "dist_open_space_m": 558.567, "time_open_space_min": 6.982, "reach_open_space_5": false, "reach_open_space_10": true, "reach_open_space_15": true, "count_open_space_10": 3, "groups_within_10": 6, "access_score": 1.0, "access_tier": "high", "mean_BtA5000": 0.30777257681000003, "mismatch_flag": false}, "geometry": {"type": "MultiPolygon", "coordinates": [[[[79.86569344937851, 6.830072916701202], [79.8651748068074, 6.830072916701202], [79.86491548552188, 6.830518886564413], [79.8651748068074, 6.830964856011822], [79.86569344937851, 6.830964856011822], [79.86595277066408, 6.830518886564413], [79.86569344937851, 6.830072916701202]]]]}}, {"type": "Feature", "properties": {"hex_id": 117, "is_edge": false, "Hex_area": 8660.254, "Hex_area_full": 8660.254, "area_ratio": 1.0, "completeness_class": "core", "snap_ok": true, "analysis_ok": true, "node_id": 6873.0, "dist_food_m": 277.245, "time_food_min": 3.466, "reach_food_5": true, "reach_food_10": true, "reach_food_15": true, "count_food_10": 45, "dist_education_m": 181.143, "time_education_min": 2.264, "reach_education_5": true, "reach_education_10": true, "reach_education_15": true, "count_education_10": 3, "dist_health_m": 69.069, "time_health_min": 0.863, "reach_health_5": true, "reach_health_10": true, "reach_health_15": true, "count_health_10": 4, "dist_transit_m": 215.235, "time_transit_min": 2.69, "reach_transit_5": true, "reach_transit_10": true, "reach_transit_15": true, "count_transit_10": 9, "dist_finance_m": 285.894, "time_finance_min": 3.574, "reach_finance_5": true, "reach_finance_10": true, "reach_finance_15": true, "count_finance_10": 8, "dist_open_space_m": 511.841, "time_open_space_min": 6.398, "reach_open_space_5": false, "reach_open_space_10": true, "reach_open_space_15": true, "count_open_space_10": 3, "groups_within_10": 6, "access_score": 1.0, "access_tier": "high", "mean_BtA5000": 0.3333333283675, "mismatch_flag": false}, "geometry": {"type": "MultiPolygon", "coordinates": [[[[79.86647141323516, 6.8296269464222235], [79.86595277066408, 6.8296269464222235], [79.86569344937851, 6.830072916701202], [79.86595277066408, 6.830518886564413], [79.86647141323516, 6.830518886564413], [79.86673073452073, 6.830072916701202], [79.86647141323516, 6.8296269464222235]]]]}}, {"type": "Feature", "properties": {"hex_id": 118, "is_edge": false, "Hex_area": 8660.254, "Hex_area_full": 8660.254, "area_ratio": 1.0, "completeness_class": "core", "snap_ok": true, "analysis_ok": true, "node_id": 6874.0, "dist_food_m": 165.453, "time_food_min": 2.068, "reach_food_5": true, "reach_food_10": true, "reach_food_15": true, "count_food_10": 50, "dist_education_m": 69.351, "time_education_min": 0.867, "reach_education_5": true, "reach_education_10": true, "reach_education_15": true, "count_education_10": 3, "dist_health_m": 175.018, "time_health_min": 2.188, "reach_health_5": true, "reach_health_10": true, "reach_health_15": true, "count_health_10": 4, "dist_transit_m": 103.443, "time_transit_min": 1.293, "reach_transit_5": true, "reach_transit_10": true, "reach_transit_15": true, "count_transit_10": 10, "dist_finance_m": 174.102, "time_finance_min": 2.176, "reach_finance_5": true, "reach_finance_10": true, "reach_finance_15": true, "count_finance_10": 9, "dist_open_space_m": 400.049, "time_open_space_min": 5.001, "reach_open_space_5": false, "reach_open_space_10": true, "reach_open_space_15": true, "count_open_space_10": 3, "groups_within_10": 6, "access_score": 1.0, "access_tier": "high", "mean_BtA5000": 0.333333313465, "mismatch_flag": false}, "geometry": {"type": "MultiPolygon", "coordinates": [[[[79.86724937709182, 6.830072916701202], [79.86673073452073, 6.830072916701202], [79.86647141323516, 6.830518886564413], [79.86673073452073, 6.830964856011822], [79.86724937709182, 6.830964856011822], [79.86750869837736, 6.830518886564413], [79.86724937709182, 6.830072916701202]]]]}}, {"type": "Feature", "properties": {"hex_id": 119, "is_edge": false, "Hex_area": 8660.254, "Hex_area_full": 8660.254, "area_ratio": 1.0, "completeness_class": "core", "snap_ok": true, "analysis_ok": true, "node_id": 6875.0, "dist_food_m": 56.304, "time_food_min": 0.704, "reach_food_5": true, "reach_food_10": true, "reach_food_15": true, "count_food_10": 50, "dist_education_m": 131.67, "time_education_min": 1.646, "reach_education_5": true, "reach_education_10": true, "reach_education_15": true, "count_education_10": 3, "dist_health_m": 226.029, "time_health_min": 2.825, "reach_health_5": true, "reach_health_10": true, "reach_health_15": true, "count_health_10": 4, "dist_transit_m": 97.578, "time_transit_min": 1.22, "reach_transit_5": true, "reach_transit_10": true, "reach_transit_15": true, "count_transit_10": 10, "dist_finance_m": 93.396, "time_finance_min": 1.167, "reach_finance_5": true, "reach_finance_10": true, "reach_finance_15": true, "count_finance_10": 10, "dist_open_space_m": 319.343, "time_open_space_min": 3.992, "reach_open_space_5": true, "reach_open_space_10": true, "reach_open_space_15": true, "count_open_space_10": 2, "groups_within_10": 6, "access_score": 1.0, "access_tier": "high", "mean_BtA5000": 66.081383595865, "mismatch_flag": false}, "geometry": {"type": "MultiPolygon", "coordinates": [[[[79.86802734094847, 6.8296269464222235], [79.86750869837736, 6.8296269464222235], [79.86724937709182, 6.830072916701202], [79.86750869837736, 6.830518886564413], [79.86802734094847, 6.830518886564413], [79.868286662234, 6.830072916701202], [79.86802734094847, 6.8296269464222235]]]]}}, {"type": "Feature", "properties": {"hex_id": 120, "is_edge": false, "Hex_area": 8660.254, "Hex_area_full": 8660.254, "area_ratio": 1.0, "completeness_class": "core", "snap_ok": true, "analysis_ok": true, "node_id": 6876.0, "dist_food_m": 27.108, "time_food_min": 0.339, "reach_food_5": true, "reach_food_10": true, "reach_food_15": true, "count_food_10": 49, "dist_education_m": 154.93, "time_education_min": 1.937, "reach_education_5": true, "reach_education_10": true, "reach_education_15": true, "count_education_10": 3, "dist_health_m": 231.966, "time_health_min": 2.9, "reach_health_5": true, "reach_health_10": true, "reach_health_15": true, "count_health_10": 4, "dist_transit_m": 120.838, "time_transit_min": 1.51, "reach_transit_5": true, "reach_transit_10": true, "reach_transit_15": true, "count_transit_10": 10, "dist_finance_m": 99.333, "time_finance_min": 1.242, "reach_finance_5": true, "reach_finance_10": true, "reach_finance_15": true, "count_finance_10": 10, "dist_open_space_m": 175.768, "time_open_space_min": 2.197, "reach_open_space_5": true, "reach_open_space_10": true, "reach_open_space_15": true, "count_open_space_10": 2, "groups_within_10": 6, "access_score": 1.0, "access_tier": "high", "mean_BtA5000": 0.33333334327, "mismatch_flag": false}, "geometry": {"type": "MultiPolygon", "coordinates": [[[[79.86880530480511, 6.830072916701202], [79.868286662234, 6.830072916701202], [79.86802734094847, 6.830518886564413], [79.868286662234, 6.830964856011822], [79.86880530480511, 6.830964856011822], [79.86906462609065, 6.830518886564413], [79.86880530480511, 6.830072916701202]]]]}}, {"type": "Feature", "properties": {"hex_id": 121, "is_edge": false, "Hex_area": 8660.254, "Hex_area_full": 8660.254, "area_ratio": 1.0, "completeness_class": "core", "snap_ok": true, "analysis_ok": true, "node_id": 5671.0, "dist_food_m": 159.337, "time_food_min": 1.992, "reach_food_5": true, "reach_food_10": true, "reach_food_15": true, "count_food_10": 39, "dist_education_m": 334.71, "time_education_min": 4.184, "reach_education_5": true, "reach_education_10": true, "reach_education_15": true, "count_education_10": 3, "dist_health_m": 183.722, "time_health_min": 2.297, "reach_health_5": true, "reach_health_10": true, "reach_health_15": true, "count_health_10": 4, "dist_transit_m": 136.804, "time_transit_min": 1.71, "reach_transit_5": true, "reach_transit_10": true, "reach_transit_15": true, "count_transit_10": 10, "dist_finance_m": 279.127, "time_finance_min": 3.489, "reach_finance_5": true, "reach_finance_10": true, "reach_finance_15": true, "count_finance_10": 6, "dist_open_space_m": 505.074, "time_open_space_min": 6.313, "reach_open_space_5": false, "reach_open_space_10": true, "reach_open_space_15": true, "count_open_space_10": 1, "groups_within_10": 6, "access_score": 1.0, "access_tier": "high", "mean_BtA5000": 0.33333332837, "mismatch_flag": false}, "geometry": {"type": "MultiPolygon", "coordinates": [[[[79.86958326866176, 6.8296269464222235], [79.86906462609065, 6.8296269464222235], [79.86880530480511, 6.830072916701202], [79.86906462609065, 6.830518886564413], [79.86958326866176, 6.830518886564413], [79.86984258994731, 6.830072916701202], [79.86958326866176, 6.8296269464222235]]]]}}, {"type": "Feature", "properties": {"hex_id": 122, "is_edge": false, "Hex_area": 8660.254, "Hex_area_full": 8660.254, "area_ratio": 1.0, "completeness_class": "core", "snap_ok": true, "analysis_ok": true, "node_id": 6877.0, "dist_food_m": 75.575, "time_food_min": 0.945, "reach_food_5": true, "reach_food_10": true, "reach_food_15": true, "count_food_10": 40, "dist_education_m": 351.039, "time_education_min": 4.388, "reach_education_5": true, "reach_education_10": true, "reach_education_15": true, "count_education_10": 3, "dist_health_m": 447.285, "time_health_min": 5.591, "reach_health_5": false, "reach_health_10": true, "reach_health_15": true, "count_health_10": 4, "dist_transit_m": 336.157, "time_transit_min": 4.202, "reach_transit_5": true, "reach_transit_10": true, "reach_transit_15": true, "count_transit_10": 9, "dist_finance_m": 314.652, "time_finance_min": 3.933, "reach_finance_5": true, "reach_finance_10": true, "reach_finance_15": true, "count_finance_10": 8, "dist_open_space_m": 92.68, "time_open_space_min": 1.158, "reach_open_space_5": true, "reach_open_space_10": true, "reach_open_space_15": true, "count_open_space_10": 1, "groups_within_10": 6, "access_score": 1.0, "access_tier": "high", "mean_BtA5000": 2.68175765872, "mismatch_flag": false}, "geometry": {"type": "MultiPolygon", "coordinates": [[[[79.87036123251839, 6.830072916701202], [79.86984258994731, 6.830072916701202], [79.86958326866176, 6.830518886564413], [79.86984258994731, 6.830964856011822], [79.87036123251839, 6.830964856011822], [79.87062055380396, 6.830518886564413], [79.87036123251839, 6.830072916701202]]]]}}, {"type": "Feature", "properties": {"hex_id": 123, "is_edge": false, "Hex_area": 8660.254, "Hex_area_full": 8660.254, "area_ratio": 1.0, "completeness_class": "core", "snap_ok": true, "analysis_ok": true, "node_id": 6878.0, "dist_food_m": 68.177, "time_food_min": 0.852, "reach_food_5": true, "reach_food_10": true, "reach_food_15": true, "count_food_10": 36, "dist_education_m": 351.709, "time_education_min": 4.396, "reach_education_5": true, "reach_education_10": true, "reach_education_15": true, "count_education_10": 2, "dist_health_m": 520.42, "time_health_min": 6.505, "reach_health_5": false, "reach_health_10": true, "reach_health_15": true, "count_health_10": 4, "dist_transit_m": 458.604, "time_transit_min": 5.733, "reach_transit_5": false, "reach_transit_10": true, "reach_transit_15": true, "count_transit_10": 9, "dist_finance_m": 446.519, "time_finance_min": 5.581, "reach_finance_5": false, "reach_finance_10": true, "reach_finance_15": true, "count_finance_10": 6, "dist_open_space_m": 224.546, "time_open_space_min": 2.807, "reach_open_space_5": true, "reach_open_space_10": true, "reach_open_space_15": true, "count_open_space_10": 1, "groups_within_10": 6, "access_score": 1.0, "access_tier": "high", "mean_BtA5000": 0.33333334327, "mismatch_flag": false}, "geometry": {"type": "MultiPolygon", "coordinates": [[[[79.87113919637505, 6.8296269464222235], [79.87062055380396, 6.8296269464222235], [79.87036123251839, 6.830072916701202], [79.87062055380396, 6.830518886564413], [79.87113919637505, 6.830518886564413], [79.87139851766061, 6.830072916701202], [79.87113919637505, 6.8296269464222235]]]]}}, {"type": "Feature", "properties": {"hex_id": 124, "is_edge": false, "Hex_area": 8660.254, "Hex_area_full": 8660.254, "area_ratio": 1.0, "completeness_class": "core", "snap_ok": true, "analysis_ok": true, "node_id": 1918.0, "dist_food_m": 133.427, "time_food_min": 1.668, "reach_food_5": true, "reach_food_10": true, "reach_food_15": true, "count_food_10": 32, "dist_education_m": 487.9, "time_education_min": 6.099, "reach_education_5": false, "reach_education_10": true, "reach_education_15": true, "count_education_10": 2, "dist_health_m": 665.961, "time_health_min": 8.325, "reach_health_5": false, "reach_health_10": true, "reach_health_15": true, "count_health_10": 4, "dist_transit_m": 554.833, "time_transit_min": 6.935, "reach_transit_5": false, "reach_transit_10": true, "reach_transit_15": true, "count_transit_10": 6, "dist_finance_m": 374.068, "time_finance_min": 4.676, "reach_finance_5": true, "reach_finance_10": true, "reach_finance_15": true, "count_finance_10": 5, "dist_open_space_m": 258.226, "time_open_space_min": 3.228, "reach_open_space_5": true, "reach_open_space_10": true, "reach_open_space_15": true, "count_open_space_10": 1, "groups_within_10": 6, "access_score": 1.0, "access_tier": "high", "mean_BtA5000": 1.9055670698499998, "mismatch_flag": false}, "geometry": {"type": "MultiPolygon", "coordinates": [[[[79.8719171602317, 6.830072916701202], [79.87139851766061, 6.830072916701202], [79.87113919637505, 6.830518886564413], [79.87139851766061, 6.830964856011822], [79.8719171602317, 6.830964856011822], [79.87217648151724, 6.830518886564413], [79.8719171602317, 6.830072916701202]]]]}}, {"type": "Feature", "properties": {"hex_id": 125, "is_edge": true, "Hex_area": 6337.3435, "Hex_area_full": 8660.254, "area_ratio": 0.731773, "completeness_class": "partial", "snap_ok": true, "analysis_ok": false, "node_id": 2525.0, "dist_food_m": 244.984, "time_food_min": 3.062, "reach_food_5": true, "reach_food_10": true, "reach_food_15": true, "count_food_10": 20, "dist_education_m": 109.489, "time_education_min": 1.369, "reach_education_5": true, "reach_education_10": true, "reach_education_15": true, "count_education_10": 2, "dist_health_m": 675.429, "time_health_min": 8.443, "reach_health_5": false, "reach_health_10": true, "reach_health_15": true, "count_health_10": 1, "dist_transit_m": 613.613, "time_transit_min": 7.67, "reach_transit_5": false, "reach_transit_10": true, "reach_transit_15": true, "count_transit_10": 4, "dist_finance_m": 403.486, "time_finance_min": 5.044, "reach_finance_5": false, "reach_finance_10": true, "reach_finance_15": true, "count_finance_10": 4, "dist_open_space_m": 451.819, "time_open_space_min": 5.648, "reach_open_space_5": false, "reach_open_space_10": true, "reach_open_space_15": true, "count_open_space_10": 1, "groups_within_10": 6, "access_score": 1.0, "access_tier": "excluded", "mean_BtA5000": 2.691683903335, "mismatch_flag": false}, "geometry": {"type": "MultiPolygon", "coordinates": [[[[79.87217648151724, 6.8296269464222235], [79.8719171602317, 6.830072916701202], [79.87217648151724, 6.830518886564413], [79.87260880084565, 6.830518886564413], [79.8726071331489, 6.830498951770521], [79.87260524631101, 6.830471949023746], [79.87260387660646, 6.83044667937252], [79.87260302403526, 6.8304231428168425], [79.87260268859742, 6.8304013393567145], [79.87260260473798, 6.830378082332577], [79.8726027724569, 6.830353371744432], [79.87260319175421, 6.830327207592278], [79.8726038626299, 6.830299589876114], [79.872604785084, 6.830270518595944], [79.87260595911646, 6.830239993751765], [79.8726073847273, 6.830208015343577], [79.87260906191656, 6.83017458337138], [79.87261082296526, 6.83013906888921], [79.87261266787341, 6.8301014718970645], [79.87261459664104, 6.830061792394947], [79.87261660926814, 6.830020030382855], [79.87261870575468, 6.829976185860787], [79.87262088610069, 6.829930258828748], [79.87262315030614, 6.829882249286735], [79.87262549837111, 6.829832157234747], [79.87262797222523, 6.8297872504928305], [79.87263057186854, 6.82974752906098], [79.87263329730105, 6.8297129929392], [79.87263614852277, 6.829683642127489], [79.87263912553364, 6.829659476625848], [79.87264222833376, 6.829640496434272], [79.87264539961316, 6.8296269464222235], [79.87217648151724, 6.8296269464222235]]]]}}, {"type": "Feature", "properties": {"hex_id": 126, "is_edge": true, "Hex_area": 804.8831, "Hex_area_full": 8660.254, "area_ratio": 0.09294, "completeness_class": "sliver", "snap_ok": false, "analysis_ok": false, "node_id": null, "dist_food_m": null, "time_food_min": null, "reach_food_5": false, "reach_food_10": false, "reach_food_15": false, "count_food_10": 0, "dist_education_m": null, "time_education_min": null, "reach_education_5": false, "reach_education_10": false, "reach_education_15": false, "count_education_10": 0, "dist_health_m": null, "time_health_min": null, "reach_health_5": false, "reach_health_10": false, "reach_health_15": false, "count_health_10": 0, "dist_transit_m": null, "time_transit_min": null, "reach_transit_5": false, "reach_transit_10": false, "reach_transit_15": false, "count_transit_10": 0, "dist_finance_m": null, "time_finance_min": null, "reach_finance_5": false, "reach_finance_10": false, "reach_finance_15": false, "count_finance_10": 0, "dist_open_space_m": null, "time_open_space_min": null, "reach_open_space_5": false, "reach_open_space_10": false, "reach_open_space_15": false, "count_open_space_10": 0, "groups_within_10": 0, "access_score": null, "access_tier": "excluded", "mean_BtA5000": null, "mismatch_flag": false}, "geometry": {"type": "MultiPolygon", "coordinates": [[[[79.86180363009527, 6.831410825043406], [79.86206295138084, 6.830964856011822], [79.86194600286542, 6.830763733102336], [79.86193123661597, 6.830807163246626], [79.86190792368554, 6.830882636762454], [79.86188410759833, 6.830966496224487], [79.86185978835434, 6.831058741632722], [79.86183496595358, 6.83115937298716], [79.86180964039602, 6.831268390287803], [79.86178381168173, 6.831385793534648], [79.86177857175312, 6.831410825043406], [79.86180363009527, 6.831410825043406]]]]}}, {"type": "Feature", "properties": {"hex_id": 127, "is_edge": false, "Hex_area": 8660.254, "Hex_area_full": 8660.254, "area_ratio": 1.0, "completeness_class": "core", "snap_ok": true, "analysis_ok": true, "node_id": 70.0, "dist_food_m": 251.281, "time_food_min": 3.141, "reach_food_5": true, "reach_food_10": true, "reach_food_15": true, "count_food_10": 31, "dist_education_m": 422.535, "time_education_min": 5.282, "reach_education_5": false, "reach_education_10": true, "reach_education_15": true, "count_education_10": 3, "dist_health_m": 509.56, "time_health_min": 6.37, "reach_health_5": false, "reach_health_10": true, "reach_health_15": true, "count_health_10": 3, "dist_transit_m": 579.073, "time_transit_min": 7.238, "reach_transit_5": false, "reach_transit_10": true, "reach_transit_15": true, "count_transit_10": 5, "dist_finance_m": 402.962, "time_finance_min": 5.037, "reach_finance_5": false, "reach_finance_10": true, "reach_finance_15": true, "count_finance_10": 4, "dist_open_space_m": 66.961, "time_open_space_min": 0.837, "reach_open_space_5": true, "reach_open_space_10": true, "reach_open_space_15": true, "count_open_space_10": 3, "groups_within_10": 6, "access_score": 1.0, "access_tier": "high", "mean_BtA5000": 0.33333334327, "mismatch_flag": false}, "geometry": {"type": "MultiPolygon", "coordinates": [[[[79.86258159395194, 6.830964856011822], [79.86206295138084, 6.830964856011822], [79.86180363009527, 6.831410825043406], [79.86206295138084, 6.831856793659137], [79.86258159395194, 6.831856793659137], [79.86284091523748, 6.831410825043406], [79.86258159395194, 6.830964856011822]]]]}}, {"type": "Feature", "properties": {"hex_id": 128, "is_edge": false, "Hex_area": 8660.254, "Hex_area_full": 8660.254, "area_ratio": 1.0, "completeness_class": "core", "snap_ok": true, "analysis_ok": true, "node_id": 67.0, "dist_food_m": 293.661, "time_food_min": 3.671, "reach_food_5": true, "reach_food_10": true, "reach_food_15": true, "count_food_10": 31, "dist_education_m": 380.155, "time_education_min": 4.752, "reach_education_5": true, "reach_education_10": true, "reach_education_15": true, "count_education_10": 3, "dist_health_m": 467.18, "time_health_min": 5.84, "reach_health_5": false, "reach_health_10": true, "reach_health_15": true, "count_health_10": 3, "dist_transit_m": 536.693, "time_transit_min": 6.709, "reach_transit_5": false, "reach_transit_10": true, "reach_transit_15": true, "count_transit_10": 6, "dist_finance_m": 407.003, "time_finance_min": 5.088, "reach_finance_5": false, "reach_finance_10": true, "reach_finance_15": true, "count_finance_10": 5, "dist_open_space_m": 109.341, "time_open_space_min": 1.367, "reach_open_space_5": true, "reach_open_space_10": true, "reach_open_space_15": true, "count_open_space_10": 3, "groups_within_10": 6, "access_score": 1.0, "access_tier": "high", "mean_BtA5000": 8.73957920074, "mismatch_flag": false}, "geometry": {"type": "MultiPolygon", "coordinates": [[[[79.8633595578086, 6.830518886564413], [79.86284091523748, 6.830518886564413], [79.86258159395194, 6.830964856011822], [79.86284091523748, 6.831410825043406], [79.8633595578086, 6.831410825043406], [79.86361887909413, 6.830964856011822], [79.8633595578086, 6.830518886564413]]]]}}, {"type": "Feature", "properties": {"hex_id": 129, "is_edge": false, "Hex_area": 8660.254, "Hex_area_full": 8660.254, "area_ratio": 1.0, "completeness_class": "core", "snap_ok": true, "analysis_ok": true, "node_id": 6879.0, "dist_food_m": 285.595, "time_food_min": 3.57, "reach_food_5": true, "reach_food_10": true, "reach_food_15": true, "count_food_10": 41, "dist_education_m": 258.747, "time_education_min": 3.234, "reach_education_5": true, "reach_education_10": true, "reach_education_15": true, "count_education_10": 4, "dist_health_m": 376.038, "time_health_min": 4.7, "reach_health_5": true, "reach_health_10": true, "reach_health_15": true, "count_health_10": 4, "dist_transit_m": 415.286, "time_transit_min": 5.191, "reach_transit_5": false, "reach_transit_10": true, "reach_transit_15": true, "count_transit_10": 7, "dist_finance_m": 285.595, "time_finance_min": 3.57, "reach_finance_5": true, "reach_finance_10": true, "reach_finance_15": true, "count_finance_10": 7, "dist_open_space_m": 225.995, "time_open_space_min": 2.825, "reach_open_space_5": true, "reach_open_space_10": true, "reach_open_space_15": true, "count_open_space_10": 3, "groups_within_10": 6, "access_score": 1.0, "access_tier": "high", "mean_BtA5000": 4.536456286905, "mismatch_flag": false}, "geometry": {"type": "MultiPolygon", "coordinates": [[[[79.86413752166523, 6.830964856011822], [79.86361887909413, 6.830964856011822], [79.8633595578086, 6.831410825043406], [79.86361887909413, 6.831856793659137], [79.86413752166523, 6.831856793659137], [79.86439684295078, 6.831410825043406], [79.86413752166523, 6.830964856011822]]]]}}, {"type": "Feature", "properties": {"hex_id": 130, "is_edge": false, "Hex_area": 8660.254, "Hex_area_full": 8660.254, "area_ratio": 1.0, "completeness_class": "core", "snap_ok": true, "analysis_ok": true, "node_id": 5938.0, "dist_food_m": 239.481, "time_food_min": 2.994, "reach_food_5": true, "reach_food_10": true, "reach_food_15": true, "count_food_10": 40, "dist_education_m": 305.189, "time_education_min": 3.815, "reach_education_5": true, "reach_education_10": true, "reach_education_15": true, "count_education_10": 3, "dist_health_m": 326.654, "time_health_min": 4.083, "reach_health_5": true, "reach_health_10": true, "reach_health_15": true, "count_health_10": 4, "dist_transit_m": 461.435, "time_transit_min": 5.768, "reach_transit_5": false, "reach_transit_10": true, "reach_transit_15": true, "count_transit_10": 7, "dist_finance_m": 332.037, "time_finance_min": 4.15, "reach_finance_5": true, "reach_finance_10": true, "reach_finance_15": true, "count_finance_10": 7, "dist_open_space_m": 272.436, "time_open_space_min": 3.405, "reach_open_space_5": true, "reach_open_space_10": true, "reach_open_space_15": true, "count_open_space_10": 4, "groups_within_10": 6, "access_score": 1.0, "access_tier": "high", "mean_BtA5000": 0.26680479571250004, "mismatch_flag": false}, "geometry": {"type": "MultiPolygon", "coordinates": [[[[79.86491548552188, 6.830518886564413], [79.86439684295078, 6.830518886564413], [79.86413752166523, 6.830964856011822], [79.86439684295078, 6.831410825043406], [79.86491548552188, 6.831410825043406], [79.8651748068074, 6.830964856011822], [79.86491548552188, 6.830518886564413]]]]}}, {"type": "Feature", "properties": {"hex_id": 131, "is_edge": false, "Hex_area": 8660.254, "Hex_area_full": 8660.254, "area_ratio": 1.0, "completeness_class": "core", "snap_ok": true, "analysis_ok": true, "node_id": 6880.0, "dist_food_m": 110.086, "time_food_min": 1.376, "reach_food_5": true, "reach_food_10": true, "reach_food_15": true, "count_food_10": 51, "dist_education_m": 322.411, "time_education_min": 4.03, "reach_education_5": true, "reach_education_10": true, "reach_education_15": true, "count_education_10": 3, "dist_health_m": 247.676, "time_health_min": 3.096, "reach_health_5": true, "reach_health_10": true, "reach_health_15": true, "count_health_10": 4, "dist_transit_m": 332.04, "time_transit_min": 4.151, "reach_transit_5": true, "reach_transit_10": true, "reach_transit_15": true, "count_transit_10": 8, "dist_finance_m": 349.259, "time_finance_min": 4.366, "reach_finance_5": true, "reach_finance_10": true, "reach_finance_15": true, "count_finance_10": 8, "dist_open_space_m": 289.659, "time_open_space_min": 3.621, "reach_open_space_5": true, "reach_open_space_10": true, "reach_open_space_15": true, "count_open_space_10": 4, "groups_within_10": 6, "access_score": 1.0, "access_tier": "high", "mean_BtA5000": 0.33333334327, "mismatch_flag": false}, "geometry": {"type": "MultiPolygon", "coordinates": [[[[79.86569344937851, 6.830964856011822], [79.8651748068074, 6.830964856011822], [79.86491548552188, 6.831410825043406], [79.8651748068074, 6.831856793659137], [79.86569344937851, 6.831856793659137], [79.86595277066408, 6.831410825043406], [79.86569344937851, 6.830964856011822]]]]}}, {"type": "Feature", "properties": {"hex_id": 132, "is_edge": false, "Hex_area": 8660.254, "Hex_area_full": 8660.254, "area_ratio": 1.0, "completeness_class": "core", "snap_ok": true, "analysis_ok": true, "node_id": 5122.0, "dist_food_m": 63.903, "time_food_min": 0.799, "reach_food_5": true, "reach_food_10": true, "reach_food_15": true, "count_food_10": 52, "dist_education_m": 313.24, "time_education_min": 3.916, "reach_education_5": true, "reach_education_10": true, "reach_education_15": true, "count_education_10": 3, "dist_health_m": 335.767, "time_health_min": 4.197, "reach_health_5": true, "reach_health_10": true, "reach_health_15": true, "count_health_10": 4, "dist_transit_m": 285.857, "time_transit_min": 3.573, "reach_transit_5": true, "reach_transit_10": true, "reach_transit_15": true, "count_transit_10": 8, "dist_finance_m": 322.29, "time_finance_min": 4.029, "reach_finance_5": true, "reach_finance_10": true, "reach_finance_15": true, "count_finance_10": 8, "dist_open_space_m": 422.227, "time_open_space_min": 5.278, "reach_open_space_5": false, "reach_open_space_10": true, "reach_open_space_15": true, "count_open_space_10": 4, "groups_within_10": 6, "access_score": 1.0, "access_tier": "high", "mean_BtA5000": 0.33333334327, "mismatch_flag": false}, "geometry": {"type": "MultiPolygon", "coordinates": [[[[79.86647141323516, 6.830518886564413], [79.86595277066408, 6.830518886564413], [79.86569344937851, 6.830964856011822], [79.86595277066408, 6.831410825043406], [79.86647141323516, 6.831410825043406], [79.86673073452073, 6.830964856011822], [79.86647141323516, 6.830518886564413]]]]}}, {"type": "Feature", "properties": {"hex_id": 133, "is_edge": false, "Hex_area": 8660.254, "Hex_area_full": 8660.254, "area_ratio": 1.0, "completeness_class": "core", "snap_ok": true, "analysis_ok": true, "node_id": 1033.0, "dist_food_m": 34.104, "time_food_min": 0.426, "reach_food_5": true, "reach_food_10": true, "reach_food_15": true, "count_food_10": 56, "dist_education_m": 173.644, "time_education_min": 2.171, "reach_education_5": true, "reach_education_10": true, "reach_education_15": true, "count_education_10": 3, "dist_health_m": 196.172, "time_health_min": 2.452, "reach_health_5": true, "reach_health_10": true, "reach_health_15": true, "count_health_10": 4, "dist_transit_m": 146.261, "time_transit_min": 1.828, "reach_transit_5": true, "reach_transit_10": true, "reach_transit_15": true, "count_transit_10": 12, "dist_finance_m": 182.694, "time_finance_min": 2.284, "reach_finance_5": true, "reach_finance_10": true, "reach_finance_15": true, "count_finance_10": 10, "dist_open_space_m": 442.868, "time_open_space_min": 5.536, "reach_open_space_5": false, "reach_open_space_10": true, "reach_open_space_15": true, "count_open_space_10": 4, "groups_within_10": 6, "access_score": 1.0, "access_tier": "high", "mean_BtA5000": 0.33333335320333335, "mismatch_flag": false}, "geometry": {"type": "MultiPolygon", "coordinates": [[[[79.86724937709182, 6.830964856011822], [79.86673073452073, 6.830964856011822], [79.86647141323516, 6.831410825043406], [79.86673073452073, 6.831856793659137], [79.86724937709182, 6.831856793659137], [79.86750869837736, 6.831410825043406], [79.86724937709182, 6.830964856011822]]]]}}, {"type": "Feature", "properties": {"hex_id": 134, "is_edge": false, "Hex_area": 8660.254, "Hex_area_full": 8660.254, "area_ratio": 1.0, "completeness_class": "core", "snap_ok": true, "analysis_ok": true, "node_id": 1203.0, "dist_food_m": 34.423, "time_food_min": 0.43, "reach_food_5": true, "reach_food_10": true, "reach_food_15": true, "count_food_10": 55, "dist_education_m": 130.525, "time_education_min": 1.632, "reach_education_5": true, "reach_education_10": true, "reach_education_15": true, "count_education_10": 4, "dist_health_m": 106.86, "time_health_min": 1.336, "reach_health_5": true, "reach_health_10": true, "reach_health_15": true, "count_health_10": 4, "dist_transit_m": 96.433, "time_transit_min": 1.205, "reach_transit_5": true, "reach_transit_10": true, "reach_transit_15": true, "count_transit_10": 12, "dist_finance_m": 25.773, "time_finance_min": 0.322, "reach_finance_5": true, "reach_finance_10": true, "reach_finance_15": true, "count_finance_10": 11, "dist_open_space_m": 300.875, "time_open_space_min": 3.761, "reach_open_space_5": true, "reach_open_space_10": true, "reach_open_space_15": true, "count_open_space_10": 2, "groups_within_10": 6, "access_score": 1.0, "access_tier": "high", "mean_BtA5000": 98.955408737065, "mismatch_flag": false}, "geometry": {"type": "MultiPolygon", "coordinates": [[[[79.86802734094847, 6.830518886564413], [79.86750869837736, 6.830518886564413], [79.86724937709182, 6.830964856011822], [79.86750869837736, 6.831410825043406], [79.86802734094847, 6.831410825043406], [79.868286662234, 6.830964856011822], [79.86802734094847, 6.830518886564413]]]]}}, {"type": "Feature", "properties": {"hex_id": 135, "is_edge": false, "Hex_area": 8660.254, "Hex_area_full": 8660.254, "area_ratio": 1.0, "completeness_class": "core", "snap_ok": true, "analysis_ok": true, "node_id": 6881.0, "dist_food_m": 92.013, "time_food_min": 1.15, "reach_food_5": true, "reach_food_10": true, "reach_food_15": true, "count_food_10": 46, "dist_education_m": 279.294, "time_education_min": 3.491, "reach_education_5": true, "reach_education_10": true, "reach_education_15": true, "count_education_10": 3, "dist_health_m": 355.321, "time_health_min": 4.442, "reach_health_5": true, "reach_health_10": true, "reach_health_15": true, "count_health_10": 4, "dist_transit_m": 245.202, "time_transit_min": 3.065, "reach_transit_5": true, "reach_transit_10": true, "reach_transit_15": true, "count_transit_10": 9, "dist_finance_m": 223.697, "time_finance_min": 2.796, "reach_finance_5": true, "reach_finance_10": true, "reach_finance_15": true, "count_finance_10": 8, "dist_open_space_m": 177.09, "time_open_space_min": 2.214, "reach_open_space_5": true, "reach_open_space_10": true, "reach_open_space_15": true, "count_open_space_10": 2, "groups_within_10": 6, "access_score": 1.0, "access_tier": "high", "mean_BtA5000": 0.333333313465, "mismatch_flag": false}, "geometry": {"type": "MultiPolygon", "coordinates": [[[[79.86880530480511, 6.830964856011822], [79.868286662234, 6.830964856011822], [79.86802734094847, 6.831410825043406], [79.868286662234, 6.831856793659137], [79.86880530480511, 6.831856793659137], [79.86906462609065, 6.831410825043406], [79.86880530480511, 6.830964856011822]]]]}}, {"type": "Feature", "properties": {"hex_id": 136, "is_edge": false, "Hex_area": 8660.254, "Hex_area_full": 8660.254, "area_ratio": 1.0, "completeness_class": "core", "snap_ok": true, "analysis_ok": true, "node_id": 6882.0, "dist_food_m": 9.564, "time_food_min": 0.12, "reach_food_5": true, "reach_food_10": true, "reach_food_15": true, "count_food_10": 43, "dist_education_m": 252.916, "time_education_min": 3.161, "reach_education_5": true, "reach_education_10": true, "reach_education_15": true, "count_education_10": 3, "dist_health_m": 329.952, "time_health_min": 4.124, "reach_health_5": true, "reach_health_10": true, "reach_health_15": true, "count_health_10": 4, "dist_transit_m": 218.824, "time_transit_min": 2.735, "reach_transit_5": true, "reach_transit_10": true, "reach_transit_15": true, "count_transit_10": 10, "dist_finance_m": 197.319, "time_finance_min": 2.466, "reach_finance_5": true, "reach_finance_10": true, "reach_finance_15": true, "count_finance_10": 9, "dist_open_space_m": 77.782, "time_open_space_min": 0.972, "reach_open_space_5": true, "reach_open_space_10": true, "reach_open_space_15": true, "count_open_space_10": 2, "groups_within_10": 6, "access_score": 1.0, "access_tier": "high", "mean_BtA5000": 0.33333333582, "mismatch_flag": false}, "geometry": {"type": "MultiPolygon", "coordinates": [[[[79.86958326866176, 6.830518886564413], [79.86906462609065, 6.830518886564413], [79.86880530480511, 6.830964856011822], [79.86906462609065, 6.831410825043406], [79.86958326866176, 6.831410825043406], [79.86984258994731, 6.830964856011822], [79.86958326866176, 6.830518886564413]]]]}}, {"type": "Feature", "properties": {"hex_id": 137, "is_edge": false, "Hex_area": 8660.254, "Hex_area_full": 8660.254, "area_ratio": 1.0, "completeness_class": "core", "snap_ok": true, "analysis_ok": true, "node_id": 6883.0, "dist_food_m": 51.264, "time_food_min": 0.641, "reach_food_5": true, "reach_food_10": true, "reach_food_15": true, "count_food_10": 41, "dist_education_m": 345.939, "time_education_min": 4.324, "reach_education_5": true, "reach_education_10": true, "reach_education_15": true, "count_education_10": 3, "dist_health_m": 422.974, "time_health_min": 5.287, "reach_health_5": false, "reach_health_10": true, "reach_health_15": true, "count_health_10": 4, "dist_transit_m": 311.846, "time_transit_min": 3.898, "reach_transit_5": true, "reach_transit_10": true, "reach_transit_15": true, "count_transit_10": 10, "dist_finance_m": 290.341, "time_finance_min": 3.629, "reach_finance_5": true, "reach_finance_10": true, "reach_finance_15": true, "count_finance_10": 7, "dist_open_space_m": 15.24, "time_open_space_min": 0.19, "reach_open_space_5": true, "reach_open_space_10": true, "reach_open_space_15": true, "count_open_space_10": 1, "groups_within_10": 6, "access_score": 1.0, "access_tier": "high", "mean_BtA5000": 0.33333334327, "mismatch_flag": false}, "geometry": {"type": "MultiPolygon", "coordinates": [[[[79.87036123251839, 6.830964856011822], [79.86984258994731, 6.830964856011822], [79.86958326866176, 6.831410825043406], [79.86984258994731, 6.831856793659137], [79.87036123251839, 6.831856793659137], [79.87062055380396, 6.831410825043406], [79.87036123251839, 6.830964856011822]]]]}}, {"type": "Feature", "properties": {"hex_id": 138, "is_edge": false, "Hex_area": 8660.254, "Hex_area_full": 8660.254, "area_ratio": 1.0, "completeness_class": "core", "snap_ok": true, "analysis_ok": true, "node_id": 6884.0, "dist_food_m": 88.114, "time_food_min": 1.101, "reach_food_5": true, "reach_food_10": true, "reach_food_15": true, "count_food_10": 38, "dist_education_m": 440.82, "time_education_min": 5.51, "reach_education_5": false, "reach_education_10": true, "reach_education_15": true, "count_education_10": 2, "dist_health_m": 546.011, "time_health_min": 6.825, "reach_health_5": false, "reach_health_10": true, "reach_health_15": true, "count_health_10": 4, "dist_transit_m": 434.884, "time_transit_min": 5.436, "reach_transit_5": false, "reach_transit_10": true, "reach_transit_15": true, "count_transit_10": 8, "dist_finance_m": 366.33, "time_finance_min": 4.579, "reach_finance_5": true, "reach_finance_10": true, "reach_finance_15": true, "count_finance_10": 6, "dist_open_space_m": 138.277, "time_open_space_min": 1.728, "reach_open_space_5": true, "reach_open_space_10": true, "reach_open_space_15": true, "count_open_space_10": 1, "groups_within_10": 6, "access_score": 1.0, "access_tier": "high", "mean_BtA5000": 0.3333333234, "mismatch_flag": false}, "geometry": {"type": "MultiPolygon", "coordinates": [[[[79.87113919637505, 6.830518886564413], [79.87062055380396, 6.830518886564413], [79.87036123251839, 6.830964856011822], [79.87062055380396, 6.831410825043406], [79.87113919637505, 6.831410825043406], [79.87139851766061, 6.830964856011822], [79.87113919637505, 6.830518886564413]]]]}}, {"type": "Feature", "properties": {"hex_id": 139, "is_edge": false, "Hex_area": 8660.254, "Hex_area_full": 8660.254, "area_ratio": 1.0, "completeness_class": "core", "snap_ok": true, "analysis_ok": true, "node_id": 6885.0, "dist_food_m": 20.748, "time_food_min": 0.259, "reach_food_5": true, "reach_food_10": true, "reach_food_15": true, "count_food_10": 37, "dist_education_m": 375.221, "time_education_min": 4.69, "reach_education_5": true, "reach_education_10": true, "reach_education_15": true, "count_education_10": 3, "dist_health_m": 593.821, "time_health_min": 7.423, "reach_health_5": false, "reach_health_10": true, "reach_health_15": true, "count_health_10": 5, "dist_transit_m": 482.693, "time_transit_min": 6.034, "reach_transit_5": false, "reach_transit_10": true, "reach_transit_15": true, "count_transit_10": 7, "dist_finance_m": 261.389, "time_finance_min": 3.267, "reach_finance_5": true, "reach_finance_10": true, "reach_finance_15": true, "count_finance_10": 6, "dist_open_space_m": 186.087, "time_open_space_min": 2.326, "reach_open_space_5": true, "reach_open_space_10": true, "reach_open_space_15": true, "count_open_space_10": 1, "groups_within_10": 6, "access_score": 1.0, "access_tier": "high", "mean_BtA5000": 2.5125085562475, "mismatch_flag": false}, "geometry": {"type": "MultiPolygon", "coordinates": [[[[79.8719171602317, 6.830964856011822], [79.87139851766061, 6.830964856011822], [79.87113919637505, 6.831410825043406], [79.87139851766061, 6.831856793659137], [79.8719171602317, 6.831856793659137], [79.87217648151724, 6.831410825043406], [79.8719171602317, 6.830964856011822]]]]}}, {"type": "Feature", "properties": {"hex_id": 140, "is_edge": true, "Hex_area": 6567.3023, "Hex_area_full": 8660.254, "area_ratio": 0.758327, "completeness_class": "partial", "snap_ok": true, "analysis_ok": false, "node_id": 6886.0, "dist_food_m": 114.513, "time_food_min": 1.431, "reach_food_5": true, "reach_food_10": true, "reach_food_15": true, "count_food_10": 27, "dist_education_m": 239.96, "time_education_min": 3.0, "reach_education_5": true, "reach_education_10": true, "reach_education_15": true, "count_education_10": 3, "dist_health_m": 728.101, "time_health_min": 9.101, "reach_health_5": false, "reach_health_10": true, "reach_health_15": true, "count_health_10": 4, "dist_transit_m": 617.955, "time_transit_min": 7.724, "reach_transit_5": false, "reach_transit_10": true, "reach_transit_15": true, "count_transit_10": 4, "dist_finance_m": 273.015, "time_finance_min": 3.413, "reach_finance_5": true, "reach_finance_10": true, "reach_finance_15": true, "count_finance_10": 4, "dist_open_space_m": 321.348, "time_open_space_min": 4.017, "reach_open_space_5": true, "reach_open_space_10": true, "reach_open_space_15": true, "count_open_space_10": 1, "groups_within_10": 6, "access_score": 1.0, "access_tier": "excluded", "mean_BtA5000": 2.691683903335, "mismatch_flag": false}, "geometry": {"type": "MultiPolygon", "coordinates": [[[[79.87217648151724, 6.830518886564413], [79.8719171602317, 6.830964856011822], [79.87217648151724, 6.831410825043406], [79.87264758703887, 6.831410825043406], [79.87264685458075, 6.831369412986413], [79.8726455547591, 6.831292863274153], [79.87264440867979, 6.831221946122428], [79.87264341634281, 6.831156661531237], [79.87264257774818, 6.831097009500579], [79.8726418928959, 6.8310429900304515], [79.87264136178598, 6.830994603120858], [79.87264098441841, 6.830951848771799], [79.87264076079319, 6.830914726983274], [79.87264000605802, 6.830877786890247], [79.87263872021293, 6.830841028492725], [79.87263690325793, 6.830804451790704], [79.87263455519297, 6.83076805678418], [79.87263167601813, 6.830731843473159], [79.87262826573334, 6.830695811857641], [79.8726243243386, 6.83065996193762], [79.87261985183397, 6.830624293713103], [79.87261589646269, 6.830590358584134], [79.87261245822474, 6.830558156550714], [79.87260953712016, 6.830527687612842], [79.87260880084565, 6.830518886564413], [79.87217648151724, 6.830518886564413]]]]}}, {"type": "Feature", "properties": {"hex_id": 141, "is_edge": true, "Hex_area": 2802.5844, "Hex_area_full": 8660.254, "area_ratio": 0.323615, "completeness_class": "sliver", "snap_ok": false, "analysis_ok": false, "node_id": null, "dist_food_m": null, "time_food_min": null, "reach_food_5": false, "reach_food_10": false, "reach_food_15": false, "count_food_10": 0, "dist_education_m": null, "time_education_min": null, "reach_education_5": false, "reach_education_10": false, "reach_education_15": false, "count_education_10": 0, "dist_health_m": null, "time_health_min": null, "reach_health_5": false, "reach_health_10": false, "reach_health_15": false, "count_health_10": 0, "dist_transit_m": null, "time_transit_min": null, "reach_transit_5": false, "reach_transit_10": false, "reach_transit_15": false, "count_transit_10": 0, "dist_finance_m": null, "time_finance_min": null, "reach_finance_5": false, "reach_finance_10": false, "reach_finance_15": false, "count_finance_10": 0, "dist_open_space_m": null, "time_open_space_min": null, "reach_open_space_5": false, "reach_open_space_10": false, "reach_open_space_15": false, "count_open_space_10": 0, "groups_within_10": 0, "access_score": null, "access_tier": "excluded", "mean_BtA5000": null, "mismatch_flag": false}, "geometry": {"type": "MultiPolygon", "coordinates": [[[[79.86180363009527, 6.83230276185899], [79.86206295138084, 6.831856793659137], [79.86180363009527, 6.831410825043406], [79.86177857175312, 6.831410825043406], [79.86175747981066, 6.831511582727697], [79.86173064478281, 6.831645757866947], [79.86170291525403, 6.831776466815101], [79.86167429122435, 6.831903709572159], [79.86164477269371, 6.8320274861381165], [79.86161435966214, 6.832147796512978], [79.86158305212963, 6.832264640696742], [79.86157222481813, 6.83230276185899], [79.86180363009527, 6.83230276185899]]]]}}, {"type": "Feature", "properties": {"hex_id": 142, "is_edge": false, "Hex_area": 8660.254, "Hex_area_full": 8660.254, "area_ratio": 1.0, "completeness_class": "core", "snap_ok": true, "analysis_ok": true, "node_id": 6887.0, "dist_food_m": 134.382, "time_food_min": 1.68, "reach_food_5": true, "reach_food_10": true, "reach_food_15": true, "count_food_10": 20, "dist_education_m": 435.013, "time_education_min": 5.438, "reach_education_5": false, "reach_education_10": true, "reach_education_15": true, "count_education_10": 3, "dist_health_m": 626.459, "time_health_min": 7.831, "reach_health_5": false, "reach_health_10": true, "reach_health_15": true, "count_health_10": 2, "dist_transit_m": 692.987, "time_transit_min": 8.662, "reach_transit_5": false, "reach_transit_10": true, "reach_transit_15": true, "count_transit_10": 4, "dist_finance_m": 286.063, "time_finance_min": 3.576, "reach_finance_5": true, "reach_finance_10": true, "reach_finance_15": true, "count_finance_10": 3, "dist_open_space_m": 49.937, "time_open_space_min": 0.624, "reach_open_space_5": true, "reach_open_space_10": true, "reach_open_space_15": true, "count_open_space_10": 3, "groups_within_10": 6, "access_score": 1.0, "access_tier": "high", "mean_BtA5000": 4.536456272005, "mismatch_flag": false}, "geometry": {"type": "MultiPolygon", "coordinates": [[[[79.86258159395194, 6.831856793659137], [79.86206295138084, 6.831856793659137], [79.86180363009527, 6.83230276185899], [79.86206295138084, 6.832748729642938], [79.86258159395194, 6.832748729642938], [79.86284091523748, 6.83230276185899], [79.86258159395194, 6.831856793659137]]]]}}, {"type": "Feature", "properties": {"hex_id": 143, "is_edge": false, "Hex_area": 8660.254, "Hex_area_full": 8660.254, "area_ratio": 1.0, "completeness_class": "core", "snap_ok": true, "analysis_ok": true, "node_id": 72.0, "dist_food_m": 212.391, "time_food_min": 2.655, "reach_food_5": true, "reach_food_10": true, "reach_food_15": true, "count_food_10": 26, "dist_education_m": 461.425, "time_education_min": 5.768, "reach_education_5": false, "reach_education_10": true, "reach_education_15": true, "count_education_10": 3, "dist_health_m": 548.45, "time_health_min": 6.856, "reach_health_5": false, "reach_health_10": true, "reach_health_15": true, "count_health_10": 3, "dist_transit_m": 617.963, "time_transit_min": 7.725, "reach_transit_5": false, "reach_transit_10": true, "reach_transit_15": true, "count_transit_10": 5, "dist_finance_m": 364.072, "time_finance_min": 4.551, "reach_finance_5": true, "reach_finance_10": true, "reach_finance_15": true, "count_finance_10": 4, "dist_open_space_m": 28.071, "time_open_space_min": 0.351, "reach_open_space_5": true, "reach_open_space_10": true, "reach_open_space_15": true, "count_open_space_10": 3, "groups_within_10": 6, "access_score": 1.0, "access_tier": "high", "mean_BtA5000": 4.536456272005, "mismatch_flag": false}, "geometry": {"type": "MultiPolygon", "coordinates": [[[[79.8633595578086, 6.831410825043406], [79.86284091523748, 6.831410825043406], [79.86258159395194, 6.831856793659137], [79.86284091523748, 6.83230276185899], [79.8633595578086, 6.83230276185899], [79.86361887909413, 6.831856793659137], [79.8633595578086, 6.831410825043406]]]]}}, {"type": "Feature", "properties": {"hex_id": 144, "is_edge": false, "Hex_area": 8660.254, "Hex_area_full": 8660.254, "area_ratio": 1.0, "completeness_class": "core", "snap_ok": true, "analysis_ok": true, "node_id": 49.0, "dist_food_m": 159.6, "time_food_min": 1.995, "reach_food_5": true, "reach_food_10": true, "reach_food_15": true, "count_food_10": 45, "dist_education_m": 190.784, "time_education_min": 2.385, "reach_education_5": true, "reach_education_10": true, "reach_education_15": true, "count_education_10": 4, "dist_health_m": 408.582, "time_health_min": 5.107, "reach_health_5": false, "reach_health_10": true, "reach_health_15": true, "count_health_10": 4, "dist_transit_m": 347.323, "time_transit_min": 4.342, "reach_transit_5": true, "reach_transit_10": true, "reach_transit_15": true, "count_transit_10": 7, "dist_finance_m": 159.6, "time_finance_min": 1.995, "reach_finance_5": true, "reach_finance_10": true, "reach_finance_15": true, "count_finance_10": 8, "dist_open_space_m": 0.0, "time_open_space_min": 0.0, "reach_open_space_5": true, "reach_open_space_10": true, "reach_open_space_15": true, "count_open_space_10": 3, "groups_within_10": 6, "access_score": 1.0, "access_tier": "high", "mean_BtA5000": 0.33333334327, "mismatch_flag": false}, "geometry": {"type": "MultiPolygon", "coordinates": [[[[79.86413752166523, 6.831856793659137], [79.86361887909413, 6.831856793659137], [79.8633595578086, 6.83230276185899], [79.86361887909413, 6.832748729642938], [79.86413752166523, 6.832748729642938], [79.86439684295078, 6.83230276185899], [79.86413752166523, 6.831856793659137]]]]}}, {"type": "Feature", "properties": {"hex_id": 145, "is_edge": false, "Hex_area": 8660.254, "Hex_area_full": 8660.254, "area_ratio": 1.0, "completeness_class": "core", "snap_ok": true, "analysis_ok": true, "node_id": 6888.0, "dist_food_m": 194.243, "time_food_min": 2.428, "reach_food_5": true, "reach_food_10": true, "reach_food_15": true, "count_food_10": 49, "dist_education_m": 167.395, "time_education_min": 2.092, "reach_education_5": true, "reach_education_10": true, "reach_education_15": true, "count_education_10": 4, "dist_health_m": 352.276, "time_health_min": 4.403, "reach_health_5": true, "reach_health_10": true, "reach_health_15": true, "count_health_10": 4, "dist_transit_m": 323.933, "time_transit_min": 4.049, "reach_transit_5": true, "reach_transit_10": true, "reach_transit_15": true, "count_transit_10": 7, "dist_finance_m": 194.243, "time_finance_min": 2.428, "reach_finance_5": true, "reach_finance_10": true, "reach_finance_15": true, "count_finance_10": 9, "dist_open_space_m": 134.642, "time_open_space_min": 1.683, "reach_open_space_5": true, "reach_open_space_10": true, "reach_open_space_15": true, "count_open_space_10": 4, "groups_within_10": 6, "access_score": 1.0, "access_tier": "high", "mean_BtA5000": 3.1154928505399995, "mismatch_flag": false}, "geometry": {"type": "MultiPolygon", "coordinates": [[[[79.86491548552188, 6.831410825043406], [79.86439684295078, 6.831410825043406], [79.86413752166523, 6.831856793659137], [79.86439684295078, 6.83230276185899], [79.86491548552188, 6.83230276185899], [79.8651748068074, 6.831856793659137], [79.86491548552188, 6.831410825043406]]]]}}, {"type": "Feature", "properties": {"hex_id": 146, "is_edge": false, "Hex_area": 8660.254, "Hex_area_full": 8660.254, "area_ratio": 1.0, "completeness_class": "core", "snap_ok": true, "analysis_ok": true, "node_id": 6889.0, "dist_food_m": 118.385, "time_food_min": 1.48, "reach_food_5": true, "reach_food_10": true, "reach_food_15": true, "count_food_10": 54, "dist_education_m": 28.617, "time_education_min": 0.358, "reach_education_5": true, "reach_education_10": true, "reach_education_15": true, "count_education_10": 4, "dist_health_m": 246.414, "time_health_min": 3.08, "reach_health_5": true, "reach_health_10": true, "reach_health_15": true, "count_health_10": 4, "dist_transit_m": 185.155, "time_transit_min": 2.314, "reach_transit_5": true, "reach_transit_10": true, "reach_transit_15": true, "count_transit_10": 9, "dist_finance_m": 221.768, "time_finance_min": 2.772, "reach_finance_5": true, "reach_finance_10": true, "reach_finance_15": true, "count_finance_10": 10, "dist_open_space_m": 162.168, "time_open_space_min": 2.027, "reach_open_space_5": true, "reach_open_space_10": true, "reach_open_space_15": true, "count_open_space_10": 4, "groups_within_10": 6, "access_score": 1.0, "access_tier": "high", "mean_BtA5000": 0.33333334327, "mismatch_flag": false}, "geometry": {"type": "MultiPolygon", "coordinates": [[[[79.86569344937851, 6.831856793659137], [79.8651748068074, 6.831856793659137], [79.86491548552188, 6.83230276185899], [79.8651748068074, 6.832748729642938], [79.86569344937851, 6.832748729642938], [79.86595277066408, 6.83230276185899], [79.86569344937851, 6.831856793659137]]]]}}, {"type": "Feature", "properties": {"hex_id": 147, "is_edge": false, "Hex_area": 8660.254, "Hex_area_full": 8660.254, "area_ratio": 1.0, "completeness_class": "core", "snap_ok": true, "analysis_ok": true, "node_id": 6890.0, "dist_food_m": 9.282, "time_food_min": 0.116, "reach_food_5": true, "reach_food_10": true, "reach_food_15": true, "count_food_10": 56, "dist_education_m": 258.619, "time_education_min": 3.233, "reach_education_5": true, "reach_education_10": true, "reach_education_15": true, "count_education_10": 3, "dist_health_m": 281.146, "time_health_min": 3.514, "reach_health_5": true, "reach_health_10": true, "reach_health_15": true, "count_health_10": 4, "dist_transit_m": 231.236, "time_transit_min": 2.89, "reach_transit_5": true, "reach_transit_10": true, "reach_transit_15": true, "count_transit_10": 8, "dist_finance_m": 267.669, "time_finance_min": 3.346, "reach_finance_5": true, "reach_finance_10": true, "reach_finance_15": true, "count_finance_10": 9, "dist_open_space_m": 390.463, "time_open_space_min": 4.881, "reach_open_space_5": true, "reach_open_space_10": true, "reach_open_space_15": true, "count_open_space_10": 4, "groups_within_10": 6, "access_score": 1.0, "access_tier": "high", "mean_BtA5000": 0.33333334327, "mismatch_flag": false}, "geometry": {"type": "MultiPolygon", "coordinates": [[[[79.86647141323516, 6.831410825043406], [79.86595277066408, 6.831410825043406], [79.86569344937851, 6.831856793659137], [79.86595277066408, 6.83230276185899], [79.86647141323516, 6.83230276185899], [79.86673073452073, 6.831856793659137], [79.86647141323516, 6.831410825043406]]]]}}, {"type": "Feature", "properties": {"hex_id": 148, "is_edge": false, "Hex_area": 8660.254, "Hex_area_full": 8660.254, "area_ratio": 1.0, "completeness_class": "core", "snap_ok": true, "analysis_ok": true, "node_id": 6891.0, "dist_food_m": 59.21, "time_food_min": 0.74, "reach_food_5": true, "reach_food_10": true, "reach_food_15": true, "count_food_10": 59, "dist_education_m": 148.978, "time_education_min": 1.862, "reach_education_5": true, "reach_education_10": true, "reach_education_15": true, "count_education_10": 4, "dist_health_m": 128.251, "time_health_min": 1.603, "reach_health_5": true, "reach_health_10": true, "reach_health_15": true, "count_health_10": 5, "dist_transit_m": 66.992, "time_transit_min": 0.837, "reach_transit_5": true, "reach_transit_10": true, "reach_transit_15": true, "count_transit_10": 10, "dist_finance_m": 114.773, "time_finance_min": 1.435, "reach_finance_5": true, "reach_finance_10": true, "reach_finance_15": true, "count_finance_10": 10, "dist_open_space_m": 339.763, "time_open_space_min": 4.247, "reach_open_space_5": true, "reach_open_space_10": true, "reach_open_space_15": true, "count_open_space_10": 4, "groups_within_10": 6, "access_score": 1.0, "access_tier": "high", "mean_BtA5000": 98.955408744515, "mismatch_flag": false}, "geometry": {"type": "MultiPolygon", "coordinates": [[[[79.86724937709182, 6.831856793659137], [79.86673073452073, 6.831856793659137], [79.86647141323516, 6.83230276185899], [79.86673073452073, 6.832748729642938], [79.86724937709182, 6.832748729642938], [79.86750869837736, 6.83230276185899], [79.86724937709182, 6.831856793659137]]]]}}, {"type": "Feature", "properties": {"hex_id": 149, "is_edge": false, "Hex_area": 8660.254, "Hex_area_full": 8660.254, "area_ratio": 1.0, "completeness_class": "core", "snap_ok": true, "analysis_ok": true, "node_id": 1198.0, "dist_food_m": 7.371, "time_food_min": 0.092, "reach_food_5": true, "reach_food_10": true, "reach_food_15": true, "count_food_10": 57, "dist_education_m": 230.013, "time_education_min": 2.875, "reach_education_5": true, "reach_education_10": true, "reach_education_15": true, "count_education_10": 4, "dist_health_m": 7.371, "time_health_min": 0.092, "reach_health_5": true, "reach_health_10": true, "reach_health_15": true, "count_health_10": 5, "dist_transit_m": 111.152, "time_transit_min": 1.389, "reach_transit_5": true, "reach_transit_10": true, "reach_transit_15": true, "count_transit_10": 12, "dist_finance_m": 73.784, "time_finance_min": 0.922, "reach_finance_5": true, "reach_finance_10": true, "reach_finance_15": true, "count_finance_10": 10, "dist_open_space_m": 400.363, "time_open_space_min": 5.005, "reach_open_space_5": false, "reach_open_space_10": true, "reach_open_space_15": true, "count_open_space_10": 4, "groups_within_10": 6, "access_score": 1.0, "access_tier": "high", "mean_BtA5000": 98.9554087221625, "mismatch_flag": false}, "geometry": {"type": "MultiPolygon", "coordinates": [[[[79.86802734094847, 6.831410825043406], [79.86750869837736, 6.831410825043406], [79.86724937709182, 6.831856793659137], [79.86750869837736, 6.83230276185899], [79.86802734094847, 6.83230276185899], [79.868286662234, 6.831856793659137], [79.86802734094847, 6.831410825043406]]]]}}, {"type": "Feature", "properties": {"hex_id": 150, "is_edge": false, "Hex_area": 8660.254, "Hex_area_full": 8660.254, "area_ratio": 1.0, "completeness_class": "core", "snap_ok": true, "analysis_ok": true, "node_id": 6892.0, "dist_food_m": 133.22, "time_food_min": 1.665, "reach_food_5": true, "reach_food_10": true, "reach_food_15": true, "count_food_10": 49, "dist_education_m": 373.991, "time_education_min": 4.675, "reach_education_5": true, "reach_education_10": true, "reach_education_15": true, "count_education_10": 3, "dist_health_m": 260.624, "time_health_min": 3.258, "reach_health_5": true, "reach_health_10": true, "reach_health_15": true, "count_health_10": 4, "dist_transit_m": 260.624, "time_transit_min": 3.258, "reach_transit_5": true, "reach_transit_10": true, "reach_transit_15": true, "count_transit_10": 10, "dist_finance_m": 297.992, "time_finance_min": 3.725, "reach_finance_5": true, "reach_finance_10": true, "reach_finance_15": true, "count_finance_10": 10, "dist_open_space_m": 271.787, "time_open_space_min": 3.397, "reach_open_space_5": true, "reach_open_space_10": true, "reach_open_space_15": true, "count_open_space_10": 2, "groups_within_10": 6, "access_score": 1.0, "access_tier": "high", "mean_BtA5000": 0.33333334327, "mismatch_flag": false}, "geometry": {"type": "MultiPolygon", "coordinates": [[[[79.86880530480511, 6.831856793659137], [79.868286662234, 6.831856793659137], [79.86802734094847, 6.83230276185899], [79.868286662234, 6.832748729642938], [79.86880530480511, 6.832748729642938], [79.86906462609065, 6.83230276185899], [79.86880530480511, 6.831856793659137]]]]}}, {"type": "Feature", "properties": {"hex_id": 151, "is_edge": false, "Hex_area": 8660.254, "Hex_area_full": 8660.254, "area_ratio": 1.0, "completeness_class": "core", "snap_ok": true, "analysis_ok": true, "node_id": 6893.0, "dist_food_m": 193.227, "time_food_min": 2.415, "reach_food_5": true, "reach_food_10": true, "reach_food_15": true, "count_food_10": 46, "dist_education_m": 380.508, "time_education_min": 4.756, "reach_education_5": true, "reach_education_10": true, "reach_education_15": true, "count_education_10": 3, "dist_health_m": 336.183, "time_health_min": 4.202, "reach_health_5": true, "reach_health_10": true, "reach_health_15": true, "count_health_10": 4, "dist_transit_m": 336.183, "time_transit_min": 4.202, "reach_transit_5": true, "reach_transit_10": true, "reach_transit_15": true, "count_transit_10": 8, "dist_finance_m": 324.911, "time_finance_min": 4.061, "reach_finance_5": true, "reach_finance_10": true, "reach_finance_15": true, "count_finance_10": 9, "dist_open_space_m": 278.304, "time_open_space_min": 3.479, "reach_open_space_5": true, "reach_open_space_10": true, "reach_open_space_15": true, "count_open_space_10": 2, "groups_within_10": 6, "access_score": 1.0, "access_tier": "high", "mean_BtA5000": 0.28296208878333334, "mismatch_flag": false}, "geometry": {"type": "MultiPolygon", "coordinates": [[[[79.86958326866176, 6.831410825043406], [79.86906462609065, 6.831410825043406], [79.86880530480511, 6.831856793659137], [79.86906462609065, 6.83230276185899], [79.86958326866176, 6.83230276185899], [79.86984258994731, 6.831856793659137], [79.86958326866176, 6.831410825043406]]]]}}, {"type": "Feature", "properties": {"hex_id": 152, "is_edge": false, "Hex_area": 8660.254, "Hex_area_full": 8660.254, "area_ratio": 1.0, "completeness_class": "core", "snap_ok": true, "analysis_ok": true, "node_id": 6894.0, "dist_food_m": 252.23, "time_food_min": 3.153, "reach_food_5": true, "reach_food_10": true, "reach_food_15": true, "count_food_10": 40, "dist_education_m": 518.829, "time_education_min": 6.485, "reach_education_5": false, "reach_education_10": true, "reach_education_15": true, "count_education_10": 3, "dist_health_m": 474.503, "time_health_min": 5.931, "reach_health_5": false, "reach_health_10": true, "reach_health_15": true, "count_health_10": 4, "dist_transit_m": 474.503, "time_transit_min": 5.931, "reach_transit_5": false, "reach_transit_10": true, "reach_transit_15": true, "count_transit_10": 8, "dist_finance_m": 463.232, "time_finance_min": 5.79, "reach_finance_5": false, "reach_finance_10": true, "reach_finance_15": true, "count_finance_10": 8, "dist_open_space_m": 378.932, "time_open_space_min": 4.737, "reach_open_space_5": true, "reach_open_space_10": true, "reach_open_space_15": true, "count_open_space_10": 1, "groups_within_10": 6, "access_score": 1.0, "access_tier": "high", "mean_BtA5000": 0.2703584134575, "mismatch_flag": false}, "geometry": {"type": "MultiPolygon", "coordinates": [[[[79.87036123251839, 6.831856793659137], [79.86984258994731, 6.831856793659137], [79.86958326866176, 6.83230276185899], [79.86984258994731, 6.832748729642938], [79.87036123251839, 6.832748729642938], [79.87062055380396, 6.83230276185899], [79.87036123251839, 6.831856793659137]]]]}}, {"type": "Feature", "properties": {"hex_id": 153, "is_edge": false, "Hex_area": 8660.254, "Hex_area_full": 8660.254, "area_ratio": 1.0, "completeness_class": "core", "snap_ok": true, "analysis_ok": true, "node_id": 6895.0, "dist_food_m": 113.713, "time_food_min": 1.421, "reach_food_5": true, "reach_food_10": true, "reach_food_15": true, "count_food_10": 41, "dist_education_m": 477.442, "time_education_min": 5.968, "reach_education_5": false, "reach_education_10": true, "reach_education_15": true, "count_education_10": 3, "dist_health_m": 521.107, "time_health_min": 6.514, "reach_health_5": false, "reach_health_10": true, "reach_health_15": true, "count_health_10": 4, "dist_transit_m": 443.35, "time_transit_min": 5.542, "reach_transit_5": false, "reach_transit_10": true, "reach_transit_15": true, "count_transit_10": 8, "dist_finance_m": 421.845, "time_finance_min": 5.273, "reach_finance_5": false, "reach_finance_10": true, "reach_finance_15": true, "count_finance_10": 8, "dist_open_space_m": 146.743, "time_open_space_min": 1.834, "reach_open_space_5": true, "reach_open_space_10": true, "reach_open_space_15": true, "count_open_space_10": 1, "groups_within_10": 6, "access_score": 1.0, "access_tier": "high", "mean_BtA5000": 1.33333325386, "mismatch_flag": false}, "geometry": {"type": "MultiPolygon", "coordinates": [[[[79.87113919637505, 6.831410825043406], [79.87062055380396, 6.831410825043406], [79.87036123251839, 6.831856793659137], [79.87062055380396, 6.83230276185899], [79.87113919637505, 6.83230276185899], [79.87139851766061, 6.831856793659137], [79.87113919637505, 6.831410825043406]]]]}}, {"type": "Feature", "properties": {"hex_id": 154, "is_edge": false, "Hex_area": 8660.254, "Hex_area_full": 8660.254, "area_ratio": 1.0, "completeness_class": "core", "snap_ok": true, "analysis_ok": true, "node_id": 6896.0, "dist_food_m": 145.901, "time_food_min": 1.824, "reach_food_5": true, "reach_food_10": true, "reach_food_15": true, "count_food_10": 38, "dist_education_m": 523.022, "time_education_min": 6.538, "reach_education_5": false, "reach_education_10": true, "reach_education_15": true, "count_education_10": 3, "dist_health_m": 555.975, "time_health_min": 6.95, "reach_health_5": false, "reach_health_10": true, "reach_health_15": true, "count_health_10": 3, "dist_transit_m": 555.975, "time_transit_min": 6.95, "reach_transit_5": false, "reach_transit_10": true, "reach_transit_15": true, "count_transit_10": 8, "dist_finance_m": 409.19, "time_finance_min": 5.115, "reach_finance_5": false, "reach_finance_10": true, "reach_finance_15": true, "count_finance_10": 6, "dist_open_space_m": 293.348, "time_open_space_min": 3.667, "reach_open_space_5": true, "reach_open_space_10": true, "reach_open_space_15": true, "count_open_space_10": 1, "groups_within_10": 6, "access_score": 1.0, "access_tier": "high", "mean_BtA5000": 4.60687458515, "mismatch_flag": false}, "geometry": {"type": "MultiPolygon", "coordinates": [[[[79.8719171602317, 6.831856793659137], [79.87139851766061, 6.831856793659137], [79.87113919637505, 6.83230276185899], [79.87139851766061, 6.832748729642938], [79.8719171602317, 6.832748729642938], [79.87217648151724, 6.83230276185899], [79.8719171602317, 6.831856793659137]]]]}}, {"type": "Feature", "properties": {"hex_id": 155, "is_edge": true, "Hex_area": 7634.3771, "Hex_area_full": 8660.254, "area_ratio": 0.881542, "completeness_class": "partial", "snap_ok": true, "analysis_ok": false, "node_id": 3062.0, "dist_food_m": 22.474, "time_food_min": 0.281, "reach_food_5": true, "reach_food_10": true, "reach_food_15": true, "count_food_10": 31, "dist_education_m": 342.205, "time_education_min": 4.278, "reach_education_5": true, "reach_education_10": true, "reach_education_15": true, "count_education_10": 3, "dist_health_m": 625.856, "time_health_min": 7.823, "reach_health_5": false, "reach_health_10": true, "reach_health_15": true, "count_health_10": 4, "dist_transit_m": 573.312, "time_transit_min": 7.166, "reach_transit_5": false, "reach_transit_10": true, "reach_transit_15": true, "count_transit_10": 6, "dist_finance_m": 170.771, "time_finance_min": 2.135, "reach_finance_5": true, "reach_finance_10": true, "reach_finance_15": true, "count_finance_10": 5, "dist_open_space_m": 276.705, "time_open_space_min": 3.459, "reach_open_space_5": true, "reach_open_space_10": true, "reach_open_space_15": true, "count_open_space_10": 1, "groups_within_10": 6, "access_score": 1.0, "access_tier": "excluded", "mean_BtA5000": 1.546798282862, "mismatch_flag": false}, "geometry": {"type": "MultiPolygon", "coordinates": [[[[79.87217648151724, 6.831410825043406], [79.8719171602317, 6.831856793659137], [79.87217648151724, 6.83230276185899], [79.87269512408835, 6.83230276185899], [79.87281047391099, 6.832104388866448], [79.87280381154058, 6.83203673863211], [79.87279450313994, 6.831962746633237], [79.8727851108802, 6.831895659063608], [79.87277929662419, 6.831839752755588], [79.87277370599338, 6.831792567831618], [79.87276923348874, 6.831753880666467], [79.87271880599921, 6.8317472837223265], [79.87270427035912, 6.831745494720471], [79.87269136997854, 6.831733656559748], [79.87268010485748, 6.831711769240157], [79.8726704749959, 6.831679832761701], [79.87266248039387, 6.831637847124377], [79.8726561210513, 6.831585812328186], [79.87265139696828, 6.831523728373128], [79.87264830814478, 6.831451595259202], [79.87264758703887, 6.831410825043406], [79.87217648151724, 6.831410825043406]]]]}}, {"type": "Feature", "properties": {"hex_id": 156, "is_edge": true, "Hex_area": 394.2201, "Hex_area_full": 8660.254, "area_ratio": 0.045521, "completeness_class": "sliver", "snap_ok": true, "analysis_ok": false, "node_id": 6897.0, "dist_food_m": 78.301, "time_food_min": 0.979, "reach_food_5": true, "reach_food_10": true, "reach_food_15": true, "count_food_10": 21, "dist_education_m": 442.98, "time_education_min": 5.537, "reach_education_5": false, "reach_education_10": true, "reach_education_15": true, "count_education_10": 3, "dist_health_m": 645.314, "time_health_min": 8.066, "reach_health_5": false, "reach_health_10": true, "reach_health_15": true, "count_health_10": 3, "dist_transit_m": 674.087, "time_transit_min": 8.426, "reach_transit_5": false, "reach_transit_10": true, "reach_transit_15": true, "count_transit_10": 4, "dist_finance_m": 190.228, "time_finance_min": 2.378, "reach_finance_5": true, "reach_finance_10": true, "reach_finance_15": true, "count_finance_10": 3, "dist_open_space_m": 377.481, "time_open_space_min": 4.719, "reach_open_space_5": true, "reach_open_space_10": true, "reach_open_space_15": true, "count_open_space_10": 2, "groups_within_10": 6, "access_score": 1.0, "access_tier": "excluded", "mean_BtA5000": 1.008645132185, "mismatch_flag": false}, "geometry": {"type": "MultiPolygon", "coordinates": [[[[79.87269512408835, 6.83230276185899], [79.87284419476934, 6.8325591262152745], [79.87284705506946, 6.832519797086363], [79.87283900456113, 6.832434819498174], [79.87283363755554, 6.8323212178802715], [79.87282290354442, 6.832211194266085], [79.87281306403456, 6.832130689182737], [79.87281047391099, 6.832104388866448], [79.87269512408835, 6.83230276185899]]]]}}, {"type": "Feature", "properties": {"hex_id": 157, "is_edge": true, "Hex_area": 109.9474, "Hex_area_full": 8660.254, "area_ratio": 0.012696, "completeness_class": "sliver", "snap_ok": true, "analysis_ok": false, "node_id": 83.0, "dist_food_m": 0.0, "time_food_min": 0.0, "reach_food_5": true, "reach_food_10": true, "reach_food_15": true, "count_food_10": 27, "dist_education_m": 408.509, "time_education_min": 5.106, "reach_education_5": false, "reach_education_10": true, "reach_education_15": true, "count_education_10": 3, "dist_health_m": 727.742, "time_health_min": 9.097, "reach_health_5": false, "reach_health_10": true, "reach_health_15": true, "count_health_10": 3, "dist_transit_m": 666.483, "time_transit_min": 8.331, "reach_transit_5": false, "reach_transit_10": true, "reach_transit_15": true, "count_transit_10": 5, "dist_finance_m": 259.56, "time_finance_min": 3.244, "reach_finance_5": true, "reach_finance_10": true, "reach_finance_15": true, "count_finance_10": 4, "dist_open_space_m": 203.052, "time_open_space_min": 2.538, "reach_open_space_5": true, "reach_open_space_10": true, "reach_open_space_15": true, "count_open_space_10": 3, "groups_within_10": 6, "access_score": 1.0, "access_tier": "excluded", "mean_BtA5000": null, "mismatch_flag": false}, "geometry": {"type": "MultiPolygon", "coordinates": [[[[79.8612849875242, 6.833194697010953], [79.86126364658136, 6.833157995974203], [79.8612364330199, 6.833214265244792], [79.86119975848185, 6.833284930818133], [79.86116677376012, 6.833351235699446], [79.8611374788547, 6.833413179888732], [79.86111187376564, 6.833470763385994], [79.86108995849288, 6.833523986191233], [79.86108360062009, 6.833541031531746], [79.8612849875242, 6.833194697010953]]]]}}, {"type": "Feature", "properties": {"hex_id": 158, "is_edge": true, "Hex_area": 5662.1113, "Hex_area_full": 8660.254, "area_ratio": 0.653804, "completeness_class": "partial", "snap_ok": true, "analysis_ok": false, "node_id": 83.0, "dist_food_m": 0.0, "time_food_min": 0.0, "reach_food_5": true, "reach_food_10": true, "reach_food_15": true, "count_food_10": 27, "dist_education_m": 408.509, "time_education_min": 5.106, "reach_education_5": false, "reach_education_10": true, "reach_education_15": true, "count_education_10": 3, "dist_health_m": 727.742, "time_health_min": 9.097, "reach_health_5": false, "reach_health_10": true, "reach_health_15": true, "count_health_10": 3, "dist_transit_m": 666.483, "time_transit_min": 8.331, "reach_transit_5": false, "reach_transit_10": true, "reach_transit_15": true, "count_transit_10": 5, "dist_finance_m": 259.56, "time_finance_min": 3.244, "reach_finance_5": true, "reach_finance_10": true, "reach_finance_15": true, "count_finance_10": 4, "dist_open_space_m": 203.052, "time_open_space_min": 2.538, "reach_open_space_5": true, "reach_open_space_10": true, "reach_open_space_15": true, "count_open_space_10": 3, "groups_within_10": 6, "access_score": 1.0, "access_tier": "excluded", "mean_BtA5000": null, "mismatch_flag": false}, "geometry": {"type": "MultiPolygon", "coordinates": [[[[79.8612849875242, 6.833194697010953], [79.86180363009527, 6.833194697010953], [79.86206295138084, 6.832748729642938], [79.86180363009527, 6.83230276185899], [79.86157222481813, 6.83230276185899], [79.86155085009622, 6.83237801868941], [79.86151775356187, 6.832487930490981], [79.86148376252657, 6.832594376101452], [79.86144943605346, 6.832696349207284], [79.86141477414249, 6.832793849808471], [79.86137977679367, 6.83288687790502], [79.86134444400699, 6.8329754334969275], [79.86130877578248, 6.83305951658419], [79.86127277212012, 6.833139127166812], [79.86126364658136, 6.833157995974203], [79.8612849875242, 6.833194697010953]]]]}}, {"type": "Feature", "properties": {"hex_id": 159, "is_edge": false, "Hex_area": 8660.254, "Hex_area_full": 8660.254, "area_ratio": 1.0, "completeness_class": "core", "snap_ok": true, "analysis_ok": true, "node_id": 85.0, "dist_food_m": 33.895, "time_food_min": 0.424, "reach_food_5": true, "reach_food_10": true, "reach_food_15": true, "count_food_10": 28, "dist_education_m": 374.614, "time_education_min": 4.683, "reach_education_5": true, "reach_education_10": true, "reach_education_15": true, "count_education_10": 3, "dist_health_m": 693.847, "time_health_min": 8.673, "reach_health_5": false, "reach_health_10": true, "reach_health_15": true, "count_health_10": 3, "dist_transit_m": 632.588, "time_transit_min": 7.907, "reach_transit_5": false, "reach_transit_10": true, "reach_transit_15": true, "count_transit_10": 5, "dist_finance_m": 225.664, "time_finance_min": 2.821, "reach_finance_5": true, "reach_finance_10": true, "reach_finance_15": true, "count_finance_10": 6, "dist_open_space_m": 169.157, "time_open_space_min": 2.114, "reach_open_space_5": true, "reach_open_space_10": true, "reach_open_space_15": true, "count_open_space_10": 3, "groups_within_10": 6, "access_score": 1.0, "access_tier": "high", "mean_BtA5000": 11.3402748107875, "mismatch_flag": false}, "geometry": {"type": "MultiPolygon", "coordinates": [[[[79.86258159395194, 6.832748729642938], [79.86206295138084, 6.832748729642938], [79.86180363009527, 6.833194697010953], [79.86206295138084, 6.833640663963009], [79.86258159395194, 6.833640663963009], [79.86284091523748, 6.833194697010953], [79.86258159395194, 6.832748729642938]]]]}}, {"type": "Feature", "properties": {"hex_id": 160, "is_edge": false, "Hex_area": 8660.254, "Hex_area_full": 8660.254, "area_ratio": 1.0, "completeness_class": "core", "snap_ok": true, "analysis_ok": true, "node_id": 6898.0, "dist_food_m": 115.137, "time_food_min": 1.439, "reach_food_5": true, "reach_food_10": true, "reach_food_15": true, "count_food_10": 24, "dist_education_m": 415.768, "time_education_min": 5.197, "reach_education_5": false, "reach_education_10": true, "reach_education_15": true, "count_education_10": 3, "dist_health_m": 645.704, "time_health_min": 8.071, "reach_health_5": false, "reach_health_10": true, "reach_health_15": true, "count_health_10": 3, "dist_transit_m": 673.742, "time_transit_min": 8.422, "reach_transit_5": false, "reach_transit_10": true, "reach_transit_15": true, "count_transit_10": 4, "dist_finance_m": 266.818, "time_finance_min": 3.335, "reach_finance_5": true, "reach_finance_10": true, "reach_finance_15": true, "count_finance_10": 3, "dist_open_space_m": 69.182, "time_open_space_min": 0.865, "reach_open_space_5": true, "reach_open_space_10": true, "reach_open_space_15": true, "count_open_space_10": 3, "groups_within_10": 6, "access_score": 1.0, "access_tier": "high", "mean_BtA5000": null, "mismatch_flag": false}, "geometry": {"type": "MultiPolygon", "coordinates": [[[[79.8633595578086, 6.83230276185899], [79.86284091523748, 6.83230276185899], [79.86258159395194, 6.832748729642938], [79.86284091523748, 6.833194697010953], [79.8633595578086, 6.833194697010953], [79.86361887909413, 6.832748729642938], [79.8633595578086, 6.83230276185899]]]]}}, {"type": "Feature", "properties": {"hex_id": 161, "is_edge": false, "Hex_area": 8660.254, "Hex_area_full": 8660.254, "area_ratio": 1.0, "completeness_class": "core", "snap_ok": true, "analysis_ok": true, "node_id": 6899.0, "dist_food_m": 53.721, "time_food_min": 0.672, "reach_food_5": true, "reach_food_10": true, "reach_food_15": true, "count_food_10": 43, "dist_education_m": 202.67, "time_education_min": 2.533, "reach_education_5": true, "reach_education_10": true, "reach_education_15": true, "count_education_10": 4, "dist_health_m": 521.903, "time_health_min": 6.524, "reach_health_5": false, "reach_health_10": true, "reach_health_15": true, "count_health_10": 3, "dist_transit_m": 460.645, "time_transit_min": 5.758, "reach_transit_5": false, "reach_transit_10": true, "reach_transit_15": true, "count_transit_10": 6, "dist_finance_m": 53.721, "time_finance_min": 0.672, "reach_finance_5": true, "reach_finance_10": true, "reach_finance_15": true, "count_finance_10": 10, "dist_open_space_m": 183.396, "time_open_space_min": 2.292, "reach_open_space_5": true, "reach_open_space_10": true, "reach_open_space_15": true, "count_open_space_10": 3, "groups_within_10": 6, "access_score": 1.0, "access_tier": "high", "mean_BtA5000": 7.3411402627825, "mismatch_flag": false}, "geometry": {"type": "MultiPolygon", "coordinates": [[[[79.86413752166523, 6.832748729642938], [79.86361887909413, 6.832748729642938], [79.8633595578086, 6.833194697010953], [79.86361887909413, 6.833640663963009], [79.86413752166523, 6.833640663963009], [79.86439684295078, 6.833194697010953], [79.86413752166523, 6.832748729642938]]]]}}, {"type": "Feature", "properties": {"hex_id": 162, "is_edge": false, "Hex_area": 8660.254, "Hex_area_full": 8660.254, "area_ratio": 1.0, "completeness_class": "core", "snap_ok": true, "analysis_ok": true, "node_id": 6900.0, "dist_food_m": 76.242, "time_food_min": 0.953, "reach_food_5": true, "reach_food_10": true, "reach_food_15": true, "count_food_10": 48, "dist_education_m": 174.143, "time_education_min": 2.177, "reach_education_5": true, "reach_education_10": true, "reach_education_15": true, "count_education_10": 4, "dist_health_m": 391.94, "time_health_min": 4.899, "reach_health_5": true, "reach_health_10": true, "reach_health_15": true, "count_health_10": 4, "dist_transit_m": 330.682, "time_transit_min": 4.134, "reach_transit_5": true, "reach_transit_10": true, "reach_transit_15": true, "count_transit_10": 7, "dist_finance_m": 76.242, "time_finance_min": 0.953, "reach_finance_5": true, "reach_finance_10": true, "reach_finance_15": true, "count_finance_10": 9, "dist_open_space_m": 83.358, "time_open_space_min": 1.042, "reach_open_space_5": true, "reach_open_space_10": true, "reach_open_space_15": true, "count_open_space_10": 3, "groups_within_10": 6, "access_score": 1.0, "access_tier": "high", "mean_BtA5000": 2.4348948076375, "mismatch_flag": false}, "geometry": {"type": "MultiPolygon", "coordinates": [[[[79.86491548552188, 6.83230276185899], [79.86439684295078, 6.83230276185899], [79.86413752166523, 6.832748729642938], [79.86439684295078, 6.833194697010953], [79.86491548552188, 6.833194697010953], [79.8651748068074, 6.832748729642938], [79.86491548552188, 6.83230276185899]]]]}}, {"type": "Feature", "properties": {"hex_id": 163, "is_edge": false, "Hex_area": 8660.254, "Hex_area_full": 8660.254, "area_ratio": 1.0, "completeness_class": "core", "snap_ok": true, "analysis_ok": true, "node_id": 5526.0, "dist_food_m": 161.953, "time_food_min": 2.024, "reach_food_5": true, "reach_food_10": true, "reach_food_15": true, "count_food_10": 51, "dist_education_m": 72.185, "time_education_min": 0.902, "reach_education_5": true, "reach_education_10": true, "reach_education_15": true, "count_education_10": 3, "dist_health_m": 289.982, "time_health_min": 3.625, "reach_health_5": true, "reach_health_10": true, "reach_health_15": true, "count_health_10": 4, "dist_transit_m": 228.724, "time_transit_min": 2.859, "reach_transit_5": true, "reach_transit_10": true, "reach_transit_15": true, "count_transit_10": 7, "dist_finance_m": 276.505, "time_finance_min": 3.456, "reach_finance_5": true, "reach_finance_10": true, "reach_finance_15": true, "count_finance_10": 10, "dist_open_space_m": 248.032, "time_open_space_min": 3.1, "reach_open_space_5": true, "reach_open_space_10": true, "reach_open_space_15": true, "count_open_space_10": 4, "groups_within_10": 6, "access_score": 1.0, "access_tier": "high", "mean_BtA5000": 0.33333334327, "mismatch_flag": false}, "geometry": {"type": "MultiPolygon", "coordinates": [[[[79.86569344937851, 6.832748729642938], [79.8651748068074, 6.832748729642938], [79.86491548552188, 6.833194697010953], [79.8651748068074, 6.833640663963009], [79.86569344937851, 6.833640663963009], [79.86595277066408, 6.833194697010953], [79.86569344937851, 6.832748729642938]]]]}}, {"type": "Feature", "properties": {"hex_id": 164, "is_edge": false, "Hex_area": 8660.254, "Hex_area_full": 8660.254, "area_ratio": 1.0, "completeness_class": "core", "snap_ok": true, "analysis_ok": true, "node_id": 6901.0, "dist_food_m": 26.315, "time_food_min": 0.329, "reach_food_5": true, "reach_food_10": true, "reach_food_15": true, "count_food_10": 57, "dist_education_m": 63.453, "time_education_min": 0.793, "reach_education_5": true, "reach_education_10": true, "reach_education_15": true, "count_education_10": 4, "dist_health_m": 154.344, "time_health_min": 1.929, "reach_health_5": true, "reach_health_10": true, "reach_health_15": true, "count_health_10": 5, "dist_transit_m": 93.085, "time_transit_min": 1.164, "reach_transit_5": true, "reach_transit_10": true, "reach_transit_15": true, "count_transit_10": 10, "dist_finance_m": 140.867, "time_finance_min": 1.761, "reach_finance_5": true, "reach_finance_10": true, "reach_finance_15": true, "count_finance_10": 10, "dist_open_space_m": 254.238, "time_open_space_min": 3.178, "reach_open_space_5": true, "reach_open_space_10": true, "reach_open_space_15": true, "count_open_space_10": 4, "groups_within_10": 6, "access_score": 1.0, "access_tier": "high", "mean_BtA5000": 2.43489456922, "mismatch_flag": false}, "geometry": {"type": "MultiPolygon", "coordinates": [[[[79.86647141323516, 6.83230276185899], [79.86595277066408, 6.83230276185899], [79.86569344937851, 6.832748729642938], [79.86595277066408, 6.833194697010953], [79.86647141323516, 6.833194697010953], [79.86673073452073, 6.832748729642938], [79.86647141323516, 6.83230276185899]]]]}}, {"type": "Feature", "properties": {"hex_id": 165, "is_edge": false, "Hex_area": 8660.254, "Hex_area_full": 8660.254, "area_ratio": 1.0, "completeness_class": "core", "snap_ok": true, "analysis_ok": true, "node_id": 766.0, "dist_food_m": 22.544, "time_food_min": 0.282, "reach_food_5": true, "reach_food_10": true, "reach_food_15": true, "count_food_10": 56, "dist_education_m": 253.998, "time_education_min": 3.175, "reach_education_5": true, "reach_education_10": true, "reach_education_15": true, "count_education_10": 4, "dist_health_m": 50.451, "time_health_min": 0.631, "reach_health_5": true, "reach_health_10": true, "reach_health_15": true, "count_health_10": 5, "dist_transit_m": 22.544, "time_transit_min": 0.282, "reach_transit_5": true, "reach_transit_10": true, "reach_transit_15": true, "count_transit_10": 10, "dist_finance_m": 70.78, "time_finance_min": 0.885, "reach_finance_5": true, "reach_finance_10": true, "reach_finance_15": true, "count_finance_10": 11, "dist_open_space_m": 444.783, "time_open_space_min": 5.56, "reach_open_space_5": false, "reach_open_space_10": true, "reach_open_space_15": true, "count_open_space_10": 4, "groups_within_10": 6, "access_score": 1.0, "access_tier": "high", "mean_BtA5000": 134.63151550293, "mismatch_flag": false}, "geometry": {"type": "MultiPolygon", "coordinates": [[[[79.86724937709182, 6.832748729642938], [79.86673073452073, 6.832748729642938], [79.86647141323516, 6.833194697010953], [79.86673073452073, 6.833640663963009], [79.86724937709182, 6.833640663963009], [79.86750869837736, 6.833194697010953], [79.86724937709182, 6.832748729642938]]]]}}, {"type": "Feature", "properties": {"hex_id": 166, "is_edge": false, "Hex_area": 8660.254, "Hex_area_full": 8660.254, "area_ratio": 1.0, "completeness_class": "core", "snap_ok": true, "analysis_ok": true, "node_id": 6902.0, "dist_food_m": 14.169, "time_food_min": 0.177, "reach_food_5": true, "reach_food_10": true, "reach_food_15": true, "count_food_10": 56, "dist_education_m": 273.269, "time_education_min": 3.416, "reach_education_5": true, "reach_education_10": true, "reach_education_15": true, "count_education_10": 3, "dist_health_m": 55.471, "time_health_min": 0.693, "reach_health_5": true, "reach_health_10": true, "reach_health_15": true, "count_health_10": 5, "dist_transit_m": 55.471, "time_transit_min": 0.693, "reach_transit_5": true, "reach_transit_10": true, "reach_transit_15": true, "count_transit_10": 10, "dist_finance_m": 92.84, "time_finance_min": 1.16, "reach_finance_5": true, "reach_finance_10": true, "reach_finance_15": true, "count_finance_10": 10, "dist_open_space_m": 464.053, "time_open_space_min": 5.801, "reach_open_space_5": false, "reach_open_space_10": true, "reach_open_space_15": true, "count_open_space_10": 4, "groups_within_10": 6, "access_score": 1.0, "access_tier": "high", "mean_BtA5000": 80.030993688108, "mismatch_flag": false}, "geometry": {"type": "MultiPolygon", "coordinates": [[[[79.86802734094847, 6.83230276185899], [79.86750869837736, 6.83230276185899], [79.86724937709182, 6.832748729642938], [79.86750869837736, 6.833194697010953], [79.86802734094847, 6.833194697010953], [79.868286662234, 6.832748729642938], [79.86802734094847, 6.83230276185899]]]]}}, {"type": "Feature", "properties": {"hex_id": 167, "is_edge": false, "Hex_area": 8660.254, "Hex_area_full": 8660.254, "area_ratio": 1.0, "completeness_class": "core", "snap_ok": true, "analysis_ok": true, "node_id": 4207.0, "dist_food_m": 130.434, "time_food_min": 1.63, "reach_food_5": true, "reach_food_10": true, "reach_food_15": true, "count_food_10": 43, "dist_education_m": 571.656, "time_education_min": 7.146, "reach_education_5": false, "reach_education_10": true, "reach_education_15": true, "count_education_10": 2, "dist_health_m": 353.858, "time_health_min": 4.423, "reach_health_5": true, "reach_health_10": true, "reach_health_15": true, "count_health_10": 3, "dist_transit_m": 353.858, "time_transit_min": 4.423, "reach_transit_5": true, "reach_transit_10": true, "reach_transit_15": true, "count_transit_10": 9, "dist_finance_m": 391.227, "time_finance_min": 4.89, "reach_finance_5": true, "reach_finance_10": true, "reach_finance_15": true, "count_finance_10": 8, "dist_open_space_m": 505.86, "time_open_space_min": 6.323, "reach_open_space_5": false, "reach_open_space_10": true, "reach_open_space_15": true, "count_open_space_10": 2, "groups_within_10": 6, "access_score": 1.0, "access_tier": "high", "mean_BtA5000": 2.333333417775, "mismatch_flag": false}, "geometry": {"type": "MultiPolygon", "coordinates": [[[[79.86880530480511, 6.832748729642938], [79.868286662234, 6.832748729642938], [79.86802734094847, 6.833194697010953], [79.868286662234, 6.833640663963009], [79.86880530480511, 6.833640663963009], [79.86906462609065, 6.833194697010953], [79.86880530480511, 6.832748729642938]]]]}}, {"type": "Feature", "properties": {"hex_id": 168, "is_edge": false, "Hex_area": 8660.254, "Hex_area_full": 8660.254, "area_ratio": 1.0, "completeness_class": "core", "snap_ok": true, "analysis_ok": true, "node_id": 6903.0, "dist_food_m": 91.054, "time_food_min": 1.138, "reach_food_5": true, "reach_food_10": true, "reach_food_15": true, "count_food_10": 48, "dist_education_m": 436.255, "time_education_min": 5.453, "reach_education_5": false, "reach_education_10": true, "reach_education_15": true, "count_education_10": 3, "dist_health_m": 218.457, "time_health_min": 2.731, "reach_health_5": true, "reach_health_10": true, "reach_health_15": true, "count_health_10": 4, "dist_transit_m": 218.457, "time_transit_min": 2.731, "reach_transit_5": true, "reach_transit_10": true, "reach_transit_15": true, "count_transit_10": 10, "dist_finance_m": 255.826, "time_finance_min": 3.198, "reach_finance_5": true, "reach_finance_10": true, "reach_finance_15": true, "count_finance_10": 10, "dist_open_space_m": 370.459, "time_open_space_min": 4.631, "reach_open_space_5": true, "reach_open_space_10": true, "reach_open_space_15": true, "count_open_space_10": 2, "groups_within_10": 6, "access_score": 1.0, "access_tier": "high", "mean_BtA5000": 1.6666667262733335, "mismatch_flag": false}, "geometry": {"type": "MultiPolygon", "coordinates": [[[[79.86958326866176, 6.83230276185899], [79.86906462609065, 6.83230276185899], [79.86880530480511, 6.832748729642938], [79.86906462609065, 6.833194697010953], [79.86958326866176, 6.833194697010953], [79.86984258994731, 6.832748729642938], [79.86958326866176, 6.83230276185899]]]]}}, {"type": "Feature", "properties": {"hex_id": 169, "is_edge": false, "Hex_area": 8660.254, "Hex_area_full": 8660.254, "area_ratio": 1.0, "completeness_class": "core", "snap_ok": true, "analysis_ok": true, "node_id": 6904.0, "dist_food_m": 184.177, "time_food_min": 2.302, "reach_food_5": true, "reach_food_10": true, "reach_food_15": true, "count_food_10": 44, "dist_education_m": 539.999, "time_education_min": 6.75, "reach_education_5": false, "reach_education_10": true, "reach_education_15": true, "count_education_10": 3, "dist_health_m": 322.202, "time_health_min": 4.028, "reach_health_5": true, "reach_health_10": true, "reach_health_15": true, "count_health_10": 4, "dist_transit_m": 322.202, "time_transit_min": 4.028, "reach_transit_5": true, "reach_transit_10": true, "reach_transit_15": true, "count_transit_10": 7, "dist_finance_m": 359.57, "time_finance_min": 4.495, "reach_finance_5": true, "reach_finance_10": true, "reach_finance_15": true, "count_finance_10": 11, "dist_open_space_m": 406.453, "time_open_space_min": 5.081, "reach_open_space_5": false, "reach_open_space_10": true, "reach_open_space_15": true, "count_open_space_10": 2, "groups_within_10": 6, "access_score": 1.0, "access_tier": "high", "mean_BtA5000": 7.0, "mismatch_flag": false}, "geometry": {"type": "MultiPolygon", "coordinates": [[[[79.87036123251839, 6.832748729642938], [79.86984258994731, 6.832748729642938], [79.86958326866176, 6.833194697010953], [79.86984258994731, 6.833640663963009], [79.87036123251839, 6.833640663963009], [79.87062055380396, 6.833194697010953], [79.87036123251839, 6.832748729642938]]]]}}, {"type": "Feature", "properties": {"hex_id": 170, "is_edge": false, "Hex_area": 8660.254, "Hex_area_full": 8660.254, "area_ratio": 1.0, "completeness_class": "core", "snap_ok": true, "analysis_ok": true, "node_id": 6905.0, "dist_food_m": 55.834, "time_food_min": 0.698, "reach_food_5": true, "reach_food_10": true, "reach_food_15": true, "count_food_10": 41, "dist_education_m": 584.807, "time_education_min": 7.31, "reach_education_5": false, "reach_education_10": true, "reach_education_15": true, "count_education_10": 3, "dist_health_m": 450.545, "time_health_min": 5.632, "reach_health_5": false, "reach_health_10": true, "reach_health_15": true, "count_health_10": 3, "dist_transit_m": 450.545, "time_transit_min": 5.632, "reach_transit_5": false, "reach_transit_10": true, "reach_transit_15": true, "count_transit_10": 8, "dist_finance_m": 470.975, "time_finance_min": 5.887, "reach_finance_5": false, "reach_finance_10": true, "reach_finance_15": true, "count_finance_10": 9, "dist_open_space_m": 278.11, "time_open_space_min": 3.476, "reach_open_space_5": true, "reach_open_space_10": true, "reach_open_space_15": true, "count_open_space_10": 1, "groups_within_10": 6, "access_score": 1.0, "access_tier": "high", "mean_BtA5000": 3.6473681256174997, "mismatch_flag": false}, "geometry": {"type": "MultiPolygon", "coordinates": [[[[79.87113919637505, 6.83230276185899], [79.87062055380396, 6.83230276185899], [79.87036123251839, 6.832748729642938], [79.87062055380396, 6.833194697010953], [79.87113919637505, 6.833194697010953], [79.87139851766061, 6.832748729642938], [79.87113919637505, 6.83230276185899]]]]}}, {"type": "Feature", "properties": {"hex_id": 171, "is_edge": false, "Hex_area": 8660.254, "Hex_area_full": 8660.254, "area_ratio": 1.0, "completeness_class": "core", "snap_ok": true, "analysis_ok": true, "node_id": 6906.0, "dist_food_m": 209.821, "time_food_min": 2.623, "reach_food_5": true, "reach_food_10": true, "reach_food_15": true, "count_food_10": 36, "dist_education_m": 616.238, "time_education_min": 7.703, "reach_education_5": false, "reach_education_10": true, "reach_education_15": true, "count_education_10": 3, "dist_health_m": 513.515, "time_health_min": 6.419, "reach_health_5": false, "reach_health_10": true, "reach_health_15": true, "count_health_10": 2, "dist_transit_m": 513.515, "time_transit_min": 6.419, "reach_transit_5": false, "reach_transit_10": true, "reach_transit_15": true, "count_transit_10": 7, "dist_finance_m": 430.769, "time_finance_min": 5.385, "reach_finance_5": false, "reach_finance_10": true, "reach_finance_15": true, "count_finance_10": 8, "dist_open_space_m": 386.564, "time_open_space_min": 4.832, "reach_open_space_5": true, "reach_open_space_10": true, "reach_open_space_15": true, "count_open_space_10": 1, "groups_within_10": 6, "access_score": 1.0, "access_tier": "high", "mean_BtA5000": 3.0171868056049997, "mismatch_flag": false}, "geometry": {"type": "MultiPolygon", "coordinates": [[[[79.8719171602317, 6.832748729642938], [79.87139851766061, 6.832748729642938], [79.87113919637505, 6.833194697010953], [79.87139851766061, 6.833640663963009], [79.8719171602317, 6.833640663963009], [79.87217648151724, 6.833194697010953], [79.8719171602317, 6.832748729642938]]]]}}, {"type": "Feature", "properties": {"hex_id": 172, "is_edge": true, "Hex_area": 8104.5895, "Hex_area_full": 8660.254, "area_ratio": 0.935837, "completeness_class": "near_complete", "snap_ok": true, "analysis_ok": true, "node_id": 6907.0, "dist_food_m": 193.075, "time_food_min": 2.413, "reach_food_5": true, "reach_food_10": true, "reach_food_15": true, "count_food_10": 29, "dist_education_m": 557.754, "time_education_min": 6.972, "reach_education_5": false, "reach_education_10": true, "reach_education_15": true, "count_education_10": 3, "dist_health_m": 639.282, "time_health_min": 7.991, "reach_health_5": false, "reach_health_10": true, "reach_health_15": true, "count_health_10": 3, "dist_transit_m": 639.282, "time_transit_min": 7.991, "reach_transit_5": false, "reach_transit_10": true, "reach_transit_15": true, "count_transit_10": 5, "dist_finance_m": 305.002, "time_finance_min": 3.813, "reach_finance_5": true, "reach_finance_10": true, "reach_finance_15": true, "count_finance_10": 5, "dist_open_space_m": 436.326, "time_open_space_min": 5.454, "reach_open_space_5": false, "reach_open_space_10": true, "reach_open_space_15": true, "count_open_space_10": 2, "groups_within_10": 6, "access_score": 1.0, "access_tier": "high", "mean_BtA5000": 0.6709892451775, "mismatch_flag": false}, "geometry": {"type": "MultiPolygon", "coordinates": [[[[79.87269512408835, 6.83230276185899], [79.87217648151724, 6.83230276185899], [79.8719171602317, 6.832748729642938], [79.87217648151724, 6.833194697010953], [79.87269512408835, 6.833194697010953], [79.87272730902933, 6.833139347032539], [79.87272869442752, 6.833130594466567], [79.87273266028124, 6.8331050278130805], [79.87273641299217, 6.8330802962600705], [79.87273995256027, 6.833056399807535], [79.8727432789856, 6.8330333384554764], [79.87274748244111, 6.8330078137317205], [79.87275256292688, 6.832979825636267], [79.87275852044282, 6.832949374169118], [79.87276535498897, 6.832916459330269], [79.87277306656534, 6.832881081119725], [79.8727816551719, 6.832843239537484], [79.87279112080867, 6.832802934583544], [79.87280146347565, 6.832760166257907], [79.87280945108941, 6.832709354412204], [79.87282916505089, 6.832661128233044], [79.87283989906203, 6.832618192188481], [79.87284419476934, 6.8325591262152745], [79.87269512408835, 6.83230276185899]]]]}}, {"type": "Feature", "properties": {"hex_id": 173, "is_edge": true, "Hex_area": 12.5967, "Hex_area_full": 8660.254, "area_ratio": 0.001455, "completeness_class": "sliver", "snap_ok": true, "analysis_ok": false, "node_id": 6908.0, "dist_food_m": 177.329, "time_food_min": 2.217, "reach_food_5": true, "reach_food_10": true, "reach_food_15": true, "count_food_10": 23, "dist_education_m": 542.008, "time_education_min": 6.775, "reach_education_5": false, "reach_education_10": true, "reach_education_15": true, "count_education_10": 2, "dist_health_m": 702.059, "time_health_min": 8.776, "reach_health_5": false, "reach_health_10": true, "reach_health_15": true, "count_health_10": 3, "dist_transit_m": 702.059, "time_transit_min": 8.776, "reach_transit_5": false, "reach_transit_10": true, "reach_transit_15": true, "count_transit_10": 5, "dist_finance_m": 289.256, "time_finance_min": 3.616, "reach_finance_5": true, "reach_finance_10": true, "reach_finance_15": true, "count_finance_10": 4, "dist_open_space_m": 476.508, "time_open_space_min": 5.956, "reach_open_space_5": false, "reach_open_space_10": true, "reach_open_space_15": true, "count_open_space_10": 2, "groups_within_10": 6, "access_score": 1.0, "access_tier": "excluded", "mean_BtA5000": 0.9299600422400001, "mismatch_flag": false}, "geometry": {"type": "MultiPolygon", "coordinates": [[[[79.87269512408835, 6.833194697010953], [79.87271325549806, 6.833225878458379], [79.87271551800956, 6.833212305029886], [79.87272012329166, 6.833184233074971], [79.872724515431, 6.833156996220533], [79.87272730902933, 6.833139347032539], [79.87269512408835, 6.833194697010953]]]]}}, {"type": "Feature", "properties": {"hex_id": 174, "is_edge": true, "Hex_area": 249.1628, "Hex_area_full": 8660.254, "area_ratio": 0.028771, "completeness_class": "sliver", "snap_ok": false, "analysis_ok": false, "node_id": null, "dist_food_m": null, "time_food_min": null, "reach_food_5": false, "reach_food_10": false, "reach_food_15": false, "count_food_10": 0, "dist_education_m": null, "time_education_min": null, "reach_education_5": false, "reach_education_10": false, "reach_education_15": false, "count_education_10": 0, "dist_health_m": null, "time_health_min": null, "reach_health_5": false, "reach_health_10": false, "reach_health_15": false, "count_health_10": 0, "dist_transit_m": null, "time_transit_min": null, "reach_transit_5": false, "reach_transit_10": false, "reach_transit_15": false, "count_transit_10": 0, "dist_finance_m": null, "time_finance_min": null, "reach_finance_5": false, "reach_finance_10": false, "reach_finance_15": false, "count_finance_10": 0, "dist_open_space_m": null, "time_open_space_min": null, "reach_open_space_5": false, "reach_open_space_10": false, "reach_open_space_15": false, "count_open_space_10": 0, "groups_within_10": 0, "access_score": null, "access_tier": "excluded", "mean_BtA5000": null, "mismatch_flag": false}, "geometry": {"type": "MultiPolygon", "coordinates": [[[[79.86104356173098, 6.8336714396634175], [79.86103919556521, 6.833693270491921], [79.8610335490281, 6.833726031588421], [79.8610294119613, 6.833755773744288], [79.86102678436482, 6.833782496959521], [79.86102566623865, 6.8338062012341245], [79.86102605758282, 6.833826886568091], [79.86102795839729, 6.833844552961426], [79.86103136868208, 6.8338592004141265], [79.86103628843719, 6.833870828926196], [79.861041515677, 6.8338811715931795], [79.86104705040148, 6.833890228415078], [79.86105289261067, 6.833897999391894], [79.86105904230456, 6.833904484523625], [79.86106549948312, 6.833909683810271], [79.86107226414639, 6.833913597251834], [79.86107933629437, 6.833916224848311], [79.86108671592702, 6.833917566599703], [79.86109448690384, 6.833918712679017], [79.8611026492248, 6.833919663086252], [79.86111120288992, 6.833920417821412], [79.86112014789921, 6.833920976884491], [79.86112948425264, 6.833921340275492], [79.86113921195023, 6.833921507994417], [79.86114933099202, 6.833921480041264], [79.86115984137791, 6.833921256416032], [79.86117037971697, 6.833921368228648], [79.86118094600917, 6.833921815479111], [79.86118951889591, 6.83392244883222], [79.86104356173098, 6.8336714396634175]]]]}}, {"type": "Feature", "properties": {"hex_id": 175, "is_edge": true, "Hex_area": 8527.406, "Hex_area_full": 8660.254, "area_ratio": 0.98466, "completeness_class": "core", "snap_ok": true, "analysis_ok": true, "node_id": 83.0, "dist_food_m": 0.0, "time_food_min": 0.0, "reach_food_5": true, "reach_food_10": true, "reach_food_15": true, "count_food_10": 27, "dist_education_m": 408.509, "time_education_min": 5.106, "reach_education_5": false, "reach_education_10": true, "reach_education_15": true, "count_education_10": 3, "dist_health_m": 727.742, "time_health_min": 9.097, "reach_health_5": false, "reach_health_10": true, "reach_health_15": true, "count_health_10": 3, "dist_transit_m": 666.483, "time_transit_min": 8.331, "reach_transit_5": false, "reach_transit_10": true, "reach_transit_15": true, "count_transit_10": 5, "dist_finance_m": 259.56, "time_finance_min": 3.244, "reach_finance_5": true, "reach_finance_10": true, "reach_finance_15": true, "count_finance_10": 4, "dist_open_space_m": 203.052, "time_open_space_min": 2.538, "reach_open_space_5": true, "reach_open_space_10": true, "reach_open_space_15": true, "count_open_space_10": 3, "groups_within_10": 6, "access_score": 1.0, "access_tier": "high", "mean_BtA5000": null, "mismatch_flag": false}, "geometry": {"type": "MultiPolygon", "coordinates": [[[[79.86206295138084, 6.833640663963009], [79.86180363009527, 6.833194697010953], [79.8612849875242, 6.833194697010953], [79.86108360062009, 6.833541031531746], [79.86107173303648, 6.833572848304442], [79.86105719739639, 6.8336173497256265], [79.86104635157264, 6.833657490454786], [79.86104356173098, 6.8336714396634175], [79.86118951889591, 6.83392244883222], [79.86119154025457, 6.833922598167423], [79.86120216245308, 6.833923716293585], [79.86121281260476, 6.833925169857594], [79.86122349070959, 6.83392695885945], [79.86123419676757, 6.833929083299155], [79.86124493077871, 6.833931543176708], [79.8612548261952, 6.833934282585801], [79.86126388301713, 6.833937301526435], [79.86127210124441, 6.833940599998607], [79.86127948087707, 6.833944178002321], [79.8612860219151, 6.833948035537575], [79.86129172435854, 6.833952172604368], [79.86129658820731, 6.833956589202702], [79.86130061346151, 6.833961285332574], [79.86130357649583, 6.8339667641507615], [79.8613054773103, 6.833973025657259], [79.86130631590493, 6.83398006985207], [79.86130609227968, 6.833987896735194], [79.86130480643459, 6.833996506306629], [79.86130245836965, 6.834005898566375], [79.86129904808487, 6.834016073514436], [79.86129457558022, 6.834027031150809], [79.86129116529543, 6.834038463990799], [79.8612888172305, 6.834050372034407], [79.86128753138541, 6.834062755281634], [79.86128730776018, 6.834075613732479], [79.8612880006386, 6.834086630499081], [79.86175585585863, 6.834086630499081], [79.86175870974941, 6.834085397336384], [79.8617760407049, 6.834078353141572], [79.86179258897205, 6.834072091635074], [79.86180835455093, 6.834066612816889], [79.86181681130107, 6.834063962193715], [79.86206295138084, 6.833640663963009]]]]}}, {"type": "Feature", "properties": {"hex_id": 176, "is_edge": true, "Hex_area": 7265.3395, "Hex_area_full": 8660.254, "area_ratio": 0.838929, "completeness_class": "partial", "snap_ok": true, "analysis_ok": false, "node_id": 6909.0, "dist_food_m": 107.635, "time_food_min": 1.345, "reach_food_5": true, "reach_food_10": true, "reach_food_15": true, "count_food_10": 13, "dist_education_m": 442.412, "time_education_min": 5.53, "reach_education_5": false, "reach_education_10": true, "reach_education_15": true, "count_education_10": 3, "dist_health_m": 890.84, "time_health_min": 11.136, "reach_health_5": false, "reach_health_10": false, "reach_health_15": true, "count_health_10": 0, "dist_transit_m": 829.582, "time_transit_min": 10.37, "reach_transit_5": false, "reach_transit_10": false, "reach_transit_15": true, "count_transit_10": 0, "dist_finance_m": 422.658, "time_finance_min": 5.283, "reach_finance_5": false, "reach_finance_10": true, "reach_finance_15": true, "count_finance_10": 2, "dist_open_space_m": 185.541, "time_open_space_min": 2.319, "reach_open_space_5": true, "reach_open_space_10": true, "reach_open_space_15": true, "count_open_space_10": 3, "groups_within_10": 4, "access_score": 0.6667, "access_tier": "excluded", "mean_BtA5000": null, "mismatch_flag": false}, "geometry": {"type": "MultiPolygon", "coordinates": [[[[79.86258159395194, 6.834532596619141], [79.86284091523748, 6.834086630499081], [79.86258159395194, 6.833640663963009], [79.86206295138084, 6.833640663963009], [79.86181681130107, 6.834063962193715], [79.86182333744149, 6.834061916687013], [79.86183753764374, 6.834058003245453], [79.86185095515764, 6.834054872492202], [79.8618639254211, 6.834052356708343], [79.86187644843412, 6.834050455893869], [79.86188852419664, 6.834049170048785], [79.8619001527087, 6.834048499173088], [79.86191133397031, 6.834048443266781], [79.86192206798145, 6.834049002329861], [79.86193235474211, 6.83405017636233], [79.86194219425235, 6.834051965364186], [79.86195158651209, 6.834054033897583], [79.86196053152138, 6.834056381962521], [79.86196902928019, 6.834059009558997], [79.86197707978856, 6.834061916687013], [79.86198468304644, 6.834065103346572], [79.86199183905387, 6.834068569537671], [79.86199854781083, 6.8340723152603085], [79.86200480931733, 6.834076340514484], [79.8620117416995, 6.834080980738051], [79.8620193449574, 6.834086235931005], [79.862027619091, 6.834092106093346], [79.86203656410026, 6.834098591225075], [79.86204617998526, 6.834105691326194], [79.86205646674594, 6.834113406396702], [79.86206742438229, 6.834121736436596], [79.86207905289436, 6.834130681445881], [79.86209017824967, 6.834139570548857], [79.86210080044819, 6.834148403745523], [79.86211091948995, 6.834157181035883], [79.86212053537491, 6.834165902419935], [79.86212964810314, 6.834174567897677], [79.86213825767456, 6.834183177469113], [79.86214636408923, 6.834191731134239], [79.86215396734713, 6.834200228893058], [79.8621608018933, 6.834207943963566], [79.86216686772768, 6.83421487634576], [79.86217216485039, 6.834221026039641], [79.86217669326133, 6.834226393045211], [79.86218045296053, 6.834230977362468], [79.86218344394803, 6.834234778991415], [79.86218566622378, 6.834237797932049], [79.8621871197878, 6.834240034184369], [79.8621878535581, 6.834242542979942], [79.8621878675347, 6.834245324318767], [79.86218716171754, 6.834248378200841], [79.8621857361067, 6.834251704626167], [79.86218359070213, 6.834255303594748], [79.86218072550383, 6.834259175106579], [79.86217714051183, 6.834263319161658], [79.86217283572614, 6.834267735759995], [79.86216882444853, 6.8342721244051745], [79.86216510667904, 6.834276485097198], [79.86216168241766, 6.834280817836071], [79.86215855166444, 6.834285122621789], [79.86215571441929, 6.834289399454352], [79.86215317068229, 6.834293648333762], [79.86215092045337, 6.834297869260017], [79.8621489637326, 6.834302062233119], [79.86214728654338, 6.83430658365578], [79.86214588888566, 6.8343114335280015], [79.86214477075949, 6.834316611849782], [79.86214393216488, 6.834322118621123], [79.86214337310179, 6.8343279538420205], [79.86214309357027, 6.83433411751248], [79.86214309357027, 6.8343406096325], [79.86214337310179, 6.834347430202078], [79.86214377842253, 6.834354069076156], [79.86214430953245, 6.83436052625473], [79.86214496643157, 6.834366801737808], [79.8621457491199, 6.83437289552538], [79.8621466575974, 6.8343788076174565], [79.8621476918641, 6.834384538014029], [79.86214885191998, 6.834390086715097], [79.86215013776504, 6.83439545372067], [79.86215098334796, 6.834401519555089], [79.8621513886687, 6.834408284218359], [79.86215135372724, 6.83441574771048], [79.86215087852364, 6.834423910031452], [79.86214996305786, 6.834432771181273], [79.86214860732989, 6.834442331159945], [79.86214681133976, 6.834452589967465], [79.86214457508743, 6.8344635476038365], [79.8621429538045, 6.834473988106859], [79.86214194749097, 6.834483911476534], [79.86214155614681, 6.834493317712858], [79.86214177977203, 6.834502206815834], [79.86214261836666, 6.83451057878546], [79.86214407193067, 6.834518433621737], [79.86214614046406, 6.834525771324666], [79.86214882396685, 6.834532591894242], [79.8621488263237, 6.834532596619141], [79.86221870356859, 6.834532596619141], [79.86221990883749, 6.834531222189696], [79.86222284391864, 6.834527392607596], [79.86222552742146, 6.83452336735342], [79.86222795934586, 6.834519146427163], [79.86223013969186, 6.83451472982883], [79.86223206845949, 6.834510117558419], [79.86223374564871, 6.8345053096159285], [79.86223549272086, 6.834500627462631], [79.86223730967588, 6.834496071098528], [79.86223919651376, 6.834491640523615], [79.86224115323454, 6.8344873357379], [79.8622431798382, 6.834483156741374], [79.86224527632476, 6.8344791035340435], [79.8622474426942, 6.8344751761159035], [79.8622496789465, 6.83447137448696], [79.86225208291776, 6.834467684670628], [79.86225465460792, 6.834464106666917], [79.86225739401702, 6.834460640475817], [79.86226030114506, 6.834457286097338], [79.862263375992, 6.834454043531473], [79.86226661855787, 6.834450912778223], [79.86227002884263, 6.8344478938375905], [79.86227360684634, 6.834444986709574], [79.86227714292033, 6.834442415019405], [79.86228063706456, 6.834440178767084], [79.86228408927909, 6.83443827795261], [79.86228749956388, 6.834436712575985], [79.86229086791894, 6.83443548263721], [79.86229419434427, 6.834434588136281], [79.86229747883986, 6.834434029073203], [79.86230072140572, 6.834433805447969], [79.86230410373734, 6.834433945213739], [79.86230762583476, 6.834434448370511], [79.86231128769795, 6.834435314918284], [79.86231508932688, 6.834436544857062], [79.8623190307216, 6.834438138186841], [79.8623231118821, 6.834440094907623], [79.86232733280835, 6.834442415019405], [79.8623316935004, 6.834445098522188], [79.86233590045008, 6.834447586352898], [79.86233995365738, 6.834449878511525], [79.86234385312237, 6.834451974998077], [79.86234759884502, 6.834453875812548], [79.8623511908253, 6.834455580954944], [79.86235462906326, 6.834457090425261], [79.86235791355885, 6.834458404223499], [79.86236104431211, 6.834459522349656], [79.86236406325271, 6.8344605566163565], [79.86236697038075, 6.834461507023592], [79.86236976569614, 6.834462373571368], [79.86237244919893, 6.834463156259679], [79.86237502088909, 6.83446385508853], [79.86237748076664, 6.834464470057918], [79.86237982883159, 6.834465001167844], [79.86238206508392, 6.834465448418309], [79.86238432928938, 6.83446604941112], [79.86238662144802, 6.834466804146278], [79.86238894155979, 6.834467712623784], [79.86239128962472, 6.834468774843636], [79.86239366564281, 6.834469990805835], [79.86239606961406, 6.834471360510382], [79.86239850153846, 6.834472883957274], [79.86240096141603, 6.834474561146517], [79.86240337936384, 6.834476447984413], [79.86240575538193, 6.834478544470963], [79.8624080894703, 6.8344808506061705], [79.86241038162893, 6.83448336639003], [79.86241263185782, 6.834486091822545], [79.86241484015699, 6.834489026903718], [79.86241700652643, 6.834492171633543], [79.86241913096613, 6.834495526012024], [79.86242122745267, 6.834498852437351], [79.86242329598606, 6.8345021509095245], [79.86242533656632, 6.8345054214285454], [79.8624273491934, 6.834508663994411], [79.86242933386734, 6.834511878607121], [79.8624312905881, 6.83451506526668], [79.86243321935575, 6.834518223973081], [79.8624351201702, 6.83452135472633], [79.8624365248162, 6.834525065507524], [79.86243743329372, 6.834529356316665], [79.86243770758043, 6.834532596619141], [79.86258159395194, 6.834532596619141]]]]}}, {"type": "Feature", "properties": {"hex_id": 177, "is_edge": false, "Hex_area": 8660.254, "Hex_area_full": 8660.254, "area_ratio": 1.0, "completeness_class": "core", "snap_ok": true, "analysis_ok": true, "node_id": 4258.0, "dist_food_m": 130.445, "time_food_min": 1.631, "reach_food_5": true, "reach_food_10": true, "reach_food_15": true, "count_food_10": 12, "dist_education_m": 465.222, "time_education_min": 5.815, "reach_education_5": false, "reach_education_10": true, "reach_education_15": true, "count_education_10": 3, "dist_health_m": 913.65, "time_health_min": 11.421, "reach_health_5": false, "reach_health_10": false, "reach_health_15": true, "count_health_10": 0, "dist_transit_m": 852.392, "time_transit_min": 10.655, "reach_transit_5": false, "reach_transit_10": false, "reach_transit_15": true, "count_transit_10": 0, "dist_finance_m": 445.468, "time_finance_min": 5.568, "reach_finance_5": false, "reach_finance_10": true, "reach_finance_15": true, "count_finance_10": 2, "dist_open_space_m": 208.351, "time_open_space_min": 2.604, "reach_open_space_5": true, "reach_open_space_10": true, "reach_open_space_15": true, "count_open_space_10": 3, "groups_within_10": 4, "access_score": 0.6667, "access_tier": "medium", "mean_BtA5000": 14.348947212099999, "mismatch_flag": false}, "geometry": {"type": "MultiPolygon", "coordinates": [[[[79.8633595578086, 6.833194697010953], [79.86284091523748, 6.833194697010953], [79.86258159395194, 6.833640663963009], [79.86284091523748, 6.834086630499081], [79.8633595578086, 6.834086630499081], [79.86361887909413, 6.833640663963009], [79.8633595578086, 6.833194697010953]]]]}}, {"type": "Feature", "properties": {"hex_id": 178, "is_edge": false, "Hex_area": 8660.254, "Hex_area_full": 8660.254, "area_ratio": 1.0, "completeness_class": "core", "snap_ok": true, "analysis_ok": true, "node_id": 6910.0, "dist_food_m": 138.294, "time_food_min": 1.729, "reach_food_5": true, "reach_food_10": true, "reach_food_15": true, "count_food_10": 38, "dist_education_m": 287.244, "time_education_min": 3.591, "reach_education_5": true, "reach_education_10": true, "reach_education_15": true, "count_education_10": 4, "dist_health_m": 606.477, "time_health_min": 7.581, "reach_health_5": false, "reach_health_10": true, "reach_health_15": true, "count_health_10": 3, "dist_transit_m": 545.218, "time_transit_min": 6.815, "reach_transit_5": false, "reach_transit_10": true, "reach_transit_15": true, "count_transit_10": 6, "dist_finance_m": 138.294, "time_finance_min": 1.729, "reach_finance_5": true, "reach_finance_10": true, "reach_finance_15": true, "count_finance_10": 9, "dist_open_space_m": 98.822, "time_open_space_min": 1.235, "reach_open_space_5": true, "reach_open_space_10": true, "reach_open_space_15": true, "count_open_space_10": 3, "groups_within_10": 6, "access_score": 1.0, "access_tier": "high", "mean_BtA5000": 0.33333328366, "mismatch_flag": false}, "geometry": {"type": "MultiPolygon", "coordinates": [[[[79.86413752166523, 6.833640663963009], [79.86361887909413, 6.833640663963009], [79.8633595578086, 6.834086630499081], [79.86361887909413, 6.834532596619141], [79.86413752166523, 6.834532596619141], [79.86439684295078, 6.834086630499081], [79.86413752166523, 6.833640663963009]]]]}}, {"type": "Feature", "properties": {"hex_id": 179, "is_edge": false, "Hex_area": 8660.254, "Hex_area_full": 8660.254, "area_ratio": 1.0, "completeness_class": "core", "snap_ok": true, "analysis_ok": true, "node_id": 17.0, "dist_food_m": 24.575, "time_food_min": 0.307, "reach_food_5": true, "reach_food_10": true, "reach_food_15": true, "count_food_10": 47, "dist_education_m": 110.327, "time_education_min": 1.379, "reach_education_5": true, "reach_education_10": true, "reach_education_15": true, "count_education_10": 4, "dist_health_m": 527.068, "time_health_min": 6.588, "reach_health_5": false, "reach_health_10": true, "reach_health_15": true, "count_health_10": 3, "dist_transit_m": 465.809, "time_transit_min": 5.823, "reach_transit_5": false, "reach_transit_10": true, "reach_transit_15": true, "count_transit_10": 8, "dist_finance_m": 58.886, "time_finance_min": 0.736, "reach_finance_5": true, "reach_finance_10": true, "reach_finance_15": true, "count_finance_10": 10, "dist_open_space_m": 218.486, "time_open_space_min": 2.731, "reach_open_space_5": true, "reach_open_space_10": true, "reach_open_space_15": true, "count_open_space_10": 3, "groups_within_10": 6, "access_score": 1.0, "access_tier": "high", "mean_BtA5000": 15.934970855709999, "mismatch_flag": false}, "geometry": {"type": "MultiPolygon", "coordinates": [[[[79.86491548552188, 6.833194697010953], [79.86439684295078, 6.833194697010953], [79.86413752166523, 6.833640663963009], [79.86439684295078, 6.834086630499081], [79.86491548552188, 6.834086630499081], [79.8651748068074, 6.833640663963009], [79.86491548552188, 6.833194697010953]]]]}}, {"type": "Feature", "properties": {"hex_id": 180, "is_edge": false, "Hex_area": 8660.254, "Hex_area_full": 8660.254, "area_ratio": 1.0, "completeness_class": "core", "snap_ok": true, "analysis_ok": true, "node_id": 1800.0, "dist_food_m": 128.137, "time_food_min": 1.602, "reach_food_5": true, "reach_food_10": true, "reach_food_15": true, "count_food_10": 50, "dist_education_m": 163.889, "time_education_min": 2.049, "reach_education_5": true, "reach_education_10": true, "reach_education_15": true, "count_education_10": 4, "dist_health_m": 449.826, "time_health_min": 5.623, "reach_health_5": false, "reach_health_10": true, "reach_health_15": true, "count_health_10": 4, "dist_transit_m": 377.779, "time_transit_min": 4.722, "reach_transit_5": true, "reach_transit_10": true, "reach_transit_15": true, "count_transit_10": 9, "dist_finance_m": 162.447, "time_finance_min": 2.031, "reach_finance_5": true, "reach_finance_10": true, "reach_finance_15": true, "count_finance_10": 10, "dist_open_space_m": 322.048, "time_open_space_min": 4.026, "reach_open_space_5": true, "reach_open_space_10": true, "reach_open_space_15": true, "count_open_space_10": 3, "groups_within_10": 6, "access_score": 1.0, "access_tier": "high", "mean_BtA5000": 5.276098996399999, "mismatch_flag": false}, "geometry": {"type": "MultiPolygon", "coordinates": [[[[79.86569344937851, 6.833640663963009], [79.8651748068074, 6.833640663963009], [79.86491548552188, 6.834086630499081], [79.8651748068074, 6.834532596619141], [79.86569344937851, 6.834532596619141], [79.86595277066408, 6.834086630499081], [79.86569344937851, 6.833640663963009]]]]}}, {"type": "Feature", "properties": {"hex_id": 181, "is_edge": false, "Hex_area": 8660.254, "Hex_area_full": 8660.254, "area_ratio": 1.0, "completeness_class": "core", "snap_ok": true, "analysis_ok": true, "node_id": 6911.0, "dist_food_m": 137.646, "time_food_min": 1.721, "reach_food_5": true, "reach_food_10": true, "reach_food_15": true, "count_food_10": 56, "dist_education_m": 227.414, "time_education_min": 2.843, "reach_education_5": true, "reach_education_10": true, "reach_education_15": true, "count_education_10": 4, "dist_health_m": 248.383, "time_health_min": 3.105, "reach_health_5": true, "reach_health_10": true, "reach_health_15": true, "count_health_10": 5, "dist_transit_m": 187.125, "time_transit_min": 2.339, "reach_transit_5": true, "reach_transit_10": true, "reach_transit_15": true, "count_transit_10": 10, "dist_finance_m": 234.906, "time_finance_min": 2.936, "reach_finance_5": true, "reach_finance_10": true, "reach_finance_15": true, "count_finance_10": 11, "dist_open_space_m": 418.199, "time_open_space_min": 5.227, "reach_open_space_5": false, "reach_open_space_10": true, "reach_open_space_15": true, "count_open_space_10": 4, "groups_within_10": 6, "access_score": 1.0, "access_tier": "high", "mean_BtA5000": 8.73957824707, "mismatch_flag": false}, "geometry": {"type": "MultiPolygon", "coordinates": [[[[79.86647141323516, 6.833194697010953], [79.86595277066408, 6.833194697010953], [79.86569344937851, 6.833640663963009], [79.86595277066408, 6.834086630499081], [79.86647141323516, 6.834086630499081], [79.86673073452073, 6.833640663963009], [79.86647141323516, 6.833194697010953]]]]}}, {"type": "Feature", "properties": {"hex_id": 182, "is_edge": false, "Hex_area": 8660.254, "Hex_area_full": 8660.254, "area_ratio": 1.0, "completeness_class": "core", "snap_ok": true, "analysis_ok": true, "node_id": 6912.0, "dist_food_m": 258.86, "time_food_min": 3.236, "reach_food_5": true, "reach_food_10": true, "reach_food_15": true, "count_food_10": 53, "dist_education_m": 348.628, "time_education_min": 4.358, "reach_education_5": true, "reach_education_10": true, "reach_education_15": true, "count_education_10": 4, "dist_health_m": 369.597, "time_health_min": 4.62, "reach_health_5": true, "reach_health_10": true, "reach_health_15": true, "count_health_10": 5, "dist_transit_m": 297.549, "time_transit_min": 3.719, "reach_transit_5": true, "reach_transit_10": true, "reach_transit_15": true, "count_transit_10": 9, "dist_finance_m": 312.423, "time_finance_min": 3.905, "reach_finance_5": true, "reach_finance_10": true, "reach_finance_15": true, "count_finance_10": 10, "dist_open_space_m": 513.84, "time_open_space_min": 6.423, "reach_open_space_5": false, "reach_open_space_10": true, "reach_open_space_15": true, "count_open_space_10": 3, "groups_within_10": 6, "access_score": 1.0, "access_tier": "high", "mean_BtA5000": 131.82943386833, "mismatch_flag": false}, "geometry": {"type": "MultiPolygon", "coordinates": [[[[79.86724937709182, 6.833640663963009], [79.86673073452073, 6.833640663963009], [79.86647141323516, 6.834086630499081], [79.86673073452073, 6.834532596619141], [79.86724937709182, 6.834532596619141], [79.86750869837736, 6.834086630499081], [79.86724937709182, 6.833640663963009]]]]}}, {"type": "Feature", "properties": {"hex_id": 183, "is_edge": false, "Hex_area": 8660.254, "Hex_area_full": 8660.254, "area_ratio": 1.0, "completeness_class": "core", "snap_ok": true, "analysis_ok": true, "node_id": 6913.0, "dist_food_m": 21.242, "time_food_min": 0.266, "reach_food_5": true, "reach_food_10": true, "reach_food_15": true, "count_food_10": 54, "dist_education_m": 313.269, "time_education_min": 3.916, "reach_education_5": true, "reach_education_10": true, "reach_education_15": true, "count_education_10": 4, "dist_health_m": 95.472, "time_health_min": 1.193, "reach_health_5": true, "reach_health_10": true, "reach_health_15": true, "count_health_10": 5, "dist_transit_m": 95.472, "time_transit_min": 1.193, "reach_transit_5": true, "reach_transit_10": true, "reach_transit_15": true, "count_transit_10": 10, "dist_finance_m": 132.84, "time_finance_min": 1.661, "reach_finance_5": true, "reach_finance_10": true, "reach_finance_15": true, "count_finance_10": 11, "dist_open_space_m": 504.054, "time_open_space_min": 6.301, "reach_open_space_5": false, "reach_open_space_10": true, "reach_open_space_15": true, "count_open_space_10": 2, "groups_within_10": 6, "access_score": 1.0, "access_tier": "high", "mean_BtA5000": 197.57748413086, "mismatch_flag": false}, "geometry": {"type": "MultiPolygon", "coordinates": [[[[79.86802734094847, 6.833194697010953], [79.86750869837736, 6.833194697010953], [79.86724937709182, 6.833640663963009], [79.86750869837736, 6.834086630499081], [79.86802734094847, 6.834086630499081], [79.868286662234, 6.833640663963009], [79.86802734094847, 6.833194697010953]]]]}}, {"type": "Feature", "properties": {"hex_id": 184, "is_edge": false, "Hex_area": 8660.254, "Hex_area_full": 8660.254, "area_ratio": 1.0, "completeness_class": "core", "snap_ok": true, "analysis_ok": true, "node_id": 1714.0, "dist_food_m": 18.213, "time_food_min": 0.228, "reach_food_5": true, "reach_food_10": true, "reach_food_15": true, "count_food_10": 46, "dist_education_m": 587.519, "time_education_min": 7.344, "reach_education_5": false, "reach_education_10": true, "reach_education_15": true, "count_education_10": 3, "dist_health_m": 369.722, "time_health_min": 4.622, "reach_health_5": true, "reach_health_10": true, "reach_health_15": true, "count_health_10": 4, "dist_transit_m": 317.375, "time_transit_min": 3.967, "reach_transit_5": true, "reach_transit_10": true, "reach_transit_15": true, "count_transit_10": 9, "dist_finance_m": 347.495, "time_finance_min": 4.344, "reach_finance_5": true, "reach_finance_10": true, "reach_finance_15": true, "count_finance_10": 7, "dist_open_space_m": 521.723, "time_open_space_min": 6.522, "reach_open_space_5": false, "reach_open_space_10": true, "reach_open_space_15": true, "count_open_space_10": 2, "groups_within_10": 6, "access_score": 1.0, "access_tier": "high", "mean_BtA5000": 0.329585686325, "mismatch_flag": false}, "geometry": {"type": "MultiPolygon", "coordinates": [[[[79.86880530480511, 6.833640663963009], [79.868286662234, 6.833640663963009], [79.86802734094847, 6.834086630499081], [79.868286662234, 6.834532596619141], [79.86880530480511, 6.834532596619141], [79.86906462609065, 6.834086630499081], [79.86880530480511, 6.833640663963009]]]]}}, {"type": "Feature", "properties": {"hex_id": 185, "is_edge": false, "Hex_area": 8660.254, "Hex_area_full": 8660.254, "area_ratio": 1.0, "completeness_class": "core", "snap_ok": true, "analysis_ok": true, "node_id": 6914.0, "dist_food_m": 12.856, "time_food_min": 0.161, "reach_food_5": true, "reach_food_10": true, "reach_food_15": true, "count_food_10": 45, "dist_education_m": 541.764, "time_education_min": 6.772, "reach_education_5": false, "reach_education_10": true, "reach_education_15": true, "count_education_10": 3, "dist_health_m": 323.967, "time_health_min": 4.05, "reach_health_5": true, "reach_health_10": true, "reach_health_15": true, "count_health_10": 5, "dist_transit_m": 323.967, "time_transit_min": 4.05, "reach_transit_5": true, "reach_transit_10": true, "reach_transit_15": true, "count_transit_10": 9, "dist_finance_m": 361.336, "time_finance_min": 4.517, "reach_finance_5": true, "reach_finance_10": true, "reach_finance_15": true, "count_finance_10": 10, "dist_open_space_m": 475.969, "time_open_space_min": 5.95, "reach_open_space_5": false, "reach_open_space_10": true, "reach_open_space_15": true, "count_open_space_10": 2, "groups_within_10": 6, "access_score": 1.0, "access_tier": "high", "mean_BtA5000": 0.33333334327, "mismatch_flag": false}, "geometry": {"type": "MultiPolygon", "coordinates": [[[[79.86958326866176, 6.833194697010953], [79.86906462609065, 6.833194697010953], [79.86880530480511, 6.833640663963009], [79.86906462609065, 6.834086630499081], [79.86958326866176, 6.834086630499081], [79.86984258994731, 6.833640663963009], [79.86958326866176, 6.833194697010953]]]]}}, {"type": "Feature", "properties": {"hex_id": 186, "is_edge": false, "Hex_area": 8660.254, "Hex_area_full": 8660.254, "area_ratio": 1.0, "completeness_class": "core", "snap_ok": true, "analysis_ok": true, "node_id": 1707.0, "dist_food_m": 139.683, "time_food_min": 1.746, "reach_food_5": true, "reach_food_10": true, "reach_food_15": true, "count_food_10": 42, "dist_education_m": 689.459, "time_education_min": 8.618, "reach_education_5": false, "reach_education_10": true, "reach_education_15": true, "count_education_10": 3, "dist_health_m": 491.191, "time_health_min": 6.14, "reach_health_5": false, "reach_health_10": true, "reach_health_15": true, "count_health_10": 3, "dist_transit_m": 438.844, "time_transit_min": 5.486, "reach_transit_5": false, "reach_transit_10": true, "reach_transit_15": true, "count_transit_10": 9, "dist_finance_m": 468.965, "time_finance_min": 5.862, "reach_finance_5": false, "reach_finance_10": true, "reach_finance_15": true, "count_finance_10": 7, "dist_open_space_m": 643.193, "time_open_space_min": 8.04, "reach_open_space_5": false, "reach_open_space_10": true, "reach_open_space_15": true, "count_open_space_10": 1, "groups_within_10": 6, "access_score": 1.0, "access_tier": "high", "mean_BtA5000": 1.3331784829500002, "mismatch_flag": false}, "geometry": {"type": "MultiPolygon", "coordinates": [[[[79.87036123251839, 6.833640663963009], [79.86984258994731, 6.833640663963009], [79.86958326866176, 6.834086630499081], [79.86984258994731, 6.834532596619141], [79.87036123251839, 6.834532596619141], [79.87062055380396, 6.834086630499081], [79.87036123251839, 6.833640663963009]]]]}}, {"type": "Feature", "properties": {"hex_id": 187, "is_edge": false, "Hex_area": 8660.254, "Hex_area_full": 8660.254, "area_ratio": 1.0, "completeness_class": "core", "snap_ok": true, "analysis_ok": true, "node_id": 6915.0, "dist_food_m": 249.463, "time_food_min": 3.118, "reach_food_5": true, "reach_food_10": true, "reach_food_15": true, "count_food_10": 37, "dist_education_m": 662.829, "time_education_min": 8.285, "reach_education_5": false, "reach_education_10": true, "reach_education_15": true, "count_education_10": 3, "dist_health_m": 445.032, "time_health_min": 5.563, "reach_health_5": false, "reach_health_10": true, "reach_health_15": true, "count_health_10": 2, "dist_transit_m": 445.032, "time_transit_min": 5.563, "reach_transit_5": false, "reach_transit_10": true, "reach_transit_15": true, "count_transit_10": 7, "dist_finance_m": 482.4, "time_finance_min": 6.03, "reach_finance_5": false, "reach_finance_10": true, "reach_finance_15": true, "count_finance_10": 7, "dist_open_space_m": 471.74, "time_open_space_min": 5.897, "reach_open_space_5": false, "reach_open_space_10": true, "reach_open_space_15": true, "count_open_space_10": 1, "groups_within_10": 6, "access_score": 1.0, "access_tier": "high", "mean_BtA5000": 2.989294968545, "mismatch_flag": false}, "geometry": {"type": "MultiPolygon", "coordinates": [[[[79.87113919637505, 6.833194697010953], [79.87062055380396, 6.833194697010953], [79.87036123251839, 6.833640663963009], [79.87062055380396, 6.834086630499081], [79.87113919637505, 6.834086630499081], [79.87139851766061, 6.833640663963009], [79.87113919637505, 6.833194697010953]]]]}}, {"type": "Feature", "properties": {"hex_id": 188, "is_edge": false, "Hex_area": 8660.254, "Hex_area_full": 8660.254, "area_ratio": 1.0, "completeness_class": "core", "snap_ok": true, "analysis_ok": true, "node_id": 6916.0, "dist_food_m": 398.412, "time_food_min": 4.98, "reach_food_5": true, "reach_food_10": true, "reach_food_15": true, "count_food_10": 9, "dist_education_m": 763.091, "time_education_min": 9.539, "reach_education_5": false, "reach_education_10": true, "reach_education_15": true, "count_education_10": 1, "dist_health_m": 739.378, "time_health_min": 9.242, "reach_health_5": false, "reach_health_10": true, "reach_health_15": true, "count_health_10": 1, "dist_transit_m": 923.142, "time_transit_min": 11.539, "reach_transit_5": false, "reach_transit_10": false, "reach_transit_15": true, "count_transit_10": 0, "dist_finance_m": 510.339, "time_finance_min": 6.379, "reach_finance_5": false, "reach_finance_10": true, "reach_finance_15": true, "count_finance_10": 2, "dist_open_space_m": 641.535, "time_open_space_min": 8.019, "reach_open_space_5": false, "reach_open_space_10": true, "reach_open_space_15": true, "count_open_space_10": 2, "groups_within_10": 5, "access_score": 0.8333, "access_tier": "high", "mean_BtA5000": 0.33333334327, "mismatch_flag": false}, "geometry": {"type": "MultiPolygon", "coordinates": [[[[79.8719171602317, 6.833640663963009], [79.87139851766061, 6.833640663963009], [79.87113919637505, 6.834086630499081], [79.87139851766061, 6.834532596619141], [79.8719171602317, 6.834532596619141], [79.87217648151724, 6.834086630499081], [79.8719171602317, 6.833640663963009]]]]}}, {"type": "Feature", "properties": {"hex_id": 189, "is_edge": true, "Hex_area": 6695.6978, "Hex_area_full": 8660.254, "area_ratio": 0.773153, "completeness_class": "partial", "snap_ok": true, "analysis_ok": false, "node_id": 6917.0, "dist_food_m": 233.369, "time_food_min": 2.917, "reach_food_5": true, "reach_food_10": true, "reach_food_15": true, "count_food_10": 17, "dist_education_m": 598.048, "time_education_min": 7.476, "reach_education_5": false, "reach_education_10": true, "reach_education_15": true, "count_education_10": 2, "dist_health_m": 698.634, "time_health_min": 8.733, "reach_health_5": false, "reach_health_10": true, "reach_health_15": true, "count_health_10": 2, "dist_transit_m": 758.099, "time_transit_min": 9.476, "reach_transit_5": false, "reach_transit_10": true, "reach_transit_15": true, "count_transit_10": 2, "dist_finance_m": 345.296, "time_finance_min": 4.316, "reach_finance_5": true, "reach_finance_10": true, "reach_finance_15": true, "count_finance_10": 3, "dist_open_space_m": 532.549, "time_open_space_min": 6.657, "reach_open_space_5": false, "reach_open_space_10": true, "reach_open_space_15": true, "count_open_space_10": 2, "groups_within_10": 6, "access_score": 1.0, "access_tier": "excluded", "mean_BtA5000": 1.68395698071, "mismatch_flag": false}, "geometry": {"type": "MultiPolygon", "coordinates": [[[[79.87269512408835, 6.833194697010953], [79.87217648151724, 6.833194697010953], [79.8719171602317, 6.833640663963009], [79.87217648151724, 6.834086630499081], [79.8725943845123, 6.834086630499081], [79.87259743340455, 6.834058674121165], [79.87260962097969, 6.833946861505122], [79.8726201313656, 6.833850367217478], [79.87262896456228, 6.83376919125823], [79.87263612056972, 6.833703333627381], [79.87264159938788, 6.83365279432493], [79.87264540101685, 6.833617573350876], [79.87264752545654, 6.833597670705221], [79.87264990147462, 6.833577865895604], [79.87265252907113, 6.833558158922027], [79.87265540824598, 6.833538549784488], [79.87265853899925, 6.83351903848299], [79.87266192133087, 6.83349962501753], [79.8726655552409, 6.833480309388108], [79.8726694407293, 6.833461091594724], [79.87267357779609, 6.833441971637381], [79.8726778266755, 6.833421523905222], [79.87268218736754, 6.833399748398248], [79.87268665987219, 6.8333766451164575], [79.87269124418944, 6.833352214059854], [79.8726959403193, 6.833326455228431], [79.87270074826179, 6.833299368622195], [79.87270566801689, 6.833270954241145], [79.87271069958463, 6.833241212085277], [79.87271325549806, 6.833225878458379], [79.87269512408835, 6.833194697010953]]]]}}, {"type": "Feature", "properties": {"hex_id": 190, "is_edge": true, "Hex_area": 506.8512, "Hex_area_full": 8660.254, "area_ratio": 0.058526, "completeness_class": "sliver", "snap_ok": false, "analysis_ok": false, "node_id": null, "dist_food_m": null, "time_food_min": null, "reach_food_5": false, "reach_food_10": false, "reach_food_15": false, "count_food_10": 0, "dist_education_m": null, "time_education_min": null, "reach_education_5": false, "reach_education_10": false, "reach_education_15": false, "count_education_10": 0, "dist_health_m": null, "time_health_min": null, "reach_health_5": false, "reach_health_10": false, "reach_health_15": false, "count_health_10": 0, "dist_transit_m": null, "time_transit_min": null, "reach_transit_5": false, "reach_transit_10": false, "reach_transit_15": false, "count_transit_10": 0, "dist_finance_m": null, "time_finance_min": null, "reach_finance_5": false, "reach_finance_10": false, "reach_finance_15": false, "count_finance_10": 0, "dist_open_space_m": null, "time_open_space_min": null, "reach_open_space_5": false, "reach_open_space_10": false, "reach_open_space_15": false, "count_open_space_10": 0, "groups_within_10": 0, "access_score": null, "access_tier": "excluded", "mean_BtA5000": null, "mismatch_flag": false}, "geometry": {"type": "MultiPolygon", "coordinates": [[[[79.8612880006386, 6.834086630499081], [79.86128814635481, 6.834088947386945], [79.86129004716928, 6.834102756245023], [79.86129301020358, 6.834117040306723], [79.86129703545778, 6.834131799572041], [79.86130195521287, 6.834145384804893], [79.8613077694689, 6.834157796005272], [79.86131447822588, 6.834169033173182], [79.86132208148376, 6.834179096308628], [79.8613305792426, 6.834187985411602], [79.86133997150232, 6.834195700482109], [79.861350258263, 6.834202241520147], [79.8613614395246, 6.834207608525718], [79.8613730680367, 6.83421208103036], [79.86138514379921, 6.834215659034073], [79.86139766681222, 6.8342183425368574], [79.86141063707566, 6.834220131538715], [79.86142405458958, 6.834221026039641], [79.86143791935399, 6.834221026039641], [79.86145223136884, 6.834220131538715], [79.86146699063416, 6.834218342536859], [79.86148169399317, 6.834215714940383], [79.86149634144587, 6.834212248749284], [79.86151093299226, 6.834207943963567], [79.86152546863235, 6.834202800583229], [79.86153994836613, 6.83419681860827], [79.86155437219358, 6.83418999803869], [79.86156874011475, 6.834182338874491], [79.8615830521296, 6.834173841115673], [79.86159803502014, 6.834165231544237], [79.86161368878639, 6.834156510160185], [79.86163001342834, 6.834147676963518], [79.86164700894598, 6.834138731954235], [79.8616646753393, 6.834129675132337], [79.86168301260834, 6.834120506497821], [79.86170202075307, 6.834111226050688], [79.8617216997735, 6.83410183379094], [79.86174059610562, 6.8340932242195045], [79.86175585585863, 6.834086630499081], [79.8612880006386, 6.834086630499081]]]]}}, {"type": "Feature", "properties": {"hex_id": 191, "is_edge": true, "Hex_area": 1127.9734, "Hex_area_full": 8660.254, "area_ratio": 0.130247, "completeness_class": "sliver", "snap_ok": true, "analysis_ok": false, "node_id": 394.0, "dist_food_m": 17.899, "time_food_min": 0.224, "reach_food_5": true, "reach_food_10": true, "reach_food_15": true, "count_food_10": 19, "dist_education_m": 352.676, "time_education_min": 4.408, "reach_education_5": true, "reach_education_10": true, "reach_education_15": true, "count_education_10": 3, "dist_health_m": 801.104, "time_health_min": 10.014, "reach_health_5": false, "reach_health_10": false, "reach_health_15": true, "count_health_10": 0, "dist_transit_m": 739.846, "time_transit_min": 9.248, "reach_transit_5": false, "reach_transit_10": true, "reach_transit_15": true, "count_transit_10": 2, "dist_finance_m": 332.922, "time_finance_min": 4.162, "reach_finance_5": true, "reach_finance_10": true, "reach_finance_15": true, "count_finance_10": 6, "dist_open_space_m": 95.805, "time_open_space_min": 1.198, "reach_open_space_5": true, "reach_open_space_10": true, "reach_open_space_15": true, "count_open_space_10": 3, "groups_within_10": 5, "access_score": 0.8333, "access_tier": "excluded", "mean_BtA5000": null, "mismatch_flag": false}, "geometry": {"type": "MultiPolygon", "coordinates": [[[[79.86284091523748, 6.834978562323163], [79.86258159395194, 6.834532596619141], [79.86243770758043, 6.834532596619141], [79.86243784560274, 6.834534227153754], [79.86243776174325, 6.834539678018782], [79.86243718171532, 6.834545708911762], [79.86243610551888, 6.834552319832684], [79.86243453315399, 6.834559510781554], [79.86243246462057, 6.8345672817583685], [79.8624304450052, 6.8345748989928365], [79.86242847430785, 6.834582362484956], [79.8624265525285, 6.83458967223473], [79.86242467966719, 6.834596828242157], [79.86242285572388, 6.83460383050724], [79.86242108069861, 6.8346106790299705], [79.86241935459134, 6.834617373810356], [79.86241767740209, 6.834623914848393], [79.86241630070927, 6.834630288167507], [79.86241522451286, 6.834636493767699], [79.86241444881281, 6.834642531648965], [79.86241397360921, 6.8346484018113065], [79.862413798902, 6.834654104254726], [79.86241392469117, 6.83465963897922], [79.86241435097676, 6.83466500598479], [79.86241507775877, 6.834670205271435], [79.86241614696691, 6.834675083096812], [79.8624175586012, 6.834679639460914], [79.86241931266161, 6.834683874363746], [79.86242140914815, 6.83468778780531], [79.86242384806083, 6.8346913797856015], [79.86242662939965, 6.834694650304619], [79.86242975316462, 6.834697599362365], [79.86243321935572, 6.8347002269588435], [79.86243659469908, 6.834702414293144], [79.86243987919468, 6.83470416136527], [79.86244307284252, 6.83470546817522], [79.86244617564262, 6.834706334722993], [79.86244918759496, 6.834706761008593], [79.86245210869957, 6.8347067470320155], [79.8624549389564, 6.834706292793262], [79.8624576783655, 6.8347053982923365], [79.86246042476286, 6.834704322095905], [79.86246317814854, 6.8347030642039766], [79.8624659385225, 6.834701624616543], [79.86246870588474, 6.834700003333611], [79.86247148023529, 6.834698200355177], [79.86247426157409, 6.834696215681243], [79.86247704990122, 6.834694049311809], [79.86247984521663, 6.83469170124687], [79.86248252173111, 6.834689332217066], [79.86248507944472, 6.834686942222399], [79.86248751835738, 6.834684531262866], [79.86248983846919, 6.834682099338467], [79.86249203978007, 6.834679646449203], [79.86249412229003, 6.834677172595072], [79.86249608599911, 6.834674677776077], [79.86249793090727, 6.834672161992218], [79.86249981075687, 6.834669758020971], [79.86250172554793, 6.834667465862341], [79.86250367528041, 6.834665285516331], [79.86250565995438, 6.834663216982932], [79.86250767956975, 6.834661260262152], [79.86250973412655, 6.83465941535399], [79.8625118236248, 6.83465768225844], [79.8625139480645, 6.834656060975506], [79.86251594671504, 6.83465464235294], [79.86251781957634, 6.834653426390742], [79.86251956664849, 6.834652413088911], [79.86252118793139, 6.834651602447442], [79.86252268342514, 6.83465099446634], [79.86252405312969, 6.834650589145608], [79.86252529704504, 6.834650386485243], [79.86252641517122, 6.834650386485243], [79.86252755426224, 6.834650533239299], [79.86252871431815, 6.834650826747419], [79.8625298953389, 6.834651267009595], [79.86253109732452, 6.834651854025829], [79.86253232027501, 6.834652587796121], [79.86253356419036, 6.834653468320472], [79.86253482907057, 6.83465449559888], [79.86253611491564, 6.834655669631352], [79.86253961604817, 6.8346622735639855], [79.86254533246819, 6.834674307396786], [79.86255326417563, 6.834691771129756], [79.86256341117054, 6.834714664762889], [79.8625757734529, 6.834742988296191], [79.86259035102272, 6.834776741729659], [79.86260714388, 6.8348159250632925], [79.86262615202473, 6.834860538297095], [79.86264331526128, 6.834903013114613], [79.86265863358969, 6.834943349515851], [79.86267210700993, 6.834981547500806], [79.862683735522, 6.83501760706948], [79.86269351912591, 6.8350515282218725], [79.86270145782164, 6.835083310957983], [79.86270755160922, 6.835112955277809], [79.86271180048863, 6.835140461181358], [79.86271518282025, 6.835166988724513], [79.86271752387907, 6.835190763477516], [79.86284091523748, 6.834978562323163]]], [[[79.8621488263237, 6.834532596619141], [79.86215177302458, 6.834538503986316], [79.8621549876373, 6.834543507600885], [79.86215846780497, 6.834547602737948], [79.8621622135276, 6.834550789397506], [79.86216622480521, 6.834553067579558], [79.86217050163778, 6.834554437284102], [79.86217504402529, 6.8345548985111435], [79.86217985196778, 6.834554451260679], [79.86218452014451, 6.834553654595791], [79.86218904855546, 6.834552508516475], [79.86219343720065, 6.834551013022735], [79.86219768608007, 6.834549168114571], [79.8622017951937, 6.83454697379198], [79.86220576454157, 6.834544430054965], [79.86220959412366, 6.834541536903527], [79.86221328394, 6.834538294337661], [79.86221672217795, 6.834534856099718], [79.86221870356859, 6.834532596619141], [79.8621488263237, 6.834532596619141]]]]}}, {"type": "Feature", "properties": {"hex_id": 192, "is_edge": false, "Hex_area": 8660.254, "Hex_area_full": 8660.254, "area_ratio": 1.0, "completeness_class": "core", "snap_ok": true, "analysis_ok": true, "node_id": 6918.0, "dist_food_m": 39.1, "time_food_min": 0.489, "reach_food_5": true, "reach_food_10": true, "reach_food_15": true, "count_food_10": 17, "dist_education_m": 373.877, "time_education_min": 4.673, "reach_education_5": true, "reach_education_10": true, "reach_education_15": true, "count_education_10": 3, "dist_health_m": 822.305, "time_health_min": 10.279, "reach_health_5": false, "reach_health_10": false, "reach_health_15": true, "count_health_10": 0, "dist_transit_m": 761.047, "time_transit_min": 9.513, "reach_transit_5": false, "reach_transit_10": true, "reach_transit_15": true, "count_transit_10": 2, "dist_finance_m": 354.123, "time_finance_min": 4.427, "reach_finance_5": true, "reach_finance_10": true, "reach_finance_15": true, "count_finance_10": 4, "dist_open_space_m": 117.006, "time_open_space_min": 1.463, "reach_open_space_5": true, "reach_open_space_10": true, "reach_open_space_15": true, "count_open_space_10": 3, "groups_within_10": 5, "access_score": 0.8333, "access_tier": "high", "mean_BtA5000": 1.333333298565, "mismatch_flag": false}, "geometry": {"type": "MultiPolygon", "coordinates": [[[[79.8633595578086, 6.834086630499081], [79.86284091523748, 6.834086630499081], [79.86258159395194, 6.834532596619141], [79.86284091523748, 6.834978562323163], [79.8633595578086, 6.834978562323163], [79.86361887909413, 6.834532596619141], [79.8633595578086, 6.834086630499081]]]]}}, {"type": "Feature", "properties": {"hex_id": 193, "is_edge": false, "Hex_area": 8660.254, "Hex_area_full": 8660.254, "area_ratio": 1.0, "completeness_class": "core", "snap_ok": true, "analysis_ok": true, "node_id": 6919.0, "dist_food_m": 63.686, "time_food_min": 0.796, "reach_food_5": true, "reach_food_10": true, "reach_food_15": true, "count_food_10": 39, "dist_education_m": 242.84, "time_education_min": 3.035, "reach_education_5": true, "reach_education_10": true, "reach_education_15": true, "count_education_10": 3, "dist_health_m": 716.567, "time_health_min": 8.957, "reach_health_5": false, "reach_health_10": true, "reach_health_15": true, "count_health_10": 2, "dist_transit_m": 644.52, "time_transit_min": 8.056, "reach_transit_5": false, "reach_transit_10": true, "reach_transit_15": true, "count_transit_10": 5, "dist_finance_m": 267.929, "time_finance_min": 3.349, "reach_finance_5": true, "reach_finance_10": true, "reach_finance_15": true, "count_finance_10": 8, "dist_open_space_m": 30.812, "time_open_space_min": 0.385, "reach_open_space_5": true, "reach_open_space_10": true, "reach_open_space_15": true, "count_open_space_10": 3, "groups_within_10": 6, "access_score": 1.0, "access_tier": "high", "mean_BtA5000": 0.9999999602633333, "mismatch_flag": false}, "geometry": {"type": "MultiPolygon", "coordinates": [[[[79.86413752166523, 6.834532596619141], [79.86361887909413, 6.834532596619141], [79.8633595578086, 6.834978562323163], [79.86361887909413, 6.835424527611116], [79.86413752166523, 6.835424527611116], [79.86439684295078, 6.834978562323163], [79.86413752166523, 6.834532596619141]]]]}}, {"type": "Feature", "properties": {"hex_id": 194, "is_edge": false, "Hex_area": 8660.254, "Hex_area_full": 8660.254, "area_ratio": 1.0, "completeness_class": "core", "snap_ok": true, "analysis_ok": true, "node_id": 6920.0, "dist_food_m": 113.27, "time_food_min": 1.416, "reach_food_5": true, "reach_food_10": true, "reach_food_15": true, "count_food_10": 49, "dist_education_m": 21.633, "time_education_min": 0.27, "reach_education_5": true, "reach_education_10": true, "reach_education_15": true, "count_education_10": 4, "dist_health_m": 592.082, "time_health_min": 7.401, "reach_health_5": false, "reach_health_10": true, "reach_health_15": true, "count_health_10": 4, "dist_transit_m": 520.034, "time_transit_min": 6.5, "reach_transit_5": false, "reach_transit_10": true, "reach_transit_15": true, "count_transit_10": 8, "dist_finance_m": 147.58, "time_finance_min": 1.845, "reach_finance_5": true, "reach_finance_10": true, "reach_finance_15": true, "count_finance_10": 11, "dist_open_space_m": 295.285, "time_open_space_min": 3.691, "reach_open_space_5": true, "reach_open_space_10": true, "reach_open_space_15": true, "count_open_space_10": 3, "groups_within_10": 6, "access_score": 1.0, "access_tier": "high", "mean_BtA5000": 28.36456108093, "mismatch_flag": false}, "geometry": {"type": "MultiPolygon", "coordinates": [[[[79.86491548552188, 6.834086630499081], [79.86439684295078, 6.834086630499081], [79.86413752166523, 6.834532596619141], [79.86439684295078, 6.834978562323163], [79.86491548552188, 6.834978562323163], [79.8651748068074, 6.834532596619141], [79.86491548552188, 6.834086630499081]]]]}}, {"type": "Feature", "properties": {"hex_id": 195, "is_edge": false, "Hex_area": 8660.254, "Hex_area_full": 8660.254, "area_ratio": 1.0, "completeness_class": "core", "snap_ok": true, "analysis_ok": true, "node_id": 6921.0, "dist_food_m": 67.568, "time_food_min": 0.845, "reach_food_5": true, "reach_food_10": true, "reach_food_15": true, "count_food_10": 53, "dist_education_m": 69.03, "time_education_min": 0.863, "reach_education_5": true, "reach_education_10": true, "reach_education_15": true, "count_education_10": 4, "dist_health_m": 532.041, "time_health_min": 6.651, "reach_health_5": false, "reach_health_10": true, "reach_health_15": true, "count_health_10": 4, "dist_transit_m": 459.993, "time_transit_min": 5.75, "reach_transit_5": false, "reach_transit_10": true, "reach_transit_15": true, "count_transit_10": 9, "dist_finance_m": 238.243, "time_finance_min": 2.978, "reach_finance_5": true, "reach_finance_10": true, "reach_finance_15": true, "count_finance_10": 14, "dist_open_space_m": 215.339, "time_open_space_min": 2.692, "reach_open_space_5": true, "reach_open_space_10": true, "reach_open_space_15": true, "count_open_space_10": 4, "groups_within_10": 6, "access_score": 1.0, "access_tier": "high", "mean_BtA5000": 14.39594561979125, "mismatch_flag": false}, "geometry": {"type": "MultiPolygon", "coordinates": [[[[79.86569344937851, 6.834532596619141], [79.8651748068074, 6.834532596619141], [79.86491548552188, 6.834978562323163], [79.8651748068074, 6.835424527611116], [79.86569344937851, 6.835424527611116], [79.86595277066408, 6.834978562323163], [79.86569344937851, 6.834532596619141]]]]}}, {"type": "Feature", "properties": {"hex_id": 196, "is_edge": false, "Hex_area": 8660.254, "Hex_area_full": 8660.254, "area_ratio": 1.0, "completeness_class": "core", "snap_ok": true, "analysis_ok": true, "node_id": 6922.0, "dist_food_m": 186.972, "time_food_min": 2.337, "reach_food_5": true, "reach_food_10": true, "reach_food_15": true, "count_food_10": 54, "dist_education_m": 315.77, "time_education_min": 3.947, "reach_education_5": true, "reach_education_10": true, "reach_education_15": true, "count_education_10": 5, "dist_health_m": 336.739, "time_health_min": 4.209, "reach_health_5": true, "reach_health_10": true, "reach_health_15": true, "count_health_10": 5, "dist_transit_m": 194.349, "time_transit_min": 2.429, "reach_transit_5": true, "reach_transit_10": true, "reach_transit_15": true, "count_transit_10": 9, "dist_finance_m": 209.223, "time_finance_min": 2.615, "reach_finance_5": true, "reach_finance_10": true, "reach_finance_15": true, "count_finance_10": 11, "dist_open_space_m": 480.982, "time_open_space_min": 6.012, "reach_open_space_5": false, "reach_open_space_10": true, "reach_open_space_15": true, "count_open_space_10": 4, "groups_within_10": 6, "access_score": 1.0, "access_tier": "high", "mean_BtA5000": 7.02083153526, "mismatch_flag": false}, "geometry": {"type": "MultiPolygon", "coordinates": [[[[79.86647141323516, 6.834086630499081], [79.86595277066408, 6.834086630499081], [79.86569344937851, 6.834532596619141], [79.86595277066408, 6.834978562323163], [79.86647141323516, 6.834978562323163], [79.86673073452073, 6.834532596619141], [79.86647141323516, 6.834086630499081]]]]}}, {"type": "Feature", "properties": {"hex_id": 197, "is_edge": false, "Hex_area": 8660.254, "Hex_area_full": 8660.254, "area_ratio": 1.0, "completeness_class": "core", "snap_ok": true, "analysis_ok": true, "node_id": 6923.0, "dist_food_m": 50.026, "time_food_min": 0.625, "reach_food_5": true, "reach_food_10": true, "reach_food_15": true, "count_food_10": 56, "dist_education_m": 452.717, "time_education_min": 5.659, "reach_education_5": false, "reach_education_10": true, "reach_education_15": true, "count_education_10": 5, "dist_health_m": 299.898, "time_health_min": 3.749, "reach_health_5": true, "reach_health_10": true, "reach_health_15": true, "count_health_10": 6, "dist_transit_m": 57.402, "time_transit_min": 0.718, "reach_transit_5": true, "reach_transit_10": true, "reach_transit_15": true, "count_transit_10": 10, "dist_finance_m": 72.276, "time_finance_min": 0.903, "reach_finance_5": true, "reach_finance_10": true, "reach_finance_15": true, "count_finance_10": 14, "dist_open_space_m": 617.929, "time_open_space_min": 7.724, "reach_open_space_5": false, "reach_open_space_10": true, "reach_open_space_15": true, "count_open_space_10": 4, "groups_within_10": 6, "access_score": 1.0, "access_tier": "high", "mean_BtA5000": 84.97818994522001, "mismatch_flag": false}, "geometry": {"type": "MultiPolygon", "coordinates": [[[[79.86724937709182, 6.834532596619141], [79.86673073452073, 6.834532596619141], [79.86647141323516, 6.834978562323163], [79.86673073452073, 6.835424527611116], [79.86724937709182, 6.835424527611116], [79.86750869837736, 6.834978562323163], [79.86724937709182, 6.834532596619141]]]]}}, {"type": "Feature", "properties": {"hex_id": 198, "is_edge": false, "Hex_area": 8660.254, "Hex_area_full": 8660.254, "area_ratio": 1.0, "completeness_class": "core", "snap_ok": true, "analysis_ok": true, "node_id": 6924.0, "dist_food_m": 68.494, "time_food_min": 0.856, "reach_food_5": true, "reach_food_10": true, "reach_food_15": true, "count_food_10": 55, "dist_education_m": 415.277, "time_education_min": 5.191, "reach_education_5": false, "reach_education_10": true, "reach_education_15": true, "count_education_10": 5, "dist_health_m": 197.479, "time_health_min": 2.468, "reach_health_5": true, "reach_health_10": true, "reach_health_15": true, "count_health_10": 6, "dist_transit_m": 75.871, "time_transit_min": 0.948, "reach_transit_5": true, "reach_transit_10": true, "reach_transit_15": true, "count_transit_10": 10, "dist_finance_m": 105.992, "time_finance_min": 1.325, "reach_finance_5": true, "reach_finance_10": true, "reach_finance_15": true, "count_finance_10": 13, "dist_open_space_m": 606.061, "time_open_space_min": 7.576, "reach_open_space_5": false, "reach_open_space_10": true, "reach_open_space_15": true, "count_open_space_10": 3, "groups_within_10": 6, "access_score": 1.0, "access_tier": "high", "mean_BtA5000": 197.57748413086, "mismatch_flag": false}, "geometry": {"type": "MultiPolygon", "coordinates": [[[[79.86802734094847, 6.834086630499081], [79.86750869837736, 6.834086630499081], [79.86724937709182, 6.834532596619141], [79.86750869837736, 6.834978562323163], [79.86802734094847, 6.834978562323163], [79.868286662234, 6.834532596619141], [79.86802734094847, 6.834086630499081]]]]}}, {"type": "Feature", "properties": {"hex_id": 199, "is_edge": false, "Hex_area": 8660.254, "Hex_area_full": 8660.254, "area_ratio": 1.0, "completeness_class": "core", "snap_ok": true, "analysis_ok": true, "node_id": 6925.0, "dist_food_m": 72.647, "time_food_min": 0.908, "reach_food_5": true, "reach_food_10": true, "reach_food_15": true, "count_food_10": 50, "dist_education_m": 618.013, "time_education_min": 7.725, "reach_education_5": false, "reach_education_10": true, "reach_education_15": true, "count_education_10": 4, "dist_health_m": 460.581, "time_health_min": 5.757, "reach_health_5": false, "reach_health_10": true, "reach_health_15": true, "count_health_10": 4, "dist_transit_m": 226.515, "time_transit_min": 2.831, "reach_transit_5": true, "reach_transit_10": true, "reach_transit_15": true, "count_transit_10": 9, "dist_finance_m": 256.636, "time_finance_min": 3.208, "reach_finance_5": true, "reach_finance_10": true, "reach_finance_15": true, "count_finance_10": 9, "dist_open_space_m": 612.583, "time_open_space_min": 7.657, "reach_open_space_5": false, "reach_open_space_10": true, "reach_open_space_15": true, "count_open_space_10": 1, "groups_within_10": 6, "access_score": 1.0, "access_tier": "high", "mean_BtA5000": 3.74083559215, "mismatch_flag": false}, "geometry": {"type": "MultiPolygon", "coordinates": [[[[79.86880530480511, 6.834532596619141], [79.868286662234, 6.834532596619141], [79.86802734094847, 6.834978562323163], [79.868286662234, 6.835424527611116], [79.86880530480511, 6.835424527611116], [79.86906462609065, 6.834978562323163], [79.86880530480511, 6.834532596619141]]]]}}, {"type": "Feature", "properties": {"hex_id": 200, "is_edge": false, "Hex_area": 8660.254, "Hex_area_full": 8660.254, "area_ratio": 1.0, "completeness_class": "core", "snap_ok": true, "analysis_ok": true, "node_id": 6926.0, "dist_food_m": 52.05, "time_food_min": 0.651, "reach_food_5": true, "reach_food_10": true, "reach_food_15": true, "count_food_10": 45, "dist_education_m": 621.356, "time_education_min": 7.767, "reach_education_5": false, "reach_education_10": true, "reach_education_15": true, "count_education_10": 3, "dist_health_m": 403.559, "time_health_min": 5.044, "reach_health_5": false, "reach_health_10": true, "reach_health_15": true, "count_health_10": 4, "dist_transit_m": 351.212, "time_transit_min": 4.39, "reach_transit_5": true, "reach_transit_10": true, "reach_transit_15": true, "count_transit_10": 9, "dist_finance_m": 381.333, "time_finance_min": 4.767, "reach_finance_5": true, "reach_finance_10": true, "reach_finance_15": true, "count_finance_10": 7, "dist_open_space_m": 555.561, "time_open_space_min": 6.945, "reach_open_space_5": false, "reach_open_space_10": true, "reach_open_space_15": true, "count_open_space_10": 1, "groups_within_10": 6, "access_score": 1.0, "access_tier": "high", "mean_BtA5000": 0.329585686325, "mismatch_flag": false}, "geometry": {"type": "MultiPolygon", "coordinates": [[[[79.86958326866176, 6.834086630499081], [79.86906462609065, 6.834086630499081], [79.86880530480511, 6.834532596619141], [79.86906462609065, 6.834978562323163], [79.86958326866176, 6.834978562323163], [79.86984258994731, 6.834532596619141], [79.86958326866176, 6.834086630499081]]]]}}, {"type": "Feature", "properties": {"hex_id": 201, "is_edge": false, "Hex_area": 8660.254, "Hex_area_full": 8660.254, "area_ratio": 1.0, "completeness_class": "core", "snap_ok": true, "analysis_ok": true, "node_id": 6927.0, "dist_food_m": 230.069, "time_food_min": 2.876, "reach_food_5": true, "reach_food_10": true, "reach_food_15": true, "count_food_10": 38, "dist_education_m": 599.072, "time_education_min": 7.488, "reach_education_5": false, "reach_education_10": true, "reach_education_15": true, "count_education_10": 2, "dist_health_m": 581.578, "time_health_min": 7.27, "reach_health_5": false, "reach_health_10": true, "reach_health_15": true, "count_health_10": 4, "dist_transit_m": 360.9, "time_transit_min": 4.511, "reach_transit_5": true, "reach_transit_10": true, "reach_transit_15": true, "count_transit_10": 7, "dist_finance_m": 391.021, "time_finance_min": 4.888, "reach_finance_5": true, "reach_finance_10": true, "reach_finance_15": true, "count_finance_10": 7, "dist_open_space_m": 733.58, "time_open_space_min": 9.17, "reach_open_space_5": false, "reach_open_space_10": true, "reach_open_space_15": true, "count_open_space_10": 1, "groups_within_10": 6, "access_score": 1.0, "access_tier": "high", "mean_BtA5000": 2.7442402044933334, "mismatch_flag": false}, "geometry": {"type": "MultiPolygon", "coordinates": [[[[79.87036123251839, 6.834532596619141], [79.86984258994731, 6.834532596619141], [79.86958326866176, 6.834978562323163], [79.86984258994731, 6.835424527611116], [79.87036123251839, 6.835424527611116], [79.87062055380396, 6.834978562323163], [79.87036123251839, 6.834532596619141]]]]}}, {"type": "Feature", "properties": {"hex_id": 202, "is_edge": false, "Hex_area": 8660.254, "Hex_area_full": 8660.254, "area_ratio": 1.0, "completeness_class": "core", "snap_ok": true, "analysis_ok": true, "node_id": 6928.0, "dist_food_m": 683.959, "time_food_min": 8.549, "reach_food_5": false, "reach_food_10": true, "reach_food_15": true, "count_food_10": 1, "dist_education_m": 874.142, "time_education_min": 10.927, "reach_education_5": false, "reach_education_10": false, "reach_education_15": true, "count_education_10": 0, "dist_health_m": 723.483, "time_health_min": 9.044, "reach_health_5": false, "reach_health_10": true, "reach_health_15": true, "count_health_10": 1, "dist_transit_m": 990.333, "time_transit_min": 12.379, "reach_transit_5": false, "reach_transit_10": false, "reach_transit_15": true, "count_transit_10": 0, "dist_finance_m": 915.968, "time_finance_min": 11.45, "reach_finance_5": false, "reach_finance_10": false, "reach_finance_15": true, "count_finance_10": 0, "dist_open_space_m": 30.12, "time_open_space_min": 0.376, "reach_open_space_5": true, "reach_open_space_10": true, "reach_open_space_15": true, "count_open_space_10": 1, "groups_within_10": 3, "access_score": 0.5, "access_tier": "medium", "mean_BtA5000": 2.333333417775, "mismatch_flag": false}, "geometry": {"type": "MultiPolygon", "coordinates": [[[[79.87113919637505, 6.834086630499081], [79.87062055380396, 6.834086630499081], [79.87036123251839, 6.834532596619141], [79.87062055380396, 6.834978562323163], [79.87113919637505, 6.834978562323163], [79.87139851766061, 6.834532596619141], [79.87113919637505, 6.834086630499081]]]]}}, {"type": "Feature", "properties": {"hex_id": 203, "is_edge": false, "Hex_area": 8660.254, "Hex_area_full": 8660.254, "area_ratio": 1.0, "completeness_class": "core", "snap_ok": true, "analysis_ok": true, "node_id": 6929.0, "dist_food_m": 511.597, "time_food_min": 6.395, "reach_food_5": false, "reach_food_10": true, "reach_food_15": true, "count_food_10": 4, "dist_education_m": 761.95, "time_education_min": 9.524, "reach_education_5": false, "reach_education_10": true, "reach_education_15": true, "count_education_10": 1, "dist_health_m": 611.292, "time_health_min": 7.641, "reach_health_5": false, "reach_health_10": true, "reach_health_15": true, "count_health_10": 1, "dist_transit_m": 878.142, "time_transit_min": 10.977, "reach_transit_5": false, "reach_transit_10": false, "reach_transit_15": true, "count_transit_10": 0, "dist_finance_m": 623.524, "time_finance_min": 7.794, "reach_finance_5": false, "reach_finance_10": true, "reach_finance_15": true, "count_finance_10": 1, "dist_open_space_m": 513.449, "time_open_space_min": 6.418, "reach_open_space_5": false, "reach_open_space_10": true, "reach_open_space_15": true, "count_open_space_10": 1, "groups_within_10": 5, "access_score": 0.8333, "access_tier": "high", "mean_BtA5000": 0.33333334327, "mismatch_flag": false}, "geometry": {"type": "MultiPolygon", "coordinates": [[[[79.8719171602317, 6.834532596619141], [79.87139851766061, 6.834532596619141], [79.87113919637505, 6.834978562323163], [79.87139851766061, 6.835424527611116], [79.8719171602317, 6.835424527611116], [79.87217648151724, 6.834978562323163], [79.8719171602317, 6.834532596619141]]]]}}, {"type": "Feature", "properties": {"hex_id": 204, "is_edge": true, "Hex_area": 5559.6173, "Hex_area_full": 8660.254, "area_ratio": 0.641969, "completeness_class": "partial", "snap_ok": true, "analysis_ok": false, "node_id": 6930.0, "dist_food_m": 330.897, "time_food_min": 4.136, "reach_food_5": true, "reach_food_10": true, "reach_food_15": true, "count_food_10": 12, "dist_education_m": 695.576, "time_education_min": 8.695, "reach_education_5": false, "reach_education_10": true, "reach_education_15": true, "count_education_10": 2, "dist_health_m": 601.106, "time_health_min": 7.514, "reach_health_5": false, "reach_health_10": true, "reach_health_15": true, "count_health_10": 1, "dist_transit_m": 855.627, "time_transit_min": 10.695, "reach_transit_5": false, "reach_transit_10": false, "reach_transit_15": true, "count_transit_10": 0, "dist_finance_m": 442.824, "time_finance_min": 5.535, "reach_finance_5": false, "reach_finance_10": true, "reach_finance_15": true, "count_finance_10": 2, "dist_open_space_m": 503.263, "time_open_space_min": 6.291, "reach_open_space_5": false, "reach_open_space_10": true, "reach_open_space_15": true, "count_open_space_10": 2, "groups_within_10": 5, "access_score": 0.8333, "access_tier": "excluded", "mean_BtA5000": 0.6709892526300001, "mismatch_flag": false}, "geometry": {"type": "MultiPolygon", "coordinates": [[[[79.87217648151724, 6.834086630499081], [79.8719171602317, 6.834532596619141], [79.87217648151724, 6.834978562323163], [79.87249975688617, 6.834978562323163], [79.87250110683586, 6.834963797248033], [79.8725061803333, 6.834911748475264], [79.87251274932451, 6.834846785345342], [79.87252081380944, 6.834768907858268], [79.8725303737881, 6.834678116014043], [79.87254142926052, 6.834574409812665], [79.87255398022666, 6.834457789254129], [79.87256802668654, 6.834328254338445], [79.87258356864018, 6.834185805065607], [79.8725943845123, 6.834086630499081], [79.87217648151724, 6.834086630499081]]]]}}, {"type": "Feature", "properties": {"hex_id": 205, "is_edge": true, "Hex_area": 1108.8688, "Hex_area_full": 8660.254, "area_ratio": 0.128041, "completeness_class": "sliver", "snap_ok": true, "analysis_ok": false, "node_id": 364.0, "dist_food_m": 0.0, "time_food_min": 0.0, "reach_food_5": true, "reach_food_10": true, "reach_food_15": true, "count_food_10": 20, "dist_education_m": 357.803, "time_education_min": 4.473, "reach_education_5": true, "reach_education_10": true, "reach_education_15": true, "count_education_10": 3, "dist_health_m": 851.521, "time_health_min": 10.644, "reach_health_5": false, "reach_health_10": false, "reach_health_15": true, "count_health_10": 0, "dist_transit_m": 779.473, "time_transit_min": 9.743, "reach_transit_5": false, "reach_transit_10": true, "reach_transit_15": true, "count_transit_10": 2, "dist_finance_m": 547.006, "time_finance_min": 6.838, "reach_finance_5": false, "reach_finance_10": true, "reach_finance_15": true, "count_finance_10": 4, "dist_open_space_m": 481.44, "time_open_space_min": 6.018, "reach_open_space_5": false, "reach_open_space_10": true, "reach_open_space_15": true, "count_open_space_10": 2, "groups_within_10": 5, "access_score": 0.8333, "access_tier": "excluded", "mean_BtA5000": null, "mismatch_flag": false}, "geometry": {"type": "MultiPolygon", "coordinates": [[[[79.86284091523748, 6.835870492482981], [79.8626386981086, 6.835522731879687], [79.86263498522139, 6.835529345459953], [79.86262822055814, 6.835540973972023], [79.86262184723903, 6.835551484357932], [79.86261586526406, 6.835560876617679], [79.86261027463324, 6.835569150751265], [79.86260420879883, 6.835576865821772], [79.8625976677608, 6.835584021829198], [79.86259065151916, 6.835590618773545], [79.86258316007388, 6.835596656654811], [79.86257519342499, 6.835602135472996], [79.86256675157246, 6.835607055228104], [79.86255783451634, 6.83561141592013], [79.86254844225658, 6.835615217549075], [79.86253941338786, 6.835619829819488], [79.8625307479101, 6.835625252731367], [79.86252244582337, 6.835631486284711], [79.86251450712763, 6.83563853047952], [79.86250693182289, 6.835646385315798], [79.86249971990915, 6.83565505079354], [79.86249287138641, 6.835664526912751], [79.86248638625469, 6.835674813673426], [79.86248037632657, 6.835685100434103], [79.86247484160208, 6.835695387194778], [79.86246978208119, 6.835705673955454], [79.86246519776395, 6.83571596071613], [79.8624610886503, 6.835726247476806], [79.86245745474031, 6.835736534237483], [79.8624542960339, 6.83574682099816], [79.8624516125311, 6.835757107758834], [79.86244993534186, 6.835766835456429], [79.86244926446616, 6.835776004090945], [79.862449599904, 6.83578461366238], [79.86245094165542, 6.835792664170735], [79.86245328972035, 6.8358001556160115], [79.86245664409883, 6.835807087998206], [79.86246100479086, 6.835813461317321], [79.86246637179643, 6.835819275573354], [79.86247176675515, 6.835824139422151], [79.86247718966705, 6.835828052863712], [79.86248264053204, 6.8358310158980355], [79.86248811935023, 6.835833028525125], [79.86249362612158, 6.83583409074498], [79.86249916084608, 6.835834202557594], [79.86250472352373, 6.835833363962974], [79.86251031415452, 6.835831574961119], [79.86251559730063, 6.835829730052952], [79.86252057296205, 6.8358278292384815], [79.86252524113877, 6.835825872517699], [79.86252960183079, 6.83582385989061], [79.8625336550381, 6.835821791357215], [79.86253740076076, 6.8358196669175095], [79.86254083899871, 6.835817486571495], [79.86254396975195, 6.835815250319177], [79.86254701664575, 6.835813293598397], [79.86254997968005, 6.835811616409153], [79.86255285885494, 6.835810218751455], [79.86255565417034, 6.835809100625294], [79.86255836562628, 6.835808262030673], [79.86256099322276, 6.835807702967593], [79.86256353695977, 6.8358074234360515], [79.8625659968373, 6.8358074234360515], [79.86256848466803, 6.835807563201823], [79.86257100045188, 6.835807842733362], [79.86257354418889, 6.835808262030673], [79.86257611587908, 6.835808821093753], [79.86257871552239, 6.835809519922604], [79.86258134311886, 6.835810358517223], [79.8625839986685, 6.835811336877615], [79.8625866821713, 6.835812455003776], [79.86259009245609, 6.835813936520938], [79.86259422952286, 6.835815781429102], [79.86259909337166, 6.835817989728269], [79.86260468400246, 6.835820561418437], [79.86261100141526, 6.835823496499607], [79.86261804561009, 6.835826794971783], [79.86262581658688, 6.83583045683496], [79.86263431434573, 6.835834482089134], [79.86264242076038, 6.83583926207847], [79.86265013583088, 6.835844796802964], [79.86265745955723, 6.835851086262618], [79.86266439193943, 6.835858130457429], [79.86267093297747, 6.835865929387399], [79.86267708267135, 6.835874483052525], [79.86268284102108, 6.835883791452809], [79.86268820802665, 6.835893854588255], [79.86269326754753, 6.835903694098466], [79.8626980195837, 6.835913309983445], [79.8627024641352, 6.835922702243193], [79.86270660120198, 6.835931870877708], [79.86271043078409, 6.83594081588699], [79.86271395288149, 6.835949537271042], [79.86271716749422, 6.835958035029863], [79.86272007462222, 6.835966309163451], [79.86272155613938, 6.835975533704274], [79.8627216120457, 6.835985708652334], [79.86272024234115, 6.83599683400763], [79.86271744702574, 6.836008909770161], [79.86271322609947, 6.836021935939931], [79.8627075795624, 6.836035912516935], [79.8627005074144, 6.836050839501177], [79.8626920096556, 6.836066716892653], [79.86268482569501, 6.836082622237287], [79.86267895553266, 6.836098555535073], [79.86267439916855, 6.836114516786014], [79.86267115660267, 6.8361305059901065], [79.86266922783504, 6.836146523147355], [79.86266861286566, 6.836162568257757], [79.86266878435076, 6.836166512414776], [79.86284091523748, 6.835870492482981]]]]}}, {"type": "Feature", "properties": {"hex_id": 206, "is_edge": true, "Hex_area": 8411.3255, "Hex_area_full": 8660.254, "area_ratio": 0.971256, "completeness_class": "core", "snap_ok": true, "analysis_ok": true, "node_id": 364.0, "dist_food_m": 0.0, "time_food_min": 0.0, "reach_food_5": true, "reach_food_10": true, "reach_food_15": true, "count_food_10": 20, "dist_education_m": 357.803, "time_education_min": 4.473, "reach_education_5": true, "reach_education_10": true, "reach_education_15": true, "count_education_10": 3, "dist_health_m": 851.521, "time_health_min": 10.644, "reach_health_5": false, "reach_health_10": false, "reach_health_15": true, "count_health_10": 0, "dist_transit_m": 779.473, "time_transit_min": 9.743, "reach_transit_5": false, "reach_transit_10": true, "reach_transit_15": true, "count_transit_10": 2, "dist_finance_m": 547.006, "time_finance_min": 6.838, "reach_finance_5": false, "reach_finance_10": true, "reach_finance_15": true, "count_finance_10": 4, "dist_open_space_m": 481.44, "time_open_space_min": 6.018, "reach_open_space_5": false, "reach_open_space_10": true, "reach_open_space_15": true, "count_open_space_10": 2, "groups_within_10": 5, "access_score": 0.8333, "access_tier": "high", "mean_BtA5000": 1.333333298565, "mismatch_flag": false}, "geometry": {"type": "MultiPolygon", "coordinates": [[[[79.86284091523748, 6.835870492482981], [79.8633595578086, 6.835870492482981], [79.86361887909413, 6.835424527611116], [79.8633595578086, 6.834978562323163], [79.86284091523748, 6.834978562323163], [79.86271752387907, 6.835190763477516], [79.8627176986041, 6.835192537907278], [79.86271934784021, 6.835217108729654], [79.86272013052853, 6.835240701191641], [79.86272004666905, 6.8352633152932345], [79.86271909626181, 6.8352849510344384], [79.8627172793068, 6.835305608415254], [79.86271459580402, 6.835325287435675], [79.86271115756607, 6.835344658971407], [79.86270696459296, 6.835363723022442], [79.86270201688473, 6.835382479588783], [79.86269631444128, 6.835400928670429], [79.86268985726272, 6.835419070267383], [79.862682645349, 6.835436904379641], [79.86267467870009, 6.835454431007206], [79.86266595731603, 6.835471650150076], [79.86265762727615, 6.835487751166785], [79.86264968858042, 6.835502734057334], [79.86264214122883, 6.835516598821727], [79.8626386981086, 6.835522731879687], [79.86284091523748, 6.835870492482981]]]]}}, {"type": "Feature", "properties": {"hex_id": 207, "is_edge": false, "Hex_area": 8660.254, "Hex_area_full": 8660.254, "area_ratio": 1.0, "completeness_class": "core", "snap_ok": true, "analysis_ok": true, "node_id": 6931.0, "dist_food_m": 53.076, "time_food_min": 0.663, "reach_food_5": true, "reach_food_10": true, "reach_food_15": true, "count_food_10": 26, "dist_education_m": 298.367, "time_education_min": 3.73, "reach_education_5": true, "reach_education_10": true, "reach_education_15": true, "count_education_10": 3, "dist_health_m": 792.085, "time_health_min": 9.901, "reach_health_5": false, "reach_health_10": true, "reach_health_15": true, "count_health_10": 1, "dist_transit_m": 720.037, "time_transit_min": 9.0, "reach_transit_5": false, "reach_transit_10": true, "reach_transit_15": true, "count_transit_10": 3, "dist_finance_m": 487.57, "time_finance_min": 6.095, "reach_finance_5": false, "reach_finance_10": true, "reach_finance_15": true, "count_finance_10": 7, "dist_open_space_m": 422.004, "time_open_space_min": 5.275, "reach_open_space_5": false, "reach_open_space_10": true, "reach_open_space_15": true, "count_open_space_10": 2, "groups_within_10": 6, "access_score": 1.0, "access_tier": "high", "mean_BtA5000": 0.33333334327, "mismatch_flag": false}, "geometry": {"type": "MultiPolygon", "coordinates": [[[[79.86413752166523, 6.835424527611116], [79.86361887909413, 6.835424527611116], [79.8633595578086, 6.835870492482981], [79.86361887909413, 6.836316456938728], [79.86413752166523, 6.836316456938728], [79.86439684295078, 6.835870492482981], [79.86413752166523, 6.835424527611116]]]]}}, {"type": "Feature", "properties": {"hex_id": 208, "is_edge": false, "Hex_area": 8660.254, "Hex_area_full": 8660.254, "area_ratio": 1.0, "completeness_class": "core", "snap_ok": true, "analysis_ok": true, "node_id": 6932.0, "dist_food_m": 106.477, "time_food_min": 1.331, "reach_food_5": true, "reach_food_10": true, "reach_food_15": true, "count_food_10": 45, "dist_education_m": 150.6, "time_education_min": 1.883, "reach_education_5": true, "reach_education_10": true, "reach_education_15": true, "count_education_10": 3, "dist_health_m": 624.328, "time_health_min": 7.804, "reach_health_5": false, "reach_health_10": true, "reach_health_15": true, "count_health_10": 3, "dist_transit_m": 552.28, "time_transit_min": 6.904, "reach_transit_5": false, "reach_transit_10": true, "reach_transit_15": true, "count_transit_10": 7, "dist_finance_m": 319.813, "time_finance_min": 3.998, "reach_finance_5": true, "reach_finance_10": true, "reach_finance_15": true, "count_finance_10": 10, "dist_open_space_m": 123.051, "time_open_space_min": 1.538, "reach_open_space_5": true, "reach_open_space_10": true, "reach_open_space_15": true, "count_open_space_10": 3, "groups_within_10": 6, "access_score": 1.0, "access_tier": "high", "mean_BtA5000": 1.333333298565, "mismatch_flag": false}, "geometry": {"type": "MultiPolygon", "coordinates": [[[[79.86491548552188, 6.834978562323163], [79.86439684295078, 6.834978562323163], [79.86413752166523, 6.835424527611116], [79.86439684295078, 6.835870492482981], [79.86491548552188, 6.835870492482981], [79.8651748068074, 6.835424527611116], [79.86491548552188, 6.834978562323163]]]]}}, {"type": "Feature", "properties": {"hex_id": 209, "is_edge": false, "Hex_area": 8660.254, "Hex_area_full": 8660.254, "area_ratio": 1.0, "completeness_class": "core", "snap_ok": true, "analysis_ok": true, "node_id": 6933.0, "dist_food_m": 28.595, "time_food_min": 0.357, "reach_food_5": true, "reach_food_10": true, "reach_food_15": true, "count_food_10": 49, "dist_education_m": 154.476, "time_education_min": 1.931, "reach_education_5": true, "reach_education_10": true, "reach_education_15": true, "count_education_10": 3, "dist_health_m": 628.204, "time_health_min": 7.853, "reach_health_5": false, "reach_health_10": true, "reach_health_15": true, "count_health_10": 3, "dist_transit_m": 556.156, "time_transit_min": 6.952, "reach_transit_5": false, "reach_transit_10": true, "reach_transit_15": true, "count_transit_10": 8, "dist_finance_m": 323.689, "time_finance_min": 4.046, "reach_finance_5": true, "reach_finance_10": true, "reach_finance_15": true, "count_finance_10": 10, "dist_open_space_m": 258.123, "time_open_space_min": 3.227, "reach_open_space_5": true, "reach_open_space_10": true, "reach_open_space_15": true, "count_open_space_10": 3, "groups_within_10": 6, "access_score": 1.0, "access_tier": "high", "mean_BtA5000": 1.865096613765, "mismatch_flag": false}, "geometry": {"type": "MultiPolygon", "coordinates": [[[[79.86569344937851, 6.835424527611116], [79.8651748068074, 6.835424527611116], [79.86491548552188, 6.835870492482981], [79.8651748068074, 6.836316456938728], [79.86569344937851, 6.836316456938728], [79.86595277066408, 6.835870492482981], [79.86569344937851, 6.835424527611116]]]]}}, {"type": "Feature", "properties": {"hex_id": 210, "is_edge": false, "Hex_area": 8660.254, "Hex_area_full": 8660.254, "area_ratio": 1.0, "completeness_class": "core", "snap_ok": true, "analysis_ok": true, "node_id": 6934.0, "dist_food_m": 200.93, "time_food_min": 2.512, "reach_food_5": true, "reach_food_10": true, "reach_food_15": true, "count_food_10": 48, "dist_education_m": 202.392, "time_education_min": 2.53, "reach_education_5": true, "reach_education_10": true, "reach_education_15": true, "count_education_10": 4, "dist_health_m": 578.069, "time_health_min": 7.226, "reach_health_5": false, "reach_health_10": true, "reach_health_15": true, "count_health_10": 3, "dist_transit_m": 506.022, "time_transit_min": 6.325, "reach_transit_5": false, "reach_transit_10": true, "reach_transit_15": true, "count_transit_10": 8, "dist_finance_m": 301.005, "time_finance_min": 3.763, "reach_finance_5": true, "reach_finance_10": true, "reach_finance_15": true, "count_finance_10": 11, "dist_open_space_m": 348.701, "time_open_space_min": 4.359, "reach_open_space_5": true, "reach_open_space_10": true, "reach_open_space_15": true, "count_open_space_10": 3, "groups_within_10": 6, "access_score": 1.0, "access_tier": "high", "mean_BtA5000": 22.251051187515, "mismatch_flag": false}, "geometry": {"type": "MultiPolygon", "coordinates": [[[[79.86647141323516, 6.834978562323163], [79.86595277066408, 6.834978562323163], [79.86569344937851, 6.835424527611116], [79.86595277066408, 6.835870492482981], [79.86647141323516, 6.835870492482981], [79.86673073452073, 6.835424527611116], [79.86647141323516, 6.834978562323163]]]]}}, {"type": "Feature", "properties": {"hex_id": 211, "is_edge": false, "Hex_area": 8660.254, "Hex_area_full": 8660.254, "area_ratio": 1.0, "completeness_class": "core", "snap_ok": true, "analysis_ok": true, "node_id": 6935.0, "dist_food_m": 10.926, "time_food_min": 0.137, "reach_food_5": true, "reach_food_10": true, "reach_food_15": true, "count_food_10": 52, "dist_education_m": 474.649, "time_education_min": 5.933, "reach_education_5": false, "reach_education_10": true, "reach_education_15": true, "count_education_10": 5, "dist_health_m": 301.287, "time_health_min": 3.766, "reach_health_5": true, "reach_health_10": true, "reach_health_15": true, "count_health_10": 4, "dist_transit_m": 167.858, "time_transit_min": 2.098, "reach_transit_5": true, "reach_transit_10": true, "reach_transit_15": true, "count_transit_10": 11, "dist_finance_m": 69.803, "time_finance_min": 0.873, "reach_finance_5": true, "reach_finance_10": true, "reach_finance_15": true, "count_finance_10": 15, "dist_open_space_m": 679.753, "time_open_space_min": 8.497, "reach_open_space_5": false, "reach_open_space_10": true, "reach_open_space_15": true, "count_open_space_10": 2, "groups_within_10": 6, "access_score": 1.0, "access_tier": "high", "mean_BtA5000": 197.57748413086, "mismatch_flag": false}, "geometry": {"type": "MultiPolygon", "coordinates": [[[[79.86724937709182, 6.835424527611116], [79.86673073452073, 6.835424527611116], [79.86647141323516, 6.835870492482981], [79.86673073452073, 6.836316456938728], [79.86724937709182, 6.836316456938728], [79.86750869837736, 6.835870492482981], [79.86724937709182, 6.835424527611116]]]]}}, {"type": "Feature", "properties": {"hex_id": 212, "is_edge": false, "Hex_area": 8660.254, "Hex_area_full": 8660.254, "area_ratio": 1.0, "completeness_class": "core", "snap_ok": true, "analysis_ok": true, "node_id": 6936.0, "dist_food_m": 41.278, "time_food_min": 0.516, "reach_food_5": true, "reach_food_10": true, "reach_food_15": true, "count_food_10": 53, "dist_education_m": 524.689, "time_education_min": 6.559, "reach_education_5": false, "reach_education_10": true, "reach_education_15": true, "count_education_10": 5, "dist_health_m": 307.251, "time_health_min": 3.841, "reach_health_5": true, "reach_health_10": true, "reach_health_15": true, "count_health_10": 6, "dist_transit_m": 63.399, "time_transit_min": 0.792, "reach_transit_5": true, "reach_transit_10": true, "reach_transit_15": true, "count_transit_10": 10, "dist_finance_m": 93.52, "time_finance_min": 1.169, "reach_finance_5": true, "reach_finance_10": true, "reach_finance_15": true, "count_finance_10": 13, "dist_open_space_m": 709.233, "time_open_space_min": 8.865, "reach_open_space_5": false, "reach_open_space_10": true, "reach_open_space_15": true, "count_open_space_10": 3, "groups_within_10": 6, "access_score": 1.0, "access_tier": "high", "mean_BtA5000": 100.6591598466025, "mismatch_flag": false}, "geometry": {"type": "MultiPolygon", "coordinates": [[[[79.86802734094847, 6.834978562323163], [79.86750869837736, 6.834978562323163], [79.86724937709182, 6.835424527611116], [79.86750869837736, 6.835870492482981], [79.86802734094847, 6.835870492482981], [79.868286662234, 6.835424527611116], [79.86802734094847, 6.834978562323163]]]]}}, {"type": "Feature", "properties": {"hex_id": 213, "is_edge": false, "Hex_area": 8660.254, "Hex_area_full": 8660.254, "area_ratio": 1.0, "completeness_class": "core", "snap_ok": true, "analysis_ok": true, "node_id": 6937.0, "dist_food_m": 184.336, "time_food_min": 2.304, "reach_food_5": true, "reach_food_10": true, "reach_food_15": true, "count_food_10": 44, "dist_education_m": 541.639, "time_education_min": 6.77, "reach_education_5": false, "reach_education_10": true, "reach_education_15": true, "count_education_10": 4, "dist_health_m": 368.277, "time_health_min": 4.603, "reach_health_5": true, "reach_health_10": true, "reach_health_15": true, "count_health_10": 4, "dist_transit_m": 240.831, "time_transit_min": 3.01, "reach_transit_5": true, "reach_transit_10": true, "reach_transit_15": true, "count_transit_10": 10, "dist_finance_m": 228.892, "time_finance_min": 2.861, "reach_finance_5": true, "reach_finance_10": true, "reach_finance_15": true, "count_finance_10": 14, "dist_open_space_m": 763.049, "time_open_space_min": 9.538, "reach_open_space_5": false, "reach_open_space_10": true, "reach_open_space_15": true, "count_open_space_10": 1, "groups_within_10": 6, "access_score": 1.0, "access_tier": "high", "mean_BtA5000": 0.33333334327, "mismatch_flag": false}, "geometry": {"type": "MultiPolygon", "coordinates": [[[[79.86880530480511, 6.835424527611116], [79.868286662234, 6.835424527611116], [79.86802734094847, 6.835870492482981], [79.868286662234, 6.836316456938728], [79.86880530480511, 6.836316456938728], [79.86906462609065, 6.835870492482981], [79.86880530480511, 6.835424527611116]]]]}}, {"type": "Feature", "properties": {"hex_id": 214, "is_edge": false, "Hex_area": 8660.254, "Hex_area_full": 8660.254, "area_ratio": 1.0, "completeness_class": "core", "snap_ok": true, "analysis_ok": true, "node_id": 1787.0, "dist_food_m": 168.644, "time_food_min": 2.108, "reach_food_5": true, "reach_food_10": true, "reach_food_15": true, "count_food_10": 45, "dist_education_m": 522.016, "time_education_min": 6.525, "reach_education_5": false, "reach_education_10": true, "reach_education_15": true, "count_education_10": 4, "dist_health_m": 477.696, "time_health_min": 5.971, "reach_health_5": false, "reach_health_10": true, "reach_health_15": true, "count_health_10": 4, "dist_transit_m": 233.843, "time_transit_min": 2.923, "reach_transit_5": true, "reach_transit_10": true, "reach_transit_15": true, "count_transit_10": 8, "dist_finance_m": 263.964, "time_finance_min": 3.3, "reach_finance_5": true, "reach_finance_10": true, "reach_finance_15": true, "count_finance_10": 9, "dist_open_space_m": 708.58, "time_open_space_min": 8.857, "reach_open_space_5": false, "reach_open_space_10": true, "reach_open_space_15": true, "count_open_space_10": 1, "groups_within_10": 6, "access_score": 1.0, "access_tier": "high", "mean_BtA5000": 2.0370844528075, "mismatch_flag": false}, "geometry": {"type": "MultiPolygon", "coordinates": [[[[79.86958326866176, 6.834978562323163], [79.86906462609065, 6.834978562323163], [79.86880530480511, 6.835424527611116], [79.86906462609065, 6.835870492482981], [79.86958326866176, 6.835870492482981], [79.86984258994731, 6.835424527611116], [79.86958326866176, 6.834978562323163]]]]}}, {"type": "Feature", "properties": {"hex_id": 215, "is_edge": false, "Hex_area": 8660.254, "Hex_area_full": 8660.254, "area_ratio": 1.0, "completeness_class": "core", "snap_ok": true, "analysis_ok": true, "node_id": 6938.0, "dist_food_m": 348.688, "time_food_min": 4.359, "reach_food_5": true, "reach_food_10": true, "reach_food_15": true, "count_food_10": 30, "dist_education_m": 652.06, "time_education_min": 8.151, "reach_education_5": false, "reach_education_10": true, "reach_education_15": true, "count_education_10": 1, "dist_health_m": 657.74, "time_health_min": 8.222, "reach_health_5": false, "reach_health_10": true, "reach_health_15": true, "count_health_10": 4, "dist_transit_m": 413.888, "time_transit_min": 5.174, "reach_transit_5": false, "reach_transit_10": true, "reach_transit_15": true, "count_transit_10": 7, "dist_finance_m": 444.008, "time_finance_min": 5.55, "reach_finance_5": false, "reach_finance_10": true, "reach_finance_15": true, "count_finance_10": 6, "dist_open_space_m": 872.221, "time_open_space_min": 10.903, "reach_open_space_5": false, "reach_open_space_10": false, "reach_open_space_15": true, "count_open_space_10": 0, "groups_within_10": 5, "access_score": 0.8333, "access_tier": "high", "mean_BtA5000": 0.74417370558, "mismatch_flag": false}, "geometry": {"type": "MultiPolygon", "coordinates": [[[[79.87036123251839, 6.835424527611116], [79.86984258994731, 6.835424527611116], [79.86958326866176, 6.835870492482981], [79.86984258994731, 6.836316456938728], [79.87036123251839, 6.836316456938728], [79.87062055380396, 6.835870492482981], [79.87036123251839, 6.835424527611116]]]]}}, {"type": "Feature", "properties": {"hex_id": 216, "is_edge": false, "Hex_area": 8660.254, "Hex_area_full": 8660.254, "area_ratio": 1.0, "completeness_class": "core", "snap_ok": true, "analysis_ok": true, "node_id": 6939.0, "dist_food_m": 560.204, "time_food_min": 7.003, "reach_food_5": false, "reach_food_10": true, "reach_food_15": true, "count_food_10": 3, "dist_education_m": 750.386, "time_education_min": 9.38, "reach_education_5": false, "reach_education_10": true, "reach_education_15": true, "count_education_10": 1, "dist_health_m": 599.728, "time_health_min": 7.497, "reach_health_5": false, "reach_health_10": true, "reach_health_15": true, "count_health_10": 1, "dist_transit_m": 866.578, "time_transit_min": 10.832, "reach_transit_5": false, "reach_transit_10": false, "reach_transit_15": true, "count_transit_10": 0, "dist_finance_m": 792.212, "time_finance_min": 9.903, "reach_finance_5": false, "reach_finance_10": true, "reach_finance_15": true, "count_finance_10": 1, "dist_open_space_m": 153.875, "time_open_space_min": 1.923, "reach_open_space_5": true, "reach_open_space_10": true, "reach_open_space_15": true, "count_open_space_10": 1, "groups_within_10": 5, "access_score": 0.8333, "access_tier": "high", "mean_BtA5000": 0.538753524425, "mismatch_flag": false}, "geometry": {"type": "MultiPolygon", "coordinates": [[[[79.87113919637505, 6.834978562323163], [79.87062055380396, 6.834978562323163], [79.87036123251839, 6.835424527611116], [79.87062055380396, 6.835870492482981], [79.87113919637505, 6.835870492482981], [79.87139851766061, 6.835424527611116], [79.87113919637505, 6.834978562323163]]]]}}, {"type": "Feature", "properties": {"hex_id": 217, "is_edge": false, "Hex_area": 8660.254, "Hex_area_full": 8660.254, "area_ratio": 1.0, "completeness_class": "core", "snap_ok": true, "analysis_ok": true, "node_id": 6940.0, "dist_food_m": 459.708, "time_food_min": 5.746, "reach_food_5": false, "reach_food_10": true, "reach_food_15": true, "count_food_10": 7, "dist_education_m": 649.891, "time_education_min": 8.124, "reach_education_5": false, "reach_education_10": true, "reach_education_15": true, "count_education_10": 1, "dist_health_m": 499.232, "time_health_min": 6.24, "reach_health_5": false, "reach_health_10": true, "reach_health_15": true, "count_health_10": 1, "dist_transit_m": 766.082, "time_transit_min": 9.576, "reach_transit_5": false, "reach_transit_10": true, "reach_transit_15": true, "count_transit_10": 2, "dist_finance_m": 691.717, "time_finance_min": 8.646, "reach_finance_5": false, "reach_finance_10": true, "reach_finance_15": true, "count_finance_10": 1, "dist_open_space_m": 254.371, "time_open_space_min": 3.18, "reach_open_space_5": true, "reach_open_space_10": true, "reach_open_space_15": true, "count_open_space_10": 1, "groups_within_10": 6, "access_score": 1.0, "access_tier": "high", "mean_BtA5000": 0.33333334327, "mismatch_flag": false}, "geometry": {"type": "MultiPolygon", "coordinates": [[[[79.8719171602317, 6.835424527611116], [79.87139851766061, 6.835424527611116], [79.87113919637505, 6.835870492482981], [79.87139851766061, 6.836316456938728], [79.8719171602317, 6.836316456938728], [79.87217648151724, 6.835870492482981], [79.8719171602317, 6.835424527611116]]]]}}, {"type": "Feature", "properties": {"hex_id": 218, "is_edge": true, "Hex_area": 4260.6489, "Hex_area_full": 8660.254, "area_ratio": 0.491977, "completeness_class": "sliver", "snap_ok": true, "analysis_ok": false, "node_id": 6941.0, "dist_food_m": 439.568, "time_food_min": 5.495, "reach_food_5": false, "reach_food_10": true, "reach_food_15": true, "count_food_10": 8, "dist_education_m": 689.922, "time_education_min": 8.624, "reach_education_5": false, "reach_education_10": true, "reach_education_15": true, "count_education_10": 1, "dist_health_m": 539.264, "time_health_min": 6.741, "reach_health_5": false, "reach_health_10": true, "reach_health_15": true, "count_health_10": 1, "dist_transit_m": 806.114, "time_transit_min": 10.076, "reach_transit_5": false, "reach_transit_10": false, "reach_transit_15": true, "count_transit_10": 0, "dist_finance_m": 551.496, "time_finance_min": 6.894, "reach_finance_5": false, "reach_finance_10": true, "reach_finance_15": true, "count_finance_10": 2, "dist_open_space_m": 441.421, "time_open_space_min": 5.518, "reach_open_space_5": false, "reach_open_space_10": true, "reach_open_space_15": true, "count_open_space_10": 2, "groups_within_10": 5, "access_score": 0.8333, "access_tier": "excluded", "mean_BtA5000": 1.00864516199, "mismatch_flag": false}, "geometry": {"type": "MultiPolygon", "coordinates": [[[[79.87217648151724, 6.834978562323163], [79.8719171602317, 6.835424527611116], [79.87217648151724, 6.835870492482981], [79.8723273231669, 6.835870492482981], [79.87234032029397, 6.8358248662041765], [79.87235776306208, 6.835764487391513], [79.87237405975088, 6.835705198751856], [79.87238921036037, 6.835647000285206], [79.87240321489053, 6.83558989199156], [79.87241607334137, 6.8355338738709275], [79.87242778571289, 6.835478945923296], [79.8724383520051, 6.835425108148671], [79.87244777221801, 6.835372360547052], [79.8724560463516, 6.83532070311844], [79.87246373346895, 6.835270611066452], [79.87247083357006, 6.83522208439109], [79.87247734665495, 6.835175123092354], [79.87248327272358, 6.83512972717024], [79.87248861177602, 6.8350858966247525], [79.87249336381221, 6.835043631455887], [79.87249752883214, 6.835002931663647], [79.87249975688617, 6.834978562323163], [79.87217648151724, 6.834978562323163]]]]}}, {"type": "Feature", "properties": {"hex_id": 219, "is_edge": true, "Hex_area": 0.9539, "Hex_area_full": 8660.254, "area_ratio": 0.00011, "completeness_class": "sliver", "snap_ok": false, "analysis_ok": false, "node_id": null, "dist_food_m": null, "time_food_min": null, "reach_food_5": false, "reach_food_10": false, "reach_food_15": false, "count_food_10": 0, "dist_education_m": null, "time_education_min": null, "reach_education_5": false, "reach_education_10": false, "reach_education_15": false, "count_education_10": 0, "dist_health_m": null, "time_health_min": null, "reach_health_5": false, "reach_health_10": false, "reach_health_15": false, "count_health_10": 0, "dist_transit_m": null, "time_transit_min": null, "reach_transit_5": false, "reach_transit_10": false, "reach_transit_15": false, "count_transit_10": 0, "dist_finance_m": null, "time_finance_min": null, "reach_finance_5": false, "reach_finance_10": false, "reach_finance_15": false, "count_finance_10": 0, "dist_open_space_m": null, "time_open_space_min": null, "reach_open_space_5": false, "reach_open_space_10": false, "reach_open_space_15": false, "count_open_space_10": 0, "groups_within_10": 0, "access_score": null, "access_tier": "excluded", "mean_BtA5000": null, "mismatch_flag": false}, "geometry": {"type": "MultiPolygon", "coordinates": [[[[79.86284091523748, 6.836762420978328], [79.86283531301899, 6.836752786648307], [79.86283392781846, 6.836765545742922], [79.86283326311664, 6.836775580596429], [79.86284091523748, 6.836762420978328]]]]}}, {"type": "Feature", "properties": {"hex_id": 220, "is_edge": true, "Hex_area": 7532.3248, "Hex_area_full": 8660.254, "area_ratio": 0.869758, "completeness_class": "partial", "snap_ok": true, "analysis_ok": false, "node_id": 364.0, "dist_food_m": 0.0, "time_food_min": 0.0, "reach_food_5": true, "reach_food_10": true, "reach_food_15": true, "count_food_10": 20, "dist_education_m": 357.803, "time_education_min": 4.473, "reach_education_5": true, "reach_education_10": true, "reach_education_15": true, "count_education_10": 3, "dist_health_m": 851.521, "time_health_min": 10.644, "reach_health_5": false, "reach_health_10": false, "reach_health_15": true, "count_health_10": 0, "dist_transit_m": 779.473, "time_transit_min": 9.743, "reach_transit_5": false, "reach_transit_10": true, "reach_transit_15": true, "count_transit_10": 2, "dist_finance_m": 547.006, "time_finance_min": 6.838, "reach_finance_5": false, "reach_finance_10": true, "reach_finance_15": true, "count_finance_10": 4, "dist_open_space_m": 481.44, "time_open_space_min": 6.018, "reach_open_space_5": false, "reach_open_space_10": true, "reach_open_space_15": true, "count_open_space_10": 2, "groups_within_10": 5, "access_score": 0.8333, "access_tier": "excluded", "mean_BtA5000": null, "mismatch_flag": false}, "geometry": {"type": "MultiPolygon", "coordinates": [[[[79.86284091523748, 6.836762420978328], [79.8633595578086, 6.836762420978328], [79.86361887909413, 6.836316456938728], [79.8633595578086, 6.835870492482981], [79.86284091523748, 6.835870492482981], [79.86266878435076, 6.836166512414776], [79.86266931169453, 6.836178641321314], [79.8626713243216, 6.836194742338024], [79.86267361648024, 6.836209082306032], [79.86267618817041, 6.836221661225336], [79.86267903939212, 6.836232479095937], [79.86268217014535, 6.836241535917836], [79.86268558043014, 6.836248831691035], [79.86268927024646, 6.836254366415529], [79.86269323959432, 6.83625814009132], [79.86269748847376, 6.836260152718408], [79.86270196097841, 6.836261522422955], [79.86270665710828, 6.8362622492049585], [79.86271157686338, 6.836262333064422], [79.86271672024371, 6.836261774001341], [79.86272208724928, 6.836260572015717], [79.86272767788009, 6.836258727107556], [79.86273349213613, 6.836256239276848], [79.86273953001741, 6.836253108523597], [79.86274514860136, 6.836250061629809], [79.86275034788801, 6.836247098595486], [79.86275512787734, 6.836244219420623], [79.86275948856935, 6.836241424105221], [79.86276342996406, 6.836238712649283], [79.86276695206148, 6.836236085052804], [79.86277005486156, 6.83623354131579], [79.86277273836437, 6.836231081438237], [79.862775393914, 6.836228984951688], [79.86277802151048, 6.836227251856138], [79.8627806211538, 6.8362258821515915], [79.86278319284395, 6.836224875838047], [79.86278573658097, 6.836224232915504], [79.86278825236481, 6.836223953383964], [79.86279074019555, 6.836224037243427], [79.8627932000731, 6.836224484493892], [79.86279565995065, 6.836225155369587], [79.86279811982821, 6.8362260498705165], [79.86280057970575, 6.836227167996676], [79.8628030395833, 6.836228509748069], [79.86280549946086, 6.836230075124691], [79.86280795933841, 6.836231864126551], [79.86281041921595, 6.836233876753637], [79.86281287909351, 6.836236113005958], [79.86281559054943, 6.83623862878982], [79.86281855358376, 6.836241424105221], [79.86282176819647, 6.836244498952162], [79.86282523438757, 6.836247853330643], [79.86282895215706, 6.836251487240666], [79.86283292150495, 6.836255400682228], [79.8628371424312, 6.836259593655329], [79.86284161493583, 6.836264066159969], [79.86284628311256, 6.836270439479086], [79.86285114696136, 6.836278713612671], [79.86285620648222, 6.836288888560731], [79.86286146167517, 6.836300964323265], [79.8628669125402, 6.83631494090027], [79.86287255907732, 6.836330818291748], [79.86287840128651, 6.836348596497698], [79.86288443916777, 6.836368275518124], [79.86288852032828, 6.836390190790868], [79.86289064476797, 6.836414342315931], [79.86289081248691, 6.836440730093319], [79.86288902348502, 6.836469354123024], [79.8628852777624, 6.836500214405054], [79.86287957531897, 6.836533310939402], [79.86287191615479, 6.836568643726069], [79.8628623002698, 6.836606212765063], [79.86285399818304, 6.836641880989578], [79.86284700989455, 6.8366756483996225], [79.86284133540428, 6.836707514995195], [79.86283697471227, 6.836737480776297], [79.86283531301899, 6.836752786648307], [79.86284091523748, 6.836762420978328]]]]}}, {"type": "Feature", "properties": {"hex_id": 221, "is_edge": false, "Hex_area": 8660.254, "Hex_area_full": 8660.254, "area_ratio": 1.0, "completeness_class": "core", "snap_ok": true, "analysis_ok": true, "node_id": 367.0, "dist_food_m": 68.899, "time_food_min": 0.861, "reach_food_5": true, "reach_food_10": true, "reach_food_15": true, "count_food_10": 31, "dist_education_m": 282.544, "time_education_min": 3.532, "reach_education_5": true, "reach_education_10": true, "reach_education_15": true, "count_education_10": 3, "dist_health_m": 776.261, "time_health_min": 9.703, "reach_health_5": false, "reach_health_10": true, "reach_health_15": true, "count_health_10": 1, "dist_transit_m": 704.214, "time_transit_min": 8.803, "reach_transit_5": false, "reach_transit_10": true, "reach_transit_15": true, "count_transit_10": 4, "dist_finance_m": 471.747, "time_finance_min": 5.897, "reach_finance_5": false, "reach_finance_10": true, "reach_finance_15": true, "count_finance_10": 7, "dist_open_space_m": 406.181, "time_open_space_min": 5.077, "reach_open_space_5": false, "reach_open_space_10": true, "reach_open_space_15": true, "count_open_space_10": 3, "groups_within_10": 6, "access_score": 1.0, "access_tier": "high", "mean_BtA5000": null, "mismatch_flag": false}, "geometry": {"type": "MultiPolygon", "coordinates": [[[[79.86413752166523, 6.836316456938728], [79.86361887909413, 6.836316456938728], [79.8633595578086, 6.836762420978328], [79.86361887909413, 6.837208384601756], [79.86413752166523, 6.837208384601756], [79.86439684295078, 6.836762420978328], [79.86413752166523, 6.836316456938728]]]]}}, {"type": "Feature", "properties": {"hex_id": 222, "is_edge": false, "Hex_area": 8660.254, "Hex_area_full": 8660.254, "area_ratio": 1.0, "completeness_class": "core", "snap_ok": true, "analysis_ok": true, "node_id": 6942.0, "dist_food_m": 100.079, "time_food_min": 1.251, "reach_food_5": true, "reach_food_10": true, "reach_food_15": true, "count_food_10": 44, "dist_education_m": 205.97, "time_education_min": 2.575, "reach_education_5": true, "reach_education_10": true, "reach_education_15": true, "count_education_10": 3, "dist_health_m": 699.688, "time_health_min": 8.746, "reach_health_5": false, "reach_health_10": true, "reach_health_15": true, "count_health_10": 3, "dist_transit_m": 627.64, "time_transit_min": 7.846, "reach_transit_5": false, "reach_transit_10": true, "reach_transit_15": true, "count_transit_10": 6, "dist_finance_m": 395.173, "time_finance_min": 4.94, "reach_finance_5": true, "reach_finance_10": true, "reach_finance_15": true, "count_finance_10": 9, "dist_open_space_m": 329.607, "time_open_space_min": 4.12, "reach_open_space_5": true, "reach_open_space_10": true, "reach_open_space_15": true, "count_open_space_10": 3, "groups_within_10": 6, "access_score": 1.0, "access_tier": "high", "mean_BtA5000": 1.865096613765, "mismatch_flag": false}, "geometry": {"type": "MultiPolygon", "coordinates": [[[[79.86491548552188, 6.835870492482981], [79.86439684295078, 6.835870492482981], [79.86413752166523, 6.836316456938728], [79.86439684295078, 6.836762420978328], [79.86491548552188, 6.836762420978328], [79.8651748068074, 6.836316456938728], [79.86491548552188, 6.835870492482981]]]]}}, {"type": "Feature", "properties": {"hex_id": 223, "is_edge": false, "Hex_area": 8660.254, "Hex_area_full": 8660.254, "area_ratio": 1.0, "completeness_class": "core", "snap_ok": true, "analysis_ok": true, "node_id": 6943.0, "dist_food_m": 212.991, "time_food_min": 2.662, "reach_food_5": true, "reach_food_10": true, "reach_food_15": true, "count_food_10": 36, "dist_education_m": 6.875, "time_education_min": 0.086, "reach_education_5": true, "reach_education_10": true, "reach_education_15": true, "count_education_10": 4, "dist_health_m": 620.68, "time_health_min": 7.759, "reach_health_5": false, "reach_health_10": true, "reach_health_15": true, "count_health_10": 1, "dist_transit_m": 661.811, "time_transit_min": 8.273, "reach_transit_5": false, "reach_transit_10": true, "reach_transit_15": true, "count_transit_10": 6, "dist_finance_m": 448.457, "time_finance_min": 5.606, "reach_finance_5": false, "reach_finance_10": true, "reach_finance_15": true, "count_finance_10": 12, "dist_open_space_m": 442.519, "time_open_space_min": 5.531, "reach_open_space_5": false, "reach_open_space_10": true, "reach_open_space_15": true, "count_open_space_10": 3, "groups_within_10": 6, "access_score": 1.0, "access_tier": "high", "mean_BtA5000": 1.099214963615, "mismatch_flag": false}, "geometry": {"type": "MultiPolygon", "coordinates": [[[[79.86569344937851, 6.836316456938728], [79.8651748068074, 6.836316456938728], [79.86491548552188, 6.836762420978328], [79.8651748068074, 6.837208384601756], [79.86569344937851, 6.837208384601756], [79.86595277066408, 6.836762420978328], [79.86569344937851, 6.836316456938728]]]]}}, {"type": "Feature", "properties": {"hex_id": 224, "is_edge": false, "Hex_area": 8660.254, "Hex_area_full": 8660.254, "area_ratio": 1.0, "completeness_class": "core", "snap_ok": true, "analysis_ok": true, "node_id": 6944.0, "dist_food_m": 2.026, "time_food_min": 0.025, "reach_food_5": true, "reach_food_10": true, "reach_food_15": true, "count_food_10": 53, "dist_education_m": 240.512, "time_education_min": 3.006, "reach_education_5": true, "reach_education_10": true, "reach_education_15": true, "count_education_10": 6, "dist_health_m": 484.725, "time_health_min": 6.059, "reach_health_5": false, "reach_health_10": true, "reach_health_15": true, "count_health_10": 3, "dist_transit_m": 525.856, "time_transit_min": 6.573, "reach_transit_5": false, "reach_transit_10": true, "reach_transit_15": true, "count_transit_10": 10, "dist_finance_m": 83.495, "time_finance_min": 1.044, "reach_finance_5": true, "reach_finance_10": true, "reach_finance_15": true, "count_finance_10": 14, "dist_open_space_m": 386.82, "time_open_space_min": 4.835, "reach_open_space_5": true, "reach_open_space_10": true, "reach_open_space_15": true, "count_open_space_10": 4, "groups_within_10": 6, "access_score": 1.0, "access_tier": "high", "mean_BtA5000": 33.17705154419, "mismatch_flag": false}, "geometry": {"type": "MultiPolygon", "coordinates": [[[[79.86647141323516, 6.835870492482981], [79.86595277066408, 6.835870492482981], [79.86569344937851, 6.836316456938728], [79.86595277066408, 6.836762420978328], [79.86647141323516, 6.836762420978328], [79.86673073452073, 6.836316456938728], [79.86647141323516, 6.835870492482981]]]]}}, {"type": "Feature", "properties": {"hex_id": 225, "is_edge": false, "Hex_area": 8660.254, "Hex_area_full": 8660.254, "area_ratio": 1.0, "completeness_class": "core", "snap_ok": true, "analysis_ok": true, "node_id": 6945.0, "dist_food_m": 23.05, "time_food_min": 0.288, "reach_food_5": true, "reach_food_10": true, "reach_food_15": true, "count_food_10": 54, "dist_education_m": 364.782, "time_education_min": 4.56, "reach_education_5": true, "reach_education_10": true, "reach_education_15": true, "count_education_10": 6, "dist_health_m": 191.42, "time_health_min": 2.393, "reach_health_5": true, "reach_health_10": true, "reach_health_15": true, "count_health_10": 4, "dist_transit_m": 91.093, "time_transit_min": 1.139, "reach_transit_5": true, "reach_transit_10": true, "reach_transit_15": true, "count_transit_10": 10, "dist_finance_m": 110.436, "time_finance_min": 1.38, "reach_finance_5": true, "reach_finance_10": true, "reach_finance_15": true, "count_finance_10": 15, "dist_open_space_m": 569.886, "time_open_space_min": 7.124, "reach_open_space_5": false, "reach_open_space_10": true, "reach_open_space_15": true, "count_open_space_10": 1, "groups_within_10": 6, "access_score": 1.0, "access_tier": "high", "mean_BtA5000": 197.57748413086, "mismatch_flag": false}, "geometry": {"type": "MultiPolygon", "coordinates": [[[[79.86724937709182, 6.836316456938728], [79.86673073452073, 6.836316456938728], [79.86647141323516, 6.836762420978328], [79.86673073452073, 6.837208384601756], [79.86724937709182, 6.837208384601756], [79.86750869837736, 6.836762420978328], [79.86724937709182, 6.836316456938728]]]]}}, {"type": "Feature", "properties": {"hex_id": 226, "is_edge": false, "Hex_area": 8660.254, "Hex_area_full": 8660.254, "area_ratio": 1.0, "completeness_class": "core", "snap_ok": true, "analysis_ok": true, "node_id": 6946.0, "dist_food_m": 95.618, "time_food_min": 1.195, "reach_food_5": true, "reach_food_10": true, "reach_food_15": true, "count_food_10": 49, "dist_education_m": 452.921, "time_education_min": 5.662, "reach_education_5": false, "reach_education_10": true, "reach_education_15": true, "count_education_10": 5, "dist_health_m": 279.559, "time_health_min": 3.494, "reach_health_5": true, "reach_health_10": true, "reach_health_15": true, "count_health_10": 4, "dist_transit_m": 152.113, "time_transit_min": 1.901, "reach_transit_5": true, "reach_transit_10": true, "reach_transit_15": true, "count_transit_10": 10, "dist_finance_m": 140.174, "time_finance_min": 1.752, "reach_finance_5": true, "reach_finance_10": true, "reach_finance_15": true, "count_finance_10": 15, "dist_open_space_m": 674.331, "time_open_space_min": 8.429, "reach_open_space_5": false, "reach_open_space_10": true, "reach_open_space_15": true, "count_open_space_10": 1, "groups_within_10": 6, "access_score": 1.0, "access_tier": "high", "mean_BtA5000": 131.82943386833, "mismatch_flag": false}, "geometry": {"type": "MultiPolygon", "coordinates": [[[[79.86802734094847, 6.835870492482981], [79.86750869837736, 6.835870492482981], [79.86724937709182, 6.836316456938728], [79.86750869837736, 6.836762420978328], [79.86802734094847, 6.836762420978328], [79.868286662234, 6.836316456938728], [79.86802734094847, 6.835870492482981]]]]}}, {"type": "Feature", "properties": {"hex_id": 227, "is_edge": false, "Hex_area": 8660.254, "Hex_area_full": 8660.254, "area_ratio": 1.0, "completeness_class": "core", "snap_ok": true, "analysis_ok": true, "node_id": 5758.0, "dist_food_m": 191.444, "time_food_min": 2.393, "reach_food_5": true, "reach_food_10": true, "reach_food_15": true, "count_food_10": 41, "dist_education_m": 460.53, "time_education_min": 5.757, "reach_education_5": false, "reach_education_10": true, "reach_education_15": true, "count_education_10": 3, "dist_health_m": 287.168, "time_health_min": 3.59, "reach_health_5": true, "reach_health_10": true, "reach_health_15": true, "count_health_10": 4, "dist_transit_m": 205.167, "time_transit_min": 2.565, "reach_transit_5": true, "reach_transit_10": true, "reach_transit_15": true, "count_transit_10": 9, "dist_finance_m": 90.118, "time_finance_min": 1.126, "reach_finance_5": true, "reach_finance_10": true, "reach_finance_15": true, "count_finance_10": 13, "dist_open_space_m": 681.939, "time_open_space_min": 8.524, "reach_open_space_5": false, "reach_open_space_10": true, "reach_open_space_15": true, "count_open_space_10": 1, "groups_within_10": 6, "access_score": 1.0, "access_tier": "high", "mean_BtA5000": 0.33333328366, "mismatch_flag": false}, "geometry": {"type": "MultiPolygon", "coordinates": [[[[79.86880530480511, 6.836316456938728], [79.868286662234, 6.836316456938728], [79.86802734094847, 6.836762420978328], [79.868286662234, 6.837208384601756], [79.86880530480511, 6.837208384601756], [79.86906462609065, 6.836762420978328], [79.86880530480511, 6.836316456938728]]]]}}, {"type": "Feature", "properties": {"hex_id": 228, "is_edge": false, "Hex_area": 8660.254, "Hex_area_full": 8660.254, "area_ratio": 1.0, "completeness_class": "core", "snap_ok": true, "analysis_ok": true, "node_id": 6947.0, "dist_food_m": 294.75, "time_food_min": 3.684, "reach_food_5": true, "reach_food_10": true, "reach_food_15": true, "count_food_10": 38, "dist_education_m": 395.91, "time_education_min": 4.949, "reach_education_5": true, "reach_education_10": true, "reach_education_15": true, "count_education_10": 1, "dist_health_m": 418.571, "time_health_min": 5.232, "reach_health_5": false, "reach_health_10": true, "reach_health_15": true, "count_health_10": 4, "dist_transit_m": 336.57, "time_transit_min": 4.207, "reach_transit_5": true, "reach_transit_10": true, "reach_transit_15": true, "count_transit_10": 8, "dist_finance_m": 383.349, "time_finance_min": 4.792, "reach_finance_5": true, "reach_finance_10": true, "reach_finance_15": true, "count_finance_10": 11, "dist_open_space_m": 813.343, "time_open_space_min": 10.167, "reach_open_space_5": false, "reach_open_space_10": false, "reach_open_space_15": true, "count_open_space_10": 0, "groups_within_10": 5, "access_score": 0.8333, "access_tier": "high", "mean_BtA5000": 0.333333313465, "mismatch_flag": false}, "geometry": {"type": "MultiPolygon", "coordinates": [[[[79.86958326866176, 6.835870492482981], [79.86906462609065, 6.835870492482981], [79.86880530480511, 6.836316456938728], [79.86906462609065, 6.836762420978328], [79.86958326866176, 6.836762420978328], [79.86984258994731, 6.836316456938728], [79.86958326866176, 6.835870492482981]]]]}}, {"type": "Feature", "properties": {"hex_id": 229, "is_edge": false, "Hex_area": 8660.254, "Hex_area_full": 8660.254, "area_ratio": 1.0, "completeness_class": "core", "snap_ok": true, "analysis_ok": true, "node_id": 6948.0, "dist_food_m": 321.766, "time_food_min": 4.022, "reach_food_5": true, "reach_food_10": true, "reach_food_15": true, "count_food_10": 28, "dist_education_m": 257.488, "time_education_min": 3.219, "reach_education_5": true, "reach_education_10": true, "reach_education_15": true, "count_education_10": 1, "dist_health_m": 370.636, "time_health_min": 4.633, "reach_health_5": true, "reach_health_10": true, "reach_health_15": true, "count_health_10": 3, "dist_transit_m": 335.488, "time_transit_min": 4.194, "reach_transit_5": true, "reach_transit_10": true, "reach_transit_15": true, "count_transit_10": 7, "dist_finance_m": 382.267, "time_finance_min": 4.778, "reach_finance_5": true, "reach_finance_10": true, "reach_finance_15": true, "count_finance_10": 10, "dist_open_space_m": 684.965, "time_open_space_min": 8.562, "reach_open_space_5": false, "reach_open_space_10": true, "reach_open_space_15": true, "count_open_space_10": 1, "groups_within_10": 6, "access_score": 1.0, "access_tier": "high", "mean_BtA5000": 0.33333334327, "mismatch_flag": false}, "geometry": {"type": "MultiPolygon", "coordinates": [[[[79.87036123251839, 6.836316456938728], [79.86984258994731, 6.836316456938728], [79.86958326866176, 6.836762420978328], [79.86984258994731, 6.837208384601756], [79.87036123251839, 6.837208384601756], [79.87062055380396, 6.836762420978328], [79.87036123251839, 6.836316456938728]]]]}}, {"type": "Feature", "properties": {"hex_id": 230, "is_edge": false, "Hex_area": 8660.254, "Hex_area_full": 8660.254, "area_ratio": 1.0, "completeness_class": "core", "snap_ok": true, "analysis_ok": true, "node_id": 3815.0, "dist_food_m": 390.558, "time_food_min": 4.882, "reach_food_5": true, "reach_food_10": true, "reach_food_15": true, "count_food_10": 22, "dist_education_m": 342.925, "time_education_min": 4.287, "reach_education_5": true, "reach_education_10": true, "reach_education_15": true, "count_education_10": 1, "dist_health_m": 372.385, "time_health_min": 4.655, "reach_health_5": true, "reach_health_10": true, "reach_health_15": true, "count_health_10": 2, "dist_transit_m": 420.926, "time_transit_min": 5.262, "reach_transit_5": false, "reach_transit_10": true, "reach_transit_15": true, "count_transit_10": 5, "dist_finance_m": 467.704, "time_finance_min": 5.846, "reach_finance_5": false, "reach_finance_10": true, "reach_finance_15": true, "count_finance_10": 7, "dist_open_space_m": 599.527, "time_open_space_min": 7.494, "reach_open_space_5": false, "reach_open_space_10": true, "reach_open_space_15": true, "count_open_space_10": 1, "groups_within_10": 6, "access_score": 1.0, "access_tier": "high", "mean_BtA5000": 1.5078494250799999, "mismatch_flag": false}, "geometry": {"type": "MultiPolygon", "coordinates": [[[[79.87113919637505, 6.835870492482981], [79.87062055380396, 6.835870492482981], [79.87036123251839, 6.836316456938728], [79.87062055380396, 6.836762420978328], [79.87113919637505, 6.836762420978328], [79.87139851766061, 6.836316456938728], [79.87113919637505, 6.835870492482981]]]]}}, {"type": "Feature", "properties": {"hex_id": 231, "is_edge": true, "Hex_area": 8007.5305, "Hex_area_full": 8660.254, "area_ratio": 0.92463, "completeness_class": "near_complete", "snap_ok": true, "analysis_ok": true, "node_id": 3811.0, "dist_food_m": 353.155, "time_food_min": 4.414, "reach_food_5": true, "reach_food_10": true, "reach_food_15": true, "count_food_10": 16, "dist_education_m": 462.958, "time_education_min": 5.787, "reach_education_5": false, "reach_education_10": true, "reach_education_15": true, "count_education_10": 1, "dist_health_m": 334.981, "time_health_min": 4.187, "reach_health_5": true, "reach_health_10": true, "reach_health_15": true, "count_health_10": 2, "dist_transit_m": 541.27, "time_transit_min": 6.766, "reach_transit_5": false, "reach_transit_10": true, "reach_transit_15": true, "count_transit_10": 3, "dist_finance_m": 588.049, "time_finance_min": 7.351, "reach_finance_5": false, "reach_finance_10": true, "reach_finance_15": true, "count_finance_10": 4, "dist_open_space_m": 562.124, "time_open_space_min": 7.027, "reach_open_space_5": false, "reach_open_space_10": true, "reach_open_space_15": true, "count_open_space_10": 1, "groups_within_10": 6, "access_score": 1.0, "access_tier": "high", "mean_BtA5000": 2.6369614430857142, "mismatch_flag": false}, "geometry": {"type": "MultiPolygon", "coordinates": [[[[79.8719171602317, 6.836316456938728], [79.87139851766061, 6.836316456938728], [79.87113919637505, 6.836762420978328], [79.87139851766061, 6.837208384601756], [79.8719171602317, 6.837208384601756], [79.87196295407566, 6.837129631403031], [79.87195233051631, 6.837095896117043], [79.87194696351074, 6.837025342356319], [79.87195518173803, 6.836944417975458], [79.87197698519815, 6.8368531229744605], [79.87201237389114, 6.836751457353321], [79.87206134781695, 6.836639421112047], [79.87207988938565, 6.8365963081021555], [79.8719171602317, 6.836316456938728]]]]}}, {"type": "Feature", "properties": {"hex_id": 232, "is_edge": true, "Hex_area": 1710.3261, "Hex_area_full": 8660.254, "area_ratio": 0.197491, "completeness_class": "sliver", "snap_ok": true, "analysis_ok": false, "node_id": 6949.0, "dist_food_m": 369.386, "time_food_min": 4.617, "reach_food_5": true, "reach_food_10": true, "reach_food_15": true, "count_food_10": 9, "dist_education_m": 559.568, "time_education_min": 6.995, "reach_education_5": false, "reach_education_10": true, "reach_education_15": true, "count_education_10": 1, "dist_health_m": 408.91, "time_health_min": 5.111, "reach_health_5": false, "reach_health_10": true, "reach_health_15": true, "count_health_10": 2, "dist_transit_m": 675.76, "time_transit_min": 8.447, "reach_transit_5": false, "reach_transit_10": true, "reach_transit_15": true, "count_transit_10": 2, "dist_finance_m": 635.02, "time_finance_min": 7.938, "reach_finance_5": false, "reach_finance_10": true, "reach_finance_15": true, "count_finance_10": 2, "dist_open_space_m": 344.693, "time_open_space_min": 4.309, "reach_open_space_5": true, "reach_open_space_10": true, "reach_open_space_15": true, "count_open_space_10": 1, "groups_within_10": 6, "access_score": 1.0, "access_tier": "excluded", "mean_BtA5000": 0.33333334327, "mismatch_flag": false}, "geometry": {"type": "MultiPolygon", "coordinates": [[[[79.87217648151724, 6.835870492482981], [79.8719171602317, 6.836316456938728], [79.87207988938565, 6.8365963081021555], [79.87210492678405, 6.836538090928759], [79.87214311079242, 6.836447466803456], [79.87217589984208, 6.836367548736139], [79.87220329393303, 6.8362983367268075], [79.87222529306523, 6.8362398307754635], [79.87224189723872, 6.836192030882108], [79.87225310645348, 6.836154937046734], [79.8722589207095, 6.836128549269347], [79.87226618852954, 6.836097912612551], [79.8722749099136, 6.836063027076348], [79.87228508486164, 6.836023892660731], [79.87229671337373, 6.835980509365707], [79.8723097954498, 6.835932877191274], [79.8723243310899, 6.835880996137431], [79.8723273231669, 6.835870492482981], [79.87217648151724, 6.835870492482981]]]]}}, {"type": "Feature", "properties": {"hex_id": 233, "is_edge": true, "Hex_area": 7029.764, "Hex_area_full": 8660.254, "area_ratio": 0.811727, "completeness_class": "partial", "snap_ok": false, "analysis_ok": false, "node_id": null, "dist_food_m": null, "time_food_min": null, "reach_food_5": false, "reach_food_10": false, "reach_food_15": false, "count_food_10": 0, "dist_education_m": null, "time_education_min": null, "reach_education_5": false, "reach_education_10": false, "reach_education_15": false, "count_education_10": 0, "dist_health_m": null, "time_health_min": null, "reach_health_5": false, "reach_health_10": false, "reach_health_15": false, "count_health_10": 0, "dist_transit_m": null, "time_transit_min": null, "reach_transit_5": false, "reach_transit_10": false, "reach_transit_15": false, "count_transit_10": 0, "dist_finance_m": null, "time_finance_min": null, "reach_finance_5": false, "reach_finance_10": false, "reach_finance_15": false, "count_finance_10": 0, "dist_open_space_m": null, "time_open_space_min": null, "reach_open_space_5": false, "reach_open_space_10": false, "reach_open_space_15": false, "count_open_space_10": 0, "groups_within_10": 0, "access_score": null, "access_tier": "excluded", "mean_BtA5000": null, "mismatch_flag": false}, "geometry": {"type": "MultiPolygon", "coordinates": [[[[79.8633595578086, 6.837654347808987], [79.86361887909413, 6.837208384601756], [79.8633595578086, 6.836762420978328], [79.86284091523748, 6.836762420978328], [79.86283326311664, 6.836775580596429], [79.86283219472293, 6.836791709895076], [79.8628317754256, 6.836815973232757], [79.86283266992653, 6.836838335755966], [79.86283417939686, 6.836860698279175], [79.86283630383654, 6.836883060802383], [79.86283904324564, 6.836905423325591], [79.86284239762412, 6.836927785848799], [79.86284636697201, 6.836950148372007], [79.86285095128927, 6.836972510895218], [79.86285615057591, 6.836994873418426], [79.86286196483192, 6.837017235941633], [79.86286680072757, 6.837039933902689], [79.86287065826282, 6.837062967301595], [79.8628735374377, 6.837086336138347], [79.86287543825219, 6.837110040412949], [79.86287636070627, 6.837134080125398], [79.86287630479994, 6.837158455275697], [79.86287527053322, 6.837183165863841], [79.86287325790614, 6.837208211889838], [79.86287132913851, 6.837234627620375], [79.86286948423034, 6.837262413055464], [79.86286772318164, 6.837291568195095], [79.8628660459924, 6.837322093039276], [79.86286445266262, 6.837353987588004], [79.8628629431923, 6.8373872518412755], [79.86286151758146, 6.8374218857990945], [79.86286017583004, 6.837457889461461], [79.86285855454712, 6.837493557685977], [79.86285665373265, 6.837528890472648], [79.86285447338663, 6.837563887821469], [79.86285201350908, 6.837598549732442], [79.8628492741, 6.837632876205569], [79.86284736708261, 6.837654347808987], [79.8633595578086, 6.837654347808987]]]]}}, {"type": "Feature", "properties": {"hex_id": 234, "is_edge": false, "Hex_area": 8660.254, "Hex_area_full": 8660.254, "area_ratio": 1.0, "completeness_class": "core", "snap_ok": true, "analysis_ok": true, "node_id": 4214.0, "dist_food_m": 194.577, "time_food_min": 2.432, "reach_food_5": true, "reach_food_10": true, "reach_food_15": true, "count_food_10": 32, "dist_education_m": 253.241, "time_education_min": 3.166, "reach_education_5": true, "reach_education_10": true, "reach_education_15": true, "count_education_10": 4, "dist_health_m": 557.627, "time_health_min": 6.97, "reach_health_5": false, "reach_health_10": true, "reach_health_15": true, "count_health_10": 1, "dist_transit_m": 598.758, "time_transit_min": 7.484, "reach_transit_5": false, "reach_transit_10": true, "reach_transit_15": true, "count_transit_10": 4, "dist_finance_m": 385.404, "time_finance_min": 4.818, "reach_finance_5": true, "reach_finance_10": true, "reach_finance_15": true, "count_finance_10": 9, "dist_open_space_m": 613.696, "time_open_space_min": 7.671, "reach_open_space_5": false, "reach_open_space_10": true, "reach_open_space_15": true, "count_open_space_10": 2, "groups_within_10": 6, "access_score": 1.0, "access_tier": "high", "mean_BtA5000": null, "mismatch_flag": false}, "geometry": {"type": "MultiPolygon", "coordinates": [[[[79.86413752166523, 6.837208384601756], [79.86361887909413, 6.837208384601756], [79.8633595578086, 6.837654347808987], [79.86361887909413, 6.83810031059999], [79.86413752166523, 6.83810031059999], [79.86439684295078, 6.837654347808987], [79.86413752166523, 6.837208384601756]]]]}}, {"type": "Feature", "properties": {"hex_id": 235, "is_edge": false, "Hex_area": 8660.254, "Hex_area_full": 8660.254, "area_ratio": 1.0, "completeness_class": "core", "snap_ok": true, "analysis_ok": true, "node_id": 6950.0, "dist_food_m": 187.993, "time_food_min": 2.35, "reach_food_5": true, "reach_food_10": true, "reach_food_15": true, "count_food_10": 43, "dist_education_m": 57.065, "time_education_min": 0.713, "reach_education_5": true, "reach_education_10": true, "reach_education_15": true, "count_education_10": 5, "dist_health_m": 556.74, "time_health_min": 6.959, "reach_health_5": false, "reach_health_10": true, "reach_health_15": true, "count_health_10": 2, "dist_transit_m": 597.871, "time_transit_min": 7.473, "reach_transit_5": false, "reach_transit_10": true, "reach_transit_15": true, "count_transit_10": 7, "dist_finance_m": 384.517, "time_finance_min": 4.806, "reach_finance_5": true, "reach_finance_10": true, "reach_finance_15": true, "count_finance_10": 13, "dist_open_space_m": 417.521, "time_open_space_min": 5.219, "reach_open_space_5": false, "reach_open_space_10": true, "reach_open_space_15": true, "count_open_space_10": 4, "groups_within_10": 6, "access_score": 1.0, "access_tier": "high", "mean_BtA5000": 1.86509658396, "mismatch_flag": false}, "geometry": {"type": "MultiPolygon", "coordinates": [[[[79.86491548552188, 6.836762420978328], [79.86439684295078, 6.836762420978328], [79.86413752166523, 6.837208384601756], [79.86439684295078, 6.837654347808987], [79.86491548552188, 6.837654347808987], [79.8651748068074, 6.837208384601756], [79.86491548552188, 6.836762420978328]]]]}}, {"type": "Feature", "properties": {"hex_id": 236, "is_edge": false, "Hex_area": 8660.254, "Hex_area_full": 8660.254, "area_ratio": 1.0, "completeness_class": "core", "snap_ok": true, "analysis_ok": true, "node_id": 6951.0, "dist_food_m": 285.31, "time_food_min": 3.566, "reach_food_5": true, "reach_food_10": true, "reach_food_15": true, "count_food_10": 26, "dist_education_m": 79.194, "time_education_min": 0.99, "reach_education_5": true, "reach_education_10": true, "reach_education_15": true, "count_education_10": 2, "dist_health_m": 693.0, "time_health_min": 8.662, "reach_health_5": false, "reach_health_10": true, "reach_health_15": true, "count_health_10": 1, "dist_transit_m": 734.13, "time_transit_min": 9.177, "reach_transit_5": false, "reach_transit_10": true, "reach_transit_15": true, "count_transit_10": 3, "dist_finance_m": 520.777, "time_finance_min": 6.51, "reach_finance_5": false, "reach_finance_10": true, "reach_finance_15": true, "count_finance_10": 4, "dist_open_space_m": 514.838, "time_open_space_min": 6.435, "reach_open_space_5": false, "reach_open_space_10": true, "reach_open_space_15": true, "count_open_space_10": 2, "groups_within_10": 6, "access_score": 1.0, "access_tier": "high", "mean_BtA5000": 0.7908135044066666, "mismatch_flag": false}, "geometry": {"type": "MultiPolygon", "coordinates": [[[[79.86569344937851, 6.837208384601756], [79.8651748068074, 6.837208384601756], [79.86491548552188, 6.837654347808987], [79.8651748068074, 6.83810031059999], [79.86569344937851, 6.83810031059999], [79.86595277066408, 6.837654347808987], [79.86569344937851, 6.837208384601756]]]]}}, {"type": "Feature", "properties": {"hex_id": 237, "is_edge": false, "Hex_area": 8660.254, "Hex_area_full": 8660.254, "area_ratio": 1.0, "completeness_class": "core", "snap_ok": true, "analysis_ok": true, "node_id": 6952.0, "dist_food_m": 98.64, "time_food_min": 1.233, "reach_food_5": true, "reach_food_10": true, "reach_food_15": true, "count_food_10": 56, "dist_education_m": 337.126, "time_education_min": 4.214, "reach_education_5": true, "reach_education_10": true, "reach_education_15": true, "count_education_10": 5, "dist_health_m": 388.111, "time_health_min": 4.851, "reach_health_5": true, "reach_health_10": true, "reach_health_15": true, "count_health_10": 4, "dist_transit_m": 429.242, "time_transit_min": 5.366, "reach_transit_5": false, "reach_transit_10": true, "reach_transit_15": true, "count_transit_10": 9, "dist_finance_m": 13.12, "time_finance_min": 0.164, "reach_finance_5": true, "reach_finance_10": true, "reach_finance_15": true, "count_finance_10": 14, "dist_open_space_m": 483.434, "time_open_space_min": 6.043, "reach_open_space_5": false, "reach_open_space_10": true, "reach_open_space_15": true, "count_open_space_10": 3, "groups_within_10": 6, "access_score": 1.0, "access_tier": "high", "mean_BtA5000": 11.278554280596666, "mismatch_flag": false}, "geometry": {"type": "MultiPolygon", "coordinates": [[[[79.86647141323516, 6.836762420978328], [79.86595277066408, 6.836762420978328], [79.86569344937851, 6.837208384601756], [79.86595277066408, 6.837654347808987], [79.86647141323516, 6.837654347808987], [79.86673073452073, 6.837208384601756], [79.86647141323516, 6.836762420978328]]]]}}, {"type": "Feature", "properties": {"hex_id": 238, "is_edge": false, "Hex_area": 8660.254, "Hex_area_full": 8660.254, "area_ratio": 1.0, "completeness_class": "core", "snap_ok": true, "analysis_ok": true, "node_id": 6953.0, "dist_food_m": 40.144, "time_food_min": 0.502, "reach_food_5": true, "reach_food_10": true, "reach_food_15": true, "count_food_10": 54, "dist_education_m": 327.555, "time_education_min": 4.094, "reach_education_5": true, "reach_education_10": true, "reach_education_15": true, "count_education_10": 7, "dist_health_m": 154.193, "time_health_min": 1.927, "reach_health_5": true, "reach_health_10": true, "reach_health_15": true, "count_health_10": 4, "dist_transit_m": 3.922, "time_transit_min": 0.049, "reach_transit_5": true, "reach_transit_10": true, "reach_transit_15": true, "count_transit_10": 10, "dist_finance_m": 118.971, "time_finance_min": 1.487, "reach_finance_5": true, "reach_finance_10": true, "reach_finance_15": true, "count_finance_10": 15, "dist_open_space_m": 474.87, "time_open_space_min": 5.936, "reach_open_space_5": false, "reach_open_space_10": true, "reach_open_space_15": true, "count_open_space_10": 1, "groups_within_10": 6, "access_score": 1.0, "access_tier": "high", "mean_BtA5000": 178.93745422363, "mismatch_flag": false}, "geometry": {"type": "MultiPolygon", "coordinates": [[[[79.86724937709182, 6.837208384601756], [79.86673073452073, 6.837208384601756], [79.86647141323516, 6.837654347808987], [79.86673073452073, 6.83810031059999], [79.86724937709182, 6.83810031059999], [79.86750869837736, 6.837654347808987], [79.86724937709182, 6.837208384601756]]]]}}, {"type": "Feature", "properties": {"hex_id": 239, "is_edge": false, "Hex_area": 8660.254, "Hex_area_full": 8660.254, "area_ratio": 1.0, "completeness_class": "core", "snap_ok": true, "analysis_ok": true, "node_id": 6954.0, "dist_food_m": 52.956, "time_food_min": 0.662, "reach_food_5": true, "reach_food_10": true, "reach_food_15": true, "count_food_10": 52, "dist_education_m": 322.041, "time_education_min": 4.026, "reach_education_5": true, "reach_education_10": true, "reach_education_15": true, "count_education_10": 5, "dist_health_m": 148.679, "time_health_min": 1.858, "reach_health_5": true, "reach_health_10": true, "reach_health_15": true, "count_health_10": 4, "dist_transit_m": 66.678, "time_transit_min": 0.833, "reach_transit_5": true, "reach_transit_10": true, "reach_transit_15": true, "count_transit_10": 10, "dist_finance_m": 113.457, "time_finance_min": 1.418, "reach_finance_5": true, "reach_finance_10": true, "reach_finance_15": true, "count_finance_10": 14, "dist_open_space_m": 543.451, "time_open_space_min": 6.793, "reach_open_space_5": false, "reach_open_space_10": true, "reach_open_space_15": true, "count_open_space_10": 1, "groups_within_10": 6, "access_score": 1.0, "access_tier": "high", "mean_BtA5000": 98.9554087221625, "mismatch_flag": false}, "geometry": {"type": "MultiPolygon", "coordinates": [[[[79.86802734094847, 6.836762420978328], [79.86750869837736, 6.836762420978328], [79.86724937709182, 6.837208384601756], [79.86750869837736, 6.837654347808987], [79.86802734094847, 6.837654347808987], [79.868286662234, 6.837208384601756], [79.86802734094847, 6.836762420978328]]]]}}, {"type": "Feature", "properties": {"hex_id": 240, "is_edge": false, "Hex_area": 8660.254, "Hex_area_full": 8660.254, "area_ratio": 1.0, "completeness_class": "core", "snap_ok": true, "analysis_ok": true, "node_id": 6783.0, "dist_food_m": 129.093, "time_food_min": 1.614, "reach_food_5": true, "reach_food_10": true, "reach_food_15": true, "count_food_10": 43, "dist_education_m": 366.229, "time_education_min": 4.578, "reach_education_5": true, "reach_education_10": true, "reach_education_15": true, "count_education_10": 3, "dist_health_m": 192.867, "time_health_min": 2.411, "reach_health_5": true, "reach_health_10": true, "reach_health_15": true, "count_health_10": 4, "dist_transit_m": 124.8, "time_transit_min": 1.56, "reach_transit_5": true, "reach_transit_10": true, "reach_transit_15": true, "count_transit_10": 9, "dist_finance_m": 189.594, "time_finance_min": 2.37, "reach_finance_5": true, "reach_finance_10": true, "reach_finance_15": true, "count_finance_10": 13, "dist_open_space_m": 587.639, "time_open_space_min": 7.345, "reach_open_space_5": false, "reach_open_space_10": true, "reach_open_space_15": true, "count_open_space_10": 1, "groups_within_10": 6, "access_score": 1.0, "access_tier": "high", "mean_BtA5000": 0.33333334327, "mismatch_flag": false}, "geometry": {"type": "MultiPolygon", "coordinates": [[[[79.86880530480511, 6.837208384601756], [79.868286662234, 6.837208384601756], [79.86802734094847, 6.837654347808987], [79.868286662234, 6.83810031059999], [79.86880530480511, 6.83810031059999], [79.86906462609065, 6.837654347808987], [79.86880530480511, 6.837208384601756]]]]}}, {"type": "Feature", "properties": {"hex_id": 241, "is_edge": false, "Hex_area": 8660.254, "Hex_area_full": 8660.254, "area_ratio": 1.0, "completeness_class": "core", "snap_ok": true, "analysis_ok": true, "node_id": 4962.0, "dist_food_m": 225.32, "time_food_min": 2.816, "reach_food_5": true, "reach_food_10": true, "reach_food_15": true, "count_food_10": 35, "dist_education_m": 325.946, "time_education_min": 4.074, "reach_education_5": true, "reach_education_10": true, "reach_education_15": true, "count_education_10": 2, "dist_health_m": 321.043, "time_health_min": 4.013, "reach_health_5": true, "reach_health_10": true, "reach_health_15": true, "count_health_10": 3, "dist_transit_m": 239.042, "time_transit_min": 2.988, "reach_transit_5": true, "reach_transit_10": true, "reach_transit_15": true, "count_transit_10": 9, "dist_finance_m": 285.821, "time_finance_min": 3.573, "reach_finance_5": true, "reach_finance_10": true, "reach_finance_15": true, "count_finance_10": 13, "dist_open_space_m": 715.815, "time_open_space_min": 8.948, "reach_open_space_5": false, "reach_open_space_10": true, "reach_open_space_15": true, "count_open_space_10": 2, "groups_within_10": 6, "access_score": 1.0, "access_tier": "high", "mean_BtA5000": 0.33333334327, "mismatch_flag": false}, "geometry": {"type": "MultiPolygon", "coordinates": [[[[79.86958326866176, 6.836762420978328], [79.86906462609065, 6.836762420978328], [79.86880530480511, 6.837208384601756], [79.86906462609065, 6.837654347808987], [79.86958326866176, 6.837654347808987], [79.86984258994731, 6.837208384601756], [79.86958326866176, 6.836762420978328]]]]}}, {"type": "Feature", "properties": {"hex_id": 242, "is_edge": false, "Hex_area": 8660.254, "Hex_area_full": 8660.254, "area_ratio": 1.0, "completeness_class": "core", "snap_ok": true, "analysis_ok": true, "node_id": 6955.0, "dist_food_m": 337.645, "time_food_min": 4.221, "reach_food_5": true, "reach_food_10": true, "reach_food_15": true, "count_food_10": 24, "dist_education_m": 184.972, "time_education_min": 2.312, "reach_education_5": true, "reach_education_10": true, "reach_education_15": true, "count_education_10": 1, "dist_health_m": 298.121, "time_health_min": 3.727, "reach_health_5": true, "reach_health_10": true, "reach_health_15": true, "count_health_10": 2, "dist_transit_m": 426.402, "time_transit_min": 5.33, "reach_transit_5": false, "reach_transit_10": true, "reach_transit_15": true, "count_transit_10": 4, "dist_finance_m": 518.009, "time_finance_min": 6.475, "reach_finance_5": false, "reach_finance_10": true, "reach_finance_15": true, "count_finance_10": 11, "dist_open_space_m": 780.042, "time_open_space_min": 9.751, "reach_open_space_5": false, "reach_open_space_10": true, "reach_open_space_15": true, "count_open_space_10": 1, "groups_within_10": 6, "access_score": 1.0, "access_tier": "high", "mean_BtA5000": 0.33333334327, "mismatch_flag": false}, "geometry": {"type": "MultiPolygon", "coordinates": [[[[79.87036123251839, 6.837208384601756], [79.86984258994731, 6.837208384601756], [79.86958326866176, 6.837654347808987], [79.86984258994731, 6.83810031059999], [79.87036123251839, 6.83810031059999], [79.87062055380396, 6.837654347808987], [79.87036123251839, 6.837208384601756]]]]}}, {"type": "Feature", "properties": {"hex_id": 243, "is_edge": false, "Hex_area": 8660.254, "Hex_area_full": 8660.254, "area_ratio": 1.0, "completeness_class": "core", "snap_ok": true, "analysis_ok": true, "node_id": 6956.0, "dist_food_m": 446.273, "time_food_min": 5.578, "reach_food_5": false, "reach_food_10": true, "reach_food_15": true, "count_food_10": 18, "dist_education_m": 311.173, "time_education_min": 3.89, "reach_education_5": true, "reach_education_10": true, "reach_education_15": true, "count_education_10": 1, "dist_health_m": 424.322, "time_health_min": 5.304, "reach_health_5": false, "reach_health_10": true, "reach_health_15": true, "count_health_10": 2, "dist_transit_m": 459.995, "time_transit_min": 5.75, "reach_transit_5": false, "reach_transit_10": true, "reach_transit_15": true, "count_transit_10": 4, "dist_finance_m": 506.774, "time_finance_min": 6.335, "reach_finance_5": false, "reach_finance_10": true, "reach_finance_15": true, "count_finance_10": 6, "dist_open_space_m": 837.46, "time_open_space_min": 10.468, "reach_open_space_5": false, "reach_open_space_10": false, "reach_open_space_15": true, "count_open_space_10": 0, "groups_within_10": 5, "access_score": 0.8333, "access_tier": "high", "mean_BtA5000": 2.2509459058466668, "mismatch_flag": false}, "geometry": {"type": "MultiPolygon", "coordinates": [[[[79.87113919637505, 6.836762420978328], [79.87062055380396, 6.836762420978328], [79.87036123251839, 6.837208384601756], [79.87062055380396, 6.837654347808987], [79.87113919637505, 6.837654347808987], [79.87139851766061, 6.837208384601756], [79.87113919637505, 6.836762420978328]]]]}}, {"type": "Feature", "properties": {"hex_id": 244, "is_edge": false, "Hex_area": 8660.254, "Hex_area_full": 8660.254, "area_ratio": 1.0, "completeness_class": "core", "snap_ok": true, "analysis_ok": true, "node_id": 4979.0, "dist_food_m": 200.661, "time_food_min": 2.508, "reach_food_5": true, "reach_food_10": true, "reach_food_15": true, "count_food_10": 16, "dist_education_m": 390.844, "time_education_min": 4.886, "reach_education_5": true, "reach_education_10": true, "reach_education_15": true, "count_education_10": 1, "dist_health_m": 240.185, "time_health_min": 3.002, "reach_health_5": true, "reach_health_10": true, "reach_health_15": true, "count_health_10": 2, "dist_transit_m": 610.822, "time_transit_min": 7.635, "reach_transit_5": false, "reach_transit_10": true, "reach_transit_15": true, "count_transit_10": 2, "dist_finance_m": 657.601, "time_finance_min": 8.22, "reach_finance_5": false, "reach_finance_10": true, "reach_finance_15": true, "count_finance_10": 3, "dist_open_space_m": 513.418, "time_open_space_min": 6.418, "reach_open_space_5": false, "reach_open_space_10": true, "reach_open_space_15": true, "count_open_space_10": 1, "groups_within_10": 6, "access_score": 1.0, "access_tier": "high", "mean_BtA5000": 2.767860110317143, "mismatch_flag": false}, "geometry": {"type": "MultiPolygon", "coordinates": [[[[79.8719171602317, 6.837208384601756], [79.87139851766061, 6.837208384601756], [79.87113919637505, 6.837654347808987], [79.87139851766061, 6.83810031059999], [79.8719171602317, 6.83810031059999], [79.87217648151724, 6.837654347808987], [79.8719171602317, 6.837208384601756]]]]}}, {"type": "Feature", "properties": {"hex_id": 245, "is_edge": true, "Hex_area": 2007.3065, "Hex_area_full": 8660.254, "area_ratio": 0.231784, "completeness_class": "sliver", "snap_ok": true, "analysis_ok": false, "node_id": 6957.0, "dist_food_m": 268.353, "time_food_min": 3.354, "reach_food_5": true, "reach_food_10": true, "reach_food_15": true, "count_food_10": 13, "dist_education_m": 458.536, "time_education_min": 5.732, "reach_education_5": false, "reach_education_10": true, "reach_education_15": true, "count_education_10": 1, "dist_health_m": 307.878, "time_health_min": 3.848, "reach_health_5": true, "reach_health_10": true, "reach_health_15": true, "count_health_10": 2, "dist_transit_m": 635.253, "time_transit_min": 7.941, "reach_transit_5": false, "reach_transit_10": true, "reach_transit_15": true, "count_transit_10": 2, "dist_finance_m": 682.032, "time_finance_min": 8.525, "reach_finance_5": false, "reach_finance_10": true, "reach_finance_15": true, "count_finance_10": 2, "dist_open_space_m": 537.849, "time_open_space_min": 6.723, "reach_open_space_5": false, "reach_open_space_10": true, "reach_open_space_15": true, "count_open_space_10": 1, "groups_within_10": 6, "access_score": 1.0, "access_tier": "excluded", "mean_BtA5000": 2.7252042368075, "mismatch_flag": false}, "geometry": {"type": "MultiPolygon", "coordinates": [[[[79.8719171602317, 6.837208384601756], [79.87217648151724, 6.837654347808987], [79.87269512408835, 6.837654347808987], [79.87271505175023, 6.837620077578663], [79.87271178975764, 6.8376171106267245], [79.8726787491296, 6.837589157472714], [79.87264573645471, 6.837563328758408], [79.87261275173299, 6.837539624483807], [79.87257979496441, 6.837518044648912], [79.87254686614898, 6.837498589253721], [79.87251396528671, 6.837481258298233], [79.8724810923776, 6.837466051782452], [79.87245158782355, 6.837452173041485], [79.87242545162454, 6.837439622075335], [79.8724026837806, 6.837428398884], [79.87238328429173, 6.837418503467479], [79.87236725315789, 6.837409935825778], [79.87235459037912, 6.837402695958888], [79.87234529595541, 6.837396783866814], [79.87233936988676, 6.837392199549556], [79.87232672108456, 6.837384554361935], [79.87230734954883, 6.8373738483039475], [79.87228125527957, 6.837360081375596], [79.87224843827676, 6.8373432535768845], [79.8722088985404, 6.837323364907804], [79.87216263607051, 6.837300415368362], [79.87210965086707, 6.837274404958555], [79.87204994293012, 6.837245333678382], [79.87200382022601, 6.837205891778073], [79.87197128275473, 6.837156079257628], [79.87196295407566, 6.837129631403031], [79.8719171602317, 6.837208384601756]]]]}}, {"type": "Feature", "properties": {"hex_id": 246, "is_edge": true, "Hex_area": 1016.3172, "Hex_area_full": 8660.254, "area_ratio": 0.117354, "completeness_class": "sliver", "snap_ok": true, "analysis_ok": false, "node_id": 6958.0, "dist_food_m": 363.482, "time_food_min": 4.544, "reach_food_5": true, "reach_food_10": true, "reach_food_15": true, "count_food_10": 7, "dist_education_m": 553.665, "time_education_min": 6.921, "reach_education_5": false, "reach_education_10": true, "reach_education_15": true, "count_education_10": 1, "dist_health_m": 403.007, "time_health_min": 5.038, "reach_health_5": false, "reach_health_10": true, "reach_health_15": true, "count_health_10": 2, "dist_transit_m": 711.104, "time_transit_min": 8.889, "reach_transit_5": false, "reach_transit_10": true, "reach_transit_15": true, "count_transit_10": 2, "dist_finance_m": 757.883, "time_finance_min": 9.474, "reach_finance_5": false, "reach_finance_10": true, "reach_finance_15": true, "count_finance_10": 1, "dist_open_space_m": 613.699, "time_open_space_min": 7.671, "reach_open_space_5": false, "reach_open_space_10": true, "reach_open_space_15": true, "count_open_space_10": 1, "groups_within_10": 6, "access_score": 1.0, "access_tier": "excluded", "mean_BtA5000": 9.90081691742, "mismatch_flag": false}, "geometry": {"type": "MultiPolygon", "coordinates": [[[[79.87269512408835, 6.837654347808987], [79.87295444537388, 6.83810031059999], [79.87327394257368, 6.83810031059999], [79.87324510798256, 6.838072187973861], [79.8731833874185, 6.838020754170481], [79.87313228905346, 6.837988328511987], [79.87307928987342, 6.83794472159173], [79.87302877852412, 6.837902540282329], [79.87298075500554, 6.83786178458378], [79.87293521931764, 6.837822454496088], [79.87289217146046, 6.83778455001925], [79.872851611434, 6.837748071153265], [79.87281353923824, 6.837713017898136], [79.87277795487317, 6.83767939025386], [79.87274485833885, 6.837647188220441], [79.87271505175023, 6.837620077578663], [79.87269512408835, 6.837654347808987]]]]}}, {"type": "Feature", "properties": {"hex_id": 247, "is_edge": true, "Hex_area": 711.2671, "Hex_area_full": 8660.254, "area_ratio": 0.08213, "completeness_class": "sliver", "snap_ok": true, "analysis_ok": false, "node_id": 415.0, "dist_food_m": 0.0, "time_food_min": 0.0, "reach_food_5": true, "reach_food_10": true, "reach_food_15": true, "count_food_10": 32, "dist_education_m": 373.274, "time_education_min": 4.666, "reach_education_5": true, "reach_education_10": true, "reach_education_15": true, "count_education_10": 4, "dist_health_m": 556.807, "time_health_min": 6.96, "reach_health_5": false, "reach_health_10": true, "reach_health_15": true, "count_health_10": 1, "dist_transit_m": 597.938, "time_transit_min": 7.474, "reach_transit_5": false, "reach_transit_10": true, "reach_transit_15": true, "count_transit_10": 4, "dist_finance_m": 384.584, "time_finance_min": 4.807, "reach_finance_5": true, "reach_finance_10": true, "reach_finance_15": true, "count_finance_10": 9, "dist_open_space_m": 667.651, "time_open_space_min": 8.346, "reach_open_space_5": false, "reach_open_space_10": true, "reach_open_space_15": true, "count_open_space_10": 2, "groups_within_10": 6, "access_score": 1.0, "access_tier": "excluded", "mean_BtA5000": null, "mismatch_flag": false}, "geometry": {"type": "MultiPolygon", "coordinates": [[[[79.86258159395194, 6.838992234933221], [79.86284091523748, 6.838546272974745], [79.86273512629441, 6.838364344695558], [79.86273365985498, 6.838370951284065], [79.86272549753403, 6.838404271443646], [79.8627172513536, 6.838434516756286], [79.86270892131368, 6.838461687221985], [79.86270050741435, 6.83848578284074], [79.8626920096555, 6.838506803612558], [79.86268362370932, 6.838529166135767], [79.86267534957572, 6.838552870410368], [79.86266718725476, 6.838577916436361], [79.8626591367464, 6.838604304213747], [79.86265119805066, 6.838632033742523], [79.86264337116754, 6.838661105022696], [79.86263565609703, 6.838691518054258], [79.86262805283914, 6.838723272837217], [79.86262061730018, 6.83875346224355], [79.86261334948014, 6.838782086273254], [79.86260624937901, 6.838809144926336], [79.8625993169968, 6.838834638202794], [79.86259255233354, 6.838858566102629], [79.86258595538919, 6.838880928625836], [79.86257952616378, 6.83890172577242], [79.86257326465727, 6.8389209575423795], [79.86256756221387, 6.838943040534047], [79.86256241883352, 6.838967974747425], [79.86255841614695, 6.838992234933221], [79.86258159395194, 6.838992234933221]]]]}}, {"type": "Feature", "properties": {"hex_id": 248, "is_edge": true, "Hex_area": 7723.2811, "Hex_area_full": 8660.254, "area_ratio": 0.891808, "completeness_class": "partial", "snap_ok": true, "analysis_ok": false, "node_id": 415.0, "dist_food_m": 0.0, "time_food_min": 0.0, "reach_food_5": true, "reach_food_10": true, "reach_food_15": true, "count_food_10": 32, "dist_education_m": 373.274, "time_education_min": 4.666, "reach_education_5": true, "reach_education_10": true, "reach_education_15": true, "count_education_10": 4, "dist_health_m": 556.807, "time_health_min": 6.96, "reach_health_5": false, "reach_health_10": true, "reach_health_15": true, "count_health_10": 1, "dist_transit_m": 597.938, "time_transit_min": 7.474, "reach_transit_5": false, "reach_transit_10": true, "reach_transit_15": true, "count_transit_10": 4, "dist_finance_m": 384.584, "time_finance_min": 4.807, "reach_finance_5": true, "reach_finance_10": true, "reach_finance_15": true, "count_finance_10": 9, "dist_open_space_m": 667.651, "time_open_space_min": 8.346, "reach_open_space_5": false, "reach_open_space_10": true, "reach_open_space_15": true, "count_open_space_10": 2, "groups_within_10": 6, "access_score": 1.0, "access_tier": "excluded", "mean_BtA5000": null, "mismatch_flag": false}, "geometry": {"type": "MultiPolygon", "coordinates": [[[[79.86284091523748, 6.838546272974745], [79.8633595578086, 6.838546272974745], [79.86361887909413, 6.83810031059999], [79.8633595578086, 6.837654347808987], [79.86284736708261, 6.837654347808987], [79.86284625515935, 6.837666867240845], [79.86284295668719, 6.837700522838273], [79.86283937868346, 6.837733842997854], [79.8628357168203, 6.83776607298443], [79.86283197109765, 6.837797212797997], [79.86282814151555, 6.837827262438558], [79.862824228074, 6.837856221906113], [79.86282023077298, 6.837884091200661], [79.86281614961248, 6.837910870322202], [79.86281198459255, 6.837936559270738], [79.86280773571315, 6.8379611580462685], [79.86280303958327, 6.837988384418276], [79.86279789620296, 6.838018238386756], [79.86279230557211, 6.838050719951719], [79.86278626769086, 6.838085829113156], [79.86277978255912, 6.838123565871069], [79.86277285017691, 6.838163930225463], [79.86276547054426, 6.83820692217633], [79.86275764366114, 6.838252541723677], [79.86274973291856, 6.838295086424081], [79.86274173831649, 6.838334556277544], [79.86273512629441, 6.838364344695558], [79.86284091523748, 6.838546272974745]]]]}}, {"type": "Feature", "properties": {"hex_id": 249, "is_edge": false, "Hex_area": 8660.254, "Hex_area_full": 8660.254, "area_ratio": 1.0, "completeness_class": "core", "snap_ok": true, "analysis_ok": true, "node_id": 417.0, "dist_food_m": 50.0, "time_food_min": 0.625, "reach_food_5": true, "reach_food_10": true, "reach_food_15": true, "count_food_10": 35, "dist_education_m": 323.274, "time_education_min": 4.041, "reach_education_5": true, "reach_education_10": true, "reach_education_15": true, "count_education_10": 4, "dist_health_m": 506.807, "time_health_min": 6.335, "reach_health_5": false, "reach_health_10": true, "reach_health_15": true, "count_health_10": 1, "dist_transit_m": 547.938, "time_transit_min": 6.849, "reach_transit_5": false, "reach_transit_10": true, "reach_transit_15": true, "count_transit_10": 4, "dist_finance_m": 334.584, "time_finance_min": 4.182, "reach_finance_5": true, "reach_finance_10": true, "reach_finance_15": true, "count_finance_10": 10, "dist_open_space_m": 617.651, "time_open_space_min": 7.721, "reach_open_space_5": false, "reach_open_space_10": true, "reach_open_space_15": true, "count_open_space_10": 2, "groups_within_10": 6, "access_score": 1.0, "access_tier": "high", "mean_BtA5000": 0.33020018538, "mismatch_flag": false}, "geometry": {"type": "MultiPolygon", "coordinates": [[[[79.86413752166523, 6.83810031059999], [79.86361887909413, 6.83810031059999], [79.8633595578086, 6.838546272974745], [79.86361887909413, 6.838992234933221], [79.86413752166523, 6.838992234933221], [79.86439684295078, 6.838546272974745], [79.86413752166523, 6.83810031059999]]]]}}, {"type": "Feature", "properties": {"hex_id": 250, "is_edge": false, "Hex_area": 8660.254, "Hex_area_full": 8660.254, "area_ratio": 1.0, "completeness_class": "core", "snap_ok": true, "analysis_ok": true, "node_id": 6959.0, "dist_food_m": 125.186, "time_food_min": 1.565, "reach_food_5": true, "reach_food_10": true, "reach_food_15": true, "count_food_10": 37, "dist_education_m": 183.85, "time_education_min": 2.298, "reach_education_5": true, "reach_education_10": true, "reach_education_15": true, "count_education_10": 4, "dist_health_m": 488.236, "time_health_min": 6.103, "reach_health_5": false, "reach_health_10": true, "reach_health_15": true, "count_health_10": 1, "dist_transit_m": 529.367, "time_transit_min": 6.617, "reach_transit_5": false, "reach_transit_10": true, "reach_transit_15": true, "count_transit_10": 4, "dist_finance_m": 316.013, "time_finance_min": 3.95, "reach_finance_5": true, "reach_finance_10": true, "reach_finance_15": true, "count_finance_10": 11, "dist_open_space_m": 544.305, "time_open_space_min": 6.804, "reach_open_space_5": false, "reach_open_space_10": true, "reach_open_space_15": true, "count_open_space_10": 3, "groups_within_10": 6, "access_score": 1.0, "access_tier": "high", "mean_BtA5000": 1.865096613765, "mismatch_flag": false}, "geometry": {"type": "MultiPolygon", "coordinates": [[[[79.86491548552188, 6.837654347808987], [79.86439684295078, 6.837654347808987], [79.86413752166523, 6.83810031059999], [79.86439684295078, 6.838546272974745], [79.86491548552188, 6.838546272974745], [79.8651748068074, 6.83810031059999], [79.86491548552188, 6.837654347808987]]]]}}, {"type": "Feature", "properties": {"hex_id": 251, "is_edge": false, "Hex_area": 8660.254, "Hex_area_full": 8660.254, "area_ratio": 1.0, "completeness_class": "core", "snap_ok": true, "analysis_ok": true, "node_id": 6960.0, "dist_food_m": 99.282, "time_food_min": 1.241, "reach_food_5": true, "reach_food_10": true, "reach_food_15": true, "count_food_10": 44, "dist_education_m": 278.799, "time_education_min": 3.485, "reach_education_5": true, "reach_education_10": true, "reach_education_15": true, "count_education_10": 5, "dist_health_m": 335.007, "time_health_min": 4.188, "reach_health_5": true, "reach_health_10": true, "reach_health_15": true, "count_health_10": 2, "dist_transit_m": 376.137, "time_transit_min": 4.702, "reach_transit_5": true, "reach_transit_10": true, "reach_transit_15": true, "count_transit_10": 6, "dist_finance_m": 162.784, "time_finance_min": 2.035, "reach_finance_5": true, "reach_finance_10": true, "reach_finance_15": true, "count_finance_10": 12, "dist_open_space_m": 455.185, "time_open_space_min": 5.69, "reach_open_space_5": false, "reach_open_space_10": true, "reach_open_space_15": true, "count_open_space_10": 2, "groups_within_10": 6, "access_score": 1.0, "access_tier": "high", "mean_BtA5000": 0.33333334327, "mismatch_flag": false}, "geometry": {"type": "MultiPolygon", "coordinates": [[[[79.86569344937851, 6.83810031059999], [79.8651748068074, 6.83810031059999], [79.86491548552188, 6.838546272974745], [79.8651748068074, 6.838992234933221], [79.86569344937851, 6.838992234933221], [79.86595277066408, 6.838546272974745], [79.86569344937851, 6.83810031059999]]]]}}, {"type": "Feature", "properties": {"hex_id": 252, "is_edge": false, "Hex_area": 8660.254, "Hex_area_full": 8660.254, "area_ratio": 1.0, "completeness_class": "core", "snap_ok": true, "analysis_ok": true, "node_id": 6763.0, "dist_food_m": 230.471, "time_food_min": 2.881, "reach_food_5": true, "reach_food_10": true, "reach_food_15": true, "count_food_10": 29, "dist_education_m": 271.638, "time_education_min": 3.395, "reach_education_5": true, "reach_education_10": true, "reach_education_15": true, "count_education_10": 3, "dist_health_m": 593.521, "time_health_min": 7.419, "reach_health_5": false, "reach_health_10": true, "reach_health_15": true, "count_health_10": 1, "dist_transit_m": 634.651, "time_transit_min": 7.933, "reach_transit_5": false, "reach_transit_10": true, "reach_transit_15": true, "count_transit_10": 4, "dist_finance_m": 421.298, "time_finance_min": 5.266, "reach_finance_5": false, "reach_finance_10": true, "reach_finance_15": true, "count_finance_10": 8, "dist_open_space_m": 632.093, "time_open_space_min": 7.901, "reach_open_space_5": false, "reach_open_space_10": true, "reach_open_space_15": true, "count_open_space_10": 2, "groups_within_10": 6, "access_score": 1.0, "access_tier": "high", "mean_BtA5000": 33.17705154419, "mismatch_flag": false}, "geometry": {"type": "MultiPolygon", "coordinates": [[[[79.86647141323516, 6.837654347808987], [79.86595277066408, 6.837654347808987], [79.86569344937851, 6.83810031059999], [79.86595277066408, 6.838546272974745], [79.86647141323516, 6.838546272974745], [79.86673073452073, 6.83810031059999], [79.86647141323516, 6.837654347808987]]]]}}, {"type": "Feature", "properties": {"hex_id": 253, "is_edge": false, "Hex_area": 8660.254, "Hex_area_full": 8660.254, "area_ratio": 1.0, "completeness_class": "core", "snap_ok": true, "analysis_ok": true, "node_id": 6961.0, "dist_food_m": 145.641, "time_food_min": 1.821, "reach_food_5": true, "reach_food_10": true, "reach_food_15": true, "count_food_10": 51, "dist_education_m": 396.762, "time_education_min": 4.96, "reach_education_5": true, "reach_education_10": true, "reach_education_15": true, "count_education_10": 5, "dist_health_m": 223.4, "time_health_min": 2.793, "reach_health_5": true, "reach_health_10": true, "reach_health_15": true, "count_health_10": 2, "dist_transit_m": 264.531, "time_transit_min": 3.307, "reach_transit_5": true, "reach_transit_10": true, "reach_transit_15": true, "count_transit_10": 8, "dist_finance_m": 13.333, "time_finance_min": 0.167, "reach_finance_5": true, "reach_finance_10": true, "reach_finance_15": true, "count_finance_10": 13, "dist_open_space_m": 343.579, "time_open_space_min": 4.295, "reach_open_space_5": true, "reach_open_space_10": true, "reach_open_space_15": true, "count_open_space_10": 3, "groups_within_10": 6, "access_score": 1.0, "access_tier": "high", "mean_BtA5000": 70.81594637036333, "mismatch_flag": false}, "geometry": {"type": "MultiPolygon", "coordinates": [[[[79.86724937709182, 6.83810031059999], [79.86673073452073, 6.83810031059999], [79.86647141323516, 6.838546272974745], [79.86673073452073, 6.838992234933221], [79.86724937709182, 6.838992234933221], [79.86750869837736, 6.838546272974745], [79.86724937709182, 6.83810031059999]]]]}}, {"type": "Feature", "properties": {"hex_id": 254, "is_edge": false, "Hex_area": 8660.254, "Hex_area_full": 8660.254, "area_ratio": 1.0, "completeness_class": "core", "snap_ok": true, "analysis_ok": true, "node_id": 6962.0, "dist_food_m": 14.267, "time_food_min": 0.178, "reach_food_5": true, "reach_food_10": true, "reach_food_15": true, "count_food_10": 54, "dist_education_m": 161.582, "time_education_min": 2.02, "reach_education_5": true, "reach_education_10": true, "reach_education_15": true, "count_education_10": 5, "dist_health_m": 11.78, "time_health_min": 0.147, "reach_health_5": true, "reach_health_10": true, "reach_health_15": true, "count_health_10": 4, "dist_transit_m": 79.847, "time_transit_min": 0.998, "reach_transit_5": true, "reach_transit_10": true, "reach_transit_15": true, "count_transit_10": 10, "dist_finance_m": 208.83, "time_finance_min": 2.61, "reach_finance_5": true, "reach_finance_10": true, "reach_finance_15": true, "count_finance_10": 13, "dist_open_space_m": 433.488, "time_open_space_min": 5.419, "reach_open_space_5": false, "reach_open_space_10": true, "reach_open_space_15": true, "count_open_space_10": 2, "groups_within_10": 6, "access_score": 1.0, "access_tier": "high", "mean_BtA5000": 80.98215471357, "mismatch_flag": false}, "geometry": {"type": "MultiPolygon", "coordinates": [[[[79.86802734094847, 6.837654347808987], [79.86750869837736, 6.837654347808987], [79.86724937709182, 6.83810031059999], [79.86750869837736, 6.838546272974745], [79.86802734094847, 6.838546272974745], [79.868286662234, 6.83810031059999], [79.86802734094847, 6.837654347808987]]]]}}, {"type": "Feature", "properties": {"hex_id": 255, "is_edge": false, "Hex_area": 8660.254, "Hex_area_full": 8660.254, "area_ratio": 1.0, "completeness_class": "core", "snap_ok": true, "analysis_ok": true, "node_id": 6963.0, "dist_food_m": 107.789, "time_food_min": 1.347, "reach_food_5": true, "reach_food_10": true, "reach_food_15": true, "count_food_10": 43, "dist_education_m": 68.059, "time_education_min": 0.851, "reach_education_5": true, "reach_education_10": true, "reach_education_15": true, "count_education_10": 3, "dist_health_m": 105.302, "time_health_min": 1.316, "reach_health_5": true, "reach_health_10": true, "reach_health_15": true, "count_health_10": 3, "dist_transit_m": 173.37, "time_transit_min": 2.167, "reach_transit_5": true, "reach_transit_10": true, "reach_transit_15": true, "count_transit_10": 9, "dist_finance_m": 302.352, "time_finance_min": 3.779, "reach_finance_5": true, "reach_finance_10": true, "reach_finance_15": true, "count_finance_10": 13, "dist_open_space_m": 527.011, "time_open_space_min": 6.588, "reach_open_space_5": false, "reach_open_space_10": true, "reach_open_space_15": true, "count_open_space_10": 1, "groups_within_10": 6, "access_score": 1.0, "access_tier": "high", "mean_BtA5000": 4.4963027685900006, "mismatch_flag": false}, "geometry": {"type": "MultiPolygon", "coordinates": [[[[79.86880530480511, 6.83810031059999], [79.868286662234, 6.83810031059999], [79.86802734094847, 6.838546272974745], [79.868286662234, 6.838992234933221], [79.86880530480511, 6.838992234933221], [79.86906462609065, 6.838546272974745], [79.86880530480511, 6.83810031059999]]]]}}, {"type": "Feature", "properties": {"hex_id": 256, "is_edge": false, "Hex_area": 8660.254, "Hex_area_full": 8660.254, "area_ratio": 1.0, "completeness_class": "core", "snap_ok": true, "analysis_ok": true, "node_id": 6964.0, "dist_food_m": 247.379, "time_food_min": 3.092, "reach_food_5": true, "reach_food_10": true, "reach_food_15": true, "count_food_10": 29, "dist_education_m": 94.706, "time_education_min": 1.184, "reach_education_5": true, "reach_education_10": true, "reach_education_15": true, "count_education_10": 2, "dist_health_m": 207.855, "time_health_min": 2.598, "reach_health_5": true, "reach_health_10": true, "reach_health_15": true, "count_health_10": 2, "dist_transit_m": 336.136, "time_transit_min": 4.202, "reach_transit_5": true, "reach_transit_10": true, "reach_transit_15": true, "count_transit_10": 5, "dist_finance_m": 465.118, "time_finance_min": 5.814, "reach_finance_5": false, "reach_finance_10": true, "reach_finance_15": true, "count_finance_10": 12, "dist_open_space_m": 689.776, "time_open_space_min": 8.622, "reach_open_space_5": false, "reach_open_space_10": true, "reach_open_space_15": true, "count_open_space_10": 1, "groups_within_10": 6, "access_score": 1.0, "access_tier": "high", "mean_BtA5000": 4.4963027685900006, "mismatch_flag": false}, "geometry": {"type": "MultiPolygon", "coordinates": [[[[79.86958326866176, 6.837654347808987], [79.86906462609065, 6.837654347808987], [79.86880530480511, 6.83810031059999], [79.86906462609065, 6.838546272974745], [79.86958326866176, 6.838546272974745], [79.86984258994731, 6.83810031059999], [79.86958326866176, 6.837654347808987]]]]}}, {"type": "Feature", "properties": {"hex_id": 257, "is_edge": false, "Hex_area": 8660.254, "Hex_area_full": 8660.254, "area_ratio": 1.0, "completeness_class": "core", "snap_ok": true, "analysis_ok": true, "node_id": 6965.0, "dist_food_m": 131.294, "time_food_min": 1.641, "reach_food_5": true, "reach_food_10": true, "reach_food_15": true, "count_food_10": 29, "dist_education_m": 99.789, "time_education_min": 1.247, "reach_education_5": true, "reach_education_10": true, "reach_education_15": true, "count_education_10": 2, "dist_health_m": 91.77, "time_health_min": 1.147, "reach_health_5": true, "reach_health_10": true, "reach_health_15": true, "count_health_10": 2, "dist_transit_m": 341.219, "time_transit_min": 4.265, "reach_transit_5": true, "reach_transit_10": true, "reach_transit_15": true, "count_transit_10": 5, "dist_finance_m": 470.201, "time_finance_min": 5.878, "reach_finance_5": false, "reach_finance_10": true, "reach_finance_15": true, "count_finance_10": 12, "dist_open_space_m": 694.859, "time_open_space_min": 8.686, "reach_open_space_5": false, "reach_open_space_10": true, "reach_open_space_15": true, "count_open_space_10": 1, "groups_within_10": 6, "access_score": 1.0, "access_tier": "high", "mean_BtA5000": 4.4963027685900006, "mismatch_flag": false}, "geometry": {"type": "MultiPolygon", "coordinates": [[[[79.87036123251839, 6.83810031059999], [79.86984258994731, 6.83810031059999], [79.86958326866176, 6.838546272974745], [79.86984258994731, 6.838992234933221], [79.87036123251839, 6.838992234933221], [79.87062055380396, 6.838546272974745], [79.87036123251839, 6.83810031059999]]]]}}, {"type": "Feature", "properties": {"hex_id": 258, "is_edge": false, "Hex_area": 8660.254, "Hex_area_full": 8660.254, "area_ratio": 1.0, "completeness_class": "core", "snap_ok": true, "analysis_ok": true, "node_id": 6966.0, "dist_food_m": 171.5, "time_food_min": 2.144, "reach_food_5": true, "reach_food_10": true, "reach_food_15": true, "count_food_10": 14, "dist_education_m": 259.952, "time_education_min": 3.249, "reach_education_5": true, "reach_education_10": true, "reach_education_15": true, "count_education_10": 1, "dist_health_m": 131.976, "time_health_min": 1.65, "reach_health_5": true, "reach_health_10": true, "reach_health_15": true, "count_health_10": 2, "dist_transit_m": 501.381, "time_transit_min": 6.267, "reach_transit_5": false, "reach_transit_10": true, "reach_transit_15": true, "count_transit_10": 4, "dist_finance_m": 630.364, "time_finance_min": 7.88, "reach_finance_5": false, "reach_finance_10": true, "reach_finance_15": true, "count_finance_10": 5, "dist_open_space_m": 644.309, "time_open_space_min": 8.054, "reach_open_space_5": false, "reach_open_space_10": true, "reach_open_space_15": true, "count_open_space_10": 1, "groups_within_10": 6, "access_score": 1.0, "access_tier": "high", "mean_BtA5000": 0.8312487080700001, "mismatch_flag": false}, "geometry": {"type": "MultiPolygon", "coordinates": [[[[79.87113919637505, 6.837654347808987], [79.87062055380396, 6.837654347808987], [79.87036123251839, 6.83810031059999], [79.87062055380396, 6.838546272974745], [79.87113919637505, 6.838546272974745], [79.87139851766061, 6.83810031059999], [79.87113919637505, 6.837654347808987]]]]}}, {"type": "Feature", "properties": {"hex_id": 259, "is_edge": false, "Hex_area": 8660.254, "Hex_area_full": 8660.254, "area_ratio": 1.0, "completeness_class": "core", "snap_ok": true, "analysis_ok": true, "node_id": 6967.0, "dist_food_m": 97.156, "time_food_min": 1.214, "reach_food_5": true, "reach_food_10": true, "reach_food_15": true, "count_food_10": 16, "dist_education_m": 328.24, "time_education_min": 4.103, "reach_education_5": true, "reach_education_10": true, "reach_education_15": true, "count_education_10": 1, "dist_health_m": 136.681, "time_health_min": 1.709, "reach_health_5": true, "reach_health_10": true, "reach_health_15": true, "count_health_10": 2, "dist_transit_m": 569.669, "time_transit_min": 7.121, "reach_transit_5": false, "reach_transit_10": true, "reach_transit_15": true, "count_transit_10": 3, "dist_finance_m": 698.652, "time_finance_min": 8.733, "reach_finance_5": false, "reach_finance_10": true, "reach_finance_15": true, "count_finance_10": 3, "dist_open_space_m": 616.922, "time_open_space_min": 7.712, "reach_open_space_5": false, "reach_open_space_10": true, "reach_open_space_15": true, "count_open_space_10": 1, "groups_within_10": 6, "access_score": 1.0, "access_tier": "high", "mean_BtA5000": 0.8312487080700001, "mismatch_flag": false}, "geometry": {"type": "MultiPolygon", "coordinates": [[[[79.8719171602317, 6.83810031059999], [79.87139851766061, 6.83810031059999], [79.87113919637505, 6.838546272974745], [79.87139851766061, 6.838992234933221], [79.8719171602317, 6.838992234933221], [79.87217648151724, 6.838546272974745], [79.8719171602317, 6.83810031059999]]]]}}, {"type": "Feature", "properties": {"hex_id": 260, "is_edge": false, "Hex_area": 8660.254, "Hex_area_full": 8660.254, "area_ratio": 1.0, "completeness_class": "core", "snap_ok": true, "analysis_ok": true, "node_id": 4816.0, "dist_food_m": 204.261, "time_food_min": 2.553, "reach_food_5": true, "reach_food_10": true, "reach_food_15": true, "count_food_10": 7, "dist_education_m": 435.345, "time_education_min": 5.442, "reach_education_5": false, "reach_education_10": true, "reach_education_15": true, "count_education_10": 1, "dist_health_m": 243.785, "time_health_min": 3.047, "reach_health_5": true, "reach_health_10": true, "reach_health_15": true, "count_health_10": 2, "dist_transit_m": 676.774, "time_transit_min": 8.46, "reach_transit_5": false, "reach_transit_10": true, "reach_transit_15": true, "count_transit_10": 2, "dist_finance_m": 805.756, "time_finance_min": 10.072, "reach_finance_5": false, "reach_finance_10": false, "reach_finance_15": true, "count_finance_10": 0, "dist_open_space_m": 685.547, "time_open_space_min": 8.569, "reach_open_space_5": false, "reach_open_space_10": true, "reach_open_space_15": true, "count_open_space_10": 1, "groups_within_10": 5, "access_score": 0.8333, "access_tier": "high", "mean_BtA5000": 0.33333334327, "mismatch_flag": false}, "geometry": {"type": "MultiPolygon", "coordinates": [[[[79.87269512408835, 6.837654347808987], [79.87217648151724, 6.837654347808987], [79.8719171602317, 6.83810031059999], [79.87217648151724, 6.838546272974745], [79.87269512408835, 6.838546272974745], [79.87295444537388, 6.83810031059999], [79.87269512408835, 6.837654347808987]]]]}}, {"type": "Feature", "properties": {"hex_id": 261, "is_edge": true, "Hex_area": 4397.1972, "Hex_area_full": 8660.254, "area_ratio": 0.507745, "completeness_class": "partial", "snap_ok": true, "analysis_ok": false, "node_id": 6968.0, "dist_food_m": 283.571, "time_food_min": 3.545, "reach_food_5": true, "reach_food_10": true, "reach_food_15": true, "count_food_10": 6, "dist_education_m": 514.655, "time_education_min": 6.433, "reach_education_5": false, "reach_education_10": true, "reach_education_15": true, "count_education_10": 1, "dist_health_m": 323.096, "time_health_min": 4.039, "reach_health_5": true, "reach_health_10": true, "reach_health_15": true, "count_health_10": 2, "dist_transit_m": 756.084, "time_transit_min": 9.451, "reach_transit_5": false, "reach_transit_10": true, "reach_transit_15": true, "count_transit_10": 1, "dist_finance_m": 880.236, "time_finance_min": 11.003, "reach_finance_5": false, "reach_finance_10": false, "reach_finance_15": true, "count_finance_10": 0, "dist_open_space_m": 736.053, "time_open_space_min": 9.201, "reach_open_space_5": false, "reach_open_space_10": true, "reach_open_space_15": true, "count_open_space_10": 1, "groups_within_10": 5, "access_score": 0.8333, "access_tier": "excluded", "mean_BtA5000": 19.6046231612575, "mismatch_flag": false}, "geometry": {"type": "MultiPolygon", "coordinates": [[[[79.87295444537388, 6.83810031059999], [79.87269512408835, 6.838546272974745], [79.87295444537388, 6.838992234933221], [79.87316787659796, 6.838992234933221], [79.87311903925843, 6.838951817824427], [79.87309281919997, 6.838925877297503], [79.87309550270275, 6.838919615791007], [79.87310005906686, 6.838908154997863], [79.87310648829228, 6.83889149491807], [79.873114790379, 6.838869635551635], [79.87312496532708, 6.83884257689855], [79.87313701313646, 6.838810318958823], [79.87315093380715, 6.838772861732448], [79.87316672733917, 6.83873020521943], [79.87318439373252, 6.838682349419762], [79.87320096995283, 6.838634633385868], [79.87321645600018, 6.83858705711774], [79.8732308518745, 6.838539620615384], [79.87324415757578, 6.8384923238788], [79.87325637310408, 6.838445166907984], [79.8732674984594, 6.838398149702939], [79.87327753364167, 6.838351272263663], [79.87328647865095, 6.838304534590156], [79.87330593404566, 6.838263163922063], [79.87331353730356, 6.8382144136214675], [79.87331845705866, 6.838142853547201], [79.87328133527012, 6.838107520760531], [79.87327394257368, 6.83810031059999], [79.87295444537388, 6.83810031059999]]]]}}, {"type": "Feature", "properties": {"hex_id": 262, "is_edge": true, "Hex_area": 1571.1839, "Hex_area_full": 8660.254, "area_ratio": 0.181425, "completeness_class": "sliver", "snap_ok": true, "analysis_ok": false, "node_id": 324.0, "dist_food_m": 0.0, "time_food_min": 0.0, "reach_food_5": true, "reach_food_10": true, "reach_food_15": true, "count_food_10": 27, "dist_education_m": 483.592, "time_education_min": 6.045, "reach_education_5": false, "reach_education_10": true, "reach_education_15": true, "count_education_10": 3, "dist_health_m": 667.125, "time_health_min": 8.339, "reach_health_5": false, "reach_health_10": true, "reach_health_15": true, "count_health_10": 1, "dist_transit_m": 606.92, "time_transit_min": 7.587, "reach_transit_5": false, "reach_transit_10": true, "reach_transit_15": true, "count_transit_10": 4, "dist_finance_m": 470.584, "time_finance_min": 5.882, "reach_finance_5": false, "reach_finance_10": true, "reach_finance_15": true, "count_finance_10": 7, "dist_open_space_m": 517.818, "time_open_space_min": 6.473, "reach_open_space_5": false, "reach_open_space_10": true, "reach_open_space_15": true, "count_open_space_10": 1, "groups_within_10": 6, "access_score": 1.0, "access_tier": "excluded", "mean_BtA5000": null, "mismatch_flag": false}, "geometry": {"type": "MultiPolygon", "coordinates": [[[[79.86284091523748, 6.83943819647539], [79.86258159395194, 6.838992234933221], [79.86255841614695, 6.838992234933221], [79.86255783451627, 6.838995760182511], [79.8625538092621, 6.839026396839306], [79.86255034307099, 6.839059884717813], [79.86254743594299, 6.839096223818025], [79.86254508787805, 6.839135414139948], [79.86254329887616, 6.839177455683581], [79.86254257209417, 6.839217931850587], [79.86254290753202, 6.839256842640969], [79.86254430518972, 6.83929418805473], [79.86254676506726, 6.839329968091861], [79.86255028716468, 6.8393641827523695], [79.86255487148192, 6.839396832036255], [79.86256051801904, 6.839427915943515], [79.86256722677601, 6.83945743447415], [79.86257332056356, 6.839486338035397], [79.86257879938177, 6.839514626627256], [79.86258366323055, 6.839542300249726], [79.86258791210996, 6.839569358902806], [79.86259154602, 6.8395958025865005], [79.86259456496062, 6.839621631300808], [79.86259696893185, 6.839646845045726], [79.86259875793372, 6.8396714438212545], [79.86260026740405, 6.839697160722946], [79.86260149734281, 6.839723995750794], [79.86260244775005, 6.839751948904805], [79.86260311862573, 6.839781020184977], [79.8626035099699, 6.83981120959131], [79.86260362178251, 6.8398425171238015], [79.86260360216649, 6.83984630955522], [79.86284091523748, 6.83943819647539]]]]}}, {"type": "Feature", "properties": {"hex_id": 263, "is_edge": false, "Hex_area": 8660.254, "Hex_area_full": 8660.254, "area_ratio": 1.0, "completeness_class": "core", "snap_ok": true, "analysis_ok": true, "node_id": 415.0, "dist_food_m": 0.0, "time_food_min": 0.0, "reach_food_5": true, "reach_food_10": true, "reach_food_15": true, "count_food_10": 32, "dist_education_m": 373.274, "time_education_min": 4.666, "reach_education_5": true, "reach_education_10": true, "reach_education_15": true, "count_education_10": 4, "dist_health_m": 556.807, "time_health_min": 6.96, "reach_health_5": false, "reach_health_10": true, "reach_health_15": true, "count_health_10": 1, "dist_transit_m": 597.938, "time_transit_min": 7.474, "reach_transit_5": false, "reach_transit_10": true, "reach_transit_15": true, "count_transit_10": 4, "dist_finance_m": 384.584, "time_finance_min": 4.807, "reach_finance_5": true, "reach_finance_10": true, "reach_finance_15": true, "count_finance_10": 9, "dist_open_space_m": 667.651, "time_open_space_min": 8.346, "reach_open_space_5": false, "reach_open_space_10": true, "reach_open_space_15": true, "count_open_space_10": 2, "groups_within_10": 6, "access_score": 1.0, "access_tier": "high", "mean_BtA5000": null, "mismatch_flag": false}, "geometry": {"type": "MultiPolygon", "coordinates": [[[[79.8633595578086, 6.838546272974745], [79.86284091523748, 6.838546272974745], [79.86258159395194, 6.838992234933221], [79.86284091523748, 6.83943819647539], [79.8633595578086, 6.83943819647539], [79.86361887909413, 6.838992234933221], [79.8633595578086, 6.838546272974745]]]]}}, {"type": "Feature", "properties": {"hex_id": 264, "is_edge": false, "Hex_area": 8660.254, "Hex_area_full": 8660.254, "area_ratio": 1.0, "completeness_class": "core", "snap_ok": true, "analysis_ok": true, "node_id": 6969.0, "dist_food_m": 138.57, "time_food_min": 1.732, "reach_food_5": true, "reach_food_10": true, "reach_food_15": true, "count_food_10": 29, "dist_education_m": 389.326, "time_education_min": 4.867, "reach_education_5": true, "reach_education_10": true, "reach_education_15": true, "count_education_10": 4, "dist_health_m": 572.858, "time_health_min": 7.161, "reach_health_5": false, "reach_health_10": true, "reach_health_15": true, "count_health_10": 1, "dist_transit_m": 613.989, "time_transit_min": 7.675, "reach_transit_5": false, "reach_transit_10": true, "reach_transit_15": true, "count_transit_10": 4, "dist_finance_m": 400.636, "time_finance_min": 5.008, "reach_finance_5": false, "reach_finance_10": true, "reach_finance_15": true, "count_finance_10": 8, "dist_open_space_m": 532.771, "time_open_space_min": 6.66, "reach_open_space_5": false, "reach_open_space_10": true, "reach_open_space_15": true, "count_open_space_10": 2, "groups_within_10": 6, "access_score": 1.0, "access_tier": "high", "mean_BtA5000": 0.3330149253233334, "mismatch_flag": false}, "geometry": {"type": "MultiPolygon", "coordinates": [[[[79.86413752166523, 6.838992234933221], [79.86361887909413, 6.838992234933221], [79.8633595578086, 6.83943819647539], [79.86361887909413, 6.839884157601231], [79.86413752166523, 6.839884157601231], [79.86439684295078, 6.83943819647539], [79.86413752166523, 6.838992234933221]]]]}}, {"type": "Feature", "properties": {"hex_id": 265, "is_edge": false, "Hex_area": 8660.254, "Hex_area_full": 8660.254, "area_ratio": 1.0, "completeness_class": "core", "snap_ok": true, "analysis_ok": true, "node_id": 6970.0, "dist_food_m": 5.942, "time_food_min": 0.074, "reach_food_5": true, "reach_food_10": true, "reach_food_15": true, "count_food_10": 40, "dist_education_m": 256.698, "time_education_min": 3.209, "reach_education_5": true, "reach_education_10": true, "reach_education_15": true, "count_education_10": 4, "dist_health_m": 440.231, "time_health_min": 5.503, "reach_health_5": false, "reach_health_10": true, "reach_health_15": true, "count_health_10": 1, "dist_transit_m": 481.361, "time_transit_min": 6.017, "reach_transit_5": false, "reach_transit_10": true, "reach_transit_15": true, "count_transit_10": 5, "dist_finance_m": 268.008, "time_finance_min": 3.35, "reach_finance_5": true, "reach_finance_10": true, "reach_finance_15": true, "count_finance_10": 11, "dist_open_space_m": 467.952, "time_open_space_min": 5.849, "reach_open_space_5": false, "reach_open_space_10": true, "reach_open_space_15": true, "count_open_space_10": 2, "groups_within_10": 6, "access_score": 1.0, "access_tier": "high", "mean_BtA5000": 1.5334684476275, "mismatch_flag": false}, "geometry": {"type": "MultiPolygon", "coordinates": [[[[79.86491548552188, 6.838546272974745], [79.86439684295078, 6.838546272974745], [79.86413752166523, 6.838992234933221], [79.86439684295078, 6.83943819647539], [79.86491548552188, 6.83943819647539], [79.8651748068074, 6.838992234933221], [79.86491548552188, 6.838546272974745]]]]}}, {"type": "Feature", "properties": {"hex_id": 266, "is_edge": false, "Hex_area": 8660.254, "Hex_area_full": 8660.254, "area_ratio": 1.0, "completeness_class": "core", "snap_ok": true, "analysis_ok": true, "node_id": 3132.0, "dist_food_m": null, "time_food_min": null, "reach_food_5": false, "reach_food_10": false, "reach_food_15": false, "count_food_10": 0, "dist_education_m": null, "time_education_min": null, "reach_education_5": false, "reach_education_10": false, "reach_education_15": false, "count_education_10": 0, "dist_health_m": null, "time_health_min": null, "reach_health_5": false, "reach_health_10": false, "reach_health_15": false, "count_health_10": 0, "dist_transit_m": null, "time_transit_min": null, "reach_transit_5": false, "reach_transit_10": false, "reach_transit_15": false, "count_transit_10": 0, "dist_finance_m": null, "time_finance_min": null, "reach_finance_5": false, "reach_finance_10": false, "reach_finance_15": false, "count_finance_10": 0, "dist_open_space_m": null, "time_open_space_min": null, "reach_open_space_5": false, "reach_open_space_10": false, "reach_open_space_15": false, "count_open_space_10": 0, "groups_within_10": 0, "access_score": 0.0, "access_tier": "low", "mean_BtA5000": 0.33333334327, "mismatch_flag": false}, "geometry": {"type": "MultiPolygon", "coordinates": [[[[79.86569344937851, 6.838992234933221], [79.8651748068074, 6.838992234933221], [79.86491548552188, 6.83943819647539], [79.8651748068074, 6.839884157601231], [79.86569344937851, 6.839884157601231], [79.86595277066408, 6.83943819647539], [79.86569344937851, 6.838992234933221]]]]}}, {"type": "Feature", "properties": {"hex_id": 267, "is_edge": false, "Hex_area": 8660.254, "Hex_area_full": 8660.254, "area_ratio": 1.0, "completeness_class": "core", "snap_ok": true, "analysis_ok": true, "node_id": 6971.0, "dist_food_m": 163.521, "time_food_min": 2.044, "reach_food_5": true, "reach_food_10": true, "reach_food_15": true, "count_food_10": 50, "dist_education_m": 372.525, "time_education_min": 4.657, "reach_education_5": true, "reach_education_10": true, "reach_education_15": true, "count_education_10": 5, "dist_health_m": 241.28, "time_health_min": 3.016, "reach_health_5": true, "reach_health_10": true, "reach_health_15": true, "count_health_10": 2, "dist_transit_m": 282.411, "time_transit_min": 3.53, "reach_transit_5": true, "reach_transit_10": true, "reach_transit_15": true, "count_transit_10": 7, "dist_finance_m": 69.058, "time_finance_min": 0.863, "reach_finance_5": true, "reach_finance_10": true, "reach_finance_15": true, "count_finance_10": 13, "dist_open_space_m": 361.459, "time_open_space_min": 4.518, "reach_open_space_5": true, "reach_open_space_10": true, "reach_open_space_15": true, "count_open_space_10": 3, "groups_within_10": 6, "access_score": 1.0, "access_tier": "high", "mean_BtA5000": 16.75519244373, "mismatch_flag": false}, "geometry": {"type": "MultiPolygon", "coordinates": [[[[79.86647141323516, 6.838546272974745], [79.86595277066408, 6.838546272974745], [79.86569344937851, 6.838992234933221], [79.86595277066408, 6.83943819647539], [79.86647141323516, 6.83943819647539], [79.86673073452073, 6.838992234933221], [79.86647141323516, 6.838546272974745]]]]}}, {"type": "Feature", "properties": {"hex_id": 268, "is_edge": false, "Hex_area": 8660.254, "Hex_area_full": 8660.254, "area_ratio": 1.0, "completeness_class": "core", "snap_ok": true, "analysis_ok": true, "node_id": 6972.0, "dist_food_m": 178.486, "time_food_min": 2.231, "reach_food_5": true, "reach_food_10": true, "reach_food_15": true, "count_food_10": 54, "dist_education_m": 343.425, "time_education_min": 4.293, "reach_education_5": true, "reach_education_10": true, "reach_education_15": true, "count_education_10": 5, "dist_health_m": 256.245, "time_health_min": 3.203, "reach_health_5": true, "reach_health_10": true, "reach_health_15": true, "count_health_10": 2, "dist_transit_m": 279.575, "time_transit_min": 3.495, "reach_transit_5": true, "reach_transit_10": true, "reach_transit_15": true, "count_transit_10": 7, "dist_finance_m": 84.023, "time_finance_min": 1.05, "reach_finance_5": true, "reach_finance_10": true, "reach_finance_15": true, "count_finance_10": 13, "dist_open_space_m": 246.223, "time_open_space_min": 3.078, "reach_open_space_5": true, "reach_open_space_10": true, "reach_open_space_15": true, "count_open_space_10": 3, "groups_within_10": 6, "access_score": 1.0, "access_tier": "high", "mean_BtA5000": 106.05725288391, "mismatch_flag": false}, "geometry": {"type": "MultiPolygon", "coordinates": [[[[79.86724937709182, 6.838992234933221], [79.86673073452073, 6.838992234933221], [79.86647141323516, 6.83943819647539], [79.86673073452073, 6.839884157601231], [79.86724937709182, 6.839884157601231], [79.86750869837736, 6.83943819647539], [79.86724937709182, 6.838992234933221]]]]}}, {"type": "Feature", "properties": {"hex_id": 269, "is_edge": false, "Hex_area": 8660.254, "Hex_area_full": 8660.254, "area_ratio": 1.0, "completeness_class": "core", "snap_ok": true, "analysis_ok": true, "node_id": 6973.0, "dist_food_m": 19.744, "time_food_min": 0.247, "reach_food_5": true, "reach_food_10": true, "reach_food_15": true, "count_food_10": 57, "dist_education_m": 270.865, "time_education_min": 3.386, "reach_education_5": true, "reach_education_10": true, "reach_education_15": true, "count_education_10": 5, "dist_health_m": 97.503, "time_health_min": 1.219, "reach_health_5": true, "reach_health_10": true, "reach_health_15": true, "count_health_10": 4, "dist_transit_m": 138.634, "time_transit_min": 1.733, "reach_transit_5": true, "reach_transit_10": true, "reach_transit_15": true, "count_transit_10": 10, "dist_finance_m": 119.368, "time_finance_min": 1.492, "reach_finance_5": true, "reach_finance_10": true, "reach_finance_15": true, "count_finance_10": 13, "dist_open_space_m": 326.395, "time_open_space_min": 4.08, "reach_open_space_5": true, "reach_open_space_10": true, "reach_open_space_15": true, "count_open_space_10": 3, "groups_within_10": 6, "access_score": 1.0, "access_tier": "high", "mean_BtA5000": 79.230993658306, "mismatch_flag": false}, "geometry": {"type": "MultiPolygon", "coordinates": [[[[79.86802734094847, 6.838546272974745], [79.86750869837736, 6.838546272974745], [79.86724937709182, 6.838992234933221], [79.86750869837736, 6.83943819647539], [79.86802734094847, 6.83943819647539], [79.868286662234, 6.838992234933221], [79.86802734094847, 6.838546272974745]]]]}}, {"type": "Feature", "properties": {"hex_id": 270, "is_edge": false, "Hex_area": 8660.254, "Hex_area_full": 8660.254, "area_ratio": 1.0, "completeness_class": "core", "snap_ok": true, "analysis_ok": true, "node_id": 6974.0, "dist_food_m": 191.235, "time_food_min": 2.39, "reach_food_5": true, "reach_food_10": true, "reach_food_15": true, "count_food_10": 39, "dist_education_m": 432.993, "time_education_min": 5.412, "reach_education_5": false, "reach_education_10": true, "reach_education_15": true, "count_education_10": 4, "dist_health_m": 279.116, "time_health_min": 3.489, "reach_health_5": true, "reach_health_10": true, "reach_health_15": true, "count_health_10": 2, "dist_transit_m": 320.247, "time_transit_min": 4.003, "reach_transit_5": true, "reach_transit_10": true, "reach_transit_15": true, "count_transit_10": 6, "dist_finance_m": 269.206, "time_finance_min": 3.365, "reach_finance_5": true, "reach_finance_10": true, "reach_finance_15": true, "count_finance_10": 12, "dist_open_space_m": 374.97, "time_open_space_min": 4.687, "reach_open_space_5": true, "reach_open_space_10": true, "reach_open_space_15": true, "count_open_space_10": 2, "groups_within_10": 6, "access_score": 1.0, "access_tier": "high", "mean_BtA5000": 0.32984274626, "mismatch_flag": false}, "geometry": {"type": "MultiPolygon", "coordinates": [[[[79.86880530480511, 6.838992234933221], [79.868286662234, 6.838992234933221], [79.86802734094847, 6.83943819647539], [79.868286662234, 6.839884157601231], [79.86880530480511, 6.839884157601231], [79.86906462609065, 6.83943819647539], [79.86880530480511, 6.838992234933221]]]]}}, {"type": "Feature", "properties": {"hex_id": 271, "is_edge": false, "Hex_area": 8660.254, "Hex_area_full": 8660.254, "area_ratio": 1.0, "completeness_class": "core", "snap_ok": true, "analysis_ok": true, "node_id": 3836.0, "dist_food_m": 233.198, "time_food_min": 2.915, "reach_food_5": true, "reach_food_10": true, "reach_food_15": true, "count_food_10": 31, "dist_education_m": 57.35, "time_education_min": 0.717, "reach_education_5": true, "reach_education_10": true, "reach_education_15": true, "count_education_10": 2, "dist_health_m": 226.673, "time_health_min": 2.833, "reach_health_5": true, "reach_health_10": true, "reach_health_15": true, "count_health_10": 2, "dist_transit_m": 298.779, "time_transit_min": 3.735, "reach_transit_5": true, "reach_transit_10": true, "reach_transit_15": true, "count_transit_10": 6, "dist_finance_m": 427.761, "time_finance_min": 5.347, "reach_finance_5": false, "reach_finance_10": true, "reach_finance_15": true, "count_finance_10": 12, "dist_open_space_m": 652.42, "time_open_space_min": 8.155, "reach_open_space_5": false, "reach_open_space_10": true, "reach_open_space_15": true, "count_open_space_10": 1, "groups_within_10": 6, "access_score": 1.0, "access_tier": "high", "mean_BtA5000": 2.41481805593, "mismatch_flag": false}, "geometry": {"type": "MultiPolygon", "coordinates": [[[[79.86958326866176, 6.838546272974745], [79.86906462609065, 6.838546272974745], [79.86880530480511, 6.838992234933221], [79.86906462609065, 6.83943819647539], [79.86958326866176, 6.83943819647539], [79.86984258994731, 6.838992234933221], [79.86958326866176, 6.838546272974745]]]]}}, {"type": "Feature", "properties": {"hex_id": 272, "is_edge": false, "Hex_area": 8660.254, "Hex_area_full": 8660.254, "area_ratio": 1.0, "completeness_class": "core", "snap_ok": true, "analysis_ok": true, "node_id": 6975.0, "dist_food_m": 309.091, "time_food_min": 3.864, "reach_food_5": true, "reach_food_10": true, "reach_food_15": true, "count_food_10": 27, "dist_education_m": 540.175, "time_education_min": 6.752, "reach_education_5": false, "reach_education_10": true, "reach_education_15": true, "count_education_10": 3, "dist_health_m": 348.616, "time_health_min": 4.358, "reach_health_5": true, "reach_health_10": true, "reach_health_15": true, "count_health_10": 2, "dist_transit_m": 507.082, "time_transit_min": 6.339, "reach_transit_5": false, "reach_transit_10": true, "reach_transit_15": true, "count_transit_10": 5, "dist_finance_m": 456.042, "time_finance_min": 5.701, "reach_finance_5": false, "reach_finance_10": true, "reach_finance_15": true, "count_finance_10": 10, "dist_open_space_m": 561.805, "time_open_space_min": 7.023, "reach_open_space_5": false, "reach_open_space_10": true, "reach_open_space_15": true, "count_open_space_10": 1, "groups_within_10": 6, "access_score": 1.0, "access_tier": "high", "mean_BtA5000": 0.32867919405333335, "mismatch_flag": false}, "geometry": {"type": "MultiPolygon", "coordinates": [[[[79.87036123251839, 6.838992234933221], [79.86984258994731, 6.838992234933221], [79.86958326866176, 6.83943819647539], [79.86984258994731, 6.839884157601231], [79.87036123251839, 6.839884157601231], [79.87062055380396, 6.83943819647539], [79.87036123251839, 6.838992234933221]]]]}}, {"type": "Feature", "properties": {"hex_id": 273, "is_edge": false, "Hex_area": 8660.254, "Hex_area_full": 8660.254, "area_ratio": 1.0, "completeness_class": "core", "snap_ok": true, "analysis_ok": true, "node_id": 6976.0, "dist_food_m": 34.876, "time_food_min": 0.436, "reach_food_5": true, "reach_food_10": true, "reach_food_15": true, "count_food_10": 20, "dist_education_m": 196.208, "time_education_min": 2.453, "reach_education_5": true, "reach_education_10": true, "reach_education_15": true, "count_education_10": 1, "dist_health_m": 4.649, "time_health_min": 0.058, "reach_health_5": true, "reach_health_10": true, "reach_health_15": true, "count_health_10": 2, "dist_transit_m": 437.637, "time_transit_min": 5.47, "reach_transit_5": false, "reach_transit_10": true, "reach_transit_15": true, "count_transit_10": 4, "dist_finance_m": 566.62, "time_finance_min": 7.083, "reach_finance_5": false, "reach_finance_10": true, "reach_finance_15": true, "count_finance_10": 9, "dist_open_space_m": 748.954, "time_open_space_min": 9.362, "reach_open_space_5": false, "reach_open_space_10": true, "reach_open_space_15": true, "count_open_space_10": 2, "groups_within_10": 6, "access_score": 1.0, "access_tier": "high", "mean_BtA5000": 3.7725334465500002, "mismatch_flag": false}, "geometry": {"type": "MultiPolygon", "coordinates": [[[[79.87113919637505, 6.838546272974745], [79.87062055380396, 6.838546272974745], [79.87036123251839, 6.838992234933221], [79.87062055380396, 6.83943819647539], [79.87113919637505, 6.83943819647539], [79.87139851766061, 6.838992234933221], [79.87113919637505, 6.838546272974745]]]]}}, {"type": "Feature", "properties": {"hex_id": 274, "is_edge": false, "Hex_area": 8660.254, "Hex_area_full": 8660.254, "area_ratio": 1.0, "completeness_class": "core", "snap_ok": true, "analysis_ok": true, "node_id": 6977.0, "dist_food_m": 70.246, "time_food_min": 0.878, "reach_food_5": true, "reach_food_10": true, "reach_food_15": true, "count_food_10": 21, "dist_education_m": 301.33, "time_education_min": 3.767, "reach_education_5": true, "reach_education_10": true, "reach_education_15": true, "count_education_10": 3, "dist_health_m": 109.771, "time_health_min": 1.372, "reach_health_5": true, "reach_health_10": true, "reach_health_15": true, "count_health_10": 2, "dist_transit_m": 542.759, "time_transit_min": 6.784, "reach_transit_5": false, "reach_transit_10": true, "reach_transit_15": true, "count_transit_10": 4, "dist_finance_m": 618.44, "time_finance_min": 7.73, "reach_finance_5": false, "reach_finance_10": true, "reach_finance_15": true, "count_finance_10": 8, "dist_open_space_m": 724.203, "time_open_space_min": 9.053, "reach_open_space_5": false, "reach_open_space_10": true, "reach_open_space_15": true, "count_open_space_10": 2, "groups_within_10": 6, "access_score": 1.0, "access_tier": "high", "mean_BtA5000": 2.9203169047825, "mismatch_flag": false}, "geometry": {"type": "MultiPolygon", "coordinates": [[[[79.8719171602317, 6.838992234933221], [79.87139851766061, 6.838992234933221], [79.87113919637505, 6.83943819647539], [79.87139851766061, 6.839884157601231], [79.8719171602317, 6.839884157601231], [79.87217648151724, 6.83943819647539], [79.8719171602317, 6.838992234933221]]]]}}, {"type": "Feature", "properties": {"hex_id": 275, "is_edge": false, "Hex_area": 8660.254, "Hex_area_full": 8660.254, "area_ratio": 1.0, "completeness_class": "core", "snap_ok": true, "analysis_ok": true, "node_id": 6667.0, "dist_food_m": 171.104, "time_food_min": 2.139, "reach_food_5": true, "reach_food_10": true, "reach_food_15": true, "count_food_10": 9, "dist_education_m": 402.188, "time_education_min": 5.027, "reach_education_5": false, "reach_education_10": true, "reach_education_15": true, "count_education_10": 1, "dist_health_m": 210.629, "time_health_min": 2.633, "reach_health_5": true, "reach_health_10": true, "reach_health_15": true, "count_health_10": 2, "dist_transit_m": 643.618, "time_transit_min": 8.045, "reach_transit_5": false, "reach_transit_10": true, "reach_transit_15": true, "count_transit_10": 2, "dist_finance_m": 763.97, "time_finance_min": 9.55, "reach_finance_5": false, "reach_finance_10": true, "reach_finance_15": true, "count_finance_10": 3, "dist_open_space_m": 835.183, "time_open_space_min": 10.44, "reach_open_space_5": false, "reach_open_space_10": false, "reach_open_space_15": true, "count_open_space_10": 0, "groups_within_10": 5, "access_score": 0.8333, "access_tier": "high", "mean_BtA5000": 11.837487384678333, "mismatch_flag": false}, "geometry": {"type": "MultiPolygon", "coordinates": [[[[79.87269512408835, 6.838546272974745], [79.87217648151724, 6.838546272974745], [79.8719171602317, 6.838992234933221], [79.87217648151724, 6.83943819647539], [79.87269512408835, 6.83943819647539], [79.87295444537388, 6.838992234933221], [79.87269512408835, 6.838546272974745]]]]}}, {"type": "Feature", "properties": {"hex_id": 276, "is_edge": true, "Hex_area": 7879.3227, "Hex_area_full": 8660.254, "area_ratio": 0.909826, "completeness_class": "near_complete", "snap_ok": true, "analysis_ok": true, "node_id": 6978.0, "dist_food_m": 233.399, "time_food_min": 2.917, "reach_food_5": true, "reach_food_10": true, "reach_food_15": true, "count_food_10": 10, "dist_education_m": 464.483, "time_education_min": 5.806, "reach_education_5": false, "reach_education_10": true, "reach_education_15": true, "count_education_10": 1, "dist_health_m": 272.923, "time_health_min": 3.412, "reach_health_5": true, "reach_health_10": true, "reach_health_15": true, "count_health_10": 2, "dist_transit_m": 705.912, "time_transit_min": 8.824, "reach_transit_5": false, "reach_transit_10": true, "reach_transit_15": true, "count_transit_10": 2, "dist_finance_m": 826.264, "time_finance_min": 10.328, "reach_finance_5": false, "reach_finance_10": false, "reach_finance_15": true, "count_finance_10": 0, "dist_open_space_m": 832.979, "time_open_space_min": 10.412, "reach_open_space_5": false, "reach_open_space_10": false, "reach_open_space_15": true, "count_open_space_10": 0, "groups_within_10": 4, "access_score": 0.6667, "access_tier": "medium", "mean_BtA5000": 12.409384548664287, "mismatch_flag": false}, "geometry": {"type": "MultiPolygon", "coordinates": [[[[79.87295444537388, 6.838992234933221], [79.87269512408835, 6.83943819647539], [79.87295444537388, 6.839884157601231], [79.873473087945, 6.839884157601231], [79.87373240923056, 6.83943819647539], [79.8737060174867, 6.839392809927854], [79.87368369296944, 6.839376705765392], [79.87351295510474, 6.839252370136349], [79.8733711208013, 6.839147713527733], [79.87325819005909, 6.8390627359395415], [79.87317416287814, 6.838997437371773], [79.87316787659796, 6.838992234933221], [79.87295444537388, 6.838992234933221]]]]}}, {"type": "Feature", "properties": {"hex_id": 277, "is_edge": true, "Hex_area": 10.3452, "Hex_area_full": 8660.254, "area_ratio": 0.001195, "completeness_class": "sliver", "snap_ok": true, "analysis_ok": false, "node_id": 6979.0, "dist_food_m": 327.149, "time_food_min": 4.089, "reach_food_5": true, "reach_food_10": true, "reach_food_15": true, "count_food_10": 6, "dist_education_m": 558.233, "time_education_min": 6.978, "reach_education_5": false, "reach_education_10": true, "reach_education_15": true, "count_education_10": 1, "dist_health_m": 366.674, "time_health_min": 4.583, "reach_health_5": true, "reach_health_10": true, "reach_health_15": true, "count_health_10": 2, "dist_transit_m": 799.662, "time_transit_min": 9.996, "reach_transit_5": false, "reach_transit_10": true, "reach_transit_15": true, "count_transit_10": 1, "dist_finance_m": 920.014, "time_finance_min": 11.5, "reach_finance_5": false, "reach_finance_10": false, "reach_finance_15": true, "count_finance_10": 0, "dist_open_space_m": 845.22, "time_open_space_min": 10.565, "reach_open_space_5": false, "reach_open_space_10": false, "reach_open_space_15": true, "count_open_space_10": 0, "groups_within_10": 4, "access_score": 0.6667, "access_tier": "excluded", "mean_BtA5000": 6.521521016955, "mismatch_flag": false}, "geometry": {"type": "MultiPolygon", "coordinates": [[[[79.87373240923056, 6.83943819647539], [79.87376893493622, 6.83943819647539], [79.8737060174867, 6.839392809927854], [79.87373240923056, 6.83943819647539]]]]}}, {"type": "Feature", "properties": {"hex_id": 278, "is_edge": true, "Hex_area": 1744.8005, "Hex_area_full": 8660.254, "area_ratio": 0.201472, "completeness_class": "sliver", "snap_ok": true, "analysis_ok": false, "node_id": 330.0, "dist_food_m": 0.0, "time_food_min": 0.0, "reach_food_5": true, "reach_food_10": true, "reach_food_15": true, "count_food_10": 25, "dist_education_m": 567.987, "time_education_min": 7.1, "reach_education_5": false, "reach_education_10": true, "reach_education_15": true, "count_education_10": 2, "dist_health_m": 751.52, "time_health_min": 9.394, "reach_health_5": false, "reach_health_10": true, "reach_health_15": true, "count_health_10": 1, "dist_transit_m": 543.635, "time_transit_min": 6.795, "reach_transit_5": false, "reach_transit_10": true, "reach_transit_15": true, "count_transit_10": 3, "dist_finance_m": 472.787, "time_finance_min": 5.91, "reach_finance_5": false, "reach_finance_10": true, "reach_finance_15": true, "count_finance_10": 7, "dist_open_space_m": 452.443, "time_open_space_min": 5.656, "reach_open_space_5": false, "reach_open_space_10": true, "reach_open_space_15": true, "count_open_space_10": 1, "groups_within_10": 6, "access_score": 1.0, "access_tier": "excluded", "mean_BtA5000": null, "mismatch_flag": false}, "geometry": {"type": "MultiPolygon", "coordinates": [[[[79.86258159395194, 6.840776078603806], [79.86284091523748, 6.8403301183107095], [79.86260255342565, 6.839920202100075], [79.86260160915542, 6.839944602042246], [79.86259926109051, 6.839983289207397], [79.86259596261833, 6.840024548062718], [79.8625917137389, 6.840068378608207], [79.86258651445226, 6.840114780843864], [79.86258036475837, 6.840163754769691], [79.86257326465727, 6.840215300385687], [79.8625652141489, 6.840269417691851], [79.86255702387479, 6.840325351953026], [79.86254869383488, 6.840383103169215], [79.86254022402923, 6.840442671340409], [79.8625316144578, 6.840504056466617], [79.8625228651206, 6.840567258547835], [79.86251397601761, 6.840632277584064], [79.86250494714889, 6.840699113575304], [79.86249577851434, 6.840767766521553], [79.8624945742905, 6.840776078603806], [79.86258159395194, 6.840776078603806]]]]}}, {"type": "Feature", "properties": {"hex_id": 279, "is_edge": true, "Hex_area": 8650.172, "Hex_area_full": 8660.254, "area_ratio": 0.998836, "completeness_class": "core", "snap_ok": true, "analysis_ok": true, "node_id": 6287.0, "dist_food_m": 152.632, "time_food_min": 1.908, "reach_food_5": true, "reach_food_10": true, "reach_food_15": true, "count_food_10": 24, "dist_education_m": 552.289, "time_education_min": 6.904, "reach_education_5": false, "reach_education_10": true, "reach_education_15": true, "count_education_10": 2, "dist_health_m": 735.822, "time_health_min": 9.198, "reach_health_5": false, "reach_health_10": true, "reach_health_15": true, "count_health_10": 1, "dist_transit_m": 583.857, "time_transit_min": 7.298, "reach_transit_5": false, "reach_transit_10": true, "reach_transit_15": true, "count_transit_10": 4, "dist_finance_m": 480.916, "time_finance_min": 6.011, "reach_finance_5": false, "reach_finance_10": true, "reach_finance_15": true, "count_finance_10": 7, "dist_open_space_m": 492.665, "time_open_space_min": 6.158, "reach_open_space_5": false, "reach_open_space_10": true, "reach_open_space_15": true, "count_open_space_10": 1, "groups_within_10": 6, "access_score": 1.0, "access_tier": "high", "mean_BtA5000": 0.3333333234, "mismatch_flag": false}, "geometry": {"type": "MultiPolygon", "coordinates": [[[[79.86284091523748, 6.8403301183107095], [79.8633595578086, 6.8403301183107095], [79.86361887909413, 6.839884157601231], [79.8633595578086, 6.83943819647539], [79.86284091523748, 6.83943819647539], [79.86260360216649, 6.83984630955522], [79.8626034540636, 6.839874942782454], [79.86260300681313, 6.839908486567266], [79.86260255342565, 6.839920202100075], [79.86284091523748, 6.8403301183107095]]]]}}, {"type": "Feature", "properties": {"hex_id": 280, "is_edge": false, "Hex_area": 8660.254, "Hex_area_full": 8660.254, "area_ratio": 1.0, "completeness_class": "core", "snap_ok": true, "analysis_ok": true, "node_id": 6980.0, "dist_food_m": 66.067, "time_food_min": 0.826, "reach_food_5": true, "reach_food_10": true, "reach_food_15": true, "count_food_10": 29, "dist_education_m": 501.92, "time_education_min": 6.274, "reach_education_5": false, "reach_education_10": true, "reach_education_15": true, "count_education_10": 4, "dist_health_m": 685.453, "time_health_min": 8.568, "reach_health_5": false, "reach_health_10": true, "reach_health_15": true, "count_health_10": 1, "dist_transit_m": 477.568, "time_transit_min": 5.97, "reach_transit_5": false, "reach_transit_10": true, "reach_transit_15": true, "count_transit_10": 5, "dist_finance_m": 406.72, "time_finance_min": 5.084, "reach_finance_5": false, "reach_finance_10": true, "reach_finance_15": true, "count_finance_10": 7, "dist_open_space_m": 386.376, "time_open_space_min": 4.83, "reach_open_space_5": true, "reach_open_space_10": true, "reach_open_space_15": true, "count_open_space_10": 1, "groups_within_10": 6, "access_score": 1.0, "access_tier": "high", "mean_BtA5000": 0.33333330352999996, "mismatch_flag": false}, "geometry": {"type": "MultiPolygon", "coordinates": [[[[79.86413752166523, 6.839884157601231], [79.86361887909413, 6.839884157601231], [79.8633595578086, 6.8403301183107095], [79.86361887909413, 6.840776078603806], [79.86413752166523, 6.840776078603806], [79.86439684295078, 6.8403301183107095], [79.86413752166523, 6.839884157601231]]]]}}, {"type": "Feature", "properties": {"hex_id": 281, "is_edge": false, "Hex_area": 8660.254, "Hex_area_full": 8660.254, "area_ratio": 1.0, "completeness_class": "core", "snap_ok": true, "analysis_ok": true, "node_id": 6981.0, "dist_food_m": 42.623, "time_food_min": 0.533, "reach_food_5": true, "reach_food_10": true, "reach_food_15": true, "count_food_10": 38, "dist_education_m": 357.034, "time_education_min": 4.463, "reach_education_5": true, "reach_education_10": true, "reach_education_15": true, "count_education_10": 5, "dist_health_m": 540.566, "time_health_min": 6.757, "reach_health_5": false, "reach_health_10": true, "reach_health_15": true, "count_health_10": 1, "dist_transit_m": 456.718, "time_transit_min": 5.709, "reach_transit_5": false, "reach_transit_10": true, "reach_transit_15": true, "count_transit_10": 5, "dist_finance_m": 320.382, "time_finance_min": 4.005, "reach_finance_5": true, "reach_finance_10": true, "reach_finance_15": true, "count_finance_10": 10, "dist_open_space_m": 367.616, "time_open_space_min": 4.595, "reach_open_space_5": true, "reach_open_space_10": true, "reach_open_space_15": true, "count_open_space_10": 3, "groups_within_10": 6, "access_score": 1.0, "access_tier": "high", "mean_BtA5000": 0.7654757425200001, "mismatch_flag": false}, "geometry": {"type": "MultiPolygon", "coordinates": [[[[79.86491548552188, 6.83943819647539], [79.86439684295078, 6.83943819647539], [79.86413752166523, 6.839884157601231], [79.86439684295078, 6.8403301183107095], [79.86491548552188, 6.8403301183107095], [79.8651748068074, 6.839884157601231], [79.86491548552188, 6.83943819647539]]]]}}, {"type": "Feature", "properties": {"hex_id": 282, "is_edge": false, "Hex_area": 8660.254, "Hex_area_full": 8660.254, "area_ratio": 1.0, "completeness_class": "core", "snap_ok": true, "analysis_ok": true, "node_id": 6982.0, "dist_food_m": null, "time_food_min": null, "reach_food_5": false, "reach_food_10": false, "reach_food_15": false, "count_food_10": 0, "dist_education_m": null, "time_education_min": null, "reach_education_5": false, "reach_education_10": false, "reach_education_15": false, "count_education_10": 0, "dist_health_m": null, "time_health_min": null, "reach_health_5": false, "reach_health_10": false, "reach_health_15": false, "count_health_10": 0, "dist_transit_m": null, "time_transit_min": null, "reach_transit_5": false, "reach_transit_10": false, "reach_transit_15": false, "count_transit_10": 0, "dist_finance_m": null, "time_finance_min": null, "reach_finance_5": false, "reach_finance_10": false, "reach_finance_15": false, "count_finance_10": 0, "dist_open_space_m": null, "time_open_space_min": null, "reach_open_space_5": false, "reach_open_space_10": false, "reach_open_space_15": false, "count_open_space_10": 0, "groups_within_10": 0, "access_score": 0.0, "access_tier": "low", "mean_BtA5000": 0.33333334327, "mismatch_flag": false}, "geometry": {"type": "MultiPolygon", "coordinates": [[[[79.86569344937851, 6.839884157601231], [79.8651748068074, 6.839884157601231], [79.86491548552188, 6.8403301183107095], [79.8651748068074, 6.840776078603806], [79.86569344937851, 6.840776078603806], [79.86595277066408, 6.8403301183107095], [79.86569344937851, 6.839884157601231]]]]}}, {"type": "Feature", "properties": {"hex_id": 283, "is_edge": false, "Hex_area": 8660.254, "Hex_area_full": 8660.254, "area_ratio": 1.0, "completeness_class": "core", "snap_ok": true, "analysis_ok": true, "node_id": 6983.0, "dist_food_m": 195.374, "time_food_min": 2.442, "reach_food_5": true, "reach_food_10": true, "reach_food_15": true, "count_food_10": 44, "dist_education_m": 333.096, "time_education_min": 4.164, "reach_education_5": true, "reach_education_10": true, "reach_education_15": true, "count_education_10": 5, "dist_health_m": 431.831, "time_health_min": 5.398, "reach_health_5": false, "reach_health_10": true, "reach_health_15": true, "count_health_10": 2, "dist_transit_m": 269.247, "time_transit_min": 3.366, "reach_transit_5": true, "reach_transit_10": true, "reach_transit_15": true, "count_transit_10": 6, "dist_finance_m": 132.911, "time_finance_min": 1.661, "reach_finance_5": true, "reach_finance_10": true, "reach_finance_15": true, "count_finance_10": 10, "dist_open_space_m": 235.895, "time_open_space_min": 2.949, "reach_open_space_5": true, "reach_open_space_10": true, "reach_open_space_15": true, "count_open_space_10": 2, "groups_within_10": 6, "access_score": 1.0, "access_tier": "high", "mean_BtA5000": 0.33333334327, "mismatch_flag": false}, "geometry": {"type": "MultiPolygon", "coordinates": [[[[79.86647141323516, 6.83943819647539], [79.86595277066408, 6.83943819647539], [79.86569344937851, 6.839884157601231], [79.86595277066408, 6.8403301183107095], [79.86647141323516, 6.8403301183107095], [79.86673073452073, 6.839884157601231], [79.86647141323516, 6.83943819647539]]]]}}, {"type": "Feature", "properties": {"hex_id": 284, "is_edge": false, "Hex_area": 8660.254, "Hex_area_full": 8660.254, "area_ratio": 1.0, "completeness_class": "core", "snap_ok": true, "analysis_ok": true, "node_id": 6984.0, "dist_food_m": 120.469, "time_food_min": 1.506, "reach_food_5": true, "reach_food_10": true, "reach_food_15": true, "count_food_10": 49, "dist_education_m": 245.617, "time_education_min": 3.07, "reach_education_5": true, "reach_education_10": true, "reach_education_15": true, "count_education_10": 5, "dist_health_m": 354.054, "time_health_min": 4.426, "reach_health_5": true, "reach_health_10": true, "reach_health_15": true, "count_health_10": 2, "dist_transit_m": 181.767, "time_transit_min": 2.272, "reach_transit_5": true, "reach_transit_10": true, "reach_transit_15": true, "count_transit_10": 6, "dist_finance_m": 45.431, "time_finance_min": 0.568, "reach_finance_5": true, "reach_finance_10": true, "reach_finance_15": true, "count_finance_10": 13, "dist_open_space_m": 148.415, "time_open_space_min": 1.855, "reach_open_space_5": true, "reach_open_space_10": true, "reach_open_space_15": true, "count_open_space_10": 2, "groups_within_10": 6, "access_score": 1.0, "access_tier": "high", "mean_BtA5000": 85.799737286568, "mismatch_flag": false}, "geometry": {"type": "MultiPolygon", "coordinates": [[[[79.86724937709182, 6.839884157601231], [79.86673073452073, 6.839884157601231], [79.86647141323516, 6.8403301183107095], [79.86673073452073, 6.840776078603806], [79.86724937709182, 6.840776078603806], [79.86750869837736, 6.8403301183107095], [79.86724937709182, 6.839884157601231]]]]}}, {"type": "Feature", "properties": {"hex_id": 285, "is_edge": false, "Hex_area": 8660.254, "Hex_area_full": 8660.254, "area_ratio": 1.0, "completeness_class": "core", "snap_ok": true, "analysis_ok": true, "node_id": 6985.0, "dist_food_m": 47.635, "time_food_min": 0.595, "reach_food_5": true, "reach_food_10": true, "reach_food_15": true, "count_food_10": 51, "dist_education_m": 289.393, "time_education_min": 3.617, "reach_education_5": true, "reach_education_10": true, "reach_education_15": true, "count_education_10": 5, "dist_health_m": 194.738, "time_health_min": 2.434, "reach_health_5": true, "reach_health_10": true, "reach_health_15": true, "count_health_10": 3, "dist_transit_m": 180.844, "time_transit_min": 2.261, "reach_transit_5": true, "reach_transit_10": true, "reach_transit_15": true, "count_transit_10": 9, "dist_finance_m": 125.606, "time_finance_min": 1.57, "reach_finance_5": true, "reach_finance_10": true, "reach_finance_15": true, "count_finance_10": 12, "dist_open_space_m": 231.37, "time_open_space_min": 2.892, "reach_open_space_5": true, "reach_open_space_10": true, "reach_open_space_15": true, "count_open_space_10": 2, "groups_within_10": 6, "access_score": 1.0, "access_tier": "high", "mean_BtA5000": 131.82477973898332, "mismatch_flag": false}, "geometry": {"type": "MultiPolygon", "coordinates": [[[[79.86802734094847, 6.83943819647539], [79.86750869837736, 6.83943819647539], [79.86724937709182, 6.839884157601231], [79.86750869837736, 6.8403301183107095], [79.86802734094847, 6.8403301183107095], [79.868286662234, 6.839884157601231], [79.86802734094847, 6.83943819647539]]]]}}, {"type": "Feature", "properties": {"hex_id": 286, "is_edge": false, "Hex_area": 8660.254, "Hex_area_full": 8660.254, "area_ratio": 1.0, "completeness_class": "core", "snap_ok": true, "analysis_ok": true, "node_id": 6986.0, "dist_food_m": 195.738, "time_food_min": 2.447, "reach_food_5": true, "reach_food_10": true, "reach_food_15": true, "count_food_10": 42, "dist_education_m": 295.806, "time_education_min": 3.698, "reach_education_5": true, "reach_education_10": true, "reach_education_15": true, "count_education_10": 3, "dist_health_m": 416.139, "time_health_min": 5.202, "reach_health_5": false, "reach_health_10": true, "reach_health_15": true, "count_health_10": 2, "dist_transit_m": 233.537, "time_transit_min": 2.919, "reach_transit_5": true, "reach_transit_10": true, "reach_transit_15": true, "count_transit_10": 6, "dist_finance_m": 178.3, "time_finance_min": 2.229, "reach_finance_5": true, "reach_finance_10": true, "reach_finance_15": true, "count_finance_10": 10, "dist_open_space_m": 284.063, "time_open_space_min": 3.551, "reach_open_space_5": true, "reach_open_space_10": true, "reach_open_space_15": true, "count_open_space_10": 2, "groups_within_10": 6, "access_score": 1.0, "access_tier": "high", "mean_BtA5000": 0.33333328366, "mismatch_flag": false}, "geometry": {"type": "MultiPolygon", "coordinates": [[[[79.86880530480511, 6.839884157601231], [79.868286662234, 6.839884157601231], [79.86802734094847, 6.8403301183107095], [79.868286662234, 6.840776078603806], [79.86880530480511, 6.840776078603806], [79.86906462609065, 6.8403301183107095], [79.86880530480511, 6.839884157601231]]]]}}, {"type": "Feature", "properties": {"hex_id": 287, "is_edge": false, "Hex_area": 8660.254, "Hex_area_full": 8660.254, "area_ratio": 1.0, "completeness_class": "core", "snap_ok": true, "analysis_ok": true, "node_id": 3666.0, "dist_food_m": 212.993, "time_food_min": 2.662, "reach_food_5": true, "reach_food_10": true, "reach_food_15": true, "count_food_10": 23, "dist_education_m": 445.247, "time_education_min": 5.566, "reach_education_5": false, "reach_education_10": true, "reach_education_15": true, "count_education_10": 3, "dist_health_m": 529.086, "time_health_min": 6.614, "reach_health_5": false, "reach_health_10": true, "reach_health_15": true, "count_health_10": 2, "dist_transit_m": 382.979, "time_transit_min": 4.787, "reach_transit_5": true, "reach_transit_10": true, "reach_transit_15": true, "count_transit_10": 5, "dist_finance_m": 327.741, "time_finance_min": 4.097, "reach_finance_5": true, "reach_finance_10": true, "reach_finance_15": true, "count_finance_10": 8, "dist_open_space_m": 433.504, "time_open_space_min": 5.419, "reach_open_space_5": false, "reach_open_space_10": true, "reach_open_space_15": true, "count_open_space_10": 2, "groups_within_10": 6, "access_score": 1.0, "access_tier": "high", "mean_BtA5000": 0.3286792139233334, "mismatch_flag": false}, "geometry": {"type": "MultiPolygon", "coordinates": [[[[79.86958326866176, 6.83943819647539], [79.86906462609065, 6.83943819647539], [79.86880530480511, 6.839884157601231], [79.86906462609065, 6.8403301183107095], [79.86958326866176, 6.8403301183107095], [79.86984258994731, 6.839884157601231], [79.86958326866176, 6.83943819647539]]]]}}, {"type": "Feature", "properties": {"hex_id": 288, "is_edge": false, "Hex_area": 8660.254, "Hex_area_full": 8660.254, "area_ratio": 1.0, "completeness_class": "core", "snap_ok": true, "analysis_ok": true, "node_id": 6987.0, "dist_food_m": 184.751, "time_food_min": 2.309, "reach_food_5": true, "reach_food_10": true, "reach_food_15": true, "count_food_10": 22, "dist_education_m": 484.294, "time_education_min": 6.054, "reach_education_5": false, "reach_education_10": true, "reach_education_15": true, "count_education_10": 3, "dist_health_m": 361.423, "time_health_min": 4.518, "reach_health_5": true, "reach_health_10": true, "reach_health_15": true, "count_health_10": 2, "dist_transit_m": 422.026, "time_transit_min": 5.275, "reach_transit_5": false, "reach_transit_10": true, "reach_transit_15": true, "count_transit_10": 5, "dist_finance_m": 366.788, "time_finance_min": 4.585, "reach_finance_5": true, "reach_finance_10": true, "reach_finance_15": true, "count_finance_10": 8, "dist_open_space_m": 472.551, "time_open_space_min": 5.907, "reach_open_space_5": false, "reach_open_space_10": true, "reach_open_space_15": true, "count_open_space_10": 1, "groups_within_10": 6, "access_score": 1.0, "access_tier": "high", "mean_BtA5000": 0.3333333234, "mismatch_flag": false}, "geometry": {"type": "MultiPolygon", "coordinates": [[[[79.87036123251839, 6.839884157601231], [79.86984258994731, 6.839884157601231], [79.86958326866176, 6.8403301183107095], [79.86984258994731, 6.840776078603806], [79.87036123251839, 6.840776078603806], [79.87062055380396, 6.8403301183107095], [79.87036123251839, 6.839884157601231]]]]}}, {"type": "Feature", "properties": {"hex_id": 289, "is_edge": false, "Hex_area": 8660.254, "Hex_area_full": 8660.254, "area_ratio": 1.0, "completeness_class": "core", "snap_ok": true, "analysis_ok": true, "node_id": 6988.0, "dist_food_m": 181.029, "time_food_min": 2.263, "reach_food_5": true, "reach_food_10": true, "reach_food_15": true, "count_food_10": 19, "dist_education_m": 412.113, "time_education_min": 5.151, "reach_education_5": false, "reach_education_10": true, "reach_education_15": true, "count_education_10": 3, "dist_health_m": 220.553, "time_health_min": 2.757, "reach_health_5": true, "reach_health_10": true, "reach_health_15": true, "count_health_10": 2, "dist_transit_m": 562.895, "time_transit_min": 7.036, "reach_transit_5": false, "reach_transit_10": true, "reach_transit_15": true, "count_transit_10": 4, "dist_finance_m": 507.657, "time_finance_min": 6.346, "reach_finance_5": false, "reach_finance_10": true, "reach_finance_15": true, "count_finance_10": 8, "dist_open_space_m": 613.421, "time_open_space_min": 7.668, "reach_open_space_5": false, "reach_open_space_10": true, "reach_open_space_15": true, "count_open_space_10": 1, "groups_within_10": 6, "access_score": 1.0, "access_tier": "high", "mean_BtA5000": 0.24029906093999998, "mismatch_flag": false}, "geometry": {"type": "MultiPolygon", "coordinates": [[[[79.87113919637505, 6.83943819647539], [79.87062055380396, 6.83943819647539], [79.87036123251839, 6.839884157601231], [79.87062055380396, 6.8403301183107095], [79.87113919637505, 6.8403301183107095], [79.87139851766061, 6.839884157601231], [79.87113919637505, 6.83943819647539]]]]}}, {"type": "Feature", "properties": {"hex_id": 290, "is_edge": false, "Hex_area": 8660.254, "Hex_area_full": 8660.254, "area_ratio": 1.0, "completeness_class": "core", "snap_ok": true, "analysis_ok": true, "node_id": 6989.0, "dist_food_m": 281.073, "time_food_min": 3.513, "reach_food_5": true, "reach_food_10": true, "reach_food_15": true, "count_food_10": 5, "dist_education_m": 512.157, "time_education_min": 6.402, "reach_education_5": false, "reach_education_10": true, "reach_education_15": true, "count_education_10": 1, "dist_health_m": 320.598, "time_health_min": 4.007, "reach_health_5": true, "reach_health_10": true, "reach_health_15": true, "count_health_10": 2, "dist_transit_m": 753.586, "time_transit_min": 9.42, "reach_transit_5": false, "reach_transit_10": true, "reach_transit_15": true, "count_transit_10": 1, "dist_finance_m": 873.939, "time_finance_min": 10.924, "reach_finance_5": false, "reach_finance_10": false, "reach_finance_15": true, "count_finance_10": 0, "dist_open_space_m": 945.152, "time_open_space_min": 11.814, "reach_open_space_5": false, "reach_open_space_10": false, "reach_open_space_15": true, "count_open_space_10": 0, "groups_within_10": 4, "access_score": 0.6667, "access_tier": "medium", "mean_BtA5000": 0.2348418782166667, "mismatch_flag": false}, "geometry": {"type": "MultiPolygon", "coordinates": [[[[79.8719171602317, 6.839884157601231], [79.87139851766061, 6.839884157601231], [79.87113919637505, 6.8403301183107095], [79.87139851766061, 6.840776078603806], [79.8719171602317, 6.840776078603806], [79.87217648151724, 6.8403301183107095], [79.8719171602317, 6.839884157601231]]]]}}, {"type": "Feature", "properties": {"hex_id": 291, "is_edge": false, "Hex_area": 8660.254, "Hex_area_full": 8660.254, "area_ratio": 1.0, "completeness_class": "core", "snap_ok": true, "analysis_ok": true, "node_id": 6990.0, "dist_food_m": 246.367, "time_food_min": 3.08, "reach_food_5": true, "reach_food_10": true, "reach_food_15": true, "count_food_10": 6, "dist_education_m": 477.451, "time_education_min": 5.968, "reach_education_5": false, "reach_education_10": true, "reach_education_15": true, "count_education_10": 1, "dist_health_m": 285.892, "time_health_min": 3.574, "reach_health_5": true, "reach_health_10": true, "reach_health_15": true, "count_health_10": 2, "dist_transit_m": 718.88, "time_transit_min": 8.986, "reach_transit_5": false, "reach_transit_10": true, "reach_transit_15": true, "count_transit_10": 1, "dist_finance_m": 839.232, "time_finance_min": 10.49, "reach_finance_5": false, "reach_finance_10": false, "reach_finance_15": true, "count_finance_10": 0, "dist_open_space_m": 892.413, "time_open_space_min": 11.155, "reach_open_space_5": false, "reach_open_space_10": false, "reach_open_space_15": true, "count_open_space_10": 0, "groups_within_10": 4, "access_score": 0.6667, "access_tier": "medium", "mean_BtA5000": 2.2029581144475, "mismatch_flag": false}, "geometry": {"type": "MultiPolygon", "coordinates": [[[[79.87269512408835, 6.83943819647539], [79.87217648151724, 6.83943819647539], [79.8719171602317, 6.839884157601231], [79.87217648151724, 6.8403301183107095], [79.87269512408835, 6.8403301183107095], [79.87295444537388, 6.839884157601231], [79.87269512408835, 6.83943819647539]]]]}}, {"type": "Feature", "properties": {"hex_id": 292, "is_edge": false, "Hex_area": 8660.254, "Hex_area_full": 8660.254, "area_ratio": 1.0, "completeness_class": "core", "snap_ok": true, "analysis_ok": true, "node_id": 6703.0, "dist_food_m": 373.89, "time_food_min": 4.674, "reach_food_5": true, "reach_food_10": true, "reach_food_15": true, "count_food_10": 4, "dist_education_m": 604.974, "time_education_min": 7.562, "reach_education_5": false, "reach_education_10": true, "reach_education_15": true, "count_education_10": 1, "dist_health_m": 413.415, "time_health_min": 5.168, "reach_health_5": false, "reach_health_10": true, "reach_health_15": true, "count_health_10": 2, "dist_transit_m": 846.403, "time_transit_min": 10.58, "reach_transit_5": false, "reach_transit_10": false, "reach_transit_15": true, "count_transit_10": 0, "dist_finance_m": 966.755, "time_finance_min": 12.084, "reach_finance_5": false, "reach_finance_10": false, "reach_finance_15": true, "count_finance_10": 0, "dist_open_space_m": 995.85, "time_open_space_min": 12.448, "reach_open_space_5": false, "reach_open_space_10": false, "reach_open_space_15": true, "count_open_space_10": 0, "groups_within_10": 3, "access_score": 0.5, "access_tier": "medium", "mean_BtA5000": 0.3412276580925, "mismatch_flag": false}, "geometry": {"type": "MultiPolygon", "coordinates": [[[[79.873473087945, 6.839884157601231], [79.87295444537388, 6.839884157601231], [79.87269512408835, 6.8403301183107095], [79.87295444537388, 6.840776078603806], [79.873473087945, 6.840776078603806], [79.87373240923056, 6.8403301183107095], [79.873473087945, 6.839884157601231]]]]}}, {"type": "Feature", "properties": {"hex_id": 293, "is_edge": true, "Hex_area": 6937.035, "Hex_area_full": 8660.254, "area_ratio": 0.80102, "completeness_class": "partial", "snap_ok": true, "analysis_ok": false, "node_id": 6991.0, "dist_food_m": 424.872, "time_food_min": 5.311, "reach_food_5": false, "reach_food_10": true, "reach_food_15": true, "count_food_10": 4, "dist_education_m": 655.956, "time_education_min": 8.199, "reach_education_5": false, "reach_education_10": true, "reach_education_15": true, "count_education_10": 1, "dist_health_m": 464.397, "time_health_min": 5.805, "reach_health_5": false, "reach_health_10": true, "reach_health_15": true, "count_health_10": 1, "dist_transit_m": 897.385, "time_transit_min": 11.217, "reach_transit_5": false, "reach_transit_10": false, "reach_transit_15": true, "count_transit_10": 0, "dist_finance_m": 1017.738, "time_finance_min": 12.722, "reach_finance_5": false, "reach_finance_10": false, "reach_finance_15": true, "count_finance_10": 0, "dist_open_space_m": 942.944, "time_open_space_min": 11.787, "reach_open_space_5": false, "reach_open_space_10": false, "reach_open_space_15": true, "count_open_space_10": 0, "groups_within_10": 3, "access_score": 0.5, "access_tier": "excluded", "mean_BtA5000": 3.4536684581799997, "mismatch_flag": false}, "geometry": {"type": "MultiPolygon", "coordinates": [[[[79.87373240923056, 6.83943819647539], [79.873473087945, 6.839884157601231], [79.87373240923056, 6.8403301183107095], [79.87425105180162, 6.8403301183107095], [79.87447484151622, 6.839945262076133], [79.87431777532674, 6.839832209398284], [79.87411187938257, 6.83968441408474], [79.87388333439539, 6.839520720414854], [79.87376893493622, 6.83943819647539], [79.87373240923056, 6.83943819647539]]]]}}, {"type": "Feature", "properties": {"hex_id": 294, "is_edge": true, "Hex_area": 5878.1035, "Hex_area_full": 8660.254, "area_ratio": 0.678745, "completeness_class": "partial", "snap_ok": true, "analysis_ok": false, "node_id": 6992.0, "dist_food_m": 482.014, "time_food_min": 6.025, "reach_food_5": false, "reach_food_10": true, "reach_food_15": true, "count_food_10": 4, "dist_education_m": 713.098, "time_education_min": 8.914, "reach_education_5": false, "reach_education_10": true, "reach_education_15": true, "count_education_10": 1, "dist_health_m": 521.539, "time_health_min": 6.519, "reach_health_5": false, "reach_health_10": true, "reach_health_15": true, "count_health_10": 1, "dist_transit_m": 954.527, "time_transit_min": 11.932, "reach_transit_5": false, "reach_transit_10": false, "reach_transit_15": true, "count_transit_10": 0, "dist_finance_m": 1074.88, "time_finance_min": 13.436, "reach_finance_5": false, "reach_finance_10": false, "reach_finance_15": true, "count_finance_10": 0, "dist_open_space_m": 1000.086, "time_open_space_min": 12.501, "reach_open_space_5": false, "reach_open_space_10": false, "reach_open_space_15": true, "count_open_space_10": 0, "groups_within_10": 3, "access_score": 0.5, "access_tier": "excluded", "mean_BtA5000": 2.20771760742, "mismatch_flag": false}, "geometry": {"type": "MultiPolygon", "coordinates": [[[[79.87425105180162, 6.8403301183107095], [79.87451037308719, 6.840776078603806], [79.8750290156583, 6.840776078603806], [79.87520064298096, 6.840480927517888], [79.8751678377285, 6.840455075552525], [79.8751248737308, 6.840421622615464], [79.87507752108789, 6.840385115796325], [79.87500751940196, 6.840332710620845], [79.87491486867297, 6.840264407089019], [79.87479956890097, 6.84018020520085], [79.87466162008596, 6.840080104956339], [79.87450102222786, 6.839964106355483], [79.87447484151622, 6.839945262076133], [79.87425105180162, 6.8403301183107095]]]]}}, {"type": "Feature", "properties": {"hex_id": 295, "is_edge": true, "Hex_area": 3457.4807, "Hex_area_full": 8660.254, "area_ratio": 0.399235, "completeness_class": "sliver", "snap_ok": true, "analysis_ok": false, "node_id": 284.0, "dist_food_m": 17.872, "time_food_min": 0.223, "reach_food_5": true, "reach_food_10": true, "reach_food_15": true, "count_food_10": 22, "dist_education_m": 647.934, "time_education_min": 8.099, "reach_education_5": false, "reach_education_10": true, "reach_education_15": true, "count_education_10": 2, "dist_health_m": 888.989, "time_health_min": 11.112, "reach_health_5": false, "reach_health_10": false, "reach_health_15": true, "count_health_10": 0, "dist_transit_m": 584.085, "time_transit_min": 7.301, "reach_transit_5": false, "reach_transit_10": true, "reach_transit_15": true, "count_transit_10": 3, "dist_finance_m": 551.629, "time_finance_min": 6.895, "reach_finance_5": false, "reach_finance_10": true, "reach_finance_15": true, "count_finance_10": 6, "dist_open_space_m": 467.28, "time_open_space_min": 5.841, "reach_open_space_5": false, "reach_open_space_10": true, "reach_open_space_15": true, "count_open_space_10": 2, "groups_within_10": 5, "access_score": 0.8333, "access_tier": "excluded", "mean_BtA5000": null, "mismatch_flag": false}, "geometry": {"type": "MultiPolygon", "coordinates": [[[[79.86258159395194, 6.841667997940739], [79.86284091523748, 6.841222038480493], [79.86258159395194, 6.840776078603806], [79.8624945742905, 6.840776078603806], [79.86248660987985, 6.840831052462233], [79.86247744124532, 6.840888971397344], [79.86246827261081, 6.840941523326884], [79.8624591039763, 6.840988708250852], [79.8624499353418, 6.841030526169251], [79.8624407667073, 6.84106697708208], [79.86243159807276, 6.841098060989343], [79.86242242943823, 6.841123777891032], [79.86241368010103, 6.841150417246803], [79.86240535006114, 6.841177979056658], [79.86239743931856, 6.841206463320596], [79.86238994787328, 6.8412358700386156], [79.86238287572532, 6.841266199210716], [79.86237622287466, 6.8412974508369], [79.86236998932132, 6.841329624917167], [79.8623641750653, 6.841362721451514], [79.8623580812777, 6.841397131784102], [79.86235170795861, 6.841432855914928], [79.86234505510795, 6.8414698938439935], [79.86233812272575, 6.841508245571296], [79.86233091081202, 6.841547911096835], [79.86232341936675, 6.841588890420616], [79.86231564838994, 6.841631183542633], [79.86230885188569, 6.841667997940739], [79.86258159395194, 6.841667997940739]]]]}}, {"type": "Feature", "properties": {"hex_id": 296, "is_edge": false, "Hex_area": 8660.254, "Hex_area_full": 8660.254, "area_ratio": 1.0, "completeness_class": "core", "snap_ok": true, "analysis_ok": true, "node_id": 276.0, "dist_food_m": 0.0, "time_food_min": 0.0, "reach_food_5": true, "reach_food_10": true, "reach_food_15": true, "count_food_10": 23, "dist_education_m": 584.334, "time_education_min": 7.304, "reach_education_5": false, "reach_education_10": true, "reach_education_15": true, "count_education_10": 3, "dist_health_m": 825.388, "time_health_min": 10.317, "reach_health_5": false, "reach_health_10": false, "reach_health_15": true, "count_health_10": 0, "dist_transit_m": 520.484, "time_transit_min": 6.506, "reach_transit_5": false, "reach_transit_10": true, "reach_transit_15": true, "count_transit_10": 2, "dist_finance_m": 488.028, "time_finance_min": 6.1, "reach_finance_5": false, "reach_finance_10": true, "reach_finance_15": true, "count_finance_10": 6, "dist_open_space_m": 403.679, "time_open_space_min": 5.046, "reach_open_space_5": false, "reach_open_space_10": true, "reach_open_space_15": true, "count_open_space_10": 1, "groups_within_10": 5, "access_score": 0.8333, "access_tier": "high", "mean_BtA5000": 0.333333313465, "mismatch_flag": false}, "geometry": {"type": "MultiPolygon", "coordinates": [[[[79.8633595578086, 6.8403301183107095], [79.86284091523748, 6.8403301183107095], [79.86258159395194, 6.840776078603806], [79.86284091523748, 6.841222038480493], [79.8633595578086, 6.841222038480493], [79.86361887909413, 6.840776078603806], [79.8633595578086, 6.8403301183107095]]]]}}, {"type": "Feature", "properties": {"hex_id": 297, "is_edge": false, "Hex_area": 8660.254, "Hex_area_full": 8660.254, "area_ratio": 1.0, "completeness_class": "core", "snap_ok": true, "analysis_ok": true, "node_id": 6993.0, "dist_food_m": 88.284, "time_food_min": 1.104, "reach_food_5": true, "reach_food_10": true, "reach_food_15": true, "count_food_10": 27, "dist_education_m": 496.05, "time_education_min": 6.201, "reach_education_5": false, "reach_education_10": true, "reach_education_15": true, "count_education_10": 3, "dist_health_m": 737.104, "time_health_min": 9.214, "reach_health_5": false, "reach_health_10": true, "reach_health_15": true, "count_health_10": 1, "dist_transit_m": 432.201, "time_transit_min": 5.403, "reach_transit_5": false, "reach_transit_10": true, "reach_transit_15": true, "count_transit_10": 5, "dist_finance_m": 399.744, "time_finance_min": 4.997, "reach_finance_5": true, "reach_finance_10": true, "reach_finance_15": true, "count_finance_10": 7, "dist_open_space_m": 315.396, "time_open_space_min": 3.942, "reach_open_space_5": true, "reach_open_space_10": true, "reach_open_space_15": true, "count_open_space_10": 2, "groups_within_10": 6, "access_score": 1.0, "access_tier": "high", "mean_BtA5000": 0.33333334327, "mismatch_flag": false}, "geometry": {"type": "MultiPolygon", "coordinates": [[[[79.86413752166523, 6.840776078603806], [79.86361887909413, 6.840776078603806], [79.8633595578086, 6.841222038480493], [79.86361887909413, 6.841667997940739], [79.86413752166523, 6.841667997940739], [79.86439684295078, 6.841222038480493], [79.86413752166523, 6.840776078603806]]]]}}, {"type": "Feature", "properties": {"hex_id": 298, "is_edge": false, "Hex_area": 8660.254, "Hex_area_full": 8660.254, "area_ratio": 1.0, "completeness_class": "core", "snap_ok": true, "analysis_ok": true, "node_id": 6994.0, "dist_food_m": 73.582, "time_food_min": 0.92, "reach_food_5": true, "reach_food_10": true, "reach_food_15": true, "count_food_10": 33, "dist_education_m": 421.492, "time_education_min": 5.269, "reach_education_5": false, "reach_education_10": true, "reach_education_15": true, "count_education_10": 4, "dist_health_m": 641.732, "time_health_min": 8.022, "reach_health_5": false, "reach_health_10": true, "reach_health_15": true, "count_health_10": 1, "dist_transit_m": 357.643, "time_transit_min": 4.471, "reach_transit_5": true, "reach_transit_10": true, "reach_transit_15": true, "count_transit_10": 5, "dist_finance_m": 286.795, "time_finance_min": 3.585, "reach_finance_5": true, "reach_finance_10": true, "reach_finance_15": true, "count_finance_10": 7, "dist_open_space_m": 283.816, "time_open_space_min": 3.548, "reach_open_space_5": true, "reach_open_space_10": true, "reach_open_space_15": true, "count_open_space_10": 2, "groups_within_10": 6, "access_score": 1.0, "access_tier": "high", "mean_BtA5000": 2.088954761625, "mismatch_flag": false}, "geometry": {"type": "MultiPolygon", "coordinates": [[[[79.86491548552188, 6.8403301183107095], [79.86439684295078, 6.8403301183107095], [79.86413752166523, 6.840776078603806], [79.86439684295078, 6.841222038480493], [79.86491548552188, 6.841222038480493], [79.8651748068074, 6.840776078603806], [79.86491548552188, 6.8403301183107095]]]]}}, {"type": "Feature", "properties": {"hex_id": 299, "is_edge": false, "Hex_area": 8660.254, "Hex_area_full": 8660.254, "area_ratio": 1.0, "completeness_class": "core", "snap_ok": true, "analysis_ok": true, "node_id": 6995.0, "dist_food_m": 197.347, "time_food_min": 2.467, "reach_food_5": true, "reach_food_10": true, "reach_food_15": true, "count_food_10": 38, "dist_education_m": 323.341, "time_education_min": 4.042, "reach_education_5": true, "reach_education_10": true, "reach_education_15": true, "count_education_10": 4, "dist_health_m": 564.395, "time_health_min": 7.055, "reach_health_5": false, "reach_health_10": true, "reach_health_15": true, "count_health_10": 1, "dist_transit_m": 259.491, "time_transit_min": 3.244, "reach_transit_5": true, "reach_transit_10": true, "reach_transit_15": true, "count_transit_10": 5, "dist_finance_m": 227.035, "time_finance_min": 2.838, "reach_finance_5": true, "reach_finance_10": true, "reach_finance_15": true, "count_finance_10": 8, "dist_open_space_m": 142.687, "time_open_space_min": 1.784, "reach_open_space_5": true, "reach_open_space_10": true, "reach_open_space_15": true, "count_open_space_10": 2, "groups_within_10": 6, "access_score": 1.0, "access_tier": "high", "mean_BtA5000": 3.13541525602, "mismatch_flag": false}, "geometry": {"type": "MultiPolygon", "coordinates": [[[[79.86569344937851, 6.840776078603806], [79.8651748068074, 6.840776078603806], [79.86491548552188, 6.841222038480493], [79.8651748068074, 6.841667997940739], [79.86569344937851, 6.841667997940739], [79.86595277066408, 6.841222038480493], [79.86569344937851, 6.840776078603806]]]]}}, {"type": "Feature", "properties": {"hex_id": 300, "is_edge": false, "Hex_area": 8660.254, "Hex_area_full": 8660.254, "area_ratio": 1.0, "completeness_class": "core", "snap_ok": true, "analysis_ok": true, "node_id": 6996.0, "dist_food_m": 124.899, "time_food_min": 1.561, "reach_food_5": true, "reach_food_10": true, "reach_food_15": true, "count_food_10": 44, "dist_education_m": 250.047, "time_education_min": 3.126, "reach_education_5": true, "reach_education_10": true, "reach_education_15": true, "count_education_10": 4, "dist_health_m": 491.101, "time_health_min": 6.139, "reach_health_5": false, "reach_health_10": true, "reach_health_15": true, "count_health_10": 1, "dist_transit_m": 186.197, "time_transit_min": 2.327, "reach_transit_5": true, "reach_transit_10": true, "reach_transit_15": true, "count_transit_10": 5, "dist_finance_m": 115.349, "time_finance_min": 1.442, "reach_finance_5": true, "reach_finance_10": true, "reach_finance_15": true, "count_finance_10": 11, "dist_open_space_m": 152.845, "time_open_space_min": 1.911, "reach_open_space_5": true, "reach_open_space_10": true, "reach_open_space_15": true, "count_open_space_10": 2, "groups_within_10": 6, "access_score": 1.0, "access_tier": "high", "mean_BtA5000": 4.5364562422, "mismatch_flag": false}, "geometry": {"type": "MultiPolygon", "coordinates": [[[[79.86647141323516, 6.8403301183107095], [79.86595277066408, 6.8403301183107095], [79.86569344937851, 6.840776078603806], [79.86595277066408, 6.841222038480493], [79.86647141323516, 6.841222038480493], [79.86673073452073, 6.840776078603806], [79.86647141323516, 6.8403301183107095]]]]}}, {"type": "Feature", "properties": {"hex_id": 301, "is_edge": false, "Hex_area": 8660.254, "Hex_area_full": 8660.254, "area_ratio": 1.0, "completeness_class": "core", "snap_ok": true, "analysis_ok": true, "node_id": 6997.0, "dist_food_m": 19.749, "time_food_min": 0.247, "reach_food_5": true, "reach_food_10": true, "reach_food_15": true, "count_food_10": 56, "dist_education_m": 144.897, "time_education_min": 1.811, "reach_education_5": true, "reach_education_10": true, "reach_education_15": true, "count_education_10": 6, "dist_health_m": 385.951, "time_health_min": 4.824, "reach_health_5": true, "reach_health_10": true, "reach_health_15": true, "count_health_10": 2, "dist_transit_m": 81.047, "time_transit_min": 1.013, "reach_transit_5": true, "reach_transit_10": true, "reach_transit_15": true, "count_transit_10": 6, "dist_finance_m": 48.591, "time_finance_min": 0.607, "reach_finance_5": true, "reach_finance_10": true, "reach_finance_15": true, "count_finance_10": 14, "dist_open_space_m": 47.695, "time_open_space_min": 0.596, "reach_open_space_5": true, "reach_open_space_10": true, "reach_open_space_15": true, "count_open_space_10": 2, "groups_within_10": 6, "access_score": 1.0, "access_tier": "high", "mean_BtA5000": 49.979285425608886, "mismatch_flag": false}, "geometry": {"type": "MultiPolygon", "coordinates": [[[[79.86724937709182, 6.840776078603806], [79.86673073452073, 6.840776078603806], [79.86647141323516, 6.841222038480493], [79.86673073452073, 6.841667997940739], [79.86724937709182, 6.841667997940739], [79.86750869837736, 6.841222038480493], [79.86724937709182, 6.840776078603806]]]]}}, {"type": "Feature", "properties": {"hex_id": 302, "is_edge": false, "Hex_area": 8660.254, "Hex_area_full": 8660.254, "area_ratio": 1.0, "completeness_class": "core", "snap_ok": true, "analysis_ok": true, "node_id": 6998.0, "dist_food_m": 106.958, "time_food_min": 1.337, "reach_food_5": true, "reach_food_10": true, "reach_food_15": true, "count_food_10": 48, "dist_education_m": 253.306, "time_education_min": 3.166, "reach_education_5": true, "reach_education_10": true, "reach_education_15": true, "count_education_10": 4, "dist_health_m": 327.358, "time_health_min": 4.092, "reach_health_5": true, "reach_health_10": true, "reach_health_15": true, "count_health_10": 2, "dist_transit_m": 144.757, "time_transit_min": 1.809, "reach_transit_5": true, "reach_transit_10": true, "reach_transit_15": true, "count_transit_10": 6, "dist_finance_m": 89.519, "time_finance_min": 1.119, "reach_finance_5": true, "reach_finance_10": true, "reach_finance_15": true, "count_finance_10": 12, "dist_open_space_m": 195.282, "time_open_space_min": 2.441, "reach_open_space_5": true, "reach_open_space_10": true, "reach_open_space_15": true, "count_open_space_10": 2, "groups_within_10": 6, "access_score": 1.0, "access_tier": "high", "mean_BtA5000": 72.29472688834001, "mismatch_flag": false}, "geometry": {"type": "MultiPolygon", "coordinates": [[[[79.86802734094847, 6.8403301183107095], [79.86750869837736, 6.8403301183107095], [79.86724937709182, 6.840776078603806], [79.86750869837736, 6.841222038480493], [79.86802734094847, 6.841222038480493], [79.868286662234, 6.840776078603806], [79.86802734094847, 6.8403301183107095]]]]}}, {"type": "Feature", "properties": {"hex_id": 303, "is_edge": false, "Hex_area": 8660.254, "Hex_area_full": 8660.254, "area_ratio": 1.0, "completeness_class": "core", "snap_ok": true, "analysis_ok": true, "node_id": 6604.0, "dist_food_m": 267.111, "time_food_min": 3.339, "reach_food_5": true, "reach_food_10": true, "reach_food_15": true, "count_food_10": 34, "dist_education_m": 367.179, "time_education_min": 4.59, "reach_education_5": true, "reach_education_10": true, "reach_education_15": true, "count_education_10": 3, "dist_health_m": 487.512, "time_health_min": 6.094, "reach_health_5": false, "reach_health_10": true, "reach_health_15": true, "count_health_10": 2, "dist_transit_m": 304.91, "time_transit_min": 3.811, "reach_transit_5": true, "reach_transit_10": true, "reach_transit_15": true, "count_transit_10": 5, "dist_finance_m": 249.673, "time_finance_min": 3.121, "reach_finance_5": true, "reach_finance_10": true, "reach_finance_15": true, "count_finance_10": 10, "dist_open_space_m": 355.436, "time_open_space_min": 4.443, "reach_open_space_5": true, "reach_open_space_10": true, "reach_open_space_15": true, "count_open_space_10": 2, "groups_within_10": 6, "access_score": 1.0, "access_tier": "high", "mean_BtA5000": 0.33237008253666667, "mismatch_flag": false}, "geometry": {"type": "MultiPolygon", "coordinates": [[[[79.86880530480511, 6.840776078603806], [79.868286662234, 6.840776078603806], [79.86802734094847, 6.841222038480493], [79.868286662234, 6.841667997940739], [79.86880530480511, 6.841667997940739], [79.86906462609065, 6.841222038480493], [79.86880530480511, 6.840776078603806]]]]}}, {"type": "Feature", "properties": {"hex_id": 304, "is_edge": false, "Hex_area": 8660.254, "Hex_area_full": 8660.254, "area_ratio": 1.0, "completeness_class": "core", "snap_ok": true, "analysis_ok": true, "node_id": 6693.0, "dist_food_m": 209.352, "time_food_min": 2.617, "reach_food_5": true, "reach_food_10": true, "reach_food_15": true, "count_food_10": 31, "dist_education_m": 388.706, "time_education_min": 4.859, "reach_education_5": true, "reach_education_10": true, "reach_education_15": true, "count_education_10": 3, "dist_health_m": 509.039, "time_health_min": 6.363, "reach_health_5": false, "reach_health_10": true, "reach_health_15": true, "count_health_10": 2, "dist_transit_m": 326.438, "time_transit_min": 4.08, "reach_transit_5": true, "reach_transit_10": true, "reach_transit_15": true, "count_transit_10": 5, "dist_finance_m": 271.2, "time_finance_min": 3.39, "reach_finance_5": true, "reach_finance_10": true, "reach_finance_15": true, "count_finance_10": 9, "dist_open_space_m": 376.963, "time_open_space_min": 4.712, "reach_open_space_5": true, "reach_open_space_10": true, "reach_open_space_15": true, "count_open_space_10": 2, "groups_within_10": 6, "access_score": 1.0, "access_tier": "high", "mean_BtA5000": 1.0833333060149999, "mismatch_flag": false}, "geometry": {"type": "MultiPolygon", "coordinates": [[[[79.86958326866176, 6.8403301183107095], [79.86906462609065, 6.8403301183107095], [79.86880530480511, 6.840776078603806], [79.86906462609065, 6.841222038480493], [79.86958326866176, 6.841222038480493], [79.86984258994731, 6.840776078603806], [79.86958326866176, 6.8403301183107095]]]]}}, {"type": "Feature", "properties": {"hex_id": 305, "is_edge": false, "Hex_area": 8660.254, "Hex_area_full": 8660.254, "area_ratio": 1.0, "completeness_class": "core", "snap_ok": true, "analysis_ok": true, "node_id": 6696.0, "dist_food_m": 91.654, "time_food_min": 1.146, "reach_food_5": true, "reach_food_10": true, "reach_food_15": true, "count_food_10": 21, "dist_education_m": 523.967, "time_education_min": 6.55, "reach_education_5": false, "reach_education_10": true, "reach_education_15": true, "count_education_10": 3, "dist_health_m": 399.63, "time_health_min": 4.995, "reach_health_5": true, "reach_health_10": true, "reach_health_15": true, "count_health_10": 2, "dist_transit_m": 614.33, "time_transit_min": 7.679, "reach_transit_5": false, "reach_transit_10": true, "reach_transit_15": true, "count_transit_10": 2, "dist_finance_m": 620.273, "time_finance_min": 7.753, "reach_finance_5": false, "reach_finance_10": true, "reach_finance_15": true, "count_finance_10": 5, "dist_open_space_m": 704.622, "time_open_space_min": 8.808, "reach_open_space_5": false, "reach_open_space_10": true, "reach_open_space_15": true, "count_open_space_10": 1, "groups_within_10": 6, "access_score": 1.0, "access_tier": "high", "mean_BtA5000": 1.3434446255366665, "mismatch_flag": false}, "geometry": {"type": "MultiPolygon", "coordinates": [[[[79.87036123251839, 6.840776078603806], [79.86984258994731, 6.840776078603806], [79.86958326866176, 6.841222038480493], [79.86984258994731, 6.841667997940739], [79.87036123251839, 6.841667997940739], [79.87062055380396, 6.841222038480493], [79.87036123251839, 6.840776078603806]]]]}}, {"type": "Feature", "properties": {"hex_id": 306, "is_edge": false, "Hex_area": 8660.254, "Hex_area_full": 8660.254, "area_ratio": 1.0, "completeness_class": "core", "snap_ok": true, "analysis_ok": true, "node_id": 6999.0, "dist_food_m": 104.876, "time_food_min": 1.311, "reach_food_5": true, "reach_food_10": true, "reach_food_15": true, "count_food_10": 21, "dist_education_m": 472.925, "time_education_min": 5.912, "reach_education_5": false, "reach_education_10": true, "reach_education_15": true, "count_education_10": 3, "dist_health_m": 281.366, "time_health_min": 3.517, "reach_health_5": true, "reach_health_10": true, "reach_health_15": true, "count_health_10": 2, "dist_transit_m": 627.552, "time_transit_min": 7.844, "reach_transit_5": false, "reach_transit_10": true, "reach_transit_15": true, "count_transit_10": 4, "dist_finance_m": 633.495, "time_finance_min": 7.919, "reach_finance_5": false, "reach_finance_10": true, "reach_finance_15": true, "count_finance_10": 6, "dist_open_space_m": 717.844, "time_open_space_min": 8.973, "reach_open_space_5": false, "reach_open_space_10": true, "reach_open_space_15": true, "count_open_space_10": 1, "groups_within_10": 6, "access_score": 1.0, "access_tier": "high", "mean_BtA5000": 0.513609819115, "mismatch_flag": false}, "geometry": {"type": "MultiPolygon", "coordinates": [[[[79.87113919637505, 6.8403301183107095], [79.87062055380396, 6.8403301183107095], [79.87036123251839, 6.840776078603806], [79.87062055380396, 6.841222038480493], [79.87113919637505, 6.841222038480493], [79.87139851766061, 6.840776078603806], [79.87113919637505, 6.8403301183107095]]]]}}, {"type": "Feature", "properties": {"hex_id": 307, "is_edge": false, "Hex_area": 8660.254, "Hex_area_full": 8660.254, "area_ratio": 1.0, "completeness_class": "core", "snap_ok": true, "analysis_ok": true, "node_id": 4921.0, "dist_food_m": 231.197, "time_food_min": 2.89, "reach_food_5": true, "reach_food_10": true, "reach_food_15": true, "count_food_10": 16, "dist_education_m": 563.457, "time_education_min": 7.043, "reach_education_5": false, "reach_education_10": true, "reach_education_15": true, "count_education_10": 3, "dist_health_m": 371.898, "time_health_min": 4.649, "reach_health_5": true, "reach_health_10": true, "reach_health_15": true, "count_health_10": 2, "dist_transit_m": 753.873, "time_transit_min": 9.423, "reach_transit_5": false, "reach_transit_10": true, "reach_transit_15": true, "count_transit_10": 2, "dist_finance_m": 740.067, "time_finance_min": 9.251, "reach_finance_5": false, "reach_finance_10": true, "reach_finance_15": true, "count_finance_10": 4, "dist_open_space_m": 844.164, "time_open_space_min": 10.552, "reach_open_space_5": false, "reach_open_space_10": false, "reach_open_space_15": true, "count_open_space_10": 0, "groups_within_10": 5, "access_score": 0.8333, "access_tier": "high", "mean_BtA5000": 1.0920416812116667, "mismatch_flag": false}, "geometry": {"type": "MultiPolygon", "coordinates": [[[[79.8719171602317, 6.840776078603806], [79.87139851766061, 6.840776078603806], [79.87113919637505, 6.841222038480493], [79.87139851766061, 6.841667997940739], [79.8719171602317, 6.841667997940739], [79.87217648151724, 6.841222038480493], [79.8719171602317, 6.840776078603806]]]]}}, {"type": "Feature", "properties": {"hex_id": 308, "is_edge": false, "Hex_area": 8660.254, "Hex_area_full": 8660.254, "area_ratio": 1.0, "completeness_class": "core", "snap_ok": true, "analysis_ok": true, "node_id": 5959.0, "dist_food_m": 380.969, "time_food_min": 4.762, "reach_food_5": true, "reach_food_10": true, "reach_food_15": true, "count_food_10": 4, "dist_education_m": 612.052, "time_education_min": 7.651, "reach_education_5": false, "reach_education_10": true, "reach_education_15": true, "count_education_10": 1, "dist_health_m": 420.493, "time_health_min": 5.256, "reach_health_5": false, "reach_health_10": true, "reach_health_15": true, "count_health_10": 2, "dist_transit_m": 853.482, "time_transit_min": 10.669, "reach_transit_5": false, "reach_transit_10": false, "reach_transit_15": true, "count_transit_10": 0, "dist_finance_m": 973.834, "time_finance_min": 12.173, "reach_finance_5": false, "reach_finance_10": false, "reach_finance_15": true, "count_finance_10": 0, "dist_open_space_m": 1002.928, "time_open_space_min": 12.537, "reach_open_space_5": false, "reach_open_space_10": false, "reach_open_space_15": true, "count_open_space_10": 0, "groups_within_10": 3, "access_score": 0.5, "access_tier": "medium", "mean_BtA5000": 2.216410696508333, "mismatch_flag": false}, "geometry": {"type": "MultiPolygon", "coordinates": [[[[79.87269512408835, 6.8403301183107095], [79.87217648151724, 6.8403301183107095], [79.8719171602317, 6.840776078603806], [79.87217648151724, 6.841222038480493], [79.87269512408835, 6.841222038480493], [79.87295444537388, 6.840776078603806], [79.87269512408835, 6.8403301183107095]]]]}}, {"type": "Feature", "properties": {"hex_id": 309, "is_edge": false, "Hex_area": 8660.254, "Hex_area_full": 8660.254, "area_ratio": 1.0, "completeness_class": "core", "snap_ok": true, "analysis_ok": true, "node_id": 7000.0, "dist_food_m": 322.064, "time_food_min": 4.026, "reach_food_5": true, "reach_food_10": true, "reach_food_15": true, "count_food_10": 8, "dist_education_m": 771.628, "time_education_min": 9.645, "reach_education_5": false, "reach_education_10": true, "reach_education_15": true, "count_education_10": 1, "dist_health_m": 580.068, "time_health_min": 7.251, "reach_health_5": false, "reach_health_10": true, "reach_health_15": true, "count_health_10": 1, "dist_transit_m": 962.043, "time_transit_min": 12.026, "reach_transit_5": false, "reach_transit_10": false, "reach_transit_15": true, "count_transit_10": 0, "dist_finance_m": 948.237, "time_finance_min": 11.853, "reach_finance_5": false, "reach_finance_10": false, "reach_finance_15": true, "count_finance_10": 0, "dist_open_space_m": 1052.335, "time_open_space_min": 13.154, "reach_open_space_5": false, "reach_open_space_10": false, "reach_open_space_15": true, "count_open_space_10": 0, "groups_within_10": 3, "access_score": 0.5, "access_tier": "medium", "mean_BtA5000": 2.54690115153875, "mismatch_flag": false}, "geometry": {"type": "MultiPolygon", "coordinates": [[[[79.873473087945, 6.840776078603806], [79.87295444537388, 6.840776078603806], [79.87269512408835, 6.841222038480493], [79.87295444537388, 6.841667997940739], [79.873473087945, 6.841667997940739], [79.87373240923056, 6.841222038480493], [79.873473087945, 6.840776078603806]]]]}}, {"type": "Feature", "properties": {"hex_id": 310, "is_edge": false, "Hex_area": 8660.254, "Hex_area_full": 8660.254, "area_ratio": 1.0, "completeness_class": "core", "snap_ok": true, "analysis_ok": true, "node_id": 7001.0, "dist_food_m": 415.898, "time_food_min": 5.199, "reach_food_5": false, "reach_food_10": true, "reach_food_15": true, "count_food_10": 5, "dist_education_m": 748.688, "time_education_min": 9.359, "reach_education_5": false, "reach_education_10": true, "reach_education_15": true, "count_education_10": 1, "dist_health_m": 557.128, "time_health_min": 6.964, "reach_health_5": false, "reach_health_10": true, "reach_health_15": true, "count_health_10": 1, "dist_transit_m": 990.117, "time_transit_min": 12.376, "reach_transit_5": false, "reach_transit_10": false, "reach_transit_15": true, "count_transit_10": 0, "dist_finance_m": 1042.071, "time_finance_min": 13.026, "reach_finance_5": false, "reach_finance_10": false, "reach_finance_15": true, "count_finance_10": 0, "dist_open_space_m": 1035.675, "time_open_space_min": 12.946, "reach_open_space_5": false, "reach_open_space_10": false, "reach_open_space_15": true, "count_open_space_10": 0, "groups_within_10": 3, "access_score": 0.5, "access_tier": "medium", "mean_BtA5000": 0.34022929271166663, "mismatch_flag": false}, "geometry": {"type": "MultiPolygon", "coordinates": [[[[79.87425105180162, 6.8403301183107095], [79.87373240923056, 6.8403301183107095], [79.873473087945, 6.840776078603806], [79.87373240923056, 6.841222038480493], [79.87425105180162, 6.841222038480493], [79.87451037308719, 6.840776078603806], [79.87425105180162, 6.8403301183107095]]]]}}, {"type": "Feature", "properties": {"hex_id": 311, "is_edge": false, "Hex_area": 8660.254, "Hex_area_full": 8660.254, "area_ratio": 1.0, "completeness_class": "core", "snap_ok": true, "analysis_ok": true, "node_id": 7002.0, "dist_food_m": 358.672, "time_food_min": 4.483, "reach_food_5": true, "reach_food_10": true, "reach_food_15": true, "count_food_10": 5, "dist_education_m": 900.497, "time_education_min": 11.256, "reach_education_5": false, "reach_education_10": false, "reach_education_15": true, "count_education_10": 0, "dist_health_m": 708.938, "time_health_min": 8.862, "reach_health_5": false, "reach_health_10": true, "reach_health_15": true, "count_health_10": 1, "dist_transit_m": 1141.926, "time_transit_min": 14.274, "reach_transit_5": false, "reach_transit_10": false, "reach_transit_15": true, "count_transit_10": 0, "dist_finance_m": 1177.899, "time_finance_min": 14.724, "reach_finance_5": false, "reach_finance_10": false, "reach_finance_15": true, "count_finance_10": 0, "dist_open_space_m": 1187.485, "time_open_space_min": 14.844, "reach_open_space_5": false, "reach_open_space_10": false, "reach_open_space_15": true, "count_open_space_10": 0, "groups_within_10": 2, "access_score": 0.3333, "access_tier": "low", "mean_BtA5000": 0.321878516674, "mismatch_flag": false}, "geometry": {"type": "MultiPolygon", "coordinates": [[[[79.8750290156583, 6.840776078603806], [79.87451037308719, 6.840776078603806], [79.87425105180162, 6.841222038480493], [79.87451037308719, 6.841667997940739], [79.8750290156583, 6.841667997940739], [79.87528833694384, 6.841222038480493], [79.8750290156583, 6.840776078603806]]]]}}, {"type": "Feature", "properties": {"hex_id": 312, "is_edge": true, "Hex_area": 3170.9636, "Hex_area_full": 8660.254, "area_ratio": 0.366151, "completeness_class": "sliver", "snap_ok": true, "analysis_ok": false, "node_id": 7003.0, "dist_food_m": 425.392, "time_food_min": 5.317, "reach_food_5": false, "reach_food_10": true, "reach_food_15": true, "count_food_10": 4, "dist_education_m": 830.02, "time_education_min": 10.375, "reach_education_5": false, "reach_education_10": false, "reach_education_15": true, "count_education_10": 0, "dist_health_m": 638.46, "time_health_min": 7.981, "reach_health_5": false, "reach_health_10": true, "reach_health_15": true, "count_health_10": 1, "dist_transit_m": 1071.449, "time_transit_min": 13.393, "reach_transit_5": false, "reach_transit_10": false, "reach_transit_15": true, "count_transit_10": 0, "dist_finance_m": 1191.801, "time_finance_min": 14.898, "reach_finance_5": false, "reach_finance_10": false, "reach_finance_15": true, "count_finance_10": 0, "dist_open_space_m": 1117.007, "time_open_space_min": 13.963, "reach_open_space_5": false, "reach_open_space_10": false, "reach_open_space_15": true, "count_open_space_10": 0, "groups_within_10": 2, "access_score": 0.3333, "access_tier": "excluded", "mean_BtA5000": 2.207717617353333, "mismatch_flag": false}, "geometry": {"type": "MultiPolygon", "coordinates": [[[[79.8750290156583, 6.840776078603806], [79.87528833694384, 6.841222038480493], [79.87565631978367, 6.841222038480493], [79.87565445322183, 6.841217358062401], [79.87563376089958, 6.841165987153618], [79.87561564725577, 6.841121597545048], [79.87559867969128, 6.841079933368995], [79.87558285820612, 6.841040994625457], [79.87556818280028, 6.841004781314436], [79.87555465347373, 6.840971293435932], [79.87554227022649, 6.840940530989941], [79.87553103305858, 6.840912493976467], [79.87552094196998, 6.840887182395511], [79.87551199696073, 6.840864596247073], [79.87550412814785, 6.840844469976185], [79.87549733553142, 6.840826803582848], [79.87549161911144, 6.8408115970670655], [79.87548697888788, 6.840798850428837], [79.87548341486075, 6.84078856366816], [79.87548092703005, 6.840780736785038], [79.87547951539577, 6.84077536977947], [79.8754791799579, 6.840772462651452], [79.87547748879209, 6.8407681019594255], [79.87547444189829, 6.840762287703391], [79.87547003927654, 6.840755019883349], [79.87546428092682, 6.8407462984992975], [79.87545716684912, 6.840736123551238], [79.87544869704345, 6.8407244950391695], [79.8754388715098, 6.840711412963093], [79.8754276902482, 6.840696877323007], [79.87541637620912, 6.840682649167614], [79.87540492939254, 6.840668728496917], [79.8753933497985, 6.8406551153109145], [79.87538163742695, 6.840641809609605], [79.87536979227794, 6.840628811392991], [79.87535781435145, 6.840616120661071], [79.87534570364747, 6.840603737413845], [79.87533346016602, 6.840591661651308], [79.87531682803937, 6.840576532006702], [79.87529580726755, 6.840558348480018], [79.87527039785057, 6.840537111071258], [79.8752405997884, 6.840512819780423], [79.87520641308105, 6.8404854746075126], [79.87520064298096, 6.840480927517888], [79.8750290156583, 6.840776078603806]]]]}}, {"type": "Feature", "properties": {"hex_id": 313, "is_edge": true, "Hex_area": 5466.5863, "Hex_area_full": 8660.254, "area_ratio": 0.631227, "completeness_class": "partial", "snap_ok": true, "analysis_ok": false, "node_id": 256.0, "dist_food_m": 0.0, "time_food_min": 0.0, "reach_food_5": true, "reach_food_10": true, "reach_food_15": true, "count_food_10": 25, "dist_education_m": 554.911, "time_education_min": 6.936, "reach_education_5": false, "reach_education_10": true, "reach_education_15": true, "count_education_10": 3, "dist_health_m": 941.548, "time_health_min": 11.769, "reach_health_5": false, "reach_health_10": false, "reach_health_15": true, "count_health_10": 0, "dist_transit_m": 494.995, "time_transit_min": 6.187, "reach_transit_5": false, "reach_transit_10": true, "reach_transit_15": true, "count_transit_10": 3, "dist_finance_m": 525.746, "time_finance_min": 6.572, "reach_finance_5": false, "reach_finance_10": true, "reach_finance_15": true, "count_finance_10": 5, "dist_open_space_m": 541.283, "time_open_space_min": 6.766, "reach_open_space_5": false, "reach_open_space_10": true, "reach_open_space_15": true, "count_open_space_10": 2, "groups_within_10": 5, "access_score": 0.8333, "access_tier": "excluded", "mean_BtA5000": null, "mismatch_flag": false}, "geometry": {"type": "MultiPolygon", "coordinates": [[[[79.86258159395194, 6.842559915611812], [79.86284091523748, 6.84211395698452], [79.86258159395194, 6.841667997940739], [79.86230885188569, 6.841667997940739], [79.86230759788155, 6.841674790462888], [79.86229926784168, 6.841715350489357], [79.86229065827025, 6.841752863622042], [79.86228176916727, 6.841787329860937], [79.86227260053273, 6.841818749206044], [79.86226315236668, 6.841847121657364], [79.8622534246691, 6.841872447214897], [79.86224341743997, 6.841894725878644], [79.86223313067929, 6.841913957648604], [79.86222368251322, 6.841932965793331], [79.8622150729418, 6.841951750312825], [79.86220730196499, 6.84197031120709], [79.8622003695828, 6.841988648476121], [79.86219427579522, 6.842006762119921], [79.86218902060226, 6.8420246521384875], [79.86218460400391, 6.842042318531822], [79.86218102600021, 6.842059761299924], [79.8621782306848, 6.842076980442793], [79.86217621805773, 6.842093975960431], [79.86217498811895, 6.842110747852839], [79.86217454086847, 6.842127296120012], [79.86217487630634, 6.842143620761955], [79.86217599443249, 6.842159721778666], [79.86217789524694, 6.842175599170143], [79.86218057874974, 6.842191252936389], [79.86218348587776, 6.842206627171096], [79.862186616631, 6.842221721874262], [79.86218997100949, 6.8422365370458875], [79.8621935490132, 6.842251072685972], [79.86219735064215, 6.842265328794519], [79.86220137589632, 6.842279305371524], [79.86220562477574, 6.842293002416991], [79.86221009728037, 6.842306419930915], [79.8622136752841, 6.842320284695303], [79.8622163587869, 6.842334596710156], [79.86221814778875, 6.8423493559754744], [79.86221904228967, 6.842364562491256], [79.86221904228967, 6.842380216257501], [79.86221814778875, 6.84239631727421], [79.8622163587869, 6.842412865541387], [79.8622136752841, 6.842429861059026], [79.86221040476508, 6.842448757391136], [79.8622065472298, 6.84246955453772], [79.86220210267832, 6.842492252498777], [79.8621970711106, 6.842516851274306], [79.86219145252664, 6.842543350864309], [79.86218783306414, 6.842559915611812], [79.86258159395194, 6.842559915611812]]]]}}, {"type": "Feature", "properties": {"hex_id": 314, "is_edge": false, "Hex_area": 8660.254, "Hex_area_full": 8660.254, "area_ratio": 1.0, "completeness_class": "core", "snap_ok": true, "analysis_ok": true, "node_id": 7004.0, "dist_food_m": 8.617, "time_food_min": 0.108, "reach_food_5": true, "reach_food_10": true, "reach_food_15": true, "count_food_10": 22, "dist_education_m": 638.68, "time_education_min": 7.983, "reach_education_5": false, "reach_education_10": true, "reach_education_15": true, "count_education_10": 2, "dist_health_m": 879.734, "time_health_min": 10.997, "reach_health_5": false, "reach_health_10": false, "reach_health_15": true, "count_health_10": 0, "dist_transit_m": 574.83, "time_transit_min": 7.185, "reach_transit_5": false, "reach_transit_10": true, "reach_transit_15": true, "count_transit_10": 3, "dist_finance_m": 542.374, "time_finance_min": 6.78, "reach_finance_5": false, "reach_finance_10": true, "reach_finance_15": true, "count_finance_10": 6, "dist_open_space_m": 458.025, "time_open_space_min": 5.725, "reach_open_space_5": false, "reach_open_space_10": true, "reach_open_space_15": true, "count_open_space_10": 2, "groups_within_10": 5, "access_score": 0.8333, "access_tier": "high", "mean_BtA5000": 0.24393393099500002, "mismatch_flag": false}, "geometry": {"type": "MultiPolygon", "coordinates": [[[[79.8633595578086, 6.841222038480493], [79.86284091523748, 6.841222038480493], [79.86258159395194, 6.841667997940739], [79.86284091523748, 6.84211395698452], [79.8633595578086, 6.84211395698452], [79.86361887909413, 6.841667997940739], [79.8633595578086, 6.841222038480493]]]]}}, {"type": "Feature", "properties": {"hex_id": 315, "is_edge": false, "Hex_area": 8660.254, "Hex_area_full": 8660.254, "area_ratio": 1.0, "completeness_class": "core", "snap_ok": true, "analysis_ok": true, "node_id": 7005.0, "dist_food_m": 98.11, "time_food_min": 1.226, "reach_food_5": true, "reach_food_10": true, "reach_food_15": true, "count_food_10": 26, "dist_education_m": 525.1, "time_education_min": 6.564, "reach_education_5": false, "reach_education_10": true, "reach_education_15": true, "count_education_10": 3, "dist_health_m": 911.737, "time_health_min": 11.397, "reach_health_5": false, "reach_health_10": false, "reach_health_15": true, "count_health_10": 0, "dist_transit_m": 465.184, "time_transit_min": 5.815, "reach_transit_5": false, "reach_transit_10": true, "reach_transit_15": true, "count_transit_10": 3, "dist_finance_m": 495.935, "time_finance_min": 6.199, "reach_finance_5": false, "reach_finance_10": true, "reach_finance_15": true, "count_finance_10": 6, "dist_open_space_m": 511.472, "time_open_space_min": 6.393, "reach_open_space_5": false, "reach_open_space_10": true, "reach_open_space_15": true, "count_open_space_10": 2, "groups_within_10": 5, "access_score": 0.8333, "access_tier": "high", "mean_BtA5000": 0.361613404752, "mismatch_flag": false}, "geometry": {"type": "MultiPolygon", "coordinates": [[[[79.86413752166523, 6.841667997940739], [79.86361887909413, 6.841667997940739], [79.8633595578086, 6.84211395698452], [79.86361887909413, 6.842559915611812], [79.86413752166523, 6.842559915611812], [79.86439684295078, 6.84211395698452], [79.86413752166523, 6.841667997940739]]]]}}, {"type": "Feature", "properties": {"hex_id": 316, "is_edge": false, "Hex_area": 8660.254, "Hex_area_full": 8660.254, "area_ratio": 1.0, "completeness_class": "core", "snap_ok": true, "analysis_ok": true, "node_id": 7006.0, "dist_food_m": 149.076, "time_food_min": 1.863, "reach_food_5": true, "reach_food_10": true, "reach_food_15": true, "count_food_10": 29, "dist_education_m": 480.986, "time_education_min": 6.012, "reach_education_5": false, "reach_education_10": true, "reach_education_15": true, "count_education_10": 3, "dist_health_m": 722.041, "time_health_min": 9.026, "reach_health_5": false, "reach_health_10": true, "reach_health_15": true, "count_health_10": 1, "dist_transit_m": 417.137, "time_transit_min": 5.214, "reach_transit_5": false, "reach_transit_10": true, "reach_transit_15": true, "count_transit_10": 5, "dist_finance_m": 384.681, "time_finance_min": 4.809, "reach_finance_5": true, "reach_finance_10": true, "reach_finance_15": true, "count_finance_10": 7, "dist_open_space_m": 300.332, "time_open_space_min": 3.754, "reach_open_space_5": true, "reach_open_space_10": true, "reach_open_space_15": true, "count_open_space_10": 2, "groups_within_10": 6, "access_score": 1.0, "access_tier": "high", "mean_BtA5000": 0.41311594248, "mismatch_flag": false}, "geometry": {"type": "MultiPolygon", "coordinates": [[[[79.86491548552188, 6.841222038480493], [79.86439684295078, 6.841222038480493], [79.86413752166523, 6.841667997940739], [79.86439684295078, 6.84211395698452], [79.86491548552188, 6.84211395698452], [79.8651748068074, 6.841667997940739], [79.86491548552188, 6.841222038480493]]]]}}, {"type": "Feature", "properties": {"hex_id": 317, "is_edge": false, "Hex_area": 8660.254, "Hex_area_full": 8660.254, "area_ratio": 1.0, "completeness_class": "core", "snap_ok": true, "analysis_ok": true, "node_id": 6608.0, "dist_food_m": 174.75, "time_food_min": 2.184, "reach_food_5": true, "reach_food_10": true, "reach_food_15": true, "count_food_10": 42, "dist_education_m": 308.638, "time_education_min": 3.858, "reach_education_5": true, "reach_education_10": true, "reach_education_15": true, "count_education_10": 3, "dist_health_m": 695.275, "time_health_min": 8.691, "reach_health_5": false, "reach_health_10": true, "reach_health_15": true, "count_health_10": 1, "dist_transit_m": 248.722, "time_transit_min": 3.109, "reach_transit_5": true, "reach_transit_10": true, "reach_transit_15": true, "count_transit_10": 5, "dist_finance_m": 279.473, "time_finance_min": 3.493, "reach_finance_5": true, "reach_finance_10": true, "reach_finance_15": true, "count_finance_10": 9, "dist_open_space_m": 369.299, "time_open_space_min": 4.616, "reach_open_space_5": true, "reach_open_space_10": true, "reach_open_space_15": true, "count_open_space_10": 2, "groups_within_10": 6, "access_score": 1.0, "access_tier": "high", "mean_BtA5000": 0.3333333234, "mismatch_flag": false}, "geometry": {"type": "MultiPolygon", "coordinates": [[[[79.86569344937851, 6.841667997940739], [79.8651748068074, 6.841667997940739], [79.86491548552188, 6.84211395698452], [79.8651748068074, 6.842559915611812], [79.86569344937851, 6.842559915611812], [79.86595277066408, 6.84211395698452], [79.86569344937851, 6.841667997940739]]]]}}, {"type": "Feature", "properties": {"hex_id": 318, "is_edge": false, "Hex_area": 8660.254, "Hex_area_full": 8660.254, "area_ratio": 1.0, "completeness_class": "core", "snap_ok": true, "analysis_ok": true, "node_id": 7007.0, "dist_food_m": 2.992, "time_food_min": 0.037, "reach_food_5": true, "reach_food_10": true, "reach_food_15": true, "count_food_10": 51, "dist_education_m": 182.197, "time_education_min": 2.277, "reach_education_5": true, "reach_education_10": true, "reach_education_15": true, "count_education_10": 4, "dist_health_m": 508.285, "time_health_min": 6.354, "reach_health_5": false, "reach_health_10": true, "reach_health_15": true, "count_health_10": 1, "dist_transit_m": 91.835, "time_transit_min": 1.148, "reach_transit_5": true, "reach_transit_10": true, "reach_transit_15": true, "count_transit_10": 5, "dist_finance_m": 93.006, "time_finance_min": 1.163, "reach_finance_5": true, "reach_finance_10": true, "reach_finance_15": true, "count_finance_10": 11, "dist_open_space_m": 182.31, "time_open_space_min": 2.279, "reach_open_space_5": true, "reach_open_space_10": true, "reach_open_space_15": true, "count_open_space_10": 2, "groups_within_10": 6, "access_score": 1.0, "access_tier": "high", "mean_BtA5000": 0.3333333234, "mismatch_flag": false}, "geometry": {"type": "MultiPolygon", "coordinates": [[[[79.86647141323516, 6.841222038480493], [79.86595277066408, 6.841222038480493], [79.86569344937851, 6.841667997940739], [79.86595277066408, 6.84211395698452], [79.86647141323516, 6.84211395698452], [79.86673073452073, 6.841667997940739], [79.86647141323516, 6.841222038480493]]]]}}, {"type": "Feature", "properties": {"hex_id": 319, "is_edge": false, "Hex_area": 8660.254, "Hex_area_full": 8660.254, "area_ratio": 1.0, "completeness_class": "core", "snap_ok": true, "analysis_ok": true, "node_id": 7008.0, "dist_food_m": 31.506, "time_food_min": 0.394, "reach_food_5": true, "reach_food_10": true, "reach_food_15": true, "count_food_10": 54, "dist_education_m": 61.718, "time_education_min": 0.771, "reach_education_5": true, "reach_education_10": true, "reach_education_15": true, "count_education_10": 5, "dist_health_m": 453.834, "time_health_min": 5.673, "reach_health_5": false, "reach_health_10": true, "reach_health_15": true, "count_health_10": 1, "dist_transit_m": 28.644, "time_transit_min": 0.358, "reach_transit_5": true, "reach_transit_10": true, "reach_transit_15": true, "count_transit_10": 7, "dist_finance_m": 42.893, "time_finance_min": 0.536, "reach_finance_5": true, "reach_finance_10": true, "reach_finance_15": true, "count_finance_10": 13, "dist_open_space_m": 149.221, "time_open_space_min": 1.865, "reach_open_space_5": true, "reach_open_space_10": true, "reach_open_space_15": true, "count_open_space_10": 2, "groups_within_10": 6, "access_score": 1.0, "access_tier": "high", "mean_BtA5000": 40.074517101050006, "mismatch_flag": false}, "geometry": {"type": "MultiPolygon", "coordinates": [[[[79.86724937709182, 6.841667997940739], [79.86673073452073, 6.841667997940739], [79.86647141323516, 6.84211395698452], [79.86673073452073, 6.842559915611812], [79.86724937709182, 6.842559915611812], [79.86750869837736, 6.84211395698452], [79.86724937709182, 6.841667997940739]]]]}}, {"type": "Feature", "properties": {"hex_id": 320, "is_edge": false, "Hex_area": 8660.254, "Hex_area_full": 8660.254, "area_ratio": 1.0, "completeness_class": "core", "snap_ok": true, "analysis_ok": true, "node_id": 7009.0, "dist_food_m": 177.087, "time_food_min": 2.214, "reach_food_5": true, "reach_food_10": true, "reach_food_15": true, "count_food_10": 46, "dist_education_m": 115.284, "time_education_min": 1.441, "reach_education_5": true, "reach_education_10": true, "reach_education_15": true, "count_education_10": 3, "dist_health_m": 503.507, "time_health_min": 6.294, "reach_health_5": false, "reach_health_10": true, "reach_health_15": true, "count_health_10": 2, "dist_transit_m": 205.646, "time_transit_min": 2.571, "reach_transit_5": true, "reach_transit_10": true, "reach_transit_15": true, "count_transit_10": 5, "dist_finance_m": 211.589, "time_finance_min": 2.645, "reach_finance_5": true, "reach_finance_10": true, "reach_finance_15": true, "count_finance_10": 11, "dist_open_space_m": 295.938, "time_open_space_min": 3.699, "reach_open_space_5": true, "reach_open_space_10": true, "reach_open_space_15": true, "count_open_space_10": 2, "groups_within_10": 6, "access_score": 1.0, "access_tier": "high", "mean_BtA5000": 1.3333333134666667, "mismatch_flag": false}, "geometry": {"type": "MultiPolygon", "coordinates": [[[[79.86802734094847, 6.841222038480493], [79.86750869837736, 6.841222038480493], [79.86724937709182, 6.841667997940739], [79.86750869837736, 6.84211395698452], [79.86802734094847, 6.84211395698452], [79.868286662234, 6.841667997940739], [79.86802734094847, 6.841222038480493]]]]}}, {"type": "Feature", "properties": {"hex_id": 321, "is_edge": false, "Hex_area": 8660.254, "Hex_area_full": 8660.254, "area_ratio": 1.0, "completeness_class": "core", "snap_ok": true, "analysis_ok": true, "node_id": 7010.0, "dist_food_m": 162.657, "time_food_min": 2.033, "reach_food_5": true, "reach_food_10": true, "reach_food_15": true, "count_food_10": 37, "dist_education_m": 172.99, "time_education_min": 2.162, "reach_education_5": true, "reach_education_10": true, "reach_education_15": true, "count_education_10": 2, "dist_health_m": 657.121, "time_health_min": 8.214, "reach_health_5": false, "reach_health_10": true, "reach_health_15": true, "count_health_10": 2, "dist_transit_m": 263.353, "time_transit_min": 3.292, "reach_transit_5": true, "reach_transit_10": true, "reach_transit_15": true, "count_transit_10": 5, "dist_finance_m": 269.296, "time_finance_min": 3.366, "reach_finance_5": true, "reach_finance_10": true, "reach_finance_15": true, "count_finance_10": 8, "dist_open_space_m": 353.645, "time_open_space_min": 4.421, "reach_open_space_5": true, "reach_open_space_10": true, "reach_open_space_15": true, "count_open_space_10": 2, "groups_within_10": 6, "access_score": 1.0, "access_tier": "high", "mean_BtA5000": 1.0790925920025, "mismatch_flag": false}, "geometry": {"type": "MultiPolygon", "coordinates": [[[[79.86880530480511, 6.841667997940739], [79.868286662234, 6.841667997940739], [79.86802734094847, 6.84211395698452], [79.868286662234, 6.842559915611812], [79.86880530480511, 6.842559915611812], [79.86906462609065, 6.84211395698452], [79.86880530480511, 6.841667997940739]]]]}}, {"type": "Feature", "properties": {"hex_id": 322, "is_edge": false, "Hex_area": 8660.254, "Hex_area_full": 8660.254, "area_ratio": 1.0, "completeness_class": "core", "snap_ok": true, "analysis_ok": true, "node_id": 7011.0, "dist_food_m": 36.658, "time_food_min": 0.458, "reach_food_5": true, "reach_food_10": true, "reach_food_15": true, "count_food_10": 26, "dist_education_m": 298.989, "time_education_min": 3.737, "reach_education_5": true, "reach_education_10": true, "reach_education_15": true, "count_education_10": 3, "dist_health_m": 573.713, "time_health_min": 7.171, "reach_health_5": false, "reach_health_10": true, "reach_health_15": true, "count_health_10": 2, "dist_transit_m": 389.352, "time_transit_min": 4.867, "reach_transit_5": true, "reach_transit_10": true, "reach_transit_15": true, "count_transit_10": 5, "dist_finance_m": 395.295, "time_finance_min": 4.941, "reach_finance_5": true, "reach_finance_10": true, "reach_finance_15": true, "count_finance_10": 6, "dist_open_space_m": 479.644, "time_open_space_min": 5.996, "reach_open_space_5": false, "reach_open_space_10": true, "reach_open_space_15": true, "count_open_space_10": 2, "groups_within_10": 6, "access_score": 1.0, "access_tier": "high", "mean_BtA5000": 1.3380243778233334, "mismatch_flag": false}, "geometry": {"type": "MultiPolygon", "coordinates": [[[[79.86958326866176, 6.841222038480493], [79.86906462609065, 6.841222038480493], [79.86880530480511, 6.841667997940739], [79.86906462609065, 6.84211395698452], [79.86958326866176, 6.84211395698452], [79.86984258994731, 6.841667997940739], [79.86958326866176, 6.841222038480493]]]]}}, {"type": "Feature", "properties": {"hex_id": 323, "is_edge": false, "Hex_area": 8660.254, "Hex_area_full": 8660.254, "area_ratio": 1.0, "completeness_class": "core", "snap_ok": true, "analysis_ok": true, "node_id": 7012.0, "dist_food_m": 66.166, "time_food_min": 0.827, "reach_food_5": true, "reach_food_10": true, "reach_food_15": true, "count_food_10": 25, "dist_education_m": 366.148, "time_education_min": 4.577, "reach_education_5": true, "reach_education_10": true, "reach_education_15": true, "count_education_10": 4, "dist_health_m": 452.408, "time_health_min": 5.655, "reach_health_5": false, "reach_health_10": true, "reach_health_15": true, "count_health_10": 1, "dist_transit_m": 456.51, "time_transit_min": 5.706, "reach_transit_5": false, "reach_transit_10": true, "reach_transit_15": true, "count_transit_10": 3, "dist_finance_m": 462.453, "time_finance_min": 5.781, "reach_finance_5": false, "reach_finance_10": true, "reach_finance_15": true, "count_finance_10": 6, "dist_open_space_m": 546.802, "time_open_space_min": 6.835, "reach_open_space_5": false, "reach_open_space_10": true, "reach_open_space_15": true, "count_open_space_10": 2, "groups_within_10": 6, "access_score": 1.0, "access_tier": "high", "mean_BtA5000": 2.3111816830916663, "mismatch_flag": false}, "geometry": {"type": "MultiPolygon", "coordinates": [[[[79.87036123251839, 6.841667997940739], [79.86984258994731, 6.841667997940739], [79.86958326866176, 6.84211395698452], [79.86984258994731, 6.842559915611812], [79.87036123251839, 6.842559915611812], [79.87062055380396, 6.84211395698452], [79.87036123251839, 6.841667997940739]]]]}}, {"type": "Feature", "properties": {"hex_id": 324, "is_edge": false, "Hex_area": 8660.254, "Hex_area_full": 8660.254, "area_ratio": 1.0, "completeness_class": "core", "snap_ok": true, "analysis_ok": true, "node_id": 6711.0, "dist_food_m": 74.657, "time_food_min": 0.933, "reach_food_5": true, "reach_food_10": true, "reach_food_15": true, "count_food_10": 20, "dist_education_m": 471.642, "time_education_min": 5.896, "reach_education_5": false, "reach_education_10": true, "reach_education_15": true, "count_education_10": 3, "dist_health_m": 460.899, "time_health_min": 5.761, "reach_health_5": false, "reach_health_10": true, "reach_health_15": true, "count_health_10": 1, "dist_transit_m": 562.004, "time_transit_min": 7.025, "reach_transit_5": false, "reach_transit_10": true, "reach_transit_15": true, "count_transit_10": 2, "dist_finance_m": 567.947, "time_finance_min": 7.099, "reach_finance_5": false, "reach_finance_10": true, "reach_finance_15": true, "count_finance_10": 5, "dist_open_space_m": 652.296, "time_open_space_min": 8.154, "reach_open_space_5": false, "reach_open_space_10": true, "reach_open_space_15": true, "count_open_space_10": 2, "groups_within_10": 6, "access_score": 1.0, "access_tier": "high", "mean_BtA5000": 1.6748034357999997, "mismatch_flag": false}, "geometry": {"type": "MultiPolygon", "coordinates": [[[[79.87113919637505, 6.841222038480493], [79.87062055380396, 6.841222038480493], [79.87036123251839, 6.841667997940739], [79.87062055380396, 6.84211395698452], [79.87113919637505, 6.84211395698452], [79.87139851766061, 6.841667997940739], [79.87113919637505, 6.841222038480493]]]]}}, {"type": "Feature", "properties": {"hex_id": 325, "is_edge": false, "Hex_area": 8660.254, "Hex_area_full": 8660.254, "area_ratio": 1.0, "completeness_class": "core", "snap_ok": true, "analysis_ok": true, "node_id": 7013.0, "dist_food_m": 270.827, "time_food_min": 3.385, "reach_food_5": true, "reach_food_10": true, "reach_food_15": true, "count_food_10": 20, "dist_education_m": 524.178, "time_education_min": 6.552, "reach_education_5": false, "reach_education_10": true, "reach_education_15": true, "count_education_10": 2, "dist_health_m": 657.069, "time_health_min": 8.213, "reach_health_5": false, "reach_health_10": true, "reach_health_15": true, "count_health_10": 1, "dist_transit_m": 614.541, "time_transit_min": 7.682, "reach_transit_5": false, "reach_transit_10": true, "reach_transit_15": true, "count_transit_10": 2, "dist_finance_m": 620.484, "time_finance_min": 7.756, "reach_finance_5": false, "reach_finance_10": true, "reach_finance_15": true, "count_finance_10": 5, "dist_open_space_m": 704.833, "time_open_space_min": 8.81, "reach_open_space_5": false, "reach_open_space_10": true, "reach_open_space_15": true, "count_open_space_10": 1, "groups_within_10": 6, "access_score": 1.0, "access_tier": "high", "mean_BtA5000": 2.438971919672857, "mismatch_flag": false}, "geometry": {"type": "MultiPolygon", "coordinates": [[[[79.8719171602317, 6.841667997940739], [79.87139851766061, 6.841667997940739], [79.87113919637505, 6.84211395698452], [79.87139851766061, 6.842559915611812], [79.8719171602317, 6.842559915611812], [79.87217648151724, 6.84211395698452], [79.8719171602317, 6.841667997940739]]]]}}, {"type": "Feature", "properties": {"hex_id": 326, "is_edge": false, "Hex_area": 8660.254, "Hex_area_full": 8660.254, "area_ratio": 1.0, "completeness_class": "core", "snap_ok": true, "analysis_ok": true, "node_id": 7014.0, "dist_food_m": 361.079, "time_food_min": 4.513, "reach_food_5": true, "reach_food_10": true, "reach_food_15": true, "count_food_10": 7, "dist_education_m": 779.053, "time_education_min": 9.738, "reach_education_5": false, "reach_education_10": true, "reach_education_15": true, "count_education_10": 1, "dist_health_m": 587.494, "time_health_min": 7.344, "reach_health_5": false, "reach_health_10": true, "reach_health_15": true, "count_health_10": 1, "dist_transit_m": 969.469, "time_transit_min": 12.118, "reach_transit_5": false, "reach_transit_10": false, "reach_transit_15": true, "count_transit_10": 0, "dist_finance_m": 955.663, "time_finance_min": 11.946, "reach_finance_5": false, "reach_finance_10": false, "reach_finance_15": true, "count_finance_10": 0, "dist_open_space_m": 1059.76, "time_open_space_min": 13.247, "reach_open_space_5": false, "reach_open_space_10": false, "reach_open_space_15": true, "count_open_space_10": 0, "groups_within_10": 3, "access_score": 0.5, "access_tier": "medium", "mean_BtA5000": 2.6102329897028573, "mismatch_flag": false}, "geometry": {"type": "MultiPolygon", "coordinates": [[[[79.87269512408835, 6.841222038480493], [79.87217648151724, 6.841222038480493], [79.8719171602317, 6.841667997940739], [79.87217648151724, 6.84211395698452], [79.87269512408835, 6.84211395698452], [79.87295444537388, 6.841667997940739], [79.87269512408835, 6.841222038480493]]]]}}, {"type": "Feature", "properties": {"hex_id": 327, "is_edge": false, "Hex_area": 8660.254, "Hex_area_full": 8660.254, "area_ratio": 1.0, "completeness_class": "core", "snap_ok": true, "analysis_ok": true, "node_id": 7015.0, "dist_food_m": 204.038, "time_food_min": 2.55, "reach_food_5": true, "reach_food_10": true, "reach_food_15": true, "count_food_10": 9, "dist_education_m": 799.107, "time_education_min": 9.989, "reach_education_5": false, "reach_education_10": true, "reach_education_15": true, "count_education_10": 1, "dist_health_m": 607.547, "time_health_min": 7.594, "reach_health_5": false, "reach_health_10": true, "reach_health_15": true, "count_health_10": 1, "dist_transit_m": 989.522, "time_transit_min": 12.369, "reach_transit_5": false, "reach_transit_10": false, "reach_transit_15": true, "count_transit_10": 0, "dist_finance_m": 975.716, "time_finance_min": 12.196, "reach_finance_5": false, "reach_finance_10": false, "reach_finance_15": true, "count_finance_10": 0, "dist_open_space_m": 1079.814, "time_open_space_min": 13.498, "reach_open_space_5": false, "reach_open_space_10": false, "reach_open_space_15": true, "count_open_space_10": 0, "groups_within_10": 3, "access_score": 0.5, "access_tier": "medium", "mean_BtA5000": 2.97525839011, "mismatch_flag": false}, "geometry": {"type": "MultiPolygon", "coordinates": [[[[79.873473087945, 6.841667997940739], [79.87295444537388, 6.841667997940739], [79.87269512408835, 6.84211395698452], [79.87295444537388, 6.842559915611812], [79.873473087945, 6.842559915611812], [79.87373240923056, 6.84211395698452], [79.873473087945, 6.841667997940739]]]]}}, {"type": "Feature", "properties": {"hex_id": 328, "is_edge": false, "Hex_area": 8660.254, "Hex_area_full": 8660.254, "area_ratio": 1.0, "completeness_class": "core", "snap_ok": true, "analysis_ok": true, "node_id": 7016.0, "dist_food_m": 258.209, "time_food_min": 3.228, "reach_food_5": true, "reach_food_10": true, "reach_food_15": true, "count_food_10": 6, "dist_education_m": 900.826, "time_education_min": 11.26, "reach_education_5": false, "reach_education_10": false, "reach_education_15": true, "count_education_10": 0, "dist_health_m": 709.267, "time_health_min": 8.866, "reach_health_5": false, "reach_health_10": true, "reach_health_15": true, "count_health_10": 1, "dist_transit_m": 1089.308, "time_transit_min": 13.616, "reach_transit_5": false, "reach_transit_10": false, "reach_transit_15": true, "count_transit_10": 0, "dist_finance_m": 1077.436, "time_finance_min": 13.468, "reach_finance_5": false, "reach_finance_10": false, "reach_finance_15": true, "count_finance_10": 0, "dist_open_space_m": 1179.6, "time_open_space_min": 14.745, "reach_open_space_5": false, "reach_open_space_10": false, "reach_open_space_15": true, "count_open_space_10": 0, "groups_within_10": 2, "access_score": 0.3333, "access_tier": "low", "mean_BtA5000": 0.33333331942600003, "mismatch_flag": false}, "geometry": {"type": "MultiPolygon", "coordinates": [[[[79.87425105180162, 6.841222038480493], [79.87373240923056, 6.841222038480493], [79.873473087945, 6.841667997940739], [79.87373240923056, 6.84211395698452], [79.87425105180162, 6.84211395698452], [79.87451037308719, 6.841667997940739], [79.87425105180162, 6.841222038480493]]]]}}, {"type": "Feature", "properties": {"hex_id": 329, "is_edge": false, "Hex_area": 8660.254, "Hex_area_full": 8660.254, "area_ratio": 1.0, "completeness_class": "core", "snap_ok": true, "analysis_ok": true, "node_id": 6616.0, "dist_food_m": 362.356, "time_food_min": 4.529, "reach_food_5": true, "reach_food_10": true, "reach_food_15": true, "count_food_10": 5, "dist_education_m": 1004.974, "time_education_min": 12.562, "reach_education_5": false, "reach_education_10": false, "reach_education_15": true, "count_education_10": 0, "dist_health_m": 813.415, "time_health_min": 10.168, "reach_health_5": false, "reach_health_10": false, "reach_health_15": true, "count_health_10": 0, "dist_transit_m": 1193.456, "time_transit_min": 14.918, "reach_transit_5": false, "reach_transit_10": false, "reach_transit_15": true, "count_transit_10": 0, "dist_finance_m": 1181.583, "time_finance_min": 14.77, "reach_finance_5": false, "reach_finance_10": false, "reach_finance_15": true, "count_finance_10": 0, "dist_open_space_m": 1283.747, "time_open_space_min": 16.047, "reach_open_space_5": false, "reach_open_space_10": false, "reach_open_space_15": false, "count_open_space_10": 0, "groups_within_10": 1, "access_score": 0.1667, "access_tier": "low", "mean_BtA5000": 0.31424202521666666, "mismatch_flag": false}, "geometry": {"type": "MultiPolygon", "coordinates": [[[[79.8750290156583, 6.841667997940739], [79.87451037308719, 6.841667997940739], [79.87425105180162, 6.84211395698452], [79.87451037308719, 6.842559915611812], [79.8750290156583, 6.842559915611812], [79.87528833694384, 6.84211395698452], [79.8750290156583, 6.841667997940739]]]]}}, {"type": "Feature", "properties": {"hex_id": 330, "is_edge": true, "Hex_area": 7231.5373, "Hex_area_full": 8660.254, "area_ratio": 0.835026, "completeness_class": "partial", "snap_ok": true, "analysis_ok": false, "node_id": 7017.0, "dist_food_m": 311.688, "time_food_min": 3.896, "reach_food_5": true, "reach_food_10": true, "reach_food_15": true, "count_food_10": 4, "dist_education_m": 900.709, "time_education_min": 11.259, "reach_education_5": false, "reach_education_10": false, "reach_education_15": true, "count_education_10": 0, "dist_health_m": 709.149, "time_health_min": 8.864, "reach_health_5": false, "reach_health_10": true, "reach_health_15": true, "count_health_10": 1, "dist_transit_m": 1142.138, "time_transit_min": 14.277, "reach_transit_5": false, "reach_transit_10": false, "reach_transit_15": true, "count_transit_10": 0, "dist_finance_m": 1262.49, "time_finance_min": 15.781, "reach_finance_5": false, "reach_finance_10": false, "reach_finance_15": false, "count_finance_10": 0, "dist_open_space_m": 1187.696, "time_open_space_min": 14.846, "reach_open_space_5": false, "reach_open_space_10": false, "reach_open_space_15": true, "count_open_space_10": 0, "groups_within_10": 2, "access_score": 0.3333, "access_tier": "excluded", "mean_BtA5000": 3.1162727922199998, "mismatch_flag": false}, "geometry": {"type": "MultiPolygon", "coordinates": [[[[79.87528833694384, 6.841222038480493], [79.8750290156583, 6.841667997940739], [79.87528833694384, 6.84211395698452], [79.87580697951495, 6.84211395698452], [79.875924224886, 6.84191232825946], [79.87590559483994, 6.841862177924979], [79.87587150247445, 6.841772430829883], [79.87583275940298, 6.841672190819598], [79.87579659500996, 6.841578932109532], [79.87576300929544, 6.841492654699676], [79.87573200225934, 6.841413358590037], [79.8757035739017, 6.84134104378061], [79.87567772422254, 6.841275710271399], [79.87565631978367, 6.841222038480493], [79.87528833694384, 6.841222038480493]]]]}}, {"type": "Feature", "properties": {"hex_id": 331, "is_edge": true, "Hex_area": 592.1993, "Hex_area_full": 8660.254, "area_ratio": 0.068381, "completeness_class": "sliver", "snap_ok": true, "analysis_ok": false, "node_id": 7018.0, "dist_food_m": 242.99, "time_food_min": 3.037, "reach_food_5": true, "reach_food_10": true, "reach_food_15": true, "count_food_10": 5, "dist_education_m": 969.407, "time_education_min": 12.118, "reach_education_5": false, "reach_education_10": false, "reach_education_15": true, "count_education_10": 0, "dist_health_m": 777.847, "time_health_min": 9.723, "reach_health_5": false, "reach_health_10": true, "reach_health_15": true, "count_health_10": 1, "dist_transit_m": 1210.836, "time_transit_min": 15.135, "reach_transit_5": false, "reach_transit_10": false, "reach_transit_15": false, "count_transit_10": 0, "dist_finance_m": 1298.404, "time_finance_min": 16.23, "reach_finance_5": false, "reach_finance_10": false, "reach_finance_15": false, "count_finance_10": 0, "dist_open_space_m": 1256.394, "time_open_space_min": 15.705, "reach_open_space_5": false, "reach_open_space_10": false, "reach_open_space_15": false, "count_open_space_10": 0, "groups_within_10": 2, "access_score": 0.3333, "access_tier": "excluded", "mean_BtA5000": null, "mismatch_flag": false}, "geometry": {"type": "MultiPolygon", "coordinates": [[[[79.87580697951495, 6.84211395698452], [79.87593916551735, 6.842341279248286], [79.87593990034819, 6.842340414460369], [79.87594543856682, 6.8423343032020725], [79.87595114101023, 6.842328405086579], [79.87595675260592, 6.842322461547206], [79.87596227335379, 6.84231647258396], [79.87596770325398, 6.842310438196837], [79.8759730423064, 6.8423043583858405], [79.87597829051107, 6.842298233150968], [79.87598344786798, 6.84229206249222], [79.87598851437714, 6.842285846409597], [79.87599349003857, 6.842279584903098], [79.87599797651978, 6.842274043190314], [79.8760019738208, 6.842269221271249], [79.87600548194163, 6.842265119145898], [79.87600850088228, 6.842261736814261], [79.8760110306427, 6.842259074276341], [79.87601307122296, 6.842257131532138], [79.87601462262299, 6.8422559085816514], [79.87601568484286, 6.842255405424877], [79.87601642210727, 6.842252928076603], [79.87601683441629, 6.8422484765368266], [79.8760169217699, 6.842242050805548], [79.87601668416812, 6.84223365088277], [79.87601612161087, 6.842223276768487], [79.87601523409823, 6.842210928462703], [79.87601402163018, 6.842196605965416], [79.8760124842067, 6.842180309276629], [79.87600629607724, 6.842153519672654], [79.87599545724177, 6.842116237153493], [79.8759799677003, 6.842068461719143], [79.87595982745283, 6.842010193369609], [79.87593503649936, 6.841941432104887], [79.875924224886, 6.84191232825946], [79.87580697951495, 6.84211395698452]]]]}}, {"type": "Feature", "properties": {"hex_id": 332, "is_edge": true, "Hex_area": 7097.6026, "Hex_area_full": 8660.254, "area_ratio": 0.819561, "completeness_class": "partial", "snap_ok": true, "analysis_ok": false, "node_id": 292.0, "dist_food_m": 0.0, "time_food_min": 0.0, "reach_food_5": true, "reach_food_10": true, "reach_food_15": true, "count_food_10": 17, "dist_education_m": 580.883, "time_education_min": 7.261, "reach_education_5": false, "reach_education_10": true, "reach_education_15": true, "count_education_10": 2, "dist_health_m": 967.52, "time_health_min": 12.094, "reach_health_5": false, "reach_health_10": false, "reach_health_15": true, "count_health_10": 0, "dist_transit_m": 520.967, "time_transit_min": 6.512, "reach_transit_5": false, "reach_transit_10": true, "reach_transit_15": true, "count_transit_10": 3, "dist_finance_m": 551.718, "time_finance_min": 6.896, "reach_finance_5": false, "reach_finance_10": true, "reach_finance_15": true, "count_finance_10": 5, "dist_open_space_m": 576.263, "time_open_space_min": 7.203, "reach_open_space_5": false, "reach_open_space_10": true, "reach_open_space_15": true, "count_open_space_10": 2, "groups_within_10": 5, "access_score": 0.8333, "access_tier": "excluded", "mean_BtA5000": null, "mismatch_flag": false}, "geometry": {"type": "MultiPolygon", "coordinates": [[[[79.86206295138084, 6.843451831616812], [79.86258159395194, 6.843451831616812], [79.86284091523748, 6.843005873822586], [79.86258159395194, 6.842559915611812], [79.86218783306414, 6.842559915611812], [79.86218524692646, 6.842571751268783], [79.86217845431001, 6.842602052487731], [79.86217107467735, 6.842634254521152], [79.86216386276362, 6.84266539433472], [79.8621568185688, 6.842695471928436], [79.86214994209291, 6.8427244873022985], [79.86214323333594, 6.842752440456309], [79.86213669229791, 6.842779331390468], [79.86213031897879, 6.842805160104772], [79.86212411337858, 6.842829926599228], [79.86211807549732, 6.842853630873829], [79.8621115903656, 6.842876636319577], [79.8621046579834, 6.842898942936482], [79.86209727835073, 6.842920550724531], [79.86208945146763, 6.842941459683731], [79.86208117733402, 6.8429616698140805], [79.86207245594998, 6.842981181115579], [79.86206328731548, 6.8429999935882275], [79.86205367143049, 6.8430181072320275], [79.86204492209328, 6.8430347952649715], [79.86203703930384, 6.84305005768706], [79.86203002306219, 6.843063894498297], [79.86202387336833, 6.843076305698677], [79.86201859022222, 6.843087291288205], [79.86201417362388, 6.843096851266875], [79.86201062357333, 6.843104985634693], [79.86200794007053, 6.843111694391654], [79.86200548019298, 6.84311974490001], [79.86200324394065, 6.843129137159757], [79.86200123131356, 6.843139871170898], [79.86199944231171, 6.84315194693343], [79.86199787693508, 6.843165364447358], [79.86199653518369, 6.843180123712674], [79.86199541705753, 6.843196224729384], [79.8619945225566, 6.843213667497487], [79.86199407530614, 6.843230467343048], [79.86199407530614, 6.843246624266064], [79.8619945225566, 6.843262138266541], [79.86199541705753, 6.843277009344475], [79.86199675880894, 6.843291237499866], [79.86199854781077, 6.843304822732715], [79.8620007840631, 6.843317765043023], [79.8620034675659, 6.843330064430786], [79.86200564791189, 6.84334381738256], [79.86200693672275, 6.843355502601022], [79.86206295138084, 6.843451831616812]]]]}}, {"type": "Feature", "properties": {"hex_id": 333, "is_edge": false, "Hex_area": 8660.254, "Hex_area_full": 8660.254, "area_ratio": 1.0, "completeness_class": "core", "snap_ok": true, "analysis_ok": true, "node_id": 7019.0, "dist_food_m": 15.707, "time_food_min": 0.196, "reach_food_5": true, "reach_food_10": true, "reach_food_15": true, "count_food_10": 25, "dist_education_m": 539.204, "time_education_min": 6.74, "reach_education_5": false, "reach_education_10": true, "reach_education_15": true, "count_education_10": 3, "dist_health_m": 925.841, "time_health_min": 11.573, "reach_health_5": false, "reach_health_10": false, "reach_health_15": true, "count_health_10": 0, "dist_transit_m": 479.288, "time_transit_min": 5.991, "reach_transit_5": false, "reach_transit_10": true, "reach_transit_15": true, "count_transit_10": 3, "dist_finance_m": 510.039, "time_finance_min": 6.375, "reach_finance_5": false, "reach_finance_10": true, "reach_finance_15": true, "count_finance_10": 6, "dist_open_space_m": 525.576, "time_open_space_min": 6.57, "reach_open_space_5": false, "reach_open_space_10": true, "reach_open_space_15": true, "count_open_space_10": 2, "groups_within_10": 5, "access_score": 0.8333, "access_tier": "high", "mean_BtA5000": 0.33333334327, "mismatch_flag": false}, "geometry": {"type": "MultiPolygon", "coordinates": [[[[79.8633595578086, 6.84211395698452], [79.86284091523748, 6.84211395698452], [79.86258159395194, 6.842559915611812], [79.86284091523748, 6.843005873822586], [79.8633595578086, 6.843005873822586], [79.86361887909413, 6.842559915611812], [79.8633595578086, 6.84211395698452]]]]}}, {"type": "Feature", "properties": {"hex_id": 334, "is_edge": false, "Hex_area": 8660.254, "Hex_area_full": 8660.254, "area_ratio": 1.0, "completeness_class": "core", "snap_ok": true, "analysis_ok": true, "node_id": 7020.0, "dist_food_m": 50.463, "time_food_min": 0.631, "reach_food_5": true, "reach_food_10": true, "reach_food_15": true, "count_food_10": 24, "dist_education_m": 489.888, "time_education_min": 6.124, "reach_education_5": false, "reach_education_10": true, "reach_education_15": true, "count_education_10": 2, "dist_health_m": 876.525, "time_health_min": 10.957, "reach_health_5": false, "reach_health_10": false, "reach_health_15": true, "count_health_10": 0, "dist_transit_m": 429.972, "time_transit_min": 5.375, "reach_transit_5": false, "reach_transit_10": true, "reach_transit_15": true, "count_transit_10": 3, "dist_finance_m": 460.723, "time_finance_min": 5.759, "reach_finance_5": false, "reach_finance_10": true, "reach_finance_15": true, "count_finance_10": 8, "dist_open_space_m": 485.268, "time_open_space_min": 6.066, "reach_open_space_5": false, "reach_open_space_10": true, "reach_open_space_15": true, "count_open_space_10": 2, "groups_within_10": 5, "access_score": 0.8333, "access_tier": "high", "mean_BtA5000": 0.33333334327, "mismatch_flag": false}, "geometry": {"type": "MultiPolygon", "coordinates": [[[[79.86413752166523, 6.842559915611812], [79.86361887909413, 6.842559915611812], [79.8633595578086, 6.843005873822586], [79.86361887909413, 6.843451831616812], [79.86413752166523, 6.843451831616812], [79.86439684295078, 6.843005873822586], [79.86413752166523, 6.842559915611812]]]]}}, {"type": "Feature", "properties": {"hex_id": 335, "is_edge": false, "Hex_area": 8660.254, "Hex_area_full": 8660.254, "area_ratio": 1.0, "completeness_class": "core", "snap_ok": true, "analysis_ok": true, "node_id": 7021.0, "dist_food_m": 187.774, "time_food_min": 2.347, "reach_food_5": true, "reach_food_10": true, "reach_food_15": true, "count_food_10": 41, "dist_education_m": 367.137, "time_education_min": 4.589, "reach_education_5": true, "reach_education_10": true, "reach_education_15": true, "count_education_10": 3, "dist_health_m": 753.774, "time_health_min": 9.422, "reach_health_5": false, "reach_health_10": true, "reach_health_15": true, "count_health_10": 1, "dist_transit_m": 307.221, "time_transit_min": 3.84, "reach_transit_5": true, "reach_transit_10": true, "reach_transit_15": true, "count_transit_10": 4, "dist_finance_m": 337.972, "time_finance_min": 4.225, "reach_finance_5": true, "reach_finance_10": true, "reach_finance_15": true, "count_finance_10": 8, "dist_open_space_m": 427.798, "time_open_space_min": 5.347, "reach_open_space_5": false, "reach_open_space_10": true, "reach_open_space_15": true, "count_open_space_10": 2, "groups_within_10": 6, "access_score": 1.0, "access_tier": "high", "mean_BtA5000": 0.33333334327, "mismatch_flag": false}, "geometry": {"type": "MultiPolygon", "coordinates": [[[[79.86491548552188, 6.84211395698452], [79.86439684295078, 6.84211395698452], [79.86413752166523, 6.842559915611812], [79.86439684295078, 6.843005873822586], [79.86491548552188, 6.843005873822586], [79.8651748068074, 6.842559915611812], [79.86491548552188, 6.84211395698452]]]]}}, {"type": "Feature", "properties": {"hex_id": 336, "is_edge": false, "Hex_area": 8660.254, "Hex_area_full": 8660.254, "area_ratio": 1.0, "completeness_class": "core", "snap_ok": true, "analysis_ok": true, "node_id": 7022.0, "dist_food_m": 66.528, "time_food_min": 0.832, "reach_food_5": true, "reach_food_10": true, "reach_food_15": true, "count_food_10": 42, "dist_education_m": 316.799, "time_education_min": 3.96, "reach_education_5": true, "reach_education_10": true, "reach_education_15": true, "count_education_10": 3, "dist_health_m": 703.436, "time_health_min": 8.793, "reach_health_5": false, "reach_health_10": true, "reach_health_15": true, "count_health_10": 1, "dist_transit_m": 256.883, "time_transit_min": 3.211, "reach_transit_5": true, "reach_transit_10": true, "reach_transit_15": true, "count_transit_10": 6, "dist_finance_m": 287.634, "time_finance_min": 3.595, "reach_finance_5": true, "reach_finance_10": true, "reach_finance_15": true, "count_finance_10": 9, "dist_open_space_m": 312.179, "time_open_space_min": 3.902, "reach_open_space_5": true, "reach_open_space_10": true, "reach_open_space_15": true, "count_open_space_10": 2, "groups_within_10": 6, "access_score": 1.0, "access_tier": "high", "mean_BtA5000": 0.33333334327, "mismatch_flag": false}, "geometry": {"type": "MultiPolygon", "coordinates": [[[[79.86569344937851, 6.842559915611812], [79.8651748068074, 6.842559915611812], [79.86491548552188, 6.843005873822586], [79.8651748068074, 6.843451831616812], [79.86569344937851, 6.843451831616812], [79.86595277066408, 6.843005873822586], [79.86569344937851, 6.842559915611812]]]]}}, {"type": "Feature", "properties": {"hex_id": 337, "is_edge": false, "Hex_area": 8660.254, "Hex_area_full": 8660.254, "area_ratio": 1.0, "completeness_class": "core", "snap_ok": true, "analysis_ok": true, "node_id": 7023.0, "dist_food_m": 62.117, "time_food_min": 0.776, "reach_food_5": true, "reach_food_10": true, "reach_food_15": true, "count_food_10": 49, "dist_education_m": 196.004, "time_education_min": 2.45, "reach_education_5": true, "reach_education_10": true, "reach_education_15": true, "count_education_10": 4, "dist_health_m": 582.641, "time_health_min": 7.283, "reach_health_5": false, "reach_health_10": true, "reach_health_15": true, "count_health_10": 1, "dist_transit_m": 136.088, "time_transit_min": 1.701, "reach_transit_5": true, "reach_transit_10": true, "reach_transit_15": true, "count_transit_10": 6, "dist_finance_m": 166.839, "time_finance_min": 2.085, "reach_finance_5": true, "reach_finance_10": true, "reach_finance_15": true, "count_finance_10": 11, "dist_open_space_m": 256.665, "time_open_space_min": 3.208, "reach_open_space_5": true, "reach_open_space_10": true, "reach_open_space_15": true, "count_open_space_10": 2, "groups_within_10": 6, "access_score": 1.0, "access_tier": "high", "mean_BtA5000": 59.868040303389996, "mismatch_flag": false}, "geometry": {"type": "MultiPolygon", "coordinates": [[[[79.86647141323516, 6.84211395698452], [79.86595277066408, 6.84211395698452], [79.86569344937851, 6.842559915611812], [79.86595277066408, 6.843005873822586], [79.86647141323516, 6.843005873822586], [79.86673073452073, 6.842559915611812], [79.86647141323516, 6.84211395698452]]]]}}, {"type": "Feature", "properties": {"hex_id": 338, "is_edge": false, "Hex_area": 8660.254, "Hex_area_full": 8660.254, "area_ratio": 1.0, "completeness_class": "core", "snap_ok": true, "analysis_ok": true, "node_id": 7024.0, "dist_food_m": 137.517, "time_food_min": 1.719, "reach_food_5": true, "reach_food_10": true, "reach_food_15": true, "count_food_10": 51, "dist_education_m": 138.281, "time_education_min": 1.729, "reach_education_5": true, "reach_education_10": true, "reach_education_15": true, "count_education_10": 4, "dist_health_m": 570.725, "time_health_min": 7.134, "reach_health_5": false, "reach_health_10": true, "reach_health_15": true, "count_health_10": 1, "dist_transit_m": 135.195, "time_transit_min": 1.69, "reach_transit_5": true, "reach_transit_10": true, "reach_transit_15": true, "count_transit_10": 6, "dist_finance_m": 83.391, "time_finance_min": 1.042, "reach_finance_5": true, "reach_finance_10": true, "reach_finance_15": true, "count_finance_10": 11, "dist_open_space_m": 255.772, "time_open_space_min": 3.197, "reach_open_space_5": true, "reach_open_space_10": true, "reach_open_space_15": true, "count_open_space_10": 2, "groups_within_10": 6, "access_score": 1.0, "access_tier": "high", "mean_BtA5000": 98.955408737065, "mismatch_flag": false}, "geometry": {"type": "MultiPolygon", "coordinates": [[[[79.86724937709182, 6.842559915611812], [79.86673073452073, 6.842559915611812], [79.86647141323516, 6.843005873822586], [79.86673073452073, 6.843451831616812], [79.86724937709182, 6.843451831616812], [79.86750869837736, 6.843005873822586], [79.86724937709182, 6.842559915611812]]]]}}, {"type": "Feature", "properties": {"hex_id": 339, "is_edge": false, "Hex_area": 8660.254, "Hex_area_full": 8660.254, "area_ratio": 1.0, "completeness_class": "core", "snap_ok": true, "analysis_ok": true, "node_id": 6640.0, "dist_food_m": 285.902, "time_food_min": 3.574, "reach_food_5": true, "reach_food_10": true, "reach_food_15": true, "count_food_10": 39, "dist_education_m": 94.886, "time_education_min": 1.186, "reach_education_5": true, "reach_education_10": true, "reach_education_15": true, "count_education_10": 2, "dist_health_m": 719.109, "time_health_min": 8.989, "reach_health_5": false, "reach_health_10": true, "reach_health_15": true, "count_health_10": 1, "dist_transit_m": 283.58, "time_transit_min": 3.545, "reach_transit_5": true, "reach_transit_10": true, "reach_transit_15": true, "count_transit_10": 5, "dist_finance_m": 231.775, "time_finance_min": 2.897, "reach_finance_5": true, "reach_finance_10": true, "reach_finance_15": true, "count_finance_10": 8, "dist_open_space_m": 404.157, "time_open_space_min": 5.052, "reach_open_space_5": false, "reach_open_space_10": true, "reach_open_space_15": true, "count_open_space_10": 2, "groups_within_10": 6, "access_score": 1.0, "access_tier": "high", "mean_BtA5000": 0.925138086082, "mismatch_flag": false}, "geometry": {"type": "MultiPolygon", "coordinates": [[[[79.86802734094847, 6.84211395698452], [79.86750869837736, 6.84211395698452], [79.86724937709182, 6.842559915611812], [79.86750869837736, 6.843005873822586], [79.86802734094847, 6.843005873822586], [79.868286662234, 6.842559915611812], [79.86802734094847, 6.84211395698452]]]]}}, {"type": "Feature", "properties": {"hex_id": 340, "is_edge": false, "Hex_area": 8660.254, "Hex_area_full": 8660.254, "area_ratio": 1.0, "completeness_class": "core", "snap_ok": true, "analysis_ok": true, "node_id": 7025.0, "dist_food_m": 174.084, "time_food_min": 2.176, "reach_food_5": true, "reach_food_10": true, "reach_food_15": true, "count_food_10": 36, "dist_education_m": 38.726, "time_education_min": 0.484, "reach_education_5": true, "reach_education_10": true, "reach_education_15": true, "count_education_10": 3, "dist_health_m": 747.731, "time_health_min": 9.347, "reach_health_5": false, "reach_health_10": true, "reach_health_15": true, "count_health_10": 2, "dist_transit_m": 312.202, "time_transit_min": 3.903, "reach_transit_5": true, "reach_transit_10": true, "reach_transit_15": true, "count_transit_10": 4, "dist_finance_m": 260.397, "time_finance_min": 3.255, "reach_finance_5": true, "reach_finance_10": true, "reach_finance_15": true, "count_finance_10": 8, "dist_open_space_m": 432.779, "time_open_space_min": 5.41, "reach_open_space_5": false, "reach_open_space_10": true, "reach_open_space_15": true, "count_open_space_10": 2, "groups_within_10": 6, "access_score": 1.0, "access_tier": "high", "mean_BtA5000": 0.33333334327, "mismatch_flag": false}, "geometry": {"type": "MultiPolygon", "coordinates": [[[[79.86880530480511, 6.842559915611812], [79.868286662234, 6.842559915611812], [79.86802734094847, 6.843005873822586], [79.868286662234, 6.843451831616812], [79.86880530480511, 6.843451831616812], [79.86906462609065, 6.843005873822586], [79.86880530480511, 6.842559915611812]]]]}}, {"type": "Feature", "properties": {"hex_id": 341, "is_edge": false, "Hex_area": 8660.254, "Hex_area_full": 8660.254, "area_ratio": 1.0, "completeness_class": "core", "snap_ok": true, "analysis_ok": true, "node_id": 7026.0, "dist_food_m": 119.289, "time_food_min": 1.491, "reach_food_5": true, "reach_food_10": true, "reach_food_15": true, "count_food_10": 32, "dist_education_m": 228.125, "time_education_min": 2.852, "reach_education_5": true, "reach_education_10": true, "reach_education_15": true, "count_education_10": 4, "dist_health_m": 590.43, "time_health_min": 7.38, "reach_health_5": false, "reach_health_10": true, "reach_health_15": true, "count_health_10": 2, "dist_transit_m": 318.488, "time_transit_min": 3.981, "reach_transit_5": true, "reach_transit_10": true, "reach_transit_15": true, "count_transit_10": 5, "dist_finance_m": 324.431, "time_finance_min": 4.055, "reach_finance_5": true, "reach_finance_10": true, "reach_finance_15": true, "count_finance_10": 6, "dist_open_space_m": 408.78, "time_open_space_min": 5.11, "reach_open_space_5": false, "reach_open_space_10": true, "reach_open_space_15": true, "count_open_space_10": 2, "groups_within_10": 6, "access_score": 1.0, "access_tier": "high", "mean_BtA5000": 2.986057311296667, "mismatch_flag": false}, "geometry": {"type": "MultiPolygon", "coordinates": [[[[79.86958326866176, 6.84211395698452], [79.86906462609065, 6.84211395698452], [79.86880530480511, 6.842559915611812], [79.86906462609065, 6.843005873822586], [79.86958326866176, 6.843005873822586], [79.86984258994731, 6.842559915611812], [79.86958326866176, 6.84211395698452]]]]}}, {"type": "Feature", "properties": {"hex_id": 342, "is_edge": false, "Hex_area": 8660.254, "Hex_area_full": 8660.254, "area_ratio": 1.0, "completeness_class": "core", "snap_ok": true, "analysis_ok": true, "node_id": 3656.0, "dist_food_m": 209.961, "time_food_min": 2.625, "reach_food_5": true, "reach_food_10": true, "reach_food_15": true, "count_food_10": 25, "dist_education_m": 414.91, "time_education_min": 5.186, "reach_education_5": false, "reach_education_10": true, "reach_education_15": true, "count_education_10": 4, "dist_health_m": 596.203, "time_health_min": 7.453, "reach_health_5": false, "reach_health_10": true, "reach_health_15": true, "count_health_10": 1, "dist_transit_m": 505.273, "time_transit_min": 6.316, "reach_transit_5": false, "reach_transit_10": true, "reach_transit_15": true, "count_transit_10": 3, "dist_finance_m": 511.216, "time_finance_min": 6.39, "reach_finance_5": false, "reach_finance_10": true, "reach_finance_15": true, "count_finance_10": 5, "dist_open_space_m": 595.564, "time_open_space_min": 7.445, "reach_open_space_5": false, "reach_open_space_10": true, "reach_open_space_15": true, "count_open_space_10": 2, "groups_within_10": 6, "access_score": 1.0, "access_tier": "high", "mean_BtA5000": 2.216658517718, "mismatch_flag": false}, "geometry": {"type": "MultiPolygon", "coordinates": [[[[79.87036123251839, 6.842559915611812], [79.86984258994731, 6.842559915611812], [79.86958326866176, 6.843005873822586], [79.86984258994731, 6.843451831616812], [79.87036123251839, 6.843451831616812], [79.87062055380396, 6.843005873822586], [79.87036123251839, 6.842559915611812]]]]}}, {"type": "Feature", "properties": {"hex_id": 343, "is_edge": false, "Hex_area": 8660.254, "Hex_area_full": 8660.254, "area_ratio": 1.0, "completeness_class": "core", "snap_ok": true, "analysis_ok": true, "node_id": 7027.0, "dist_food_m": 183.395, "time_food_min": 2.292, "reach_food_5": true, "reach_food_10": true, "reach_food_15": true, "count_food_10": 22, "dist_education_m": 436.747, "time_education_min": 5.459, "reach_education_5": false, "reach_education_10": true, "reach_education_15": true, "count_education_10": 3, "dist_health_m": 569.637, "time_health_min": 7.12, "reach_health_5": false, "reach_health_10": true, "reach_health_15": true, "count_health_10": 1, "dist_transit_m": 527.109, "time_transit_min": 6.589, "reach_transit_5": false, "reach_transit_10": true, "reach_transit_15": true, "count_transit_10": 3, "dist_finance_m": 533.052, "time_finance_min": 6.663, "reach_finance_5": false, "reach_finance_10": true, "reach_finance_15": true, "count_finance_10": 5, "dist_open_space_m": 617.401, "time_open_space_min": 7.718, "reach_open_space_5": false, "reach_open_space_10": true, "reach_open_space_15": true, "count_open_space_10": 2, "groups_within_10": 6, "access_score": 1.0, "access_tier": "high", "mean_BtA5000": 1.9394652508183334, "mismatch_flag": false}, "geometry": {"type": "MultiPolygon", "coordinates": [[[[79.87113919637505, 6.84211395698452], [79.87062055380396, 6.84211395698452], [79.87036123251839, 6.842559915611812], [79.87062055380396, 6.843005873822586], [79.87113919637505, 6.843005873822586], [79.87139851766061, 6.842559915611812], [79.87113919637505, 6.84211395698452]]]]}}, {"type": "Feature", "properties": {"hex_id": 344, "is_edge": false, "Hex_area": 8660.254, "Hex_area_full": 8660.254, "area_ratio": 1.0, "completeness_class": "core", "snap_ok": true, "analysis_ok": true, "node_id": 2830.0, "dist_food_m": 312.106, "time_food_min": 3.901, "reach_food_5": true, "reach_food_10": true, "reach_food_15": true, "count_food_10": 17, "dist_education_m": 565.457, "time_education_min": 7.068, "reach_education_5": false, "reach_education_10": true, "reach_education_15": true, "count_education_10": 2, "dist_health_m": 698.348, "time_health_min": 8.729, "reach_health_5": false, "reach_health_10": true, "reach_health_15": true, "count_health_10": 1, "dist_transit_m": 655.82, "time_transit_min": 8.198, "reach_transit_5": false, "reach_transit_10": true, "reach_transit_15": true, "count_transit_10": 2, "dist_finance_m": 661.763, "time_finance_min": 8.272, "reach_finance_5": false, "reach_finance_10": true, "reach_finance_15": true, "count_finance_10": 5, "dist_open_space_m": 746.112, "time_open_space_min": 9.326, "reach_open_space_5": false, "reach_open_space_10": true, "reach_open_space_15": true, "count_open_space_10": 1, "groups_within_10": 6, "access_score": 1.0, "access_tier": "high", "mean_BtA5000": 5.234164655208333, "mismatch_flag": false}, "geometry": {"type": "MultiPolygon", "coordinates": [[[[79.8719171602317, 6.842559915611812], [79.87139851766061, 6.842559915611812], [79.87113919637505, 6.843005873822586], [79.87139851766061, 6.843451831616812], [79.8719171602317, 6.843451831616812], [79.87217648151724, 6.843005873822586], [79.8719171602317, 6.842559915611812]]]]}}, {"type": "Feature", "properties": {"hex_id": 345, "is_edge": false, "Hex_area": 8660.254, "Hex_area_full": 8660.254, "area_ratio": 1.0, "completeness_class": "core", "snap_ok": true, "analysis_ok": true, "node_id": 7028.0, "dist_food_m": 313.585, "time_food_min": 3.92, "reach_food_5": true, "reach_food_10": true, "reach_food_15": true, "count_food_10": 13, "dist_education_m": 677.511, "time_education_min": 8.469, "reach_education_5": false, "reach_education_10": true, "reach_education_15": true, "count_education_10": 2, "dist_health_m": 810.401, "time_health_min": 10.13, "reach_health_5": false, "reach_health_10": false, "reach_health_15": true, "count_health_10": 0, "dist_transit_m": 767.874, "time_transit_min": 9.598, "reach_transit_5": false, "reach_transit_10": true, "reach_transit_15": true, "count_transit_10": 1, "dist_finance_m": 773.817, "time_finance_min": 9.673, "reach_finance_5": false, "reach_finance_10": true, "reach_finance_15": true, "count_finance_10": 3, "dist_open_space_m": 858.165, "time_open_space_min": 10.727, "reach_open_space_5": false, "reach_open_space_10": false, "reach_open_space_15": true, "count_open_space_10": 0, "groups_within_10": 4, "access_score": 0.6667, "access_tier": "medium", "mean_BtA5000": 7.058885698515556, "mismatch_flag": false}, "geometry": {"type": "MultiPolygon", "coordinates": [[[[79.87269512408835, 6.84211395698452], [79.87217648151724, 6.84211395698452], [79.8719171602317, 6.842559915611812], [79.87217648151724, 6.843005873822586], [79.87269512408835, 6.843005873822586], [79.87295444537388, 6.842559915611812], [79.87269512408835, 6.84211395698452]]]]}}, {"type": "Feature", "properties": {"hex_id": 346, "is_edge": false, "Hex_area": 8660.254, "Hex_area_full": 8660.254, "area_ratio": 1.0, "completeness_class": "core", "snap_ok": true, "analysis_ok": true, "node_id": 7029.0, "dist_food_m": 165.057, "time_food_min": 2.063, "reach_food_5": true, "reach_food_10": true, "reach_food_15": true, "count_food_10": 11, "dist_education_m": 787.313, "time_education_min": 9.841, "reach_education_5": false, "reach_education_10": true, "reach_education_15": true, "count_education_10": 2, "dist_health_m": 776.804, "time_health_min": 9.71, "reach_health_5": false, "reach_health_10": true, "reach_health_15": true, "count_health_10": 1, "dist_transit_m": 877.675, "time_transit_min": 10.971, "reach_transit_5": false, "reach_transit_10": false, "reach_transit_15": true, "count_transit_10": 0, "dist_finance_m": 883.618, "time_finance_min": 11.045, "reach_finance_5": false, "reach_finance_10": false, "reach_finance_15": true, "count_finance_10": 0, "dist_open_space_m": 967.967, "time_open_space_min": 12.1, "reach_open_space_5": false, "reach_open_space_10": false, "reach_open_space_15": true, "count_open_space_10": 0, "groups_within_10": 3, "access_score": 0.5, "access_tier": "medium", "mean_BtA5000": 5.8841653317225004, "mismatch_flag": false}, "geometry": {"type": "MultiPolygon", "coordinates": [[[[79.873473087945, 6.842559915611812], [79.87295444537388, 6.842559915611812], [79.87269512408835, 6.843005873822586], [79.87295444537388, 6.843451831616812], [79.873473087945, 6.843451831616812], [79.87373240923056, 6.843005873822586], [79.873473087945, 6.842559915611812]]]]}}, {"type": "Feature", "properties": {"hex_id": 347, "is_edge": false, "Hex_area": 8660.254, "Hex_area_full": 8660.254, "area_ratio": 1.0, "completeness_class": "core", "snap_ok": true, "analysis_ok": true, "node_id": 7030.0, "dist_food_m": 61.535, "time_food_min": 0.769, "reach_food_5": true, "reach_food_10": true, "reach_food_15": true, "count_food_10": 12, "dist_education_m": 879.039, "time_education_min": 10.988, "reach_education_5": false, "reach_education_10": false, "reach_education_15": true, "count_education_10": 0, "dist_health_m": 750.05, "time_health_min": 9.376, "reach_health_5": false, "reach_health_10": true, "reach_health_15": true, "count_health_10": 1, "dist_transit_m": 969.402, "time_transit_min": 12.118, "reach_transit_5": false, "reach_transit_10": false, "reach_transit_15": true, "count_transit_10": 0, "dist_finance_m": 975.345, "time_finance_min": 12.192, "reach_finance_5": false, "reach_finance_10": false, "reach_finance_15": true, "count_finance_10": 0, "dist_open_space_m": 1059.694, "time_open_space_min": 13.246, "reach_open_space_5": false, "reach_open_space_10": false, "reach_open_space_15": true, "count_open_space_10": 0, "groups_within_10": 2, "access_score": 0.3333, "access_tier": "low", "mean_BtA5000": 6.359153974058, "mismatch_flag": true}, "geometry": {"type": "MultiPolygon", "coordinates": [[[[79.87425105180162, 6.84211395698452], [79.87373240923056, 6.84211395698452], [79.873473087945, 6.842559915611812], [79.87373240923056, 6.843005873822586], [79.87425105180162, 6.843005873822586], [79.87451037308719, 6.842559915611812], [79.87425105180162, 6.84211395698452]]]]}}, {"type": "Feature", "properties": {"hex_id": 348, "is_edge": false, "Hex_area": 8660.254, "Hex_area_full": 8660.254, "area_ratio": 1.0, "completeness_class": "core", "snap_ok": true, "analysis_ok": true, "node_id": 1340.0, "dist_food_m": 252.047, "time_food_min": 3.151, "reach_food_5": true, "reach_food_10": true, "reach_food_15": true, "count_food_10": 7, "dist_education_m": 969.318, "time_education_min": 12.116, "reach_education_5": false, "reach_education_10": false, "reach_education_15": true, "count_education_10": 0, "dist_health_m": 863.795, "time_health_min": 10.797, "reach_health_5": false, "reach_health_10": false, "reach_health_15": true, "count_health_10": 0, "dist_transit_m": 1059.68, "time_transit_min": 13.246, "reach_transit_5": false, "reach_transit_10": false, "reach_transit_15": true, "count_transit_10": 0, "dist_finance_m": 1065.623, "time_finance_min": 13.32, "reach_finance_5": false, "reach_finance_10": false, "reach_finance_15": true, "count_finance_10": 0, "dist_open_space_m": 1149.972, "time_open_space_min": 14.375, "reach_open_space_5": false, "reach_open_space_10": false, "reach_open_space_15": true, "count_open_space_10": 0, "groups_within_10": 1, "access_score": 0.1667, "access_tier": "low", "mean_BtA5000": 0.33333334327, "mismatch_flag": false}, "geometry": {"type": "MultiPolygon", "coordinates": [[[[79.8750290156583, 6.842559915611812], [79.87451037308719, 6.842559915611812], [79.87425105180162, 6.843005873822586], [79.87451037308719, 6.843451831616812], [79.8750290156583, 6.843451831616812], [79.87528833694384, 6.843005873822586], [79.8750290156583, 6.842559915611812]]]]}}, {"type": "Feature", "properties": {"hex_id": 349, "is_edge": true, "Hex_area": 7674.3045, "Hex_area_full": 8660.254, "area_ratio": 0.886152, "completeness_class": "partial", "snap_ok": true, "analysis_ok": false, "node_id": 7031.0, "dist_food_m": 191.665, "time_food_min": 2.396, "reach_food_5": true, "reach_food_10": true, "reach_food_15": true, "count_food_10": 4, "dist_education_m": 1059.874, "time_education_min": 13.248, "reach_education_5": false, "reach_education_10": false, "reach_education_15": true, "count_education_10": 0, "dist_health_m": 920.072, "time_health_min": 11.501, "reach_health_5": false, "reach_health_10": false, "reach_health_15": true, "count_health_10": 0, "dist_transit_m": 1150.236, "time_transit_min": 14.378, "reach_transit_5": false, "reach_transit_10": false, "reach_transit_15": true, "count_transit_10": 0, "dist_finance_m": 1156.179, "time_finance_min": 14.452, "reach_finance_5": false, "reach_finance_10": false, "reach_finance_15": true, "count_finance_10": 0, "dist_open_space_m": 1240.528, "time_open_space_min": 15.507, "reach_open_space_5": false, "reach_open_space_10": false, "reach_open_space_15": false, "count_open_space_10": 0, "groups_within_10": 1, "access_score": 0.1667, "access_tier": "excluded", "mean_BtA5000": 10.06109108925, "mismatch_flag": false}, "geometry": {"type": "MultiPolygon", "coordinates": [[[[79.87580697951495, 6.84211395698452], [79.87528833694384, 6.84211395698452], [79.8750290156583, 6.842559915611812], [79.87528833694384, 6.843005873822586], [79.8757669863212, 6.843005873822586], [79.8757781424342, 6.84295479333823], [79.87579385909503, 6.842882506481957], [79.87580826545177, 6.84281589411595], [79.87582136150445, 6.842754956240206], [79.875833147253, 6.842699692854728], [79.87584362269747, 6.842650103959512], [79.87585278783786, 6.84260618955456], [79.87586064267411, 6.842567949639875], [79.87586755059729, 6.8425342031946945], [79.87587351160741, 6.8425049502190225], [79.8758785257044, 6.842480190712859], [79.87588259288832, 6.8424599246762], [79.87588571315914, 6.84244415210905], [79.87588788651685, 6.842432873011407], [79.87588911296149, 6.84242608738327], [79.87588939249304, 6.842423795224642], [79.87589018566378, 6.842420839178605], [79.8758914924737, 6.842417219245162], [79.87589331292287, 6.84241293542431], [79.87589564701123, 6.842407987716049], [79.87589849473879, 6.842402376120381], [79.87590185610557, 6.842396100637306], [79.87590573111153, 6.842389161266822], [79.87591011975672, 6.842381558008929], [79.87591467262669, 6.842374167893839], [79.87591938972142, 6.842366990921547], [79.87592427104094, 6.842360027092052], [79.87592931658524, 6.842353276405358], [79.8759345263543, 6.842346738861466], [79.87593916551735, 6.842341279248286], [79.87580697951495, 6.84211395698452]]]]}}, {"type": "Feature", "properties": {"hex_id": 350, "is_edge": true, "Hex_area": 68.1309, "Hex_area_full": 8660.254, "area_ratio": 0.007867, "completeness_class": "sliver", "snap_ok": false, "analysis_ok": false, "node_id": null, "dist_food_m": null, "time_food_min": null, "reach_food_5": false, "reach_food_10": false, "reach_food_15": false, "count_food_10": 0, "dist_education_m": null, "time_education_min": null, "reach_education_5": false, "reach_education_10": false, "reach_education_15": false, "count_education_10": 0, "dist_health_m": null, "time_health_min": null, "reach_health_5": false, "reach_health_10": false, "reach_health_15": false, "count_health_10": 0, "dist_transit_m": null, "time_transit_min": null, "reach_transit_5": false, "reach_transit_10": false, "reach_transit_15": false, "count_transit_10": 0, "dist_finance_m": null, "time_finance_min": null, "reach_finance_5": false, "reach_finance_10": false, "reach_finance_15": false, "count_finance_10": 0, "dist_open_space_m": null, "time_open_space_min": null, "reach_open_space_5": false, "reach_open_space_10": false, "reach_open_space_15": false, "count_open_space_10": 0, "groups_within_10": 0, "access_score": null, "access_tier": "excluded", "mean_BtA5000": null, "mismatch_flag": false}, "geometry": {"type": "MultiPolygon", "coordinates": [[[[79.86206295138084, 6.843451831616812], [79.86200693672275, 6.843355502601022], [79.86200732510115, 6.843359023898341], [79.86200849913362, 6.843375683978132], [79.8620091700093, 6.84339379762193], [79.86200933772822, 6.843413364829741], [79.86200900229039, 6.8434343856015545], [79.86200816369576, 6.84345685993738], [79.86200682194436, 6.843480787837214], [79.86200497703621, 6.843504659830737], [79.86200262897127, 6.843528475917954], [79.86199977774955, 6.843552236098866], [79.86199823745753, 6.843563120829297], [79.86206295138084, 6.843451831616812]]]]}}, {"type": "Feature", "properties": {"hex_id": 351, "is_edge": true, "Hex_area": 8220.7345, "Hex_area_full": 8660.254, "area_ratio": 0.949249, "completeness_class": "near_complete", "snap_ok": true, "analysis_ok": true, "node_id": 2315.0, "dist_food_m": 0.0, "time_food_min": 0.0, "reach_food_5": true, "reach_food_10": true, "reach_food_15": true, "count_food_10": 21, "dist_education_m": 811.438, "time_education_min": 10.143, "reach_education_5": false, "reach_education_10": false, "reach_education_15": true, "count_education_10": 0, "dist_health_m": 991.076, "time_health_min": 12.388, "reach_health_5": false, "reach_health_10": false, "reach_health_15": true, "count_health_10": 0, "dist_transit_m": 476.037, "time_transit_min": 5.95, "reach_transit_5": false, "reach_transit_10": true, "reach_transit_15": true, "count_transit_10": 2, "dist_finance_m": 716.22, "time_finance_min": 8.953, "reach_finance_5": false, "reach_finance_10": true, "reach_finance_15": true, "count_finance_10": 4, "dist_open_space_m": 545.445, "time_open_space_min": 6.818, "reach_open_space_5": false, "reach_open_space_10": true, "reach_open_space_15": true, "count_open_space_10": 1, "groups_within_10": 4, "access_score": 0.6667, "access_tier": "medium", "mean_BtA5000": null, "mismatch_flag": false}, "geometry": {"type": "MultiPolygon", "coordinates": [[[[79.86206295138084, 6.844343745955532], [79.86258159395194, 6.844343745955532], [79.86284091523748, 6.843897788994471], [79.86258159395194, 6.843451831616812], [79.86206295138084, 6.843451831616812], [79.86199823745753, 6.843563120829297], [79.86199642337108, 6.843575940373464], [79.86199256583582, 6.843599588741758], [79.86198820514382, 6.843623181203742], [79.861983341295, 6.8436467177594205], [79.86197797428943, 6.84367019840879], [79.8619728868154, 6.84369320385454], [79.8619680788729, 6.843715734096673], [79.86196355046195, 6.8437377891351865], [79.86195930158253, 6.843759368970083], [79.86195533223467, 6.843780473601361], [79.86195164241835, 6.843801103029021], [79.86194823213356, 6.843821257253061], [79.86194510138031, 6.843840936273487], [79.86194216629913, 6.843860447574986], [79.86193942689005, 6.843879791157563], [79.861936883153, 6.843898967021213], [79.86193453508808, 6.84391797516594], [79.86193238269522, 6.843936815591744], [79.86193042597444, 6.843955488298622], [79.86192866492576, 6.8439739932865775], [79.86192709954912, 6.84399233055561], [79.86192592551666, 6.84401332337427], [79.86192514282834, 6.844036971742563], [79.8619247514842, 6.844063275660488], [79.8619247514842, 6.844092235128042], [79.86192492662107, 6.844106383685654], [79.86206295138084, 6.844343745955532]]]]}}, {"type": "Feature", "properties": {"hex_id": 352, "is_edge": false, "Hex_area": 8660.254, "Hex_area_full": 8660.254, "area_ratio": 1.0, "completeness_class": "core", "snap_ok": true, "analysis_ok": true, "node_id": 7032.0, "dist_food_m": 20.563, "time_food_min": 0.257, "reach_food_5": true, "reach_food_10": true, "reach_food_15": true, "count_food_10": 22, "dist_education_m": 790.875, "time_education_min": 9.886, "reach_education_5": false, "reach_education_10": true, "reach_education_15": true, "count_education_10": 1, "dist_health_m": 970.513, "time_health_min": 12.131, "reach_health_5": false, "reach_health_10": false, "reach_health_15": true, "count_health_10": 0, "dist_transit_m": 455.474, "time_transit_min": 5.693, "reach_transit_5": false, "reach_transit_10": true, "reach_transit_15": true, "count_transit_10": 2, "dist_finance_m": 695.657, "time_finance_min": 8.696, "reach_finance_5": false, "reach_finance_10": true, "reach_finance_15": true, "count_finance_10": 5, "dist_open_space_m": 524.882, "time_open_space_min": 6.561, "reach_open_space_5": false, "reach_open_space_10": true, "reach_open_space_15": true, "count_open_space_10": 1, "groups_within_10": 5, "access_score": 0.8333, "access_tier": "high", "mean_BtA5000": 0.33333334327, "mismatch_flag": false}, "geometry": {"type": "MultiPolygon", "coordinates": [[[[79.8633595578086, 6.843005873822586], [79.86284091523748, 6.843005873822586], [79.86258159395194, 6.843451831616812], [79.86284091523748, 6.843897788994471], [79.8633595578086, 6.843897788994471], [79.86361887909413, 6.843451831616812], [79.8633595578086, 6.843005873822586]]]]}}, {"type": "Feature", "properties": {"hex_id": 353, "is_edge": false, "Hex_area": 8660.254, "Hex_area_full": 8660.254, "area_ratio": 1.0, "completeness_class": "core", "snap_ok": true, "analysis_ok": true, "node_id": 7033.0, "dist_food_m": 135.966, "time_food_min": 1.7, "reach_food_5": true, "reach_food_10": true, "reach_food_15": true, "count_food_10": 27, "dist_education_m": 663.305, "time_education_min": 8.291, "reach_education_5": false, "reach_education_10": true, "reach_education_15": true, "count_education_10": 3, "dist_health_m": 842.943, "time_health_min": 10.537, "reach_health_5": false, "reach_health_10": false, "reach_health_15": true, "count_health_10": 0, "dist_transit_m": 327.904, "time_transit_min": 4.099, "reach_transit_5": true, "reach_transit_10": true, "reach_transit_15": true, "count_transit_10": 4, "dist_finance_m": 568.087, "time_finance_min": 7.101, "reach_finance_5": false, "reach_finance_10": true, "reach_finance_15": true, "count_finance_10": 8, "dist_open_space_m": 397.312, "time_open_space_min": 4.966, "reach_open_space_5": true, "reach_open_space_10": true, "reach_open_space_15": true, "count_open_space_10": 2, "groups_within_10": 5, "access_score": 0.8333, "access_tier": "high", "mean_BtA5000": 0.3333333234, "mismatch_flag": false}, "geometry": {"type": "MultiPolygon", "coordinates": [[[[79.86413752166523, 6.843451831616812], [79.86361887909413, 6.843451831616812], [79.8633595578086, 6.843897788994471], [79.86361887909413, 6.844343745955532], [79.86413752166523, 6.844343745955532], [79.86439684295078, 6.843897788994471], [79.86413752166523, 6.843451831616812]]]]}}, {"type": "Feature", "properties": {"hex_id": 354, "is_edge": false, "Hex_area": 8660.254, "Hex_area_full": 8660.254, "area_ratio": 1.0, "completeness_class": "core", "snap_ok": true, "analysis_ok": true, "node_id": 7034.0, "dist_food_m": 145.321, "time_food_min": 1.817, "reach_food_5": true, "reach_food_10": true, "reach_food_15": true, "count_food_10": 26, "dist_education_m": 672.661, "time_education_min": 8.408, "reach_education_5": false, "reach_education_10": true, "reach_education_15": true, "count_education_10": 3, "dist_health_m": 883.815, "time_health_min": 11.048, "reach_health_5": false, "reach_health_10": false, "reach_health_15": true, "count_health_10": 0, "dist_transit_m": 337.26, "time_transit_min": 4.216, "reach_transit_5": true, "reach_transit_10": true, "reach_transit_15": true, "count_transit_10": 3, "dist_finance_m": 577.443, "time_finance_min": 7.218, "reach_finance_5": false, "reach_finance_10": true, "reach_finance_15": true, "count_finance_10": 8, "dist_open_space_m": 406.668, "time_open_space_min": 5.083, "reach_open_space_5": false, "reach_open_space_10": true, "reach_open_space_15": true, "count_open_space_10": 2, "groups_within_10": 5, "access_score": 0.8333, "access_tier": "high", "mean_BtA5000": 0.33333334327, "mismatch_flag": false}, "geometry": {"type": "MultiPolygon", "coordinates": [[[[79.86491548552188, 6.843005873822586], [79.86439684295078, 6.843005873822586], [79.86413752166523, 6.843451831616812], [79.86439684295078, 6.843897788994471], [79.86491548552188, 6.843897788994471], [79.8651748068074, 6.843451831616812], [79.86491548552188, 6.843005873822586]]]]}}, {"type": "Feature", "properties": {"hex_id": 355, "is_edge": false, "Hex_area": 8660.254, "Hex_area_full": 8660.254, "area_ratio": 1.0, "completeness_class": "core", "snap_ok": true, "analysis_ok": true, "node_id": 3342.0, "dist_food_m": 107.287, "time_food_min": 1.341, "reach_food_5": true, "reach_food_10": true, "reach_food_15": true, "count_food_10": 41, "dist_education_m": 383.083, "time_education_min": 4.789, "reach_education_5": true, "reach_education_10": true, "reach_education_15": true, "count_education_10": 3, "dist_health_m": 707.748, "time_health_min": 8.847, "reach_health_5": false, "reach_health_10": true, "reach_health_15": true, "count_health_10": 3, "dist_transit_m": 161.193, "time_transit_min": 2.015, "reach_transit_5": true, "reach_transit_10": true, "reach_transit_15": true, "count_transit_10": 4, "dist_finance_m": 353.918, "time_finance_min": 4.424, "reach_finance_5": true, "reach_finance_10": true, "reach_finance_15": true, "count_finance_10": 10, "dist_open_space_m": 194.38, "time_open_space_min": 2.43, "reach_open_space_5": true, "reach_open_space_10": true, "reach_open_space_15": true, "count_open_space_10": 2, "groups_within_10": 6, "access_score": 1.0, "access_tier": "high", "mean_BtA5000": 0.33333334327, "mismatch_flag": false}, "geometry": {"type": "MultiPolygon", "coordinates": [[[[79.86569344937851, 6.843451831616812], [79.8651748068074, 6.843451831616812], [79.86491548552188, 6.843897788994471], [79.8651748068074, 6.844343745955532], [79.86569344937851, 6.844343745955532], [79.86595277066408, 6.843897788994471], [79.86569344937851, 6.843451831616812]]]]}}, {"type": "Feature", "properties": {"hex_id": 356, "is_edge": false, "Hex_area": 8660.254, "Hex_area_full": 8660.254, "area_ratio": 1.0, "completeness_class": "core", "snap_ok": true, "analysis_ok": true, "node_id": 7035.0, "dist_food_m": 42.382, "time_food_min": 0.53, "reach_food_5": true, "reach_food_10": true, "reach_food_15": true, "count_food_10": 48, "dist_education_m": 274.614, "time_education_min": 3.433, "reach_education_5": true, "reach_education_10": true, "reach_education_15": true, "count_education_10": 4, "dist_health_m": 661.251, "time_health_min": 8.266, "reach_health_5": false, "reach_health_10": true, "reach_health_15": true, "count_health_10": 3, "dist_transit_m": 126.971, "time_transit_min": 1.587, "reach_transit_5": true, "reach_transit_10": true, "reach_transit_15": true, "count_transit_10": 6, "dist_finance_m": 245.449, "time_finance_min": 3.068, "reach_finance_5": true, "reach_finance_10": true, "reach_finance_15": true, "count_finance_10": 11, "dist_open_space_m": 160.157, "time_open_space_min": 2.002, "reach_open_space_5": true, "reach_open_space_10": true, "reach_open_space_15": true, "count_open_space_10": 2, "groups_within_10": 6, "access_score": 1.0, "access_tier": "high", "mean_BtA5000": 79.230993658306, "mismatch_flag": false}, "geometry": {"type": "MultiPolygon", "coordinates": [[[[79.86647141323516, 6.843005873822586], [79.86595277066408, 6.843005873822586], [79.86569344937851, 6.843451831616812], [79.86595277066408, 6.843897788994471], [79.86647141323516, 6.843897788994471], [79.86673073452073, 6.843451831616812], [79.86647141323516, 6.843005873822586]]]]}}, {"type": "Feature", "properties": {"hex_id": 357, "is_edge": false, "Hex_area": 8660.254, "Hex_area_full": 8660.254, "area_ratio": 1.0, "completeness_class": "core", "snap_ok": true, "analysis_ok": true, "node_id": 7036.0, "dist_food_m": 116.196, "time_food_min": 1.452, "reach_food_5": true, "reach_food_10": true, "reach_food_15": true, "count_food_10": 41, "dist_education_m": 349.002, "time_education_min": 4.363, "reach_education_5": true, "reach_education_10": true, "reach_education_15": true, "count_education_10": 4, "dist_health_m": 687.921, "time_health_min": 8.599, "reach_health_5": false, "reach_health_10": true, "reach_health_15": true, "count_health_10": 3, "dist_transit_m": 142.413, "time_transit_min": 1.78, "reach_transit_5": true, "reach_transit_10": true, "reach_transit_15": true, "count_transit_10": 5, "dist_finance_m": 253.784, "time_finance_min": 3.172, "reach_finance_5": true, "reach_finance_10": true, "reach_finance_15": true, "count_finance_10": 10, "dist_open_space_m": 160.239, "time_open_space_min": 2.003, "reach_open_space_5": true, "reach_open_space_10": true, "reach_open_space_15": true, "count_open_space_10": 2, "groups_within_10": 6, "access_score": 1.0, "access_tier": "high", "mean_BtA5000": 0.3333333234, "mismatch_flag": false}, "geometry": {"type": "MultiPolygon", "coordinates": [[[[79.86724937709182, 6.843451831616812], [79.86673073452073, 6.843451831616812], [79.86647141323516, 6.843897788994471], [79.86673073452073, 6.844343745955532], [79.86724937709182, 6.844343745955532], [79.86750869837736, 6.843897788994471], [79.86724937709182, 6.843451831616812]]]]}}, {"type": "Feature", "properties": {"hex_id": 358, "is_edge": false, "Hex_area": 8660.254, "Hex_area_full": 8660.254, "area_ratio": 1.0, "completeness_class": "core", "snap_ok": true, "analysis_ok": true, "node_id": 7037.0, "dist_food_m": 155.495, "time_food_min": 1.944, "reach_food_5": true, "reach_food_10": true, "reach_food_15": true, "count_food_10": 38, "dist_education_m": 347.012, "time_education_min": 4.338, "reach_education_5": true, "reach_education_10": true, "reach_education_15": true, "count_education_10": 3, "dist_health_m": 739.128, "time_health_min": 9.239, "reach_health_5": false, "reach_health_10": true, "reach_health_15": true, "count_health_10": 1, "dist_transit_m": 282.022, "time_transit_min": 3.525, "reach_transit_5": true, "reach_transit_10": true, "reach_transit_15": true, "count_transit_10": 5, "dist_finance_m": 251.794, "time_finance_min": 3.147, "reach_finance_5": true, "reach_finance_10": true, "reach_finance_15": true, "count_finance_10": 9, "dist_open_space_m": 299.848, "time_open_space_min": 3.748, "reach_open_space_5": true, "reach_open_space_10": true, "reach_open_space_15": true, "count_open_space_10": 2, "groups_within_10": 6, "access_score": 1.0, "access_tier": "high", "mean_BtA5000": 0.33333334327, "mismatch_flag": false}, "geometry": {"type": "MultiPolygon", "coordinates": [[[[79.86802734094847, 6.843005873822586], [79.86750869837736, 6.843005873822586], [79.86724937709182, 6.843451831616812], [79.86750869837736, 6.843897788994471], [79.86802734094847, 6.843897788994471], [79.868286662234, 6.843451831616812], [79.86802734094847, 6.843005873822586]]]]}}, {"type": "Feature", "properties": {"hex_id": 359, "is_edge": false, "Hex_area": 8660.254, "Hex_area_full": 8660.254, "area_ratio": 1.0, "completeness_class": "core", "snap_ok": true, "analysis_ok": true, "node_id": 7038.0, "dist_food_m": 182.317, "time_food_min": 2.279, "reach_food_5": true, "reach_food_10": true, "reach_food_15": true, "count_food_10": 30, "dist_education_m": 395.126, "time_education_min": 4.939, "reach_education_5": true, "reach_education_10": true, "reach_education_15": true, "count_education_10": 4, "dist_health_m": 880.377, "time_health_min": 11.005, "reach_health_5": false, "reach_health_10": false, "reach_health_15": true, "count_health_10": 0, "dist_transit_m": 471.321, "time_transit_min": 5.892, "reach_transit_5": false, "reach_transit_10": true, "reach_transit_15": true, "count_transit_10": 3, "dist_finance_m": 616.798, "time_finance_min": 7.71, "reach_finance_5": false, "reach_finance_10": true, "reach_finance_15": true, "count_finance_10": 8, "dist_open_space_m": 416.289, "time_open_space_min": 5.204, "reach_open_space_5": false, "reach_open_space_10": true, "reach_open_space_15": true, "count_open_space_10": 2, "groups_within_10": 5, "access_score": 0.8333, "access_tier": "high", "mean_BtA5000": 0.33333334327, "mismatch_flag": false}, "geometry": {"type": "MultiPolygon", "coordinates": [[[[79.86880530480511, 6.843451831616812], [79.868286662234, 6.843451831616812], [79.86802734094847, 6.843897788994471], [79.868286662234, 6.844343745955532], [79.86880530480511, 6.844343745955532], [79.86906462609065, 6.843897788994471], [79.86880530480511, 6.843451831616812]]]]}}, {"type": "Feature", "properties": {"hex_id": 360, "is_edge": false, "Hex_area": 8660.254, "Hex_area_full": 8660.254, "area_ratio": 1.0, "completeness_class": "core", "snap_ok": true, "analysis_ok": true, "node_id": 7039.0, "dist_food_m": 83.819, "time_food_min": 1.048, "reach_food_5": true, "reach_food_10": true, "reach_food_15": true, "count_food_10": 32, "dist_education_m": 128.991, "time_education_min": 1.612, "reach_education_5": true, "reach_education_10": true, "reach_education_15": true, "count_education_10": 3, "dist_health_m": 690.762, "time_health_min": 8.635, "reach_health_5": false, "reach_health_10": true, "reach_health_15": true, "count_health_10": 1, "dist_transit_m": 402.467, "time_transit_min": 5.031, "reach_transit_5": false, "reach_transit_10": true, "reach_transit_15": true, "count_transit_10": 3, "dist_finance_m": 350.662, "time_finance_min": 4.383, "reach_finance_5": true, "reach_finance_10": true, "reach_finance_15": true, "count_finance_10": 8, "dist_open_space_m": 523.044, "time_open_space_min": 6.538, "reach_open_space_5": false, "reach_open_space_10": true, "reach_open_space_15": true, "count_open_space_10": 2, "groups_within_10": 6, "access_score": 1.0, "access_tier": "high", "mean_BtA5000": 2.758538886905, "mismatch_flag": false}, "geometry": {"type": "MultiPolygon", "coordinates": [[[[79.86958326866176, 6.843005873822586], [79.86906462609065, 6.843005873822586], [79.86880530480511, 6.843451831616812], [79.86906462609065, 6.843897788994471], [79.86958326866176, 6.843897788994471], [79.86984258994731, 6.843451831616812], [79.86958326866176, 6.843005873822586]]]]}}, {"type": "Feature", "properties": {"hex_id": 361, "is_edge": false, "Hex_area": 8660.254, "Hex_area_full": 8660.254, "area_ratio": 1.0, "completeness_class": "core", "snap_ok": true, "analysis_ok": true, "node_id": 3612.0, "dist_food_m": 121.26, "time_food_min": 1.516, "reach_food_5": true, "reach_food_10": true, "reach_food_15": true, "count_food_10": 31, "dist_education_m": 421.975, "time_education_min": 5.275, "reach_education_5": false, "reach_education_10": true, "reach_education_15": true, "count_education_10": 5, "dist_health_m": 907.226, "time_health_min": 11.34, "reach_health_5": false, "reach_health_10": false, "reach_health_15": true, "count_health_10": 0, "dist_transit_m": 517.661, "time_transit_min": 6.471, "reach_transit_5": false, "reach_transit_10": true, "reach_transit_15": true, "count_transit_10": 3, "dist_finance_m": 643.647, "time_finance_min": 8.046, "reach_finance_5": false, "reach_finance_10": true, "reach_finance_15": true, "count_finance_10": 7, "dist_open_space_m": 462.629, "time_open_space_min": 5.783, "reach_open_space_5": false, "reach_open_space_10": true, "reach_open_space_15": true, "count_open_space_10": 2, "groups_within_10": 5, "access_score": 0.8333, "access_tier": "high", "mean_BtA5000": 1.5459361150875, "mismatch_flag": false}, "geometry": {"type": "MultiPolygon", "coordinates": [[[[79.87036123251839, 6.843451831616812], [79.86984258994731, 6.843451831616812], [79.86958326866176, 6.843897788994471], [79.86984258994731, 6.844343745955532], [79.87036123251839, 6.844343745955532], [79.87062055380396, 6.843897788994471], [79.87036123251839, 6.843451831616812]]]]}}, {"type": "Feature", "properties": {"hex_id": 362, "is_edge": false, "Hex_area": 8660.254, "Hex_area_full": 8660.254, "area_ratio": 1.0, "completeness_class": "core", "snap_ok": true, "analysis_ok": true, "node_id": 7040.0, "dist_food_m": 195.575, "time_food_min": 2.445, "reach_food_5": true, "reach_food_10": true, "reach_food_15": true, "count_food_10": 24, "dist_education_m": 479.271, "time_education_min": 5.991, "reach_education_5": false, "reach_education_10": true, "reach_education_15": true, "count_education_10": 3, "dist_health_m": 660.564, "time_health_min": 8.257, "reach_health_5": false, "reach_health_10": true, "reach_health_15": true, "count_health_10": 1, "dist_transit_m": 569.633, "time_transit_min": 7.12, "reach_transit_5": false, "reach_transit_10": true, "reach_transit_15": true, "count_transit_10": 3, "dist_finance_m": 575.576, "time_finance_min": 7.195, "reach_finance_5": false, "reach_finance_10": true, "reach_finance_15": true, "count_finance_10": 5, "dist_open_space_m": 659.925, "time_open_space_min": 8.249, "reach_open_space_5": false, "reach_open_space_10": true, "reach_open_space_15": true, "count_open_space_10": 2, "groups_within_10": 6, "access_score": 1.0, "access_tier": "high", "mean_BtA5000": 2.4646072040016667, "mismatch_flag": false}, "geometry": {"type": "MultiPolygon", "coordinates": [[[[79.87113919637505, 6.843005873822586], [79.87062055380396, 6.843005873822586], [79.87036123251839, 6.843451831616812], [79.87062055380396, 6.843897788994471], [79.87113919637505, 6.843897788994471], [79.87139851766061, 6.843451831616812], [79.87113919637505, 6.843005873822586]]]]}}, {"type": "Feature", "properties": {"hex_id": 363, "is_edge": false, "Hex_area": 8660.254, "Hex_area_full": 8660.254, "area_ratio": 1.0, "completeness_class": "core", "snap_ok": true, "analysis_ok": true, "node_id": 7041.0, "dist_food_m": 65.336, "time_food_min": 0.817, "reach_food_5": true, "reach_food_10": true, "reach_food_15": true, "count_food_10": 21, "dist_education_m": 558.996, "time_education_min": 6.987, "reach_education_5": false, "reach_education_10": true, "reach_education_15": true, "count_education_10": 4, "dist_health_m": 740.289, "time_health_min": 9.254, "reach_health_5": false, "reach_health_10": true, "reach_health_15": true, "count_health_10": 1, "dist_transit_m": 649.358, "time_transit_min": 8.117, "reach_transit_5": false, "reach_transit_10": true, "reach_transit_15": true, "count_transit_10": 2, "dist_finance_m": 655.301, "time_finance_min": 8.191, "reach_finance_5": false, "reach_finance_10": true, "reach_finance_15": true, "count_finance_10": 5, "dist_open_space_m": 739.65, "time_open_space_min": 9.246, "reach_open_space_5": false, "reach_open_space_10": true, "reach_open_space_15": true, "count_open_space_10": 2, "groups_within_10": 6, "access_score": 1.0, "access_tier": "high", "mean_BtA5000": 1.168100185695, "mismatch_flag": false}, "geometry": {"type": "MultiPolygon", "coordinates": [[[[79.8719171602317, 6.843451831616812], [79.87139851766061, 6.843451831616812], [79.87113919637505, 6.843897788994471], [79.87139851766061, 6.844343745955532], [79.8719171602317, 6.844343745955532], [79.87217648151724, 6.843897788994471], [79.8719171602317, 6.843451831616812]]]]}}, {"type": "Feature", "properties": {"hex_id": 364, "is_edge": false, "Hex_area": 8660.254, "Hex_area_full": 8660.254, "area_ratio": 1.0, "completeness_class": "core", "snap_ok": true, "analysis_ok": true, "node_id": 7042.0, "dist_food_m": 350.989, "time_food_min": 4.387, "reach_food_5": true, "reach_food_10": true, "reach_food_15": true, "count_food_10": 10, "dist_education_m": 796.501, "time_education_min": 9.956, "reach_education_5": false, "reach_education_10": true, "reach_education_15": true, "count_education_10": 1, "dist_health_m": 1184.311, "time_health_min": 14.804, "reach_health_5": false, "reach_health_10": false, "reach_health_15": true, "count_health_10": 0, "dist_transit_m": 1087.162, "time_transit_min": 13.59, "reach_transit_5": false, "reach_transit_10": false, "reach_transit_15": true, "count_transit_10": 0, "dist_finance_m": 1099.324, "time_finance_min": 13.742, "reach_finance_5": false, "reach_finance_10": false, "reach_finance_15": true, "count_finance_10": 0, "dist_open_space_m": 1082.027, "time_open_space_min": 13.525, "reach_open_space_5": false, "reach_open_space_10": false, "reach_open_space_15": true, "count_open_space_10": 0, "groups_within_10": 2, "access_score": 0.3333, "access_tier": "low", "mean_BtA5000": 0.33333334327, "mismatch_flag": false}, "geometry": {"type": "MultiPolygon", "coordinates": [[[[79.87269512408835, 6.843005873822586], [79.87217648151724, 6.843005873822586], [79.8719171602317, 6.843451831616812], [79.87217648151724, 6.843897788994471], [79.87269512408835, 6.843897788994471], [79.87295444537388, 6.843451831616812], [79.87269512408835, 6.843005873822586]]]]}}, {"type": "Feature", "properties": {"hex_id": 365, "is_edge": false, "Hex_area": 8660.254, "Hex_area_full": 8660.254, "area_ratio": 1.0, "completeness_class": "core", "snap_ok": true, "analysis_ok": true, "node_id": 1352.0, "dist_food_m": 271.509, "time_food_min": 3.394, "reach_food_5": true, "reach_food_10": true, "reach_food_15": true, "count_food_10": 10, "dist_education_m": 899.933, "time_education_min": 11.249, "reach_education_5": false, "reach_education_10": false, "reach_education_15": true, "count_education_10": 0, "dist_health_m": 883.256, "time_health_min": 11.041, "reach_health_5": false, "reach_health_10": false, "reach_health_15": true, "count_health_10": 0, "dist_transit_m": 1079.142, "time_transit_min": 13.489, "reach_transit_5": false, "reach_transit_10": false, "reach_transit_15": true, "count_transit_10": 0, "dist_finance_m": 1085.085, "time_finance_min": 13.564, "reach_finance_5": false, "reach_finance_10": false, "reach_finance_15": true, "count_finance_10": 0, "dist_open_space_m": 1169.434, "time_open_space_min": 14.618, "reach_open_space_5": false, "reach_open_space_10": false, "reach_open_space_15": true, "count_open_space_10": 0, "groups_within_10": 1, "access_score": 0.1667, "access_tier": "low", "mean_BtA5000": 0.33333334327, "mismatch_flag": false}, "geometry": {"type": "MultiPolygon", "coordinates": [[[[79.873473087945, 6.843451831616812], [79.87295444537388, 6.843451831616812], [79.87269512408835, 6.843897788994471], [79.87295444537388, 6.844343745955532], [79.873473087945, 6.844343745955532], [79.87373240923056, 6.843897788994471], [79.873473087945, 6.843451831616812]]]]}}, {"type": "Feature", "properties": {"hex_id": 366, "is_edge": false, "Hex_area": 8660.254, "Hex_area_full": 8660.254, "area_ratio": 1.0, "completeness_class": "core", "snap_ok": true, "analysis_ok": true, "node_id": 7043.0, "dist_food_m": 181.136, "time_food_min": 2.264, "reach_food_5": true, "reach_food_10": true, "reach_food_15": true, "count_food_10": 13, "dist_education_m": 846.778, "time_education_min": 10.585, "reach_education_5": false, "reach_education_10": false, "reach_education_15": true, "count_education_10": 0, "dist_health_m": 792.883, "time_health_min": 9.911, "reach_health_5": false, "reach_health_10": true, "reach_health_15": true, "count_health_10": 1, "dist_transit_m": 988.769, "time_transit_min": 12.36, "reach_transit_5": false, "reach_transit_10": false, "reach_transit_15": true, "count_transit_10": 0, "dist_finance_m": 994.712, "time_finance_min": 12.434, "reach_finance_5": false, "reach_finance_10": false, "reach_finance_15": true, "count_finance_10": 0, "dist_open_space_m": 1079.061, "time_open_space_min": 13.488, "reach_open_space_5": false, "reach_open_space_10": false, "reach_open_space_15": true, "count_open_space_10": 0, "groups_within_10": 2, "access_score": 0.3333, "access_tier": "low", "mean_BtA5000": 2.0112960139933334, "mismatch_flag": false}, "geometry": {"type": "MultiPolygon", "coordinates": [[[[79.87425105180162, 6.843005873822586], [79.87373240923056, 6.843005873822586], [79.873473087945, 6.843451831616812], [79.87373240923056, 6.843897788994471], [79.87425105180162, 6.843897788994471], [79.87451037308719, 6.843451831616812], [79.87425105180162, 6.843005873822586]]]]}}, {"type": "Feature", "properties": {"hex_id": 367, "is_edge": false, "Hex_area": 8660.254, "Hex_area_full": 8660.254, "area_ratio": 1.0, "completeness_class": "core", "snap_ok": true, "analysis_ok": true, "node_id": 3899.0, "dist_food_m": 150.398, "time_food_min": 1.88, "reach_food_5": true, "reach_food_10": true, "reach_food_15": true, "count_food_10": 9, "dist_education_m": 824.406, "time_education_min": 10.305, "reach_education_5": false, "reach_education_10": false, "reach_education_15": true, "count_education_10": 0, "dist_health_m": 1043.395, "time_health_min": 13.042, "reach_health_5": false, "reach_health_10": false, "reach_health_15": true, "count_health_10": 0, "dist_transit_m": 1063.815, "time_transit_min": 13.298, "reach_transit_5": false, "reach_transit_10": false, "reach_transit_15": true, "count_transit_10": 0, "dist_finance_m": 1127.229, "time_finance_min": 14.09, "reach_finance_5": false, "reach_finance_10": false, "reach_finance_15": true, "count_finance_10": 0, "dist_open_space_m": 1109.932, "time_open_space_min": 13.874, "reach_open_space_5": false, "reach_open_space_10": false, "reach_open_space_15": true, "count_open_space_10": 0, "groups_within_10": 1, "access_score": 0.1667, "access_tier": "low", "mean_BtA5000": 0.33333334327, "mismatch_flag": false}, "geometry": {"type": "MultiPolygon", "coordinates": [[[[79.8750290156583, 6.843451831616812], [79.87451037308719, 6.843451831616812], [79.87425105180162, 6.843897788994471], [79.87451037308719, 6.844343745955532], [79.8750290156583, 6.844343745955532], [79.87528833694384, 6.843897788994471], [79.8750290156583, 6.843451831616812]]]]}}, {"type": "Feature", "properties": {"hex_id": 368, "is_edge": true, "Hex_area": 5873.5303, "Hex_area_full": 8660.254, "area_ratio": 0.678217, "completeness_class": "partial", "snap_ok": true, "analysis_ok": false, "node_id": 7044.0, "dist_food_m": 127.528, "time_food_min": 1.594, "reach_food_5": true, "reach_food_10": true, "reach_food_15": true, "count_food_10": 5, "dist_education_m": 1014.973, "time_education_min": 12.687, "reach_education_5": false, "reach_education_10": false, "reach_education_15": true, "count_education_10": 0, "dist_health_m": 944.664, "time_health_min": 11.808, "reach_health_5": false, "reach_health_10": false, "reach_health_15": true, "count_health_10": 0, "dist_transit_m": 1254.382, "time_transit_min": 15.68, "reach_transit_5": false, "reach_transit_10": false, "reach_transit_15": false, "count_transit_10": 0, "dist_finance_m": 1271.67, "time_finance_min": 15.896, "reach_finance_5": false, "reach_finance_10": false, "reach_finance_15": false, "count_finance_10": 0, "dist_open_space_m": 1300.499, "time_open_space_min": 16.256, "reach_open_space_5": false, "reach_open_space_10": false, "reach_open_space_15": false, "count_open_space_10": 0, "groups_within_10": 1, "access_score": 0.1667, "access_tier": "excluded", "mean_BtA5000": 27.317180156710002, "mismatch_flag": false}, "geometry": {"type": "MultiPolygon", "coordinates": [[[[79.87528833694384, 6.843005873822586], [79.8750290156583, 6.843451831616812], [79.87528833694384, 6.843897788994471], [79.87562397741213, 6.843897788994471], [79.87562576629757, 6.843879567532365], [79.87563750662227, 6.843775022736364], [79.87565007156499, 6.843673091560264], [79.87566346112575, 6.8435737740040645], [79.87567767530454, 6.843477070067763], [79.8756927141014, 6.843382979751363], [79.87570857751628, 6.8432915030548624], [79.87572526554925, 6.843202639978263], [79.87574277820022, 6.843116390521563], [79.87576111546926, 6.843032754684762], [79.8757669863212, 6.843005873822586], [79.87528833694384, 6.843005873822586]]]]}}, {"type": "Feature", "properties": {"hex_id": 369, "is_edge": true, "Hex_area": 343.0693, "Hex_area_full": 8660.254, "area_ratio": 0.039614, "completeness_class": "sliver", "snap_ok": false, "analysis_ok": false, "node_id": null, "dist_food_m": null, "time_food_min": null, "reach_food_5": false, "reach_food_10": false, "reach_food_15": false, "count_food_10": 0, "dist_education_m": null, "time_education_min": null, "reach_education_5": false, "reach_education_10": false, "reach_education_15": false, "count_education_10": 0, "dist_health_m": null, "time_health_min": null, "reach_health_5": false, "reach_health_10": false, "reach_health_15": false, "count_health_10": 0, "dist_transit_m": null, "time_transit_min": null, "reach_transit_5": false, "reach_transit_10": false, "reach_transit_15": false, "count_transit_10": 0, "dist_finance_m": null, "time_finance_min": null, "reach_finance_5": false, "reach_finance_10": false, "reach_finance_15": false, "count_finance_10": 0, "dist_open_space_m": null, "time_open_space_min": null, "reach_open_space_5": false, "reach_open_space_10": false, "reach_open_space_15": false, "count_open_space_10": 0, "groups_within_10": 0, "access_score": null, "access_tier": "excluded", "mean_BtA5000": null, "mismatch_flag": false}, "geometry": {"type": "MultiPolygon", "coordinates": [[[[79.86206295138084, 6.844343745955532], [79.86192492662107, 6.844106383685654], [79.86192514282834, 6.844123850145227], [79.86192592551666, 6.844158120712046], [79.86192709954912, 6.844195046828494], [79.86192866492576, 6.844234628494571], [79.86193048188076, 6.844272337299331], [79.86193255041415, 6.844308173242774], [79.86193487052594, 6.844342136324894], [79.8619374422161, 6.8443742265457015], [79.86194026548466, 6.8444044439051845], [79.86194334033159, 6.844432788403353], [79.86194666675692, 6.8444592600402006], [79.86195024476065, 6.844483858815729], [79.86195225738774, 6.844508429638107], [79.86195270463818, 6.844532972507328], [79.86195268654602, 6.8445333691783485], [79.86206295138084, 6.844343745955532]]]]}}, {"type": "Feature", "properties": {"hex_id": 370, "is_edge": true, "Hex_area": 8464.438, "Hex_area_full": 8660.254, "area_ratio": 0.977389, "completeness_class": "core", "snap_ok": true, "analysis_ok": true, "node_id": 491.0, "dist_food_m": 0.0, "time_food_min": 0.0, "reach_food_5": true, "reach_food_10": true, "reach_food_15": true, "count_food_10": 26, "dist_education_m": 725.794, "time_education_min": 9.072, "reach_education_5": false, "reach_education_10": true, "reach_education_15": true, "count_education_10": 3, "dist_health_m": 905.432, "time_health_min": 11.318, "reach_health_5": false, "reach_health_10": false, "reach_health_15": true, "count_health_10": 0, "dist_transit_m": 390.394, "time_transit_min": 4.88, "reach_transit_5": true, "reach_transit_10": true, "reach_transit_15": true, "count_transit_10": 2, "dist_finance_m": 630.576, "time_finance_min": 7.882, "reach_finance_5": false, "reach_finance_10": true, "reach_finance_15": true, "count_finance_10": 7, "dist_open_space_m": 459.801, "time_open_space_min": 5.748, "reach_open_space_5": false, "reach_open_space_10": true, "reach_open_space_15": true, "count_open_space_10": 2, "groups_within_10": 5, "access_score": 0.8333, "access_tier": "high", "mean_BtA5000": null, "mismatch_flag": false}, "geometry": {"type": "MultiPolygon", "coordinates": [[[[79.86206295138084, 6.8452356586277485], [79.86258159395194, 6.8452356586277485], [79.86284091523748, 6.844789702499964], [79.86258159395194, 6.844343745955532], [79.86206295138084, 6.844343745955532], [79.86195268654602, 6.8445333691783485], [79.86195158651205, 6.844557487423395], [79.86194890300925, 6.844581974386306], [79.86194465412983, 6.844606433396066], [79.86193883987382, 6.844630864452671], [79.86193146024115, 6.8446552675561225], [79.86192251523187, 6.844679642706421], [79.86191390566044, 6.844703486746792], [79.86190563152684, 6.844726799677238], [79.8618976928311, 6.844749581497755], [79.86189008957321, 6.844771832208346], [79.86188282175317, 6.844793551809014], [79.86187588937099, 6.8448147402997535], [79.86186929242665, 6.844835397680569], [79.86186303092013, 6.8448555239514555], [79.86185738438301, 6.844874560049337], [79.86185594974972, 6.8448796769081754], [79.86206295138084, 6.8452356586277485]]]]}}, {"type": "Feature", "properties": {"hex_id": 371, "is_edge": false, "Hex_area": 8660.254, "Hex_area_full": 8660.254, "area_ratio": 1.0, "completeness_class": "core", "snap_ok": true, "analysis_ok": true, "node_id": 7045.0, "dist_food_m": 22.93, "time_food_min": 0.287, "reach_food_5": true, "reach_food_10": true, "reach_food_15": true, "count_food_10": 26, "dist_education_m": 702.864, "time_education_min": 8.786, "reach_education_5": false, "reach_education_10": true, "reach_education_15": true, "count_education_10": 3, "dist_health_m": 882.502, "time_health_min": 11.031, "reach_health_5": false, "reach_health_10": false, "reach_health_15": true, "count_health_10": 0, "dist_transit_m": 367.463, "time_transit_min": 4.593, "reach_transit_5": true, "reach_transit_10": true, "reach_transit_15": true, "count_transit_10": 3, "dist_finance_m": 607.646, "time_finance_min": 7.596, "reach_finance_5": false, "reach_finance_10": true, "reach_finance_15": true, "count_finance_10": 8, "dist_open_space_m": 436.871, "time_open_space_min": 5.461, "reach_open_space_5": false, "reach_open_space_10": true, "reach_open_space_15": true, "count_open_space_10": 2, "groups_within_10": 5, "access_score": 0.8333, "access_tier": "high", "mean_BtA5000": 0.33333334327, "mismatch_flag": false}, "geometry": {"type": "MultiPolygon", "coordinates": [[[[79.8633595578086, 6.843897788994471], [79.86284091523748, 6.843897788994471], [79.86258159395194, 6.844343745955532], [79.86284091523748, 6.844789702499964], [79.8633595578086, 6.844789702499964], [79.86361887909413, 6.844343745955532], [79.8633595578086, 6.843897788994471]]]]}}, {"type": "Feature", "properties": {"hex_id": 372, "is_edge": false, "Hex_area": 8660.254, "Hex_area_full": 8660.254, "area_ratio": 1.0, "completeness_class": "core", "snap_ok": true, "analysis_ok": true, "node_id": 7046.0, "dist_food_m": 71.379, "time_food_min": 0.892, "reach_food_5": true, "reach_food_10": true, "reach_food_15": true, "count_food_10": 30, "dist_education_m": 671.927, "time_education_min": 8.399, "reach_education_5": false, "reach_education_10": true, "reach_education_15": true, "count_education_10": 3, "dist_health_m": 733.744, "time_health_min": 9.172, "reach_health_5": false, "reach_health_10": true, "reach_health_15": true, "count_health_10": 1, "dist_transit_m": 336.526, "time_transit_min": 4.207, "reach_transit_5": true, "reach_transit_10": true, "reach_transit_15": true, "count_transit_10": 4, "dist_finance_m": 466.86, "time_finance_min": 5.836, "reach_finance_5": false, "reach_finance_10": true, "reach_finance_15": true, "count_finance_10": 9, "dist_open_space_m": 405.934, "time_open_space_min": 5.074, "reach_open_space_5": false, "reach_open_space_10": true, "reach_open_space_15": true, "count_open_space_10": 2, "groups_within_10": 6, "access_score": 1.0, "access_tier": "high", "mean_BtA5000": 7.361852798197778, "mismatch_flag": false}, "geometry": {"type": "MultiPolygon", "coordinates": [[[[79.86413752166523, 6.844343745955532], [79.86361887909413, 6.844343745955532], [79.8633595578086, 6.844789702499964], [79.86361887909413, 6.8452356586277485], [79.86413752166523, 6.8452356586277485], [79.86439684295078, 6.844789702499964], [79.86413752166523, 6.844343745955532]]]]}}, {"type": "Feature", "properties": {"hex_id": 373, "is_edge": false, "Hex_area": 8660.254, "Hex_area_full": 8660.254, "area_ratio": 1.0, "completeness_class": "core", "snap_ok": true, "analysis_ok": true, "node_id": 7047.0, "dist_food_m": 2.646, "time_food_min": 0.033, "reach_food_5": true, "reach_food_10": true, "reach_food_15": true, "count_food_10": 35, "dist_education_m": 529.986, "time_education_min": 6.625, "reach_education_5": false, "reach_education_10": true, "reach_education_15": true, "count_education_10": 3, "dist_health_m": 741.14, "time_health_min": 9.264, "reach_health_5": false, "reach_health_10": true, "reach_health_15": true, "count_health_10": 1, "dist_transit_m": 194.585, "time_transit_min": 2.432, "reach_transit_5": true, "reach_transit_10": true, "reach_transit_15": true, "count_transit_10": 4, "dist_finance_m": 434.768, "time_finance_min": 5.435, "reach_finance_5": false, "reach_finance_10": true, "reach_finance_15": true, "count_finance_10": 9, "dist_open_space_m": 263.993, "time_open_space_min": 3.3, "reach_open_space_5": true, "reach_open_space_10": true, "reach_open_space_15": true, "count_open_space_10": 2, "groups_within_10": 6, "access_score": 1.0, "access_tier": "high", "mean_BtA5000": 0.33333334327, "mismatch_flag": false}, "geometry": {"type": "MultiPolygon", "coordinates": [[[[79.86491548552188, 6.843897788994471], [79.86439684295078, 6.843897788994471], [79.86413752166523, 6.844343745955532], [79.86439684295078, 6.844789702499964], [79.86491548552188, 6.844789702499964], [79.8651748068074, 6.844343745955532], [79.86491548552188, 6.843897788994471]]]]}}, {"type": "Feature", "properties": {"hex_id": 374, "is_edge": false, "Hex_area": 8660.254, "Hex_area_full": 8660.254, "area_ratio": 1.0, "completeness_class": "core", "snap_ok": true, "analysis_ok": true, "node_id": 7048.0, "dist_food_m": 120.493, "time_food_min": 1.506, "reach_food_5": true, "reach_food_10": true, "reach_food_15": true, "count_food_10": 36, "dist_education_m": 538.389, "time_education_min": 6.73, "reach_education_5": false, "reach_education_10": true, "reach_education_15": true, "count_education_10": 4, "dist_health_m": 681.934, "time_health_min": 8.524, "reach_health_5": false, "reach_health_10": true, "reach_health_15": true, "count_health_10": 2, "dist_transit_m": 202.988, "time_transit_min": 2.537, "reach_transit_5": true, "reach_transit_10": true, "reach_transit_15": true, "count_transit_10": 4, "dist_finance_m": 415.051, "time_finance_min": 5.188, "reach_finance_5": false, "reach_finance_10": true, "reach_finance_15": true, "count_finance_10": 9, "dist_open_space_m": 272.396, "time_open_space_min": 3.405, "reach_open_space_5": true, "reach_open_space_10": true, "reach_open_space_15": true, "count_open_space_10": 2, "groups_within_10": 6, "access_score": 1.0, "access_tier": "high", "mean_BtA5000": 0.329131372275, "mismatch_flag": false}, "geometry": {"type": "MultiPolygon", "coordinates": [[[[79.86569344937851, 6.844343745955532], [79.8651748068074, 6.844343745955532], [79.86491548552188, 6.844789702499964], [79.8651748068074, 6.8452356586277485], [79.86569344937851, 6.8452356586277485], [79.86595277066408, 6.844789702499964], [79.86569344937851, 6.844343745955532]]]]}}, {"type": "Feature", "properties": {"hex_id": 375, "is_edge": false, "Hex_area": 8660.254, "Hex_area_full": 8660.254, "area_ratio": 1.0, "completeness_class": "core", "snap_ok": true, "analysis_ok": true, "node_id": 7049.0, "dist_food_m": 44.801, "time_food_min": 0.56, "reach_food_5": true, "reach_food_10": true, "reach_food_15": true, "count_food_10": 49, "dist_education_m": 332.851, "time_education_min": 4.161, "reach_education_5": true, "reach_education_10": true, "reach_education_15": true, "count_education_10": 6, "dist_health_m": 573.037, "time_health_min": 7.163, "reach_health_5": false, "reach_health_10": true, "reach_health_15": true, "count_health_10": 3, "dist_transit_m": 26.482, "time_transit_min": 0.331, "reach_transit_5": true, "reach_transit_10": true, "reach_transit_15": true, "count_transit_10": 6, "dist_finance_m": 237.633, "time_finance_min": 2.97, "reach_finance_5": true, "reach_finance_10": true, "reach_finance_15": true, "count_finance_10": 10, "dist_open_space_m": 66.858, "time_open_space_min": 0.836, "reach_open_space_5": true, "reach_open_space_10": true, "reach_open_space_15": true, "count_open_space_10": 2, "groups_within_10": 6, "access_score": 1.0, "access_tier": "high", "mean_BtA5000": 49.64437103271625, "mismatch_flag": false}, "geometry": {"type": "MultiPolygon", "coordinates": [[[[79.86647141323516, 6.843897788994471], [79.86595277066408, 6.843897788994471], [79.86569344937851, 6.844343745955532], [79.86595277066408, 6.844789702499964], [79.86647141323516, 6.844789702499964], [79.86673073452073, 6.844343745955532], [79.86647141323516, 6.843897788994471]]]]}}, {"type": "Feature", "properties": {"hex_id": 376, "is_edge": false, "Hex_area": 8660.254, "Hex_area_full": 8660.254, "area_ratio": 1.0, "completeness_class": "core", "snap_ok": true, "analysis_ok": true, "node_id": 7050.0, "dist_food_m": 162.255, "time_food_min": 2.028, "reach_food_5": true, "reach_food_10": true, "reach_food_15": true, "count_food_10": 45, "dist_education_m": 427.754, "time_education_min": 5.347, "reach_education_5": false, "reach_education_10": true, "reach_education_15": true, "count_education_10": 6, "dist_health_m": 616.586, "time_health_min": 7.707, "reach_health_5": false, "reach_health_10": true, "reach_health_15": true, "count_health_10": 2, "dist_transit_m": 143.935, "time_transit_min": 1.799, "reach_transit_5": true, "reach_transit_10": true, "reach_transit_15": true, "count_transit_10": 4, "dist_finance_m": 332.536, "time_finance_min": 4.157, "reach_finance_5": true, "reach_finance_10": true, "reach_finance_15": true, "count_finance_10": 10, "dist_open_space_m": 88.903, "time_open_space_min": 1.111, "reach_open_space_5": true, "reach_open_space_10": true, "reach_open_space_15": true, "count_open_space_10": 2, "groups_within_10": 6, "access_score": 1.0, "access_tier": "high", "mean_BtA5000": 0.33333334327, "mismatch_flag": false}, "geometry": {"type": "MultiPolygon", "coordinates": [[[[79.86724937709182, 6.844343745955532], [79.86673073452073, 6.844343745955532], [79.86647141323516, 6.844789702499964], [79.86673073452073, 6.8452356586277485], [79.86724937709182, 6.8452356586277485], [79.86750869837736, 6.844789702499964], [79.86724937709182, 6.844343745955532]]]]}}, {"type": "Feature", "properties": {"hex_id": 377, "is_edge": false, "Hex_area": 8660.254, "Hex_area_full": 8660.254, "area_ratio": 1.0, "completeness_class": "core", "snap_ok": true, "analysis_ok": true, "node_id": 7051.0, "dist_food_m": 256.24, "time_food_min": 3.203, "reach_food_5": true, "reach_food_10": true, "reach_food_15": true, "count_food_10": 43, "dist_education_m": 471.833, "time_education_min": 5.898, "reach_education_5": false, "reach_education_10": true, "reach_education_15": true, "count_education_10": 3, "dist_health_m": 710.571, "time_health_min": 8.882, "reach_health_5": false, "reach_health_10": true, "reach_health_15": true, "count_health_10": 1, "dist_transit_m": 237.92, "time_transit_min": 2.974, "reach_transit_5": true, "reach_transit_10": true, "reach_transit_15": true, "count_transit_10": 4, "dist_finance_m": 426.521, "time_finance_min": 5.332, "reach_finance_5": false, "reach_finance_10": true, "reach_finance_15": true, "count_finance_10": 9, "dist_open_space_m": 182.888, "time_open_space_min": 2.286, "reach_open_space_5": true, "reach_open_space_10": true, "reach_open_space_15": true, "count_open_space_10": 2, "groups_within_10": 6, "access_score": 1.0, "access_tier": "high", "mean_BtA5000": 0.33333334327, "mismatch_flag": false}, "geometry": {"type": "MultiPolygon", "coordinates": [[[[79.86802734094847, 6.843897788994471], [79.86750869837736, 6.843897788994471], [79.86724937709182, 6.844343745955532], [79.86750869837736, 6.844789702499964], [79.86802734094847, 6.844789702499964], [79.868286662234, 6.844343745955532], [79.86802734094847, 6.843897788994471]]]]}}, {"type": "Feature", "properties": {"hex_id": 378, "is_edge": false, "Hex_area": 8660.254, "Hex_area_full": 8660.254, "area_ratio": 1.0, "completeness_class": "core", "snap_ok": true, "analysis_ok": true, "node_id": 7052.0, "dist_food_m": 198.079, "time_food_min": 2.476, "reach_food_5": true, "reach_food_10": true, "reach_food_15": true, "count_food_10": 38, "dist_education_m": 410.888, "time_education_min": 5.136, "reach_education_5": false, "reach_education_10": true, "reach_education_15": true, "count_education_10": 4, "dist_health_m": 729.911, "time_health_min": 9.124, "reach_health_5": false, "reach_health_10": true, "reach_health_15": true, "count_health_10": 1, "dist_transit_m": 405.495, "time_transit_min": 5.069, "reach_transit_5": false, "reach_transit_10": true, "reach_transit_15": true, "count_transit_10": 4, "dist_finance_m": 448.569, "time_finance_min": 5.607, "reach_finance_5": false, "reach_finance_10": true, "reach_finance_15": true, "count_finance_10": 9, "dist_open_space_m": 372.018, "time_open_space_min": 4.65, "reach_open_space_5": true, "reach_open_space_10": true, "reach_open_space_15": true, "count_open_space_10": 2, "groups_within_10": 6, "access_score": 1.0, "access_tier": "high", "mean_BtA5000": 2.27443146706, "mismatch_flag": false}, "geometry": {"type": "MultiPolygon", "coordinates": [[[[79.86880530480511, 6.844343745955532], [79.868286662234, 6.844343745955532], [79.86802734094847, 6.844789702499964], [79.868286662234, 6.8452356586277485], [79.86880530480511, 6.8452356586277485], [79.86906462609065, 6.844789702499964], [79.86880530480511, 6.844343745955532]]]]}}, {"type": "Feature", "properties": {"hex_id": 379, "is_edge": false, "Hex_area": 8660.254, "Hex_area_full": 8660.254, "area_ratio": 1.0, "completeness_class": "core", "snap_ok": true, "analysis_ok": true, "node_id": 7053.0, "dist_food_m": 105.106, "time_food_min": 1.314, "reach_food_5": true, "reach_food_10": true, "reach_food_15": true, "count_food_10": 38, "dist_education_m": 318.758, "time_education_min": 3.984, "reach_education_5": true, "reach_education_10": true, "reach_education_15": true, "count_education_10": 5, "dist_health_m": 804.009, "time_health_min": 10.05, "reach_health_5": false, "reach_health_10": false, "reach_health_15": true, "count_health_10": 0, "dist_transit_m": 414.444, "time_transit_min": 5.181, "reach_transit_5": false, "reach_transit_10": true, "reach_transit_15": true, "count_transit_10": 4, "dist_finance_m": 540.43, "time_finance_min": 6.755, "reach_finance_5": false, "reach_finance_10": true, "reach_finance_15": true, "count_finance_10": 8, "dist_open_space_m": 359.412, "time_open_space_min": 4.493, "reach_open_space_5": true, "reach_open_space_10": true, "reach_open_space_15": true, "count_open_space_10": 2, "groups_within_10": 5, "access_score": 0.8333, "access_tier": "high", "mean_BtA5000": 1.691635185482, "mismatch_flag": false}, "geometry": {"type": "MultiPolygon", "coordinates": [[[[79.86958326866176, 6.843897788994471], [79.86906462609065, 6.843897788994471], [79.86880530480511, 6.844343745955532], [79.86906462609065, 6.844789702499964], [79.86958326866176, 6.844789702499964], [79.86984258994731, 6.844343745955532], [79.86958326866176, 6.843897788994471]]]]}}, {"type": "Feature", "properties": {"hex_id": 380, "is_edge": false, "Hex_area": 8660.254, "Hex_area_full": 8660.254, "area_ratio": 1.0, "completeness_class": "core", "snap_ok": true, "analysis_ok": true, "node_id": 7054.0, "dist_food_m": 28.603, "time_food_min": 0.358, "reach_food_5": true, "reach_food_10": true, "reach_food_15": true, "count_food_10": 31, "dist_education_m": 355.854, "time_education_min": 4.448, "reach_education_5": true, "reach_education_10": true, "reach_education_15": true, "count_education_10": 5, "dist_health_m": 892.636, "time_health_min": 11.158, "reach_health_5": false, "reach_health_10": false, "reach_health_15": true, "count_health_10": 0, "dist_transit_m": 548.152, "time_transit_min": 6.852, "reach_transit_5": false, "reach_transit_10": true, "reach_transit_15": true, "count_transit_10": 2, "dist_finance_m": 674.138, "time_finance_min": 8.427, "reach_finance_5": false, "reach_finance_10": true, "reach_finance_15": true, "count_finance_10": 7, "dist_open_space_m": 493.121, "time_open_space_min": 6.164, "reach_open_space_5": false, "reach_open_space_10": true, "reach_open_space_15": true, "count_open_space_10": 1, "groups_within_10": 5, "access_score": 0.8333, "access_tier": "high", "mean_BtA5000": 0.33333334327, "mismatch_flag": false}, "geometry": {"type": "MultiPolygon", "coordinates": [[[[79.87036123251839, 6.844343745955532], [79.86984258994731, 6.844343745955532], [79.86958326866176, 6.844789702499964], [79.86984258994731, 6.8452356586277485], [79.87036123251839, 6.8452356586277485], [79.87062055380396, 6.844789702499964], [79.87036123251839, 6.844343745955532]]]]}}, {"type": "Feature", "properties": {"hex_id": 381, "is_edge": false, "Hex_area": 8660.254, "Hex_area_full": 8660.254, "area_ratio": 1.0, "completeness_class": "core", "snap_ok": true, "analysis_ok": true, "node_id": 3636.0, "dist_food_m": 95.2, "time_food_min": 1.19, "reach_food_5": true, "reach_food_10": true, "reach_food_15": true, "count_food_10": 25, "dist_education_m": 422.452, "time_education_min": 5.281, "reach_education_5": false, "reach_education_10": true, "reach_education_15": true, "count_education_10": 5, "dist_health_m": 959.233, "time_health_min": 11.99, "reach_health_5": false, "reach_health_10": false, "reach_health_15": true, "count_health_10": 0, "dist_transit_m": 614.75, "time_transit_min": 7.684, "reach_transit_5": false, "reach_transit_10": true, "reach_transit_15": true, "count_transit_10": 2, "dist_finance_m": 740.736, "time_finance_min": 9.259, "reach_finance_5": false, "reach_finance_10": true, "reach_finance_15": true, "count_finance_10": 4, "dist_open_space_m": 559.718, "time_open_space_min": 6.996, "reach_open_space_5": false, "reach_open_space_10": true, "reach_open_space_15": true, "count_open_space_10": 1, "groups_within_10": 5, "access_score": 0.8333, "access_tier": "high", "mean_BtA5000": 0.33333334327, "mismatch_flag": false}, "geometry": {"type": "MultiPolygon", "coordinates": [[[[79.87113919637505, 6.843897788994471], [79.87062055380396, 6.843897788994471], [79.87036123251839, 6.844343745955532], [79.87062055380396, 6.844789702499964], [79.87113919637505, 6.844789702499964], [79.87139851766061, 6.844343745955532], [79.87113919637505, 6.843897788994471]]]]}}, {"type": "Feature", "properties": {"hex_id": 382, "is_edge": false, "Hex_area": 8660.254, "Hex_area_full": 8660.254, "area_ratio": 1.0, "completeness_class": "core", "snap_ok": true, "analysis_ok": true, "node_id": 7055.0, "dist_food_m": 130.465, "time_food_min": 1.631, "reach_food_5": true, "reach_food_10": true, "reach_food_15": true, "count_food_10": 13, "dist_education_m": 714.565, "time_education_min": 8.932, "reach_education_5": false, "reach_education_10": true, "reach_education_15": true, "count_education_10": 3, "dist_health_m": 896.278, "time_health_min": 11.203, "reach_health_5": false, "reach_health_10": false, "reach_health_15": true, "count_health_10": 0, "dist_transit_m": 805.347, "time_transit_min": 10.067, "reach_transit_5": false, "reach_transit_10": false, "reach_transit_15": true, "count_transit_10": 0, "dist_finance_m": 811.291, "time_finance_min": 10.141, "reach_finance_5": false, "reach_finance_10": false, "reach_finance_15": true, "count_finance_10": 0, "dist_open_space_m": 895.639, "time_open_space_min": 11.195, "reach_open_space_5": false, "reach_open_space_10": false, "reach_open_space_15": true, "count_open_space_10": 0, "groups_within_10": 2, "access_score": 0.3333, "access_tier": "low", "mean_BtA5000": 0.33333334327, "mismatch_flag": false}, "geometry": {"type": "MultiPolygon", "coordinates": [[[[79.8719171602317, 6.844343745955532], [79.87139851766061, 6.844343745955532], [79.87113919637505, 6.844789702499964], [79.87139851766061, 6.8452356586277485], [79.8719171602317, 6.8452356586277485], [79.87217648151724, 6.844789702499964], [79.8719171602317, 6.844343745955532]]]]}}, {"type": "Feature", "properties": {"hex_id": 383, "is_edge": false, "Hex_area": 8660.254, "Hex_area_full": 8660.254, "area_ratio": 1.0, "completeness_class": "core", "snap_ok": true, "analysis_ok": true, "node_id": 1682.0, "dist_food_m": 64.021, "time_food_min": 0.8, "reach_food_5": true, "reach_food_10": true, "reach_food_15": true, "count_food_10": 18, "dist_education_m": 619.908, "time_education_min": 7.749, "reach_education_5": false, "reach_education_10": true, "reach_education_15": true, "count_education_10": 4, "dist_health_m": 829.834, "time_health_min": 10.373, "reach_health_5": false, "reach_health_10": false, "reach_health_15": true, "count_health_10": 0, "dist_transit_m": 738.903, "time_transit_min": 9.236, "reach_transit_5": false, "reach_transit_10": true, "reach_transit_15": true, "count_transit_10": 1, "dist_finance_m": 744.846, "time_finance_min": 9.311, "reach_finance_5": false, "reach_finance_10": true, "reach_finance_15": true, "count_finance_10": 3, "dist_open_space_m": 829.195, "time_open_space_min": 10.365, "reach_open_space_5": false, "reach_open_space_10": false, "reach_open_space_15": true, "count_open_space_10": 0, "groups_within_10": 4, "access_score": 0.6667, "access_tier": "medium", "mean_BtA5000": 1.4463557799666666, "mismatch_flag": false}, "geometry": {"type": "MultiPolygon", "coordinates": [[[[79.87269512408835, 6.843897788994471], [79.87217648151724, 6.843897788994471], [79.8719171602317, 6.844343745955532], [79.87217648151724, 6.844789702499964], [79.87269512408835, 6.844789702499964], [79.87295444537388, 6.844343745955532], [79.87269512408835, 6.843897788994471]]]]}}, {"type": "Feature", "properties": {"hex_id": 384, "is_edge": true, "Hex_area": 6173.2, "Hex_area_full": 8660.254, "area_ratio": 0.71282, "completeness_class": "partial", "snap_ok": true, "analysis_ok": false, "node_id": 7056.0, "dist_food_m": 189.607, "time_food_min": 2.37, "reach_food_5": true, "reach_food_10": true, "reach_food_15": true, "count_food_10": 12, "dist_education_m": 635.118, "time_education_min": 7.939, "reach_education_5": false, "reach_education_10": true, "reach_education_15": true, "count_education_10": 2, "dist_health_m": 1022.929, "time_health_min": 12.787, "reach_health_5": false, "reach_health_10": false, "reach_health_15": true, "count_health_10": 0, "dist_transit_m": 925.78, "time_transit_min": 11.572, "reach_transit_5": false, "reach_transit_10": false, "reach_transit_15": true, "count_transit_10": 0, "dist_finance_m": 937.942, "time_finance_min": 11.724, "reach_finance_5": false, "reach_finance_10": false, "reach_finance_15": true, "count_finance_10": 0, "dist_open_space_m": 920.645, "time_open_space_min": 11.508, "reach_open_space_5": false, "reach_open_space_10": false, "reach_open_space_15": true, "count_open_space_10": 0, "groups_within_10": 2, "access_score": 0.3333, "access_tier": "excluded", "mean_BtA5000": 3.3220763603833334, "mismatch_flag": false}, "geometry": {"type": "MultiPolygon", "coordinates": [[[[79.87373240923056, 6.844789702499964], [79.873473087945, 6.844343745955532], [79.87295444537388, 6.844343745955532], [79.87269512408835, 6.844789702499964], [79.8728605236343, 6.8450741409847495], [79.87298257196066, 6.845032970573153], [79.87310397250855, 6.8449925223593], [79.87321617646874, 6.844955680102314], [79.87331918384129, 6.844922443802195], [79.87341299462612, 6.8448928134589435], [79.87349760882331, 6.844866789072559], [79.87357302643284, 6.8448443706430435], [79.87363924745469, 6.8448255581703945], [79.87369627188887, 6.844810351654611], [79.87372492077154, 6.844802580446676], [79.87373240923056, 6.844789702499964]]]]}}, {"type": "Feature", "properties": {"hex_id": 385, "is_edge": true, "Hex_area": 8174.7547, "Hex_area_full": 8660.254, "area_ratio": 0.943939, "completeness_class": "near_complete", "snap_ok": true, "analysis_ok": true, "node_id": 7057.0, "dist_food_m": 216.969, "time_food_min": 2.712, "reach_food_5": true, "reach_food_10": true, "reach_food_15": true, "count_food_10": 12, "dist_education_m": 750.196, "time_education_min": 9.377, "reach_education_5": false, "reach_education_10": true, "reach_education_15": true, "count_education_10": 1, "dist_health_m": 889.465, "time_health_min": 11.118, "reach_health_5": false, "reach_health_10": false, "reach_health_15": true, "count_health_10": 0, "dist_transit_m": 989.606, "time_transit_min": 12.37, "reach_transit_5": false, "reach_transit_10": false, "reach_transit_15": true, "count_transit_10": 0, "dist_finance_m": 1053.02, "time_finance_min": 13.163, "reach_finance_5": false, "reach_finance_10": false, "reach_finance_15": true, "count_finance_10": 0, "dist_open_space_m": 1035.723, "time_open_space_min": 12.947, "reach_open_space_5": false, "reach_open_space_10": false, "reach_open_space_15": true, "count_open_space_10": 0, "groups_within_10": 2, "access_score": 0.3333, "access_tier": "low", "mean_BtA5000": 5.000039050976667, "mismatch_flag": true}, "geometry": {"type": "MultiPolygon", "coordinates": [[[[79.87451037308719, 6.844343745955532], [79.87425105180162, 6.843897788994471], [79.87373240923056, 6.843897788994471], [79.873473087945, 6.844343745955532], [79.87373240923056, 6.844789702499964], [79.87377216348996, 6.844789702499964], [79.87382071933052, 6.844776332666181], [79.87388814233799, 6.844757520193531], [79.87395903153656, 6.844737505735261], [79.87403338692621, 6.844716289291368], [79.87411120850699, 6.844693870861851], [79.87419249627887, 6.844670250446712], [79.87427725024182, 6.844645428045951], [79.87434693414417, 6.844624813044515], [79.87451037308719, 6.844343745955532]]]]}}, {"type": "Feature", "properties": {"hex_id": 386, "is_edge": true, "Hex_area": 1246.6621, "Hex_area_full": 8660.254, "area_ratio": 0.143952, "completeness_class": "sliver", "snap_ok": true, "analysis_ok": false, "node_id": 7058.0, "dist_food_m": 114.197, "time_food_min": 1.427, "reach_food_5": true, "reach_food_10": true, "reach_food_15": true, "count_food_10": 10, "dist_education_m": 788.205, "time_education_min": 9.853, "reach_education_5": false, "reach_education_10": true, "reach_education_15": true, "count_education_10": 1, "dist_health_m": 1007.194, "time_health_min": 12.59, "reach_health_5": false, "reach_health_10": false, "reach_health_15": true, "count_health_10": 0, "dist_transit_m": 1027.615, "time_transit_min": 12.845, "reach_transit_5": false, "reach_transit_10": false, "reach_transit_15": true, "count_transit_10": 0, "dist_finance_m": 1091.029, "time_finance_min": 13.638, "reach_finance_5": false, "reach_finance_10": false, "reach_finance_15": true, "count_finance_10": 0, "dist_open_space_m": 1073.732, "time_open_space_min": 13.422, "reach_open_space_5": false, "reach_open_space_10": false, "reach_open_space_15": true, "count_open_space_10": 0, "groups_within_10": 2, "access_score": 0.3333, "access_tier": "excluded", "mean_BtA5000": 2.5748906210075, "mismatch_flag": false}, "geometry": {"type": "MultiPolygon", "coordinates": [[[[79.8750290156583, 6.844343745955532], [79.87451037308719, 6.844343745955532], [79.87434693414417, 6.844624813044515], [79.87436720349143, 6.844618816643333], [79.87446235602768, 6.844590416238857], [79.87456270785059, 6.844560226832527], [79.87466825896013, 6.844528248424338], [79.87477900935633, 6.844494481014293], [79.87489495903917, 6.84445892460239], [79.87501610800865, 6.844421579188633], [79.87506539772464, 6.844406312462825], [79.8750290156583, 6.844343745955532]]]]}}, {"type": "Feature", "properties": {"hex_id": 387, "is_edge": true, "Hex_area": 2463.6395, "Hex_area_full": 8660.254, "area_ratio": 0.284477, "completeness_class": "sliver", "snap_ok": true, "analysis_ok": false, "node_id": 7059.0, "dist_food_m": 24.383, "time_food_min": 0.305, "reach_food_5": true, "reach_food_10": true, "reach_food_15": true, "count_food_10": 9, "dist_education_m": 863.062, "time_education_min": 10.788, "reach_education_5": false, "reach_education_10": false, "reach_education_15": true, "count_education_10": 0, "dist_health_m": 1045.22, "time_health_min": 13.065, "reach_health_5": false, "reach_health_10": false, "reach_health_15": true, "count_health_10": 0, "dist_transit_m": 1102.472, "time_transit_min": 13.781, "reach_transit_5": false, "reach_transit_10": false, "reach_transit_15": true, "count_transit_10": 0, "dist_finance_m": 1165.886, "time_finance_min": 14.574, "reach_finance_5": false, "reach_finance_10": false, "reach_finance_15": true, "count_finance_10": 0, "dist_open_space_m": 1148.589, "time_open_space_min": 14.357, "reach_open_space_5": false, "reach_open_space_10": false, "reach_open_space_15": true, "count_open_space_10": 0, "groups_within_10": 1, "access_score": 0.1667, "access_tier": "excluded", "mean_BtA5000": 29.164479255675, "mismatch_flag": false}, "geometry": {"type": "MultiPolygon", "coordinates": [[[[79.87528833694384, 6.843897788994471], [79.8750290156583, 6.844343745955532], [79.87506539772464, 6.844406312462825], [79.87514245626478, 6.844382444773019], [79.87524163405453, 6.844378419518728], [79.87531766663342, 6.844356056995519], [79.87544289676339, 6.844322065960242], [79.87558691141288, 6.844233510368334], [79.87559675092307, 6.8441208032513625], [79.87561464094162, 6.843992889618611], [79.87562397741213, 6.843897788994471], [79.87528833694384, 6.843897788994471]]]]}}, {"type": "Feature", "properties": {"hex_id": 388, "is_edge": true, "Hex_area": 1943.8654, "Hex_area_full": 8660.254, "area_ratio": 0.224458, "completeness_class": "sliver", "snap_ok": false, "analysis_ok": false, "node_id": null, "dist_food_m": null, "time_food_min": null, "reach_food_5": false, "reach_food_10": false, "reach_food_15": false, "count_food_10": 0, "dist_education_m": null, "time_education_min": null, "reach_education_5": false, "reach_education_10": false, "reach_education_15": false, "count_education_10": 0, "dist_health_m": null, "time_health_min": null, "reach_health_5": false, "reach_health_10": false, "reach_health_15": false, "count_health_10": 0, "dist_transit_m": null, "time_transit_min": null, "reach_transit_5": false, "reach_transit_10": false, "reach_transit_15": false, "count_transit_10": 0, "dist_finance_m": null, "time_finance_min": null, "reach_finance_5": false, "reach_finance_10": false, "reach_finance_15": false, "count_finance_10": 0, "dist_open_space_m": null, "time_open_space_min": null, "reach_open_space_5": false, "reach_open_space_10": false, "reach_open_space_15": false, "count_open_space_10": 0, "groups_within_10": 0, "access_score": null, "access_tier": "excluded", "mean_BtA5000": null, "mismatch_flag": false}, "geometry": {"type": "MultiPolygon", "coordinates": [[[[79.86180363009527, 6.845681614338856], [79.86206295138084, 6.8452356586277485], [79.86185594974972, 6.8448796769081754], [79.8618523528153, 6.8448925059742125], [79.86184793621696, 6.844909361726081], [79.86184413458803, 6.8449251273049425], [79.86184094792847, 6.844939802710799], [79.86183837623828, 6.844953387943648], [79.8618364195175, 6.844965883003492], [79.86183507776613, 6.844977287890327], [79.86183082888672, 6.844997302348598], [79.86182367287928, 6.845025926378305], [79.86181360974383, 6.845063159979448], [79.86180063948036, 6.845109003152025], [79.86178476208889, 6.8451634558960395], [79.8617659775694, 6.845226518211486], [79.86174428592189, 6.845298190098369], [79.86171968714636, 6.845378471556686], [79.86169849865561, 6.845454867526598], [79.86168072044967, 6.845527378008104], [79.8616663525285, 6.845596003001201], [79.86165539489213, 6.84566074250589], [79.8616528062864, 6.845681614338856], [79.86180363009527, 6.845681614338856]]]]}}, {"type": "Feature", "properties": {"hex_id": 389, "is_edge": false, "Hex_area": 8660.254, "Hex_area_full": 8660.254, "area_ratio": 1.0, "completeness_class": "core", "snap_ok": true, "analysis_ok": true, "node_id": 7060.0, "dist_food_m": 158.769, "time_food_min": 1.985, "reach_food_5": true, "reach_food_10": true, "reach_food_15": true, "count_food_10": 24, "dist_education_m": 832.192, "time_education_min": 10.402, "reach_education_5": false, "reach_education_10": false, "reach_education_15": true, "count_education_10": 0, "dist_health_m": 718.181, "time_health_min": 8.977, "reach_health_5": false, "reach_health_10": true, "reach_health_15": true, "count_health_10": 1, "dist_transit_m": 520.881, "time_transit_min": 6.511, "reach_transit_5": false, "reach_transit_10": true, "reach_transit_15": true, "count_transit_10": 3, "dist_finance_m": 552.512, "time_finance_min": 6.906, "reach_finance_5": false, "reach_finance_10": true, "reach_finance_15": true, "count_finance_10": 5, "dist_open_space_m": 590.289, "time_open_space_min": 7.379, "reach_open_space_5": false, "reach_open_space_10": true, "reach_open_space_15": true, "count_open_space_10": 1, "groups_within_10": 5, "access_score": 0.8333, "access_tier": "high", "mean_BtA5000": null, "mismatch_flag": false}, "geometry": {"type": "MultiPolygon", "coordinates": [[[[79.86258159395194, 6.8452356586277485], [79.86206295138084, 6.8452356586277485], [79.86180363009527, 6.845681614338856], [79.86206295138084, 6.846127569633257], [79.86258159395194, 6.846127569633257], [79.86284091523748, 6.845681614338856], [79.86258159395194, 6.8452356586277485]]]]}}, {"type": "Feature", "properties": {"hex_id": 390, "is_edge": false, "Hex_area": 8660.254, "Hex_area_full": 8660.254, "area_ratio": 1.0, "completeness_class": "core", "snap_ok": true, "analysis_ok": true, "node_id": 7061.0, "dist_food_m": 115.948, "time_food_min": 1.449, "reach_food_5": true, "reach_food_10": true, "reach_food_15": true, "count_food_10": 26, "dist_education_m": 790.965, "time_education_min": 9.887, "reach_education_5": false, "reach_education_10": true, "reach_education_15": true, "count_education_10": 1, "dist_health_m": 783.729, "time_health_min": 9.797, "reach_health_5": false, "reach_health_10": true, "reach_health_15": true, "count_health_10": 1, "dist_transit_m": 455.565, "time_transit_min": 5.695, "reach_transit_5": false, "reach_transit_10": true, "reach_transit_15": true, "count_transit_10": 3, "dist_finance_m": 525.783, "time_finance_min": 6.572, "reach_finance_5": false, "reach_finance_10": true, "reach_finance_15": true, "count_finance_10": 6, "dist_open_space_m": 524.972, "time_open_space_min": 6.562, "reach_open_space_5": false, "reach_open_space_10": true, "reach_open_space_15": true, "count_open_space_10": 1, "groups_within_10": 6, "access_score": 1.0, "access_tier": "high", "mean_BtA5000": 15.193728556236666, "mismatch_flag": false}, "geometry": {"type": "MultiPolygon", "coordinates": [[[[79.8633595578086, 6.844789702499964], [79.86284091523748, 6.844789702499964], [79.86258159395194, 6.8452356586277485], [79.86284091523748, 6.845681614338856], [79.8633595578086, 6.845681614338856], [79.86361887909413, 6.8452356586277485], [79.8633595578086, 6.844789702499964]]]]}}, {"type": "Feature", "properties": {"hex_id": 391, "is_edge": false, "Hex_area": 8660.254, "Hex_area_full": 8660.254, "area_ratio": 1.0, "completeness_class": "core", "snap_ok": true, "analysis_ok": true, "node_id": 7062.0, "dist_food_m": 106.593, "time_food_min": 1.332, "reach_food_5": true, "reach_food_10": true, "reach_food_15": true, "count_food_10": 27, "dist_education_m": 700.494, "time_education_min": 8.756, "reach_education_5": false, "reach_education_10": true, "reach_education_15": true, "count_education_10": 3, "dist_health_m": 649.631, "time_health_min": 8.12, "reach_health_5": false, "reach_health_10": true, "reach_health_15": true, "count_health_10": 2, "dist_transit_m": 468.705, "time_transit_min": 5.859, "reach_transit_5": false, "reach_transit_10": true, "reach_transit_15": true, "count_transit_10": 3, "dist_finance_m": 382.747, "time_finance_min": 4.784, "reach_finance_5": true, "reach_finance_10": true, "reach_finance_15": true, "count_finance_10": 6, "dist_open_space_m": 497.521, "time_open_space_min": 6.219, "reach_open_space_5": false, "reach_open_space_10": true, "reach_open_space_15": true, "count_open_space_10": 1, "groups_within_10": 6, "access_score": 1.0, "access_tier": "high", "mean_BtA5000": 2.733333390952, "mismatch_flag": false}, "geometry": {"type": "MultiPolygon", "coordinates": [[[[79.86413752166523, 6.8452356586277485], [79.86361887909413, 6.8452356586277485], [79.8633595578086, 6.845681614338856], [79.86361887909413, 6.846127569633257], [79.86413752166523, 6.846127569633257], [79.86439684295078, 6.845681614338856], [79.86413752166523, 6.8452356586277485]]]]}}, {"type": "Feature", "properties": {"hex_id": 392, "is_edge": false, "Hex_area": 8660.254, "Hex_area_full": 8660.254, "area_ratio": 1.0, "completeness_class": "core", "snap_ok": true, "analysis_ok": true, "node_id": 3354.0, "dist_food_m": 84.451, "time_food_min": 1.056, "reach_food_5": true, "reach_food_10": true, "reach_food_15": true, "count_food_10": 31, "dist_education_m": 666.664, "time_education_min": 8.333, "reach_education_5": false, "reach_education_10": true, "reach_education_15": true, "count_education_10": 4, "dist_health_m": 615.802, "time_health_min": 7.698, "reach_health_5": false, "reach_health_10": true, "reach_health_15": true, "count_health_10": 2, "dist_transit_m": 422.336, "time_transit_min": 5.279, "reach_transit_5": false, "reach_transit_10": true, "reach_transit_15": true, "count_transit_10": 3, "dist_finance_m": 348.918, "time_finance_min": 4.361, "reach_finance_5": true, "reach_finance_10": true, "reach_finance_15": true, "count_finance_10": 7, "dist_open_space_m": 463.692, "time_open_space_min": 5.796, "reach_open_space_5": false, "reach_open_space_10": true, "reach_open_space_15": true, "count_open_space_10": 1, "groups_within_10": 6, "access_score": 1.0, "access_tier": "high", "mean_BtA5000": 0.32800586521499997, "mismatch_flag": false}, "geometry": {"type": "MultiPolygon", "coordinates": [[[[79.86491548552188, 6.844789702499964], [79.86439684295078, 6.844789702499964], [79.86413752166523, 6.8452356586277485], [79.86439684295078, 6.845681614338856], [79.86491548552188, 6.845681614338856], [79.8651748068074, 6.8452356586277485], [79.86491548552188, 6.844789702499964]]]]}}, {"type": "Feature", "properties": {"hex_id": 393, "is_edge": false, "Hex_area": 8660.254, "Hex_area_full": 8660.254, "area_ratio": 1.0, "completeness_class": "core", "snap_ok": true, "analysis_ok": true, "node_id": 2257.0, "dist_food_m": 21.294, "time_food_min": 0.266, "reach_food_5": true, "reach_food_10": true, "reach_food_15": true, "count_food_10": 39, "dist_education_m": 535.707, "time_education_min": 6.696, "reach_education_5": false, "reach_education_10": true, "reach_education_15": true, "count_education_10": 7, "dist_health_m": 484.845, "time_health_min": 6.061, "reach_health_5": false, "reach_health_10": true, "reach_health_15": true, "count_health_10": 4, "dist_transit_m": 351.607, "time_transit_min": 4.395, "reach_transit_5": true, "reach_transit_10": true, "reach_transit_15": true, "count_transit_10": 7, "dist_finance_m": 217.961, "time_finance_min": 2.725, "reach_finance_5": true, "reach_finance_10": true, "reach_finance_15": true, "count_finance_10": 12, "dist_open_space_m": 332.734, "time_open_space_min": 4.159, "reach_open_space_5": true, "reach_open_space_10": true, "reach_open_space_15": true, "count_open_space_10": 2, "groups_within_10": 6, "access_score": 1.0, "access_tier": "high", "mean_BtA5000": 0.30860450367166664, "mismatch_flag": false}, "geometry": {"type": "MultiPolygon", "coordinates": [[[[79.86569344937851, 6.8452356586277485], [79.8651748068074, 6.8452356586277485], [79.86491548552188, 6.845681614338856], [79.8651748068074, 6.846127569633257], [79.86569344937851, 6.846127569633257], [79.86595277066408, 6.845681614338856], [79.86569344937851, 6.8452356586277485]]]]}}, {"type": "Feature", "properties": {"hex_id": 394, "is_edge": false, "Hex_area": 8660.254, "Hex_area_full": 8660.254, "area_ratio": 1.0, "completeness_class": "core", "snap_ok": true, "analysis_ok": true, "node_id": 7063.0, "dist_food_m": 107.477, "time_food_min": 1.343, "reach_food_5": true, "reach_food_10": true, "reach_food_15": true, "count_food_10": 47, "dist_education_m": 333.478, "time_education_min": 4.168, "reach_education_5": true, "reach_education_10": true, "reach_education_15": true, "count_education_10": 7, "dist_health_m": 473.794, "time_health_min": 5.922, "reach_health_5": false, "reach_health_10": true, "reach_health_15": true, "count_health_10": 5, "dist_transit_m": 72.761, "time_transit_min": 0.91, "reach_transit_5": true, "reach_transit_10": true, "reach_transit_15": true, "count_transit_10": 7, "dist_finance_m": 206.91, "time_finance_min": 2.586, "reach_finance_5": true, "reach_finance_10": true, "reach_finance_15": true, "count_finance_10": 13, "dist_open_space_m": 130.505, "time_open_space_min": 1.631, "reach_open_space_5": true, "reach_open_space_10": true, "reach_open_space_15": true, "count_open_space_10": 2, "groups_within_10": 6, "access_score": 1.0, "access_tier": "high", "mean_BtA5000": 79.62993880510399, "mismatch_flag": false}, "geometry": {"type": "MultiPolygon", "coordinates": [[[[79.86647141323516, 6.844789702499964], [79.86595277066408, 6.844789702499964], [79.86569344937851, 6.8452356586277485], [79.86595277066408, 6.845681614338856], [79.86647141323516, 6.845681614338856], [79.86673073452073, 6.8452356586277485], [79.86647141323516, 6.844789702499964]]]]}}, {"type": "Feature", "properties": {"hex_id": 395, "is_edge": false, "Hex_area": 8660.254, "Hex_area_full": 8660.254, "area_ratio": 1.0, "completeness_class": "core", "snap_ok": true, "analysis_ok": true, "node_id": 7064.0, "dist_food_m": 143.969, "time_food_min": 1.8, "reach_food_5": true, "reach_food_10": true, "reach_food_15": true, "count_food_10": 46, "dist_education_m": 248.438, "time_education_min": 3.105, "reach_education_5": true, "reach_education_10": true, "reach_education_15": true, "count_education_10": 7, "dist_health_m": 524.89, "time_health_min": 6.561, "reach_health_5": false, "reach_health_10": true, "reach_health_15": true, "count_health_10": 3, "dist_transit_m": 200.473, "time_transit_min": 2.506, "reach_transit_5": true, "reach_transit_10": true, "reach_transit_15": true, "count_transit_10": 6, "dist_finance_m": 243.547, "time_finance_min": 3.044, "reach_finance_5": true, "reach_finance_10": true, "reach_finance_15": true, "count_finance_10": 12, "dist_open_space_m": 166.997, "time_open_space_min": 2.087, "reach_open_space_5": true, "reach_open_space_10": true, "reach_open_space_15": true, "count_open_space_10": 2, "groups_within_10": 6, "access_score": 1.0, "access_tier": "high", "mean_BtA5000": 1.1936078816675, "mismatch_flag": false}, "geometry": {"type": "MultiPolygon", "coordinates": [[[[79.86724937709182, 6.8452356586277485], [79.86673073452073, 6.8452356586277485], [79.86647141323516, 6.845681614338856], [79.86673073452073, 6.846127569633257], [79.86724937709182, 6.846127569633257], [79.86750869837736, 6.845681614338856], [79.86724937709182, 6.8452356586277485]]]]}}, {"type": "Feature", "properties": {"hex_id": 396, "is_edge": false, "Hex_area": 8660.254, "Hex_area_full": 8660.254, "area_ratio": 1.0, "completeness_class": "core", "snap_ok": true, "analysis_ok": true, "node_id": 7065.0, "dist_food_m": 244.862, "time_food_min": 3.061, "reach_food_5": true, "reach_food_10": true, "reach_food_15": true, "count_food_10": 41, "dist_education_m": 349.331, "time_education_min": 4.367, "reach_education_5": true, "reach_education_10": true, "reach_education_15": true, "count_education_10": 5, "dist_health_m": 625.783, "time_health_min": 7.822, "reach_health_5": false, "reach_health_10": true, "reach_health_15": true, "count_health_10": 2, "dist_transit_m": 301.366, "time_transit_min": 3.767, "reach_transit_5": true, "reach_transit_10": true, "reach_transit_15": true, "count_transit_10": 4, "dist_finance_m": 344.44, "time_finance_min": 4.306, "reach_finance_5": true, "reach_finance_10": true, "reach_finance_15": true, "count_finance_10": 9, "dist_open_space_m": 267.89, "time_open_space_min": 3.349, "reach_open_space_5": true, "reach_open_space_10": true, "reach_open_space_15": true, "count_open_space_10": 2, "groups_within_10": 6, "access_score": 1.0, "access_tier": "high", "mean_BtA5000": 0.9803660512, "mismatch_flag": false}, "geometry": {"type": "MultiPolygon", "coordinates": [[[[79.86802734094847, 6.844789702499964], [79.86750869837736, 6.844789702499964], [79.86724937709182, 6.8452356586277485], [79.86750869837736, 6.845681614338856], [79.86802734094847, 6.845681614338856], [79.868286662234, 6.8452356586277485], [79.86802734094847, 6.844789702499964]]]]}}, {"type": "Feature", "properties": {"hex_id": 397, "is_edge": false, "Hex_area": 8660.254, "Hex_area_full": 8660.254, "area_ratio": 1.0, "completeness_class": "core", "snap_ok": true, "analysis_ok": true, "node_id": 7066.0, "dist_food_m": 213.775, "time_food_min": 2.672, "reach_food_5": true, "reach_food_10": true, "reach_food_15": true, "count_food_10": 39, "dist_education_m": 445.027, "time_education_min": 5.563, "reach_education_5": false, "reach_education_10": true, "reach_education_15": true, "count_education_10": 4, "dist_health_m": 721.479, "time_health_min": 9.018, "reach_health_5": false, "reach_health_10": true, "reach_health_15": true, "count_health_10": 1, "dist_transit_m": 397.063, "time_transit_min": 4.963, "reach_transit_5": true, "reach_transit_10": true, "reach_transit_15": true, "count_transit_10": 3, "dist_finance_m": 440.136, "time_finance_min": 5.502, "reach_finance_5": false, "reach_finance_10": true, "reach_finance_15": true, "count_finance_10": 7, "dist_open_space_m": 363.586, "time_open_space_min": 4.545, "reach_open_space_5": true, "reach_open_space_10": true, "reach_open_space_15": true, "count_open_space_10": 1, "groups_within_10": 6, "access_score": 1.0, "access_tier": "high", "mean_BtA5000": 0.33333334327, "mismatch_flag": false}, "geometry": {"type": "MultiPolygon", "coordinates": [[[[79.86880530480511, 6.8452356586277485], [79.868286662234, 6.8452356586277485], [79.86802734094847, 6.845681614338856], [79.868286662234, 6.846127569633257], [79.86880530480511, 6.846127569633257], [79.86906462609065, 6.845681614338856], [79.86880530480511, 6.8452356586277485]]]]}}, {"type": "Feature", "properties": {"hex_id": 398, "is_edge": false, "Hex_area": 8660.254, "Hex_area_full": 8660.254, "area_ratio": 1.0, "completeness_class": "core", "snap_ok": true, "analysis_ok": true, "node_id": 7067.0, "dist_food_m": 107.711, "time_food_min": 1.346, "reach_food_5": true, "reach_food_10": true, "reach_food_15": true, "count_food_10": 28, "dist_education_m": 451.951, "time_education_min": 5.649, "reach_education_5": false, "reach_education_10": true, "reach_education_15": true, "count_education_10": 5, "dist_health_m": 966.521, "time_health_min": 12.082, "reach_health_5": false, "reach_health_10": false, "reach_health_15": true, "count_health_10": 0, "dist_transit_m": 580.161, "time_transit_min": 7.252, "reach_transit_5": false, "reach_transit_10": true, "reach_transit_15": true, "count_transit_10": 2, "dist_finance_m": 706.147, "time_finance_min": 8.827, "reach_finance_5": false, "reach_finance_10": true, "reach_finance_15": true, "count_finance_10": 5, "dist_open_space_m": 525.129, "time_open_space_min": 6.564, "reach_open_space_5": false, "reach_open_space_10": true, "reach_open_space_15": true, "count_open_space_10": 1, "groups_within_10": 5, "access_score": 0.8333, "access_tier": "high", "mean_BtA5000": 0.33333334327, "mismatch_flag": false}, "geometry": {"type": "MultiPolygon", "coordinates": [[[[79.86958326866176, 6.844789702499964], [79.86906462609065, 6.844789702499964], [79.86880530480511, 6.8452356586277485], [79.86906462609065, 6.845681614338856], [79.86958326866176, 6.845681614338856], [79.86984258994731, 6.8452356586277485], [79.86958326866176, 6.844789702499964]]]]}}, {"type": "Feature", "properties": {"hex_id": 399, "is_edge": false, "Hex_area": 8660.254, "Hex_area_full": 8660.254, "area_ratio": 1.0, "completeness_class": "core", "snap_ok": true, "analysis_ok": true, "node_id": 7068.0, "dist_food_m": 58.086, "time_food_min": 0.726, "reach_food_5": true, "reach_food_10": true, "reach_food_15": true, "count_food_10": 22, "dist_education_m": 412.65, "time_education_min": 5.158, "reach_education_5": false, "reach_education_10": true, "reach_education_15": true, "count_education_10": 5, "dist_health_m": 865.038, "time_health_min": 10.813, "reach_health_5": false, "reach_health_10": false, "reach_health_15": true, "count_health_10": 0, "dist_transit_m": 685.689, "time_transit_min": 8.571, "reach_transit_5": false, "reach_transit_10": true, "reach_transit_15": true, "count_transit_10": 2, "dist_finance_m": 711.06, "time_finance_min": 8.888, "reach_finance_5": false, "reach_finance_10": true, "reach_finance_15": true, "count_finance_10": 3, "dist_open_space_m": 630.657, "time_open_space_min": 7.883, "reach_open_space_5": false, "reach_open_space_10": true, "reach_open_space_15": true, "count_open_space_10": 1, "groups_within_10": 5, "access_score": 0.8333, "access_tier": "high", "mean_BtA5000": 0.33333334327, "mismatch_flag": false}, "geometry": {"type": "MultiPolygon", "coordinates": [[[[79.87036123251839, 6.8452356586277485], [79.86984258994731, 6.8452356586277485], [79.86958326866176, 6.845681614338856], [79.86984258994731, 6.846127569633257], [79.87036123251839, 6.846127569633257], [79.87062055380396, 6.845681614338856], [79.87036123251839, 6.8452356586277485]]]]}}, {"type": "Feature", "properties": {"hex_id": 400, "is_edge": false, "Hex_area": 8660.254, "Hex_area_full": 8660.254, "area_ratio": 1.0, "completeness_class": "core", "snap_ok": true, "analysis_ok": true, "node_id": 7069.0, "dist_food_m": 90.432, "time_food_min": 1.13, "reach_food_5": true, "reach_food_10": true, "reach_food_15": true, "count_food_10": 26, "dist_education_m": 399.689, "time_education_min": 4.996, "reach_education_5": true, "reach_education_10": true, "reach_education_15": true, "count_education_10": 5, "dist_health_m": 936.47, "time_health_min": 11.706, "reach_health_5": false, "reach_health_10": false, "reach_health_15": true, "count_health_10": 0, "dist_transit_m": 609.982, "time_transit_min": 7.625, "reach_transit_5": false, "reach_transit_10": true, "reach_transit_15": true, "count_transit_10": 2, "dist_finance_m": 735.968, "time_finance_min": 9.2, "reach_finance_5": false, "reach_finance_10": true, "reach_finance_15": true, "count_finance_10": 5, "dist_open_space_m": 554.95, "time_open_space_min": 6.937, "reach_open_space_5": false, "reach_open_space_10": true, "reach_open_space_15": true, "count_open_space_10": 1, "groups_within_10": 5, "access_score": 0.8333, "access_tier": "high", "mean_BtA5000": 0.3333333234, "mismatch_flag": false}, "geometry": {"type": "MultiPolygon", "coordinates": [[[[79.87113919637505, 6.844789702499964], [79.87062055380396, 6.844789702499964], [79.87036123251839, 6.8452356586277485], [79.87062055380396, 6.845681614338856], [79.87113919637505, 6.845681614338856], [79.87139851766061, 6.8452356586277485], [79.87113919637505, 6.844789702499964]]]]}}, {"type": "Feature", "properties": {"hex_id": 401, "is_edge": true, "Hex_area": 5171.2788, "Hex_area_full": 8660.254, "area_ratio": 0.597128, "completeness_class": "partial", "snap_ok": true, "analysis_ok": false, "node_id": 7070.0, "dist_food_m": 56.633, "time_food_min": 0.708, "reach_food_5": true, "reach_food_10": true, "reach_food_15": true, "count_food_10": 13, "dist_education_m": 466.075, "time_education_min": 5.826, "reach_education_5": false, "reach_education_10": true, "reach_education_15": true, "count_education_10": 4, "dist_health_m": 1012.241, "time_health_min": 12.653, "reach_health_5": false, "reach_health_10": false, "reach_health_15": true, "count_health_10": 0, "dist_transit_m": 806.633, "time_transit_min": 10.083, "reach_transit_5": false, "reach_transit_10": false, "reach_transit_15": true, "count_transit_10": 0, "dist_finance_m": 858.262, "time_finance_min": 10.728, "reach_finance_5": false, "reach_finance_10": false, "reach_finance_15": true, "count_finance_10": 0, "dist_open_space_m": 751.601, "time_open_space_min": 9.395, "reach_open_space_5": false, "reach_open_space_10": true, "reach_open_space_15": true, "count_open_space_10": 1, "groups_within_10": 3, "access_score": 0.5, "access_tier": "excluded", "mean_BtA5000": 0.333333313465, "mismatch_flag": false}, "geometry": {"type": "MultiPolygon", "coordinates": [[[[79.8719171602317, 6.8452356586277485], [79.87139851766061, 6.8452356586277485], [79.87113919637505, 6.845681614338856], [79.87134533080211, 6.846036104128327], [79.87141115745483, 6.845977228115635], [79.87148559670393, 6.845912740189331], [79.87156246787748, 6.8458481684035695], [79.8716417709754, 6.8457835127583415], [79.87172350599775, 6.845718773253653], [79.87180767294446, 6.845653949889503], [79.87189427181559, 6.845589042665888], [79.87198330261111, 6.845524051582815], [79.87205513873808, 6.845472940793959], [79.8719171602317, 6.8452356586277485]]]]}}, {"type": "Feature", "properties": {"hex_id": 402, "is_edge": true, "Hex_area": 4597.6014, "Hex_area_full": 8660.254, "area_ratio": 0.530885, "completeness_class": "partial", "snap_ok": true, "analysis_ok": false, "node_id": 7071.0, "dist_food_m": 102.666, "time_food_min": 1.283, "reach_food_5": true, "reach_food_10": true, "reach_food_15": true, "count_food_10": 13, "dist_education_m": 548.177, "time_education_min": 6.852, "reach_education_5": false, "reach_education_10": true, "reach_education_15": true, "count_education_10": 4, "dist_health_m": 901.564, "time_health_min": 11.27, "reach_health_5": false, "reach_health_10": false, "reach_health_15": true, "count_health_10": 0, "dist_transit_m": 810.634, "time_transit_min": 10.133, "reach_transit_5": false, "reach_transit_10": false, "reach_transit_15": true, "count_transit_10": 0, "dist_finance_m": 816.577, "time_finance_min": 10.207, "reach_finance_5": false, "reach_finance_10": false, "reach_finance_15": true, "count_finance_10": 0, "dist_open_space_m": 833.703, "time_open_space_min": 10.421, "reach_open_space_5": false, "reach_open_space_10": false, "reach_open_space_15": true, "count_open_space_10": 0, "groups_within_10": 2, "access_score": 0.3333, "access_tier": "excluded", "mean_BtA5000": 3.65857937187, "mismatch_flag": false}, "geometry": {"type": "MultiPolygon", "coordinates": [[[[79.87269512408835, 6.844789702499964], [79.87217648151724, 6.844789702499964], [79.8719171602317, 6.8452356586277485], [79.87205513873808, 6.845472940793959], [79.87207476533104, 6.845458976640278], [79.8721711198529, 6.845396529294217], [79.87227236617673, 6.845336709544634], [79.87237850430252, 6.845279517391528], [79.87248953423025, 6.845224952834901], [79.87260545595993, 6.845173015874747], [79.87272626949157, 6.845123706511073], [79.87285197482515, 6.845077024743874], [79.8728605236343, 6.8450741409847495], [79.87269512408835, 6.844789702499964]]]]}}, {"type": "Feature", "properties": {"hex_id": 403, "is_edge": true, "Hex_area": 3.2074, "Hex_area_full": 8660.254, "area_ratio": 0.00037, "completeness_class": "sliver", "snap_ok": true, "analysis_ok": false, "node_id": 7072.0, "dist_food_m": 217.047, "time_food_min": 2.713, "reach_food_5": true, "reach_food_10": true, "reach_food_15": true, "count_food_10": 12, "dist_education_m": 670.399, "time_education_min": 8.38, "reach_education_5": false, "reach_education_10": true, "reach_education_15": true, "count_education_10": 1, "dist_health_m": 969.263, "time_health_min": 12.116, "reach_health_5": false, "reach_health_10": false, "reach_health_15": true, "count_health_10": 0, "dist_transit_m": 923.27, "time_transit_min": 11.541, "reach_transit_5": false, "reach_transit_10": false, "reach_transit_15": true, "count_transit_10": 0, "dist_finance_m": 973.222, "time_finance_min": 12.165, "reach_finance_5": false, "reach_finance_10": false, "reach_finance_15": true, "count_finance_10": 0, "dist_open_space_m": 955.925, "time_open_space_min": 11.949, "reach_open_space_5": false, "reach_open_space_10": false, "reach_open_space_15": true, "count_open_space_10": 0, "groups_within_10": 2, "access_score": 0.3333, "access_tier": "excluded", "mean_BtA5000": null, "mismatch_flag": false}, "geometry": {"type": "MultiPolygon", "coordinates": [[[[79.87373240923056, 6.844789702499964], [79.87372492077154, 6.844802580446676], [79.87375676251415, 6.844793943153207], [79.87377216348996, 6.844789702499964], [79.87373240923056, 6.844789702499964]]]]}}, {"type": "Feature", "properties": {"hex_id": 404, "is_edge": true, "Hex_area": 2854.1884, "Hex_area_full": 8660.254, "area_ratio": 0.329573, "completeness_class": "sliver", "snap_ok": false, "analysis_ok": false, "node_id": null, "dist_food_m": null, "time_food_min": null, "reach_food_5": false, "reach_food_10": false, "reach_food_15": false, "count_food_10": 0, "dist_education_m": null, "time_education_min": null, "reach_education_5": false, "reach_education_10": false, "reach_education_15": false, "count_education_10": 0, "dist_health_m": null, "time_health_min": null, "reach_health_5": false, "reach_health_10": false, "reach_health_15": false, "count_health_10": 0, "dist_transit_m": null, "time_transit_min": null, "reach_transit_5": false, "reach_transit_10": false, "reach_transit_15": false, "count_transit_10": 0, "dist_finance_m": null, "time_finance_min": null, "reach_finance_5": false, "reach_finance_10": false, "reach_finance_15": false, "count_finance_10": 0, "dist_open_space_m": null, "time_open_space_min": null, "reach_open_space_5": false, "reach_open_space_10": false, "reach_open_space_15": false, "count_open_space_10": 0, "groups_within_10": 0, "access_score": null, "access_tier": "excluded", "mean_BtA5000": null, "mismatch_flag": false}, "geometry": {"type": "MultiPolygon", "coordinates": [[[[79.86180363009527, 6.84657352451093], [79.86206295138084, 6.846127569633257], [79.86180363009527, 6.845681614338856], [79.8616528062864, 6.845681614338856], [79.86164784754055, 6.84572159652217], [79.86164371047373, 6.8457785650500425], [79.86164298369172, 6.84583164808951], [79.86164566719454, 6.845880845640568], [79.86164924519824, 6.84593026681686], [79.86165371770286, 6.8459799116183815], [79.86165908470845, 6.846029780045138], [79.86166534621496, 6.846079872097124], [79.8616725022224, 6.846130187774344], [79.86168055273073, 6.846180727076794], [79.86168949774, 6.846231490004478], [79.86169933725023, 6.846282476557394], [79.86170671688286, 6.846338382865415], [79.86171163663798, 6.846399208928544], [79.86171409651554, 6.846464954746778], [79.86171409651554, 6.846535620320114], [79.86171286294724, 6.84657352451093], [79.86180363009527, 6.84657352451093]]]]}}, {"type": "Feature", "properties": {"hex_id": 405, "is_edge": false, "Hex_area": 8660.254, "Hex_area_full": 8660.254, "area_ratio": 1.0, "completeness_class": "core", "snap_ok": true, "analysis_ok": true, "node_id": 5571.0, "dist_food_m": 244.563, "time_food_min": 3.057, "reach_food_5": true, "reach_food_10": true, "reach_food_15": true, "count_food_10": 24, "dist_education_m": 746.398, "time_education_min": 9.33, "reach_education_5": false, "reach_education_10": true, "reach_education_15": true, "count_education_10": 2, "dist_health_m": 632.387, "time_health_min": 7.905, "reach_health_5": false, "reach_health_10": true, "reach_health_15": true, "count_health_10": 2, "dist_transit_m": 564.777, "time_transit_min": 7.06, "reach_transit_5": false, "reach_transit_10": true, "reach_transit_15": true, "count_transit_10": 2, "dist_finance_m": 466.718, "time_finance_min": 5.834, "reach_finance_5": false, "reach_finance_10": true, "reach_finance_15": true, "count_finance_10": 4, "dist_open_space_m": 609.562, "time_open_space_min": 7.62, "reach_open_space_5": false, "reach_open_space_10": true, "reach_open_space_15": true, "count_open_space_10": 1, "groups_within_10": 6, "access_score": 1.0, "access_tier": "high", "mean_BtA5000": null, "mismatch_flag": false}, "geometry": {"type": "MultiPolygon", "coordinates": [[[[79.86258159395194, 6.846127569633257], [79.86206295138084, 6.846127569633257], [79.86180363009527, 6.84657352451093], [79.86206295138084, 6.847019478971843], [79.86258159395194, 6.847019478971843], [79.86284091523748, 6.84657352451093], [79.86258159395194, 6.846127569633257]]]]}}, {"type": "Feature", "properties": {"hex_id": 406, "is_edge": false, "Hex_area": 8660.254, "Hex_area_full": 8660.254, "area_ratio": 1.0, "completeness_class": "core", "snap_ok": true, "analysis_ok": true, "node_id": 7073.0, "dist_food_m": 187.959, "time_food_min": 2.349, "reach_food_5": true, "reach_food_10": true, "reach_food_15": true, "count_food_10": 24, "dist_education_m": 787.926, "time_education_min": 9.849, "reach_education_5": false, "reach_education_10": true, "reach_education_15": true, "count_education_10": 1, "dist_health_m": 673.916, "time_health_min": 8.424, "reach_health_5": false, "reach_health_10": true, "reach_health_15": true, "count_health_10": 2, "dist_transit_m": 550.071, "time_transit_min": 6.876, "reach_transit_5": false, "reach_transit_10": true, "reach_transit_15": true, "count_transit_10": 2, "dist_finance_m": 508.247, "time_finance_min": 6.353, "reach_finance_5": false, "reach_finance_10": true, "reach_finance_15": true, "count_finance_10": 5, "dist_open_space_m": 619.479, "time_open_space_min": 7.743, "reach_open_space_5": false, "reach_open_space_10": true, "reach_open_space_15": true, "count_open_space_10": 1, "groups_within_10": 6, "access_score": 1.0, "access_tier": "high", "mean_BtA5000": 11.404947757722502, "mismatch_flag": false}, "geometry": {"type": "MultiPolygon", "coordinates": [[[[79.8633595578086, 6.845681614338856], [79.86284091523748, 6.845681614338856], [79.86258159395194, 6.846127569633257], [79.86284091523748, 6.84657352451093], [79.8633595578086, 6.84657352451093], [79.86361887909413, 6.846127569633257], [79.8633595578086, 6.845681614338856]]]]}}, {"type": "Feature", "properties": {"hex_id": 407, "is_edge": false, "Hex_area": 8660.254, "Hex_area_full": 8660.254, "area_ratio": 1.0, "completeness_class": "core", "snap_ok": true, "analysis_ok": true, "node_id": 7074.0, "dist_food_m": 194.162, "time_food_min": 2.427, "reach_food_5": true, "reach_food_10": true, "reach_food_15": true, "count_food_10": 28, "dist_education_m": 635.755, "time_education_min": 7.947, "reach_education_5": false, "reach_education_10": true, "reach_education_15": true, "count_education_10": 4, "dist_health_m": 521.744, "time_health_min": 6.522, "reach_health_5": false, "reach_health_10": true, "reach_health_15": true, "count_health_10": 3, "dist_transit_m": 454.134, "time_transit_min": 5.677, "reach_transit_5": false, "reach_transit_10": true, "reach_transit_15": true, "count_transit_10": 4, "dist_finance_m": 356.075, "time_finance_min": 4.451, "reach_finance_5": true, "reach_finance_10": true, "reach_finance_15": true, "count_finance_10": 8, "dist_open_space_m": 498.92, "time_open_space_min": 6.236, "reach_open_space_5": false, "reach_open_space_10": true, "reach_open_space_15": true, "count_open_space_10": 1, "groups_within_10": 6, "access_score": 1.0, "access_tier": "high", "mean_BtA5000": 4.6292584762, "mismatch_flag": false}, "geometry": {"type": "MultiPolygon", "coordinates": [[[[79.86413752166523, 6.846127569633257], [79.86361887909413, 6.846127569633257], [79.8633595578086, 6.84657352451093], [79.86361887909413, 6.847019478971843], [79.86413752166523, 6.847019478971843], [79.86439684295078, 6.84657352451093], [79.86413752166523, 6.846127569633257]]]]}}, {"type": "Feature", "properties": {"hex_id": 408, "is_edge": false, "Hex_area": 8660.254, "Hex_area_full": 8660.254, "area_ratio": 1.0, "completeness_class": "core", "snap_ok": true, "analysis_ok": true, "node_id": 7075.0, "dist_food_m": 247.356, "time_food_min": 3.092, "reach_food_5": true, "reach_food_10": true, "reach_food_15": true, "count_food_10": 24, "dist_education_m": 737.836, "time_education_min": 9.223, "reach_education_5": false, "reach_education_10": true, "reach_education_15": true, "count_education_10": 2, "dist_health_m": 623.825, "time_health_min": 7.798, "reach_health_5": false, "reach_health_10": true, "reach_health_15": true, "count_health_10": 2, "dist_transit_m": 556.215, "time_transit_min": 6.953, "reach_transit_5": false, "reach_transit_10": true, "reach_transit_15": true, "count_transit_10": 2, "dist_finance_m": 458.156, "time_finance_min": 5.727, "reach_finance_5": false, "reach_finance_10": true, "reach_finance_15": true, "count_finance_10": 4, "dist_open_space_m": 601.001, "time_open_space_min": 7.513, "reach_open_space_5": false, "reach_open_space_10": true, "reach_open_space_15": true, "count_open_space_10": 1, "groups_within_10": 6, "access_score": 1.0, "access_tier": "high", "mean_BtA5000": 1.8279283642775002, "mismatch_flag": false}, "geometry": {"type": "MultiPolygon", "coordinates": [[[[79.86491548552188, 6.845681614338856], [79.86439684295078, 6.845681614338856], [79.86413752166523, 6.846127569633257], [79.86439684295078, 6.84657352451093], [79.86491548552188, 6.84657352451093], [79.8651748068074, 6.846127569633257], [79.86491548552188, 6.845681614338856]]]]}}, {"type": "Feature", "properties": {"hex_id": 409, "is_edge": false, "Hex_area": 8660.254, "Hex_area_full": 8660.254, "area_ratio": 1.0, "completeness_class": "core", "snap_ok": true, "analysis_ok": true, "node_id": 7076.0, "dist_food_m": 3.389, "time_food_min": 0.042, "reach_food_5": true, "reach_food_10": true, "reach_food_15": true, "count_food_10": 45, "dist_education_m": 461.284, "time_education_min": 5.766, "reach_education_5": false, "reach_education_10": true, "reach_education_15": true, "count_education_10": 8, "dist_health_m": 410.421, "time_health_min": 5.13, "reach_health_5": false, "reach_health_10": true, "reach_health_15": true, "count_health_10": 5, "dist_transit_m": 277.183, "time_transit_min": 3.465, "reach_transit_5": true, "reach_transit_10": true, "reach_transit_15": true, "count_transit_10": 7, "dist_finance_m": 143.537, "time_finance_min": 1.794, "reach_finance_5": true, "reach_finance_10": true, "reach_finance_15": true, "count_finance_10": 16, "dist_open_space_m": 258.311, "time_open_space_min": 3.229, "reach_open_space_5": true, "reach_open_space_10": true, "reach_open_space_15": true, "count_open_space_10": 2, "groups_within_10": 6, "access_score": 1.0, "access_tier": "high", "mean_BtA5000": 2.0612334211700003, "mismatch_flag": false}, "geometry": {"type": "MultiPolygon", "coordinates": [[[[79.86569344937851, 6.846127569633257], [79.8651748068074, 6.846127569633257], [79.86491548552188, 6.84657352451093], [79.8651748068074, 6.847019478971843], [79.86569344937851, 6.847019478971843], [79.86595277066408, 6.84657352451093], [79.86569344937851, 6.846127569633257]]]]}}, {"type": "Feature", "properties": {"hex_id": 410, "is_edge": false, "Hex_area": 8660.254, "Hex_area_full": 8660.254, "area_ratio": 1.0, "completeness_class": "core", "snap_ok": true, "analysis_ok": true, "node_id": 7077.0, "dist_food_m": 0.0, "time_food_min": 0.0, "reach_food_5": true, "reach_food_10": true, "reach_food_15": true, "count_food_10": 51, "dist_education_m": 349.734, "time_education_min": 4.372, "reach_education_5": true, "reach_education_10": true, "reach_education_15": true, "count_education_10": 10, "dist_health_m": 382.314, "time_health_min": 4.779, "reach_health_5": true, "reach_health_10": true, "reach_health_15": true, "count_health_10": 5, "dist_transit_m": 180.238, "time_transit_min": 2.253, "reach_transit_5": true, "reach_transit_10": true, "reach_transit_15": true, "count_transit_10": 7, "dist_finance_m": 99.578, "time_finance_min": 1.245, "reach_finance_5": true, "reach_finance_10": true, "reach_finance_15": true, "count_finance_10": 17, "dist_open_space_m": 146.761, "time_open_space_min": 1.835, "reach_open_space_5": true, "reach_open_space_10": true, "reach_open_space_15": true, "count_open_space_10": 2, "groups_within_10": 6, "access_score": 1.0, "access_tier": "high", "mean_BtA5000": 79.230993658306, "mismatch_flag": false}, "geometry": {"type": "MultiPolygon", "coordinates": [[[[79.86647141323516, 6.845681614338856], [79.86595277066408, 6.845681614338856], [79.86569344937851, 6.846127569633257], [79.86595277066408, 6.84657352451093], [79.86647141323516, 6.84657352451093], [79.86673073452073, 6.846127569633257], [79.86647141323516, 6.845681614338856]]]]}}, {"type": "Feature", "properties": {"hex_id": 411, "is_edge": false, "Hex_area": 8660.254, "Hex_area_full": 8660.254, "area_ratio": 1.0, "completeness_class": "core", "snap_ok": true, "analysis_ok": true, "node_id": 3589.0, "dist_food_m": 232.382, "time_food_min": 2.905, "reach_food_5": true, "reach_food_10": true, "reach_food_15": true, "count_food_10": 39, "dist_education_m": 190.585, "time_education_min": 2.382, "reach_education_5": true, "reach_education_10": true, "reach_education_15": true, "count_education_10": 7, "dist_health_m": 613.303, "time_health_min": 7.666, "reach_health_5": false, "reach_health_10": true, "reach_health_15": true, "count_health_10": 2, "dist_transit_m": 288.887, "time_transit_min": 3.611, "reach_transit_5": true, "reach_transit_10": true, "reach_transit_15": true, "count_transit_10": 4, "dist_finance_m": 331.961, "time_finance_min": 4.15, "reach_finance_5": true, "reach_finance_10": true, "reach_finance_15": true, "count_finance_10": 9, "dist_open_space_m": 255.41, "time_open_space_min": 3.193, "reach_open_space_5": true, "reach_open_space_10": true, "reach_open_space_15": true, "count_open_space_10": 2, "groups_within_10": 6, "access_score": 1.0, "access_tier": "high", "mean_BtA5000": 0.833333354445, "mismatch_flag": false}, "geometry": {"type": "MultiPolygon", "coordinates": [[[[79.86724937709182, 6.846127569633257], [79.86673073452073, 6.846127569633257], [79.86647141323516, 6.84657352451093], [79.86673073452073, 6.847019478971843], [79.86724937709182, 6.847019478971843], [79.86750869837736, 6.84657352451093], [79.86724937709182, 6.846127569633257]]]]}}, {"type": "Feature", "properties": {"hex_id": 412, "is_edge": false, "Hex_area": 8660.254, "Hex_area_full": 8660.254, "area_ratio": 1.0, "completeness_class": "core", "snap_ok": true, "analysis_ok": true, "node_id": 7078.0, "dist_food_m": 290.65, "time_food_min": 3.633, "reach_food_5": true, "reach_food_10": true, "reach_food_15": true, "count_food_10": 37, "dist_education_m": 59.085, "time_education_min": 0.739, "reach_education_5": true, "reach_education_10": true, "reach_education_15": true, "count_education_10": 6, "dist_health_m": 671.571, "time_health_min": 8.395, "reach_health_5": false, "reach_health_10": true, "reach_health_15": true, "count_health_10": 2, "dist_transit_m": 347.154, "time_transit_min": 4.339, "reach_transit_5": true, "reach_transit_10": true, "reach_transit_15": true, "count_transit_10": 4, "dist_finance_m": 390.228, "time_finance_min": 4.878, "reach_finance_5": true, "reach_finance_10": true, "reach_finance_15": true, "count_finance_10": 9, "dist_open_space_m": 313.678, "time_open_space_min": 3.921, "reach_open_space_5": true, "reach_open_space_10": true, "reach_open_space_15": true, "count_open_space_10": 2, "groups_within_10": 6, "access_score": 1.0, "access_tier": "high", "mean_BtA5000": 0.6333333492300001, "mismatch_flag": false}, "geometry": {"type": "MultiPolygon", "coordinates": [[[[79.86802734094847, 6.845681614338856], [79.86750869837736, 6.845681614338856], [79.86724937709182, 6.846127569633257], [79.86750869837736, 6.84657352451093], [79.86802734094847, 6.84657352451093], [79.868286662234, 6.846127569633257], [79.86802734094847, 6.845681614338856]]]]}}, {"type": "Feature", "properties": {"hex_id": 413, "is_edge": false, "Hex_area": 8660.254, "Hex_area_full": 8660.254, "area_ratio": 1.0, "completeness_class": "core", "snap_ok": true, "analysis_ok": true, "node_id": 1461.0, "dist_food_m": 270.934, "time_food_min": 3.387, "reach_food_5": true, "reach_food_10": true, "reach_food_15": true, "count_food_10": 35, "dist_education_m": 123.306, "time_education_min": 1.541, "reach_education_5": true, "reach_education_10": true, "reach_education_15": true, "count_education_10": 7, "dist_health_m": 610.087, "time_health_min": 7.626, "reach_health_5": false, "reach_health_10": true, "reach_health_15": true, "count_health_10": 2, "dist_transit_m": 497.902, "time_transit_min": 6.224, "reach_transit_5": false, "reach_transit_10": true, "reach_transit_15": true, "count_transit_10": 3, "dist_finance_m": 456.109, "time_finance_min": 5.701, "reach_finance_5": false, "reach_finance_10": true, "reach_finance_15": true, "count_finance_10": 5, "dist_open_space_m": 464.426, "time_open_space_min": 5.805, "reach_open_space_5": false, "reach_open_space_10": true, "reach_open_space_15": true, "count_open_space_10": 1, "groups_within_10": 6, "access_score": 1.0, "access_tier": "high", "mean_BtA5000": 0.33333334327, "mismatch_flag": false}, "geometry": {"type": "MultiPolygon", "coordinates": [[[[79.86880530480511, 6.846127569633257], [79.868286662234, 6.846127569633257], [79.86802734094847, 6.84657352451093], [79.868286662234, 6.847019478971843], [79.86880530480511, 6.847019478971843], [79.86906462609065, 6.84657352451093], [79.86880530480511, 6.846127569633257]]]]}}, {"type": "Feature", "properties": {"hex_id": 414, "is_edge": false, "Hex_area": 8660.254, "Hex_area_full": 8660.254, "area_ratio": 1.0, "completeness_class": "core", "snap_ok": true, "analysis_ok": true, "node_id": 1441.0, "dist_food_m": 8.631, "time_food_min": 0.108, "reach_food_5": true, "reach_food_10": true, "reach_food_15": true, "count_food_10": 28, "dist_education_m": 311.156, "time_education_min": 3.889, "reach_education_5": true, "reach_education_10": true, "reach_education_15": true, "count_education_10": 5, "dist_health_m": 763.545, "time_health_min": 9.544, "reach_health_5": false, "reach_health_10": true, "reach_health_15": true, "count_health_10": 1, "dist_transit_m": 695.934, "time_transit_min": 8.699, "reach_transit_5": false, "reach_transit_10": true, "reach_transit_15": true, "count_transit_10": 3, "dist_finance_m": 609.566, "time_finance_min": 7.62, "reach_finance_5": false, "reach_finance_10": true, "reach_finance_15": true, "count_finance_10": 4, "dist_open_space_m": 732.151, "time_open_space_min": 9.152, "reach_open_space_5": false, "reach_open_space_10": true, "reach_open_space_15": true, "count_open_space_10": 1, "groups_within_10": 6, "access_score": 1.0, "access_tier": "high", "mean_BtA5000": 0.33333334327, "mismatch_flag": false}, "geometry": {"type": "MultiPolygon", "coordinates": [[[[79.86958326866176, 6.845681614338856], [79.86906462609065, 6.845681614338856], [79.86880530480511, 6.846127569633257], [79.86906462609065, 6.84657352451093], [79.86958326866176, 6.84657352451093], [79.86984258994731, 6.846127569633257], [79.86958326866176, 6.845681614338856]]]]}}, {"type": "Feature", "properties": {"hex_id": 415, "is_edge": false, "Hex_area": 8660.254, "Hex_area_full": 8660.254, "area_ratio": 1.0, "completeness_class": "core", "snap_ok": true, "analysis_ok": true, "node_id": 1437.0, "dist_food_m": 6.811, "time_food_min": 0.085, "reach_food_5": true, "reach_food_10": true, "reach_food_15": true, "count_food_10": 28, "dist_education_m": 361.375, "time_education_min": 4.517, "reach_education_5": true, "reach_education_10": true, "reach_education_15": true, "count_education_10": 5, "dist_health_m": 813.763, "time_health_min": 10.172, "reach_health_5": false, "reach_health_10": false, "reach_health_15": true, "count_health_10": 0, "dist_transit_m": 736.964, "time_transit_min": 9.212, "reach_transit_5": false, "reach_transit_10": true, "reach_transit_15": true, "count_transit_10": 2, "dist_finance_m": 659.785, "time_finance_min": 8.247, "reach_finance_5": false, "reach_finance_10": true, "reach_finance_15": true, "count_finance_10": 3, "dist_open_space_m": 681.932, "time_open_space_min": 8.524, "reach_open_space_5": false, "reach_open_space_10": true, "reach_open_space_15": true, "count_open_space_10": 1, "groups_within_10": 5, "access_score": 0.8333, "access_tier": "high", "mean_BtA5000": 0.33333334327, "mismatch_flag": false}, "geometry": {"type": "MultiPolygon", "coordinates": [[[[79.87036123251839, 6.846127569633257], [79.86984258994731, 6.846127569633257], [79.86958326866176, 6.84657352451093], [79.86984258994731, 6.847019478971843], [79.87036123251839, 6.847019478971843], [79.87062055380396, 6.84657352451093], [79.87036123251839, 6.846127569633257]]]]}}, {"type": "Feature", "properties": {"hex_id": 416, "is_edge": true, "Hex_area": 7167.6624, "Hex_area_full": 8660.254, "area_ratio": 0.82765, "completeness_class": "partial", "snap_ok": true, "analysis_ok": false, "node_id": 7079.0, "dist_food_m": 134.248, "time_food_min": 1.678, "reach_food_5": true, "reach_food_10": true, "reach_food_15": true, "count_food_10": 22, "dist_education_m": 319.445, "time_education_min": 3.993, "reach_education_5": true, "reach_education_10": true, "reach_education_15": true, "count_education_10": 4, "dist_health_m": 865.61, "time_health_min": 10.82, "reach_health_5": false, "reach_health_10": false, "reach_health_15": true, "count_health_10": 0, "dist_transit_m": 754.771, "time_transit_min": 9.435, "reach_transit_5": false, "reach_transit_10": true, "reach_transit_15": true, "count_transit_10": 3, "dist_finance_m": 711.632, "time_finance_min": 8.895, "reach_finance_5": false, "reach_finance_10": true, "reach_finance_15": true, "count_finance_10": 3, "dist_open_space_m": 714.693, "time_open_space_min": 8.934, "reach_open_space_5": false, "reach_open_space_10": true, "reach_open_space_15": true, "count_open_space_10": 1, "groups_within_10": 5, "access_score": 0.8333, "access_tier": "excluded", "mean_BtA5000": 3.3220763802533333, "mismatch_flag": false}, "geometry": {"type": "MultiPolygon", "coordinates": [[[[79.87113919637505, 6.845681614338856], [79.87062055380396, 6.845681614338856], [79.87036123251839, 6.846127569633257], [79.87062055380396, 6.84657352451093], [79.87081089066423, 6.84657352451093], [79.87081181387967, 6.846572294858214], [79.87082763536485, 6.846552392212559], [79.87084605649332, 6.846530197408275], [79.87086707726515, 6.846505710445361], [79.8708906976803, 6.846478931323819], [79.87091691773875, 6.84644986004365], [79.87094573744054, 6.846418496604847], [79.87097715678564, 6.846384841007418], [79.8710136496282, 6.846347341851312], [79.87105521596821, 6.846305999136529], [79.87110185580569, 6.846260812863071], [79.8711535691406, 6.846211783030937], [79.87121035597296, 6.846158909640128], [79.87127221630281, 6.84610219269064], [79.87133915013008, 6.846041632182475], [79.87134533080211, 6.846036104128327], [79.87113919637505, 6.845681614338856]]]]}}, {"type": "Feature", "properties": {"hex_id": 417, "is_edge": true, "Hex_area": 2874.5116, "Hex_area_full": 8660.254, "area_ratio": 0.33192, "completeness_class": "sliver", "snap_ok": false, "analysis_ok": false, "node_id": null, "dist_food_m": null, "time_food_min": null, "reach_food_5": false, "reach_food_10": false, "reach_food_15": false, "count_food_10": 0, "dist_education_m": null, "time_education_min": null, "reach_education_5": false, "reach_education_10": false, "reach_education_15": false, "count_education_10": 0, "dist_health_m": null, "time_health_min": null, "reach_health_5": false, "reach_health_10": false, "reach_health_15": false, "count_health_10": 0, "dist_transit_m": null, "time_transit_min": null, "reach_transit_5": false, "reach_transit_10": false, "reach_transit_15": false, "count_transit_10": 0, "dist_finance_m": null, "time_finance_min": null, "reach_finance_5": false, "reach_finance_10": false, "reach_finance_15": false, "count_finance_10": 0, "dist_open_space_m": null, "time_open_space_min": null, "reach_open_space_5": false, "reach_open_space_10": false, "reach_open_space_15": false, "count_open_space_10": 0, "groups_within_10": 0, "access_score": null, "access_tier": "excluded", "mean_BtA5000": null, "mismatch_flag": false}, "geometry": {"type": "MultiPolygon", "coordinates": [[[[79.86180363009527, 6.847465433015971], [79.86206295138084, 6.847019478971843], [79.86180363009527, 6.84657352451093], [79.86171286294724, 6.84657352451093], [79.86171163663798, 6.846611205648559], [79.86170671688286, 6.8466917107321095], [79.86169933725023, 6.846777135570766], [79.86168949774, 6.846867480164529], [79.86168077635595, 6.8469502215004], [79.86167317309808, 6.847025359578381], [79.86166668796633, 6.847092894398472], [79.86166132096076, 6.847152825960672], [79.86165707208137, 6.8472051542649774], [79.8616539413281, 6.847249879311397], [79.86165192870101, 6.847287001099921], [79.86165103420011, 6.8473165196305565], [79.86164938496401, 6.847343773955718], [79.86164698099277, 6.847368764075402], [79.86164382228637, 6.847391489989614], [79.8616399088448, 6.84741195169835], [79.86163524066808, 6.847430149201609], [79.86162981775621, 6.8474460824993955], [79.86162364010916, 6.847459751591708], [79.86162018669445, 6.847465433015971], [79.86180363009527, 6.847465433015971]]]]}}, {"type": "Feature", "properties": {"hex_id": 418, "is_edge": false, "Hex_area": 8660.254, "Hex_area_full": 8660.254, "area_ratio": 1.0, "completeness_class": "core", "snap_ok": true, "analysis_ok": true, "node_id": 5094.0, "dist_food_m": 437.493, "time_food_min": 5.469, "reach_food_5": false, "reach_food_10": true, "reach_food_15": true, "count_food_10": 19, "dist_education_m": 636.09, "time_education_min": 7.951, "reach_education_5": false, "reach_education_10": true, "reach_education_15": true, "count_education_10": 3, "dist_health_m": 520.592, "time_health_min": 6.507, "reach_health_5": false, "reach_health_10": true, "reach_health_15": true, "count_health_10": 3, "dist_transit_m": 452.982, "time_transit_min": 5.662, "reach_transit_5": false, "reach_transit_10": true, "reach_transit_15": true, "count_transit_10": 4, "dist_finance_m": 460.788, "time_finance_min": 5.76, "reach_finance_5": false, "reach_finance_10": true, "reach_finance_15": true, "count_finance_10": 7, "dist_open_space_m": 739.034, "time_open_space_min": 9.238, "reach_open_space_5": false, "reach_open_space_10": true, "reach_open_space_15": true, "count_open_space_10": 1, "groups_within_10": 6, "access_score": 1.0, "access_tier": "high", "mean_BtA5000": null, "mismatch_flag": false}, "geometry": {"type": "MultiPolygon", "coordinates": [[[[79.86258159395194, 6.847019478971843], [79.86206295138084, 6.847019478971843], [79.86180363009527, 6.847465433015971], [79.86206295138084, 6.8479113866432915], [79.86258159395194, 6.8479113866432915], [79.86284091523748, 6.847465433015971], [79.86258159395194, 6.847019478971843]]]]}}, {"type": "Feature", "properties": {"hex_id": 419, "is_edge": false, "Hex_area": 8660.254, "Hex_area_full": 8660.254, "area_ratio": 1.0, "completeness_class": "core", "snap_ok": true, "analysis_ok": true, "node_id": 7080.0, "dist_food_m": 279.574, "time_food_min": 3.495, "reach_food_5": true, "reach_food_10": true, "reach_food_15": true, "count_food_10": 23, "dist_education_m": 750.506, "time_education_min": 9.381, "reach_education_5": false, "reach_education_10": true, "reach_education_15": true, "count_education_10": 2, "dist_health_m": 636.496, "time_health_min": 7.956, "reach_health_5": false, "reach_health_10": true, "reach_health_15": true, "count_health_10": 2, "dist_transit_m": 568.886, "time_transit_min": 7.111, "reach_transit_5": false, "reach_transit_10": true, "reach_transit_15": true, "count_transit_10": 2, "dist_finance_m": 470.826, "time_finance_min": 5.885, "reach_finance_5": false, "reach_finance_10": true, "reach_finance_15": true, "count_finance_10": 4, "dist_open_space_m": 613.671, "time_open_space_min": 7.671, "reach_open_space_5": false, "reach_open_space_10": true, "reach_open_space_15": true, "count_open_space_10": 1, "groups_within_10": 6, "access_score": 1.0, "access_tier": "high", "mean_BtA5000": 4.3654653281, "mismatch_flag": false}, "geometry": {"type": "MultiPolygon", "coordinates": [[[[79.8633595578086, 6.84657352451093], [79.86284091523748, 6.84657352451093], [79.86258159395194, 6.847019478971843], [79.86284091523748, 6.847465433015971], [79.8633595578086, 6.847465433015971], [79.86361887909413, 6.847019478971843], [79.8633595578086, 6.84657352451093]]]]}}, {"type": "Feature", "properties": {"hex_id": 420, "is_edge": false, "Hex_area": 8660.254, "Hex_area_full": 8660.254, "area_ratio": 1.0, "completeness_class": "core", "snap_ok": true, "analysis_ok": true, "node_id": 5649.0, "dist_food_m": 397.425, "time_food_min": 4.968, "reach_food_5": true, "reach_food_10": true, "reach_food_15": true, "count_food_10": 19, "dist_education_m": 868.358, "time_education_min": 10.854, "reach_education_5": false, "reach_education_10": false, "reach_education_15": true, "count_education_10": 0, "dist_health_m": 754.348, "time_health_min": 9.429, "reach_health_5": false, "reach_health_10": true, "reach_health_15": true, "count_health_10": 1, "dist_transit_m": 686.737, "time_transit_min": 8.584, "reach_transit_5": false, "reach_transit_10": true, "reach_transit_15": true, "count_transit_10": 2, "dist_finance_m": 588.678, "time_finance_min": 7.358, "reach_finance_5": false, "reach_finance_10": true, "reach_finance_15": true, "count_finance_10": 4, "dist_open_space_m": 731.523, "time_open_space_min": 9.144, "reach_open_space_5": false, "reach_open_space_10": true, "reach_open_space_15": true, "count_open_space_10": 1, "groups_within_10": 5, "access_score": 0.8333, "access_tier": "high", "mean_BtA5000": 0.33333334327, "mismatch_flag": false}, "geometry": {"type": "MultiPolygon", "coordinates": [[[[79.86413752166523, 6.847019478971843], [79.86361887909413, 6.847019478971843], [79.8633595578086, 6.847465433015971], [79.86361887909413, 6.8479113866432915], [79.86413752166523, 6.8479113866432915], [79.86439684295078, 6.847465433015971], [79.86413752166523, 6.847019478971843]]]]}}, {"type": "Feature", "properties": {"hex_id": 421, "is_edge": false, "Hex_area": 8660.254, "Hex_area_full": 8660.254, "area_ratio": 1.0, "completeness_class": "core", "snap_ok": true, "analysis_ok": true, "node_id": 7081.0, "dist_food_m": 99.426, "time_food_min": 1.243, "reach_food_5": true, "reach_food_10": true, "reach_food_15": true, "count_food_10": 39, "dist_education_m": 541.019, "time_education_min": 6.763, "reach_education_5": false, "reach_education_10": true, "reach_education_15": true, "count_education_10": 6, "dist_health_m": 427.009, "time_health_min": 5.338, "reach_health_5": false, "reach_health_10": true, "reach_health_15": true, "count_health_10": 5, "dist_transit_m": 359.399, "time_transit_min": 4.492, "reach_transit_5": true, "reach_transit_10": true, "reach_transit_15": true, "count_transit_10": 6, "dist_finance_m": 261.34, "time_finance_min": 3.267, "reach_finance_5": true, "reach_finance_10": true, "reach_finance_15": true, "count_finance_10": 12, "dist_open_space_m": 404.184, "time_open_space_min": 5.052, "reach_open_space_5": false, "reach_open_space_10": true, "reach_open_space_15": true, "count_open_space_10": 1, "groups_within_10": 6, "access_score": 1.0, "access_tier": "high", "mean_BtA5000": 2.0612334211700003, "mismatch_flag": false}, "geometry": {"type": "MultiPolygon", "coordinates": [[[[79.86491548552188, 6.84657352451093], [79.86439684295078, 6.84657352451093], [79.86413752166523, 6.847019478971843], [79.86439684295078, 6.847465433015971], [79.86491548552188, 6.847465433015971], [79.8651748068074, 6.847019478971843], [79.86491548552188, 6.84657352451093]]]]}}, {"type": "Feature", "properties": {"hex_id": 422, "is_edge": false, "Hex_area": 8660.254, "Hex_area_full": 8660.254, "area_ratio": 1.0, "completeness_class": "core", "snap_ok": true, "analysis_ok": true, "node_id": 5133.0, "dist_food_m": 67.962, "time_food_min": 0.85, "reach_food_5": true, "reach_food_10": true, "reach_food_15": true, "count_food_10": 46, "dist_education_m": 509.555, "time_education_min": 6.369, "reach_education_5": false, "reach_education_10": true, "reach_education_15": true, "count_education_10": 9, "dist_health_m": 395.544, "time_health_min": 4.944, "reach_health_5": true, "reach_health_10": true, "reach_health_15": true, "count_health_10": 5, "dist_transit_m": 327.934, "time_transit_min": 4.099, "reach_transit_5": true, "reach_transit_10": true, "reach_transit_15": true, "count_transit_10": 6, "dist_finance_m": 229.875, "time_finance_min": 2.873, "reach_finance_5": true, "reach_finance_10": true, "reach_finance_15": true, "count_finance_10": 14, "dist_open_space_m": 372.72, "time_open_space_min": 4.659, "reach_open_space_5": true, "reach_open_space_10": true, "reach_open_space_15": true, "count_open_space_10": 1, "groups_within_10": 6, "access_score": 1.0, "access_tier": "high", "mean_BtA5000": 0.33333334327, "mismatch_flag": false}, "geometry": {"type": "MultiPolygon", "coordinates": [[[[79.86569344937851, 6.847019478971843], [79.8651748068074, 6.847019478971843], [79.86491548552188, 6.847465433015971], [79.8651748068074, 6.8479113866432915], [79.86569344937851, 6.8479113866432915], [79.86595277066408, 6.847465433015971], [79.86569344937851, 6.847019478971843]]]]}}, {"type": "Feature", "properties": {"hex_id": 423, "is_edge": false, "Hex_area": 8660.254, "Hex_area_full": 8660.254, "area_ratio": 1.0, "completeness_class": "core", "snap_ok": true, "analysis_ok": true, "node_id": 7082.0, "dist_food_m": 21.009, "time_food_min": 0.263, "reach_food_5": true, "reach_food_10": true, "reach_food_15": true, "count_food_10": 50, "dist_education_m": 380.455, "time_education_min": 4.756, "reach_education_5": true, "reach_education_10": true, "reach_education_15": true, "count_education_10": 11, "dist_health_m": 283.169, "time_health_min": 3.54, "reach_health_5": true, "reach_health_10": true, "reach_health_15": true, "count_health_10": 5, "dist_transit_m": 215.559, "time_transit_min": 2.694, "reach_transit_5": true, "reach_transit_10": true, "reach_transit_15": true, "count_transit_10": 7, "dist_finance_m": 38.049, "time_finance_min": 0.476, "reach_finance_5": true, "reach_finance_10": true, "reach_finance_15": true, "count_finance_10": 18, "dist_open_space_m": 246.195, "time_open_space_min": 3.077, "reach_open_space_5": true, "reach_open_space_10": true, "reach_open_space_15": true, "count_open_space_10": 2, "groups_within_10": 6, "access_score": 1.0, "access_tier": "high", "mean_BtA5000": 57.42933360168143, "mismatch_flag": false}, "geometry": {"type": "MultiPolygon", "coordinates": [[[[79.86647141323516, 6.84657352451093], [79.86595277066408, 6.84657352451093], [79.86569344937851, 6.847019478971843], [79.86595277066408, 6.847465433015971], [79.86647141323516, 6.847465433015971], [79.86673073452073, 6.847019478971843], [79.86647141323516, 6.84657352451093]]]]}}, {"type": "Feature", "properties": {"hex_id": 424, "is_edge": true, "Hex_area": 6598.7396, "Hex_area_full": 8660.254, "area_ratio": 0.761957, "completeness_class": "partial", "snap_ok": true, "analysis_ok": false, "node_id": 7083.0, "dist_food_m": 54.943, "time_food_min": 0.687, "reach_food_5": true, "reach_food_10": true, "reach_food_15": true, "count_food_10": 42, "dist_education_m": 339.179, "time_education_min": 4.24, "reach_education_5": true, "reach_education_10": true, "reach_education_15": true, "count_education_10": 10, "dist_health_m": 332.59, "time_health_min": 4.157, "reach_health_5": true, "reach_health_10": true, "reach_health_15": true, "count_health_10": 5, "dist_transit_m": 264.979, "time_transit_min": 3.312, "reach_transit_5": true, "reach_transit_10": true, "reach_transit_15": true, "count_transit_10": 6, "dist_finance_m": 178.611, "time_finance_min": 2.233, "reach_finance_5": true, "reach_finance_10": true, "reach_finance_15": true, "count_finance_10": 16, "dist_open_space_m": 410.893, "time_open_space_min": 5.136, "reach_open_space_5": false, "reach_open_space_10": true, "reach_open_space_15": true, "count_open_space_10": 1, "groups_within_10": 6, "access_score": 1.0, "access_tier": "excluded", "mean_BtA5000": 3.3220763802533333, "mismatch_flag": false}, "geometry": {"type": "MultiPolygon", "coordinates": [[[[79.86750869837736, 6.847465433015971], [79.86724937709182, 6.847019478971843], [79.86673073452073, 6.847019478971843], [79.86647141323516, 6.847465433015971], [79.86655985544542, 6.8476175267267845], [79.86657341690281, 6.847621823978698], [79.8666015657289, 6.847630517409594], [79.86663069291536, 6.847639294699955], [79.86666079846225, 6.847648155849776], [79.8666918823695, 6.8476571008590605], [79.86672332966775, 6.8476647041169505], [79.86675514035701, 6.84767096562345], [79.86678731443727, 6.847675885378556], [79.86681985190856, 6.847679463382269], [79.86685275277082, 6.847681699634589], [79.86688601702411, 6.8476825941355175], [79.86691964466839, 6.847682146885053], [79.86695363570365, 6.8476803578831955], [79.86698969527232, 6.847678037771413], [79.86702782337441, 6.847675186549704], [79.8670680200099, 6.847671804218068], [79.86711028517873, 6.847667890776507], [79.86715461888099, 6.847663446225018], [79.86720102111667, 6.847658470563606], [79.86724949188572, 6.847652963792264], [79.86730003118817, 6.8476469259109995], [79.86735414849431, 6.8476429006568225], [79.86740656452105, 6.847641072190774], [79.86750869837736, 6.847465433015971]]]]}}, {"type": "Feature", "properties": {"hex_id": 425, "is_edge": false, "Hex_area": 8660.254, "Hex_area_full": 8660.254, "area_ratio": 1.0, "completeness_class": "core", "snap_ok": true, "analysis_ok": true, "node_id": 7084.0, "dist_food_m": 259.287, "time_food_min": 3.241, "reach_food_5": true, "reach_food_10": true, "reach_food_15": true, "count_food_10": 30, "dist_education_m": 343.239, "time_education_min": 4.29, "reach_education_5": true, "reach_education_10": true, "reach_education_15": true, "count_education_10": 6, "dist_health_m": 536.933, "time_health_min": 6.712, "reach_health_5": false, "reach_health_10": true, "reach_health_15": true, "count_health_10": 2, "dist_transit_m": 469.323, "time_transit_min": 5.867, "reach_transit_5": false, "reach_transit_10": true, "reach_transit_15": true, "count_transit_10": 3, "dist_finance_m": 382.955, "time_finance_min": 4.787, "reach_finance_5": true, "reach_finance_10": true, "reach_finance_15": true, "count_finance_10": 7, "dist_open_space_m": 615.237, "time_open_space_min": 7.69, "reach_open_space_5": false, "reach_open_space_10": true, "reach_open_space_15": true, "count_open_space_10": 1, "groups_within_10": 6, "access_score": 1.0, "access_tier": "high", "mean_BtA5000": 0.33333334327, "mismatch_flag": false}, "geometry": {"type": "MultiPolygon", "coordinates": [[[[79.86802734094847, 6.84657352451093], [79.86750869837736, 6.84657352451093], [79.86724937709182, 6.847019478971843], [79.86750869837736, 6.847465433015971], [79.86802734094847, 6.847465433015971], [79.868286662234, 6.847019478971843], [79.86802734094847, 6.84657352451093]]]]}}, {"type": "Feature", "properties": {"hex_id": 426, "is_edge": true, "Hex_area": 7641.6172, "Hex_area_full": 8660.254, "area_ratio": 0.882378, "completeness_class": "partial", "snap_ok": true, "analysis_ok": false, "node_id": 7085.0, "dist_food_m": 241.716, "time_food_min": 3.021, "reach_food_5": true, "reach_food_10": true, "reach_food_15": true, "count_food_10": 39, "dist_education_m": 214.032, "time_education_min": 2.675, "reach_education_5": true, "reach_education_10": true, "reach_education_15": true, "count_education_10": 7, "dist_health_m": 519.362, "time_health_min": 6.492, "reach_health_5": false, "reach_health_10": true, "reach_health_15": true, "count_health_10": 4, "dist_transit_m": 451.752, "time_transit_min": 5.647, "reach_transit_5": false, "reach_transit_10": true, "reach_transit_15": true, "count_transit_10": 6, "dist_finance_m": 365.384, "time_finance_min": 4.567, "reach_finance_5": true, "reach_finance_10": true, "reach_finance_15": true, "count_finance_10": 7, "dist_open_space_m": 555.151, "time_open_space_min": 6.939, "reach_open_space_5": false, "reach_open_space_10": true, "reach_open_space_15": true, "count_open_space_10": 1, "groups_within_10": 6, "access_score": 1.0, "access_tier": "excluded", "mean_BtA5000": 3.3220763802533333, "mismatch_flag": false}, "geometry": {"type": "MultiPolygon", "coordinates": [[[[79.86906462609065, 6.847465433015971], [79.86880530480511, 6.847019478971843], [79.868286662234, 6.847019478971843], [79.86802734094847, 6.847465433015971], [79.86817502324054, 6.847719401628502], [79.86826167559245, 6.847732714140661], [79.86835392100069, 6.847747305687051], [79.86844834675493, 6.847762651968605], [79.86854495285517, 6.847778752985316], [79.8686359403715, 6.847792785468629], [79.86872130930384, 6.847804749418545], [79.86880105965226, 6.847814644835066], [79.86885806045944, 6.847820663019851], [79.86906462609065, 6.847465433015971]]]]}}, {"type": "Feature", "properties": {"hex_id": 427, "is_edge": false, "Hex_area": 8660.254, "Hex_area_full": 8660.254, "area_ratio": 1.0, "completeness_class": "core", "snap_ok": true, "analysis_ok": true, "node_id": 7086.0, "dist_food_m": 77.59, "time_food_min": 0.97, "reach_food_5": true, "reach_food_10": true, "reach_food_15": true, "count_food_10": 30, "dist_education_m": 224.935, "time_education_min": 2.812, "reach_education_5": true, "reach_education_10": true, "reach_education_15": true, "count_education_10": 6, "dist_health_m": 677.324, "time_health_min": 8.467, "reach_health_5": false, "reach_health_10": true, "reach_health_15": true, "count_health_10": 2, "dist_transit_m": 609.713, "time_transit_min": 7.621, "reach_transit_5": false, "reach_transit_10": true, "reach_transit_15": true, "count_transit_10": 4, "dist_finance_m": 523.345, "time_finance_min": 6.542, "reach_finance_5": false, "reach_finance_10": true, "reach_finance_15": true, "count_finance_10": 4, "dist_open_space_m": 755.627, "time_open_space_min": 9.445, "reach_open_space_5": false, "reach_open_space_10": true, "reach_open_space_15": true, "count_open_space_10": 1, "groups_within_10": 6, "access_score": 1.0, "access_tier": "high", "mean_BtA5000": 0.33333334327, "mismatch_flag": false}, "geometry": {"type": "MultiPolygon", "coordinates": [[[[79.86958326866176, 6.84657352451093], [79.86906462609065, 6.84657352451093], [79.86880530480511, 6.847019478971843], [79.86906462609065, 6.847465433015971], [79.86958326866176, 6.847465433015971], [79.86984258994731, 6.847019478971843], [79.86958326866176, 6.84657352451093]]]]}}, {"type": "Feature", "properties": {"hex_id": 428, "is_edge": true, "Hex_area": 4409.8618, "Hex_area_full": 8660.254, "area_ratio": 0.509207, "completeness_class": "partial", "snap_ok": true, "analysis_ok": false, "node_id": 7087.0, "dist_food_m": 31.011, "time_food_min": 0.388, "reach_food_5": true, "reach_food_10": true, "reach_food_15": true, "count_food_10": 29, "dist_education_m": 154.186, "time_education_min": 1.927, "reach_education_5": true, "reach_education_10": true, "reach_education_15": true, "count_education_10": 5, "dist_health_m": 700.351, "time_health_min": 8.754, "reach_health_5": false, "reach_health_10": true, "reach_health_15": true, "count_health_10": 2, "dist_transit_m": 589.512, "time_transit_min": 7.369, "reach_transit_5": false, "reach_transit_10": true, "reach_transit_15": true, "count_transit_10": 2, "dist_finance_m": 546.373, "time_finance_min": 6.83, "reach_finance_5": false, "reach_finance_10": true, "reach_finance_15": true, "count_finance_10": 4, "dist_open_space_m": 778.655, "time_open_space_min": 9.733, "reach_open_space_5": false, "reach_open_space_10": true, "reach_open_space_15": true, "count_open_space_10": 1, "groups_within_10": 6, "access_score": 1.0, "access_tier": "excluded", "mean_BtA5000": null, "mismatch_flag": false}, "geometry": {"type": "MultiPolygon", "coordinates": [[[[79.87036123251839, 6.847019478971843], [79.86984258994731, 6.847019478971843], [79.86958326866176, 6.847465433015971], [79.86976501282506, 6.847777977665084], [79.86978652014372, 6.847773945042825], [79.869816248323, 6.84776627190205], [79.86984350264817, 6.847756963501764], [79.8698682831192, 6.847746019841969], [79.86989058973612, 6.847733440922663], [79.86991042249888, 6.84771922674385], [79.86992778140751, 6.847703377305525], [79.86994266646202, 6.847685892607692], [79.86995507766241, 6.847666772650351], [79.8699684532466, 6.847647093629926], [79.86998279321459, 6.847626855546423], [79.86999809756644, 6.84760605839984], [79.87001436630207, 6.847584702190175], [79.87003159942151, 6.847562786917431], [79.87004979692477, 6.847540312581607], [79.87006895881184, 6.847517279182702], [79.87008908508275, 6.847493686720717], [79.87011097240233, 6.8474680536784875], [79.87013462077063, 6.8474403800560175], [79.87016003018762, 6.847410665853306], [79.8701872006533, 6.847378911070349], [79.8702161321677, 6.847345115707149], [79.87024682473083, 6.847309279763708], [79.87027927834261, 6.847271403240022], [79.87031349300315, 6.847231486136096], [79.87034839251592, 6.847189794006889], [79.87038397688097, 6.847146326852403], [79.87041354600794, 6.847109442357928], [79.87036123251839, 6.847019478971843]]]]}}, {"type": "Feature", "properties": {"hex_id": 429, "is_edge": true, "Hex_area": 949.5127, "Hex_area_full": 8660.254, "area_ratio": 0.10964, "completeness_class": "sliver", "snap_ok": true, "analysis_ok": false, "node_id": 7088.0, "dist_food_m": 58.724, "time_food_min": 0.734, "reach_food_5": true, "reach_food_10": true, "reach_food_15": true, "count_food_10": 27, "dist_education_m": 243.92, "time_education_min": 3.049, "reach_education_5": true, "reach_education_10": true, "reach_education_15": true, "count_education_10": 5, "dist_health_m": 790.086, "time_health_min": 9.876, "reach_health_5": false, "reach_health_10": true, "reach_health_15": true, "count_health_10": 1, "dist_transit_m": 679.246, "time_transit_min": 8.491, "reach_transit_5": false, "reach_transit_10": true, "reach_transit_15": true, "count_transit_10": 2, "dist_finance_m": 636.107, "time_finance_min": 7.951, "reach_finance_5": false, "reach_finance_10": true, "reach_finance_15": true, "count_finance_10": 3, "dist_open_space_m": 790.217, "time_open_space_min": 9.878, "reach_open_space_5": false, "reach_open_space_10": true, "reach_open_space_15": true, "count_open_space_10": 1, "groups_within_10": 6, "access_score": 1.0, "access_tier": "excluded", "mean_BtA5000": null, "mismatch_flag": false}, "geometry": {"type": "MultiPolygon", "coordinates": [[[[79.87062055380396, 6.84657352451093], [79.87036123251839, 6.847019478971843], [79.87041354600794, 6.847109442357928], [79.8704202460983, 6.847101084672635], [79.8704572001679, 6.847054067467588], [79.87049483908977, 6.847005275237264], [79.87053316286392, 6.846954707981658], [79.87057217149037, 6.846902365700774], [79.87061186496905, 6.8468482483946085], [79.8706479245377, 6.846798980960665], [79.87068035019637, 6.846754563398942], [79.87070914194499, 6.846714995709441], [79.8707342997836, 6.846680277892158], [79.87075582371219, 6.846650409947099], [79.87077371373076, 6.84662539187426], [79.8707879698393, 6.84660522367364], [79.87079859203783, 6.846589905345241], [79.87081089066423, 6.84657352451093], [79.87062055380396, 6.84657352451093]]]]}}, {"type": "Feature", "properties": {"hex_id": 430, "is_edge": true, "Hex_area": 1476.8023, "Hex_area_full": 8660.254, "area_ratio": 0.170526, "completeness_class": "sliver", "snap_ok": false, "analysis_ok": false, "node_id": null, "dist_food_m": null, "time_food_min": null, "reach_food_5": false, "reach_food_10": false, "reach_food_15": false, "count_food_10": 0, "dist_education_m": null, "time_education_min": null, "reach_education_5": false, "reach_education_10": false, "reach_education_15": false, "count_education_10": 0, "dist_health_m": null, "time_health_min": null, "reach_health_5": false, "reach_health_10": false, "reach_health_15": false, "count_health_10": 0, "dist_transit_m": null, "time_transit_min": null, "reach_transit_5": false, "reach_transit_10": false, "reach_transit_15": false, "count_transit_10": 0, "dist_finance_m": null, "time_finance_min": null, "reach_finance_5": false, "reach_finance_10": false, "reach_finance_15": false, "count_finance_10": 0, "dist_open_space_m": null, "time_open_space_min": null, "reach_open_space_5": false, "reach_open_space_10": false, "reach_open_space_15": false, "count_open_space_10": 0, "groups_within_10": 0, "access_score": null, "access_tier": "excluded", "mean_BtA5000": null, "mismatch_flag": false}, "geometry": {"type": "MultiPolygon", "coordinates": [[[[79.86206295138084, 6.8479113866432915], [79.86180363009527, 6.847465433015971], [79.86162018669445, 6.847465433015971], [79.86161670772698, 6.847471156478545], [79.8616102505484, 6.847481890489686], [79.86160426857343, 6.84749195362513], [79.8615987618021, 6.847501345884875], [79.86159373023439, 6.847510067268927], [79.86158917387029, 6.847518117777284], [79.8615850927098, 6.847525497409941], [79.86158148675291, 6.847532206166904], [79.86157835599968, 6.84753824404817], [79.86157609179419, 6.847545386079021], [79.8615746941365, 6.847553632259455], [79.86157416302656, 6.84756298258947], [79.86157449846442, 6.84757343706907], [79.86157570045005, 6.847584995698253], [79.86157776898344, 6.84759765847702], [79.86158070406461, 6.847611425405369], [79.86158450569357, 6.847626296483304], [79.861588125627, 6.847640426802657], [79.86159156386496, 6.847653816363428], [79.86159482040739, 6.8476664651656165], [79.86159789525433, 6.847678373209226], [79.86160078840578, 6.847689540494252], [79.86160349986172, 6.847699967020698], [79.86160602962215, 6.847709652788564], [79.86160837768708, 6.847718597797847], [79.86161160627636, 6.847727109533245], [79.86161571539, 6.847735187994752], [79.86162070502802, 6.847742833182373], [79.86162657519034, 6.847750045096109], [79.86163332587704, 6.847756823735956], [79.86164095708808, 6.847763169101917], [79.86164946882349, 6.847769081193989], [79.86165886108321, 6.8477745600121755], [79.86166828129612, 6.847779214212317], [79.86167772946217, 6.847783043794418], [79.86168720558136, 6.8477860487584765], [79.86169670965376, 6.847788229104486], [79.86170624167924, 6.847789584832458], [79.86171580165792, 6.847790115942383], [79.86172538958975, 6.847789822434266], [79.86173500547471, 6.847788704308104], [79.86174434182817, 6.847787586181944], [79.86175339865005, 6.847786468055786], [79.86176217594041, 6.847785349929622], [79.86177067369925, 6.847784231803463], [79.86177889192652, 6.847783113677299], [79.86178683062225, 6.847781995551141], [79.86179448978646, 6.847780877424982], [79.86180186941912, 6.847779759298822], [79.86180913723916, 6.847778920704202], [79.8618162932466, 6.8477783616411205], [79.86182333744141, 6.84777808210958], [79.86183026982361, 6.84777808210958], [79.86183709039317, 6.8477783616411205], [79.86184379915015, 6.847778920704202], [79.8618503960945, 6.847779759298822], [79.86185688122622, 6.847780877424982], [79.86186364588949, 6.847782582567375], [79.86187069008432, 6.847784874726004], [79.86187801381065, 6.847787753900869], [79.86188561706852, 6.847791220091965], [79.86189349985797, 6.847795273299296], [79.86190166217895, 6.847799913522863], [79.86191010403145, 6.847805140762664], [79.8619188254155, 6.847810955018696], [79.86192640072025, 6.847819229152284], [79.86193282994566, 6.847829963163425], [79.86193811309177, 6.847843157052117], [79.86194225015855, 6.847858810818362], [79.86194524114605, 6.847876924462163], [79.8619470860542, 6.8478974979835145], [79.86194778488306, 6.847920531382419], [79.86194733763259, 6.847946024658875], [79.86194700219474, 6.847972021092106], [79.86194677856952, 6.847998520682108], [79.86194666675688, 6.848025523428884], [79.86194666675688, 6.84805302933243], [79.8619467785695, 6.848081038392749], [79.86194700219474, 6.84810955060984], [79.86194701617327, 6.848110759753998], [79.86206295138084, 6.8479113866432915]]]]}}, {"type": "Feature", "properties": {"hex_id": 431, "is_edge": true, "Hex_area": 8275.4141, "Hex_area_full": 8660.254, "area_ratio": 0.955563, "completeness_class": "core", "snap_ok": true, "analysis_ok": true, "node_id": 2199.0, "dist_food_m": 506.993, "time_food_min": 6.337, "reach_food_5": false, "reach_food_10": true, "reach_food_15": true, "count_food_10": 16, "dist_education_m": 705.59, "time_education_min": 8.82, "reach_education_5": false, "reach_education_10": true, "reach_education_15": true, "count_education_10": 3, "dist_health_m": 590.092, "time_health_min": 7.376, "reach_health_5": false, "reach_health_10": true, "reach_health_15": true, "count_health_10": 2, "dist_transit_m": 522.482, "time_transit_min": 6.531, "reach_transit_5": false, "reach_transit_10": true, "reach_transit_15": true, "count_transit_10": 1, "dist_finance_m": 530.289, "time_finance_min": 6.629, "reach_finance_5": false, "reach_finance_10": true, "reach_finance_15": true, "count_finance_10": 4, "dist_open_space_m": 808.535, "time_open_space_min": 10.107, "reach_open_space_5": false, "reach_open_space_10": false, "reach_open_space_15": true, "count_open_space_10": 0, "groups_within_10": 5, "access_score": 0.8333, "access_tier": "high", "mean_BtA5000": 0.33333334327, "mismatch_flag": false}, "geometry": {"type": "MultiPolygon", "coordinates": [[[[79.86206295138084, 6.84880329264739], [79.86258159395194, 6.84880329264739], [79.86284091523748, 6.848357339853773], [79.86258159395194, 6.8479113866432915], [79.86206295138084, 6.8479113866432915], [79.86194701617327, 6.848110759753998], [79.86194733763257, 6.848138565983703], [79.86194778488304, 6.848168084514338], [79.86194792464879, 6.848196988075587], [79.8619477569299, 6.848225276667442], [79.86194728172626, 6.848252950289914], [79.86194649903794, 6.848280008942998], [79.86194540886495, 6.8483064526266935], [79.86194401120724, 6.848332281340998], [79.86194230606486, 6.848357495085914], [79.86194029343774, 6.848382093861442], [79.86193788946652, 6.8484053369090025], [79.86193509415111, 6.848427224228591], [79.86193190749155, 6.848447755820215], [79.86192832948785, 6.848466931683866], [79.86192436013997, 6.848484751819547], [79.86191999944795, 6.848501216227261], [79.86191524741176, 6.848516324907002], [79.86191010403141, 6.848530077858777], [79.86190787486362, 6.8485366088195], [79.86206295138084, 6.84880329264739]]]]}}, {"type": "Feature", "properties": {"hex_id": 432, "is_edge": false, "Hex_area": 8660.254, "Hex_area_full": 8660.254, "area_ratio": 1.0, "completeness_class": "core", "snap_ok": true, "analysis_ok": true, "node_id": 2185.0, "dist_food_m": 390.681, "time_food_min": 4.884, "reach_food_5": true, "reach_food_10": true, "reach_food_15": true, "count_food_10": 22, "dist_education_m": 589.278, "time_education_min": 7.366, "reach_education_5": false, "reach_education_10": true, "reach_education_15": true, "count_education_10": 3, "dist_health_m": 473.78, "time_health_min": 5.922, "reach_health_5": false, "reach_health_10": true, "reach_health_15": true, "count_health_10": 5, "dist_transit_m": 406.17, "time_transit_min": 5.077, "reach_transit_5": false, "reach_transit_10": true, "reach_transit_15": true, "count_transit_10": 5, "dist_finance_m": 413.977, "time_finance_min": 5.175, "reach_finance_5": false, "reach_finance_10": true, "reach_finance_15": true, "count_finance_10": 7, "dist_open_space_m": 692.223, "time_open_space_min": 8.653, "reach_open_space_5": false, "reach_open_space_10": true, "reach_open_space_15": true, "count_open_space_10": 1, "groups_within_10": 6, "access_score": 1.0, "access_tier": "high", "mean_BtA5000": 0.8333333134666666, "mismatch_flag": false}, "geometry": {"type": "MultiPolygon", "coordinates": [[[[79.8633595578086, 6.847465433015971], [79.86284091523748, 6.847465433015971], [79.86258159395194, 6.8479113866432915], [79.86284091523748, 6.848357339853773], [79.8633595578086, 6.848357339853773], [79.86361887909413, 6.8479113866432915], [79.8633595578086, 6.847465433015971]]]]}}, {"type": "Feature", "properties": {"hex_id": 433, "is_edge": false, "Hex_area": 8660.254, "Hex_area_full": 8660.254, "area_ratio": 1.0, "completeness_class": "core", "snap_ok": true, "analysis_ok": true, "node_id": 7089.0, "dist_food_m": 321.804, "time_food_min": 4.023, "reach_food_5": true, "reach_food_10": true, "reach_food_15": true, "count_food_10": 28, "dist_education_m": 520.401, "time_education_min": 6.505, "reach_education_5": false, "reach_education_10": true, "reach_education_15": true, "count_education_10": 4, "dist_health_m": 404.904, "time_health_min": 5.061, "reach_health_5": false, "reach_health_10": true, "reach_health_15": true, "count_health_10": 5, "dist_transit_m": 337.293, "time_transit_min": 4.216, "reach_transit_5": true, "reach_transit_10": true, "reach_transit_15": true, "count_transit_10": 5, "dist_finance_m": 345.1, "time_finance_min": 4.314, "reach_finance_5": true, "reach_finance_10": true, "reach_finance_15": true, "count_finance_10": 11, "dist_open_space_m": 623.346, "time_open_space_min": 7.792, "reach_open_space_5": false, "reach_open_space_10": true, "reach_open_space_15": true, "count_open_space_10": 1, "groups_within_10": 6, "access_score": 1.0, "access_tier": "high", "mean_BtA5000": 1.12730370164, "mismatch_flag": false}, "geometry": {"type": "MultiPolygon", "coordinates": [[[[79.86413752166523, 6.8479113866432915], [79.86361887909413, 6.8479113866432915], [79.8633595578086, 6.848357339853773], [79.86361887909413, 6.84880329264739], [79.86413752166523, 6.84880329264739], [79.86439684295078, 6.848357339853773], [79.86413752166523, 6.8479113866432915]]]]}}, {"type": "Feature", "properties": {"hex_id": 434, "is_edge": false, "Hex_area": 8660.254, "Hex_area_full": 8660.254, "area_ratio": 1.0, "completeness_class": "core", "snap_ok": true, "analysis_ok": true, "node_id": 7090.0, "dist_food_m": 195.941, "time_food_min": 2.449, "reach_food_5": true, "reach_food_10": true, "reach_food_15": true, "count_food_10": 37, "dist_education_m": 419.362, "time_education_min": 5.242, "reach_education_5": false, "reach_education_10": true, "reach_education_15": true, "count_education_10": 9, "dist_health_m": 303.865, "time_health_min": 3.798, "reach_health_5": true, "reach_health_10": true, "reach_health_15": true, "count_health_10": 5, "dist_transit_m": 236.254, "time_transit_min": 2.953, "reach_transit_5": true, "reach_transit_10": true, "reach_transit_15": true, "count_transit_10": 5, "dist_finance_m": 244.061, "time_finance_min": 3.051, "reach_finance_5": true, "reach_finance_10": true, "reach_finance_15": true, "count_finance_10": 14, "dist_open_space_m": 500.7, "time_open_space_min": 6.259, "reach_open_space_5": false, "reach_open_space_10": true, "reach_open_space_15": true, "count_open_space_10": 1, "groups_within_10": 6, "access_score": 1.0, "access_tier": "high", "mean_BtA5000": 0.8333333134666666, "mismatch_flag": false}, "geometry": {"type": "MultiPolygon", "coordinates": [[[[79.86491548552188, 6.847465433015971], [79.86439684295078, 6.847465433015971], [79.86413752166523, 6.8479113866432915], [79.86439684295078, 6.848357339853773], [79.86491548552188, 6.848357339853773], [79.8651748068074, 6.8479113866432915], [79.86491548552188, 6.847465433015971]]]]}}, {"type": "Feature", "properties": {"hex_id": 435, "is_edge": false, "Hex_area": 8660.254, "Hex_area_full": 8660.254, "area_ratio": 1.0, "completeness_class": "core", "snap_ok": true, "analysis_ok": true, "node_id": 7091.0, "dist_food_m": 32.925, "time_food_min": 0.412, "reach_food_5": true, "reach_food_10": true, "reach_food_15": true, "count_food_10": 42, "dist_education_m": 295.264, "time_education_min": 3.691, "reach_education_5": true, "reach_education_10": true, "reach_education_15": true, "count_education_10": 9, "dist_health_m": 52.654, "time_health_min": 0.658, "reach_health_5": true, "reach_health_10": true, "reach_health_15": true, "count_health_10": 5, "dist_transit_m": 89.796, "time_transit_min": 1.122, "reach_transit_5": true, "reach_transit_10": true, "reach_transit_15": true, "count_transit_10": 6, "dist_finance_m": 152.614, "time_finance_min": 1.908, "reach_finance_5": true, "reach_finance_10": true, "reach_finance_15": true, "count_finance_10": 16, "dist_open_space_m": 525.49, "time_open_space_min": 6.569, "reach_open_space_5": false, "reach_open_space_10": true, "reach_open_space_15": true, "count_open_space_10": 1, "groups_within_10": 6, "access_score": 1.0, "access_tier": "high", "mean_BtA5000": 0.8333332935966666, "mismatch_flag": false}, "geometry": {"type": "MultiPolygon", "coordinates": [[[[79.86569344937851, 6.8479113866432915], [79.8651748068074, 6.8479113866432915], [79.86491548552188, 6.848357339853773], [79.8651748068074, 6.84880329264739], [79.86569344937851, 6.84880329264739], [79.86595277066408, 6.848357339853773], [79.86569344937851, 6.8479113866432915]]]]}}, {"type": "Feature", "properties": {"hex_id": 436, "is_edge": true, "Hex_area": 2742.8887, "Hex_area_full": 8660.254, "area_ratio": 0.316722, "completeness_class": "sliver", "snap_ok": true, "analysis_ok": false, "node_id": 7092.0, "dist_food_m": 48.047, "time_food_min": 0.601, "reach_food_5": true, "reach_food_10": true, "reach_food_15": true, "count_food_10": 53, "dist_education_m": 298.011, "time_education_min": 3.725, "reach_education_5": true, "reach_education_10": true, "reach_education_15": true, "count_education_10": 11, "dist_health_m": 182.513, "time_health_min": 2.281, "reach_health_5": true, "reach_health_10": true, "reach_health_15": true, "count_health_10": 5, "dist_transit_m": 114.903, "time_transit_min": 1.436, "reach_transit_5": true, "reach_transit_10": true, "reach_transit_15": true, "count_transit_10": 7, "dist_finance_m": 114.569, "time_finance_min": 1.432, "reach_finance_5": true, "reach_finance_10": true, "reach_finance_15": true, "count_finance_10": 19, "dist_open_space_m": 345.169, "time_open_space_min": 4.315, "reach_open_space_5": true, "reach_open_space_10": true, "reach_open_space_15": true, "count_open_space_10": 2, "groups_within_10": 6, "access_score": 1.0, "access_tier": "excluded", "mean_BtA5000": 101.57196599245, "mismatch_flag": false}, "geometry": {"type": "MultiPolygon", "coordinates": [[[[79.86647141323516, 6.847465433015971], [79.86595277066408, 6.847465433015971], [79.86569344937851, 6.8479113866432915], [79.86595277066408, 6.848357339853773], [79.86600372814019, 6.848357339853773], [79.86600401115561, 6.848341505881854], [79.86601049628734, 6.848133702134939], [79.86601921767138, 6.847955808262817], [79.86603017530774, 6.847807824265486], [79.86604336919645, 6.847689750142943], [79.86605879933747, 6.847601585895194], [79.8660764657308, 6.847543331522235], [79.86609636837645, 6.847514987024069], [79.86611850727444, 6.847516552400694], [79.86614053435979, 6.847518369355705], [79.86616244963254, 6.847520437889103], [79.86618425309268, 6.847522758000885], [79.86620594474019, 6.847525329691052], [79.86622752457508, 6.847528152959609], [79.86624899259736, 6.8475312278065505], [79.86627034880703, 6.847534554231878], [79.86629159320408, 6.84753813223559], [79.86631308917951, 6.847542297255536], [79.86633483673332, 6.84754704929172], [79.86635683586555, 6.847552388344136], [79.86637908657613, 6.847558314412785], [79.86640158886513, 6.847564827497671], [79.86642434273249, 6.847571927598789], [79.86644734817821, 6.847579614716141], [79.86647060520237, 6.847587888849728], [79.86649484058687, 6.847596246842777], [79.8665200543318, 6.847604688695291], [79.86654624643711, 6.847613214407263], [79.86655985544542, 6.8476175267267845], [79.86647141323516, 6.847465433015971]]]]}}, {"type": "Feature", "properties": {"hex_id": 437, "is_edge": true, "Hex_area": 1618.7197, "Hex_area_full": 8660.254, "area_ratio": 0.186914, "completeness_class": "sliver", "snap_ok": true, "analysis_ok": false, "node_id": 7093.0, "dist_food_m": 141.481, "time_food_min": 1.769, "reach_food_5": true, "reach_food_10": true, "reach_food_15": true, "count_food_10": 40, "dist_education_m": 252.641, "time_education_min": 3.158, "reach_education_5": true, "reach_education_10": true, "reach_education_15": true, "count_education_10": 6, "dist_health_m": 419.128, "time_health_min": 5.239, "reach_health_5": false, "reach_health_10": true, "reach_health_15": true, "count_health_10": 5, "dist_transit_m": 351.518, "time_transit_min": 4.394, "reach_transit_5": true, "reach_transit_10": true, "reach_transit_15": true, "count_transit_10": 6, "dist_finance_m": 265.149, "time_finance_min": 3.314, "reach_finance_5": true, "reach_finance_10": true, "reach_finance_15": true, "count_finance_10": 11, "dist_open_space_m": 497.432, "time_open_space_min": 6.218, "reach_open_space_5": false, "reach_open_space_10": true, "reach_open_space_15": true, "count_open_space_10": 1, "groups_within_10": 6, "access_score": 1.0, "access_tier": "excluded", "mean_BtA5000": 2.5748906210075, "mismatch_flag": false}, "geometry": {"type": "MultiPolygon", "coordinates": [[[[79.86802734094847, 6.847465433015971], [79.86750869837736, 6.847465433015971], [79.86740656452105, 6.847641072190774], [79.86741184380422, 6.847640888029733], [79.86747311711781, 6.847640888029733], [79.8675379684351, 6.8476429006568225], [79.86760639775612, 6.8476469259109995], [79.86767840508085, 6.8476529637922665], [79.86775399040931, 6.847661014300621], [79.86783315374146, 6.847671077436067], [79.86791449741963, 6.847681895306668], [79.86799802144382, 6.8476934679124275], [79.86808372581402, 6.847705795253347], [79.86817161053023, 6.8477188773294255], [79.86817502324054, 6.847719401628502], [79.86802734094847, 6.847465433015971]]]]}}, {"type": "Feature", "properties": {"hex_id": 438, "is_edge": true, "Hex_area": 3186.4055, "Hex_area_full": 8660.254, "area_ratio": 0.367934, "completeness_class": "sliver", "snap_ok": true, "analysis_ok": false, "node_id": 7094.0, "dist_food_m": 149.33, "time_food_min": 1.867, "reach_food_5": true, "reach_food_10": true, "reach_food_15": true, "count_food_10": 32, "dist_education_m": 153.196, "time_education_min": 1.915, "reach_education_5": true, "reach_education_10": true, "reach_education_15": true, "count_education_10": 6, "dist_health_m": 605.584, "time_health_min": 7.57, "reach_health_5": false, "reach_health_10": true, "reach_health_15": true, "count_health_10": 2, "dist_transit_m": 537.974, "time_transit_min": 6.725, "reach_transit_5": false, "reach_transit_10": true, "reach_transit_15": true, "count_transit_10": 4, "dist_finance_m": 451.606, "time_finance_min": 5.645, "reach_finance_5": false, "reach_finance_10": true, "reach_finance_15": true, "count_finance_10": 6, "dist_open_space_m": 683.888, "time_open_space_min": 8.549, "reach_open_space_5": false, "reach_open_space_10": true, "reach_open_space_15": true, "count_open_space_10": 1, "groups_within_10": 6, "access_score": 1.0, "access_tier": "excluded", "mean_BtA5000": 0.33333334327, "mismatch_flag": false}, "geometry": {"type": "MultiPolygon", "coordinates": [[[[79.86958326866176, 6.847465433015971], [79.86906462609065, 6.847465433015971], [79.86885806045944, 6.847820663019851], [79.86887519141666, 6.847822471718188], [79.86894370459714, 6.847828230067914], [79.86900659919368, 6.847831919884242], [79.86906387520624, 6.847833541167174], [79.86911553263484, 6.847833093916714], [79.86916612784361, 6.847832227368938], [79.86921566083252, 6.847830941523855], [79.86926413160155, 6.847829236381459], [79.86931154015078, 6.847827111941754], [79.86935788648012, 6.847824568204739], [79.86940317058962, 6.847821605170414], [79.86944739247926, 6.847818222838779], [79.86949055214906, 6.847814421209831], [79.8695323421143, 6.847810340049348], [79.86957276237499, 6.847805979357322], [79.86961181293114, 6.847801339133756], [79.86964949378275, 6.847796419378652], [79.86968580492983, 6.847791220092004], [79.86972074637232, 6.8477857412738175], [79.86975431811031, 6.8477799829240915], [79.86976501282506, 6.847777977665084], [79.86958326866176, 6.847465433015971]]]]}}, {"type": "Feature", "properties": {"hex_id": 439, "is_edge": true, "Hex_area": 607.6498, "Hex_area_full": 8660.254, "area_ratio": 0.070165, "completeness_class": "sliver", "snap_ok": true, "analysis_ok": false, "node_id": 2228.0, "dist_food_m": 498.865, "time_food_min": 6.236, "reach_food_5": false, "reach_food_10": true, "reach_food_15": true, "count_food_10": 23, "dist_education_m": 525.463, "time_education_min": 6.568, "reach_education_5": false, "reach_education_10": true, "reach_education_15": true, "count_education_10": 6, "dist_health_m": 282.311, "time_health_min": 3.529, "reach_health_5": true, "reach_health_10": true, "reach_health_15": true, "count_health_10": 5, "dist_transit_m": 441.995, "time_transit_min": 5.525, "reach_transit_5": false, "reach_transit_10": true, "reach_transit_15": true, "count_transit_10": 4, "dist_finance_m": 421.585, "time_finance_min": 5.27, "reach_finance_5": false, "reach_finance_10": true, "reach_finance_15": true, "count_finance_10": 11, "dist_open_space_m": 902.067, "time_open_space_min": 11.276, "reach_open_space_5": false, "reach_open_space_10": false, "reach_open_space_15": true, "count_open_space_10": 0, "groups_within_10": 5, "access_score": 0.8333, "access_tier": "excluded", "mean_BtA5000": null, "mismatch_flag": false}, "geometry": {"type": "MultiPolygon", "coordinates": [[[[79.86206295138084, 6.84880329264739], [79.86190787486362, 6.8485366088195], [79.86190512836997, 6.848544655428593], [79.86190032042751, 6.8485600576164565], [79.86189568020392, 6.848576284422357], [79.8618912076993, 6.848593335846303], [79.86188690291355, 6.848611211888292], [79.86188276584679, 6.848629912548326], [79.86187879649891, 6.848649437826401], [79.86187499486995, 6.848669787722524], [79.86187155663202, 6.84868977422764], [79.86186848178508, 6.848709397341754], [79.86186577032913, 6.848728657064868], [79.86186342226421, 6.848747553396978], [79.86186143759028, 6.848766086338087], [79.86185981630734, 6.848784255888195], [79.8618585584154, 6.8488020620473], [79.86185766391448, 6.848819504815401], [79.86185699303878, 6.848835130628496], [79.86185654578833, 6.848848939486577], [79.86185632216308, 6.848860931389647], [79.86185632216308, 6.848871106337706], [79.86185654578833, 6.848879464330757], [79.86185699303878, 6.848886005368795], [79.86185766391448, 6.848890729451822], [79.8618585584154, 6.84889363657984], [79.8618594179749, 6.848896141881267], [79.86186024259297, 6.848898245356109], [79.86186103226959, 6.848899947004361], [79.86186178700476, 6.848901246826026], [79.86186250679852, 6.848902144821101], [79.86186319165083, 6.848902640989586], [79.86186384156174, 6.848902735331484], [79.86186445653117, 6.848902427846797], [79.86186820924216, 6.848903137158083], [79.86187509969467, 6.848904863265346], [79.86188512788871, 6.848907606168586], [79.86189829382428, 6.848911365867804], [79.86191459750138, 6.848916142362997], [79.86193403892, 6.848921935654167], [79.86195661808016, 6.848928745741313], [79.86198233498185, 6.848936572624436], [79.86198499863832, 6.848937347289634], [79.86206295138084, 6.84880329264739]]]]}}, {"type": "Feature", "properties": {"hex_id": 440, "is_edge": true, "Hex_area": 1711.2306, "Hex_area_full": 8660.254, "area_ratio": 0.197596, "completeness_class": "sliver", "snap_ok": true, "analysis_ok": false, "node_id": 2228.0, "dist_food_m": 498.865, "time_food_min": 6.236, "reach_food_5": false, "reach_food_10": true, "reach_food_15": true, "count_food_10": 23, "dist_education_m": 525.463, "time_education_min": 6.568, "reach_education_5": false, "reach_education_10": true, "reach_education_15": true, "count_education_10": 6, "dist_health_m": 282.311, "time_health_min": 3.529, "reach_health_5": true, "reach_health_10": true, "reach_health_15": true, "count_health_10": 5, "dist_transit_m": 441.995, "time_transit_min": 5.525, "reach_transit_5": false, "reach_transit_10": true, "reach_transit_15": true, "count_transit_10": 4, "dist_finance_m": 421.585, "time_finance_min": 5.27, "reach_finance_5": false, "reach_finance_10": true, "reach_finance_15": true, "count_finance_10": 11, "dist_open_space_m": 902.067, "time_open_space_min": 11.276, "reach_open_space_5": false, "reach_open_space_10": false, "reach_open_space_15": true, "count_open_space_10": 0, "groups_within_10": 5, "access_score": 0.8333, "access_tier": "excluded", "mean_BtA5000": null, "mismatch_flag": false}, "geometry": {"type": "MultiPolygon", "coordinates": [[[[79.86258159395194, 6.84880329264739], [79.86206295138084, 6.84880329264739], [79.86198499863832, 6.848937347289634], [79.86200732510152, 6.848943840444479], [79.86203158843922, 6.84895054920144], [79.86205512499488, 6.848956698895322], [79.86207793476858, 6.848962289526124], [79.86210001776023, 6.848967321093847], [79.8621213739699, 6.84897179359849], [79.86214200339755, 6.84897570704005], [79.86216190604321, 6.848979061418531], [79.8621842126601, 6.848982443750169], [79.86220892324826, 6.848985854034956], [79.86223603780765, 6.8489892922729], [79.86226555633829, 6.848992758463997], [79.86229747884016, 6.848996252608246], [79.86233180531329, 6.848999774705652], [79.86236853575767, 6.849003324756212], [79.86240767017327, 6.849006902759928], [79.86244180097431, 6.849011095733029], [79.8624709281608, 6.849015903675517], [79.86249505173271, 6.849021326587395], [79.86251417169007, 6.849027364468662], [79.86252828803285, 6.849034017319316], [79.86253740076104, 6.849041285139359], [79.86253580743062, 6.849048720678279], [79.86253256486539, 6.849075779331407], [79.862548218631, 6.849089867720983], [79.86258019703918, 6.849094563850857], [79.86262044958096, 6.849100378106892], [79.86267389601143, 6.849108204990013], [79.86274635058663, 6.849118044500226], [79.86276557242793, 6.84911967874585], [79.86258159395194, 6.84880329264739]]]]}}, {"type": "Feature", "properties": {"hex_id": 441, "is_edge": true, "Hex_area": 8030.5868, "Hex_area_full": 8660.254, "area_ratio": 0.927292, "completeness_class": "near_complete", "snap_ok": true, "analysis_ok": true, "node_id": 2212.0, "dist_food_m": 481.718, "time_food_min": 6.021, "reach_food_5": false, "reach_food_10": true, "reach_food_15": true, "count_food_10": 17, "dist_education_m": 680.315, "time_education_min": 8.504, "reach_education_5": false, "reach_education_10": true, "reach_education_15": true, "count_education_10": 3, "dist_health_m": 564.817, "time_health_min": 7.06, "reach_health_5": false, "reach_health_10": true, "reach_health_15": true, "count_health_10": 2, "dist_transit_m": 497.207, "time_transit_min": 6.215, "reach_transit_5": false, "reach_transit_10": true, "reach_transit_15": true, "count_transit_10": 1, "dist_finance_m": 505.014, "time_finance_min": 6.313, "reach_finance_5": false, "reach_finance_10": true, "reach_finance_15": true, "count_finance_10": 4, "dist_open_space_m": 783.26, "time_open_space_min": 9.791, "reach_open_space_5": false, "reach_open_space_10": true, "reach_open_space_15": true, "count_open_space_10": 1, "groups_within_10": 6, "access_score": 1.0, "access_tier": "high", "mean_BtA5000": 0.33333334327, "mismatch_flag": false}, "geometry": {"type": "MultiPolygon", "coordinates": [[[[79.86361887909413, 6.84880329264739], [79.8633595578086, 6.848357339853773], [79.86284091523748, 6.848357339853773], [79.86258159395194, 6.84880329264739], [79.86276557242793, 6.84911967874585], [79.86282229930671, 6.849124501678847], [79.86291708845197, 6.849138282583776], [79.86302554668953, 6.849152818223863], [79.86314096526243, 6.84916799678649], [79.86326334417069, 6.849183818271661], [79.86338835017979, 6.849199731074643], [79.86361887909413, 6.84880329264739]]]]}}, {"type": "Feature", "properties": {"hex_id": 442, "is_edge": true, "Hex_area": 4460.1408, "Hex_area_full": 8660.254, "area_ratio": 0.515013, "completeness_class": "partial", "snap_ok": true, "analysis_ok": false, "node_id": 7095.0, "dist_food_m": 389.767, "time_food_min": 4.872, "reach_food_5": true, "reach_food_10": true, "reach_food_15": true, "count_food_10": 22, "dist_education_m": 588.364, "time_education_min": 7.355, "reach_education_5": false, "reach_education_10": true, "reach_education_15": true, "count_education_10": 3, "dist_health_m": 472.866, "time_health_min": 5.911, "reach_health_5": false, "reach_health_10": true, "reach_health_15": true, "count_health_10": 5, "dist_transit_m": 405.256, "time_transit_min": 5.066, "reach_transit_5": false, "reach_transit_10": true, "reach_transit_15": true, "count_transit_10": 5, "dist_finance_m": 413.063, "time_finance_min": 5.163, "reach_finance_5": false, "reach_finance_10": true, "reach_finance_15": true, "count_finance_10": 7, "dist_open_space_m": 691.309, "time_open_space_min": 8.641, "reach_open_space_5": false, "reach_open_space_10": true, "reach_open_space_15": true, "count_open_space_10": 1, "groups_within_10": 6, "access_score": 1.0, "access_tier": "excluded", "mean_BtA5000": 0.33333334327, "mismatch_flag": false}, "geometry": {"type": "MultiPolygon", "coordinates": [[[[79.86439684295078, 6.849249245024116], [79.86413752166523, 6.84880329264739], [79.86361887909413, 6.84880329264739], [79.86338835017979, 6.849199731074643], [79.8633926834143, 6.849200282679373], [79.86352898299324, 6.849217390009628], [79.86367224290755, 6.849235140262422], [79.86382246315719, 6.849253533437762], [79.86397964374217, 6.849272569535644], [79.86414378466253, 6.8492922485560666], [79.86429311041127, 6.849310194480942], [79.86435692789667, 6.8493178865303745], [79.86439684295078, 6.849249245024116]]]]}}, {"type": "Feature", "properties": {"hex_id": 443, "is_edge": false, "Hex_area": 8660.254, "Hex_area_full": 8660.254, "area_ratio": 1.0, "completeness_class": "core", "snap_ok": true, "analysis_ok": true, "node_id": 3322.0, "dist_food_m": 107.327, "time_food_min": 1.342, "reach_food_5": true, "reach_food_10": true, "reach_food_15": true, "count_food_10": 34, "dist_education_m": 369.665, "time_education_min": 4.621, "reach_education_5": true, "reach_education_10": true, "reach_education_15": true, "count_education_10": 8, "dist_health_m": 72.209, "time_health_min": 0.903, "reach_health_5": true, "reach_health_10": true, "reach_health_15": true, "count_health_10": 5, "dist_transit_m": 164.197, "time_transit_min": 2.052, "reach_transit_5": true, "reach_transit_10": true, "reach_transit_15": true, "count_transit_10": 5, "dist_finance_m": 227.016, "time_finance_min": 2.838, "reach_finance_5": true, "reach_finance_10": true, "reach_finance_15": true, "count_finance_10": 13, "dist_open_space_m": 599.891, "time_open_space_min": 7.499, "reach_open_space_5": false, "reach_open_space_10": true, "reach_open_space_15": true, "count_open_space_10": 1, "groups_within_10": 6, "access_score": 1.0, "access_tier": "high", "mean_BtA5000": 0.2956577340766667, "mismatch_flag": false}, "geometry": {"type": "MultiPolygon", "coordinates": [[[[79.86491548552188, 6.848357339853773], [79.86439684295078, 6.848357339853773], [79.86413752166523, 6.84880329264739], [79.86439684295078, 6.849249245024116], [79.86491548552188, 6.849249245024116], [79.8651748068074, 6.84880329264739], [79.86491548552188, 6.848357339853773]]]]}}, {"type": "Feature", "properties": {"hex_id": 444, "is_edge": true, "Hex_area": 6208.4442, "Hex_area_full": 8660.254, "area_ratio": 0.716889, "completeness_class": "partial", "snap_ok": true, "analysis_ok": false, "node_id": 3326.0, "dist_food_m": 29.332, "time_food_min": 0.367, "reach_food_5": true, "reach_food_10": true, "reach_food_15": true, "count_food_10": 42, "dist_education_m": 291.671, "time_education_min": 3.646, "reach_education_5": true, "reach_education_10": true, "reach_education_15": true, "count_education_10": 9, "dist_health_m": 5.785, "time_health_min": 0.072, "reach_health_5": true, "reach_health_10": true, "reach_health_15": true, "count_health_10": 5, "dist_transit_m": 86.203, "time_transit_min": 1.078, "reach_transit_5": true, "reach_transit_10": true, "reach_transit_15": true, "count_transit_10": 6, "dist_finance_m": 149.021, "time_finance_min": 1.863, "reach_finance_5": true, "reach_finance_10": true, "reach_finance_15": true, "count_finance_10": 16, "dist_open_space_m": 521.897, "time_open_space_min": 6.524, "reach_open_space_5": false, "reach_open_space_10": true, "reach_open_space_15": true, "count_open_space_10": 1, "groups_within_10": 6, "access_score": 1.0, "access_tier": "excluded", "mean_BtA5000": 0.33333334327, "mismatch_flag": false}, "geometry": {"type": "MultiPolygon", "coordinates": [[[[79.86595277066408, 6.849249245024116], [79.86569344937851, 6.84880329264739], [79.8651748068074, 6.84880329264739], [79.86491548552188, 6.849249245024116], [79.86499967036609, 6.849394016819597], [79.86503996278007, 6.849396905164682], [79.86511074016603, 6.849400706793629], [79.86518990349822, 6.849403837546878], [79.86527745277655, 6.849406297424433], [79.8653733880011, 6.849408086426289], [79.86547770917188, 6.849409204552448], [79.86559041628887, 6.849409651802913], [79.86567494662602, 6.849415913309362], [79.86577781423279, 6.84941770231122], [79.86585408640353, 6.8494189513096515], [79.86595277066408, 6.849249245024116]]]]}}, {"type": "Feature", "properties": {"hex_id": 445, "is_edge": true, "Hex_area": 1916.9574, "Hex_area_full": 8660.254, "area_ratio": 0.221351, "completeness_class": "sliver", "snap_ok": true, "analysis_ok": false, "node_id": 7096.0, "dist_food_m": 35.727, "time_food_min": 0.447, "reach_food_5": true, "reach_food_10": true, "reach_food_15": true, "count_food_10": 45, "dist_education_m": 226.612, "time_education_min": 2.833, "reach_education_5": true, "reach_education_10": true, "reach_education_15": true, "count_education_10": 9, "dist_health_m": 70.845, "time_health_min": 0.886, "reach_health_5": true, "reach_health_10": true, "reach_health_15": true, "count_health_10": 5, "dist_transit_m": 21.143, "time_transit_min": 0.264, "reach_transit_5": true, "reach_transit_10": true, "reach_transit_15": true, "count_transit_10": 7, "dist_finance_m": 83.962, "time_finance_min": 1.05, "reach_finance_5": true, "reach_finance_10": true, "reach_finance_15": true, "count_finance_10": 17, "dist_open_space_m": 456.838, "time_open_space_min": 5.71, "reach_open_space_5": false, "reach_open_space_10": true, "reach_open_space_15": true, "count_open_space_10": 1, "groups_within_10": 6, "access_score": 1.0, "access_tier": "excluded", "mean_BtA5000": 59.868040303389996, "mismatch_flag": false}, "geometry": {"type": "MultiPolygon", "coordinates": [[[[79.86595277066408, 6.848357339853773], [79.86569344937851, 6.84880329264739], [79.86595277066408, 6.849249245024116], [79.86598663095229, 6.849249245024116], [79.86599003457805, 6.8491021671087475], [79.86599361258175, 6.848950996451855], [79.86599450708266, 6.848772096266188], [79.8659997622762, 6.848579219503563], [79.86600372814019, 6.848357339853773], [79.86595277066408, 6.848357339853773]]]]}}, {"type": "Feature", "properties": {"hex_id": 446, "is_edge": true, "Hex_area": 770.1746, "Hex_area_full": 8660.254, "area_ratio": 0.088932, "completeness_class": "sliver", "snap_ok": true, "analysis_ok": false, "node_id": 7097.0, "dist_food_m": 259.282, "time_food_min": 3.241, "reach_food_5": true, "reach_food_10": true, "reach_food_15": true, "count_food_10": 35, "dist_education_m": 285.879, "time_education_min": 3.573, "reach_education_5": true, "reach_education_10": true, "reach_education_15": true, "count_education_10": 7, "dist_health_m": 42.728, "time_health_min": 0.534, "reach_health_5": true, "reach_health_10": true, "reach_health_15": true, "count_health_10": 5, "dist_transit_m": 202.411, "time_transit_min": 2.53, "reach_transit_5": true, "reach_transit_10": true, "reach_transit_15": true, "count_transit_10": 6, "dist_finance_m": 182.002, "time_finance_min": 2.275, "reach_finance_5": true, "reach_finance_10": true, "reach_finance_15": true, "count_finance_10": 16, "dist_open_space_m": 662.484, "time_open_space_min": 8.281, "reach_open_space_5": false, "reach_open_space_10": true, "reach_open_space_15": true, "count_open_space_10": 1, "groups_within_10": 6, "access_score": 1.0, "access_tier": "excluded", "mean_BtA5000": 0.33333334327, "mismatch_flag": false}, "geometry": {"type": "MultiPolygon", "coordinates": [[[[79.86491548552188, 6.849249245024116], [79.86439684295078, 6.849249245024116], [79.86435692789667, 6.8493178865303745], [79.86442762098835, 6.849326407310269], [79.8645473163938, 6.849340887044045], [79.86465219662763, 6.849353633682274], [79.86474226168986, 6.849364647224954], [79.86481751158048, 6.849373927672086], [79.86487794629946, 6.8493814750236695], [79.8649235658468, 6.8493872892797025], [79.86497757134033, 6.849392432660039], [79.86499967036609, 6.849394016819597], [79.86491548552188, 6.849249245024116]]]]}}, {"type": "Feature", "properties": {"hex_id": 447, "is_edge": true, "Hex_area": 173.7635, "Hex_area_full": 8660.254, "area_ratio": 0.020064, "completeness_class": "sliver", "snap_ok": true, "analysis_ok": false, "node_id": 7098.0, "dist_food_m": 112.711, "time_food_min": 1.409, "reach_food_5": true, "reach_food_10": true, "reach_food_15": true, "count_food_10": 43, "dist_education_m": 149.628, "time_education_min": 1.87, "reach_education_5": true, "reach_education_10": true, "reach_education_15": true, "count_education_10": 9, "dist_health_m": 103.843, "time_health_min": 1.298, "reach_health_5": true, "reach_health_10": true, "reach_health_15": true, "count_health_10": 5, "dist_transit_m": 55.84, "time_transit_min": 0.698, "reach_transit_5": true, "reach_transit_10": true, "reach_transit_15": true, "count_transit_10": 6, "dist_finance_m": 45.75, "time_finance_min": 0.572, "reach_finance_5": true, "reach_finance_10": true, "reach_finance_15": true, "count_finance_10": 17, "dist_open_space_m": 515.912, "time_open_space_min": 6.449, "reach_open_space_5": false, "reach_open_space_10": true, "reach_open_space_15": true, "count_open_space_10": 1, "groups_within_10": 6, "access_score": 1.0, "access_tier": "excluded", "mean_BtA5000": 89.63539378345, "mismatch_flag": false}, "geometry": {"type": "MultiPolygon", "coordinates": [[[[79.86595277066408, 6.849249245024116], [79.86585408640353, 6.8494189513096515], [79.86598265494538, 6.849421056689701], [79.86598663095229, 6.849249245024116], [79.86595277066408, 6.849249245024116]]]]}}]}