{
"type": "FeatureCollection",
"name": "landuse_500m",
"crs": { "type": "name", "properties": { "name": "urn:ogc:def:crs:OGC:1.3:CRS84" } },
"xy_coordinate_resolution": 1e-15,
"features": [
{ "type": "Feature", "properties": { "Sub_class": "Low Rise", "NAME": null, "Land_Exten": 0.6654590329, "Main_C": "Residential", "Domain": "Built-up" }, "geometry": { "type": "MultiPolygon", "coordinates": [ [ [ [ 79.866503773183155, 6.826150706017844 ], [ 79.866414619713623, 6.826177935657688 ], [ 79.86634952392987, 6.826200074797338 ], [ 79.866516250202707, 6.826198280056552 ], [ 79.866503773183155, 6.826150706017844 ] ] ] ] } },
{ "type": "Feature", "properties": { "Sub_class": "Low Rise", "NAME": null, "Land_Exten": 1.2094464765199999, "Main_C": "Residential", "Domain": "Built-up" }, "geometry": { "type": "MultiPolygon", "coordinates": [ [ [ [ 79.865570844199013, 6.826671518605259 ], [ 79.865603081297039, 6.826693087045844 ], [ 79.865651407266412, 6.826741572195253 ], [ 79.865662075024474, 6.826789985398922 ], [ 79.865683512164011, 6.826833042240477 ], [ 79.86573185791849, 6.82687077329683 ], [ 79.865785553739784, 6.826924645385286 ], [ 79.865860675908763, 6.827026951361823 ], [ 79.865989665669503, 6.827091719636117 ], [ 79.866102608827063, 6.82710806391497 ], [ 79.866253250665366, 6.827102971054188 ], [ 79.866409301925799, 6.827081757845771 ], [ 79.86648468849549, 6.827044260613091 ], [ 79.866543935831714, 6.827006732803486 ], [ 79.866571476670018, 6.827002439440013 ], [ 79.866557797082407, 6.826845976289967 ], [ 79.866555231316653, 6.826593522202762 ], [ 79.866549490044733, 6.826411018283571 ], [ 79.866534545111037, 6.826268036870253 ], [ 79.866533144866594, 6.826262699393904 ], [ 79.866370266852556, 6.826243394546958 ], [ 79.866240798840408, 6.826238444474362 ], [ 79.866147078336525, 6.826273639047408 ], [ 79.866028400426913, 6.826322510568993 ], [ 79.866015695136937, 6.826327742600517 ], [ 79.865886077009549, 6.826385944234502 ], [ 79.865758351868749, 6.826448186512486 ], [ 79.865632645761011, 6.826514408010051 ], [ 79.865509082740402, 6.826584543375875 ], [ 79.865408897595785, 6.826645646608337 ], [ 79.865570844199013, 6.826671518605259 ] ] ] ] } },
{ "type": "Feature", "properties": { "Sub_class": "Retail", "NAME": "3-Fact", "Land_Exten": 0.04553560196, "Main_C": "Commercial", "Domain": "Built-up" }, "geometry": { "type": "MultiPolygon", "coordinates": [ [ [ [ 79.866445368337054, 6.827109111625063 ], [ 79.866402957208749, 6.827116915941799 ], [ 79.866394719418821, 6.827347247605986 ], [ 79.866545417914409, 6.827347247605957 ], [ 79.866550979321943, 6.827071218690673 ], [ 79.866445368337054, 6.827109111625063 ] ] ] ] } },
{ "type": "Feature", "properties": { "Sub_class": "Low Rise", "NAME": null, "Land_Exten": 4.5128839839100001, "Main_C": "Residential", "Domain": "Built-up" }, "geometry": { "type": "MultiPolygon", "coordinates": [ [ [ [ 79.868096746641839, 6.827278976471969 ], [ 79.868042812500192, 6.827229800643245 ], [ 79.868086408035666, 6.827006941445894 ], [ 79.867952290340597, 6.826983024875435 ], [ 79.867934750862759, 6.826956619880898 ], [ 79.867917182606618, 6.82694486574175 ], [ 79.867864440966017, 6.826930115061595 ], [ 79.867779445140314, 6.826918234118092 ], [ 79.867713075173455, 6.826910936119689 ], [ 79.867706406700506, 6.827026957656725 ], [ 79.867580215629914, 6.827023310006546 ], [ 79.867583463981134, 6.826891413636738 ], [ 79.867492198082161, 6.826888391015414 ], [ 79.867415980538937, 6.826885317132638 ], [ 79.867404237191636, 6.82689408552262 ], [ 79.867404171541182, 6.826929248115243 ], [ 79.867398164069868, 6.827005421591755 ], [ 79.867397953628526, 6.827116770251425 ], [ 79.867386099664671, 6.827184142063129 ], [ 79.867362452890802, 6.827286655783046 ], [ 79.867321249552006, 6.827371554482085 ], [ 79.867294870637835, 6.827368574128835 ], [ 79.867306652655927, 6.827339294001673 ], [ 79.867336112647479, 6.827263163692616 ], [ 79.86736854849562, 6.827163597950323 ], [ 79.8673804303385, 6.827081574383915 ], [ 79.867383727253113, 6.826888185969969 ], [ 79.867372011784838, 6.826882303504505 ], [ 79.867316326663214, 6.826873408310171 ], [ 79.867231314649672, 6.82687031734032 ], [ 79.867168170550997, 6.826867816325684 ], [ 79.867171022301193, 6.826971402936822 ], [ 79.867041407511635, 6.826974567651102 ], [ 79.867041598167887, 6.82687363134208 ], [ 79.867023150374791, 6.826878715209586 ], [ 79.866999675371503, 6.826890392007015 ], [ 79.867002546007456, 6.82692263000438 ], [ 79.867002435390845, 6.82698123432542 ], [ 79.867005636977296, 6.827088233863685 ], [ 79.866977496291213, 6.827180685069242 ], [ 79.866939821892117, 6.827271897908347 ], [ 79.86691007861414, 6.827261983782139 ], [ 79.86693585588192, 6.827212411352382 ], [ 79.866977496291227, 6.827077575098809 ], [ 79.866978981971243, 6.826981189359329 ], [ 79.866979076400028, 6.826931375911257 ], [ 79.86696448939648, 6.826893255448433 ], [ 79.866891143388543, 6.826922419563012 ], [ 79.866811922109719, 6.826957432868238 ], [ 79.866795851224737, 6.82696512926632 ], [ 79.866733601951523, 6.82698636315913 ], [ 79.866689978537082, 6.827016106437095 ], [ 79.866642738948784, 6.827039820660134 ], [ 79.866550789565025, 6.827071218690672 ], [ 79.866545228157491, 6.827347247605957 ], [ 79.866394528762513, 6.827347247605986 ], [ 79.866402766552511, 6.8271169159418 ], [ 79.866319072945117, 6.827132315932525 ], [ 79.866236958547219, 6.827146812104598 ], [ 79.86609330174322, 6.827149470500562 ], [ 79.86604722138101, 6.827147738406337 ], [ 79.866037567158827, 6.827166947025879 ], [ 79.866031432883204, 6.82731051569646 ], [ 79.86602227238879, 6.827503892419196 ], [ 79.866033798999453, 6.827609401780862 ], [ 79.866048374311788, 6.827653383125424 ], [ 79.866068829391693, 6.827688584388908 ], [ 79.866095175930312, 6.827709145588838 ], [ 79.866145019055935, 6.82770630912713 ], [ 79.866188999501205, 6.827703461873527 ], [ 79.866188944642516, 6.827732764483677 ], [ 79.866112710012189, 6.827738480574612 ], [ 79.866080456726408, 6.827741350311257 ], [ 79.866074593146678, 6.827741338620108 ], [ 79.866054010363072, 6.827773532550639 ], [ 79.866033450062474, 6.827794004717698 ], [ 79.866010047004949, 6.827767588931268 ], [ 79.866036481677071, 6.827741266674305 ], [ 79.866051162210098, 6.827729573689123 ], [ 79.866039534875455, 6.827676807766767 ], [ 79.866022016981347, 6.827638681907965 ], [ 79.866004604307932, 6.827544882618676 ], [ 79.866001878462797, 6.827436459453645 ], [ 79.866004975727975, 6.827348558817628 ], [ 79.866002266070652, 6.827231344779571 ], [ 79.865999467380462, 6.827161014198346 ], [ 79.865991561440367, 6.827135826885844 ], [ 79.865885287655118, 6.827078752311605 ], [ 79.865820874613007, 6.827034677437513 ], [ 79.865771130412782, 6.826984770459915 ], [ 79.865657018136616, 6.826867345980548 ], [ 79.865633692420758, 6.826799906719699 ], [ 79.865592743590099, 6.82675001592997 ], [ 79.865554670791354, 6.826729432246991 ], [ 79.865501912063692, 6.826723472439808 ], [ 79.865437448659563, 6.826705769285371 ], [ 79.865349812424313, 6.826691522225524 ], [ 79.865323746474161, 6.826932813028181 ], [ 79.865373749679151, 6.826991344504144 ], [ 79.865286959705884, 6.82743346021475 ], [ 79.865018566934353, 6.827488064351398 ], [ 79.864673289322681, 6.827448578717759 ], [ 79.864698655531825, 6.827193694247153 ], [ 79.864611863791794, 6.827277442061882 ], [ 79.864580651063307, 6.827309513531533 ], [ 79.864512783414341, 6.827379248367519 ], [ 79.864416951278201, 6.827484115065497 ], [ 79.86438819932431, 6.827517633961894 ], [ 79.864324461957963, 6.827591938667016 ], [ 79.864235406729492, 6.827702612765196 ], [ 79.864191461323031, 6.827760883503052 ], [ 79.864149873479889, 6.82781602814006 ], [ 79.864141371050266, 6.827828071350622 ], [ 79.864142438405779, 6.827840243360979 ], [ 79.864147299241409, 6.827930796997017 ], [ 79.864316203612461, 6.827957096770888 ], [ 79.864536720075648, 6.827984399288808 ], [ 79.864719589119446, 6.82800625371378 ], [ 79.865004641831774, 6.828044431733189 ], [ 79.865171402219104, 6.828050124441708 ], [ 79.865295145335082, 6.828044981218912 ], [ 79.865424216934144, 6.82806673312116 ], [ 79.865448154189011, 6.828075484424001 ], [ 79.865458370487502, 6.827581655897186 ], [ 79.865705834236437, 6.827576897584235 ], [ 79.865834325772795, 6.827707767827538 ], [ 79.865758182873265, 6.827933816920158 ], [ 79.865752261736858, 6.828129189238489 ], [ 79.865843701205009, 6.828137427927765 ], [ 79.866193371105609, 6.82814346507656 ], [ 79.866462355631043, 6.828143973193465 ], [ 79.866742130222306, 6.828128369955932 ], [ 79.866903521657051, 6.82812867482609 ], [ 79.867124109166667, 6.828118336219839 ], [ 79.867307079833822, 6.828086419280381 ], [ 79.86748465097142, 6.828065245642145 ], [ 79.867640713023704, 6.828038655387199 ], [ 79.867785994902661, 6.828022797641585 ], [ 79.867904368166677, 6.828012266580367 ], [ 79.867947446591927, 6.827990839333365 ], [ 79.867963585825365, 6.827990869910292 ], [ 79.86795829691242, 6.827942466599191 ], [ 79.867866883524599, 6.827920785743311 ], [ 79.86780232659099, 6.827920664334878 ], [ 79.867716322625256, 6.827882863131361 ], [ 79.86763032855211, 6.827839684881377 ], [ 79.867571253885671, 6.827785802900347 ], [ 79.867501428723514, 6.827726523188435 ], [ 79.867436913158727, 6.827704893593949 ], [ 79.86718946829555, 6.827693672752862 ], [ 79.867044236778696, 6.827682644366628 ], [ 79.867044307825125, 6.827645005041104 ], [ 79.867184179382662, 6.827645269441763 ], [ 79.867361689366376, 6.827656358082521 ], [ 79.86740542249801, 6.827658868989674 ], [ 79.867658096918916, 6.827323456041055 ], [ 79.867678509730652, 6.827350767552262 ], [ 79.867780620554157, 6.827463458899738 ], [ 79.867882795229548, 6.82754206054575 ], [ 79.868073610682899, 6.827641283646273 ], [ 79.86803027325287, 6.827927475800023 ], [ 79.86806051115795, 6.827942659054108 ], [ 79.868162684934063, 6.827964359695023 ], [ 79.868216451801757, 6.827980592457895 ], [ 79.868241827971914, 6.827996511357449 ], [ 79.868291570373501, 6.827815556970124 ], [ 79.868442320130441, 6.827856041750573 ], [ 79.868444977627107, 6.827856754912938 ], [ 79.86844643632746, 6.827852724151568 ], [ 79.868554694017192, 6.827553553881377 ], [ 79.868608380845245, 6.827430102145637 ], [ 79.86814909527871, 6.827332910613659 ], [ 79.868096746641839, 6.827278976471969 ] ], [ [ 79.866862710422751, 6.827461015441895 ], [ 79.866649510843729, 6.827419137611612 ], [ 79.866697735189746, 6.827207206076418 ], [ 79.86691007861414, 6.827261983782139 ], [ 79.866862710422751, 6.827461015441895 ] ] ] ] } },
{ "type": "Feature", "properties": { "Sub_class": "Factory", "NAME": null, "Land_Exten": 0.2104249769, "Main_C": "Industrial", "Domain": "Built-up" }, "geometry": { "type": "MultiPolygon", "coordinates": [ [ [ [ 79.865541219631439, 6.82811251131124 ], [ 79.865659553325344, 6.828123489335396 ], [ 79.86575099279348, 6.828131727125299 ], [ 79.865756913929829, 6.827936354806972 ], [ 79.865833056829345, 6.827710305714347 ], [ 79.865704565293001, 6.827579435471046 ], [ 79.865457101544123, 6.827584194683316 ], [ 79.865446885245646, 6.828078023210134 ], [ 79.865541219631439, 6.82811251131124 ] ] ] ] } },
{ "type": "Feature", "properties": { "Sub_class": "Bus Terminus", "NAME": "Rathmalana CTB Deport", "Land_Exten": 2.4778866759799998, "Main_C": "Transport", "Domain": "Built-up" }, "geometry": { "type": "MultiPolygon", "coordinates": [ [ [ [ 79.869035653245064, 6.827074420276755 ], [ 79.869080372033693, 6.826985447648831 ], [ 79.869166914693366, 6.82678580265143 ], [ 79.869063155412505, 6.826745691089624 ], [ 79.869193367351983, 6.826425482079522 ], [ 79.86930500559329, 6.826467240300012 ], [ 79.869338515231959, 6.826389936375644 ], [ 79.869383245711802, 6.82629411271246 ], [ 79.869401259107192, 6.826251018444489 ], [ 79.869344506097903, 6.826229461714022 ], [ 79.869210156784661, 6.8261832036909 ], [ 79.869074420079315, 6.826141186398347 ], [ 79.869050792801147, 6.826134678067224 ], [ 79.868937429934689, 6.826103451300838 ], [ 79.868799321540365, 6.826070035636918 ], [ 79.868660231189395, 6.82604097238247 ], [ 79.868520296143771, 6.826016290218168 ], [ 79.86840602265444, 6.825999815078418 ], [ 79.868379654498924, 6.825996013501176 ], [ 79.868238445047567, 6.825980162241124 ], [ 79.868096807142649, 6.825968752080355 ], [ 79.868029587070552, 6.825965456692026 ], [ 79.867995677233395, 6.826109961235517 ], [ 79.867954340794924, 6.826222916983697 ], [ 79.867926782869517, 6.826298220815816 ], [ 79.867895753561015, 6.826397495177721 ], [ 79.867885330418531, 6.826472831385408 ], [ 79.867871280310183, 6.826654344251756 ], [ 79.867853802885548, 6.826835850822811 ], [ 79.867867439305712, 6.826873554899525 ], [ 79.86787910081469, 6.826888597859395 ], [ 79.867985894408065, 6.826901911422916 ], [ 79.86824403850558, 6.826945414328145 ], [ 79.868641993006676, 6.827021442114448 ], [ 79.869015975179437, 6.8270958807987 ], [ 79.869035653245064, 6.827074420276755 ] ] ] ] } },
{ "type": "Feature", "properties": { "Sub_class": "Retail", "NAME": null, "Land_Exten": 0.04874052176, "Main_C": "Commercial", "Domain": "Built-up" }, "geometry": { "type": "MultiPolygon", "coordinates": [ [ [ [ 79.86930500559329, 6.826467240300012 ], [ 79.869193367351983, 6.826425482079522 ], [ 79.869063155412505, 6.826745691089624 ], [ 79.869166914693366, 6.82678580265143 ], [ 79.86930500559329, 6.826467240300012 ] ] ] ] } },
{ "type": "Feature", "properties": { "Sub_class": "Retail", "NAME": null, "Land_Exten": 0.25696811893, "Main_C": "Commercial", "Domain": "Built-up" }, "geometry": { "type": "MultiPolygon", "coordinates": [ [ [ [ 79.869171106433399, 6.827157682209588 ], [ 79.869068489291507, 6.827372630070895 ], [ 79.869060965563264, 6.827395256114272 ], [ 79.869192473425798, 6.827448787359621 ], [ 79.869271977991104, 6.827308952674151 ], [ 79.869421179115491, 6.827344229480693 ], [ 79.869460055908149, 6.827216697520775 ], [ 79.86950910133514, 6.827226714169714 ], [ 79.869522284497037, 6.827105885756338 ], [ 79.869738167653011, 6.827123556535182 ], [ 79.869747234617904, 6.82689481487237 ], [ 79.869324411164285, 6.826836561286949 ], [ 79.869171106433399, 6.827157682209588 ] ] ] ] } },
{ "type": "Feature", "properties": { "Sub_class": "Low Rise", "NAME": null, "Land_Exten": 2.0872643014499999, "Main_C": "Residential", "Domain": "Built-up" }, "geometry": { "type": "MultiPolygon", "coordinates": [ [ [ [ 79.867814359520054, 6.826737720398572 ], [ 79.867814800187887, 6.82650449201804 ], [ 79.86784838626896, 6.826371280839425 ], [ 79.867852417030392, 6.826358605794541 ], [ 79.86772015913327, 6.826353634342313 ], [ 79.867730739657119, 6.826234622559454 ], [ 79.867886107432781, 6.82625266655696 ], [ 79.867888626433839, 6.826244746227697 ], [ 79.867948905292465, 6.826098258357768 ], [ 79.86797569879414, 6.826031671654169 ], [ 79.867981546022577, 6.825963101528024 ], [ 79.867954880559864, 6.825961794278501 ], [ 79.867812805359748, 6.825959295701361 ], [ 79.86767072174942, 6.825961258814144 ], [ 79.8675287699443, 6.825967681679026 ], [ 79.86739542607107, 6.825977918029128 ], [ 79.867387090029709, 6.825978557957073 ], [ 79.867383874476076, 6.825978906648385 ], [ 79.867412299613889, 6.826000133329478 ], [ 79.867286426003915, 6.826312949912364 ], [ 79.867440713693796, 6.826434289140622 ], [ 79.86743208020215, 6.826842913198909 ], [ 79.867679323617168, 6.826863693833326 ], [ 79.867782514526453, 6.826876557735845 ], [ 79.867814359520054, 6.826737720398572 ] ] ], [ [ [ 79.866539124458882, 6.82616201939169 ], [ 79.866569798535167, 6.826251134112402 ], [ 79.866573108939605, 6.826312795229105 ], [ 79.866579846660329, 6.826374462641041 ], [ 79.866576141453478, 6.826521741914432 ], [ 79.866582652545063, 6.826703293451584 ], [ 79.866595940028233, 6.826925961093312 ], [ 79.866609379496865, 6.82699653179347 ], [ 79.866646180654243, 6.826990795018138 ], [ 79.866947696356021, 6.826856937226943 ], [ 79.867071479941444, 6.826830285818149 ], [ 79.867090693956939, 6.82683032179099 ], [ 79.867136481140207, 6.82610396455626 ], [ 79.867177260827773, 6.826003497933129 ], [ 79.867105104733824, 6.826013623433229 ], [ 79.866965077630041, 6.826037778025881 ], [ 79.866825878697298, 6.826066316854948 ], [ 79.866794486690566, 6.826073787101421 ], [ 79.866794486690566, 6.826073787101421 ], [ 79.866687645304268, 6.826099211756322 ], [ 79.866550513866883, 6.826136430267118 ], [ 79.866536786697196, 6.826140622881858 ], [ 79.866539124458882, 6.82616201939169 ] ] ] ] } },
{ "type": "Feature", "properties": { "Sub_class": "Barren Land", "NAME": null, "Land_Exten": 0.02007613789, "Main_C": "Barren Land", "Domain": "Non Built-up" }, "geometry": { "type": "MultiPolygon", "coordinates": [ [ [ [ 79.867886107432781, 6.82625266655696 ], [ 79.867730739657119, 6.826234622559454 ], [ 79.86772015913327, 6.826353634342313 ], [ 79.867852417030392, 6.826358605794541 ], [ 79.867886107432781, 6.82625266655696 ] ] ] ] } },
{ "type": "Feature", "properties": { "Sub_class": "Temple/Shrine", "NAME": null, "Land_Exten": 0.2981986039, "Main_C": "Cultural", "Domain": "Built-up" }, "geometry": { "type": "MultiPolygon", "coordinates": [ [ [ [ 79.867286667921491, 6.826830691412328 ], [ 79.86743208020215, 6.826842913198909 ], [ 79.867440713693796, 6.826434289140622 ], [ 79.867286426003915, 6.826312949912364 ], [ 79.867412299613889, 6.826000133329478 ], [ 79.867383874476076, 6.825978906648385 ], [ 79.867245821822664, 6.825993876914493 ], [ 79.867177260827773, 6.826003497933129 ], [ 79.867136481140207, 6.82610396455626 ], [ 79.867090693956939, 6.82683032179099 ], [ 79.867286667921491, 6.826830691412328 ] ] ] ] } },
{ "type": "Feature", "properties": { "Sub_class": "Retail", "NAME": null, "Land_Exten": 0.01662311783, "Main_C": "Commercial", "Domain": "Built-up" }, "geometry": { "type": "MultiPolygon", "coordinates": [ [ [ [ 79.867075903706606, 6.826864251413144 ], [ 79.867041554101093, 6.826873718576317 ], [ 79.867041363444855, 6.82697465488534 ], [ 79.867170978234412, 6.826971490171063 ], [ 79.867168126484231, 6.826867904459245 ], [ 79.867075903706606, 6.826864251413144 ] ] ] ] } },
{ "type": "Feature", "properties": { "Sub_class": "Retail", "NAME": null, "Land_Exten": 0.01932606811, "Main_C": "Commercial", "Domain": "Built-up" }, "geometry": { "type": "MultiPolygon", "coordinates": [ [ [ [ 79.86767096351943, 6.826906306409797 ], [ 79.86758597398898, 6.826891495475064 ], [ 79.867583432504901, 6.826891410938778 ], [ 79.867580184153667, 6.827023308207908 ], [ 79.867706375224202, 6.827026954958763 ], [ 79.867713043697236, 6.82691093342173 ], [ 79.86767096351943, 6.826906306409797 ] ] ] ] } },
{ "type": "Feature", "properties": { "Sub_class": "Retail", "NAME": "Nesiah Global Tour and Travel Private Limited", "Land_Exten": 0.05624498915, "Main_C": "Commercial", "Domain": "Built-up" }, "geometry": { "type": "MultiPolygon", "coordinates": [ [ [ [ 79.866697735189746, 6.827207206076418 ], [ 79.866649510843729, 6.827419137611612 ], [ 79.866862710422751, 6.827461015441895 ], [ 79.86691007861414, 6.827261983782139 ], [ 79.866697735189746, 6.827207206076418 ] ] ] ] } },
{ "type": "Feature", "properties": { "Sub_class": "Office", "NAME": null, "Land_Exten": 0.24541126961000001, "Main_C": "Commercial", "Domain": "Built-up" }, "geometry": { "type": "MultiPolygon", "coordinates": [ [ [ [ 79.867457244132183, 6.827664455578199 ], [ 79.867532509293397, 6.827691482903635 ], [ 79.867607693515566, 6.827761526601053 ], [ 79.867682886730989, 6.827826193252006 ], [ 79.867785040721998, 6.827858647985977 ], [ 79.867849556286785, 6.827880277580465 ], [ 79.867914071851573, 6.827901907174956 ], [ 79.868016245627658, 6.827923607815872 ], [ 79.868029003410186, 6.827930014586156 ], [ 79.868072341739477, 6.827643821533083 ], [ 79.867881525386807, 6.827544598432564 ], [ 79.867779350711444, 6.827465997685869 ], [ 79.867677240787231, 6.827353305439077 ], [ 79.86765682797548, 6.827325993927869 ], [ 79.86740415265534, 6.82766140777581 ], [ 79.867457244132183, 6.827664455578199 ] ] ] ] } },
{ "type": "Feature", "properties": { "Sub_class": "Low Rise", "NAME": null, "Land_Exten": 4.1271353231700001, "Main_C": "Residential", "Domain": "Built-up" }, "geometry": { "type": "MultiPolygon", "coordinates": [ [ [ [ 79.867827625419281, 6.828949441090302 ], [ 79.867844915784957, 6.82887066137845 ], [ 79.867868275675022, 6.828739796531094 ], [ 79.867875940596804, 6.828696856601391 ], [ 79.867908419612448, 6.8285580975051 ], [ 79.867937038737892, 6.828435823881228 ], [ 79.867953597055376, 6.828365082309853 ], [ 79.868018719662587, 6.828086854552141 ], [ 79.868027921525751, 6.828047541588277 ], [ 79.867974231999696, 6.828051911394105 ], [ 79.867771394409232, 6.828067122527197 ], [ 79.867512387861922, 6.828085345489862 ], [ 79.86741559922622, 6.828119467566909 ], [ 79.867309485520281, 6.828134860363027 ], [ 79.867116008073694, 6.828150088583244 ], [ 79.866679148900957, 6.828171094048345 ], [ 79.866598019260721, 6.828174060012447 ], [ 79.866615502980537, 6.828384882683557 ], [ 79.866463217181519, 6.828391228299902 ], [ 79.866450721101771, 6.828178964914947 ], [ 79.866337948815371, 6.828182271722079 ], [ 79.866354129417559, 6.82845924132824 ], [ 79.866336027863454, 6.828554179159267 ], [ 79.866314984626925, 6.828626328169648 ], [ 79.866270732586401, 6.828772755784991 ], [ 79.866267779212791, 6.828784471253283 ], [ 79.866282414779789, 6.828796219097138 ], [ 79.866341003812266, 6.828819771442211 ], [ 79.866402530030612, 6.828840399191909 ], [ 79.866475799596188, 6.828852258551739 ], [ 79.866619389850356, 6.828884761849023 ], [ 79.866780581635595, 6.828911438438834 ], [ 79.86691542148624, 6.828920483819945 ], [ 79.866912412354694, 6.82896150099907 ], [ 79.866844990181036, 6.828958443304156 ], [ 79.866710161122228, 6.82894353794063 ], [ 79.866525521313378, 6.828913887292811 ], [ 79.866349693961183, 6.828875461959824 ], [ 79.866261805016492, 6.828843063883172 ], [ 79.866158676160353, 6.829118309488937 ], [ 79.866129276423422, 6.829162207196606 ], [ 79.866085301374071, 6.829162124459028 ], [ 79.866058894580931, 6.829173794961168 ], [ 79.866029405811105, 6.829264576125726 ], [ 79.866020422483189, 6.829364185934736 ], [ 79.86603495912469, 6.829428679016534 ], [ 79.866073004044438, 6.829463912655643 ], [ 79.86610228776884, 6.829481549260255 ], [ 79.866119827246678, 6.829507955154111 ], [ 79.866131470769133, 6.829551930203492 ], [ 79.866134225392571, 6.829645701613816 ], [ 79.866125236668736, 6.829748242313383 ], [ 79.866113337738767, 6.829839056752822 ], [ 79.866107136913257, 6.830017788016033 ], [ 79.866095271258189, 6.830091021608789 ], [ 79.866089258391014, 6.83017012597586 ], [ 79.86607737654812, 6.830252149542328 ], [ 79.866091005773725, 6.830287373288865 ], [ 79.866091681164548, 6.830287509985805 ], [ 79.866253792956243, 6.830359543882938 ], [ 79.866397178164988, 6.830434660656019 ], [ 79.866531214021762, 6.830503523543668 ], [ 79.866743201314634, 6.830600599962427 ], [ 79.866877279439521, 6.830647631807391 ], [ 79.866904781606948, 6.830657557624812 ], [ 79.866920962209164, 6.830643460751741 ], [ 79.866956329847241, 6.830543900405418 ], [ 79.866979955037309, 6.830453108449032 ], [ 79.867003652173224, 6.83032422390883 ], [ 79.867021529796133, 6.830171885948946 ], [ 79.867027484207412, 6.830042543653819 ], [ 79.866676284560029, 6.830007088781547 ], [ 79.866676516585116, 6.829883971593611 ], [ 79.866608729286753, 6.829872224649028 ], [ 79.866503222623138, 6.829854444152929 ], [ 79.866476848205565, 6.829848533808443 ], [ 79.866485720916856, 6.829807527421158 ], [ 79.866734824129836, 6.829854881223413 ], [ 79.86688429505088, 6.829878605338934 ], [ 79.866972222666448, 6.829890492577678 ], [ 79.867051372898871, 6.829893571856375 ], [ 79.867057363283038, 6.829826188353516 ], [ 79.867072182311659, 6.829741240191783 ], [ 79.867069266709606, 6.829732443922837 ], [ 79.867107361991387, 6.82974130584223 ], [ 79.867086580457553, 6.829878987550754 ], [ 79.8670894951603, 6.829887782920322 ], [ 79.867388437002376, 6.82993523115137 ], [ 79.867520323479411, 6.829955991101452 ], [ 79.867586252778523, 6.829973696953851 ], [ 79.867668443618797, 6.829707612741749 ], [ 79.86776838078093, 6.82971871667101 ], [ 79.867828660538905, 6.829542636609176 ], [ 79.867777359612248, 6.829474581312731 ], [ 79.867815431511715, 6.829125593997255 ], [ 79.868207788632432, 6.829169855030929 ], [ 79.868239514915473, 6.829069916969357 ], [ 79.867827625419281, 6.828949441090302 ] ] ] ] } },
{ "type": "Feature", "properties": { "Sub_class": "Under Construction", "NAME": "McDonald's", "Land_Exten": 0.32841719748999998, "Main_C": "Under Construction", "Domain": "Built-up" }, "geometry": { "type": "MultiPolygon", "coordinates": [ [ [ [ 79.868042812500192, 6.827229800643245 ], [ 79.868096746641839, 6.827278976471969 ], [ 79.86814909527871, 6.827332910613659 ], [ 79.868608380845245, 6.827430102145637 ], [ 79.868609503199153, 6.827427521091365 ], [ 79.868844830597084, 6.827497359743348 ], [ 79.868852208635118, 6.827476347083771 ], [ 79.868979087687109, 6.827196382735214 ], [ 79.868904713754034, 6.82717821283259 ], [ 79.868831454980366, 6.827160493490402 ], [ 79.86861460145586, 6.827113201741366 ], [ 79.868444636784105, 6.82707478899886 ], [ 79.868101754966332, 6.827009678082872 ], [ 79.868086408035666, 6.827006941445894 ], [ 79.868042812500192, 6.827229800643245 ] ] ] ] } },
{ "type": "Feature", "properties": { "Sub_class": "Retail", "NAME": null, "Land_Exten": 0.23130727125, "Main_C": "Commercial", "Domain": "Built-up" }, "geometry": { "type": "MultiPolygon", "coordinates": [ [ [ [ 79.86860277896821, 6.82811337376052 ], [ 79.868844830597084, 6.827497359743348 ], [ 79.868608380845245, 6.827430102145637 ], [ 79.868554694017192, 6.827553553881377 ], [ 79.86844643632746, 6.827852724151568 ], [ 79.868291570373501, 6.827815556970124 ], [ 79.868241827971914, 6.827996511357449 ], [ 79.86860277896821, 6.82811337376052 ] ] ] ] } },
{ "type": "Feature", "properties": { "Sub_class": "Low Rise", "NAME": null, "Land_Exten": 0.07419539213, "Main_C": "Residential", "Domain": "Built-up" }, "geometry": { "type": "MultiPolygon", "coordinates": [ [ [ [ 79.868918265637873, 6.827824391010441 ], [ 79.869148026232352, 6.827899638185203 ], [ 79.869146800456377, 6.827904498121523 ], [ 79.869195281109143, 6.827914794459633 ], [ 79.869256486269521, 6.827706774975378 ], [ 79.868982703861008, 6.827630606894781 ], [ 79.868918265637873, 6.827824391010441 ] ] ] ] } },
{ "type": "Feature", "properties": { "Sub_class": "Retail", "NAME": null, "Land_Exten": 0.04560746336, "Main_C": "Commercial", "Domain": "Built-up" }, "geometry": { "type": "MultiPolygon", "coordinates": [ [ [ [ 79.869561431985474, 6.828001296649764 ], [ 79.869607612172487, 6.828001382984679 ], [ 79.869641494130477, 6.827994087684272 ], [ 79.869647337925173, 6.82776674896382 ], [ 79.869483002110073, 6.827772523510723 ], [ 79.869494223850495, 6.828036067138032 ], [ 79.869561431985474, 6.828001296649764 ] ] ] ] } },
{ "type": "Feature", "properties": { "Sub_class": "Retail", "NAME": null, "Land_Exten": 0.07151224004, "Main_C": "Commercial", "Domain": "Built-up" }, "geometry": { "type": "MultiPolygon", "coordinates": [ [ [ [ 79.868901293632248, 6.827875429335111 ], [ 79.868854809474414, 6.828036891816447 ], [ 79.869086524295696, 6.828143570296724 ], [ 79.869146800456377, 6.827904498121523 ], [ 79.869148026232352, 6.827899638185203 ], [ 79.868918265637873, 6.827824391010441 ], [ 79.868901293632248, 6.827875429335111 ] ] ] ] } },
{ "type": "Feature", "properties": { "Sub_class": "Retail", "NAME": null, "Land_Exten": 0.60830859936000004, "Main_C": "Commercial", "Domain": "Built-up" }, "geometry": { "type": "MultiPolygon", "coordinates": [ [ [ [ 79.868605951776331, 6.828151445659973 ], [ 79.868117368995584, 6.828021368618781 ], [ 79.868027921525751, 6.828047541588277 ], [ 79.867883654981327, 6.828663901844378 ], [ 79.867827625419281, 6.828949441090302 ], [ 79.868239514915473, 6.829069916969357 ], [ 79.868605951776331, 6.828151445659973 ] ] ] ] } },
{ "type": "Feature", "properties": { "Sub_class": "Retail", "NAME": null, "Land_Exten": 0.51271957634999998, "Main_C": "Commercial", "Domain": "Built-up" }, "geometry": { "type": "MultiPolygon", "coordinates": [ [ [ [ 79.868633131087051, 6.829253044118639 ], [ 79.868742929315459, 6.828973913441636 ], [ 79.868914621584821, 6.829030657065352 ], [ 79.86906745057442, 6.828672041608008 ], [ 79.868826132792364, 6.828575696338067 ], [ 79.868927020537924, 6.828347334189075 ], [ 79.869101196734803, 6.828397216884961 ], [ 79.869162603343312, 6.828232545622529 ], [ 79.869129618009424, 6.828206331284291 ], [ 79.868836151239989, 6.828081410056315 ], [ 79.868669588703483, 6.82847402078633 ], [ 79.86833249851955, 6.829350455984656 ], [ 79.868567915849667, 6.829452741276751 ], [ 79.868633131087051, 6.829253044118639 ] ] ] ] } },
{ "type": "Feature", "properties": { "Sub_class": "Low Rise", "NAME": null, "Land_Exten": 1.0488093703700001, "Main_C": "Residential", "Domain": "Built-up" }, "geometry": { "type": "MultiPolygon", "coordinates": [ [ [ [ 79.86906745057442, 6.828672041608008 ], [ 79.868914621584821, 6.829030657065352 ], [ 79.868742929315459, 6.828973913441636 ], [ 79.868640367931533, 6.829230883024812 ], [ 79.868567915849667, 6.829452741276751 ], [ 79.869235890895197, 6.829718652818874 ], [ 79.869235278456856, 6.829720476644003 ], [ 79.869430520373342, 6.82978593379902 ], [ 79.869438405629097, 6.828830900551939 ], [ 79.869433851462361, 6.82814034622714 ], [ 79.86932138314684, 6.828213814542988 ], [ 79.869200843415967, 6.828255728346234 ], [ 79.869162603343312, 6.828232545622529 ], [ 79.869101196734803, 6.828397216884961 ], [ 79.868927020537924, 6.828347334189075 ], [ 79.868826132792364, 6.828575696338067 ], [ 79.86906745057442, 6.828672041608008 ] ] ] ] } },
{ "type": "Feature", "properties": { "Sub_class": "Retail", "NAME": null, "Land_Exten": 0.34258092752000002, "Main_C": "Commercial", "Domain": "Built-up" }, "geometry": { "type": "MultiPolygon", "coordinates": [ [ [ [ 79.86789687231726, 6.83004390972385 ], [ 79.868207788632432, 6.829169855030929 ], [ 79.867815431511715, 6.829125593997255 ], [ 79.867777359612248, 6.829474581312731 ], [ 79.867828660538905, 6.829542636609176 ], [ 79.86776838078093, 6.82971871667101 ], [ 79.867668443618797, 6.829707612741749 ], [ 79.867627348198639, 6.829840654847799 ], [ 79.867586252778523, 6.829973696953851 ], [ 79.86789687231726, 6.83004390972385 ] ] ] ] } },
{ "type": "Feature", "properties": { "Sub_class": "Retail", "NAME": null, "Land_Exten": 0.46567678522, "Main_C": "Commercial", "Domain": "Built-up" }, "geometry": { "type": "MultiPolygon", "coordinates": [ [ [ [ 79.868304985560272, 6.829427372301201 ], [ 79.86792110005311, 6.830510819743132 ], [ 79.86812573358965, 6.830569513097078 ], [ 79.868295552571212, 6.830625110984508 ], [ 79.868381128459689, 6.830366465964357 ], [ 79.868306571964226, 6.830328394064923 ], [ 79.86847154809665, 6.829949266870329 ], [ 79.868548942852456, 6.829674957458789 ], [ 79.868590715462133, 6.829529682774296 ], [ 79.868304985560272, 6.829427372301201 ] ] ] ] } },
{ "type": "Feature", "properties": { "Sub_class": "Low Rise", "NAME": null, "Land_Exten": 1.57065152084, "Main_C": "Residential", "Domain": "Built-up" }, "geometry": { "type": "MultiPolygon", "coordinates": [ [ [ [ 79.87177216521934, 6.828531464082022 ], [ 79.871573461812346, 6.828500990554608 ], [ 79.871537029376995, 6.828657443812142 ], [ 79.87144006087685, 6.828976324523531 ], [ 79.871428251879095, 6.829001121530307 ], [ 79.871428153853017, 6.829053632944498 ], [ 79.871452406769905, 6.829102342924417 ], [ 79.871537577963394, 6.829120752046656 ], [ 79.871707955423986, 6.829139321248193 ], [ 79.871951285888755, 6.829200609146193 ], [ 79.872109444260687, 6.82924348792196 ], [ 79.872158547082321, 6.829257329221632 ], [ 79.872150356767406, 6.829227183153217 ], [ 79.872108829168766, 6.829091356032423 ], [ 79.872063053524641, 6.828956899696681 ], [ 79.87201307501347, 6.82882394683739 ], [ 79.871958942961371, 6.828692628662091 ], [ 79.871953142312876, 6.828679723484863 ], [ 79.871900710793284, 6.828563074764967 ], [ 79.871897646431691, 6.828556792903955 ], [ 79.87177216521934, 6.828531464082022 ] ] ] ] } },
{ "type": "Feature", "properties": { "Sub_class": "Other higher edu.", "NAME": "Lalith Athululathmudali College", "Land_Exten": 1.02894708284, "Main_C": "Institutional", "Domain": "Built-up" }, "geometry": { "type": "MultiPolygon", "coordinates": [ [ [ [ 79.871052205762155, 6.829925919570246 ], [ 79.871610701838691, 6.829991173478427 ], [ 79.871629225174829, 6.829908073423513 ], [ 79.872119608398378, 6.829976902136784 ], [ 79.872165317340603, 6.829885388924142 ], [ 79.872212906765199, 6.829826695570212 ], [ 79.872240383102266, 6.829599252258512 ], [ 79.87222050811576, 6.829502412352051 ], [ 79.872192886590213, 6.829386459306133 ], [ 79.872187595334282, 6.829364247014746 ], [ 79.872179201517326, 6.8293333519276 ], [ 79.871780794214274, 6.829242870987091 ], [ 79.871482722915957, 6.829163231523477 ], [ 79.87134945777818, 6.829116620561228 ], [ 79.871319316999873, 6.829126599438637 ], [ 79.871174821128406, 6.829096227534563 ], [ 79.871156706983783, 6.829120273607377 ], [ 79.871138411176105, 6.829240640668539 ], [ 79.871107911568274, 6.82944526521212 ], [ 79.871083728798553, 6.829493380740169 ], [ 79.871062118089839, 6.829514899718061 ], [ 79.871052205762155, 6.829925919570246 ] ] ] ] } },
{ "type": "Feature", "properties": { "Sub_class": "Barren Land", "NAME": null, "Land_Exten": 0.16281342648, "Main_C": "Barren Land", "Domain": "Non Built-up" }, "geometry": { "type": "MultiPolygon", "coordinates": [ [ [ [ 79.872253958118549, 6.829816376749032 ], [ 79.872232960747468, 6.829893749021875 ], [ 79.872302733422273, 6.830011918581429 ], [ 79.872297739711499, 6.82996591719858 ], [ 79.872292988433514, 6.829922149070265 ], [ 79.872273230684613, 6.829781501093033 ], [ 79.872264989571079, 6.82973377644929 ], [ 79.872253958118549, 6.829816376749032 ] ] ] ] } },
{ "type": "Feature", "properties": { "Sub_class": "Low Rise", "NAME": null, "Land_Exten": 1.81652739198, "Main_C": "Residential", "Domain": "Built-up" }, "geometry": { "type": "MultiPolygon", "coordinates": [ [ [ [ 79.871052205762155, 6.829925919570246 ], [ 79.871062118089839, 6.829514899718061 ], [ 79.871059590994861, 6.829517415121825 ], [ 79.871017407395087, 6.829529376105036 ], [ 79.870945142372193, 6.829523220245646 ], [ 79.870686286910995, 6.829450492971251 ], [ 79.870559871009903, 6.829414135179598 ], [ 79.870481605710339, 6.82939592840481 ], [ 79.870427330725661, 6.829431946252724 ], [ 79.870366782969725, 6.829600393768412 ], [ 79.870300223245906, 6.829762810430428 ], [ 79.870251608594117, 6.829991481046817 ], [ 79.870230786590838, 6.830069965781003 ], [ 79.870326074257989, 6.830116447240878 ], [ 79.870558228847742, 6.830221091454701 ], [ 79.87057608488692, 6.830230056796154 ], [ 79.87059698153395, 6.830206277821928 ], [ 79.8706359752385, 6.830063436702876 ], [ 79.870674941064038, 6.829935483860297 ], [ 79.87071065404173, 6.829953414543202 ], [ 79.870671732282943, 6.830057549740801 ], [ 79.870638780223913, 6.830155740419648 ], [ 79.870617799939936, 6.830224180625918 ], [ 79.870617749577903, 6.830250976825565 ], [ 79.870659414268886, 6.830271896854975 ], [ 79.870814224464866, 6.830319825323978 ], [ 79.870888633471509, 6.830352716229155 ], [ 79.871001774479851, 6.830382703223364 ], [ 79.871076183486508, 6.830415593229219 ], [ 79.871102920330841, 6.830454349512745 ], [ 79.871080023591603, 6.830612426945864 ], [ 79.871263476295354, 6.830615428882814 ], [ 79.871263078794996, 6.83082682172406 ], [ 79.871419330604226, 6.830926139253389 ], [ 79.871685830302809, 6.831014971586981 ], [ 79.871828690307495, 6.831024390186746 ], [ 79.871829865721381, 6.830924680552962 ], [ 79.871951536799415, 6.830804865675569 ], [ 79.872045763266598, 6.830792492802838 ], [ 79.872011267971004, 6.830563240325063 ], [ 79.872023339570802, 6.830479897453199 ], [ 79.872059455444756, 6.830283458538941 ], [ 79.872083593248462, 6.830119748651808 ], [ 79.872104640981547, 6.830015580179325 ], [ 79.872119608398378, 6.829976902136784 ], [ 79.871629225174829, 6.829908073423513 ], [ 79.871610701838691, 6.829991173478427 ], [ 79.871052205762155, 6.829925919570246 ] ] ] ] } },
{ "type": "Feature", "properties": { "Sub_class": "Retail", "NAME": null, "Land_Exten": 0.24162255358000001, "Main_C": "Commercial", "Domain": "Built-up" }, "geometry": { "type": "MultiPolygon", "coordinates": [ [ [ [ 79.869532105093782, 6.826408815843329 ], [ 79.869472179668705, 6.826528045262084 ], [ 79.870073199337071, 6.826569770979527 ], [ 79.869990856551141, 6.826522621217276 ], [ 79.869865401027184, 6.826455926321808 ], [ 79.869744529602414, 6.8263964590596 ], [ 79.869737911476193, 6.826393203021242 ], [ 79.869608513713004, 6.826334513214062 ], [ 79.86957167742419, 6.82631918139461 ], [ 79.869532105093782, 6.826408815843329 ] ] ] ] } },
{ "type": "Feature", "properties": { "Sub_class": "Retail", "NAME": null, "Land_Exten": 0.11913963215, "Main_C": "Commercial", "Domain": "Built-up" }, "geometry": { "type": "MultiPolygon", "coordinates": [ [ [ [ 79.86935588743583, 6.826770630189197 ], [ 79.869898514075572, 6.82682172337244 ], [ 79.869907524383137, 6.826623195333001 ], [ 79.869442011910721, 6.826590227086279 ], [ 79.86935588743583, 6.826770630189197 ] ] ] ] } },
{ "type": "Feature", "properties": { "Sub_class": "Low Rise", "NAME": null, "Land_Exten": 6.4563914718099999, "Main_C": "Residential", "Domain": "Built-up" }, "geometry": { "type": "MultiPolygon", "coordinates": [ [ [ [ 79.87037625732772, 6.826908900953431 ], [ 79.870385362963432, 6.826978154146837 ], [ 79.870408193152812, 6.827116668627522 ], [ 79.870430996362529, 6.827269030869029 ], [ 79.870435570314498, 6.827292118264565 ], [ 79.870449424370534, 6.827292144344948 ], [ 79.870546410857102, 6.827287710687242 ], [ 79.870666496430303, 6.827278704876265 ], [ 79.870865061341718, 6.827283693415608 ], [ 79.871000027328847, 6.827281014310084 ], [ 79.870906895779456, 6.827190468305064 ], [ 79.870801975847115, 6.827094684745607 ], [ 79.870694097609046, 6.827002242419359 ], [ 79.870583367527956, 6.826913232553737 ], [ 79.870518725332857, 6.82686453154486 ], [ 79.870469894880742, 6.826827742988748 ], [ 79.870363532513792, 6.826752728095737 ], [ 79.87037625732772, 6.826908900953431 ] ] ], [ [ [ 79.870934270468254, 6.827316133760415 ], [ 79.870786494769291, 6.827315855869904 ], [ 79.870578667740133, 6.827324697104988 ], [ 79.870444754191183, 6.827319829974077 ], [ 79.870430848873738, 6.827347497616818 ], [ 79.870393791409612, 6.827407432934476 ], [ 79.870356830172895, 6.827416594328149 ], [ 79.870324504941308, 6.827416534073621 ], [ 79.870282942773045, 6.827416455832585 ], [ 79.870287603959198, 6.827393386423498 ], [ 79.870366127364164, 6.82738430237149 ], [ 79.870393895730928, 6.827352044589084 ], [ 79.87039393979768, 6.827328965287425 ], [ 79.87039866123844, 6.827273585935232 ], [ 79.870384981650815, 6.827181245346293 ], [ 79.870366804553726, 6.827024276777251 ], [ 79.870348697603674, 6.826830382044989 ], [ 79.870334584989052, 6.826733196151761 ], [ 79.870235172416528, 6.826667658666785 ], [ 79.870114154240369, 6.826593221889741 ], [ 79.870073199337071, 6.826569770979527 ], [ 79.869472179668705, 6.826528045262084 ], [ 79.869462574009958, 6.826547156754867 ], [ 79.869442011910721, 6.826590227086279 ], [ 79.869907524383137, 6.826623195333001 ], [ 79.869898514075572, 6.82682172337244 ], [ 79.86935588743583, 6.826770630189197 ], [ 79.869324411164285, 6.826836561286949 ], [ 79.869747234617904, 6.82689481487237 ], [ 79.869738167653011, 6.827123556535182 ], [ 79.869522284497037, 6.827105885756338 ], [ 79.86950910133514, 6.827226714169714 ], [ 79.869460055908149, 6.827216697520775 ], [ 79.869421179115491, 6.827344229480693 ], [ 79.869271977991104, 6.827308952674151 ], [ 79.869192473425798, 6.827448787359621 ], [ 79.869060965563264, 6.827395256114272 ], [ 79.868982703861008, 6.827630606894781 ], [ 79.869256486269521, 6.827706774975378 ], [ 79.869195281109143, 6.827914794459633 ], [ 79.869146800456377, 6.827904498121523 ], [ 79.869086524295696, 6.828143570296724 ], [ 79.86918701813822, 6.828189836818618 ], [ 79.86923784152485, 6.82817608528522 ], [ 79.869445869102819, 6.828061083579343 ], [ 79.869494223850495, 6.828036067138032 ], [ 79.869483002110073, 6.827772523510723 ], [ 79.869647337925173, 6.82776674896382 ], [ 79.869641494130477, 6.827994087684272 ], [ 79.869713869769924, 6.827978504231868 ], [ 79.869797010294249, 6.827969429173105 ], [ 79.869921652732302, 6.827992742298443 ], [ 79.870013978032645, 6.828011378949138 ], [ 79.870175582606734, 6.828025529781477 ], [ 79.870332594343054, 6.828025824759116 ], [ 79.870431272454354, 6.828034714557524 ], [ 79.870426244344799, 6.827829045001756 ], [ 79.870566224720321, 6.827829308503099 ], [ 79.870560374630401, 6.828051897004466 ], [ 79.870628076493162, 6.828063306703236 ], [ 79.870757276695301, 6.828118937865616 ], [ 79.870881840892309, 6.828183791575515 ], [ 79.871010997027653, 6.828262502039552 ], [ 79.871107836025374, 6.828336535129578 ], [ 79.871218590233042, 6.828378285256195 ], [ 79.87134323267108, 6.828401597482206 ], [ 79.871499301917908, 6.828426163363155 ], [ 79.871555663329772, 6.828076303705271 ], [ 79.871564984550147, 6.827968767873783 ], [ 79.871550198031812, 6.827946176349141 ], [ 79.871500775047664, 6.827875608011587 ], [ 79.871468709487445, 6.827829823364506 ], [ 79.871383604645501, 6.827716086133018 ], [ 79.871294967495757, 6.82760507689789 ], [ 79.871202885513782, 6.827496905210063 ], [ 79.871107449574509, 6.827391677820113 ], [ 79.871041345417225, 6.827323240476042 ], [ 79.870934270468254, 6.827316133760415 ] ] ], [ [ [ 79.871624598163137, 6.828097977366538 ], [ 79.87157466150795, 6.828438682825314 ], [ 79.871827967252827, 6.82848559056385 ], [ 79.871866401603356, 6.828492741815405 ], [ 79.871838435980365, 6.828435412998978 ], [ 79.871772179983154, 6.828309769349664 ], [ 79.871702008190965, 6.828186267810842 ], [ 79.871630592172707, 6.82806929269823 ], [ 79.871624598163137, 6.828097977366538 ] ] ] ] } },
{ "type": "Feature", "properties": { "Sub_class": "Retail", "NAME": null, "Land_Exten": 0.03500862527, "Main_C": "Commercial", "Domain": "Built-up" }, "geometry": { "type": "MultiPolygon", "coordinates": [ [ [ [ 79.870489579999074, 6.828039967497579 ], [ 79.870560374630401, 6.828051897004466 ], [ 79.870566224720321, 6.827829308503099 ], [ 79.870426244344799, 6.827829045001756 ], [ 79.870431272454354, 6.828034714557524 ], [ 79.870489579999074, 6.828039967497579 ] ] ] ] } },
{ "type": "Feature", "properties": { "Sub_class": "Retail", "NAME": null, "Land_Exten": 0.01562427516, "Main_C": "Commercial", "Domain": "Built-up" }, "geometry": { "type": "MultiPolygon", "coordinates": [ [ [ [ 79.869516747371009, 6.82899529212517 ], [ 79.86962068022099, 6.828995487277988 ], [ 79.869614834627711, 6.828867731386951 ], [ 79.869515394790625, 6.828871684806671 ], [ 79.869516747371009, 6.82899529212517 ] ] ] ] } },
{ "type": "Feature", "properties": { "Sub_class": "Low Rise", "NAME": null, "Land_Exten": 3.3013018753700001, "Main_C": "Residential", "Domain": "Built-up" }, "geometry": { "type": "MultiPolygon", "coordinates": [ [ [ [ 79.87001664182435, 6.830027159850375 ], [ 79.87007081518567, 6.830045321659012 ], [ 79.87012498854692, 6.830063483467706 ], [ 79.87017916190824, 6.830081646175718 ], [ 79.870191446647326, 6.829955247361624 ], [ 79.870209651623483, 6.829883041693983 ], [ 79.870233958499725, 6.82976870548644 ], [ 79.870264255760048, 6.829672442054716 ], [ 79.87030054070658, 6.829594249600181 ], [ 79.870342883486416, 6.829498007752243 ], [ 79.870367066256193, 6.829449893123511 ], [ 79.870415386829606, 6.829377743213748 ], [ 79.870439501250914, 6.829365748955656 ], [ 79.870481674058865, 6.829359808034232 ], [ 79.870644228316948, 6.829396233274966 ], [ 79.8707947244651, 6.829438656993754 ], [ 79.870903093670705, 6.829462940487633 ], [ 79.870993394597178, 6.829487190706575 ], [ 79.871017497327287, 6.829481215610886 ], [ 79.871041612647858, 6.829469221352738 ], [ 79.871077852628332, 6.829415108245954 ], [ 79.871090170642375, 6.829270650145882 ], [ 79.871108568073424, 6.829096103428113 ], [ 79.871126738875361, 6.829041957046446 ], [ 79.871223073353349, 6.829060197995438 ], [ 79.871325442282341, 6.829072430573921 ], [ 79.871373716990334, 6.829024360911284 ], [ 79.871428206912995, 6.82887396099041 ], [ 79.871458639071662, 6.828705456817472 ], [ 79.871495105681262, 6.828530943374644 ], [ 79.871495195613448, 6.828482783779817 ], [ 79.871386815616006, 6.8284645194484 ], [ 79.871115892152233, 6.828403810713782 ], [ 79.87106775324186, 6.828379639635198 ], [ 79.87088128870856, 6.82824684844002 ], [ 79.870718802798962, 6.828174301929329 ], [ 79.870544271369852, 6.828101733834903 ], [ 79.870411810225974, 6.828077404475665 ], [ 79.870176945978884, 6.828058902723296 ], [ 79.869905910099916, 6.828058392807694 ], [ 79.869827678974616, 6.828022125847614 ], [ 79.869616828424753, 6.8280458094937 ], [ 79.86951435787239, 6.82808775657189 ], [ 79.869506870117064, 6.828092647984513 ], [ 79.869515394790625, 6.828871684806671 ], [ 79.869614834627711, 6.828867731386951 ], [ 79.86962068022099, 6.828995487277988 ], [ 79.869516747371009, 6.82899529212517 ], [ 79.869517147569312, 6.829031791110322 ], [ 79.869517275273054, 6.829050217319709 ], [ 79.869589997151479, 6.82912925783495 ], [ 79.86964469211955, 6.829171942357157 ], [ 79.869717725163426, 6.829172079953403 ], [ 79.86976641445888, 6.829172171684231 ], [ 79.869772500171166, 6.829172183375387 ], [ 79.869772431822696, 6.82920868146128 ], [ 79.869772409339646, 6.829220847489891 ], [ 79.869687226454928, 6.829208521381984 ], [ 79.869638525468261, 6.829214512665432 ], [ 79.869577710613697, 6.829190066394327 ], [ 79.86955343431444, 6.829153521543704 ], [ 79.869523073202231, 6.829116965901243 ], [ 79.86951768446454, 6.829108854016375 ], [ 79.869521938257762, 6.829719191512707 ], [ 79.86953387046259, 6.829846959095011 ], [ 79.86987192831694, 6.830191970507661 ], [ 79.869896011261957, 6.830117233248443 ], [ 79.869950366286304, 6.830039074968111 ], [ 79.87001664182435, 6.830027159850375 ] ] ] ] } },
{ "type": "Feature", "properties": { "Sub_class": "Low Rise", "NAME": null, "Land_Exten": 1.1534386299, "Main_C": "Residential", "Domain": "Built-up" }, "geometry": { "type": "MultiPolygon", "coordinates": [ [ [ [ 79.870278619731607, 6.831048565762273 ], [ 79.870291844262269, 6.830893474977595 ], [ 79.87044972924032, 6.8308907949979 ], [ 79.870435512757453, 6.831076487913091 ], [ 79.870580780247238, 6.831105810308311 ], [ 79.870839681573912, 6.831154458235006 ], [ 79.870951117467698, 6.831174043670459 ], [ 79.870967545383451, 6.831159730960137 ], [ 79.870976638428658, 6.831076381792982 ], [ 79.871022251143472, 6.830582225013663 ], [ 79.871052257922827, 6.830466163906443 ], [ 79.871034445950443, 6.830433379121262 ], [ 79.870962998411287, 6.830409426577947 ], [ 79.870823054908044, 6.830376412465694 ], [ 79.870474804137643, 6.830229867039197 ], [ 79.87019744512537, 6.830117800720615 ], [ 79.870179094459075, 6.830117765647035 ], [ 79.870016528509765, 6.83008735956871 ], [ 79.869992414088458, 6.830099354726177 ], [ 79.869944150172302, 6.83014140432703 ], [ 79.869877545482368, 6.830327901236117 ], [ 79.86982299800313, 6.830508399667208 ], [ 79.869798451907229, 6.830749156272518 ], [ 79.869798356579054, 6.830799887928418 ], [ 79.869955414180879, 6.830797566778203 ], [ 79.869955211833414, 6.830904751576783 ], [ 79.86979814883567, 6.83090996404743 ], [ 79.869798100272291, 6.830935777288058 ], [ 79.869846194216549, 6.830984027714392 ], [ 79.869864263395073, 6.830984061888652 ], [ 79.870123175513569, 6.831026689753513 ], [ 79.870278619731607, 6.831048565762273 ] ] ] ] } },
{ "type": "Feature", "properties": { "Sub_class": "Retail", "NAME": null, "Land_Exten": 0.02084646157, "Main_C": "Commercial", "Domain": "Built-up" }, "geometry": { "type": "MultiPolygon", "coordinates": [ [ [ [ 79.86979814883567, 6.83090996404743 ], [ 79.869955211833414, 6.830904751576783 ], [ 79.869955414180879, 6.830797566778203 ], [ 79.869798356579054, 6.830799887928418 ], [ 79.86979814883567, 6.83090996404743 ] ] ] ] } },
{ "type": "Feature", "properties": { "Sub_class": "Low Rise", "NAME": null, "Land_Exten": 0.05082305199, "Main_C": "Residential", "Domain": "Built-up" }, "geometry": { "type": "MultiPolygon", "coordinates": [ [ [ [ 79.871078776231897, 6.83062103705511 ], [ 79.871054653716698, 6.830775814875677 ], [ 79.871049071624768, 6.830817975093188 ], [ 79.871263078794996, 6.83082682172406 ], [ 79.871263476295354, 6.830615428882814 ], [ 79.871080023591603, 6.830612426945864 ], [ 79.871078776231897, 6.83062103705511 ] ] ] ] } },
{ "type": "Feature", "properties": { "Sub_class": "Low Rise", "NAME": null, "Land_Exten": 1.0124369426199999, "Main_C": "Residential", "Domain": "Built-up" }, "geometry": { "type": "MultiPolygon", "coordinates": [ [ [ [ 79.872232960747468, 6.829893749021875 ], [ 79.872212109066552, 6.829893709451696 ], [ 79.872161367518174, 6.829947207422197 ], [ 79.872131445275102, 6.830018608196636 ], [ 79.872113421062664, 6.830098962621368 ], [ 79.872092261813648, 6.830262678803734 ], [ 79.872059197339297, 6.830420417192462 ], [ 79.872041061611, 6.830560319327076 ], [ 79.872040910524873, 6.83064070792607 ], [ 79.872058543532191, 6.830768767787966 ], [ 79.872090790522677, 6.83104572390427 ], [ 79.872113871622915, 6.831444734209867 ], [ 79.872125607775544, 6.831540031769689 ], [ 79.872135457150605, 6.831564776615745 ], [ 79.872190559225857, 6.831583249943786 ], [ 79.872216803132403, 6.831474887941363 ], [ 79.872245880211096, 6.831335865632705 ], [ 79.872270573930408, 6.831195999044832 ], [ 79.872290859924121, 6.831055426210335 ], [ 79.872295775505108, 6.831011676961994 ], [ 79.872306718176063, 6.830914285858664 ], [ 79.872308528091352, 6.830891839071058 ], [ 79.872318133039784, 6.830772717279243 ], [ 79.872325093254005, 6.830630860183994 ], [ 79.872327591953734, 6.830488854569438 ], [ 79.872325626676968, 6.830346840578564 ], [ 79.872319199367155, 6.830204958362498 ], [ 79.872310041994453, 6.830085801890936 ], [ 79.872308316371289, 6.830063347942199 ], [ 79.872302733422273, 6.830011918581429 ], [ 79.872232960747468, 6.829893749021875 ] ] ] ] } },
{ "type": "Feature", "properties": { "Sub_class": "Mixed Retail-Residential", "NAME": null, "Land_Exten": 0.1553010742, "Main_C": "Commercial", "Domain": "Built-up" }, "geometry": { "type": "MultiPolygon", "coordinates": [ [ [ [ 79.871263078794996, 6.83082682172406 ], [ 79.871049071624768, 6.830817975093188 ], [ 79.871036523384305, 6.830912739354997 ], [ 79.871018336394584, 6.831079437689256 ], [ 79.871013477357593, 6.831186499280748 ], [ 79.871200929346458, 6.831227377064999 ], [ 79.871279206337178, 6.831239564677326 ], [ 79.871419330604226, 6.830926139253389 ], [ 79.871263078794996, 6.83082682172406 ] ] ] ] } },
{ "type": "Feature", "properties": { "Sub_class": "Retail", "NAME": null, "Land_Exten": 0.12060322174, "Main_C": "Commercial", "Domain": "Built-up" }, "geometry": { "type": "MultiPolygon", "coordinates": [ [ [ [ 79.871357483327913, 6.831251751390335 ], [ 79.871459807290762, 6.831288064215832 ], [ 79.871586224091146, 6.83132442200748 ], [ 79.871685830302809, 6.831014971586981 ], [ 79.871419330604226, 6.830926139253389 ], [ 79.871279206337178, 6.831239564677326 ], [ 79.871357483327913, 6.831251751390335 ] ] ] ] } },
{ "type": "Feature", "properties": { "Sub_class": "Barren Land", "NAME": null, "Land_Exten": 0.21052350741, "Main_C": "Barren Land", "Domain": "Non Built-up" }, "geometry": { "type": "MultiPolygon", "coordinates": [ [ [ [ 79.872045763266598, 6.830792492802838 ], [ 79.871951536799415, 6.830804865675569 ], [ 79.871829865721381, 6.830924680552962 ], [ 79.871828690307495, 6.831024390186746 ], [ 79.871840653988642, 6.831072079436158 ], [ 79.871708673082694, 6.831361421915008 ], [ 79.872085719245604, 6.831548102285748 ], [ 79.872058288124663, 6.83101893669783 ], [ 79.872045763266598, 6.830792492802838 ] ] ] ] } },
{ "type": "Feature", "properties": { "Sub_class": "Retail", "NAME": "Sunshine Restaurant", "Land_Exten": 0.06146838173, "Main_C": "Commercial", "Domain": "Built-up" }, "geometry": { "type": "MultiPolygon", "coordinates": [ [ [ [ 79.871708673082694, 6.831361421915008 ], [ 79.871840653988642, 6.831072079436158 ], [ 79.871828690307495, 6.831024390186746 ], [ 79.871685830302809, 6.831014971586981 ], [ 79.871586224091146, 6.83132442200748 ], [ 79.871708673082694, 6.831361421915008 ] ] ] ] } },
{ "type": "Feature", "properties": { "Sub_class": "High Rise", "NAME": null, "Land_Exten": 0.04013002871, "Main_C": "Residential", "Domain": "Built-up" }, "geometry": { "type": "MultiPolygon", "coordinates": [ [ [ [ 79.871218821358482, 6.831663454727291 ], [ 79.871281221717823, 6.831697206283674 ], [ 79.871329410990285, 6.831598339314628 ], [ 79.871366077249306, 6.831525387209622 ], [ 79.871421048309287, 6.831430563592532 ], [ 79.871443048424453, 6.831386792689293 ], [ 79.87143454983115, 6.831341016297889 ], [ 79.871355986856017, 6.831321732135277 ], [ 79.871218821358482, 6.831663454727291 ] ] ] ] } },
{ "type": "Feature", "properties": { "Sub_class": "Low Rise", "NAME": null, "Land_Exten": 0.03276128237, "Main_C": "Residential", "Domain": "Built-up" }, "geometry": { "type": "MultiPolygon", "coordinates": [ [ [ [ 79.870339948998421, 6.831057197455245 ], [ 79.870435512757453, 6.831076487913091 ], [ 79.87044972924032, 6.8308907949979 ], [ 79.870291844262269, 6.830893474977595 ], [ 79.870278619731607, 6.831048565762273 ], [ 79.870339948998421, 6.831057197455245 ] ] ] ] } },
{ "type": "Feature", "properties": { "Sub_class": "Retail", "NAME": null, "Land_Exten": 0.02132851839, "Main_C": "Commercial", "Domain": "Built-up" }, "geometry": { "type": "MultiPolygon", "coordinates": [ [ [ [ 79.870411781447373, 6.831137286579961 ], [ 79.870395060352564, 6.831275453922329 ], [ 79.870521233436733, 6.831289327763516 ], [ 79.870539869188107, 6.831157651727605 ], [ 79.870411781447373, 6.831137286579961 ] ] ] ] } },
{ "type": "Feature", "properties": { "Sub_class": "Retail", "NAME": null, "Land_Exten": 0.1463850873, "Main_C": "Commercial", "Domain": "Built-up" }, "geometry": { "type": "MultiPolygon", "coordinates": [ [ [ [ 79.869747138390011, 6.831003269608893 ], [ 79.869668098774184, 6.830985275074129 ], [ 79.869608613117535, 6.831483226093164 ], [ 79.869854162209791, 6.831513249959632 ], [ 79.869910279905412, 6.831059665195028 ], [ 79.869747138390011, 6.831003269608893 ] ] ] ] } },
{ "type": "Feature", "properties": { "Sub_class": "Under Construction", "NAME": null, "Land_Exten": 0.1605027533, "Main_C": "Under Construction", "Domain": "Built-up" }, "geometry": { "type": "MultiPolygon", "coordinates": [ [ [ [ 79.869854162209791, 6.831513249959632 ], [ 79.870153509646059, 6.831549851467461 ], [ 79.870190774853683, 6.831106082802997 ], [ 79.870068368130262, 6.831090556007885 ], [ 79.869910279905412, 6.831059665195028 ], [ 79.869854162209791, 6.831513249959632 ] ] ] ] } },
{ "type": "Feature", "properties": { "Sub_class": "Temple/Shrine", "NAME": "Sugatha Darmayathanaya", "Land_Exten": 0.26357800768, "Main_C": "Cultural", "Domain": "Built-up" }, "geometry": { "type": "MultiPolygon", "coordinates": [ [ [ [ 79.870867959856156, 6.831913841273165 ], [ 79.870967084031236, 6.831801527640907 ], [ 79.870974078958099, 6.831709495519428 ], [ 79.871061787139141, 6.831253874689724 ], [ 79.870746648507108, 6.831194898049405 ], [ 79.87066039542907, 6.831650952352352 ], [ 79.870628813936918, 6.831720498724738 ], [ 79.870609795973607, 6.83184384973643 ], [ 79.870867959856156, 6.831913841273165 ] ] ] ] } },
{ "type": "Feature", "properties": { "Sub_class": "Low Rise", "NAME": null, "Land_Exten": 2.0112273088900001, "Main_C": "Residential", "Domain": "Built-up" }, "geometry": { "type": "MultiPolygon", "coordinates": [ [ [ [ 79.870472735696737, 6.832443775781516 ], [ 79.870520209108804, 6.832451166410084 ], [ 79.870556807019383, 6.832414724981443 ], [ 79.87057881972504, 6.832363652482503 ], [ 79.870604479181623, 6.832316236627023 ], [ 79.870627609744602, 6.832284574195763 ], [ 79.870622812760843, 6.832279761024179 ], [ 79.870560817096418, 6.832224878997114 ], [ 79.870509739201566, 6.832191924240059 ], [ 79.870508347051043, 6.8321908765299 ], [ 79.870465966499722, 6.832158982073596 ], [ 79.870477898704635, 6.83211459333605 ], [ 79.870480681207042, 6.832104244837327 ], [ 79.870510047669029, 6.832027627994995 ], [ 79.870532054978767, 6.831980205844213 ], [ 79.870568816566021, 6.831856139871515 ], [ 79.870598287349381, 6.831724758813268 ], [ 79.870624239085615, 6.83173057382964 ], [ 79.87066039542907, 6.831650952352352 ], [ 79.870746648507108, 6.831194898049405 ], [ 79.870670179153677, 6.831178369409547 ], [ 79.870539869188107, 6.831157651727605 ], [ 79.870521233436733, 6.831289327763516 ], [ 79.870395060352564, 6.831275453922329 ], [ 79.870411781447373, 6.831137286579961 ], [ 79.87031318157706, 6.831121610497372 ], [ 79.870190774853683, 6.831106082802997 ], [ 79.870153509646059, 6.831549851467461 ], [ 79.869608613117535, 6.831483226093164 ], [ 79.869643401592171, 6.831192013923785 ], [ 79.869402314036606, 6.831149149537215 ], [ 79.869419143949315, 6.831013057830121 ], [ 79.869335689561623, 6.830998767602811 ], [ 79.869351970887919, 6.830897997668337 ], [ 79.869298429750032, 6.830885149953619 ], [ 79.869125046755187, 6.830849131206427 ], [ 79.869099646303354, 6.831022562764834 ], [ 79.869078707388184, 6.8310330317728 ], [ 79.868991055864441, 6.831050004677768 ], [ 79.868981148033527, 6.831409742489012 ], [ 79.868980523004623, 6.831741171440902 ], [ 79.868980201047336, 6.831911993166747 ], [ 79.869122168924505, 6.831915485234209 ], [ 79.86923174052373, 6.831922993673929 ], [ 79.869385154072575, 6.831926933603809 ], [ 79.869502045253867, 6.831927153937688 ], [ 79.869589727354551, 6.831920016917892 ], [ 79.869670083577844, 6.831923819251466 ], [ 79.869717542600768, 6.831938512375038 ], [ 79.869732092732121, 6.831971398783575 ], [ 79.869728281405244, 6.832055365784981 ], [ 79.869716999410201, 6.832226942941331 ], [ 79.869713133224735, 6.832340117224769 ], [ 79.869713002823033, 6.832409486430702 ], [ 79.869727579934008, 6.832427769647905 ], [ 79.869895522030518, 6.832475548829435 ], [ 79.869983135782704, 6.832504921586739 ], [ 79.870089027356101, 6.832527026922605 ], [ 79.870198551291224, 6.832560092296204 ], [ 79.870286178533263, 6.832582163457818 ], [ 79.870329985409356, 6.832596850286158 ], [ 79.870348270425112, 6.832585931617189 ], [ 79.870362957253448, 6.832545797572257 ], [ 79.870410582650919, 6.832472867051032 ], [ 79.870443505931632, 6.832447371271064 ], [ 79.870472735696737, 6.832443775781516 ] ] ] ] } },
{ "type": "Feature", "properties": { "Sub_class": "Low Rise", "NAME": null, "Land_Exten": 0.3548228681, "Main_C": "Residential", "Domain": "Built-up" }, "geometry": { "type": "MultiPolygon", "coordinates": [ [ [ [ 79.871218821358482, 6.831663454727291 ], [ 79.871355986856017, 6.831321732135277 ], [ 79.871107616590479, 6.831260767093854 ], [ 79.87106575314931, 6.831253874689721 ], [ 79.870978044068963, 6.831709495519427 ], [ 79.870971050041405, 6.831801527640907 ], [ 79.870871924967076, 6.831913841273164 ], [ 79.870613761983847, 6.831843849736432 ], [ 79.870605596139683, 6.831889061353627 ], [ 79.870583576239397, 6.831943785100043 ], [ 79.870546862316232, 6.832042294138924 ], [ 79.870513787050115, 6.832148111967999 ], [ 79.870513759171104, 6.832162716058705 ], [ 79.870557545362772, 6.832188354830897 ], [ 79.870601318064672, 6.832221296997361 ], [ 79.870653531803157, 6.832268443056229 ], [ 79.870798634717062, 6.831993987954537 ], [ 79.871094674446866, 6.832105391472824 ], [ 79.871124040908882, 6.832028774630487 ], [ 79.871160809690679, 6.831901057410252 ], [ 79.871197428285711, 6.831853663138499 ], [ 79.87123043430401, 6.831784355985731 ], [ 79.871270739220066, 6.831718712671034 ], [ 79.871281221717823, 6.831697206283674 ], [ 79.871218821358482, 6.831663454727291 ] ] ] ] } },
{ "type": "Feature", "properties": { "Sub_class": "Retail", "NAME": "NilaVilla mount lavinia", "Land_Exten": 0.14693619588000001, "Main_C": "Commercial", "Domain": "Built-up" }, "geometry": { "type": "MultiPolygon", "coordinates": [ [ [ [ 79.870798634717062, 6.831993987954537 ], [ 79.870653531803157, 6.832268443056229 ], [ 79.870674251283745, 6.832287152552063 ], [ 79.870721629367679, 6.832345657947702 ], [ 79.870798160774342, 6.832440728878374 ], [ 79.870812772059566, 6.832440755858022 ], [ 79.870907842090787, 6.832389820955329 ], [ 79.870969996035953, 6.832360728786492 ], [ 79.871006572362802, 6.832335240201079 ], [ 79.871021232211433, 6.832309711146169 ], [ 79.871039579280435, 6.832265933048371 ], [ 79.871065224347845, 6.832225819687843 ], [ 79.871094674446866, 6.832105391472824 ], [ 79.870798634717062, 6.831993987954537 ] ] ] ] } },
{ "type": "Feature", "properties": { "Sub_class": "Low Rise", "NAME": null, "Land_Exten": 0.0690672237, "Main_C": "Residential", "Domain": "Built-up" }, "geometry": { "type": "MultiPolygon", "coordinates": [ [ [ [ 79.87065171966924, 6.832308763260801 ], [ 79.870637320624027, 6.832334554018431 ], [ 79.870589703320405, 6.832403834191496 ], [ 79.870560322469217, 6.832487752629471 ], [ 79.870656861992686, 6.83253032743438 ], [ 79.870846604554856, 6.832736560865064 ], [ 79.870906986835536, 6.832678257816857 ], [ 79.870892464583179, 6.832630767317622 ], [ 79.870848767424391, 6.832557664126566 ], [ 79.870823252758669, 6.832528408281104 ], [ 79.870797812736669, 6.832492913838652 ], [ 79.870768582971579, 6.832462586900659 ], [ 79.870743868702533, 6.832421240569666 ], [ 79.870713962647272, 6.832371208586343 ], [ 79.870677502332981, 6.832334629561455 ], [ 79.87065171966924, 6.832308763260801 ] ] ] ] } },
{ "type": "Feature", "properties": { "Sub_class": "Low Rise", "NAME": null, "Land_Exten": 1.0554351241, "Main_C": "Residential", "Domain": "Built-up" }, "geometry": { "type": "MultiPolygon", "coordinates": [ [ [ [ 79.870194468369121, 6.832744390362918 ], [ 79.870272473764615, 6.832617065247096 ], [ 79.870249595011799, 6.832611303290708 ], [ 79.870136432419699, 6.832570929126859 ], [ 79.870052451029196, 6.832552515508023 ], [ 79.869990365432571, 6.832545097000492 ], [ 79.869935593122847, 6.832534040735275 ], [ 79.86984069486212, 6.832493700745633 ], [ 79.869701961846289, 6.832453278018354 ], [ 79.869680093032159, 6.832427679715656 ], [ 79.869683821621351, 6.832387525885694 ], [ 79.869680306171446, 6.832314498237665 ], [ 79.869688003468852, 6.832106404109656 ], [ 79.86969557126389, 6.831967679187635 ], [ 79.869655416534641, 6.831952999553911 ], [ 79.869553123148734, 6.831960108694686 ], [ 79.869417946951586, 6.831970807929095 ], [ 79.869326625294605, 6.831970636158585 ], [ 79.869092897790622, 6.831940987309416 ], [ 79.868980140792743, 6.831943994642393 ], [ 79.868979850311703, 6.832098096172756 ], [ 79.868993314061996, 6.832370539491014 ], [ 79.869226504670763, 6.832370978360135 ], [ 79.869229529990079, 6.832575529159316 ], [ 79.868988683452756, 6.832578372815617 ], [ 79.86898409870895, 6.832728818601902 ], [ 79.869109856306295, 6.832732121811772 ], [ 79.869112732338237, 6.832853130988863 ], [ 79.869116167748402, 6.832852994291923 ], [ 79.869253898020148, 6.832858352452598 ], [ 79.869304884184118, 6.83287374524874 ], [ 79.869328477897938, 6.832913216493268 ], [ 79.869376302045595, 6.832923553300881 ], [ 79.869395309216998, 6.832931193940959 ], [ 79.869392803705807, 6.832811063401518 ], [ 79.869583808016756, 6.832811423130282 ], [ 79.869583438395381, 6.833007876433708 ], [ 79.869737744071713, 6.833076082816252 ], [ 79.869892638803947, 6.833164936733595 ], [ 79.870014179480265, 6.833081145099975 ], [ 79.870166464379949, 6.832947895250532 ], [ 79.87018915787246, 6.832916330845345 ], [ 79.870194468369121, 6.832744390362918 ] ] ] ] } },
{ "type": "Feature", "properties": { "Sub_class": "Low Rise", "NAME": null, "Land_Exten": 0.47196929638000001, "Main_C": "Residential", "Domain": "Built-up" }, "geometry": { "type": "MultiPolygon", "coordinates": [ [ [ [ 79.86410518848669, 6.82792697577766 ], [ 79.864110244475214, 6.827927763583787 ], [ 79.864105276219789, 6.82787919762671 ], [ 79.864068736446171, 6.82793095412396 ], [ 79.86410518848669, 6.82792697577766 ] ] ] ] } },
{ "type": "Feature", "properties": { "Sub_class": "Agriculture", "NAME": null, "Land_Exten": 0.73825294503000005, "Main_C": "Agriculture", "Domain": "Non Built-up" }, "geometry": { "type": "MultiPolygon", "coordinates": [ [ [ [ 79.864175613496585, 6.828409124809022 ], [ 79.86442625005364, 6.828417055930125 ], [ 79.864604850914972, 6.828891068794904 ], [ 79.865024243454997, 6.828851699173654 ], [ 79.865034888730037, 6.82863353803468 ], [ 79.865017903234602, 6.828437625223835 ], [ 79.864770479055906, 6.828412296717781 ], [ 79.864658812036325, 6.82838393569779 ], [ 79.864510173887524, 6.828346183956985 ], [ 79.864343762437159, 6.828285392484765 ], [ 79.8641867183252, 6.828247321484661 ], [ 79.864028086909869, 6.828204491272277 ], [ 79.863924976939572, 6.828166419372844 ], [ 79.863919423216913, 6.828164782479092 ], [ 79.863915231846093, 6.828171589810665 ], [ 79.863844594644064, 6.828294825658378 ], [ 79.863777865110578, 6.828420218350018 ], [ 79.863757696588365, 6.828461170451795 ], [ 79.863858316491616, 6.828502333243773 ], [ 79.863998704259998, 6.82852850711255 ], [ 79.864141472533817, 6.828568957718796 ], [ 79.864175613496585, 6.828409124809022 ] ] ] ] } },
{ "type": "Feature", "properties": { "Sub_class": "Temple/Shrine", "NAME": "Okada Temple", "Land_Exten": 0.4017735793, "Main_C": "Cultural", "Domain": "Built-up" }, "geometry": { "type": "MultiPolygon", "coordinates": [ [ [ [ 79.863858316491616, 6.828502333243775 ], [ 79.86375769658838, 6.828461170451789 ], [ 79.86371510910142, 6.828547644140039 ], [ 79.863689013407836, 6.828605120415944 ], [ 79.863689013407836, 6.828605120415944 ], [ 79.863656388551178, 6.828676977276419 ], [ 79.863601761412141, 6.828808090124765 ], [ 79.863578331643282, 6.828869711011486 ], [ 79.863591735854015, 6.828873899837917 ], [ 79.863787933140188, 6.828891911937145 ], [ 79.863861232230732, 6.828711724571259 ], [ 79.863973874861429, 6.828523877927303 ], [ 79.863858316491616, 6.828502333243775 ] ] ] ] } },
{ "type": "Feature", "properties": { "Sub_class": "Archeologic", "NAME": "Samudrasanna  Temple", "Land_Exten": 0.1739673467, "Main_C": "Cultural", "Domain": "Built-up" }, "geometry": { "type": "MultiPolygon", "coordinates": [ [ [ [ 79.863861232230732, 6.828711724571259 ], [ 79.863787933140188, 6.828891911937145 ], [ 79.863801926301434, 6.828893196591046 ], [ 79.864096262715307, 6.828966328560324 ], [ 79.86432707012068, 6.828764073730357 ], [ 79.864141472533817, 6.828568957718809 ], [ 79.863998704259998, 6.828528507112546 ], [ 79.863973874861429, 6.828523877927303 ], [ 79.863861232230732, 6.828711724571259 ] ] ] ] } },
{ "type": "Feature", "properties": { "Sub_class": "Barren Land", "NAME": null, "Land_Exten": 0.22449667873000001, "Main_C": "Barren Land", "Domain": "Non Built-up" }, "geometry": { "type": "MultiPolygon", "coordinates": [ [ [ [ 79.86432707012068, 6.828764073730342 ], [ 79.864096262715293, 6.828966328560333 ], [ 79.863759884794518, 6.828888176575367 ], [ 79.863591735854015, 6.828873899837924 ], [ 79.863578331646224, 6.828869711003764 ], [ 79.86355128159714, 6.828940853294269 ], [ 79.863534868738824, 6.828988472838204 ], [ 79.863534868738824, 6.828988472838207 ], [ 79.863529736453827, 6.829003363421288 ], [ 79.863573025458862, 6.829007241418236 ], [ 79.863691548909685, 6.829029296392028 ], [ 79.863732068763696, 6.829051202977738 ], [ 79.863750908661231, 6.829086671339862 ], [ 79.863843804131761, 6.829016509831185 ], [ 79.864118112643681, 6.829084834024873 ], [ 79.864404042195062, 6.828873912428309 ], [ 79.86432707012068, 6.828764073730342 ] ] ] ] } },
{ "type": "Feature", "properties": { "Sub_class": "Retail", "NAME": "Sea Spray Beach Resort", "Land_Exten": 0.11916934707, "Main_C": "Commercial", "Domain": "Built-up" }, "geometry": { "type": "MultiPolygon", "coordinates": [ [ [ [ 79.863797955794595, 6.829113432465918 ], [ 79.863772575127854, 6.829157849082429 ], [ 79.863747194461126, 6.82923875029498 ], [ 79.863726572107339, 6.829348205881735 ], [ 79.863737676036621, 6.829375172952586 ], [ 79.863975622260298, 6.829413244851992 ], [ 79.864061873539654, 6.829132831741704 ], [ 79.864118112643681, 6.829084834024873 ], [ 79.863843804131761, 6.829016509831185 ], [ 79.863797356846135, 6.829051590585498 ], [ 79.863797955794595, 6.829113432465918 ] ] ] ] } },
{ "type": "Feature", "properties": { "Sub_class": "Church", "NAME": "St. Mary's Church", "Land_Exten": 0.57327539025999996, "Main_C": "Cultural", "Domain": "Built-up" }, "geometry": { "type": "MultiPolygon", "coordinates": [ [ [ [ 79.864694841575457, 6.827221803872251 ], [ 79.864672020379246, 6.827451116604571 ], [ 79.865017297990974, 6.827490602238209 ], [ 79.865285690762519, 6.827435998101561 ], [ 79.865372480735715, 6.826993882390959 ], [ 79.865322477530796, 6.826935350914991 ], [ 79.865348543480934, 6.826694060112336 ], [ 79.865336443549268, 6.826692092944184 ], [ 79.865268871482797, 6.826736275063197 ], [ 79.86523608496158, 6.826759214018077 ], [ 79.865152460300962, 6.826817721646873 ], [ 79.865038666082725, 6.826902782770943 ], [ 79.86492760112759, 6.826991374492049 ], [ 79.864819375041918, 6.827083409382628 ], [ 79.8647140946306, 6.827178796617175 ], [ 79.864697531116562, 6.827194779227674 ], [ 79.864694841575457, 6.827221803872251 ] ] ] ] } },
{ "type": "Feature", "properties": { "Sub_class": "Low Rise", "NAME": null, "Land_Exten": 1.6689441728400001, "Main_C": "Residential", "Domain": "Built-up" }, "geometry": { "type": "MultiPolygon", "coordinates": [ [ [ [ 79.865861610304194, 6.828436041517545 ], [ 79.865628423292733, 6.828381314173842 ], [ 79.865674566607524, 6.828158273313452 ], [ 79.865638688154547, 6.828156645540536 ], [ 79.865601246679915, 6.828156575393439 ], [ 79.865573177040261, 6.82815028463574 ], [ 79.865529501465204, 6.828147083948589 ], [ 79.865423482188064, 6.828112578760409 ], [ 79.865392304491479, 6.828100045808389 ], [ 79.865361120499585, 6.828090630805885 ], [ 79.865333050859931, 6.828084340947507 ], [ 79.865276889097572, 6.828084234827506 ], [ 79.865242561975194, 6.828087288025887 ], [ 79.865186375931145, 6.828099656401964 ], [ 79.865124002551468, 6.828083945245843 ], [ 79.865055371688982, 6.828077578945118 ], [ 79.864955533452232, 6.828074271238652 ], [ 79.864877554137124, 6.82806164925376 ], [ 79.864824529210111, 6.828052193781809 ], [ 79.864734069103662, 6.828039547515232 ], [ 79.864603047774338, 6.828026825705573 ], [ 79.86447827223671, 6.828010996738295 ], [ 79.864406509035518, 6.828010860940684 ], [ 79.864266150944758, 6.827985646648504 ], [ 79.864125798249972, 6.827957313507544 ], [ 79.864049368712486, 6.827960224706285 ], [ 79.863989707004748, 6.828050632423854 ], [ 79.863917962999082, 6.828167154062881 ], [ 79.8640328461221, 6.828204491272278 ], [ 79.864348521649433, 6.828285392484764 ], [ 79.864514933099784, 6.828346183956986 ], [ 79.864775238268123, 6.828412296717782 ], [ 79.865022662446876, 6.828437625223831 ], [ 79.865039647042991, 6.828633538034679 ], [ 79.865029001767908, 6.828851699173653 ], [ 79.865237045533675, 6.828858910837108 ], [ 79.865236885454308, 6.828943365271053 ], [ 79.865260798427485, 6.828949581384989 ], [ 79.865372156979618, 6.828973233554771 ], [ 79.865436620383733, 6.828990936709204 ], [ 79.865586091304721, 6.829014660824734 ], [ 79.865726755164985, 6.82904422873492 ], [ 79.866019800152316, 6.829109247020756 ], [ 79.866078410768608, 6.829121079400881 ], [ 79.866096001507771, 6.829121112675766 ], [ 79.866113624622571, 6.829103564204702 ], [ 79.866148958985704, 6.829021584705068 ], [ 79.866181384941314, 6.828927878945251 ], [ 79.866207908646388, 6.828854674130776 ], [ 79.866219740127192, 6.828799022283961 ], [ 79.866208041746049, 6.828784348945526 ], [ 79.866172899837821, 6.828763771557784 ], [ 79.866128958962761, 6.828746107074203 ], [ 79.866020520509352, 6.828728321182132 ], [ 79.865953130711318, 6.82870768174122 ], [ 79.865771462262458, 6.828657524752137 ], [ 79.865780323282578, 6.828622379246645 ], [ 79.865850639474559, 6.828645954074706 ], [ 79.865976639888856, 6.828678424097107 ], [ 79.866049897763233, 6.828696144338672 ], [ 79.866146587473466, 6.828725628611904 ], [ 79.866202239320216, 6.828752105552243 ], [ 79.866243254700677, 6.828766834648666 ], [ 79.866246219765486, 6.828749258298641 ], [ 79.866299266276243, 6.828602847770375 ], [ 79.86632589520201, 6.828473968626039 ], [ 79.866314456724908, 6.828321575807541 ], [ 79.86629999202917, 6.828218991041199 ], [ 79.866280991153033, 6.828180828310226 ], [ 79.866169062430757, 6.828182596377383 ], [ 79.866025548618964, 6.828176087983763 ], [ 79.86593818487826, 6.82817592340787 ], [ 79.86588514286413, 6.828175823583106 ], [ 79.865861610304194, 6.828436041517545 ] ] ] ] } },
{ "type": "Feature", "properties": { "Sub_class": "Under Construction", "NAME": null, "Land_Exten": 0.15506849018, "Main_C": "Under Construction", "Domain": "Built-up" }, "geometry": { "type": "MultiPolygon", "coordinates": [ [ [ [ 79.86432707012068, 6.828764073730342 ], [ 79.864404042195062, 6.828873912428309 ], [ 79.864604850914972, 6.828891068794904 ], [ 79.86442625005364, 6.828417055930125 ], [ 79.864175613496585, 6.828409124809022 ], [ 79.864141472533817, 6.828568957718796 ], [ 79.86432707012068, 6.828764073730342 ] ] ] ] } },
{ "type": "Feature", "properties": { "Sub_class": "Under Construction", "NAME": null, "Land_Exten": 0.23634722702, "Main_C": "Under Construction", "Domain": "Built-up" }, "geometry": { "type": "MultiPolygon", "coordinates": [ [ [ [ 79.864814546735303, 6.828871383534621 ], [ 79.864726073231282, 6.82887968877376 ], [ 79.864727122740064, 6.828934649041879 ], [ 79.864733534906236, 6.829270465786041 ], [ 79.865108607057238, 6.829268418928983 ], [ 79.865197405216591, 6.829267934194383 ], [ 79.86519777393859, 6.829257893263748 ], [ 79.865208009122824, 6.828979751840962 ], [ 79.865159255975485, 6.828969909660509 ], [ 79.865165202292857, 6.828925967886066 ], [ 79.865232127141397, 6.828943365271053 ], [ 79.865232286321401, 6.82885891083711 ], [ 79.865024243454997, 6.828851699173654 ], [ 79.864814546735303, 6.828871383534621 ] ] ] ] } },
{ "type": "Feature", "properties": { "Sub_class": "Barren Land", "NAME": null, "Land_Exten": 0.10669100912, "Main_C": "Barren Land", "Domain": "Non Built-up" }, "geometry": { "type": "MultiPolygon", "coordinates": [ [ [ [ 79.865197405216591, 6.829267934194383 ], [ 79.865108607057238, 6.829268418928983 ], [ 79.8651047336772, 6.829574575132772 ], [ 79.865387826766835, 6.829575110229321 ], [ 79.865384970520026, 6.829281924947407 ], [ 79.865381598961676, 6.829261463572241 ], [ 79.86519777393859, 6.829257893263748 ], [ 79.865197405216591, 6.829267934194383 ] ] ] ] } },
{ "type": "Feature", "properties": { "Sub_class": "High Rise", "NAME": null, "Land_Exten": 0.15164077317, "Main_C": "Residential", "Domain": "Built-up" }, "geometry": { "type": "MultiPolygon", "coordinates": [ [ [ [ 79.864299508597895, 6.829566745635177 ], [ 79.864422432431496, 6.829651693796884 ], [ 79.864494064331595, 6.829648420264645 ], [ 79.864678756301217, 6.829379452826029 ], [ 79.864559472923233, 6.829313453379779 ], [ 79.864512073255568, 6.829271692461317 ], [ 79.864345510719104, 6.829230448653025 ], [ 79.864174189869715, 6.829479498806334 ], [ 79.864299508597895, 6.829566745635177 ] ] ] ] } },
{ "type": "Feature", "properties": { "Sub_class": "Low Rise", "NAME": null, "Land_Exten": 2.8806097068400001, "Main_C": "Residential", "Domain": "Built-up" }, "geometry": { "type": "MultiPolygon", "coordinates": [ [ [ [ 79.864404042195062, 6.828873912428309 ], [ 79.864118112643681, 6.829084834024873 ], [ 79.864061873539654, 6.829132831741704 ], [ 79.863975622260298, 6.829413244851992 ], [ 79.863737676036621, 6.829375172952586 ], [ 79.863693859267997, 6.829456547208509 ], [ 79.863674783748053, 6.829643626878307 ], [ 79.863665304893743, 6.82970598047296 ], [ 79.863618283840623, 6.829821279854382 ], [ 79.863602570885845, 6.829880502909052 ], [ 79.863599326131919, 6.829945987043752 ], [ 79.863602162593665, 6.830095684594029 ], [ 79.863617674999588, 6.830142493407156 ], [ 79.863645607942246, 6.830220510493877 ], [ 79.863651404972131, 6.830454416063928 ], [ 79.863670096481499, 6.830470044482417 ], [ 79.863716922381698, 6.830457659019212 ], [ 79.86381054450446, 6.830448480538397 ], [ 79.86395099792334, 6.830423797745492 ], [ 79.864110195911564, 6.830386676429407 ], [ 79.864306847964968, 6.830343388462079 ], [ 79.864537844227982, 6.830287690749807 ], [ 79.864566008296407, 6.830244083523151 ], [ 79.864597328085921, 6.830181771297312 ], [ 79.864656752588672, 6.830107037635371 ], [ 79.864728610218606, 6.830057275448623 ], [ 79.864766075075664, 6.830044871998974 ], [ 79.865087349782016, 6.830098495874512 ], [ 79.865215245967192, 6.830114331137027 ], [ 79.86541176761888, 6.830139651549209 ], [ 79.865586465422581, 6.830155574045958 ], [ 79.865823507827614, 6.830202801043797 ], [ 79.865872892299038, 6.83021959048706 ], [ 79.865878463599103, 6.829969877533438 ], [ 79.865866651004083, 6.829861753842619 ], [ 79.865785020441493, 6.82986159915924 ], [ 79.865785317217771, 6.829704696240704 ], [ 79.865936007619482, 6.829711256794986 ], [ 79.865929408394308, 6.829880700759424 ], [ 79.86592928608647, 6.82994508142603 ], [ 79.866050860937023, 6.829949230897923 ], [ 79.866048691772278, 6.829918050503289 ], [ 79.866066537019577, 6.829783294289408 ], [ 79.866072593953589, 6.829680748193923 ], [ 79.866069828538272, 6.829592836766018 ], [ 79.866061166268381, 6.829522495392958 ], [ 79.866020145491959, 6.829510696287769 ], [ 79.865999718291093, 6.829460844168839 ], [ 79.865988085560417, 6.82941100913704 ], [ 79.865967697030399, 6.829340645280925 ], [ 79.865994286385913, 6.829232276974454 ], [ 79.866003164493179, 6.829188340595986 ], [ 79.865988567597057, 6.829156081014893 ], [ 79.865979789314622, 6.829147273954111 ], [ 79.865912383328734, 6.829135425386169 ], [ 79.865798098382712, 6.829108837829237 ], [ 79.865701408672464, 6.829079352656683 ], [ 79.865581243958886, 6.829061544281565 ], [ 79.865466964408768, 6.82903202583413 ], [ 79.865349742276976, 6.829008362872511 ], [ 79.865208009122824, 6.828979751840962 ], [ 79.86519777393859, 6.829257893263748 ], [ 79.865381598961676, 6.829261463572241 ], [ 79.865384970520026, 6.829281924947407 ], [ 79.865387826766835, 6.829575110229321 ], [ 79.8651047336772, 6.829574575132772 ], [ 79.865108607057238, 6.829268418928983 ], [ 79.864733534906236, 6.829270465786041 ], [ 79.864726073231282, 6.82887968877376 ], [ 79.864604850914972, 6.828891068794904 ], [ 79.864404042195062, 6.828873912428309 ] ], [ [ 79.864345510719104, 6.829230448653025 ], [ 79.864512073255568, 6.829271692461317 ], [ 79.864559472923233, 6.829313453379779 ], [ 79.864678756301217, 6.829379452826029 ], [ 79.864494064331595, 6.829648420264645 ], [ 79.864422432431496, 6.829651693796884 ], [ 79.864299508597895, 6.829566745635177 ], [ 79.864174189869715, 6.829479498806334 ], [ 79.864345510719104, 6.829230448653025 ] ] ] ] } },
{ "type": "Feature", "properties": { "Sub_class": "Barren Land", "NAME": null, "Land_Exten": 0.04447543517, "Main_C": "Barren Land", "Domain": "Non Built-up" }, "geometry": { "type": "MultiPolygon", "coordinates": [ [ [ [ 79.864337001333823, 6.830371722502437 ], [ 79.864277071412104, 6.830386576604661 ], [ 79.864267781415364, 6.830663964395519 ], [ 79.864403466628772, 6.83066074392325 ], [ 79.864394336711399, 6.830367055920301 ], [ 79.864337001333823, 6.830371722502437 ] ] ] ] } },
{ "type": "Feature", "properties": { "Sub_class": "Under Construction", "NAME": null, "Land_Exten": 0.06411849029, "Main_C": "Under Construction", "Domain": "Built-up" }, "geometry": { "type": "MultiPolygon", "coordinates": [ [ [ [ 79.864598526882119, 6.830929162775345 ], [ 79.864604948940837, 6.830934174697151 ], [ 79.864781617159124, 6.830896685558328 ], [ 79.86478209469918, 6.830644414932802 ], [ 79.864584250144688, 6.830654267905194 ], [ 79.864587114485388, 6.830928149239449 ], [ 79.864598526882119, 6.830929162775345 ] ] ] ] } },
{ "type": "Feature", "properties": { "Sub_class": "Barren Land", "NAME": null, "Land_Exten": 0.35123750361, "Main_C": "Barren Land", "Domain": "Non Built-up" }, "geometry": { "type": "MultiPolygon", "coordinates": [ [ [ [ 79.863659293825222, 6.829590909519328 ], [ 79.863659649057439, 6.829403595126519 ], [ 79.86369414615173, 6.82930080441538 ], [ 79.863694275654126, 6.829232234706732 ], [ 79.863742493704819, 6.829129470075978 ], [ 79.863735711917286, 6.829088315300538 ], [ 79.863708322165124, 6.829060834716824 ], [ 79.86364662957223, 6.829033289381923 ], [ 79.863591759236371, 6.829026328629325 ], [ 79.863523816274466, 6.829020539964511 ], [ 79.863504998926217, 6.829075135765389 ], [ 79.863481395831627, 6.829151306704328 ], [ 79.863462959077623, 6.829210805019128 ], [ 79.863425203542519, 6.829347727167847 ], [ 79.863391769584226, 6.829485767087352 ], [ 79.863382447355207, 6.829530334410647 ], [ 79.863659293825222, 6.829590909519328 ] ] ] ] } },
{ "type": "Feature", "properties": { "Sub_class": "Low Rise", "NAME": null, "Land_Exten": 0.78412799571000003, "Main_C": "Residential", "Domain": "Built-up" }, "geometry": { "type": "MultiPolygon", "coordinates": [ [ [ [ 79.863382447355207, 6.829530334410647 ], [ 79.863362690201257, 6.829624788550258 ], [ 79.863337994094906, 6.82976465436042 ], [ 79.863317705640739, 6.829905226488322 ], [ 79.8633048375291, 6.830019735501832 ], [ 79.863301844864665, 6.830046366207294 ], [ 79.863290427423095, 6.830187934230411 ], [ 79.863283464587468, 6.83032979084795 ], [ 79.863280963233152, 6.83047179606527 ], [ 79.863282925832578, 6.83061380974095 ], [ 79.863288576068925, 6.830738590146559 ], [ 79.863373599896093, 6.830739165705124 ], [ 79.863375205185918, 6.830547573237333 ], [ 79.86362666552202, 6.830550607549843 ], [ 79.863623459438926, 6.83045763653618 ], [ 79.863616535558506, 6.830432071508372 ], [ 79.86362364290062, 6.830301801112895 ], [ 79.863610130586949, 6.830192062239637 ], [ 79.863582805585978, 6.830130297700942 ], [ 79.86357628280318, 6.829952001709563 ], [ 79.863597085920716, 6.829835471156256 ], [ 79.863631544344173, 6.829753251537627 ], [ 79.863631699926898, 6.829670967167758 ], [ 79.863659220080777, 6.829629877143559 ], [ 79.863659293825222, 6.829590909519328 ], [ 79.863382447355207, 6.829530334410647 ] ] ] ] } },
{ "type": "Feature", "properties": { "Sub_class": "Retail", "NAME": null, "Land_Exten": 0.04375605452, "Main_C": "Commercial", "Domain": "Built-up" }, "geometry": { "type": "MultiPolygon", "coordinates": [ [ [ [ 79.864227181521741, 6.830398943182094 ], [ 79.864131195980647, 6.830426962459768 ], [ 79.864137413893204, 6.83066705806337 ], [ 79.864267781415364, 6.830663964395519 ], [ 79.864277071412104, 6.830386576604661 ], [ 79.864227181521741, 6.830398943182094 ] ] ] ] } },
{ "type": "Feature", "properties": { "Sub_class": "Retail", "NAME": null, "Land_Exten": 0.0602176, "Main_C": "Commercial", "Domain": "Built-up" }, "geometry": { "type": "MultiPolygon", "coordinates": [ [ [ [ 79.863375205185918, 6.830547573237333 ], [ 79.863373599896093, 6.830739165705124 ], [ 79.863640774985512, 6.830740974241711 ], [ 79.863628742955925, 6.830610863925492 ], [ 79.86362666552202, 6.830550607549843 ], [ 79.863375205185918, 6.830547573237333 ] ] ] ] } },
{ "type": "Feature", "properties": { "Sub_class": "Retail", "NAME": null, "Land_Exten": 0.30909603556999998, "Main_C": "Commercial", "Domain": "Built-up" }, "geometry": { "type": "MultiPolygon", "coordinates": [ [ [ [ 79.86366469964986, 6.83110635709738 ], [ 79.863657498778252, 6.830906869481344 ], [ 79.863643106927583, 6.83076619213114 ], [ 79.863640774985512, 6.830740974241711 ], [ 79.863288576069436, 6.830738590157826 ], [ 79.863289350452916, 6.830755691725115 ], [ 79.863300230757787, 6.830897301997717 ], [ 79.863303122442076, 6.830923944451321 ], [ 79.863315556013617, 6.831038500806738 ], [ 79.86332610230501, 6.831113586020141 ], [ 79.86366469964986, 6.83110635709738 ] ] ] ] } },
{ "type": "Feature", "properties": { "Sub_class": "Low Rise", "NAME": null, "Land_Exten": 0.07802038808, "Main_C": "Residential", "Domain": "Built-up" }, "geometry": { "type": "MultiPolygon", "coordinates": [ [ [ [ 79.863395849123407, 6.831169753905697 ], [ 79.863431334572638, 6.831218716595082 ], [ 79.863436868101104, 6.83131884441362 ], [ 79.863665521630182, 6.83131396289353 ], [ 79.863665855278683, 6.831138372062884 ], [ 79.86366469964986, 6.83110635709738 ], [ 79.86332610230501, 6.831113586020141 ], [ 79.863331621079112, 6.831152877394041 ], [ 79.863395849123407, 6.831169753905697 ] ] ] ] } },
{ "type": "Feature", "properties": { "Sub_class": "Low Rise", "NAME": null, "Land_Exten": 0.14836761373, "Main_C": "Residential", "Domain": "Built-up" }, "geometry": { "type": "MultiPolygon", "coordinates": [ [ [ [ 79.86339086238263, 6.831454227454952 ], [ 79.863408920769288, 6.83131202035796 ], [ 79.863386828023962, 6.831236412554978 ], [ 79.863341635522289, 6.831215777833571 ], [ 79.863359476525645, 6.831319107193151 ], [ 79.863388028445442, 6.83145823784574 ], [ 79.863390156138848, 6.831467170448982 ], [ 79.86339086238263, 6.831454227454952 ] ] ] ] } },
{ "type": "Feature", "properties": { "Sub_class": "Retail", "NAME": null, "Land_Exten": 0.07893298033, "Main_C": "Commercial", "Domain": "Built-up" }, "geometry": { "type": "MultiPolygon", "coordinates": [ [ [ [ 79.863439933889964, 6.831374309201417 ], [ 79.863421883597184, 6.831512070949561 ], [ 79.863466212080084, 6.831587721020678 ], [ 79.863537326870031, 6.831610080864661 ], [ 79.863657436724949, 6.831592528796304 ], [ 79.863662660886703, 6.831590739145435 ], [ 79.863665021607076, 6.831577903121867 ], [ 79.863665121431865, 6.831525158783238 ], [ 79.863665432597301, 6.831361067583581 ], [ 79.863665521630182, 6.83131396289353 ], [ 79.863436868101104, 6.83131884441362 ], [ 79.863439933889964, 6.831374309201417 ] ] ] ] } },
{ "type": "Feature", "properties": { "Sub_class": "Shanty", "NAME": null, "Land_Exten": 0.01858491158, "Main_C": "Residential", "Domain": "Built-up" }, "geometry": { "type": "MultiPolygon", "coordinates": [ [ [ [ 79.863457242242021, 6.831627709375415 ], [ 79.863419337172814, 6.831589679897045 ], [ 79.863420938686119, 6.83159640345841 ], [ 79.863447411015045, 6.831693846816109 ], [ 79.863481028410732, 6.831700924082397 ], [ 79.86351948701865, 6.831636717884322 ], [ 79.863457242242021, 6.831627709375415 ] ] ] ] } },
{ "type": "Feature", "properties": { "Sub_class": "Low Rise", "NAME": null, "Land_Exten": 0.3974664781, "Main_C": "Residential", "Domain": "Built-up" }, "geometry": { "type": "MultiPolygon", "coordinates": [ [ [ [ 79.864428477673954, 6.832147490537582 ], [ 79.864521665424206, 6.832142693553792 ], [ 79.864502747285712, 6.832091979884351 ], [ 79.86442756486214, 6.83186958563651 ], [ 79.864356736955941, 6.831696094722849 ], [ 79.864285740876497, 6.831611504491296 ], [ 79.864245792091978, 6.831571423506403 ], [ 79.864161361040516, 6.831535703334138 ], [ 79.864090230062729, 6.831522233288579 ], [ 79.864069746204549, 6.831522194617725 ], [ 79.863962230455471, 6.832359065941328 ], [ 79.863986350272711, 6.832362149716571 ], [ 79.864248739170222, 6.832362646142323 ], [ 79.864430185486526, 6.832359752123955 ], [ 79.864428477673954, 6.832147490537582 ] ] ] ] } },
{ "type": "Feature", "properties": { "Sub_class": "Low Rise", "NAME": null, "Land_Exten": 1.7881999444200001, "Main_C": "Residential", "Domain": "Built-up" }, "geometry": { "type": "MultiPolygon", "coordinates": [ [ [ [ 79.863786491236937, 6.831548322621156 ], [ 79.863960052297557, 6.83148642048611 ], [ 79.864044549898878, 6.831486580565407 ], [ 79.864151276043089, 6.831491228261738 ], [ 79.864235723282391, 6.831518057736254 ], [ 79.864297875428861, 6.831575961485454 ], [ 79.864377917788758, 6.831580557920397 ], [ 79.864462466651361, 6.831554047705152 ], [ 79.864551495936439, 6.831509765986982 ], [ 79.864667226093033, 6.831456643933085 ], [ 79.864711904412218, 6.831435312913459 ], [ 79.864711935888465, 6.831418723119733 ], [ 79.864694517819146, 6.831327853821625 ], [ 79.864650919585756, 6.831128516392391 ], [ 79.864616000709447, 6.830990730362562 ], [ 79.864586734072191, 6.830964302884976 ], [ 79.864516379209334, 6.830961239794091 ], [ 79.864393243135751, 6.830963936860917 ], [ 79.864322872085083, 6.83096966374374 ], [ 79.864314137869457, 6.830937414954484 ], [ 79.864437279338944, 6.830931787896425 ], [ 79.864531110104437, 6.830923175089199 ], [ 79.864587114485388, 6.830928149239449 ], [ 79.864584250144688, 6.830654267905194 ], [ 79.86478209469918, 6.830644414932802 ], [ 79.864781617159124, 6.830896685558328 ], [ 79.864604948940837, 6.830934174697151 ], [ 79.864624873420738, 6.830949723975278 ], [ 79.864645295225685, 6.831002506984762 ], [ 79.864683124308144, 6.831152019274714 ], [ 79.864712179604751, 6.831289794512701 ], [ 79.864744211657282, 6.83140413341814 ], [ 79.864764805232767, 6.831410056353159 ], [ 79.864778508202747, 6.831403514684571 ], [ 79.864858584736936, 6.831390330623395 ], [ 79.864960879921469, 6.831386079528047 ], [ 79.865040905194249, 6.831399565761418 ], [ 79.865112044265885, 6.831408590458127 ], [ 79.865122435032788, 6.831411007835814 ], [ 79.865128256344335, 6.83140779006152 ], [ 79.865131342817619, 6.831325750307299 ], [ 79.865114108209966, 6.831138183204968 ], [ 79.865108472158752, 6.831018033779753 ], [ 79.865097094835619, 6.830833409259188 ], [ 79.865068177135271, 6.830622378844709 ], [ 79.86505090385684, 6.830455324378932 ], [ 79.865033408445782, 6.83040547765592 ], [ 79.865030676305409, 6.830299984482069 ], [ 79.86501907145373, 6.830235497695506 ], [ 79.865013385939832, 6.830141719989942 ], [ 79.865002035596262, 6.830122187614452 ], [ 79.864865776615403, 6.830098441015878 ], [ 79.864721707022625, 6.830098168521342 ], [ 79.864673579803394, 6.830152933636579 ], [ 79.864618488234314, 6.830262542108153 ], [ 79.864542880431401, 6.830337827054509 ], [ 79.864419339662874, 6.830365021653841 ], [ 79.864394336711399, 6.830367055920301 ], [ 79.864403466628772, 6.83066074392325 ], [ 79.864267781415364, 6.830663964395519 ], [ 79.864137413893204, 6.83066705806337 ], [ 79.864131195980647, 6.830426962459768 ], [ 79.86411048909055, 6.830433006803245 ], [ 79.863925191877243, 6.830466941821292 ], [ 79.863664390283148, 6.830521304040308 ], [ 79.863661164414921, 6.830519684361326 ], [ 79.863661103261066, 6.830552320758357 ], [ 79.863672735092393, 6.83060215668947 ], [ 79.863690019162718, 6.830763351172833 ], [ 79.863698709311649, 6.830819041690448 ], [ 79.863707209703577, 6.830974359104207 ], [ 79.863709835723938, 6.831135525708602 ], [ 79.86371243386526, 6.831311343168387 ], [ 79.863720906378219, 6.831481311437586 ], [ 79.863726664737257, 6.831536996559288 ], [ 79.863747238527665, 6.831561768385048 ], [ 79.863786491236937, 6.831548322621156 ] ] ] ] } },
{ "type": "Feature", "properties": { "Sub_class": "High Rise", "NAME": null, "Land_Exten": 0.03863989143, "Main_C": "Residential", "Domain": "Built-up" }, "geometry": { "type": "MultiPolygon", "coordinates": [ [ [ [ 79.865142542075091, 6.831103070974356 ], [ 79.865146045833782, 6.831152514801108 ], [ 79.865358177917486, 6.831141478320936 ], [ 79.8653581779175, 6.830998710946276 ], [ 79.865141267735737, 6.831001976384666 ], [ 79.865142542075091, 6.831103070974356 ] ] ] ] } },
{ "type": "Feature", "properties": { "Sub_class": "Retail", "NAME": null, "Land_Exten": 0.03070633736, "Main_C": "Commercial", "Domain": "Built-up" }, "geometry": { "type": "MultiPolygon", "coordinates": [ [ [ [ 79.864428477673954, 6.832147490537582 ], [ 79.864430185486526, 6.832359752123955 ], [ 79.864497794719142, 6.832358672937483 ], [ 79.864555676884578, 6.832323222561739 ], [ 79.864569119950488, 6.832269907153662 ], [ 79.864521665424206, 6.832142693553792 ], [ 79.864428477673954, 6.832147490537582 ] ] ] ] } },
{ "type": "Feature", "properties": { "Sub_class": "Retail", "NAME": null, "Land_Exten": 0.02781449988, "Main_C": "Commercial", "Domain": "Built-up" }, "geometry": { "type": "MultiPolygon", "coordinates": [ [ [ [ 79.865377079868125, 6.832360330387847 ], [ 79.865461816689063, 6.832367091490944 ], [ 79.865468095755617, 6.832217295914533 ], [ 79.865468115540708, 6.832207068824255 ], [ 79.865318041174604, 6.832206784638511 ], [ 79.865317758787455, 6.832355725858965 ], [ 79.865377079868125, 6.832360330387847 ] ] ] ] } },
{ "type": "Feature", "properties": { "Sub_class": "Barren Land", "NAME": null, "Land_Exten": 0.01865927853, "Main_C": "Barren Land", "Domain": "Non Built-up" }, "geometry": { "type": "MultiPolygon", "coordinates": [ [ [ [ 79.864485614301373, 6.832391096195168 ], [ 79.86442469962202, 6.832452009975253 ], [ 79.864400633764163, 6.832558737018961 ], [ 79.864510542609125, 6.832565218432882 ], [ 79.864522585430606, 6.832387376599159 ], [ 79.864485614301373, 6.832391096195168 ] ] ] ] } },
{ "type": "Feature", "properties": { "Sub_class": "Retail", "NAME": null, "Land_Exten": 0.82915995577000001, "Main_C": "Commercial", "Domain": "Built-up" }, "geometry": { "type": "MultiPolygon", "coordinates": [ [ [ [ 79.864601097144359, 6.832773078737176 ], [ 79.864718264417561, 6.832775803682925 ], [ 79.864928511522308, 6.832780693296874 ], [ 79.866146041584557, 6.832824941739859 ], [ 79.866145829344589, 6.832753801768829 ], [ 79.866151629971796, 6.83255079510566 ], [ 79.864955117065733, 6.832396855453458 ], [ 79.864919628019209, 6.832391096195088 ], [ 79.864700082823816, 6.832369522358563 ], [ 79.864522585430606, 6.832387376599159 ], [ 79.864510542609125, 6.832565218432882 ], [ 79.864400633764163, 6.832558737018961 ], [ 79.864395512125114, 6.832581452994481 ], [ 79.864319369225541, 6.83309541644256 ], [ 79.864565794257459, 6.833138601887074 ], [ 79.864584606276026, 6.832943817725381 ], [ 79.864601097144359, 6.832773078737176 ] ] ] ] } },
{ "type": "Feature", "properties": { "Sub_class": "Mixed Retail-Residential", "NAME": null, "Land_Exten": 0.07282858772, "Main_C": "Commercial", "Domain": "Built-up" }, "geometry": { "type": "MultiPolygon", "coordinates": [ [ [ [ 79.864443447788645, 6.833156616207025 ], [ 79.864316727916673, 6.833152651096132 ], [ 79.864292703253994, 6.833329486913565 ], [ 79.864313541306444, 6.833355585057751 ], [ 79.864376996355659, 6.833430129244011 ], [ 79.864405622513914, 6.83346375797974 ], [ 79.864410055187733, 6.833468645524484 ], [ 79.864439172411593, 6.833491846593183 ], [ 79.864469297901451, 6.833288818346278 ], [ 79.864559717538413, 6.833288818346261 ], [ 79.864561276962874, 6.833162448310449 ], [ 79.864443447788645, 6.833156616207025 ] ] ] ] } },
{ "type": "Feature", "properties": { "Sub_class": "Retail", "NAME": null, "Land_Exten": 0.0770411138, "Main_C": "Commercial", "Domain": "Built-up" }, "geometry": { "type": "MultiPolygon", "coordinates": [ [ [ [ 79.864629037281532, 6.833643159325869 ], [ 79.864733694985077, 6.83379486865959 ], [ 79.864750952075781, 6.833796892134207 ], [ 79.864792163508483, 6.833439103153812 ], [ 79.864531245002482, 6.833416873711567 ], [ 79.864515321606333, 6.833552550831238 ], [ 79.864629037281532, 6.833643159325869 ] ] ] ] } },
{ "type": "Feature", "properties": { "Sub_class": "Low Rise", "NAME": null, "Land_Exten": 2.8870664175999998, "Main_C": "Residential", "Domain": "Built-up" }, "geometry": { "type": "MultiPolygon", "coordinates": [ [ [ [ 79.864559717538413, 6.833288818346261 ], [ 79.864469297901451, 6.833288818346278 ], [ 79.864439172411593, 6.833491846593183 ], [ 79.864515262251103, 6.833552475288152 ], [ 79.864531185647209, 6.83341679816854 ], [ 79.864792103253876, 6.833439027610786 ], [ 79.864750891821188, 6.833796816591122 ], [ 79.864796773433241, 6.833802195436284 ], [ 79.864884462728455, 6.833791408967645 ], [ 79.865023285676472, 6.83378436907465 ], [ 79.865180372056599, 6.833777364255236 ], [ 79.865182376645436, 6.833777299504043 ], [ 79.865357529506056, 6.83377159420493 ], [ 79.865392252330167, 6.833770462857808 ], [ 79.865585854782509, 6.833770829781185 ], [ 79.865688141873193, 6.833767371887885 ], [ 79.865735600896059, 6.833782065910782 ], [ 79.865742837740555, 6.833818589177678 ], [ 79.865764409778436, 6.834001181230426 ], [ 79.865789668137339, 6.834165525139547 ], [ 79.86581850489867, 6.834370037267862 ], [ 79.86584015877483, 6.834508817048552 ], [ 79.865839176668402, 6.834552016475715 ], [ 79.865870601568574, 6.834567477282635 ], [ 79.866000000824357, 6.834626168305139 ], [ 79.866012686731409, 6.834631448422805 ], [ 79.86613118073231, 6.834680767876455 ], [ 79.866264011831305, 6.834731222111659 ], [ 79.866398363030413, 6.834777481216835 ], [ 79.866508065044854, 6.834811439805565 ], [ 79.86650821386003, 6.834732792304404 ], [ 79.866482850280391, 6.834623214409832 ], [ 79.866424715405515, 6.834458808447481 ], [ 79.866392033143114, 6.834356517759431 ], [ 79.866362940974327, 6.834287092795565 ], [ 79.866352031298632, 6.834261515177284 ], [ 79.866352913533575, 6.834254995991743 ], [ 79.866350622960283, 6.834255754120264 ], [ 79.866346361073141, 6.834157954646473 ], [ 79.866351060030851, 6.834024612166901 ], [ 79.866422503073366, 6.833873615995512 ], [ 79.866458291594142, 6.833762556917526 ], [ 79.866471692391912, 6.83373146735441 ], [ 79.866490010682654, 6.833451464335011 ], [ 79.866498056916981, 6.833319013083559 ], [ 79.866004729313104, 6.833311036996454 ], [ 79.866007772618829, 6.833486486633505 ], [ 79.865479113349849, 6.833478668827078 ], [ 79.865476244512536, 6.833192301305588 ], [ 79.865998082423857, 6.833200105622165 ], [ 79.866010468786399, 6.833231227560843 ], [ 79.8661221295107, 6.833236089295843 ], [ 79.866149214392735, 6.832824941739859 ], [ 79.865899371037713, 6.832817803820856 ], [ 79.864931683431152, 6.832780693296876 ], [ 79.864604269952551, 6.832773078737174 ], [ 79.864568966166331, 6.833138601887073 ], [ 79.864582080080353, 6.833139562363045 ], [ 79.864642733956288, 6.833131019702932 ], [ 79.86469473365625, 6.833118130619373 ], [ 79.864785820590171, 6.833049038404578 ], [ 79.864894298613777, 6.832945345673466 ], [ 79.864920212578468, 6.832984356465152 ], [ 79.864863816093077, 6.833031869447399 ], [ 79.864768380937022, 6.833109612240946 ], [ 79.864720671902631, 6.833144154301378 ], [ 79.864681674600817, 6.833152738330306 ], [ 79.864625343765923, 6.833165619319988 ], [ 79.864561276962874, 6.833162448310449 ], [ 79.864559717538413, 6.833288818346261 ] ] ] ] } },
{ "type": "Feature", "properties": { "Sub_class": "Low Rise", "NAME": null, "Land_Exten": 0.56608672905000001, "Main_C": "Residential", "Domain": "Built-up" }, "geometry": { "type": "MultiPolygon", "coordinates": [ [ [ [ 79.865396313668469, 6.834244397481625 ], [ 79.865420721830205, 6.83432216313316 ], [ 79.865494355208909, 6.834367454577745 ], [ 79.865617653944582, 6.834438056555747 ], [ 79.865743110668603, 6.834504752731701 ], [ 79.865796191228355, 6.834530867968247 ], [ 79.865760642518367, 6.834315168730591 ], [ 79.865755839239299, 6.834275541003976 ], [ 79.865471310831666, 6.8342925552778 ], [ 79.865464488574659, 6.834075644196494 ], [ 79.865727754311251, 6.834052830194788 ], [ 79.865692142956931, 6.833836754583673 ], [ 79.86553509794571, 6.833821853716747 ], [ 79.865410886282888, 6.833828920589389 ], [ 79.865224604311976, 6.833821266459484 ], [ 79.865001737920309, 6.833842751263211 ], [ 79.864807327232739, 6.83386666619277 ], [ 79.864914409035393, 6.833958427327206 ], [ 79.865025139345349, 6.834047438545107 ], [ 79.865138612389387, 6.834132929463666 ], [ 79.865222016473311, 6.834191753106858 ], [ 79.865254716182733, 6.83421481571166 ], [ 79.86533649074812, 6.834268725981327 ], [ 79.865396313668469, 6.834244397481625 ] ] ] ] } },
{ "type": "Feature", "properties": { "Sub_class": "Park/Square", "NAME": "Mount Lavinia Children's Park", "Land_Exten": 1.6847306950200001, "Main_C": "Public Space", "Domain": "Built-up" }, "geometry": { "type": "MultiPolygon", "coordinates": [ [ [ [ 79.863481028410732, 6.831700924082397 ], [ 79.863447411015045, 6.831693846816109 ], [ 79.863458174773029, 6.831733467677982 ], [ 79.863476385934703, 6.831793035810461 ], [ 79.863476385934703, 6.831793035810461 ], [ 79.863499699962347, 6.831869295238089 ], [ 79.863529241542949, 6.831956072181217 ], [ 79.863529241542949, 6.831956072181217 ], [ 79.863545473277213, 6.832003752092684 ], [ 79.863595449548427, 6.832136705548312 ], [ 79.863649579458709, 6.832268024395087 ], [ 79.86368193198517, 6.832340004660556 ], [ 79.86368193198517, 6.832340004660557 ], [ 79.863707809591574, 6.832397579036162 ], [ 79.86377008248391, 6.832525241615656 ], [ 79.863781728063998, 6.832547326310139 ], [ 79.863954418944175, 6.832424313554315 ], [ 79.863944931995931, 6.832424295567868 ], [ 79.863949505947843, 6.832357628824647 ], [ 79.863962230455471, 6.832359065941328 ], [ 79.864069747103869, 6.831522188322488 ], [ 79.864013352417132, 6.831522082202483 ], [ 79.863893225475096, 6.831548524968588 ], [ 79.863822018954309, 6.831575060364843 ], [ 79.863728566803374, 6.831605997942541 ], [ 79.863603984619985, 6.831636877963612 ], [ 79.86351948701865, 6.831636717884322 ], [ 79.863481028410732, 6.831700924082397 ] ] ] ] } },
{ "type": "Feature", "properties": { "Sub_class": "Low Rise", "NAME": null, "Land_Exten": 0.14896861123, "Main_C": "Residential", "Domain": "Built-up" }, "geometry": { "type": "MultiPolygon", "coordinates": [ [ [ [ 79.86425877830213, 6.832977141204506 ], [ 79.864268681636503, 6.832900527959448 ], [ 79.864295853752765, 6.832642766972875 ], [ 79.86432737229245, 6.832438355568646 ], [ 79.86418953230347, 6.832424758718674 ], [ 79.864100174765824, 6.832424589646128 ], [ 79.864032791262972, 6.832957628614141 ], [ 79.86425877830213, 6.832977141204506 ] ] ] ] } },
{ "type": "Feature", "properties": { "Sub_class": "School", "NAME": "Buddhist Ladies College", "Land_Exten": 0.77276526936000001, "Main_C": "Institutional", "Domain": "Built-up" }, "geometry": { "type": "MultiPolygon", "coordinates": [ [ [ [ 79.864100174765824, 6.832424589646128 ], [ 79.863954418944175, 6.832424313554315 ], [ 79.863781728063998, 6.832547326310139 ], [ 79.863836336682724, 6.832650886144809 ], [ 79.863906506805819, 6.832774388626341 ], [ 79.86398052360623, 6.83289562717681 ], [ 79.864030899551707, 6.832972595921228 ], [ 79.864100174765824, 6.832424589646128 ] ] ] ] } },
{ "type": "Feature", "properties": { "Sub_class": "Under Construction", "NAME": null, "Land_Exten": 0.04585277328, "Main_C": "Under Construction", "Domain": "Built-up" }, "geometry": { "type": "MultiPolygon", "coordinates": [ [ [ [ 79.864032791262972, 6.832957628614141 ], [ 79.864030899278376, 6.832972595503629 ], [ 79.864058314040534, 6.833014482146934 ], [ 79.864139801341068, 6.833130836239633 ], [ 79.864140541005, 6.833131824776613 ], [ 79.864238759393416, 6.833132010755904 ], [ 79.86425877830213, 6.832977141204506 ], [ 79.864032791262972, 6.832957628614141 ] ] ] ] } },
{ "type": "Feature", "properties": { "Sub_class": "Retail", "NAME": null, "Land_Exten": 0.07548272448, "Main_C": "Commercial", "Domain": "Built-up" }, "geometry": { "type": "MultiPolygon", "coordinates": [ [ [ [ 79.864237087553775, 6.833144945704873 ], [ 79.864238759393416, 6.833132010755904 ], [ 79.864140541005, 6.833131824776613 ], [ 79.864181180792244, 6.833186138533955 ], [ 79.86422015386718, 6.833238224771114 ], [ 79.864237087553775, 6.833144945704873 ] ] ] ] } },
{ "type": "Feature", "properties": { "Sub_class": "Playground", "NAME": "YMCA Tennis Club ground", "Land_Exten": 0.28072904303000001, "Main_C": "Public Space", "Domain": "Built-up" }, "geometry": { "type": "MultiPolygon", "coordinates": [ [ [ [ 79.865396313668469, 6.834244397481625 ], [ 79.86533649074812, 6.834268725981327 ], [ 79.865373336144131, 6.834293016475253 ], [ 79.865420721830205, 6.83432216313316 ], [ 79.865396313668469, 6.834244397481625 ] ] ] ] } },
{ "type": "Feature", "properties": { "Sub_class": "Other higher edu.", "NAME": "Academy of Management Education", "Land_Exten": 0.03879835111, "Main_C": "Institutional", "Domain": "Built-up" }, "geometry": { "type": "MultiPolygon", "coordinates": [ [ [ [ 79.86651689051979, 6.82817702507728 ], [ 79.866450721101771, 6.828178964914947 ], [ 79.866463217181519, 6.828391228299902 ], [ 79.866615502980537, 6.828384882683557 ], [ 79.866598019260721, 6.828174060012447 ], [ 79.86651689051979, 6.82817702507728 ] ] ] ] } },
{ "type": "Feature", "properties": { "Sub_class": "Factory", "NAME": "DART", "Land_Exten": 0.0670218276, "Main_C": "Industrial", "Domain": "Built-up" }, "geometry": { "type": "MultiPolygon", "coordinates": [ [ [ [ 79.86582898649776, 6.828172598614268 ], [ 79.865710445060486, 6.828159900187039 ], [ 79.865674566607524, 6.828158273313452 ], [ 79.865628423292733, 6.828381314173842 ], [ 79.865861610304194, 6.828436041517545 ], [ 79.86588514286413, 6.828175823583106 ], [ 79.86582898649776, 6.828172598614268 ] ] ] ] } },
{ "type": "Feature", "properties": { "Sub_class": "Low Rise", "NAME": null, "Land_Exten": 0.03372358893, "Main_C": "Residential", "Domain": "Built-up" }, "geometry": { "type": "MultiPolygon", "coordinates": [ [ [ [ 79.86587905535302, 6.829943367318205 ], [ 79.86592928608647, 6.82994508142603 ], [ 79.865929408394308, 6.829880700759424 ], [ 79.865936007619482, 6.829711256794986 ], [ 79.865785317217771, 6.829704696240704 ], [ 79.865785020441493, 6.82986159915924 ], [ 79.865866651004083, 6.829861753842619 ], [ 79.865878463599103, 6.829969877533438 ], [ 79.86587905535302, 6.829943367318205 ] ] ] ] } },
{ "type": "Feature", "properties": { "Sub_class": "Low Rise", "NAME": null, "Land_Exten": 0.06197823732, "Main_C": "Residential", "Domain": "Built-up" }, "geometry": { "type": "MultiPolygon", "coordinates": [ [ [ [ 79.865935376295326, 6.830240832473724 ], [ 79.865989454328457, 6.830237332312352 ], [ 79.866024640303479, 6.83023446797162 ], [ 79.866048165668843, 6.830196420353852 ], [ 79.866057021293003, 6.830164203940218 ], [ 79.866054200119748, 6.830105595122518 ], [ 79.86605439976924, 6.830000107344646 ], [ 79.866050860937023, 6.829949230897923 ], [ 79.86592928608647, 6.82994508142603 ], [ 79.86587905535302, 6.829943367318205 ], [ 79.865878463599103, 6.829969877533438 ], [ 79.865872892299038, 6.83021959048706 ], [ 79.865935376295326, 6.830240832473724 ] ] ] ] } },
{ "type": "Feature", "properties": { "Sub_class": "Low Rise", "NAME": null, "Land_Exten": 2.5735219428299998, "Main_C": "Residential", "Domain": "Built-up" }, "geometry": { "type": "MultiPolygon", "coordinates": [ [ [ [ 79.866141417270796, 6.831145444330967 ], [ 79.866145087404036, 6.831217126593215 ], [ 79.866252458362212, 6.831218811023367 ], [ 79.866254571769019, 6.831304881539021 ], [ 79.866396134951287, 6.831302004607788 ], [ 79.86639896511771, 6.831541511155489 ], [ 79.866559136172441, 6.831544673171757 ], [ 79.866771967928742, 6.831553758123038 ], [ 79.866772604648759, 6.831545076068037 ], [ 79.866791327634374, 6.83154511114156 ], [ 79.866791708047671, 6.831343660305499 ], [ 79.867020230275642, 6.83134409198006 ], [ 79.867016766986438, 6.831547229944258 ], [ 79.867146165938749, 6.8315502264853 ], [ 79.867190350530095, 6.831565907064444 ], [ 79.867190768714877, 6.831344413937344 ], [ 79.867473635175372, 6.831359522547617 ], [ 79.867500078840763, 6.831214256856326 ], [ 79.867549729511538, 6.831054771084873 ], [ 79.867280009340675, 6.831047992894677 ], [ 79.867308033114881, 6.830809201307967 ], [ 79.867192160865443, 6.8307885384847 ], [ 79.867082405804538, 6.830781474310058 ], [ 79.866972702904377, 6.830746981712358 ], [ 79.866856113895224, 6.83072619028602 ], [ 79.866725868680902, 6.830671087925009 ], [ 79.866595610876018, 6.830622842894607 ], [ 79.866458504733757, 6.830567727043797 ], [ 79.866314577233851, 6.830492027510002 ], [ 79.866179713101459, 6.830406799659124 ], [ 79.866114046404462, 6.83051300419671 ], [ 79.8660640360049, 6.830603745791093 ], [ 79.866002243587246, 6.830723768411895 ], [ 79.86599046696503, 6.830750117648501 ], [ 79.865952399562289, 6.830726603974283 ], [ 79.866011216123312, 6.830630018585302 ], [ 79.866049455296604, 6.830562695337029 ], [ 79.866096495235468, 6.830492459184588 ], [ 79.866140608780356, 6.830419287645055 ], [ 79.866156848737816, 6.830392350251815 ], [ 79.866129565105666, 6.830375108449583 ], [ 79.86595132307383, 6.830306201495219 ], [ 79.865677073017807, 6.830216540885998 ], [ 79.865478158270179, 6.830195593876968 ], [ 79.865446422993884, 6.830191439908457 ], [ 79.865324116994515, 6.830184617651455 ], [ 79.865080222654797, 6.830166771504815 ], [ 79.865079718135107, 6.830385899414997 ], [ 79.865088005387747, 6.830487622630828 ], [ 79.865099582360386, 6.830566760272833 ], [ 79.865114163068711, 6.830607810726899 ], [ 79.865139993396411, 6.830900881794919 ], [ 79.865141267735737, 6.831001976384666 ], [ 79.8653581779175, 6.830998710946276 ], [ 79.865358177917486, 6.831141478320936 ], [ 79.865146045833782, 6.831152514801108 ], [ 79.865153964364325, 6.831264254665878 ], [ 79.865165463095948, 6.831384414882928 ], [ 79.865165394747493, 6.831420540649482 ], [ 79.865171816806225, 6.831422034423417 ], [ 79.865251824991844, 6.831444411354476 ], [ 79.865327344661196, 6.831489004238096 ], [ 79.865376197633282, 6.831524656961214 ], [ 79.865456105094836, 6.831600374481472 ], [ 79.86553612227371, 6.83161830516442 ], [ 79.865638409364394, 6.831618498518597 ], [ 79.865718476905258, 6.83160975980627 ], [ 79.865776367164571, 6.831569864081736 ], [ 79.865869784241909, 6.831556706100891 ], [ 79.865840018480981, 6.831020523103053 ], [ 79.866074937586689, 6.831040369341885 ], [ 79.866113049056267, 6.831040441287626 ], [ 79.866135468255479, 6.831040747956442 ], [ 79.866141417270796, 6.831145444330967 ] ] ] ] } },
{ "type": "Feature", "properties": { "Sub_class": "High Rise", "NAME": null, "Land_Exten": 0.01140960606, "Main_C": "Residential", "Domain": "Built-up" }, "geometry": { "type": "MultiPolygon", "coordinates": [ [ [ [ 79.866149689234959, 6.831307012932308 ], [ 79.866254571769019, 6.831304881539021 ], [ 79.866252458362212, 6.831218811023367 ], [ 79.866145087404036, 6.831217126593215 ], [ 79.866149689234959, 6.831307012932308 ] ] ] ] } },
{ "type": "Feature", "properties": { "Sub_class": "Barren Land", "NAME": null, "Land_Exten": 0.12219908958, "Main_C": "Barren Land", "Domain": "Non Built-up" }, "geometry": { "type": "MultiPolygon", "coordinates": [ [ [ [ 79.865840018480981, 6.831020523103053 ], [ 79.865869784241909, 6.831556706100891 ], [ 79.865969864396277, 6.831548005160044 ], [ 79.865968906618292, 6.831343733150769 ], [ 79.866105328376477, 6.831343733150742 ], [ 79.866098983659455, 6.831214448412191 ], [ 79.866093993321456, 6.831040405314785 ], [ 79.866074937586689, 6.831040369341885 ], [ 79.865840018480981, 6.831020523103053 ] ] ] ] } },
{ "type": "Feature", "properties": { "Sub_class": "Retail", "NAME": null, "Land_Exten": 0.06866306326, "Main_C": "Commercial", "Domain": "Built-up" }, "geometry": { "type": "MultiPolygon", "coordinates": [ [ [ [ 79.866161363334399, 6.831535035137512 ], [ 79.866308114705532, 6.831539757477543 ], [ 79.866396982112676, 6.831541511155494 ], [ 79.866394151946182, 6.831302004607788 ], [ 79.866149686537, 6.831306972462804 ], [ 79.866161363334399, 6.831535035137512 ] ] ] ] } },
{ "type": "Feature", "properties": { "Sub_class": "High Rise", "NAME": null, "Land_Exten": 0.03423518684, "Main_C": "Residential", "Domain": "Built-up" }, "geometry": { "type": "MultiPolygon", "coordinates": [ [ [ [ 79.865968906618292, 6.831343733150769 ], [ 79.865969864396277, 6.831548005160044 ], [ 79.866069945449965, 6.831539304219254 ], [ 79.866116433205065, 6.831532503545945 ], [ 79.866110087588694, 6.831419875151013 ], [ 79.866105328376477, 6.831343733150742 ], [ 79.865968906618292, 6.831343733150769 ] ] ] ] } },
{ "type": "Feature", "properties": { "Sub_class": "Retail", "NAME": null, "Land_Exten": 0.03500697288, "Main_C": "Commercial", "Domain": "Built-up" }, "geometry": { "type": "MultiPolygon", "coordinates": [ [ [ [ 79.866465202884257, 6.831786988302268 ], [ 79.866457744806524, 6.831943031468924 ], [ 79.866590776120532, 6.831937910729178 ], [ 79.866591197902636, 6.831714875264707 ], [ 79.866468520483252, 6.831717562439017 ], [ 79.866465202884257, 6.831786988302268 ] ] ] ] } },
{ "type": "Feature", "properties": { "Sub_class": "Retail", "NAME": null, "Land_Exten": 0.04936511629, "Main_C": "Commercial", "Domain": "Built-up" }, "geometry": { "type": "MultiPolygon", "coordinates": [ [ [ [ 79.867030701082385, 6.829972648344478 ], [ 79.867024898656567, 6.829940404951195 ], [ 79.866875439426735, 6.829910820853198 ], [ 79.866711304160461, 6.829889999749264 ], [ 79.866676516585116, 6.829883971593611 ], [ 79.866676284560029, 6.830007088781547 ], [ 79.867027484207412, 6.830042543653819 ], [ 79.867030701082385, 6.829972648344478 ] ] ] ] } },
{ "type": "Feature", "properties": { "Sub_class": "Other higher edu.", "NAME": "BCAS Mount Campus", "Land_Exten": 0.28620226136, "Main_C": "Institutional", "Domain": "Built-up" }, "geometry": { "type": "MultiPolygon", "coordinates": [ [ [ [ 79.867875097032581, 6.83007458559876 ], [ 79.867392894941759, 6.829991904628011 ], [ 79.867286577089587, 6.830496543005779 ], [ 79.867415424757482, 6.830528385301419 ], [ 79.867687792532436, 6.830571064427668 ], [ 79.867875097032581, 6.83007458559876 ] ] ] ] } },
{ "type": "Feature", "properties": { "Sub_class": "Low Rise", "NAME": null, "Land_Exten": 0.29106284922999998, "Main_C": "Residential", "Domain": "Built-up" }, "geometry": { "type": "MultiPolygon", "coordinates": [ [ [ [ 79.867095231036288, 6.829955188906284 ], [ 79.867083415743295, 6.830002049880069 ], [ 79.867068397964474, 6.830192485819736 ], [ 79.867059437119622, 6.830280375663859 ], [ 79.867047571464553, 6.830353608357297 ], [ 79.8670268789636, 6.830444406608929 ], [ 79.86700617387217, 6.83054106394371 ], [ 79.866991405205567, 6.830599640385789 ], [ 79.866976602364716, 6.830675798573809 ], [ 79.866980013493261, 6.830684710855284 ], [ 79.866998882169057, 6.830691521421156 ], [ 79.867207832451385, 6.830744932157367 ], [ 79.867339880806426, 6.830757904877852 ], [ 79.867413838353443, 6.83052997170551 ], [ 79.867311957756314, 6.830506060531017 ], [ 79.867284990685519, 6.830498129409871 ], [ 79.867391308537648, 6.8299934910321 ], [ 79.867153875826844, 6.829949439540413 ], [ 79.867095231036288, 6.829955188906284 ] ] ] ] } },
{ "type": "Feature", "properties": { "Sub_class": "Retail", "NAME": null, "Land_Exten": 0.07824333945, "Main_C": "Commercial", "Domain": "Built-up" }, "geometry": { "type": "MultiPolygon", "coordinates": [ [ [ [ 79.867466757160429, 6.830770369481385 ], [ 79.867622729280484, 6.830789374854128 ], [ 79.867686206128397, 6.830572650831763 ], [ 79.867413838353443, 6.83052997170551 ], [ 79.867339880806426, 6.830757904877852 ], [ 79.867466757160429, 6.830770369481385 ] ] ] ] } },
{ "type": "Feature", "properties": { "Sub_class": "Retail", "NAME": null, "Land_Exten": 0.08352646425, "Main_C": "Commercial", "Domain": "Built-up" }, "geometry": { "type": "MultiPolygon", "coordinates": [ [ [ [ 79.867615436678051, 6.830837340195381 ], [ 79.86749198674103, 6.830816536178516 ], [ 79.867306766869461, 6.830809329011712 ], [ 79.867306050109804, 6.83080920130797 ], [ 79.867278026335555, 6.831047992894676 ], [ 79.867547746506432, 6.831054771084873 ], [ 79.867615436678051, 6.830837340195381 ] ] ] ] } },
{ "type": "Feature", "properties": { "Sub_class": "Retail", "NAME": null, "Land_Exten": 0.05595786761, "Main_C": "Commercial", "Domain": "Built-up" }, "geometry": { "type": "MultiPolygon", "coordinates": [ [ [ [ 79.866935170598055, 6.831545386334111 ], [ 79.867014783981318, 6.831547229944257 ], [ 79.867018247270522, 6.83134409198006 ], [ 79.866789725042551, 6.831343660305497 ], [ 79.866789344629311, 6.831545111141563 ], [ 79.866935170598055, 6.831545386334111 ] ] ] ] } },
{ "type": "Feature", "properties": { "Sub_class": "Retail", "NAME": null, "Land_Exten": 0.07073064504, "Main_C": "Commercial", "Domain": "Built-up" }, "geometry": { "type": "MultiPolygon", "coordinates": [ [ [ [ 79.867219736777244, 6.831577038872743 ], [ 79.867322031961777, 6.831572786878075 ], [ 79.867406546650173, 6.831564056259686 ], [ 79.867434889683693, 6.831560064169112 ], [ 79.867435704469486, 6.831556992084961 ], [ 79.867471652170252, 6.831359522547618 ], [ 79.867188785709757, 6.831344413937349 ], [ 79.867188367524975, 6.831565907064441 ], [ 79.867219736777244, 6.831577038872743 ] ] ] ] } },
{ "type": "Feature", "properties": { "Sub_class": "Government", "NAME": null, "Land_Exten": 0.02405766197, "Main_C": "Institutional", "Domain": "Built-up" }, "geometry": { "type": "MultiPolygon", "coordinates": [ [ [ [ 79.866930412285086, 6.831709844457128 ], [ 79.867046150535614, 6.831652277054379 ], [ 79.867108478949206, 6.831616834772573 ], [ 79.866903913761107, 6.831612003614573 ], [ 79.86684209436379, 6.831609597928114 ], [ 79.866833336765708, 6.831728968540459 ], [ 79.866914738001199, 6.831729122324515 ], [ 79.866930412285086, 6.831709844457128 ] ] ] ] } },
{ "type": "Feature", "properties": { "Sub_class": "Low Rise", "NAME": null, "Land_Exten": 0.17008127695, "Main_C": "Residential", "Domain": "Built-up" }, "geometry": { "type": "MultiPolygon", "coordinates": [ [ [ [ 79.867039393029671, 6.83210896268136 ], [ 79.867034634716774, 6.831974126427853 ], [ 79.86711077761629, 6.831975712831932 ], [ 79.867111575314937, 6.831893129887174 ], [ 79.867186374627323, 6.831894414119027 ], [ 79.867194386687402, 6.831777751365383 ], [ 79.867384828922127, 6.831783998056268 ], [ 79.867401156113843, 6.831687211219164 ], [ 79.867417914080804, 6.831624045536686 ], [ 79.867317467003062, 6.831635009171712 ], [ 79.867192927087743, 6.831643664247142 ], [ 79.867095053869676, 6.831661259482957 ], [ 79.866948092057143, 6.83176766367005 ], [ 79.86684110600882, 6.831900812795446 ], [ 79.866800752529386, 6.832074093267747 ], [ 79.866793603818451, 6.832108594858721 ], [ 79.867039393029671, 6.83210896268136 ] ] ] ] } },
{ "type": "Feature", "properties": { "Sub_class": "Retail", "NAME": null, "Land_Exten": 0.026865902, "Main_C": "Commercial", "Domain": "Built-up" }, "geometry": { "type": "MultiPolygon", "coordinates": [ [ [ [ 79.866738747871707, 6.832217493765149 ], [ 79.866765199631018, 6.832060690671332 ], [ 79.86676533183136, 6.832059520653353 ], [ 79.866614421995067, 6.832059235568286 ], [ 79.866604451211529, 6.832208349458639 ], [ 79.866738747871707, 6.832217493765149 ] ] ] ] } },
{ "type": "Feature", "properties": { "Sub_class": "Low Rise", "NAME": null, "Land_Exten": 1.70250309503, "Main_C": "Residential", "Domain": "Built-up" }, "geometry": { "type": "MultiPolygon", "coordinates": [ [ [ [ 79.868306571964226, 6.830328394064923 ], [ 79.868381128459689, 6.830366465964357 ], [ 79.868295552571212, 6.830625110984508 ], [ 79.868467471469785, 6.830686449244543 ], [ 79.868629979862447, 6.830746955631726 ], [ 79.868714257129852, 6.830771195058774 ], [ 79.868822660509679, 6.830777419266627 ], [ 79.868900959983463, 6.830777566755446 ], [ 79.868960513089277, 6.830777679170686 ], [ 79.869013229548827, 6.830586552551699 ], [ 79.869140134681103, 6.830618278834753 ], [ 79.869107973126162, 6.830786984455822 ], [ 79.869202067392962, 6.830802213575314 ], [ 79.869388714488636, 6.830838685580838 ], [ 79.869442876158786, 6.830862867451318 ], [ 79.869545200121621, 6.830899180276816 ], [ 79.869647534876378, 6.830929473939904 ], [ 79.869713754656402, 6.83094765823159 ], [ 79.86972618688435, 6.830742999513808 ], [ 79.869750584592126, 6.830580504610816 ], [ 79.869786961269497, 6.830454151662133 ], [ 79.869847543199683, 6.83026764396115 ], [ 79.869854921237732, 6.830244747221854 ], [ 79.869460756479768, 6.829889403498249 ], [ 79.869406107377131, 6.82982238601944 ], [ 79.869218916191599, 6.829769234287991 ], [ 79.869217529437009, 6.829773366672771 ], [ 79.869174352985695, 6.829756581726161 ], [ 79.868590715462133, 6.829529682774296 ], [ 79.868548942852456, 6.829674957458789 ], [ 79.86847154809665, 6.829949266870329 ], [ 79.868306571964226, 6.830328394064923 ] ] ] ] } },
{ "type": "Feature", "properties": { "Sub_class": "Retail", "NAME": null, "Land_Exten": 0.03122192868, "Main_C": "Commercial", "Domain": "Built-up" }, "geometry": { "type": "MultiPolygon", "coordinates": [ [ [ [ 79.869107973126162, 6.830786984455822 ], [ 79.869140134681103, 6.830618278834753 ], [ 79.869013229548827, 6.830586552551699 ], [ 79.868960513089277, 6.830777679170686 ], [ 79.869107973126162, 6.830786984455822 ] ] ] ] } },
{ "type": "Feature", "properties": { "Sub_class": "Temple/Shrine", "NAME": null, "Land_Exten": 0.0261151072, "Main_C": "Cultural", "Domain": "Built-up" }, "geometry": { "type": "MultiPolygon", "coordinates": [ [ [ [ 79.869028109731346, 6.830854046900753 ], [ 79.869002602260252, 6.830853999236701 ], [ 79.86899210087671, 6.831012046092888 ], [ 79.868991055864441, 6.831050004677768 ], [ 79.869078707388184, 6.8310330317728 ], [ 79.869099646303354, 6.831022562764834 ], [ 79.869125046755187, 6.830849131206427 ], [ 79.869028109731346, 6.830854046900753 ] ] ] ] } },
{ "type": "Feature", "properties": { "Sub_class": "Retail", "NAME": null, "Land_Exten": 0.03560506143, "Main_C": "Commercial", "Domain": "Built-up" }, "geometry": { "type": "MultiPolygon", "coordinates": [ [ [ [ 79.869335689561623, 6.830998767602811 ], [ 79.869474650105886, 6.831022562764766 ], [ 79.869657938233715, 6.831070330255188 ], [ 79.869668098774184, 6.830985275074129 ], [ 79.869589060057692, 6.830967279640046 ], [ 79.869466692005162, 6.83093135712028 ], [ 79.869405512925141, 6.830910846282432 ], [ 79.869351970887919, 6.830897997668337 ], [ 79.869335689561623, 6.830998767602811 ] ] ] ] } },
{ "type": "Feature", "properties": { "Sub_class": "Dispensary", "NAME": null, "Land_Exten": 0.039302607, "Main_C": "Institutional", "Domain": "Built-up" }, "geometry": { "type": "MultiPolygon", "coordinates": [ [ [ [ 79.869402314036606, 6.831149149537215 ], [ 79.869643401592171, 6.831192013923785 ], [ 79.869657938233715, 6.831070330255188 ], [ 79.869474650105886, 6.831022562764766 ], [ 79.869419143949315, 6.831013057830121 ], [ 79.869402314036606, 6.831149149537215 ] ] ] ] } },
{ "type": "Feature", "properties": { "Sub_class": "Church", "NAME": "United Pentecostal Church", "Land_Exten": 0.14031403491, "Main_C": "Cultural", "Domain": "Built-up" }, "geometry": { "type": "MultiPolygon", "coordinates": [ [ [ [ 79.868929963119314, 6.831367586768165 ], [ 79.868943451151367, 6.831179458488838 ], [ 79.868693293033644, 6.831159751644907 ], [ 79.868689760496636, 6.831224517221327 ], [ 79.868406665608347, 6.831223983923417 ], [ 79.868402894751, 6.831414884812568 ], [ 79.868621190788062, 6.831411887372143 ], [ 79.868631308161028, 6.831416967642368 ], [ 79.868631423274223, 6.831411906257911 ], [ 79.868930398391186, 6.831421808692856 ], [ 79.868929963119314, 6.831367586768165 ] ] ] ] } },
{ "type": "Feature", "properties": { "Sub_class": "Retail", "NAME": null, "Land_Exten": 1.2198366597600001, "Main_C": "Commercial", "Domain": "Built-up" }, "geometry": { "type": "MultiPolygon", "coordinates": [ [ [ [ 79.867470382327454, 6.832424363915693 ], [ 79.867445619494916, 6.832779500795388 ], [ 79.867457505834352, 6.832863803243834 ], [ 79.867668336599124, 6.832852161519958 ], [ 79.867707007447009, 6.832851217231791 ], [ 79.86770123290016, 6.832712420363965 ], [ 79.867974108792069, 6.832706117015682 ], [ 79.867967724504922, 6.832474287980284 ], [ 79.868070048467757, 6.832474481334522 ], [ 79.868063400679219, 6.832382423132715 ], [ 79.867787101068302, 6.832395538845454 ], [ 79.867797519714188, 6.83229669525884 ], [ 79.867968046462252, 6.832303834976498 ], [ 79.867971605079575, 6.832225432979955 ], [ 79.868032999097565, 6.832225548093155 ], [ 79.868033205042323, 6.832116458530442 ], [ 79.868030272353138, 6.831999862326629 ], [ 79.86802685942601, 6.831864174415121 ], [ 79.867849498729726, 6.831863839867359 ], [ 79.867849737050108, 6.831737704554627 ], [ 79.868129440594998, 6.831728004466973 ], [ 79.868126274082059, 6.831598453529099 ], [ 79.868119451825038, 6.831598713433181 ], [ 79.867870446638193, 6.831608198582849 ], [ 79.867874069107387, 6.831495705985527 ], [ 79.868146957589758, 6.8314825839775 ], [ 79.868154036153598, 6.831346234164963 ], [ 79.868014207763522, 6.831339152903199 ], [ 79.868024555362965, 6.83127780924721 ], [ 79.867929092328026, 6.831257174302904 ], [ 79.867959988536867, 6.831151551626664 ], [ 79.868150889425763, 6.831206456136815 ], [ 79.868185151797022, 6.831124703266265 ], [ 79.868134021741525, 6.831107561288811 ], [ 79.868185390117418, 6.830998567953532 ], [ 79.868263792113851, 6.831022578952801 ], [ 79.868388960655295, 6.830723243207375 ], [ 79.868310860831059, 6.830692174328685 ], [ 79.867973785935732, 6.830577157334469 ], [ 79.867865370864678, 6.830576953188398 ], [ 79.86784725582072, 6.830600999261212 ], [ 79.867725886015535, 6.831082374875705 ], [ 79.867622800326913, 6.831449403490764 ], [ 79.867543557464231, 6.831948918430846 ], [ 79.867519147165979, 6.832117433395621 ], [ 79.867470382327454, 6.832424363915693 ] ] ] ] } },
{ "type": "Feature", "properties": { "Sub_class": "Temple/Shrine", "NAME": "Thapodanaramaya", "Land_Exten": 0.31431255056000001, "Main_C": "Cultural", "Domain": "Built-up" }, "geometry": { "type": "MultiPolygon", "coordinates": [ [ [ [ 79.868126274082059, 6.831598453529099 ], [ 79.868129440594998, 6.831728004466973 ], [ 79.867849737050108, 6.831737704554627 ], [ 79.867849498729726, 6.831863839867359 ], [ 79.86802685942601, 6.831864174415121 ], [ 79.868030272353138, 6.831999862326629 ], [ 79.868445001908356, 6.831988935563713 ], [ 79.868498095183853, 6.83198753621862 ], [ 79.868609878215963, 6.831984590938874 ], [ 79.868632522245761, 6.831602728906025 ], [ 79.868634538525825, 6.831568730036088 ], [ 79.868627857462343, 6.831568806478492 ], [ 79.868119497690472, 6.831574577428117 ], [ 79.868119451825038, 6.831598713433181 ], [ 79.868126274082059, 6.831598453529099 ] ] ] ] } },
{ "type": "Feature", "properties": { "Sub_class": "Low Rise", "NAME": null, "Land_Exten": 1.278825641, "Main_C": "Residential", "Domain": "Built-up" }, "geometry": { "type": "MultiPolygon", "coordinates": [ [ [ [ 79.868930398391186, 6.831421808692856 ], [ 79.868631423274223, 6.831411906257911 ], [ 79.868631308161028, 6.831416967642368 ], [ 79.868621190788062, 6.831411887372143 ], [ 79.868402894751, 6.831414884812568 ], [ 79.868406665608347, 6.831223983923417 ], [ 79.868689760496636, 6.831224517221327 ], [ 79.868693293033644, 6.831159751644907 ], [ 79.868943451151367, 6.831179458488838 ], [ 79.868948520629729, 6.831108759185612 ], [ 79.868954872541366, 6.830934189984795 ], [ 79.868918847498946, 6.83087392101862 ], [ 79.868864685828854, 6.830849739148202 ], [ 79.868599750950551, 6.830807099592128 ], [ 79.868388960655295, 6.830723243207375 ], [ 79.868263792113851, 6.831022578952801 ], [ 79.868185390117418, 6.830998567953532 ], [ 79.868134021741525, 6.831107561288811 ], [ 79.868185151797022, 6.831124703266265 ], [ 79.868150889425763, 6.831206456136815 ], [ 79.867959988536867, 6.831151551626664 ], [ 79.867929092328026, 6.831257174302904 ], [ 79.868024555362965, 6.83127780924721 ], [ 79.868014207763522, 6.831339152903199 ], [ 79.868154036153598, 6.831346234164963 ], [ 79.868146957589758, 6.8314825839775 ], [ 79.867874069107387, 6.831495705985527 ], [ 79.867870446638193, 6.831608198582849 ], [ 79.868119451825038, 6.831598713433181 ], [ 79.868119497690472, 6.831574577428117 ], [ 79.868627857462343, 6.831568806478492 ], [ 79.868634538525825, 6.831568730036088 ], [ 79.868632522245761, 6.831602728906025 ], [ 79.868609878215963, 6.831984590938874 ], [ 79.868498095183853, 6.83198753621862 ], [ 79.868486736746448, 6.832171858566964 ], [ 79.868482811205695, 6.832444577077803 ], [ 79.868456031193787, 6.832847627138031 ], [ 79.868493509540698, 6.83284769728519 ], [ 79.868758513666734, 6.832854216470627 ], [ 79.868945229110878, 6.832854569004833 ], [ 79.868957502158835, 6.832734190252459 ], [ 79.868940363778734, 6.832240513711136 ], [ 79.868934840142714, 6.831975621100764 ], [ 79.868931828313251, 6.831600110979478 ], [ 79.868930398391186, 6.831421808692856 ] ] ] ] } },
{ "type": "Feature", "properties": { "Sub_class": "Low Rise", "NAME": null, "Land_Exten": 0.50988138198, "Main_C": "Residential", "Domain": "Built-up" }, "geometry": { "type": "MultiPolygon", "coordinates": [ [ [ [ 79.867897224851205, 6.832846573132738 ], [ 79.868404033292521, 6.832847529111965 ], [ 79.868445001908356, 6.831988935563713 ], [ 79.868030272353138, 6.831999862326629 ], [ 79.868033205042323, 6.832116458530442 ], [ 79.868032999097565, 6.832225548093155 ], [ 79.867971605079575, 6.832225432979955 ], [ 79.867968046462252, 6.832303834976498 ], [ 79.867797519714188, 6.83229669525884 ], [ 79.867787101068302, 6.832395538845454 ], [ 79.868063400679219, 6.832382423132715 ], [ 79.868070048467757, 6.832474481334522 ], [ 79.867967724504922, 6.832474287980284 ], [ 79.867974108792069, 6.832706117015682 ], [ 79.86770123290016, 6.832712420363965 ], [ 79.867707007447009, 6.832851217231791 ], [ 79.867897224851205, 6.832846573132738 ] ] ] ] } },
{ "type": "Feature", "properties": { "Sub_class": "Low Rise", "NAME": null, "Land_Exten": 1.5957076879500001, "Main_C": "Residential", "Domain": "Built-up" }, "geometry": { "type": "MultiPolygon", "coordinates": [ [ [ [ 79.866614897736383, 6.832059235568286 ], [ 79.866765807572691, 6.832059520653349 ], [ 79.866774721652803, 6.831980696874776 ], [ 79.86678839314655, 6.831930322249715 ], [ 79.866806071119981, 6.831865185253336 ], [ 79.866855108453038, 6.831803047495917 ], [ 79.866915213742573, 6.831729122324517 ], [ 79.866833813406416, 6.831728968540459 ], [ 79.86684257100444, 6.831609597928117 ], [ 79.866784321915674, 6.831607331636556 ], [ 79.866767020758161, 6.831600643378513 ], [ 79.866766532426311, 6.831607298361674 ], [ 79.866619798142253, 6.831593686223213 ], [ 79.866504168709767, 6.831593467687971 ], [ 79.866474929052146, 6.831593411930039 ], [ 79.866468996224654, 6.831717562439014 ], [ 79.866591673643981, 6.831714875264708 ], [ 79.866591251861934, 6.831937910729176 ], [ 79.866458221447161, 6.831943031468924 ], [ 79.866465678625573, 6.831786988302269 ], [ 79.866425606633982, 6.831790917440287 ], [ 79.866429510590933, 6.831593326494446 ], [ 79.866392987324147, 6.831593257246662 ], [ 79.866152860244426, 6.831579468841098 ], [ 79.866014969893413, 6.831592543184989 ], [ 79.865912649527786, 6.83161013032693 ], [ 79.865796994914291, 6.831623246939014 ], [ 79.865681290838083, 6.831663032946268 ], [ 79.865636809470445, 6.831667394658214 ], [ 79.865552311869109, 6.831667234578922 ], [ 79.86547673284457, 6.83165375643943 ], [ 79.865379036792945, 6.831578005644288 ], [ 79.865267998399489, 6.8315022305674 ], [ 79.865196900696674, 6.83147098092499 ], [ 79.865085752585941, 6.83145298998751 ], [ 79.865063550123324, 6.831435168122578 ], [ 79.864943482536475, 6.831430496144558 ], [ 79.864818950715119, 6.831434704971767 ], [ 79.864721035228897, 6.83147452515328 ], [ 79.86471360503019, 6.831478220467541 ], [ 79.864648178452128, 6.831508941308611 ], [ 79.864587898694168, 6.831540666692432 ], [ 79.864539043923429, 6.831566867540896 ], [ 79.864520714840879, 6.831576382368126 ], [ 79.864418275764749, 6.831656198998315 ], [ 79.864435997804961, 6.831691793265487 ], [ 79.864475820684405, 6.831798549087469 ], [ 79.864688346671159, 6.832296795983441 ], [ 79.864714988187373, 6.832319072190472 ], [ 79.864746102032157, 6.832328020444848 ], [ 79.864848381028878, 6.832332659147927 ], [ 79.86508407804817, 6.832337550560506 ], [ 79.865318234528772, 6.832355725858966 ], [ 79.86531851691592, 6.832206784638511 ], [ 79.865468591282038, 6.832207068824257 ], [ 79.865475412639739, 6.832207081414732 ], [ 79.865475748086865, 6.832029810650515 ], [ 79.865654582771953, 6.832028470660618 ], [ 79.865827225624784, 6.832027177435523 ], [ 79.866614897736383, 6.832059235568286 ] ] ] ] } },
{ "type": "Feature", "properties": { "Sub_class": "School", "NAME": "Dharmodaya Primary College", "Land_Exten": 0.14783499973, "Main_C": "Institutional", "Domain": "Built-up" }, "geometry": { "type": "MultiPolygon", "coordinates": [ [ [ [ 79.865809686146903, 6.832392211354235 ], [ 79.865828014330233, 6.832027228696859 ], [ 79.865476847058403, 6.832029802556637 ], [ 79.865476541288899, 6.832191073482349 ], [ 79.865475412639739, 6.832207081414732 ], [ 79.865469451933222, 6.832207070622897 ], [ 79.865463403093159, 6.832360746773945 ], [ 79.865809686146903, 6.832392211354235 ] ] ] ] } },
{ "type": "Feature", "properties": { "Sub_class": "Mixed Retail-Residential", "NAME": null, "Land_Exten": 0.33721423158000002, "Main_C": "Commercial", "Domain": "Built-up" }, "geometry": { "type": "MultiPolygon", "coordinates": [ [ [ [ 79.865826749883382, 6.832027177435521 ], [ 79.865808100642127, 6.832398556071291 ], [ 79.866306374517265, 6.832459878143453 ], [ 79.866335590792531, 6.832463097716379 ], [ 79.86634449318143, 6.832310997177583 ], [ 79.866596871725349, 6.83232170180784 ], [ 79.866614421995067, 6.832059235568286 ], [ 79.865826749883382, 6.832027177435521 ] ] ] ] } },
{ "type": "Feature", "properties": { "Sub_class": "Barren Land", "NAME": null, "Land_Exten": 0.09117993905000001, "Main_C": "Barren Land", "Domain": "Non Built-up" }, "geometry": { "type": "MultiPolygon", "coordinates": [ [ [ [ 79.866604451211529, 6.832208349458639 ], [ 79.866596871725349, 6.83232170180784 ], [ 79.86634449318143, 6.832310997177583 ], [ 79.866335590792531, 6.832463097716379 ], [ 79.866662890057256, 6.832499163228278 ], [ 79.866697709108863, 6.832473952533401 ], [ 79.866724720246424, 6.832300646880102 ], [ 79.866738747871707, 6.832217493765149 ], [ 79.866604451211529, 6.832208349458639 ] ] ] ] } },
{ "type": "Feature", "properties": { "Sub_class": "Government", "NAME": "Post Office", "Land_Exten": 0.08918124683, "Main_C": "Institutional", "Domain": "Built-up" }, "geometry": { "type": "MultiPolygon", "coordinates": [ [ [ [ 79.866537162137476, 6.832709236764152 ], [ 79.866526075295354, 6.832588581919947 ], [ 79.86640400401906, 6.832571189031618 ], [ 79.866151629971796, 6.83255079510566 ], [ 79.866145829344589, 6.832753801768829 ], [ 79.866533394877465, 6.832761099767175 ], [ 79.866537162137476, 6.832709236764152 ] ] ] ] } },
{ "type": "Feature", "properties": { "Sub_class": "Retail", "NAME": null, "Land_Exten": 0.21249274315, "Main_C": "Commercial", "Domain": "Built-up" }, "geometry": { "type": "MultiPolygon", "coordinates": [ [ [ [ 79.866538153190376, 6.832763479373314 ], [ 79.866150588556806, 6.832756181374969 ], [ 79.866150800796831, 6.832827321346 ], [ 79.866123715914796, 6.833238468901923 ], [ 79.866355137557093, 6.833246089756933 ], [ 79.866364623605975, 6.833151858793033 ], [ 79.866520833147092, 6.833161236923293 ], [ 79.866538153190376, 6.832763479373314 ] ] ] ] } },
{ "type": "Feature", "properties": { "Sub_class": "Under Construction", "NAME": null, "Land_Exten": 0.01797280649, "Main_C": "Under Construction", "Domain": "Built-up" }, "geometry": { "type": "MultiPolygon", "coordinates": [ [ [ [ 79.866364623605975, 6.833151858793033 ], [ 79.866355137557093, 6.833246089756933 ], [ 79.8665169058077, 6.833251417340676 ], [ 79.866520833147092, 6.833161236923293 ], [ 79.866364623605975, 6.833151858793033 ] ] ] ] } },
{ "type": "Feature", "properties": { "Sub_class": "Temple/Shrine", "NAME": "Sri Rajapushparama Viharaya", "Land_Exten": 0.18450342703, "Main_C": "Cultural", "Domain": "Built-up" }, "geometry": { "type": "MultiPolygon", "coordinates": [ [ [ [ 79.865992490439396, 6.833310890406944 ], [ 79.866007138596856, 6.833231220366289 ], [ 79.866007296877541, 6.833231227560842 ], [ 79.865994909615722, 6.833200105622169 ], [ 79.865473071704372, 6.833192301305587 ], [ 79.865475940541643, 6.833478668827073 ], [ 79.866004600710042, 6.833486486633503 ], [ 79.866001556504926, 6.83331103699646 ], [ 79.865992490439396, 6.833310890406944 ] ] ] ] } },
{ "type": "Feature", "properties": { "Sub_class": "High Rise", "NAME": null, "Land_Exten": 0.02503950024, "Main_C": "Residential", "Domain": "Built-up" }, "geometry": { "type": "MultiPolygon", "coordinates": [ [ [ [ 79.86652524522097, 6.833634334278288 ], [ 79.866517811424956, 6.833665038032219 ], [ 79.866716783729288, 6.833663442634895 ], [ 79.866714404123144, 6.833556367553541 ], [ 79.866528829019359, 6.833556478170187 ], [ 79.86652524522097, 6.833634334278288 ] ] ] ] } },
{ "type": "Feature", "properties": { "Sub_class": "Temple/Shrine", "NAME": "Buddhist Vinayawardhana Organization", "Land_Exten": 0.05982859997, "Main_C": "Cultural", "Domain": "Built-up" }, "geometry": { "type": "MultiPolygon", "coordinates": [ [ [ [ 79.86669586999507, 6.834080971780042 ], [ 79.866383434725108, 6.834090139469058 ], [ 79.866387200186466, 6.834231220614845 ], [ 79.866389868474968, 6.834240620328865 ], [ 79.866610296804609, 6.834241036714942 ], [ 79.866610192483236, 6.834247054978084 ], [ 79.866702337019859, 6.834239958427784 ], [ 79.86669586999507, 6.834080971780042 ] ] ] ] } },
{ "type": "Feature", "properties": { "Sub_class": "Retail", "NAME": null, "Land_Exten": 0.30448422782000001, "Main_C": "Commercial", "Domain": "Built-up" }, "geometry": { "type": "MultiPolygon", "coordinates": [ [ [ [ 79.867276138658411, 6.832496108231211 ], [ 79.86731789777825, 6.832180762754777 ], [ 79.867384828922127, 6.831783998056268 ], [ 79.867194386687402, 6.831777751365383 ], [ 79.867186374627323, 6.831894414119027 ], [ 79.867111575314937, 6.831893129887174 ], [ 79.86711077761629, 6.831975712831932 ], [ 79.867034634716774, 6.831974126427853 ], [ 79.867039393029671, 6.83210896268136 ], [ 79.866793603818451, 6.832108594858721 ], [ 79.866755450080703, 6.832335011774076 ], [ 79.86704367829924, 6.832325953802351 ], [ 79.867040224902524, 6.83252579844923 ], [ 79.867235720427814, 6.832532753805879 ], [ 79.867273988379424, 6.832509902932055 ], [ 79.867276138658411, 6.832496108231211 ] ] ] ] } },
{ "type": "Feature", "properties": { "Sub_class": "Bus Terminus", "NAME": "Galkissa", "Land_Exten": 0.06691795395, "Main_C": "Transport", "Domain": "Built-up" }, "geometry": { "type": "MultiPolygon", "coordinates": [ [ [ [ 79.866746738348027, 6.832416260124891 ], [ 79.866751067684334, 6.832478498606334 ], [ 79.866759937697665, 6.832491849941415 ], [ 79.866777309901565, 6.832511770824055 ], [ 79.866839937789408, 6.832518671322057 ], [ 79.867040224902524, 6.83252579844923 ], [ 79.86704367829924, 6.832325953802351 ], [ 79.867038172649657, 6.832326127371515 ], [ 79.866755450080703, 6.832335011774076 ], [ 79.866746738348027, 6.832416260124891 ] ] ] ] } },
{ "type": "Feature", "properties": { "Sub_class": "Parking", "NAME": null, "Land_Exten": 0.06096093289, "Main_C": "Transport", "Domain": "Built-up" }, "geometry": { "type": "MultiPolygon", "coordinates": [ [ [ [ 79.867239449016992, 6.832684207732195 ], [ 79.867244427663806, 6.832604960372891 ], [ 79.867131799268975, 6.832595442847724 ], [ 79.866690805912825, 6.832560543756545 ], [ 79.866603397206021, 6.832599598614974 ], [ 79.866586224651613, 6.832633763859467 ], [ 79.867239449016992, 6.832684207732195 ] ] ] ] } },
{ "type": "Feature", "properties": { "Sub_class": "Retail", "NAME": null, "Land_Exten": 0.38993469864000002, "Main_C": "Commercial", "Domain": "Built-up" }, "geometry": { "type": "MultiPolygon", "coordinates": [ [ [ [ 79.866593466892013, 6.832630159376725 ], [ 79.866593391348999, 6.83267016481854 ], [ 79.866568695066306, 6.832973232750478 ], [ 79.866711349126248, 6.832979039672892 ], [ 79.866903000049732, 6.832986841291568 ], [ 79.866902660106007, 6.833166776747021 ], [ 79.866902433476852, 6.833286838937997 ], [ 79.867240709866437, 6.83329079235764 ], [ 79.867241712610536, 6.832759850608702 ], [ 79.867246691257407, 6.832680604148774 ], [ 79.866593466892013, 6.832630159376725 ] ] ] ] } },
{ "type": "Feature", "properties": { "Sub_class": "Under Construction", "NAME": null, "Land_Exten": 0.04359022953, "Main_C": "Under Construction", "Domain": "Built-up" }, "geometry": { "type": "MultiPolygon", "coordinates": [ [ [ [ 79.866903023432101, 6.832986256732272 ], [ 79.866711371609284, 6.832978455113535 ], [ 79.866702526776962, 6.83316245190734 ], [ 79.866902682589057, 6.83316619218772 ], [ 79.866903023432101, 6.832986256732272 ] ] ] ] } },
{ "type": "Feature", "properties": { "Sub_class": "Retail", "NAME": null, "Land_Exten": 0.25330416524, "Main_C": "Commercial", "Domain": "Built-up" }, "geometry": { "type": "MultiPolygon", "coordinates": [ [ [ [ 79.867655894478602, 6.833202737937473 ], [ 79.867659793039678, 6.833314004758879 ], [ 79.867919538829725, 6.833310660180117 ], [ 79.867935401971295, 6.833152028764632 ], [ 79.867792634596796, 6.833171857916401 ], [ 79.867792634596796, 6.833080645077299 ], [ 79.868086101366202, 6.833072713956153 ], [ 79.868080866412626, 6.832880029711427 ], [ 79.867861040628739, 6.832870585031348 ], [ 79.867689788127834, 6.832885474207116 ], [ 79.867589957085642, 6.832894153564181 ], [ 79.867517668680449, 6.832900037828357 ], [ 79.867475506664391, 6.83289995778868 ], [ 79.86743332306456, 6.83291191877189 ], [ 79.867429741064839, 6.833215574860407 ], [ 79.867655894478602, 6.833202737937473 ] ] ] ] } },
{ "type": "Feature", "properties": { "Sub_class": "Banks", "NAME": "National Savings Bank", "Land_Exten": 0.0375978615, "Main_C": "Commercial", "Domain": "Built-up" }, "geometry": { "type": "MultiPolygon", "coordinates": [ [ [ [ 79.867655894478602, 6.833202737937473 ], [ 79.867429741064839, 6.833215574860407 ], [ 79.867428261680075, 6.833341013198589 ], [ 79.867570175597962, 6.833344497172174 ], [ 79.867658215628779, 6.833344497172158 ], [ 79.867659793039678, 6.833314004758879 ], [ 79.867655894478602, 6.833202737937473 ] ] ] ] } },
{ "type": "Feature", "properties": { "Sub_class": "Retail", "NAME": null, "Land_Exten": 0.02541827467, "Main_C": "Commercial", "Domain": "Built-up" }, "geometry": { "type": "MultiPolygon", "coordinates": [ [ [ [ 79.867428261680075, 6.833341013198589 ], [ 79.867426492713605, 6.833490969753633 ], [ 79.867570365354894, 6.833485710518305 ], [ 79.867570175597962, 6.833344497172174 ], [ 79.867428261680075, 6.833341013198589 ] ] ] ] } },
{ "type": "Feature", "properties": { "Sub_class": "Low Rise", "NAME": null, "Land_Exten": 0.56184500408000004, "Main_C": "Residential", "Domain": "Built-up" }, "geometry": { "type": "MultiPolygon", "coordinates": [ [ [ [ 79.866714404123144, 6.833556367553541 ], [ 79.866716783729288, 6.833663442634895 ], [ 79.866517811424956, 6.833665038032219 ], [ 79.866498350995272, 6.833745409544083 ], [ 79.866444630892275, 6.833931999982648 ], [ 79.866390977339108, 6.834083029428976 ], [ 79.866391063673959, 6.834086259793743 ], [ 79.866703498943977, 6.834077091205464 ], [ 79.866709966868115, 6.83423607875247 ], [ 79.866710017230133, 6.834237330608771 ], [ 79.866839627523149, 6.834237575224343 ], [ 79.866846295096749, 6.834319405436554 ], [ 79.867049505006563, 6.834316665202248 ], [ 79.86704544007091, 6.834029867804801 ], [ 79.866991505029986, 6.834020349380303 ], [ 79.86699467783815, 6.833737986539854 ], [ 79.86683287451396, 6.83370943306494 ], [ 79.866820184180639, 6.833458796507626 ], [ 79.866918534938677, 6.833417552699292 ], [ 79.866902820185302, 6.833286561946837 ], [ 79.866903046814443, 6.833166500655183 ], [ 79.866702891002362, 6.833162759475481 ], [ 79.86671173583467, 6.832978763580999 ], [ 79.866569081774742, 6.832972955759264 ], [ 79.866561907882797, 6.833060992192898 ], [ 79.86655360264372, 6.833159969778554 ], [ 79.866539158632392, 6.833332097319999 ], [ 79.866528829019359, 6.833556478170187 ], [ 79.866714404123144, 6.833556367553541 ] ] ] ] } },
{ "type": "Feature", "properties": { "Sub_class": "Retail", "NAME": null, "Land_Exten": 0.36973719990999998, "Main_C": "Commercial", "Domain": "Built-up" }, "geometry": { "type": "MultiPolygon", "coordinates": [ [ [ [ 79.866918534938677, 6.833417552699292 ], [ 79.866820184180639, 6.833458796507626 ], [ 79.86683287451396, 6.83370943306494 ], [ 79.86699467783815, 6.833737986539854 ], [ 79.866991505029986, 6.834020349380303 ], [ 79.86704544007091, 6.834029867804801 ], [ 79.867049505006563, 6.834316665202248 ], [ 79.86725271491629, 6.834313924068578 ], [ 79.867240544391166, 6.833582419114482 ], [ 79.867241096574929, 6.833290515366476 ], [ 79.866902820185302, 6.833286561946837 ], [ 79.866918534938677, 6.833417552699292 ] ] ] ] } },
{ "type": "Feature", "properties": { "Sub_class": "Barren Land", "NAME": null, "Land_Exten": 0.05865605536, "Main_C": "Barren Land", "Domain": "Non Built-up" }, "geometry": { "type": "MultiPolygon", "coordinates": [ [ [ [ 79.868999506793557, 6.832495849226133 ], [ 79.868989178079872, 6.832562115771048 ], [ 79.868988683452756, 6.832578372815617 ], [ 79.869229529990079, 6.832575529159316 ], [ 79.869226504670763, 6.832370978360135 ], [ 79.868993314061996, 6.832370539491014 ], [ 79.868999506793557, 6.832495849226133 ] ] ] ] } },
{ "type": "Feature", "properties": { "Sub_class": "Retail", "NAME": null, "Land_Exten": 0.0197685801, "Main_C": "Commercial", "Domain": "Built-up" }, "geometry": { "type": "MultiPolygon", "coordinates": [ [ [ [ 79.868983740778788, 6.832740568244398 ], [ 79.86897845636247, 6.832837437819205 ], [ 79.868993722354119, 6.832857862322143 ], [ 79.869112732338237, 6.832853130988863 ], [ 79.869109856306295, 6.832732121811772 ], [ 79.86898409870895, 6.832728818601902 ], [ 79.868983740778788, 6.832740568244398 ] ] ] ] } },
{ "type": "Feature", "properties": { "Sub_class": "Retail", "NAME": null, "Land_Exten": 0.03651028896, "Main_C": "Commercial", "Domain": "Built-up" }, "geometry": { "type": "MultiPolygon", "coordinates": [ [ [ [ 79.869557029803573, 6.832996202334246 ], [ 79.869583438395381, 6.833007876433708 ], [ 79.869583808016756, 6.832811423130282 ], [ 79.869392803705807, 6.832811063401518 ], [ 79.869395309216998, 6.832931193940959 ], [ 79.869557029803573, 6.832996202334246 ] ] ] ] } },
{ "type": "Feature", "properties": { "Sub_class": "Retail", "NAME": null, "Land_Exten": 0.03118495475, "Main_C": "Commercial", "Domain": "Built-up" }, "geometry": { "type": "MultiPolygon", "coordinates": [ [ [ [ 79.869282203282111, 6.83302376475634 ], [ 79.869306351877697, 6.8329937103129 ], [ 79.869276384668538, 6.83291539285265 ], [ 79.869234256826701, 6.832897253527003 ], [ 79.869149658501343, 6.832897094347028 ], [ 79.869149341040611, 6.833065756800634 ], [ 79.869245434500357, 6.833115930876804 ], [ 79.869282203282111, 6.83302376475634 ] ] ] ] } },
{ "type": "Feature", "properties": { "Sub_class": "Retail", "NAME": null, "Land_Exten": 0.07705036425, "Main_C": "Commercial", "Domain": "Built-up" }, "geometry": { "type": "MultiPolygon", "coordinates": [ [ [ [ 79.869273679507785, 6.833189820974661 ], [ 79.869227000197071, 6.833318423127789 ], [ 79.869614069304134, 6.833440365801077 ], [ 79.869648957603559, 6.833312303241215 ], [ 79.869291037322583, 6.833146684093482 ], [ 79.869273679507785, 6.833189820974661 ] ] ] ] } },
{ "type": "Feature", "properties": { "Sub_class": "Low Rise", "NAME": null, "Land_Exten": 0.18826309201, "Main_C": "Residential", "Domain": "Built-up" }, "geometry": { "type": "MultiPolygon", "coordinates": [ [ [ [ 79.869160860456631, 6.833500642861276 ], [ 79.869065854277252, 6.833768907929347 ], [ 79.869393696732459, 6.833794415400409 ], [ 79.869402627899717, 6.833630695620765 ], [ 79.869402692650922, 6.833596224606775 ], [ 79.869562136154073, 6.833630995994318 ], [ 79.869614069304134, 6.833440365801077 ], [ 79.869227000197071, 6.833318423127789 ], [ 79.869160860456631, 6.833500642861276 ] ] ] ] } },
{ "type": "Feature", "properties": { "Sub_class": "Low Rise", "NAME": null, "Land_Exten": 2.96491780768, "Main_C": "Residential", "Domain": "Built-up" }, "geometry": { "type": "MultiPolygon", "coordinates": [ [ [ [ 79.868833077356513, 6.834834955288297 ], [ 79.868863556279919, 6.834642370868282 ], [ 79.868881943818494, 6.834473844212289 ], [ 79.868918581299283, 6.834209030742274 ], [ 79.868979334999935, 6.83393222211473 ], [ 79.86900205097551, 6.83385332099443 ], [ 79.869052089254041, 6.833679517116684 ], [ 79.869054999460189, 6.833669695620629 ], [ 79.86914301431004, 6.83337266573696 ], [ 79.869245434500357, 6.833115930876804 ], [ 79.869149341040611, 6.833065756800634 ], [ 79.869149658501343, 6.832897094347028 ], [ 79.868860825938413, 6.832896550257221 ], [ 79.868300691297122, 6.832889474391452 ], [ 79.868080866412626, 6.832880029711427 ], [ 79.868086101366202, 6.833072713956153 ], [ 79.867792634596796, 6.833080645077299 ], [ 79.867792634596796, 6.833171857916401 ], [ 79.867935401971295, 6.833152028764632 ], [ 79.867919538829725, 6.833310660180117 ], [ 79.867659793039678, 6.833314004758879 ], [ 79.867658215628779, 6.833344497172158 ], [ 79.867570175597962, 6.833344497172174 ], [ 79.867570365354894, 6.833485710518305 ], [ 79.867714237996196, 6.833480451282978 ], [ 79.867989978228778, 6.833476526641512 ], [ 79.868034442509298, 6.833481055627312 ], [ 79.868069995407666, 6.833494458223728 ], [ 79.868141076922726, 6.833534597664566 ], [ 79.868136511964011, 6.83359681905888 ], [ 79.868388055037684, 6.833571871865324 ], [ 79.868405900285012, 6.83392879120126 ], [ 79.8679146411218, 6.833952605249095 ], [ 79.867914293084141, 6.834136723451349 ], [ 79.867924542657434, 6.834756909423444 ], [ 79.867726590184304, 6.834760341236429 ], [ 79.867716671221984, 6.835000005823727 ], [ 79.867795738311898, 6.83500139651124 ], [ 79.867937824599522, 6.834999433713644 ], [ 79.868079779094131, 6.834993011080669 ], [ 79.868221461699719, 6.834982134950316 ], [ 79.868362732588722, 6.83496681605581 ], [ 79.868389115070173, 6.834963113929579 ], [ 79.868503452339837, 6.834947069514951 ], [ 79.868643482075711, 6.834922914815227 ], [ 79.868782683600017, 6.834894375794569 ], [ 79.868834213788332, 6.834882113469788 ], [ 79.868833077356513, 6.834834955288297 ] ] ] ] } },
{ "type": "Feature", "properties": { "Sub_class": "Retail", "NAME": null, "Land_Exten": 1.0704121760700001, "Main_C": "Commercial", "Domain": "Built-up" }, "geometry": { "type": "MultiPolygon", "coordinates": [ [ [ [ 79.867726590184304, 6.834760341236429 ], [ 79.867924542657434, 6.834756909423444 ], [ 79.867914293084141, 6.834136723451349 ], [ 79.8679146411218, 6.833952605249095 ], [ 79.868405900285012, 6.83392879120126 ], [ 79.868388055037684, 6.833571871865324 ], [ 79.868136511964011, 6.83359681905888 ], [ 79.868092106139443, 6.833561175328957 ], [ 79.868047683227744, 6.833534421397457 ], [ 79.8679720799215, 6.833534278405295 ], [ 79.867634068831862, 6.833542530584452 ], [ 79.867530207028324, 6.833549031783495 ], [ 79.867426083522048, 6.833555548271037 ], [ 79.86742498005384, 6.834139993386438 ], [ 79.867442150809566, 6.834615609742476 ], [ 79.867446089660106, 6.834986651101719 ], [ 79.867511731252961, 6.834991939257295 ], [ 79.867653660457151, 6.834998897536865 ], [ 79.867716671221984, 6.835000005823727 ], [ 79.867726590184304, 6.834760341236429 ] ] ] ] } },
{ "type": "Feature", "properties": { "Sub_class": "Low Rise", "NAME": null, "Land_Exten": 1.6089241868, "Main_C": "Residential", "Domain": "Built-up" }, "geometry": { "type": "MultiPolygon", "coordinates": [ [ [ [ 79.870015481698459, 6.834178131835253 ], [ 79.869959958454814, 6.834168372392387 ], [ 79.869786342535534, 6.834160815389298 ], [ 79.86954754645248, 6.834189288824598 ], [ 79.869352212805211, 6.834188921001956 ], [ 79.869239263352412, 6.834183576331012 ], [ 79.869193065179019, 6.834181390978456 ], [ 79.868961725374959, 6.834214948281314 ], [ 79.868934190831965, 6.834431791014159 ], [ 79.868924286598272, 6.834509785617843 ], [ 79.868877796145185, 6.834815633354174 ], [ 79.868877690232296, 6.834871767640543 ], [ 79.868920919533807, 6.834861480617832 ], [ 79.869034401789733, 6.834830680938023 ], [ 79.86905805345117, 6.834824261748987 ], [ 79.869193950013766, 6.834782755919102 ], [ 79.869328475104567, 6.83473700409007 ], [ 79.869461495960067, 6.834687051414191 ], [ 79.869592881301458, 6.834632947189617 ], [ 79.869722501464082, 6.834574744811671 ], [ 79.869729131651596, 6.834571513834634 ], [ 79.869850228525479, 6.834512501720186 ], [ 79.869975936431587, 6.834446279342778 ], [ 79.87001501827541, 6.834424096180897 ], [ 79.870015481698459, 6.834178131835253 ] ] ] ] } },
{ "type": "Feature", "properties": { "Sub_class": "Barren Land", "NAME": null, "Land_Exten": 0.07412073336, "Main_C": "Barren Land", "Domain": "Non Built-up" }, "geometry": { "type": "MultiPolygon", "coordinates": [ [ [ [ 79.86573186870956, 6.834077798072768 ], [ 79.865727754311251, 6.834052830194788 ], [ 79.865464488574659, 6.834075644196494 ], [ 79.865471310831666, 6.8342925552778 ], [ 79.865755839239299, 6.834275541003976 ], [ 79.86573186870956, 6.834077798072768 ] ] ] ] } },
{ "type": "Feature", "properties": { "Sub_class": "Retail", "NAME": null, "Land_Exten": 0.25983866113999998, "Main_C": "Commercial", "Domain": "Built-up" }, "geometry": { "type": "MultiPolygon", "coordinates": [ [ [ [ 79.867251398308767, 6.834697177352679 ], [ 79.867245157913175, 6.834322141174142 ], [ 79.867245085967369, 6.834317803743896 ], [ 79.866838665248522, 6.834323286011186 ], [ 79.866831998574213, 6.834241455798974 ], [ 79.866702388281269, 6.834241210284088 ], [ 79.866702337019859, 6.834239958427784 ], [ 79.866610192483236, 6.834247054978084 ], [ 79.866606466591975, 6.834462619774293 ], [ 79.867060128697815, 6.834449840407952 ], [ 79.867056326959556, 6.834938771164895 ], [ 79.867088234689419, 6.834944399223888 ], [ 79.867228878794705, 6.834964676647473 ], [ 79.867253033206765, 6.83496738812833 ], [ 79.867251398308767, 6.834697177352679 ] ] ] ] } },
{ "type": "Feature", "properties": { "Sub_class": "Low Rise", "NAME": null, "Land_Exten": 0.44073112582000001, "Main_C": "Residential", "Domain": "Built-up" }, "geometry": { "type": "MultiPolygon", "coordinates": [ [ [ [ 79.866399970559499, 6.834276215495418 ], [ 79.866439931934536, 6.834393124663285 ], [ 79.866490822770359, 6.834524657706949 ], [ 79.866538047969485, 6.834663486051008 ], [ 79.866548827243534, 6.834758432875231 ], [ 79.86654617880113, 6.8348228263037 ], [ 79.866671093994839, 6.834857235607304 ], [ 79.866777840074349, 6.834883063376159 ], [ 79.866809204601509, 6.834890652181675 ], [ 79.866948297256727, 6.834919716281873 ], [ 79.867056326959556, 6.834938771164895 ], [ 79.867060128697815, 6.834449840407952 ], [ 79.866606466591975, 6.834462619774293 ], [ 79.866610192483236, 6.834247054978084 ], [ 79.866610296804609, 6.834241036714942 ], [ 79.866389868474968, 6.834240620328865 ], [ 79.866399970559499, 6.834276215495418 ] ] ] ] } },
{ "type": "Feature", "properties": { "Sub_class": "Retail", "NAME": "Capricorn Enterprises Private Limited", "Land_Exten": 0.17370680047000001, "Main_C": "Commercial", "Domain": "Built-up" }, "geometry": { "type": "MultiPolygon", "coordinates": [ [ [ [ 79.871626903125161, 6.831405147852157 ], [ 79.87150546137434, 6.831359368762816 ], [ 79.871482454018448, 6.831376547612559 ], [ 79.871467801364389, 6.831398426319254 ], [ 79.871438476271138, 6.83145313657587 ], [ 79.871409150278637, 6.831507847731813 ], [ 79.871379797306432, 6.831577162079076 ], [ 79.871332124244873, 6.831675650433551 ], [ 79.871302809044153, 6.831724883818923 ], [ 79.871579862286978, 6.831876017586509 ], [ 79.871804761146507, 6.831483591217541 ], [ 79.871626903125161, 6.831405147852157 ] ] ] ] } },
{ "type": "Feature", "properties": { "Sub_class": "Under Construction", "NAME": "Selinico Enterprises", "Land_Exten": 0.06236152568, "Main_C": "Under Construction", "Domain": "Built-up" }, "geometry": { "type": "MultiPolygon", "coordinates": [ [ [ [ 79.872145478296119, 6.83165065287782 ], [ 79.872142305487941, 6.831650018855819 ], [ 79.87210793339942, 6.831639974327855 ], [ 79.871957407573632, 6.831561604706911 ], [ 79.871900361777747, 6.831676502091447 ], [ 79.872055502924212, 6.831840208381207 ], [ 79.872110308969454, 6.83186380590899 ], [ 79.872145617963056, 6.831749851891604 ], [ 79.872170919906523, 6.831658087481551 ], [ 79.872145478296119, 6.83165065287782 ] ] ] ] } },
{ "type": "Feature", "properties": { "Sub_class": "Low Rise", "NAME": null, "Land_Exten": 1.9422756489099999, "Main_C": "Residential", "Domain": "Built-up" }, "geometry": { "type": "MultiPolygon", "coordinates": [ [ [ [ 79.872055502924212, 6.831840208381207 ], [ 79.871900361777747, 6.831676502091447 ], [ 79.871957407573632, 6.831561604706911 ], [ 79.871918881516621, 6.831541546228073 ], [ 79.871919182789469, 6.831540685576876 ], [ 79.871835894776382, 6.831497322066511 ], [ 79.871804763844452, 6.831483592116865 ], [ 79.871579864984952, 6.831876019385146 ], [ 79.871302811742112, 6.831724885617559 ], [ 79.871273495642143, 6.831774119902257 ], [ 79.871189164415398, 6.831941908214824 ], [ 79.871167150810422, 6.831992981613078 ], [ 79.871137742979542, 6.832091504141752 ], [ 79.871086307154556, 6.832248401664379 ], [ 79.871064273764446, 6.832310427905862 ], [ 79.871038634992317, 6.832346890018852 ], [ 79.871023988633482, 6.832365117478071 ], [ 79.870987412306661, 6.832390606063484 ], [ 79.870892348570607, 6.83243789061796 ], [ 79.870848473346058, 6.832459714466042 ], [ 79.870841118690379, 6.832485257910066 ], [ 79.870859342552293, 6.832507198669989 ], [ 79.870888476089902, 6.832554716148929 ], [ 79.870895625700143, 6.832564681536483 ], [ 79.870982461538745, 6.832534292545236 ], [ 79.871022436403649, 6.832543810070416 ], [ 79.871071040263502, 6.832597046338183 ], [ 79.871111252549369, 6.832580692166784 ], [ 79.871198989508656, 6.832544346965686 ], [ 79.871305018678328, 6.832493431848087 ], [ 79.871389103490813, 6.832457079452373 ], [ 79.871480408060648, 6.832424420572281 ], [ 79.871479531221709, 6.832423261346139 ], [ 79.871590601091427, 6.832398413078002 ], [ 79.871603171814982, 6.832398436460373 ], [ 79.87160634462316, 6.83239907138175 ], [ 79.871696053795674, 6.832399239554977 ], [ 79.871732554579481, 6.832413911994147 ], [ 79.871772674235203, 6.832446846966051 ], [ 79.871790815359446, 6.832512599998037 ], [ 79.871783399549869, 6.832571001971625 ], [ 79.871765038991015, 6.83262208166518 ], [ 79.871754168701273, 6.832682980885775 ], [ 79.871763993718716, 6.832665839415905 ], [ 79.871830722052124, 6.83254044544378 ], [ 79.871893476712302, 6.832413018403389 ], [ 79.87194634635253, 6.832296567958164 ], [ 79.871952195769964, 6.832283684051685 ], [ 79.872006821278703, 6.832152570027854 ], [ 79.87205729933217, 6.832019805727351 ], [ 79.872103580117198, 6.831885522174181 ], [ 79.872110308969454, 6.83186380590899 ], [ 79.872055502924212, 6.831840208381207 ] ] ] ] } },
{ "type": "Feature", "properties": { "Sub_class": "Low Rise", "NAME": null, "Land_Exten": 0.48522930002999998, "Main_C": "Residential", "Domain": "Built-up" }, "geometry": { "type": "MultiPolygon", "coordinates": [ [ [ [ 79.870953273142462, 6.832957413674901 ], [ 79.870858654570867, 6.833127243448541 ], [ 79.87094626832301, 6.833156617105161 ], [ 79.871070397248189, 6.83319336070594 ], [ 79.871121489532143, 6.833219013867247 ], [ 79.871147079740879, 6.833208108688131 ], [ 79.871223920514325, 6.833138883373683 ], [ 79.871289802149306, 6.833069637374883 ], [ 79.8713264072545, 6.833029544698759 ], [ 79.871399580592595, 6.832967614684765 ], [ 79.871454490498664, 6.832905650496508 ], [ 79.871502060138155, 6.832861927257319 ], [ 79.871549974218027, 6.832822171827007 ], [ 79.871567914793488, 6.832807286248485 ], [ 79.871633796428469, 6.832738040249684 ], [ 79.871663067562409, 6.832712538174416 ], [ 79.871710657886325, 6.83265786209206 ], [ 79.871732677786611, 6.832603137446269 ], [ 79.871740066616539, 6.83255933866406 ], [ 79.87174015564942, 6.832511876043788 ], [ 79.871729279248598, 6.832468043087322 ], [ 79.8716964719804, 6.832431471257048 ], [ 79.871648991373789, 6.8324277309767 ], [ 79.871568615365405, 6.832434882385611 ], [ 79.871462626665263, 6.832463890917492 ], [ 79.87138951448101, 6.832492962401923 ], [ 79.87134979592291, 6.832511397604568 ], [ 79.871279833164479, 6.832543870324964 ], [ 79.87114824076572, 6.832591086530972 ], [ 79.871042197206876, 6.832649304143584 ], [ 79.870939841767751, 6.832689272713253 ], [ 79.870870293596795, 6.832765814012514 ], [ 79.870766551403037, 6.832863948034114 ], [ 79.870953273142462, 6.832957413674901 ] ] ] ] } },
{ "type": "Feature", "properties": { "Sub_class": "Low Rise", "NAME": null, "Land_Exten": 5.21813508399, "Main_C": "Residential", "Domain": "Built-up" }, "geometry": { "type": "MultiPolygon", "coordinates": [ [ [ [ 79.871710527484623, 6.832727231297994 ], [ 79.871648312385602, 6.832789181996399 ], [ 79.871527575703226, 6.832891184002103 ], [ 79.871410484872371, 6.832996843550525 ], [ 79.871322644491045, 6.833087954766287 ], [ 79.871190886616972, 6.833222794617096 ], [ 79.871136025274296, 6.833259201871472 ], [ 79.871084898816122, 6.833251804048357 ], [ 79.870935233641532, 6.83319675744528 ], [ 79.870760013331761, 6.833134360683195 ], [ 79.870610341861976, 6.833082964428391 ], [ 79.87057006392557, 6.833134002753074 ], [ 79.870434619730446, 6.83328709164688 ], [ 79.870352500835949, 6.833372131539464 ], [ 79.870489458590015, 6.833439044696885 ], [ 79.870612296988014, 6.833518815461551 ], [ 79.870612173780927, 6.833583894002035 ], [ 79.870575783613702, 6.833699520736686 ], [ 79.870532144910783, 6.833822364530752 ], [ 79.870481244182415, 6.833959656832815 ], [ 79.870458161405026, 6.834141441418907 ], [ 79.870505096800173, 6.83410635710058 ], [ 79.87056992303873, 6.834057899317516 ], [ 79.870680988928697, 6.833969306399617 ], [ 79.870789215788875, 6.833877270274874 ], [ 79.870894496811303, 6.833781881773667 ], [ 79.87099672809542, 6.833683235034805 ], [ 79.871027940339047, 6.83365116375351 ], [ 79.871095808750596, 6.833581427412621 ], [ 79.871191640995832, 6.833476559380912 ], [ 79.871284130256058, 6.833368734433725 ], [ 79.871373185255678, 6.833258058983263 ], [ 79.871458718108485, 6.833144642254835 ], [ 79.871490955742104, 6.833098978648734 ], [ 79.871540644404448, 6.833028596179063 ], [ 79.871618883293081, 6.832910035281412 ], [ 79.871693357563103, 6.832789076569155 ], [ 79.871728786074229, 6.832727265332704 ], [ 79.871710527484623, 6.832727231297994 ] ] ] ] } },
{ "type": "Feature", "properties": { "Sub_class": "Barren Land", "NAME": null, "Land_Exten": 0.01352642396, "Main_C": "Barren Land", "Domain": "Non Built-up" }, "geometry": { "type": "MultiPolygon", "coordinates": [ [ [ [ 79.871022436403649, 6.832543810070416 ], [ 79.870982461538745, 6.832534292545236 ], [ 79.870895625700143, 6.832564681536483 ], [ 79.870954055552644, 6.832646115147661 ], [ 79.8710308270783, 6.832613400509572 ], [ 79.871071040263502, 6.832597046338183 ], [ 79.871022436403649, 6.832543810070416 ] ] ] ] } },
{ "type": "Feature", "properties": { "Sub_class": "Factory", "NAME": null, "Land_Exten": 0.35554024005000001, "Main_C": "Industrial", "Domain": "Built-up" }, "geometry": { "type": "MultiPolygon", "coordinates": [ [ [ [ 79.870323262976981, 6.833177585698071 ], [ 79.87038367043867, 6.833288901082845 ], [ 79.870405430434857, 6.833268781450029 ], [ 79.870438409473522, 6.833214078387969 ], [ 79.87049429154672, 6.833130638389339 ], [ 79.870534487644832, 6.833095421837351 ], [ 79.870582077069429, 6.833031970170454 ], [ 79.870618335036298, 6.832980715109159 ], [ 79.870672770999619, 6.83290783225194 ], [ 79.870786222274148, 6.832794863913263 ], [ 79.870846604554856, 6.832736560865064 ], [ 79.870656861992686, 6.83253032743438 ], [ 79.870560322469217, 6.832487752629471 ], [ 79.870531106193965, 6.832484046523319 ], [ 79.870458083042678, 6.832465653588892 ], [ 79.870436097316613, 6.832502122896442 ], [ 79.870406784813909, 6.832549531557421 ], [ 79.870366997907396, 6.832617409687392 ], [ 79.870355480289945, 6.832637059874115 ], [ 79.870322618163144, 6.832629695325876 ], [ 79.870272473764615, 6.832617065247096 ], [ 79.870194468369121, 6.832744390362918 ], [ 79.87018915787246, 6.832916330845345 ], [ 79.870323262976981, 6.833177585698071 ] ] ] ] } },
{ "type": "Feature", "properties": { "Sub_class": "High Rise", "NAME": null, "Land_Exten": 0.06274791583, "Main_C": "Residential", "Domain": "Built-up" }, "geometry": { "type": "MultiPolygon", "coordinates": [ [ [ [ 79.870723917242927, 6.832904277231886 ], [ 79.870669021725988, 6.832958939824453 ], [ 79.87062505656921, 6.833028226292757 ], [ 79.870621382838706, 6.833039172840691 ], [ 79.870643245357542, 6.833068422390919 ], [ 79.870712615462793, 6.833086808130789 ], [ 79.870771040818695, 6.833097870691236 ], [ 79.870858654570867, 6.833127243448541 ], [ 79.870953273142462, 6.832957413674901 ], [ 79.870766551403037, 6.832863948034114 ], [ 79.870723917242927, 6.832904277231886 ] ] ] ] } },
{ "type": "Feature", "properties": { "Sub_class": "Parking", "NAME": null, "Land_Exten": 0.05793890959, "Main_C": "Transport", "Domain": "Built-up" }, "geometry": { "type": "MultiPolygon", "coordinates": [ [ [ [ 79.87018915787246, 6.832916330845345 ], [ 79.870166464379949, 6.832947895250532 ], [ 79.870014179480265, 6.833081145099975 ], [ 79.869892638803947, 6.833164936733595 ], [ 79.869990681094578, 6.833221177636291 ], [ 79.87004474563787, 6.833241558072441 ], [ 79.870223148648407, 6.833075959609022 ], [ 79.870231377445123, 6.833068322566215 ], [ 79.870256989237589, 6.833048476327334 ], [ 79.87018915787246, 6.832916330845345 ] ] ] ] } },
{ "type": "Feature", "properties": { "Sub_class": "Low Rise", "NAME": null, "Land_Exten": 0.06001150879, "Main_C": "Residential", "Domain": "Built-up" }, "geometry": { "type": "MultiPolygon", "coordinates": [ [ [ [ 79.870256989237589, 6.833048476327334 ], [ 79.870231377445123, 6.833068322566215 ], [ 79.870223148648407, 6.833075959609022 ], [ 79.87004474563787, 6.833241558072441 ], [ 79.870202368013892, 6.83330097538065 ], [ 79.870222024495831, 6.833308384894936 ], [ 79.870290449413531, 6.833341815393315 ], [ 79.870317631422338, 6.833337986080073 ], [ 79.870354201453949, 6.833316148742137 ], [ 79.87038367043867, 6.833288901082845 ], [ 79.870323262976981, 6.833177585698071 ], [ 79.870256989237589, 6.833048476327334 ] ] ] ] } },
{ "type": "Feature", "properties": { "Sub_class": "Low Rise", "NAME": null, "Land_Exten": 1.2324765814900001, "Main_C": "Residential", "Domain": "Built-up" }, "geometry": { "type": "MultiPolygon", "coordinates": [ [ [ [ 79.869340393015676, 6.832980889577815 ], [ 79.869324934569093, 6.833062443698195 ], [ 79.869291037322583, 6.833146684093482 ], [ 79.869648957603559, 6.833312303241215 ], [ 79.869614069304134, 6.833440365801077 ], [ 79.869562136154073, 6.833630995994318 ], [ 79.869402692650922, 6.833596224606775 ], [ 79.869402627899717, 6.833630695620765 ], [ 79.869393696732459, 6.833794415400409 ], [ 79.869065854277252, 6.833768907929347 ], [ 79.869063412617891, 6.833775801232803 ], [ 79.869061788442266, 6.833780869811867 ], [ 79.869027490098134, 6.833887910718959 ], [ 79.86897228611376, 6.834152082972367 ], [ 79.869012269072556, 6.834144895590611 ], [ 79.86908464201403, 6.834130569390433 ], [ 79.869222140260675, 6.834109135848061 ], [ 79.869402976836625, 6.834123938688904 ], [ 79.869576620634831, 6.83411703459352 ], [ 79.869714091901827, 6.834110062149677 ], [ 79.869880487164423, 6.834110376013085 ], [ 79.870126408575985, 6.834139762260155 ], [ 79.870386758710481, 6.834190868933304 ], [ 79.870415914731169, 6.834075228708794 ], [ 79.870416282553904, 6.833879993986731 ], [ 79.870467114933817, 6.833778856229513 ], [ 79.870539773859733, 6.833612681300688 ], [ 79.870539855698041, 6.833569296206578 ], [ 79.870467605064334, 6.833518543866339 ], [ 79.870344766666335, 6.833438772202293 ], [ 79.870077319082299, 6.833315342949665 ], [ 79.869874901475299, 6.833235421998158 ], [ 79.869571375788823, 6.833061307854376 ], [ 79.869338991871928, 6.832965156838008 ], [ 79.869340393015676, 6.832980889577815 ] ] ] ] } },
{ "type": "Feature", "properties": { "Sub_class": "Retail", "NAME": null, "Land_Exten": 1.02877085378, "Main_C": "Commercial", "Domain": "Built-up" }, "geometry": { "type": "MultiPolygon", "coordinates": [ [ [ [ 79.870292641061241, 6.834226846311723 ], [ 79.870287094989166, 6.834258815254491 ], [ 79.870331619565036, 6.834229702714048 ], [ 79.870292641061241, 6.834226846311723 ] ] ] ] } },
{ "type": "Feature", "properties": { "Sub_class": "Low Rise", "NAME": null, "Land_Exten": 2.9926172690500001, "Main_C": "Residential", "Domain": "Built-up" }, "geometry": { "type": "MultiPolygon", "coordinates": [ [ [ [ 79.870292641061241, 6.834226846311723 ], [ 79.870209469959988, 6.834212227831916 ], [ 79.87012629975807, 6.834197609352056 ], [ 79.870060945125758, 6.834186122311611 ], [ 79.870058916547165, 6.834399179170016 ], [ 79.870099501121274, 6.834376143034248 ], [ 79.87022080064861, 6.834302162012057 ], [ 79.870287094989166, 6.834258815254491 ], [ 79.870292641061241, 6.834226846311723 ] ] ] ] } },
{ "type": "Feature", "properties": { "Sub_class": "Roads", "NAME": null, "Land_Exten": 163.92894193000001, "Main_C": "Transport", "Domain": "Built-up" }, "geometry": { "type": "MultiPolygon", "coordinates": [ [ [ [ 79.864110359394203, 6.827927763854554 ], [ 79.864105303405779, 6.82792697604842 ], [ 79.864068726645129, 6.827930968006579 ], [ 79.864067946620722, 6.827932072866324 ], [ 79.864049365566046, 6.827960229474203 ], [ 79.864125913168991, 6.827957313778318 ], [ 79.864266265863776, 6.827985646919256 ], [ 79.864406623954608, 6.828010861211418 ], [ 79.864478387155742, 6.828010997008968 ], [ 79.864603162693385, 6.828026825976224 ], [ 79.864734184022709, 6.828039547785862 ], [ 79.864824644129186, 6.828052194052411 ], [ 79.86487766905617, 6.828061649524346 ], [ 79.864955648371279, 6.828074271509211 ], [ 79.865055486608057, 6.828077579215657 ], [ 79.865124117470515, 6.828083945516392 ], [ 79.865186490850206, 6.828099656672469 ], [ 79.865242676894283, 6.828087288296372 ], [ 79.865277004016662, 6.828084235097992 ], [ 79.865333165779063, 6.828084341217973 ], [ 79.865361235418703, 6.828090631076396 ], [ 79.865392419410583, 6.828100046078871 ], [ 79.865423597107153, 6.828112579030888 ], [ 79.865529616384322, 6.828147084219022 ], [ 79.865573291959421, 6.828150284906151 ], [ 79.865601361599005, 6.828156575663867 ], [ 79.865638803073651, 6.82815664581097 ], [ 79.865674681526642, 6.828158273583879 ], [ 79.865710559979604, 6.828159900457437 ], [ 79.865829101416892, 6.828172598884644 ], [ 79.865885257783276, 6.82817582385348 ], [ 79.865938299797406, 6.828175923678216 ], [ 79.866025663538096, 6.828176088254059 ], [ 79.866169177349917, 6.828182596647674 ], [ 79.866281106072222, 6.828180828580525 ], [ 79.866300106948316, 6.828218991311461 ], [ 79.866314571644097, 6.828321576077806 ], [ 79.866326010121213, 6.828473968896311 ], [ 79.866299381195532, 6.828602848040616 ], [ 79.86624633468476, 6.82874925856895 ], [ 79.866243369619994, 6.82876683491895 ], [ 79.866202354239519, 6.828752105822576 ], [ 79.86614670239274, 6.828725628882236 ], [ 79.866050012682521, 6.828696144609014 ], [ 79.865976754808116, 6.828678424367472 ], [ 79.865850754393819, 6.828645954345101 ], [ 79.865780438201838, 6.828622379517014 ], [ 79.86577157718169, 6.828657525022541 ], [ 79.86595324563055, 6.82870768201157 ], [ 79.866020635428626, 6.828728321452468 ], [ 79.866129073882036, 6.828746107344553 ], [ 79.866173014757123, 6.828763771828083 ], [ 79.866208156665351, 6.828784349215821 ], [ 79.866219855046495, 6.828799022554263 ], [ 79.866208023565704, 6.82885467440106 ], [ 79.86618149986063, 6.828927879215565 ], [ 79.86614907390512, 6.829021584975414 ], [ 79.866113739541944, 6.82910356447503 ], [ 79.866096116427144, 6.829121112946097 ], [ 79.866078525687968, 6.829121079671236 ], [ 79.866019915071647, 6.82910924729113 ], [ 79.865726870084316, 6.829044229005357 ], [ 79.865586206224023, 6.829014661095187 ], [ 79.865436735303064, 6.828990936979688 ], [ 79.865372271898906, 6.828973233825295 ], [ 79.865260913346759, 6.828949581655533 ], [ 79.865237000373611, 6.828943365541603 ], [ 79.865232242060685, 6.828943365541624 ], [ 79.865165317212146, 6.82892596815662 ], [ 79.865159370894801, 6.828969909931083 ], [ 79.865208124042155, 6.8289797521115 ], [ 79.865349857196264, 6.829008363143052 ], [ 79.865467079328099, 6.829032026104608 ], [ 79.865581358878245, 6.829061544552014 ], [ 79.865701523591838, 6.829079352927136 ], [ 79.865798213302057, 6.829108838099665 ], [ 79.86591249824815, 6.829135425656578 ], [ 79.865979904233996, 6.829147274224506 ], [ 79.865988682516473, 6.829156081285295 ], [ 79.866003279412567, 6.829188340866369 ], [ 79.865994401305301, 6.829232277244837 ], [ 79.865967811949815, 6.829340645551294 ], [ 79.865988200479848, 6.829411009407421 ], [ 79.865999833210552, 6.829460844439221 ], [ 79.866020260411418, 6.829510696558128 ], [ 79.866061281187811, 6.829522495663316 ], [ 79.866069943457759, 6.82959283703638 ], [ 79.866072708873077, 6.829680748464289 ], [ 79.86606665193915, 6.829783294559799 ], [ 79.866048806691836, 6.829918050773664 ], [ 79.866050975856609, 6.829949231168324 ], [ 79.866054514688798, 6.830000107615054 ], [ 79.866054315039335, 6.830105595392912 ], [ 79.866057136212618, 6.830164204210604 ], [ 79.866048280588473, 6.830196420624246 ], [ 79.866024755223108, 6.830234468242016 ], [ 79.865989569248072, 6.830237332582787 ], [ 79.865935491214941, 6.830240832744144 ], [ 79.865873007218653, 6.830219590757511 ], [ 79.865823622747229, 6.830202801314236 ], [ 79.865586580342196, 6.830155574316478 ], [ 79.865411882538453, 6.830139651819759 ], [ 79.865215360886779, 6.830114331407618 ], [ 79.86508746470156, 6.830098496145145 ], [ 79.864766189995251, 6.830044872269668 ], [ 79.86472872513815, 6.830057275719323 ], [ 79.864656867508231, 6.830107037906113 ], [ 79.864597443005536, 6.830181771568069 ], [ 79.86456612321598, 6.830244083793898 ], [ 79.864537959147555, 6.830287691020578 ], [ 79.864306962884569, 6.830343388732873 ], [ 79.864110310831165, 6.830386676700271 ], [ 79.86395111284294, 6.830423798016404 ], [ 79.863810659424061, 6.830448480809328 ], [ 79.863717037301328, 6.830457659290182 ], [ 79.863670211401072, 6.830470044753385 ], [ 79.863651519891761, 6.830454416334936 ], [ 79.863645722861762, 6.830220510764864 ], [ 79.863617789919104, 6.830142493678135 ], [ 79.863602277513124, 6.830095684865008 ], [ 79.863599441051363, 6.829945987314726 ], [ 79.86360268580529, 6.829880503180011 ], [ 79.863618398760039, 6.829821280125357 ], [ 79.863665419813131, 6.829705980743929 ], [ 79.863674898667455, 6.829643627149249 ], [ 79.863693974187328, 6.829456547479433 ], [ 79.86373779095598, 6.8293751732235 ], [ 79.863726687026656, 6.829348206152662 ], [ 79.863747309380429, 6.829238750565904 ], [ 79.863772690047199, 6.829157849353325 ], [ 79.863798070713912, 6.829113432736825 ], [ 79.863797471765395, 6.829051590856373 ], [ 79.863751023580505, 6.829086671610793 ], [ 79.863732183682998, 6.829051203248647 ], [ 79.863691663828931, 6.829029296662942 ], [ 79.863573140378108, 6.82900724168917 ], [ 79.863529739805287, 6.829003353697555 ], [ 79.863523819462102, 6.829020530716039 ], [ 79.863591874155659, 6.829026328900259 ], [ 79.86364674449149, 6.829033289652844 ], [ 79.86370843708437, 6.829060834987724 ], [ 79.863735826836589, 6.829088315571448 ], [ 79.863742608624108, 6.829129470346895 ], [ 79.863694390573428, 6.829232234977641 ], [ 79.863694261071046, 6.829300804686279 ], [ 79.863659763976798, 6.829403595397445 ], [ 79.863659408744596, 6.829590909790288 ], [ 79.863659335000179, 6.829629877414525 ], [ 79.863631814846272, 6.829670967438711 ], [ 79.863631659263604, 6.829753251808582 ], [ 79.863597200840175, 6.829835471427206 ], [ 79.863576397722639, 6.829952001980544 ], [ 79.863582920505507, 6.830130297971923 ], [ 79.863610245506464, 6.83019206251062 ], [ 79.863623757820221, 6.830301801383905 ], [ 79.863616650478093, 6.83043207177935 ], [ 79.863623574358556, 6.830457636807141 ], [ 79.863626780441606, 6.830550607820842 ], [ 79.863628857875554, 6.830610864196486 ], [ 79.863640889905184, 6.830740974512702 ], [ 79.863643221847255, 6.830766192402134 ], [ 79.863657613697924, 6.830906869752333 ], [ 79.863664814569617, 6.831106357368385 ], [ 79.863665970198397, 6.831138372333903 ], [ 79.863665636549982, 6.831313963164523 ], [ 79.863665547517101, 6.831361067854615 ], [ 79.863665236351736, 6.831525159054251 ], [ 79.863665136526933, 6.831577903392899 ], [ 79.863662775806546, 6.831590739416446 ], [ 79.863657551644835, 6.831592529067321 ], [ 79.863537441789902, 6.831610081135716 ], [ 79.863466326999927, 6.831587721291771 ], [ 79.86342199851704, 6.83151207122065 ], [ 79.863440048809736, 6.831374309472473 ], [ 79.86343698302089, 6.83131884468468 ], [ 79.863431449492367, 6.831218716866148 ], [ 79.863395964043178, 6.831169754176767 ], [ 79.863331616714831, 6.831152846322134 ], [ 79.863335311100215, 6.83117914880609 ], [ 79.863341625737831, 6.831215721165157 ], [ 79.86338694294372, 6.831236412826064 ], [ 79.863409035689074, 6.831312020629055 ], [ 79.86339097730243, 6.831454227726037 ], [ 79.863390249651502, 6.831467563039062 ], [ 79.863419301170637, 6.83158952875072 ], [ 79.863457357161892, 6.831627709646492 ], [ 79.863519601938521, 6.831636718155367 ], [ 79.863604099539842, 6.831636878234648 ], [ 79.863728681723245, 6.831605998213544 ], [ 79.86382213387418, 6.831575060635815 ], [ 79.863893340394952, 6.831548525239567 ], [ 79.864013467337003, 6.831522082473416 ], [ 79.864069861124392, 6.831522192190684 ], [ 79.864090344982642, 6.831522233559498 ], [ 79.864161475960344, 6.831535703605031 ], [ 79.864245907011863, 6.831571423777278 ], [ 79.86428585579641, 6.831611504762158 ], [ 79.864356851875868, 6.831696094993698 ], [ 79.864427679782096, 6.831869585907356 ], [ 79.864502862205711, 6.832091980155181 ], [ 79.864521780344248, 6.832142693824648 ], [ 79.86456923487053, 6.832269907424489 ], [ 79.864555791804648, 6.832323222832587 ], [ 79.86449790963924, 6.832358673208326 ], [ 79.864430300406624, 6.832359752394797 ], [ 79.864248854090263, 6.832362646413241 ], [ 79.863986465192752, 6.832362149987543 ], [ 79.863962345375526, 6.832359066212298 ], [ 79.863949620867885, 6.83235762909564 ], [ 79.863945046916001, 6.832424295838872 ], [ 79.863954533864245, 6.832424313825305 ], [ 79.864100289685865, 6.832424589917069 ], [ 79.86418964722354, 6.832424758989605 ], [ 79.864327487212563, 6.832438355839526 ], [ 79.864295968672863, 6.832642767243774 ], [ 79.864268796556715, 6.832900528230368 ], [ 79.864258893222342, 6.832977141475446 ], [ 79.864238874313699, 6.833132011026845 ], [ 79.864237202474044, 6.833144945975811 ], [ 79.864220246389081, 6.833238348423553 ], [ 79.864224905091547, 6.833244574625826 ], [ 79.864292801495083, 6.833329609953389 ], [ 79.864316842836956, 6.833152651367067 ], [ 79.864443562708914, 6.833156616477944 ], [ 79.864561391883129, 6.833162448581316 ], [ 79.864625458686234, 6.833165619590829 ], [ 79.864681789521086, 6.833152738601146 ], [ 79.864720786822915, 6.83314415457219 ], [ 79.864768495857291, 6.833109612511785 ], [ 79.864863931013332, 6.833031869718196 ], [ 79.864920327498695, 6.832984356735943 ], [ 79.864894413534017, 6.832945345944245 ], [ 79.864785935510398, 6.833049038675397 ], [ 79.864694848576491, 6.8331181308902 ], [ 79.864642848876528, 6.833131019973762 ], [ 79.864582195000622, 6.833139562633902 ], [ 79.864569081086643, 6.833138602157941 ], [ 79.864565909177685, 6.833138602157927 ], [ 79.864319484145781, 6.833095416713468 ], [ 79.864395627045255, 6.832581453265354 ], [ 79.864400748684247, 6.832558737289832 ], [ 79.864424814542161, 6.832452010246156 ], [ 79.864485729221471, 6.832391096466026 ], [ 79.864522700350719, 6.832387376870001 ], [ 79.8647001977439, 6.832369522629364 ], [ 79.864919742939321, 6.832391096465844 ], [ 79.864955231985846, 6.83239685572419 ], [ 79.866151744891994, 6.832550795376112 ], [ 79.8664041189393, 6.832571189302056 ], [ 79.866526190215595, 6.832588582190333 ], [ 79.866537277057731, 6.832709237034539 ], [ 79.866533509797748, 6.832761100037543 ], [ 79.866517020728082, 6.833251417611116 ], [ 79.86612224443104, 6.833236089566332 ], [ 79.866010583706768, 6.833231227831375 ], [ 79.866007411797924, 6.833231227831376 ], [ 79.866007253517211, 6.833231220636829 ], [ 79.865992605359708, 6.833310890677477 ], [ 79.866001671425266, 6.833311037266967 ], [ 79.866004844233473, 6.83331103726701 ], [ 79.86649817183735, 6.83331901335398 ], [ 79.866490125603121, 6.83345146460543 ], [ 79.866471807312408, 6.833731467624874 ], [ 79.866458406514667, 6.833762557187978 ], [ 79.866422617993877, 6.833873616265971 ], [ 79.866351174951376, 6.834024612437364 ], [ 79.866346475993737, 6.834157954916947 ], [ 79.866350737880907, 6.834255754390775 ], [ 79.866353028454171, 6.834254996262216 ], [ 79.866352146219242, 6.834261515447782 ], [ 79.866363055894951, 6.834287093066086 ], [ 79.866392148063724, 6.834356518029919 ], [ 79.866424830326167, 6.834458808717959 ], [ 79.866482965201101, 6.834623214680299 ], [ 79.866508328780782, 6.834732792574872 ], [ 79.866508179898801, 6.834811475358936 ], [ 79.866534101738495, 6.834819499538229 ], [ 79.866546292445477, 6.83482285760834 ], [ 79.8665489421643, 6.834758433145709 ], [ 79.86653816289018, 6.834663486321482 ], [ 79.866490937691097, 6.834524657977423 ], [ 79.866440046855189, 6.834393124933783 ], [ 79.866400085480095, 6.834276215765884 ], [ 79.86638998339555, 6.834240620599357 ], [ 79.866387315107048, 6.834231220885328 ], [ 79.866383549645704, 6.83409013973951 ], [ 79.867245200888021, 6.834317804014156 ], [ 79.867245272833856, 6.834322141444437 ], [ 79.867251513229476, 6.834697177622981 ], [ 79.867253148204043, 6.834967401037476 ], [ 79.867370090770194, 6.834980528540224 ], [ 79.867378424821766, 6.834981199941979 ], [ 79.86744620467644, 6.834986660367564 ], [ 79.867442265730304, 6.834615610012706 ], [ 79.867425094974479, 6.834139993656682 ], [ 79.867426198442516, 6.833555548541226 ], [ 79.867530321948763, 6.833549032053694 ], [ 79.867634183752344, 6.833542530854599 ], [ 79.867972194842025, 6.833534278675378 ], [ 79.868047798148226, 6.833534421667507 ], [ 79.868092221059939, 6.833561175598982 ], [ 79.868136626884549, 6.833596819328918 ], [ 79.868141191843236, 6.833534597934594 ], [ 79.868070110328148, 6.833494458493769 ], [ 79.868034557429766, 6.83348105589737 ], [ 79.86799009314926, 6.833476526911573 ], [ 79.867714352916721, 6.833480451553115 ], [ 79.867570480275404, 6.833485710788479 ], [ 79.867426607634101, 6.833490970023845 ], [ 79.867428376600472, 6.83334101346879 ], [ 79.867429855985236, 6.833215575130573 ], [ 79.8674334379849, 6.832911919042049 ], [ 79.867475621584703, 6.832899958058826 ], [ 79.867517783600775, 6.832900038098521 ], [ 79.867590072005967, 6.832894153834321 ], [ 79.867689903048202, 6.83288547447724 ], [ 79.867861155549065, 6.832870585301412 ], [ 79.868080981332994, 6.832880029981445 ], [ 79.868300806217476, 6.832889474661425 ], [ 79.868860940858767, 6.832896550527046 ], [ 79.869149773421753, 6.832897094616775 ], [ 79.869234371747112, 6.832897253796757 ], [ 79.869276499588949, 6.832915393122389 ], [ 79.869306466798093, 6.83299371058262 ], [ 79.869282318202593, 6.833023765026087 ], [ 79.86924554942081, 6.833115931146536 ], [ 79.869143129230551, 6.833372666006744 ], [ 79.869055114380743, 6.833669695890441 ], [ 79.869052204174579, 6.833679517386491 ], [ 79.869002165896177, 6.833853321264269 ], [ 79.868979449920587, 6.833932222384573 ], [ 79.86891869621995, 6.834209031012148 ], [ 79.868882058739231, 6.834473844482183 ], [ 79.868863671200714, 6.834642371138153 ], [ 79.868833192277322, 6.834834955558219 ], [ 79.868834328047456, 6.834882086280238 ], [ 79.868877805205273, 6.834871740281103 ], [ 79.868877911066022, 6.834815633624044 ], [ 79.86892440151901, 6.834509785887715 ], [ 79.868934305752774, 6.834431791284019 ], [ 79.868961840295682, 6.83421494855119 ], [ 79.8691931800997, 6.834181391248243 ], [ 79.869239378273107, 6.834183576600831 ], [ 79.869352327725892, 6.834188921271717 ], [ 79.869547661373204, 6.834189289094319 ], [ 79.869786457456286, 6.834160815658975 ], [ 79.869960073375537, 6.834168372662008 ], [ 79.870015596619183, 6.834178132104872 ], [ 79.870015133319754, 6.834424030880818 ], [ 79.870059032094957, 6.834399113584145 ], [ 79.870061060046467, 6.834186122581216 ], [ 79.870126414678779, 6.834197609621648 ], [ 79.87020958488074, 6.834212228101467 ], [ 79.870292755981978, 6.834226846581261 ], [ 79.870331630776178, 6.834229695383601 ], [ 79.870339715303331, 6.834224409288034 ], [ 79.870456127728986, 6.834142961596294 ], [ 79.870458288415421, 6.834141346478347 ], [ 79.87048135910311, 6.833959657102317 ], [ 79.87053225983145, 6.833822364800207 ], [ 79.870575898534327, 6.83369952100613 ], [ 79.870612288701523, 6.833583894271479 ], [ 79.870612411908652, 6.833518815731 ], [ 79.870489573510611, 6.83343904496636 ], [ 79.870352615756502, 6.833372131808941 ], [ 79.870434734651013, 6.833287091916379 ], [ 79.870570178846066, 6.833134003022512 ], [ 79.870610456782458, 6.833082964697838 ], [ 79.870760128252257, 6.8331343609526 ], [ 79.870935348562085, 6.83319675771464 ], [ 79.871085013736717, 6.833251804317647 ], [ 79.871136140194849, 6.833259202140794 ], [ 79.871191001537525, 6.833222794886359 ], [ 79.871322759411569, 6.833087955035537 ], [ 79.87141059979291, 6.832996843819768 ], [ 79.871527690623708, 6.832891184271314 ], [ 79.871648427306084, 6.832789182265553 ], [ 79.871710642405063, 6.832727231567127 ], [ 79.87172878604278, 6.832727265387581 ], [ 79.871754335665429, 6.832682689587464 ], [ 79.871765153911426, 6.83262208193432 ], [ 79.871783514470309, 6.832571002240735 ], [ 79.871790930279886, 6.832512600267183 ], [ 79.871772789155585, 6.832446847235177 ], [ 79.871732669499835, 6.832413912263277 ], [ 79.871696168716014, 6.832399239824102 ], [ 79.871606459543514, 6.83239907165091 ], [ 79.871603286735393, 6.83239843672951 ], [ 79.871590716011838, 6.832398413347169 ], [ 79.871479646142078, 6.832423261615312 ], [ 79.871480522981031, 6.832424420841463 ], [ 79.871389218411196, 6.832457079721583 ], [ 79.87130513359871, 6.83249343211731 ], [ 79.871199104429024, 6.832544347234967 ], [ 79.871111367469766, 6.832580692436082 ], [ 79.871071155183898, 6.832597046607464 ], [ 79.871030941998711, 6.832613400778874 ], [ 79.870954170473027, 6.832646115416966 ], [ 79.870895740620526, 6.832564681805843 ], [ 79.870888591010285, 6.832554716418256 ], [ 79.870859457472662, 6.832507198939319 ], [ 79.870841233610747, 6.83248525817941 ], [ 79.870848588266369, 6.832459714735384 ], [ 79.870892463490975, 6.832437890887275 ], [ 79.870987527226973, 6.832390606332805 ], [ 79.871024103553893, 6.832365117747353 ], [ 79.871038749912657, 6.832346890288139 ], [ 79.871064388684772, 6.832310428175155 ], [ 79.87108642207491, 6.832248401933661 ], [ 79.871137857899797, 6.832091504411014 ], [ 79.871167265730705, 6.831992981882315 ], [ 79.871189279335638, 6.831941908484048 ], [ 79.871273610562341, 6.831774120171457 ], [ 79.871302925763004, 6.831724884987441 ], [ 79.871332239165042, 6.831675650702754 ], [ 79.871379912226615, 6.831577162348245 ], [ 79.871409265198764, 6.831507848001014 ], [ 79.871438591191293, 6.83145313684502 ], [ 79.871467916284558, 6.83139842658842 ], [ 79.871482568938575, 6.831376547881717 ], [ 79.871505576294481, 6.831359369031966 ], [ 79.871627018045302, 6.83140514812127 ], [ 79.871804877865301, 6.831483592385939 ], [ 79.87183600969658, 6.831497322335573 ], [ 79.871919297709653, 6.831540685845908 ], [ 79.871918996436804, 6.831541546497129 ], [ 79.871957522493801, 6.831561604975942 ], [ 79.872108048319632, 6.831639974596873 ], [ 79.872142420408139, 6.831650019124812 ], [ 79.872145593216345, 6.83165065314681 ], [ 79.872170928406973, 6.831658056652321 ], [ 79.872183371386456, 6.831612928771321 ], [ 79.872188745974469, 6.831590736919434 ], [ 79.872190567795798, 6.831583214558166 ], [ 79.872135572070789, 6.831564776884759 ], [ 79.872125722695714, 6.831540032038695 ], [ 79.87211398654307, 6.831444734478853 ], [ 79.872090905442775, 6.831045724173268 ], [ 79.87205865845219, 6.83076876805698 ], [ 79.872041025444872, 6.830640708195062 ], [ 79.872041176530971, 6.830560319596056 ], [ 79.872059312259211, 6.830420417461437 ], [ 79.872092376733534, 6.830262679072698 ], [ 79.872113535982564, 6.830098962890297 ], [ 79.87213156019493, 6.830018608465596 ], [ 79.872161482437988, 6.829947207691132 ], [ 79.872212223986338, 6.829893709720602 ], [ 79.872233075667253, 6.829893749290785 ], [ 79.872254073038334, 6.829816377017949 ], [ 79.872265054393026, 6.829734151836019 ], [ 79.872249062627077, 6.829641542813042 ], [ 79.87224045546219, 6.829599604828713 ], [ 79.872213021684985, 6.829826695839121 ], [ 79.872165432260417, 6.829885389193075 ], [ 79.872119723318207, 6.829976902405737 ], [ 79.87210475590139, 6.830015580448281 ], [ 79.872083708168333, 6.83011974892077 ], [ 79.872059570364641, 6.830283458807925 ], [ 79.872023454490702, 6.830479897722187 ], [ 79.872011382890932, 6.830563240594068 ], [ 79.872045878186611, 6.830792493071817 ], [ 79.872058403044718, 6.831018936966847 ], [ 79.872085834165773, 6.831548102554764 ], [ 79.87170878800282, 6.831361422184088 ], [ 79.871586339011259, 6.831324422276586 ], [ 79.87145992221086, 6.831288064484982 ], [ 79.871357598247997, 6.83125175165948 ], [ 79.87127932125729, 6.831239564946533 ], [ 79.871201044266513, 6.831227377334205 ], [ 79.871013592277635, 6.83118649955 ], [ 79.871018451314612, 6.831079437958497 ], [ 79.871036638304304, 6.830912739624234 ], [ 79.871049186544724, 6.830817975362412 ], [ 79.871054768636654, 6.8307758151449 ], [ 79.871078891151825, 6.830621037324359 ], [ 79.871080138511545, 6.830612427215091 ], [ 79.871103035250741, 6.830454349781952 ], [ 79.871076298406365, 6.830415593498419 ], [ 79.87100188939975, 6.830382703492605 ], [ 79.870888748391351, 6.830352716498391 ], [ 79.870814339384637, 6.830319825593226 ], [ 79.8706595291887, 6.830271897124285 ], [ 79.870617864497746, 6.83025097709488 ], [ 79.87061791485975, 6.830224180895249 ], [ 79.870638895143713, 6.830155740688945 ], [ 79.870671847202715, 6.830057550010089 ], [ 79.870710768961473, 6.829953414812455 ], [ 79.870675055983781, 6.829935484129581 ], [ 79.870636090158257, 6.830063436972162 ], [ 79.87059709645375, 6.830206278091262 ], [ 79.87057619980672, 6.830230057065442 ], [ 79.870558343767541, 6.830221091724014 ], [ 79.870326189177788, 6.830116447510235 ], [ 79.87023090151061, 6.830069966050392 ], [ 79.870251723513846, 6.829991481316219 ], [ 79.870300338165578, 6.829762810699775 ], [ 79.870366897889369, 6.829600394037767 ], [ 79.870427445645248, 6.829431946522037 ], [ 79.870481720629954, 6.829395928674105 ], [ 79.870559985929532, 6.82941413544891 ], [ 79.870686401830596, 6.829450493240494 ], [ 79.870945257291837, 6.829523220514874 ], [ 79.871017522314787, 6.829529376374234 ], [ 79.871059705914519, 6.829517415391004 ], [ 79.871062233009496, 6.829514899987229 ], [ 79.871083843718225, 6.829493381009353 ], [ 79.871108026487917, 6.829445265481263 ], [ 79.871138526095734, 6.829240640937694 ], [ 79.871156821903355, 6.829120273876527 ], [ 79.871174936047964, 6.829096227803708 ], [ 79.871319431919432, 6.829126599707743 ], [ 79.871349572697767, 6.829116620830347 ], [ 79.871482837835529, 6.829163231792533 ], [ 79.871780909133889, 6.829242871256097 ], [ 79.872179194038125, 6.829333324398973 ], [ 79.872158537630469, 6.829257294432213 ], [ 79.872109559180316, 6.829243488190866 ], [ 79.871951400808371, 6.829200609415154 ], [ 79.871708070343573, 6.82913932151721 ], [ 79.871537692882981, 6.829120752315728 ], [ 79.871452521689477, 6.829102343193482 ], [ 79.871428268772547, 6.829053633213581 ], [ 79.871428366798625, 6.829001121799356 ], [ 79.871440175796394, 6.828976324792595 ], [ 79.871537144296468, 6.828657444081169 ], [ 79.871573576731763, 6.828500990823623 ], [ 79.871772280138771, 6.828531464350994 ], [ 79.871897634025586, 6.828556767471792 ], [ 79.871866390275855, 6.828492718594332 ], [ 79.871828082172271, 6.8284855908328 ], [ 79.871574776427352, 6.828438683094321 ], [ 79.871624713082468, 6.828097977635516 ], [ 79.871630677830396, 6.82806943300039 ], [ 79.871627989857387, 6.828065030262218 ], [ 79.871565086050666, 6.827968922950952 ], [ 79.871555778249103, 6.82807630397427 ], [ 79.871499416837338, 6.828426163632182 ], [ 79.871343347590482, 6.828401597751239 ], [ 79.871218705152458, 6.828378285525308 ], [ 79.871107950944761, 6.828336535398698 ], [ 79.871011111947013, 6.828262502308675 ], [ 79.870881955811626, 6.828183791844677 ], [ 79.870757391614603, 6.828118938134808 ], [ 79.870628191412465, 6.828063306972449 ], [ 79.870560489549717, 6.828051897273699 ], [ 79.870489694918362, 6.828039967766841 ], [ 79.8704313873736, 6.828034714826806 ], [ 79.870332709262357, 6.82802582502842 ], [ 79.87017569752598, 6.828025530050794 ], [ 79.870014092951891, 6.828011379218518 ], [ 79.869921767651562, 6.827992742567843 ], [ 79.869797125213495, 6.827969429442505 ], [ 79.869713984689184, 6.827978504501281 ], [ 79.86964160904968, 6.827994087953713 ], [ 79.869607727091704, 6.828001383254129 ], [ 79.869561546904706, 6.82800129691923 ], [ 79.869494338769769, 6.828036067407525 ], [ 79.869445984022093, 6.828061083848831 ], [ 79.869237956444081, 6.828176085554797 ], [ 79.869187133057494, 6.828189837088206 ], [ 79.869086639214927, 6.828143570566327 ], [ 79.868854924393617, 6.8280368920861 ], [ 79.868901408551466, 6.827875429604733 ], [ 79.868918380557034, 6.827824391280094 ], [ 79.868982818780125, 6.827630607164368 ], [ 79.869061080482325, 6.827395256383841 ], [ 79.869068604210554, 6.827372630340463 ], [ 79.869171221352417, 6.827157682479143 ], [ 79.869324526083233, 6.826836561556436 ], [ 79.869356002354749, 6.826770630458705 ], [ 79.869442126829625, 6.82659022735572 ], [ 79.869462688928834, 6.826547157024303 ], [ 79.869472294587567, 6.826528045531523 ], [ 79.869532220012658, 6.82640881611274 ], [ 79.869571774604779, 6.826319221842639 ], [ 79.869477335435334, 6.826279914818226 ], [ 79.869401358377445, 6.826251056150723 ], [ 79.86938336063065, 6.826294112981912 ], [ 79.869338630150807, 6.82638993664512 ], [ 79.869305120512152, 6.826467240569473 ], [ 79.869167029612314, 6.826785802920931 ], [ 79.869080486952683, 6.826985447918369 ], [ 79.869035768164039, 6.82707442054632 ], [ 79.869016090098427, 6.827095881068258 ], [ 79.868642107925652, 6.827021442384118 ], [ 79.868244153424499, 6.826945414597887 ], [ 79.867986009326984, 6.826901911692734 ], [ 79.867879215733595, 6.82688859812921 ], [ 79.867867554224617, 6.826873555169373 ], [ 79.867853917804467, 6.826835851092645 ], [ 79.867871395229031, 6.82665434452158 ], [ 79.867885445337322, 6.826472831655205 ], [ 79.867895868479849, 6.826397495447531 ], [ 79.867926897788266, 6.826298221085623 ], [ 79.867954455713672, 6.826222917253475 ], [ 79.867995792152101, 6.826109961505296 ], [ 79.868029700744813, 6.825965462264787 ], [ 79.867981660485796, 6.82596310713947 ], [ 79.867975813712874, 6.826031671923948 ], [ 79.867949020211185, 6.826098258627573 ], [ 79.867888741352573, 6.826244746497501 ], [ 79.867886222351572, 6.826252666826779 ], [ 79.867852531949197, 6.826358606064389 ], [ 79.867848501187737, 6.826371281109235 ], [ 79.867814915106692, 6.826504492287854 ], [ 79.867814474438916, 6.826737720668398 ], [ 79.867782629445372, 6.826876558005693 ], [ 79.867679438536072, 6.826863694103192 ], [ 79.867432195121097, 6.826842913468837 ], [ 79.867286782840338, 6.826830691682304 ], [ 79.867090808875801, 6.82683032206101 ], [ 79.86707159486032, 6.826830286088176 ], [ 79.866947811274869, 6.826856937496976 ], [ 79.866646295573148, 6.82699079528827 ], [ 79.866609494415712, 6.82699653206362 ], [ 79.866596054947095, 6.826925961363437 ], [ 79.866582767463868, 6.826703293721716 ], [ 79.866576256372198, 6.826521742184542 ], [ 79.866579961579049, 6.826374462911177 ], [ 79.866573223858296, 6.826312795499212 ], [ 79.866569913453858, 6.826251134382519 ], [ 79.866539239377545, 6.826162019661822 ], [ 79.866536897876273, 6.826140588925043 ], [ 79.866503879513672, 6.826150673541909 ], [ 79.86651636512137, 6.826198280326674 ], [ 79.866349519353335, 6.826200076353819 ], [ 79.866280096952096, 6.82622368696787 ], [ 79.866240808806566, 6.826238440731795 ], [ 79.866370381771233, 6.826243394817127 ], [ 79.866533259785285, 6.826262699664065 ], [ 79.866534660029743, 6.82626803714037 ], [ 79.86654960496351, 6.826411018553712 ], [ 79.86655534623543, 6.826593522472888 ], [ 79.866557912001255, 6.82684597656011 ], [ 79.86657159158888, 6.827002439710172 ], [ 79.866544050750619, 6.827006733073634 ], [ 79.866484803414423, 6.827044260883272 ], [ 79.866409416844775, 6.827081758115943 ], [ 79.866253365584257, 6.827102971324432 ], [ 79.866102723745954, 6.82710806418524 ], [ 79.865989780588379, 6.827091719906393 ], [ 79.865860790827639, 6.827026951632138 ], [ 79.865785668658617, 6.82692464565561 ], [ 79.865731972837281, 6.82687077356717 ], [ 79.865683627082859, 6.826833042510821 ], [ 79.865662189943251, 6.826789985669279 ], [ 79.865651522185189, 6.826741572465611 ], [ 79.865603196215787, 6.826693087316205 ], [ 79.865570959117775, 6.826671518875613 ], [ 79.865408921097867, 6.826645632274342 ], [ 79.865387784746275, 6.826658523396213 ], [ 79.865336466102008, 6.826692078198033 ], [ 79.865348658399682, 6.826694060382746 ], [ 79.865349927343075, 6.82669152249594 ], [ 79.86543756357834, 6.826705769555779 ], [ 79.865502026982469, 6.826723472710214 ], [ 79.865554785710131, 6.826729432517386 ], [ 79.865592858508904, 6.826750016200365 ], [ 79.865633807339549, 6.826799906990077 ], [ 79.865657133055421, 6.826867346250944 ], [ 79.865771245331644, 6.826984770730242 ], [ 79.865820989531855, 6.827034677707857 ], [ 79.86588540257398, 6.827078752581901 ], [ 79.865991676359243, 6.827135827156138 ], [ 79.865999582299381, 6.827161014468626 ], [ 79.86600238098957, 6.827231345049852 ], [ 79.866005090646908, 6.827348559087937 ], [ 79.866001993381801, 6.827436459723961 ], [ 79.866004719226922, 6.827544882888987 ], [ 79.866022131900337, 6.827638682178256 ], [ 79.866039649794473, 6.827676808037064 ], [ 79.866051277129131, 6.827729573959429 ], [ 79.866036596596118, 6.827741266944594 ], [ 79.866010161924009, 6.827767589201578 ], [ 79.866033564981521, 6.827794004987997 ], [ 79.866054125282133, 6.827773532820937 ], [ 79.866074708065682, 6.827741338890424 ], [ 79.866080571645441, 6.827741350581544 ], [ 79.866112824931236, 6.827738480844911 ], [ 79.866189059561592, 6.827732764753951 ], [ 79.866189114420223, 6.827703462143756 ], [ 79.866145133974968, 6.827706309397407 ], [ 79.86609529084933, 6.827709145859101 ], [ 79.866068944310726, 6.827688584659204 ], [ 79.866048489230835, 6.82765338339572 ], [ 79.866033913918486, 6.827609402051151 ], [ 79.86602238730778, 6.827503892689501 ], [ 79.866031547802137, 6.827310515966762 ], [ 79.866037682077703, 6.827166947296162 ], [ 79.866047336299886, 6.82714773867662 ], [ 79.866093416662096, 6.827149470770855 ], [ 79.86623707346611, 6.827146812374839 ], [ 79.866319187864008, 6.827132316202729 ], [ 79.866402881471402, 6.827116916212018 ], [ 79.866403072127639, 6.82711691621198 ], [ 79.86644548325593, 6.827109111895242 ], [ 79.866550902685262, 6.827071287309338 ], [ 79.86655090448393, 6.827071218960842 ], [ 79.86664285386766, 6.827039820930284 ], [ 79.866690093455972, 6.827016106707225 ], [ 79.866733716870399, 6.826986363429254 ], [ 79.866795966143599, 6.826965129536414 ], [ 79.866812037028595, 6.826957433138339 ], [ 79.866891258307433, 6.826922419833067 ], [ 79.866964604315342, 6.826893255718463 ], [ 79.866979191318919, 6.826931376181311 ], [ 79.866979096890176, 6.826981189629364 ], [ 79.86697761121016, 6.827077575368863 ], [ 79.866935970800853, 6.827212411622433 ], [ 79.866910193533101, 6.827261984052221 ], [ 79.866939936811093, 6.827271898178404 ], [ 79.866977611210189, 6.827180685339292 ], [ 79.86700575189623, 6.827088234133726 ], [ 79.867002550309735, 6.826981234595451 ], [ 79.867002660926346, 6.826922630274433 ], [ 79.866999790290365, 6.826890392277043 ], [ 79.867023265293653, 6.826878715479602 ], [ 79.867041713086749, 6.826873631612098 ], [ 79.867041713086763, 6.82687370715511 ], [ 79.867076018625468, 6.826864251683151 ], [ 79.867168241403093, 6.826867904729259 ], [ 79.867168285469873, 6.826867816595681 ], [ 79.86723142956852, 6.826870317610292 ], [ 79.867316441582091, 6.826873408580139 ], [ 79.867372126703728, 6.826882303774441 ], [ 79.867383842172003, 6.826888186239906 ], [ 79.867380545257419, 6.827081574653869 ], [ 79.867368663414567, 6.827163598220274 ], [ 79.867336227566454, 6.827263163962589 ], [ 79.867306767574917, 6.827339294271654 ], [ 79.867294985556825, 6.827368574398837 ], [ 79.867321364471024, 6.8273715547521 ], [ 79.867362567809764, 6.827286656052994 ], [ 79.867386214583661, 6.827184142333079 ], [ 79.867398068547459, 6.827116770521376 ], [ 79.867398278988802, 6.827005421861728 ], [ 79.867404286460072, 6.826929248385192 ], [ 79.867404352110498, 6.826894085792567 ], [ 79.867416095457813, 6.826885317402573 ], [ 79.867492313001037, 6.826888391285351 ], [ 79.867583547423791, 6.826891412107984 ], [ 79.867583578900025, 6.826891413007329 ], [ 79.867586088907871, 6.826891495744968 ], [ 79.867671078438349, 6.826906306679668 ], [ 79.867713158616141, 6.826910933691599 ], [ 79.867713190092374, 6.82691093638955 ], [ 79.867779560059205, 6.826918234387956 ], [ 79.867864555884907, 6.826930115331443 ], [ 79.867917297525537, 6.82694486601158 ], [ 79.867934865781663, 6.826956620150702 ], [ 79.867952405259516, 6.826983025145243 ], [ 79.868086522954627, 6.827006941715693 ], [ 79.86810186988528, 6.82700967835266 ], [ 79.86844475170308, 6.827074789268566 ], [ 79.868614716374893, 6.827113202011018 ], [ 79.86883156989937, 6.827160493760021 ], [ 79.868904828673067, 6.827178213102206 ], [ 79.868979202606113, 6.827196383004799 ], [ 79.868852323554236, 6.827476347353384 ], [ 79.868844945516159, 6.82749736001296 ], [ 79.86860289388747, 6.82811337403024 ], [ 79.868241942891075, 6.827996511627232 ], [ 79.868216566720946, 6.827980592727687 ], [ 79.868162799853252, 6.827964359964832 ], [ 79.86806062607711, 6.827942659323946 ], [ 79.868030388172016, 6.827927476069863 ], [ 79.867576504832968, 6.827732363655713 ], [ 79.867582652598429, 6.827738091437888 ], [ 79.8674042675744, 6.827661408045796 ], [ 79.86741254943108, 6.827661883787179 ], [ 79.867405537417071, 6.827658869259651 ], [ 79.867361804285451, 6.827656358352516 ], [ 79.867184294301723, 6.8276452697118 ], [ 79.867044422744229, 6.827645005311155 ], [ 79.867044351697757, 6.827682644636683 ], [ 79.867189583214625, 6.827693673022886 ], [ 79.867437028077816, 6.827704893863897 ], [ 79.867501543642618, 6.827726523458377 ], [ 79.867571368804761, 6.827785803170317 ], [ 79.867630443471242, 6.827839685151284 ], [ 79.867716437544431, 6.827882863401264 ], [ 79.867802441510136, 6.827920664604784 ], [ 79.867866998443731, 6.827920786013208 ], [ 79.86795841183158, 6.82794246686904 ], [ 79.867963700744539, 6.82799087018014 ], [ 79.867947561511102, 6.827990839603234 ], [ 79.867904483085894, 6.828012266850241 ], [ 79.867786109821836, 6.82802279791151 ], [ 79.867640827942878, 6.828038655657141 ], [ 79.867484765890623, 6.82806524591213 ], [ 79.867307194752996, 6.828086419550387 ], [ 79.867124224085842, 6.828118336489917 ], [ 79.866903636576211, 6.828128675096226 ], [ 79.866742245141452, 6.828128370226106 ], [ 79.866462470550204, 6.828143973463675 ], [ 79.866193486024756, 6.828143465346872 ], [ 79.865843816124112, 6.828137428198121 ], [ 79.865752376655962, 6.828129189508873 ], [ 79.865751107712612, 6.828131727395696 ], [ 79.865659668244447, 6.828123489605793 ], [ 79.865541334550571, 6.828112511581685 ], [ 79.865447000164735, 6.8280780234806 ], [ 79.865447062217925, 6.82807504312733 ], [ 79.865424331853248, 6.828066733391628 ], [ 79.865295260254143, 6.828044981489401 ], [ 79.865171517138165, 6.828050124712231 ], [ 79.865004756750835, 6.828044432003739 ], [ 79.864719704038521, 6.828006253984401 ], [ 79.864536834994695, 6.827984399559456 ], [ 79.864316318531465, 6.827957097041606 ], [ 79.864147414160385, 6.827930797267786 ], [ 79.864142553324797, 6.827840243631733 ], [ 79.864141473251436, 6.82782792658845 ], [ 79.864105376570194, 6.827879055486073 ], [ 79.864110359394203, 6.827927763854554 ] ], [ [ 79.86801211844471, 6.827922706965067 ], [ 79.86791418677069, 6.827901907444821 ], [ 79.867849671205917, 6.827880277850313 ], [ 79.867785155641101, 6.82785864825586 ], [ 79.867683001650121, 6.827826193521918 ], [ 79.867607808434684, 6.827761526870974 ], [ 79.867582652598429, 6.827738091437888 ], [ 79.86801211844471, 6.827922706965067 ] ], [ [ 79.868016360546832, 6.827923608085716 ], [ 79.868029118329332, 6.827930014855958 ], [ 79.86801211844471, 6.827922706965067 ], [ 79.868016360546832, 6.827923608085716 ] ], [ [ 79.867086695377182, 6.829878987820899 ], [ 79.867107476910931, 6.829741306112353 ], [ 79.86706938162915, 6.82973244419297 ], [ 79.867072297231246, 6.829741240461906 ], [ 79.867057478202611, 6.829826188623668 ], [ 79.867051487818443, 6.8298935721265 ], [ 79.866972337586049, 6.829890492847837 ], [ 79.866884409970467, 6.829878605609117 ], [ 79.866734939049394, 6.829854881493634 ], [ 79.866485835836386, 6.82980752769146 ], [ 79.866476963125166, 6.829848534078709 ], [ 79.86650333754271, 6.829854444423201 ], [ 79.866608844206311, 6.829872224919263 ], [ 79.86667663150466, 6.829883971863839 ], [ 79.866711419080019, 6.82989000001948 ], [ 79.866875554346336, 6.829910821123382 ], [ 79.867025013576225, 6.829940405221335 ], [ 79.867030816002, 6.829972648614632 ], [ 79.867027599127056, 6.830042543923965 ], [ 79.867021644715777, 6.83017188621911 ], [ 79.867003767092896, 6.830324224179014 ], [ 79.866980069957037, 6.830453108719211 ], [ 79.866956444767027, 6.830543900675599 ], [ 79.866921077128936, 6.830643461021932 ], [ 79.866904896526719, 6.830657557895019 ], [ 79.866877394359292, 6.830647632077592 ], [ 79.86674331623442, 6.830600600232676 ], [ 79.866531328941448, 6.830503523813958 ], [ 79.866397293084674, 6.830434660926333 ], [ 79.866253907875887, 6.830359544153278 ], [ 79.866091796084191, 6.83028751025619 ], [ 79.866091120693383, 6.830287373559264 ], [ 79.866077491467735, 6.830252149812709 ], [ 79.866089373310601, 6.830170126246272 ], [ 79.86609538617779, 6.830091021879166 ], [ 79.866107251832858, 6.830017788286418 ], [ 79.866113452658297, 6.829839057023182 ], [ 79.866125351588266, 6.829748242583728 ], [ 79.866134340312044, 6.829645701884171 ], [ 79.866131585688592, 6.829551930473871 ], [ 79.866119942166137, 6.829507955424472 ], [ 79.866102402688298, 6.829481549530618 ], [ 79.866073118963897, 6.829463912926007 ], [ 79.86603507404412, 6.829428679286897 ], [ 79.866020537402605, 6.829364186205094 ], [ 79.866029520730493, 6.829264576396098 ], [ 79.866059009500319, 6.829173795231517 ], [ 79.866085416293487, 6.829162124729381 ], [ 79.866129391342824, 6.829162207466955 ], [ 79.866158791079769, 6.829118309759301 ], [ 79.866261919935766, 6.828843064153443 ], [ 79.866349808880514, 6.828875462230097 ], [ 79.86652563623268, 6.828913887563044 ], [ 79.866710276041587, 6.828943538210823 ], [ 79.866845105100381, 6.828958443574311 ], [ 79.866912527274053, 6.828961501269204 ], [ 79.866915536405585, 6.828920484090071 ], [ 79.86678069655494, 6.828911438709021 ], [ 79.866619504769702, 6.828884762119223 ], [ 79.866475914515505, 6.828852258821998 ], [ 79.866402644949957, 6.828840399462191 ], [ 79.866341118731569, 6.828819771712471 ], [ 79.866282529699049, 6.828796219367438 ], [ 79.866267894132079, 6.8287844715236 ], [ 79.866270847505675, 6.828772756055244 ], [ 79.866315099546227, 6.828626328439945 ], [ 79.866336142782686, 6.82855417942952 ], [ 79.866354244336776, 6.828459241598487 ], [ 79.866338063734517, 6.828182271992293 ], [ 79.866450836020931, 6.828178965185177 ], [ 79.866517005438951, 6.828177025347498 ], [ 79.866598134179867, 6.828174060282617 ], [ 79.866679263820131, 6.828171094318504 ], [ 79.867116122992854, 6.828150088853305 ], [ 79.867309600439441, 6.828134860633057 ], [ 79.867415714145451, 6.828119467836912 ], [ 79.867512502781096, 6.82808534575982 ], [ 79.867771509328406, 6.828067122797098 ], [ 79.867974346918857, 6.828051911663968 ], [ 79.868028036444926, 6.828047541858125 ], [ 79.868117483914801, 6.828021368888602 ], [ 79.868606066695563, 6.828151445929667 ], [ 79.868239629834946, 6.829069917239207 ], [ 79.868207903551891, 6.829169855300759 ], [ 79.867896987236918, 6.830043909993814 ], [ 79.867586367698124, 6.829973697223866 ], [ 79.86752043839904, 6.829955991371497 ], [ 79.867388551921991, 6.829935231421436 ], [ 79.867089610079887, 6.829887783190493 ], [ 79.867086695377182, 6.829878987820899 ] ], [ [ 79.866114161324148, 6.830513004467114 ], [ 79.866179828021131, 6.830406799929509 ], [ 79.866314692153537, 6.830492027780362 ], [ 79.866458619653486, 6.830567727314096 ], [ 79.866595725795761, 6.830622843164892 ], [ 79.866725983600645, 6.830671088195253 ], [ 79.866856228814981, 6.830726190556242 ], [ 79.866972817824191, 6.830746981982578 ], [ 79.867082520724352, 6.83078147458024 ], [ 79.867192275785243, 6.830788538754871 ], [ 79.867308148034724, 6.830809201578091 ], [ 79.867308127350327, 6.830809377845233 ], [ 79.867492101660872, 6.830816536448596 ], [ 79.867615551597879, 6.830837340465432 ], [ 79.867547876714823, 6.831054721892238 ], [ 79.86754984443138, 6.831054771354944 ], [ 79.867500193760677, 6.831214257126432 ], [ 79.867473750095371, 6.831359522817716 ], [ 79.867471767090251, 6.831359522817725 ], [ 79.867435819389527, 6.831556992355075 ], [ 79.867435004603735, 6.83156006443923 ], [ 79.867406661570158, 6.831564056529818 ], [ 79.867322146881818, 6.831572787148242 ], [ 79.8672198516972, 6.831577039142916 ], [ 79.867188482444945, 6.831565907334611 ], [ 79.867188483344265, 6.831565204064816 ], [ 79.867146280858734, 6.831550226755481 ], [ 79.867016881906451, 6.831547230214506 ], [ 79.867014898901289, 6.831547230214476 ], [ 79.866935285518053, 6.831545386604349 ], [ 79.866791442554344, 6.831545113210483 ], [ 79.866789459549267, 6.831545108713892 ], [ 79.866772719568715, 6.831545076338329 ], [ 79.866772082848712, 6.831553758393315 ], [ 79.86655925109244, 6.831544673442071 ], [ 79.866399080037652, 6.831541511425873 ], [ 79.866397097032632, 6.831541511425881 ], [ 79.866308229625488, 6.831539757747928 ], [ 79.866161478254369, 6.831535035407941 ], [ 79.866149804154844, 6.831307013202737 ], [ 79.866149801456856, 6.831306972733228 ], [ 79.866145202323963, 6.831217126863617 ], [ 79.866141532190653, 6.831145444601392 ], [ 79.866135583175293, 6.831040748226826 ], [ 79.866113163976095, 6.831040441558025 ], [ 79.866094108241299, 6.831040405585199 ], [ 79.866099098579312, 6.831214448682637 ], [ 79.866105443296391, 6.831343733421174 ], [ 79.866110202508608, 6.831419875421468 ], [ 79.866116548124992, 6.831532503816365 ], [ 79.866070060369921, 6.831539304489731 ], [ 79.865969979316247, 6.831548005430516 ], [ 79.865869899161822, 6.831556706371381 ], [ 79.865776482084513, 6.831569864352249 ], [ 79.8657185918252, 6.831609760076814 ], [ 79.865638524284336, 6.831618498789154 ], [ 79.865536237193709, 6.831618305435012 ], [ 79.865456220014764, 6.831600374752051 ], [ 79.865376312553195, 6.831524657231813 ], [ 79.865327459581067, 6.831489004508709 ], [ 79.86525193991173, 6.831444411625103 ], [ 79.865171931726096, 6.831422034694079 ], [ 79.865165509667349, 6.831420540920142 ], [ 79.865165578015791, 6.83138441515359 ], [ 79.865154079284139, 6.831264254936534 ], [ 79.865146160753625, 6.831152515071746 ], [ 79.865142656994905, 6.831103071245004 ], [ 79.865141382655523, 6.831001976655292 ], [ 79.865140108316126, 6.83090088206556 ], [ 79.865114277988397, 6.830607810997547 ], [ 79.865099697280073, 6.830566760543483 ], [ 79.865088120307462, 6.830487622901446 ], [ 79.865079833054722, 6.830385899685645 ], [ 79.865080337574341, 6.830166771775454 ], [ 79.865324231914087, 6.830184617922026 ], [ 79.865446537913527, 6.830191440178983 ], [ 79.86547827318978, 6.830195594147527 ], [ 79.865677187937408, 6.830216541156487 ], [ 79.865951437993488, 6.830306201765671 ], [ 79.866129680025324, 6.830375108719974 ], [ 79.866156963657488, 6.830392350522197 ], [ 79.866140723700013, 6.830419287915436 ], [ 79.866096610155168, 6.830492459454987 ], [ 79.866049570216276, 6.830562695607434 ], [ 79.866011331043012, 6.83063001885571 ], [ 79.865952514482018, 6.830726604244737 ], [ 79.865990581884788, 6.830750117918946 ], [ 79.866002358506975, 6.830723768682332 ], [ 79.866064150924643, 6.830603746061493 ], [ 79.866114161324148, 6.830513004467114 ] ], [ [ 79.864712294524566, 6.831289794783452 ], [ 79.864683239227972, 6.831152019545505 ], [ 79.864645410145428, 6.831002507255548 ], [ 79.864624988340481, 6.830949724246031 ], [ 79.864605063860608, 6.830934174967926 ], [ 79.864598641801834, 6.830929163046129 ], [ 79.864587229405174, 6.830928149510239 ], [ 79.864531225024209, 6.830923175359998 ], [ 79.864437394258672, 6.830931788167238 ], [ 79.864314252789214, 6.830937415225346 ], [ 79.864322987004812, 6.83096966401459 ], [ 79.864393358055466, 6.830963937131755 ], [ 79.864516494129049, 6.830961240064887 ], [ 79.864586848991905, 6.830964303155771 ], [ 79.86461611562919, 6.830990730633338 ], [ 79.864651034505528, 6.831128516663171 ], [ 79.864694632738974, 6.831327854092382 ], [ 79.864712050808336, 6.831418723390505 ], [ 79.864712019332089, 6.831435313184221 ], [ 79.86466734101289, 6.831456644203862 ], [ 79.864551610856282, 6.831509766257802 ], [ 79.864462581571246, 6.831554047975965 ], [ 79.864378032708643, 6.831580558191241 ], [ 79.864297990348746, 6.831575961756324 ], [ 79.864235838202262, 6.831518058007124 ], [ 79.864151390962945, 6.831491228532621 ], [ 79.864044664818721, 6.831486580836339 ], [ 79.863960167217414, 6.831486420757052 ], [ 79.863786606156808, 6.831548322892143 ], [ 79.863747353447494, 6.831561768656032 ], [ 79.863726779657114, 6.83153699683029 ], [ 79.86372102129809, 6.831481311708567 ], [ 79.863712548785074, 6.831311343439367 ], [ 79.863709950643695, 6.831135525979592 ], [ 79.863707324623277, 6.830974359375178 ], [ 79.863698824231335, 6.830819041961463 ], [ 79.863690134082432, 6.830763351443846 ], [ 79.863672850011994, 6.830602156960445 ], [ 79.863661218180681, 6.830552321029342 ], [ 79.863661279334551, 6.830519684632297 ], [ 79.863664505202749, 6.830521304311307 ], [ 79.863925306796816, 6.830466942092196 ], [ 79.86411060401015, 6.830433007074096 ], [ 79.864131310900248, 6.830426962730644 ], [ 79.864227296441328, 6.830398943452937 ], [ 79.864277186331677, 6.830386576875498 ], [ 79.864337116253424, 6.830371722773248 ], [ 79.864394451631, 6.830367056191105 ], [ 79.864419454582475, 6.830365021924641 ], [ 79.864542995350988, 6.830337827325264 ], [ 79.864618603153872, 6.830262542378915 ], [ 79.864673694722967, 6.830152933907302 ], [ 79.864721821942169, 6.830098168792062 ], [ 79.864865891534947, 6.830098441286561 ], [ 79.865002150515835, 6.830122187885111 ], [ 79.865013500859448, 6.830141720260592 ], [ 79.865019186373303, 6.830235497966166 ], [ 79.86503079122501, 6.830299984752708 ], [ 79.865033523365454, 6.83040547792657 ], [ 79.86505101877647, 6.8304553246496 ], [ 79.865068292054943, 6.830622379115371 ], [ 79.865097209755348, 6.830833409529824 ], [ 79.865108587078538, 6.831018034050393 ], [ 79.865114223129808, 6.831138183475622 ], [ 79.865131457737462, 6.831325750577977 ], [ 79.865128371264205, 6.831407790332173 ], [ 79.865122549952659, 6.831411008106462 ], [ 79.865112159185742, 6.831408590728801 ], [ 79.865041020114106, 6.831399566032104 ], [ 79.864960994841326, 6.831386079798751 ], [ 79.864858699656779, 6.831390330894121 ], [ 79.864778623122632, 6.83140351495534 ], [ 79.864764920152609, 6.831410056623901 ], [ 79.864744326577124, 6.831404133688912 ], [ 79.864712294524566, 6.831289794783452 ] ], [ [ 79.869236005814798, 6.829718653088507 ], [ 79.868568030769239, 6.829452741546525 ], [ 79.868332613439094, 6.82935045625451 ], [ 79.868669703622814, 6.828474021056016 ], [ 79.868836266159221, 6.828081410325975 ], [ 79.869129732928684, 6.828206331553871 ], [ 79.869162718262572, 6.828232545892128 ], [ 79.869200958335213, 6.828255728615815 ], [ 79.869321498066114, 6.828213814812547 ], [ 79.869433966381635, 6.828140346496647 ], [ 79.869438520548513, 6.828830900821482 ], [ 79.869430635293, 6.8297859340686 ], [ 79.869235393376499, 6.829720476913636 ], [ 79.869236005814798, 6.829718653088507 ] ], [ [ 79.869726301804249, 6.830742999783356 ], [ 79.869713869576358, 6.830947658501126 ], [ 79.869647649796306, 6.830929474209462 ], [ 79.869545315041577, 6.830899180546398 ], [ 79.869442991078699, 6.830862867720938 ], [ 79.869388829408521, 6.830838685850456 ], [ 79.869202182312861, 6.830802213844983 ], [ 79.86910808804609, 6.830786984725506 ], [ 79.86896062800912, 6.830777679440391 ], [ 79.868901074903363, 6.830777567025171 ], [ 79.86882277542955, 6.830777419536375 ], [ 79.868714372049709, 6.830771195328585 ], [ 79.86863009478229, 6.830746955901523 ], [ 79.868467586389599, 6.830686449514378 ], [ 79.868295667491026, 6.830625111254403 ], [ 79.868125848509479, 6.830569513367016 ], [ 79.867921214972881, 6.830510820013089 ], [ 79.868305100479844, 6.829427372571024 ], [ 79.868590830381663, 6.82952968304408 ], [ 79.869174467905324, 6.829756581995803 ], [ 79.869217644356667, 6.829773366942387 ], [ 79.869219031111271, 6.829769234557605 ], [ 79.869406222296817, 6.82982238628901 ], [ 79.869460871399454, 6.829889403767835 ], [ 79.869855036157503, 6.830244747491352 ], [ 79.869847658119468, 6.830267644230657 ], [ 79.869787076189311, 6.830454151931656 ], [ 79.869750699511968, 6.830580504880331 ], [ 79.869726301804249, 6.830742999783356 ] ], [ [ 79.867875211952239, 6.830074585868728 ], [ 79.867687907452236, 6.83057106469769 ], [ 79.867393009861345, 6.829991904898088 ], [ 79.867875211952239, 6.830074585868728 ] ], [ [ 79.866991520125339, 6.830599640655986 ], [ 79.867006288791927, 6.830541064213893 ], [ 79.867026993883343, 6.830444406879098 ], [ 79.86704768638424, 6.830353608627473 ], [ 79.867059552039308, 6.830280375934023 ], [ 79.867068512884131, 6.830192486089897 ], [ 79.867083530662896, 6.830002050150219 ], [ 79.867095345955889, 6.829955189176423 ], [ 79.867153990746445, 6.829949439810546 ], [ 79.867391423457263, 6.829993491302157 ], [ 79.867686321048168, 6.830572651101788 ], [ 79.867622844200298, 6.830789375124159 ], [ 79.867466872080215, 6.830770369751477 ], [ 79.867339995726283, 6.830757905147991 ], [ 79.86720794737117, 6.83074493242752 ], [ 79.866998997088842, 6.830691521691334 ], [ 79.866980128413033, 6.830684711125477 ], [ 79.866976717284473, 6.830675798843991 ], [ 79.866991520125339, 6.830599640655986 ] ], [ [ 79.868943566071309, 6.831179458758613 ], [ 79.868930078039341, 6.831367587037918 ], [ 79.868930513311255, 6.831421808962649 ], [ 79.868931943233321, 6.831600111249224 ], [ 79.868934955062898, 6.831975621370577 ], [ 79.868940478698931, 6.832240513980909 ], [ 79.868957617079161, 6.832734190522291 ], [ 79.86894534403126, 6.832854569274674 ], [ 79.868758628587088, 6.832854216740478 ], [ 79.868493624461067, 6.832847697555112 ], [ 79.868456146114141, 6.832847627407972 ], [ 79.868482926125921, 6.832444577347702 ], [ 79.868486851666631, 6.832171858836883 ], [ 79.868498210103994, 6.831987536488493 ], [ 79.868445116828525, 6.831988935833593 ], [ 79.868404148212861, 6.832847529381924 ], [ 79.867897339771545, 6.832846573402779 ], [ 79.867707122367307, 6.832851217501926 ], [ 79.867668451519435, 6.8328521617901 ], [ 79.867457620754706, 6.832863803514011 ], [ 79.867445734415242, 6.832779501065552 ], [ 79.867470497247723, 6.832424364185847 ], [ 79.86751926208612, 6.832117433665756 ], [ 79.867543672384329, 6.83194891870095 ], [ 79.867622915246898, 6.831449403760834 ], [ 79.86772600093542, 6.83108237514575 ], [ 79.867847370740506, 6.830600999531186 ], [ 79.867865485784463, 6.830576953458382 ], [ 79.867973900855517, 6.830577157604406 ], [ 79.868310975750873, 6.830692174598549 ], [ 79.868389075575124, 6.830723243477245 ], [ 79.868599865870422, 6.830807099861925 ], [ 79.868864800748753, 6.830849739417962 ], [ 79.868918962418846, 6.830873921288344 ], [ 79.868954987461308, 6.830934190254517 ], [ 79.8689486355497, 6.83110875945535 ], [ 79.868943566071309, 6.831179458758613 ] ], [ [ 79.866504283629752, 6.83159346795831 ], [ 79.866619913062237, 6.831593686493523 ], [ 79.86676664734631, 6.831607298631935 ], [ 79.866767135678217, 6.831600643648786 ], [ 79.86678443683563, 6.831607331906844 ], [ 79.866842209283845, 6.8316095937018 ], [ 79.866842685025162, 6.83160961078891 ], [ 79.866904028681091, 6.831612003884828 ], [ 79.86710859386919, 6.831616835042763 ], [ 79.867046265455571, 6.831652277324625 ], [ 79.866930527205113, 6.831709844727349 ], [ 79.866914852921184, 6.831729121695457 ], [ 79.866915328662557, 6.831729122594773 ], [ 79.866855223373051, 6.83180304776618 ], [ 79.866806186040023, 6.831865185523624 ], [ 79.866788508066605, 6.831930322519999 ], [ 79.86677483657293, 6.831980697145054 ], [ 79.866765922492775, 6.832059520923636 ], [ 79.86676544675143, 6.832059520923647 ], [ 79.866765314551103, 6.832060690941645 ], [ 79.866738862791834, 6.832217494035469 ], [ 79.866724835166565, 6.832300647150413 ], [ 79.866697824029032, 6.832473952803706 ], [ 79.866663004977468, 6.832499163498642 ], [ 79.866335705712729, 6.832463097986807 ], [ 79.86630648943742, 6.832459878413875 ], [ 79.865808215562254, 6.83239855634184 ], [ 79.865808540217515, 6.832392097410909 ], [ 79.865463518013243, 6.832360747044556 ], [ 79.865461931609204, 6.832367091761584 ], [ 79.865377194788252, 6.832360330658498 ], [ 79.865317873707525, 6.83235572612963 ], [ 79.865317873707525, 6.832355689257477 ], [ 79.865084192968268, 6.832337550831233 ], [ 79.864848495948991, 6.832332659418714 ], [ 79.864746216952213, 6.832328020715658 ], [ 79.864715103107443, 6.832319072461272 ], [ 79.864688461591228, 6.832296796254265 ], [ 79.864475935604375, 6.831798549358306 ], [ 79.864436112724889, 6.831691793536326 ], [ 79.864418390684648, 6.831656199269134 ], [ 79.864520829760778, 6.83157638263893 ], [ 79.8645391588433, 6.831566867811682 ], [ 79.864588013614039, 6.831540666963233 ], [ 79.864648293371999, 6.831508941579387 ], [ 79.864713719950089, 6.831478220738332 ], [ 79.864721150148739, 6.831474525424034 ], [ 79.864819065634961, 6.831434705242522 ], [ 79.864943597456374, 6.831430496415266 ], [ 79.865063665043181, 6.831435168393275 ], [ 79.865085867505798, 6.831452990258192 ], [ 79.865197015616602, 6.831470981195651 ], [ 79.865268113319402, 6.831502230838006 ], [ 79.865379151712872, 6.831578005914895 ], [ 79.865476847764526, 6.831653756710033 ], [ 79.865552426789094, 6.831667234849516 ], [ 79.865636924390401, 6.831667394928775 ], [ 79.865681405758025, 6.831663033216791 ], [ 79.86579710983429, 6.831623247209516 ], [ 79.865912764447756, 6.83161013059741 ], [ 79.866015084813426, 6.831592543455463 ], [ 79.866152975164354, 6.831579469111554 ], [ 79.86639310224416, 6.831593257517023 ], [ 79.866429625510904, 6.831593326764802 ], [ 79.866425721554023, 6.831790917710657 ], [ 79.866465316005602, 6.831787035337356 ], [ 79.866465317804284, 6.831786988572642 ], [ 79.86646863540328, 6.831717562709395 ], [ 79.866469111144667, 6.831717557313441 ], [ 79.866475043972116, 6.831593412200421 ], [ 79.866504283629752, 6.83159346795831 ] ], [ [ 79.870993509516836, 6.829487190975742 ], [ 79.870903208590349, 6.829462940756848 ], [ 79.870794839384715, 6.829438657263003 ], [ 79.870644343236563, 6.829396233544238 ], [ 79.870481788978481, 6.829359808303544 ], [ 79.870439616170515, 6.829365749224979 ], [ 79.870415501749193, 6.829377743483081 ], [ 79.870367181175837, 6.829449893392865 ], [ 79.870342998406059, 6.82949800802158 ], [ 79.870300655626252, 6.82959424986954 ], [ 79.87026437067972, 6.829672442324082 ], [ 79.870234073419425, 6.82976870575583 ], [ 79.870209766543169, 6.829883041963358 ], [ 79.870191561567054, 6.829955247631031 ], [ 79.870179276827969, 6.830081646445135 ], [ 79.870125103466663, 6.83006348373714 ], [ 79.870070930105399, 6.830045321928421 ], [ 79.870016756744093, 6.830027160119819 ], [ 79.869950481206047, 6.830039075237563 ], [ 79.869896126181686, 6.830117233517937 ], [ 79.869872043236697, 6.830191970777149 ], [ 79.869533985382276, 6.829846959364568 ], [ 79.86952205317742, 6.829719191782231 ], [ 79.869517799384028, 6.829108854285892 ], [ 79.869523188121718, 6.829116966170779 ], [ 79.869553549233956, 6.829153521813218 ], [ 79.869577825533213, 6.829190066663848 ], [ 79.869638640387791, 6.829214512934952 ], [ 79.869687341374444, 6.829208521651488 ], [ 79.869772524259176, 6.829220847759376 ], [ 79.869772546742212, 6.829208681730774 ], [ 79.869772615090724, 6.82917218364485 ], [ 79.86976652937841, 6.829172171953728 ], [ 79.869717840082913, 6.829172080222861 ], [ 79.869644807039066, 6.829171942626639 ], [ 79.869590112070981, 6.829129258104447 ], [ 79.869517390192556, 6.829050217589222 ], [ 79.86951726248877, 6.829031791379841 ], [ 79.86951686229051, 6.828995292394676 ], [ 79.86951550971007, 6.828871685076194 ], [ 79.869506985036352, 6.828092648253981 ], [ 79.869514472791636, 6.828087756841358 ], [ 79.869616943344013, 6.828045809763147 ], [ 79.869827793893862, 6.828022126117029 ], [ 79.869906025019233, 6.828058393077118 ], [ 79.870177060898158, 6.828058902992653 ], [ 79.870411925145277, 6.828077404744944 ], [ 79.870544386289168, 6.828101734104163 ], [ 79.870718917718278, 6.82817430219852 ], [ 79.870881403627948, 6.828246848709195 ], [ 79.871067868161262, 6.828379639904321 ], [ 79.871116007071606, 6.828403810982912 ], [ 79.871386930535394, 6.828464519717472 ], [ 79.871495310532879, 6.828482784048863 ], [ 79.871495220600707, 6.828530943643687 ], [ 79.871458753991163, 6.828705457086521 ], [ 79.871428321832525, 6.828873961259493 ], [ 79.871373831909949, 6.829024361180369 ], [ 79.87132555720197, 6.829072430843026 ], [ 79.871223188272936, 6.82906019826453 ], [ 79.871126853794905, 6.829041957315601 ], [ 79.871108682992954, 6.829096103697265 ], [ 79.871090285561976, 6.829270650415049 ], [ 79.871077967547961, 6.82941510851511 ], [ 79.871041727567516, 6.829469221621937 ], [ 79.871017612246931, 6.829481215880103 ], [ 79.870993509516836, 6.829487190975742 ] ], [ [ 79.871022366063372, 6.830582225282876 ], [ 79.870976753348685, 6.831076382062245 ], [ 79.870967660303478, 6.831159731229407 ], [ 79.870951232387753, 6.831174043939734 ], [ 79.870839796493939, 6.831154458504318 ], [ 79.870580895167251, 6.831105810577665 ], [ 79.870435627677452, 6.831076488182482 ], [ 79.87034006391842, 6.83105719772464 ], [ 79.870278734651578, 6.831048566031702 ], [ 79.870123290433554, 6.831026690022968 ], [ 79.869864378315043, 6.830984062158164 ], [ 79.86984630913652, 6.830984027983911 ], [ 79.869798215192233, 6.830935777557599 ], [ 79.869798263755612, 6.83090996431696 ], [ 79.869798471498967, 6.830799888197937 ], [ 79.869798566827129, 6.830749156542046 ], [ 79.869823112922973, 6.830508399936704 ], [ 79.869877660402196, 6.830327901505619 ], [ 79.869944265092059, 6.830141404596496 ], [ 79.869992529008243, 6.830099354995635 ], [ 79.870016643429565, 6.830087359838171 ], [ 79.870179209378861, 6.830117765916444 ], [ 79.870197560045114, 6.830117800990053 ], [ 79.870474919057457, 6.830229867308526 ], [ 79.870823169827887, 6.830376412734972 ], [ 79.870963113331214, 6.830409426847212 ], [ 79.871034560870314, 6.830433379390465 ], [ 79.871052372842698, 6.830466164175679 ], [ 79.871022366063372, 6.830582225282876 ] ], [ [ 79.870670294073761, 6.831178369678876 ], [ 79.870746763427121, 6.831194898318736 ], [ 79.871061902059196, 6.831253874958941 ], [ 79.87106586806938, 6.831253874958976 ], [ 79.871107731510563, 6.831260767363076 ], [ 79.871356101776115, 6.831321732404468 ], [ 79.871434664751291, 6.831341016567058 ], [ 79.871443163344566, 6.831386792958439 ], [ 79.871421163229371, 6.831430563861707 ], [ 79.871366192169475, 6.831525387478834 ], [ 79.871329525910468, 6.831598339583806 ], [ 79.871281336637978, 6.831697206552859 ], [ 79.871270854140249, 6.831718712940241 ], [ 79.871230549224251, 6.831784356254962 ], [ 79.871197543205909, 6.831853663407738 ], [ 79.871160924610891, 6.831901057679501 ], [ 79.871124155829136, 6.832028774899735 ], [ 79.871094789367177, 6.83210539174208 ], [ 79.871065339268142, 6.832225819957132 ], [ 79.871039694200789, 6.832265933317654 ], [ 79.871021347131801, 6.832309711415476 ], [ 79.871006687283128, 6.832335240470377 ], [ 79.870970110956279, 6.832360729055793 ], [ 79.870907957011141, 6.83238982122465 ], [ 79.870812886979891, 6.832440756127374 ], [ 79.870798275694682, 6.832440729147752 ], [ 79.870721744288005, 6.832345658217076 ], [ 79.870674366204071, 6.832287152821416 ], [ 79.870653646723454, 6.832268443325619 ], [ 79.870601432984927, 6.832221297266742 ], [ 79.870557660283069, 6.832188355100296 ], [ 79.870513874091372, 6.8321627163281 ], [ 79.870513901970426, 6.832148112237396 ], [ 79.870546977236458, 6.832042294408345 ], [ 79.870583691159638, 6.831943785369432 ], [ 79.870605711059881, 6.831889061622999 ], [ 79.870613691643669, 6.831844875232981 ], [ 79.870609910893819, 6.831843850005812 ], [ 79.870628928857116, 6.831720498994098 ], [ 79.870624354005798, 6.831730574099033 ], [ 79.870598402269536, 6.831724759082658 ], [ 79.870568931486204, 6.831856140140896 ], [ 79.870532169898993, 6.831980206113597 ], [ 79.870510162589284, 6.832027628264377 ], [ 79.870480796127325, 6.832104245106732 ], [ 79.870478013624918, 6.832114593605469 ], [ 79.870466081420005, 6.832158982343045 ], [ 79.870508461971298, 6.832190876799318 ], [ 79.870509854121863, 6.832191924509497 ], [ 79.870560932016687, 6.832224879266515 ], [ 79.87062292768114, 6.832279761293547 ], [ 79.870627724664871, 6.832284574465153 ], [ 79.870604594101962, 6.832316236896407 ], [ 79.870578934645351, 6.832363652751912 ], [ 79.870556921939695, 6.832414725250833 ], [ 79.87052032402913, 6.8324511666795 ], [ 79.870472850617062, 6.832443776050942 ], [ 79.870443620851958, 6.832447371540474 ], [ 79.870410697571302, 6.832472867320472 ], [ 79.870363072173816, 6.832545797841719 ], [ 79.870348385345494, 6.832585931886654 ], [ 79.87033010032971, 6.832596850555618 ], [ 79.870286293453617, 6.832582163727301 ], [ 79.87019866621155, 6.832560092565692 ], [ 79.870089142276427, 6.832527027192131 ], [ 79.869983250703058, 6.832504921856293 ], [ 79.869895636950829, 6.832475549098998 ], [ 79.869727694854305, 6.832427769917503 ], [ 79.869713117743345, 6.832409486700313 ], [ 79.869713248145004, 6.832340117494367 ], [ 79.869717114330456, 6.832226943210906 ], [ 79.869728396325485, 6.832055366054576 ], [ 79.869732207652305, 6.831971399053145 ], [ 79.869717657520937, 6.831938512644633 ], [ 79.869670198498014, 6.831923819521065 ], [ 79.869589842274721, 6.831920017187496 ], [ 79.869502160174036, 6.831927154207327 ], [ 79.869385268992744, 6.831926933873483 ], [ 79.869231855443886, 6.831922993943629 ], [ 79.869122283844661, 6.831915485503944 ], [ 79.868980315967448, 6.831911993436536 ], [ 79.868980637924693, 6.831741171710655 ], [ 79.868981262953525, 6.83140974275877 ], [ 79.868991170784398, 6.83105000494753 ], [ 79.868992215796624, 6.831012046362606 ], [ 79.869002717180123, 6.830853999506429 ], [ 79.869028224651217, 6.830854047170472 ], [ 79.869125161675115, 6.830849131476119 ], [ 79.869298544669931, 6.830885150223279 ], [ 79.869352085807861, 6.830897997937964 ], [ 79.869405627845083, 6.830910846552078 ], [ 79.869466806925118, 6.8309313573899 ], [ 79.869589174977634, 6.830967279909633 ], [ 79.869668213694126, 6.830985275343719 ], [ 79.869747253309981, 6.831003269878431 ], [ 79.869910394825453, 6.83105966546457 ], [ 79.870068483050247, 6.831090556277347 ], [ 79.870190889773681, 6.831106083072448 ], [ 79.870313296497102, 6.831121610766778 ], [ 79.870411896367386, 6.831137286849367 ], [ 79.870539984108134, 6.831157651996983 ], [ 79.870670294073761, 6.831178369678876 ] ], [ [ 79.869680207952456, 6.832427679985291 ], [ 79.8697020767666, 6.832453278287982 ], [ 79.869840809782417, 6.832493701015224 ], [ 79.869935708043172, 6.832534041004858 ], [ 79.869990480352925, 6.832545097270014 ], [ 79.87005256594955, 6.832552515777542 ], [ 79.87013654734001, 6.832570929396376 ], [ 79.870249709932153, 6.832611303560182 ], [ 79.870272588685012, 6.832617065516593 ], [ 79.870322733083498, 6.832629695595357 ], [ 79.870355595210327, 6.832637060143585 ], [ 79.870367112827793, 6.832617409956864 ], [ 79.870406899734292, 6.832549531826886 ], [ 79.870436212236953, 6.832502123165885 ], [ 79.870458197962989, 6.832465653858311 ], [ 79.870531221114319, 6.832484046792752 ], [ 79.870560437389599, 6.832487752898895 ], [ 79.870589818240745, 6.832403834460896 ], [ 79.870637435544367, 6.832334554287828 ], [ 79.870651834589552, 6.832308763530172 ], [ 79.870677617253264, 6.832334629830818 ], [ 79.870714077567612, 6.832371208855717 ], [ 79.870743983622901, 6.832421240839029 ], [ 79.870768697891904, 6.832462587170006 ], [ 79.870797927657065, 6.832492914108021 ], [ 79.870823367679066, 6.832528408550487 ], [ 79.870848882344831, 6.832557664395923 ], [ 79.87089257950359, 6.832630767586966 ], [ 79.870907101755961, 6.832678258086224 ], [ 79.870846719475281, 6.832736561134413 ], [ 79.870786337194573, 6.832794864182636 ], [ 79.870672885920058, 6.832907832521331 ], [ 79.87061844995678, 6.832980715378559 ], [ 79.870582191989911, 6.833031970439868 ], [ 79.870534602565357, 6.83309542210678 ], [ 79.87049440646723, 6.833130638658774 ], [ 79.870438524394032, 6.833214078657446 ], [ 79.870405545355368, 6.833268781719497 ], [ 79.870383785359223, 6.833288901352341 ], [ 79.87035431637446, 6.833316149011654 ], [ 79.870317746342906, 6.833337986349592 ], [ 79.870290564334056, 6.833341815662824 ], [ 79.870222139416356, 6.833308385164492 ], [ 79.870202482934417, 6.833300975650151 ], [ 79.870044860558394, 6.833241558342015 ], [ 79.869990796015088, 6.833221177905888 ], [ 79.869892753724443, 6.833164937003196 ], [ 79.869737858992167, 6.833076083085892 ], [ 79.869583553315806, 6.833007876703406 ], [ 79.869557144724041, 6.832996202603918 ], [ 79.869395424137437, 6.832931194210654 ], [ 79.869376416966006, 6.832923553570571 ], [ 79.86932859281832, 6.832913216763013 ], [ 79.8693049991045, 6.832873745518468 ], [ 79.86925401294053, 6.832858352722345 ], [ 79.86911628266877, 6.832852994561684 ], [ 79.869112847258606, 6.832853131258655 ], [ 79.868993837274502, 6.832857862591905 ], [ 79.868978571282852, 6.832837438089008 ], [ 79.868983855699128, 6.832740568514201 ], [ 79.86898421362929, 6.832728818871693 ], [ 79.868988798373081, 6.832578373085402 ], [ 79.868989293000169, 6.832562116040824 ], [ 79.868999621713897, 6.832495849495909 ], [ 79.86899342898225, 6.832370539760807 ], [ 79.868979965231929, 6.832098096442532 ], [ 79.868980255712884, 6.831943994912181 ], [ 79.86909301271082, 6.831940987579169 ], [ 79.869326740214831, 6.831970636428285 ], [ 79.869418061871812, 6.831970808198743 ], [ 79.869553238068889, 6.831960108964299 ], [ 79.869655531454811, 6.831952999823518 ], [ 79.869695686184073, 6.831967679457223 ], [ 79.86968811838905, 6.832106404379273 ], [ 79.869680421091743, 6.832314498507282 ], [ 79.86968393654162, 6.832387526155309 ], [ 79.869680207952456, 6.832427679985291 ] ], [ [ 79.866517926345423, 6.833665038302636 ], [ 79.866525360141409, 6.833634334548724 ], [ 79.866528943939826, 6.833556478440617 ], [ 79.86653927355276, 6.833332097590431 ], [ 79.866553717564088, 6.833159970048932 ], [ 79.866562022803137, 6.833060992463276 ], [ 79.866569173312669, 6.832973247409973 ], [ 79.866568809986603, 6.832973233020866 ], [ 79.866593506269254, 6.832670165088913 ], [ 79.866593573718376, 6.832634322608802 ], [ 79.866586339571796, 6.832633764129836 ], [ 79.866603512126275, 6.832599598885353 ], [ 79.866690920833037, 6.832560544026889 ], [ 79.867131914189201, 6.832595443117961 ], [ 79.867244542584046, 6.832604960643107 ], [ 79.867239823841331, 6.832680064825743 ], [ 79.867246806177675, 6.832680604418969 ], [ 79.867241827530876, 6.83275985087893 ], [ 79.867240825686153, 6.833290511140062 ], [ 79.867241211495326, 6.833290515636703 ], [ 79.867240659311662, 6.833582419384719 ], [ 79.867252829836943, 6.834313924338845 ], [ 79.86639117859454, 6.83408626006421 ], [ 79.86639109225969, 6.834083029699444 ], [ 79.8664447458128, 6.833932000253101 ], [ 79.866498465915782, 6.833745409814531 ], [ 79.866517926345423, 6.833665038302636 ] ], [ [ 79.868972401034441, 6.834152083242242 ], [ 79.869027605018758, 6.833887910988796 ], [ 79.869061903362834, 6.83378087008168 ], [ 79.869063527538501, 6.833775801502621 ], [ 79.869065969197862, 6.833768908199152 ], [ 79.869160975377156, 6.833500643131045 ], [ 79.869227115117567, 6.833318423397557 ], [ 79.869273794428253, 6.833189821244415 ], [ 79.869291152243022, 6.833146684363229 ], [ 79.869325049489504, 6.833062443967936 ], [ 79.869340507936116, 6.83298088984753 ], [ 79.869339106792339, 6.832965157107734 ], [ 79.869571490709262, 6.833061308124029 ], [ 79.869875016395795, 6.833235422267791 ], [ 79.870077434002823, 6.833315343219211 ], [ 79.870344881586888, 6.833438772471796 ], [ 79.87046771998493, 6.833518544135807 ], [ 79.870539970618651, 6.833569296476038 ], [ 79.870539888780385, 6.833612681570155 ], [ 79.870467229854469, 6.833778856499007 ], [ 79.870416397474571, 6.833879994256238 ], [ 79.870416029651892, 6.834075228978318 ], [ 79.870386873631247, 6.834190869202822 ], [ 79.870126523496708, 6.834139762529719 ], [ 79.869880602085118, 6.834110376282748 ], [ 79.869714206822522, 6.834110062419362 ], [ 79.869576735555512, 6.834117034863234 ], [ 79.869403091757334, 6.834123938958651 ], [ 79.869222255181384, 6.834109136117845 ], [ 79.869084756934726, 6.834130569660274 ], [ 79.869012383993223, 6.834144895860447 ], [ 79.868972401034441, 6.834152083242242 ] ], [ [ 79.871729394169009, 6.832468043356446 ], [ 79.871740270569802, 6.832511876312938 ], [ 79.871740181536936, 6.832559338933182 ], [ 79.87173279270705, 6.832603137715416 ], [ 79.87171077280675, 6.83265786236119 ], [ 79.871663182482862, 6.832712538443579 ], [ 79.871633911348894, 6.832738040518852 ], [ 79.871568029713941, 6.832807286517665 ], [ 79.871550089138523, 6.8328221720962 ], [ 79.871502175058609, 6.832861927526512 ], [ 79.871454605419117, 6.832905650765711 ], [ 79.871399695513091, 6.832967614953986 ], [ 79.871326522175011, 6.833029544968001 ], [ 79.871289917069831, 6.833069637644145 ], [ 79.871224035434864, 6.83313888364297 ], [ 79.871147194661432, 6.833208108957421 ], [ 79.871121604452696, 6.833219014136555 ], [ 79.871070512168714, 6.833193360975254 ], [ 79.87094638324352, 6.833156617374512 ], [ 79.870858769491392, 6.833127243717918 ], [ 79.870771155739192, 6.833097870960636 ], [ 79.870712730383275, 6.833086808400177 ], [ 79.870643360278038, 6.833068422660325 ], [ 79.870621497759174, 6.833039173110094 ], [ 79.870625171489749, 6.833028226562156 ], [ 79.870669136646484, 6.83295894009388 ], [ 79.870724032163409, 6.83290427750128 ], [ 79.87076666632349, 6.832863948303515 ], [ 79.870870408517192, 6.832765814281878 ], [ 79.870939956688147, 6.832689272982577 ], [ 79.871042312127301, 6.832649304412885 ], [ 79.871148355686117, 6.832591086800246 ], [ 79.87127994808489, 6.832543870594199 ], [ 79.871349910843279, 6.832511397873808 ], [ 79.871389629401378, 6.832492962671138 ], [ 79.871462741585617, 6.832463891186678 ], [ 79.871568730285773, 6.832434882654778 ], [ 79.871649106294228, 6.832427731245843 ], [ 79.871696586900811, 6.832431471526172 ], [ 79.871729394169009, 6.832468043356446 ] ], [ [ 79.867095168789689, 6.831661259753168 ], [ 79.867193042007784, 6.831643664517319 ], [ 79.867317581923075, 6.831635009441865 ], [ 79.867418029000788, 6.831624045806779 ], [ 79.867401271033899, 6.8316872114893 ], [ 79.867384943842183, 6.83178399832638 ], [ 79.867318012698391, 6.83218076302495 ], [ 79.86727625357868, 6.832496108501436 ], [ 79.867274103299664, 6.832509903202234 ], [ 79.867235835348083, 6.832532754076101 ], [ 79.867040339822765, 6.832525798719497 ], [ 79.866840052709648, 6.832518671592389 ], [ 79.866777424821791, 6.832511771094369 ], [ 79.866760052617849, 6.832491850211721 ], [ 79.866751182604517, 6.832478498876657 ], [ 79.866746853268225, 6.832416260395191 ], [ 79.866755565000872, 6.832335012044414 ], [ 79.866793718738549, 6.832108595129015 ], [ 79.86680086744947, 6.832074093538021 ], [ 79.866841220928947, 6.831900813065718 ], [ 79.86694820697717, 6.831767663940316 ], [ 79.867095168789689, 6.831661259753168 ] ] ], [ [ [ 79.870348812522664, 6.826830382314258 ], [ 79.870366919472744, 6.827024277046491 ], [ 79.870385096569905, 6.827181245615545 ], [ 79.870398776157572, 6.827273586204506 ], [ 79.870394054716797, 6.827328965556672 ], [ 79.870394010650017, 6.827352044858344 ], [ 79.87036624228331, 6.827384302640731 ], [ 79.87028771887833, 6.827393386692757 ], [ 79.870283057692163, 6.827416456101873 ], [ 79.870324619860455, 6.827416534342902 ], [ 79.870356945092041, 6.827416594597392 ], [ 79.870393906328715, 6.827407433203722 ], [ 79.870430963792842, 6.827347497886072 ], [ 79.870444869110315, 6.827319830243336 ], [ 79.870578782659209, 6.827324697374202 ], [ 79.870786609688395, 6.82731585613906 ], [ 79.870934385387429, 6.82731613402954 ], [ 79.871041337822987, 6.827323232613762 ], [ 79.871039845412099, 6.82732168752702 ], [ 79.871008753862611, 6.82728949857289 ], [ 79.871000029899491, 6.827281016809361 ], [ 79.870865176260835, 6.827283693684755 ], [ 79.870666611349407, 6.827278705145464 ], [ 79.870546525776206, 6.827287710956463 ], [ 79.870449539289694, 6.827292144614179 ], [ 79.870435685233602, 6.827292118533815 ], [ 79.870431111281619, 6.827269031138263 ], [ 79.870408308071887, 6.827116668896768 ], [ 79.870385477882451, 6.826978154416064 ], [ 79.870376372246724, 6.826908901222679 ], [ 79.870363654415968, 6.826752814070529 ], [ 79.870353791650587, 6.826745858090255 ], [ 79.870334712030726, 6.826733279903642 ], [ 79.870348812522664, 6.826830382314258 ] ] ], [ [ [ 79.865840273695468, 6.834508817319194 ], [ 79.865818619819265, 6.834370037538471 ], [ 79.865789783057892, 6.834165525410177 ], [ 79.865764524698974, 6.834001181501078 ], [ 79.865742952661009, 6.833818589448298 ], [ 79.865735715816513, 6.833782066181397 ], [ 79.865688256793632, 6.833767372158497 ], [ 79.865585969702948, 6.833770830051832 ], [ 79.865392367250607, 6.833770463128504 ], [ 79.86535764442651, 6.833771594475652 ], [ 79.865182491565932, 6.833777299774777 ], [ 79.865180486977039, 6.833777364525994 ], [ 79.865023400596883, 6.833784369345443 ], [ 79.864884577648908, 6.833791409238448 ], [ 79.864796888353681, 6.833802195707136 ], [ 79.864751075090112, 6.833796824955916 ], [ 79.864751066996192, 6.83379689240504 ], [ 79.864733809905545, 6.833794868930448 ], [ 79.864629152201928, 6.83364315959675 ], [ 79.86451543652673, 6.833552551102144 ], [ 79.864515377171458, 6.833552475559042 ], [ 79.864439287331962, 6.833491846864102 ], [ 79.864409756630025, 6.833468316329457 ], [ 79.864501057842062, 6.833568986636349 ], [ 79.864568662269633, 6.833638978418779 ], [ 79.864599753108678, 6.833671167177727 ], [ 79.864701610914082, 6.833770198762098 ], [ 79.86480653073734, 6.833865983655291 ], [ 79.864807341935148, 6.833866678791644 ], [ 79.865001852840763, 6.833842751534027 ], [ 79.865224719232444, 6.833821266730204 ], [ 79.865411001203341, 6.833828920860076 ], [ 79.865535212866178, 6.833821853987421 ], [ 79.865692257877413, 6.83383675485431 ], [ 79.865727869231748, 6.834052830465424 ], [ 79.865731983630084, 6.834077798343384 ], [ 79.86575595415988, 6.83427554127459 ], [ 79.865760757438935, 6.834315169001222 ], [ 79.865796316240889, 6.834530929473463 ], [ 79.865839290323962, 6.834552072393373 ], [ 79.865840273695468, 6.834508817319194 ] ] ], [ [ [ 79.867457359051272, 6.827664455848198 ], [ 79.86741254943108, 6.827661883787179 ], [ 79.867576504832968, 6.827732363655713 ], [ 79.867532624212487, 6.827691483173573 ], [ 79.867457359051272, 6.827664455848198 ] ] ] ] } }
]
}
