{
"type": "FeatureCollection",
"name": "landuse_clipped",
"crs": { "type": "name", "properties": { "name": "urn:ogc:def:crs:OGC:1.3:CRS84" } },
"features": [
{ "type": "Feature", "properties": { "Sub_class": "Coastal area", "NAME": null, "Land_Exten": 6.2192370017099998, "Main_C": "Coastal area", "Domain": "Non Built-up", "Area_m2": 828.253 }, "geometry": { "type": "MultiPolygon", "coordinates": [ [ [ [ 79.865248487149657, 6.819373498346606 ], [ 79.865247822433076, 6.819373428755339 ], [ 79.865229037913565, 6.819372087003948 ], [ 79.865206954921902, 6.819371024784095 ], [ 79.865181573458059, 6.819370242095783 ], [ 79.865152893522037, 6.81936973893901 ], [ 79.865120915113863, 6.819369515313779 ], [ 79.865088992611987, 6.819380081605996 ], [ 79.865076900300792, 6.819388185575955 ], [ 79.865021548505695, 6.819800208912568 ], [ 79.865006831100459, 6.819909764324223 ], [ 79.864896628176894, 6.820224527939672 ], [ 79.86509860601592, 6.819813280558492 ], [ 79.865248487149657, 6.819373498346606 ] ] ] ] } },
{ "type": "Feature", "properties": { "Sub_class": "Rail Road", "NAME": null, "Land_Exten": 1.42121732754, "Main_C": "Transport", "Domain": "Built-up", "Area_m2": 5908.925 }, "geometry": { "type": "MultiPolygon", "coordinates": [ [ [ [ 79.863148763404752, 6.828956543909442 ], [ 79.863152073809204, 6.828939509850557 ], [ 79.863180272051977, 6.828794436614032 ], [ 79.86320103200211, 6.828652817673458 ], [ 79.863218204556574, 6.828535665688491 ], [ 79.863240424106323, 6.828336117817628 ], [ 79.86327208653762, 6.828092927646537 ], [ 79.863276933883469, 6.828047722324584 ], [ 79.863278439348562, 6.828033686605409 ], [ 79.86327900682079, 6.828033309789475 ], [ 79.863285682488311, 6.827997962835752 ], [ 79.863287665493431, 6.827992446394319 ], [ 79.863290208776164, 6.827970939107615 ], [ 79.863314661342599, 6.827764171479373 ], [ 79.86339657968847, 6.827119081480475 ], [ 79.863409171995727, 6.827044434153379 ], [ 79.863443464943998, 6.826841158592629 ], [ 79.863514090502917, 6.826422507093071 ], [ 79.863515820798568, 6.826412247627161 ], [ 79.863530650619111, 6.826378232569425 ], [ 79.863548013829813, 6.826354033611835 ], [ 79.863548522846088, 6.826351414786018 ], [ 79.86357154009454, 6.826232996555575 ], [ 79.863609308023229, 6.825972275899858 ], [ 79.863712747145598, 6.82547882958437 ], [ 79.863806885479448, 6.82497605190332 ], [ 79.86389166996463, 6.824491883893359 ], [ 79.864009429891325, 6.823816841973724 ], [ 79.864169219633823, 6.823090652012013 ], [ 79.864300498169484, 6.822657799318051 ], [ 79.86438418728045, 6.822378532843061 ], [ 79.864388128109681, 6.822365380258134 ], [ 79.864400733906791, 6.822323316268069 ], [ 79.864403957976322, 6.822312555879819 ], [ 79.86452087433895, 6.821922409291801 ], [ 79.86457706757767, 6.821773491453541 ], [ 79.86468482884186, 6.821457019126171 ], [ 79.865101225741057, 6.820545032827056 ], [ 79.865176239991513, 6.820298354185752 ], [ 79.865293283158564, 6.820000526603053 ], [ 79.865405861191618, 6.819600236561712 ], [ 79.865418761067019, 6.819557552039441 ], [ 79.865424728068774, 6.819537805625259 ], [ 79.865429133847499, 6.819539702295458 ], [ 79.865442567020921, 6.819481464897763 ], [ 79.8654445077579, 6.819477363089902 ], [ 79.865443123701255, 6.819476934113254 ], [ 79.865451937956607, 6.819447768200007 ], [ 79.865453695976726, 6.819441950849435 ], [ 79.865444444918381, 6.819438615510494 ], [ 79.865404304189227, 6.819424079870409 ], [ 79.865399619901041, 6.819422373723166 ], [ 79.865391737338882, 6.819452667706514 ], [ 79.865375005452222, 6.819516971031419 ], [ 79.865362685639468, 6.819556008802806 ], [ 79.86528051008753, 6.819816395810051 ], [ 79.865252695855304, 6.819915751111068 ], [ 79.865230427742119, 6.82000407173058 ], [ 79.865172140881668, 6.82014755046913 ], [ 79.865111039143187, 6.820318637495177 ], [ 79.865044325635154, 6.820535276082182 ], [ 79.864972215295552, 6.820684251477076 ], [ 79.864877909687834, 6.820882888334665 ], [ 79.864719778295182, 6.821231897234327 ], [ 79.864630934270281, 6.821463681303896 ], [ 79.864505907821467, 6.821837604122209 ], [ 79.864458681722851, 6.821975581707761 ], [ 79.864397521528474, 6.822177042436635 ], [ 79.864353377406474, 6.822309089892656 ], [ 79.864331822455711, 6.822373564088764 ], [ 79.864278051091219, 6.822534408736033 ], [ 79.864214144367338, 6.822727580413527 ], [ 79.86415014861052, 6.822967694903241 ], [ 79.864105616880749, 6.823141574324268 ], [ 79.864049908376614, 6.823381704102417 ], [ 79.864023174230169, 6.823574927940626 ], [ 79.864017471629097, 6.823616147467305 ], [ 79.863967967547694, 6.8238412468761 ], [ 79.863867292941279, 6.824343125235089 ], [ 79.863773970292527, 6.824863476568225 ], [ 79.863744093914875, 6.825036929710564 ], [ 79.863677034167836, 6.825341366410953 ], [ 79.86358368993541, 6.825872792895098 ], [ 79.863550091263733, 6.82606100481155 ], [ 79.86349543316777, 6.826356137126083 ], [ 79.863482687975704, 6.826424958644964 ], [ 79.863456799191965, 6.826564743867891 ], [ 79.8634194656359, 6.826775098891744 ], [ 79.863393338531807, 6.826919024593337 ], [ 79.863370946312159, 6.827040808086849 ], [ 79.863359767739155, 6.827092470541118 ], [ 79.86330737683403, 6.827452310875515 ], [ 79.863284767877815, 6.827688535797336 ], [ 79.863245014246047, 6.827980529477884 ], [ 79.863243564538948, 6.827991175652301 ], [ 79.863236557920857, 6.828044656535724 ], [ 79.863233160282164, 6.828070588486923 ], [ 79.863228573739718, 6.828105590100961 ], [ 79.863179882645511, 6.828461745013556 ], [ 79.863142422285023, 6.828738550044079 ], [ 79.863113769884649, 6.828939437005488 ], [ 79.863148763404752, 6.828956543909442 ] ] ] ] } },
{ "type": "Feature", "properties": { "Sub_class": "Low Rise", "NAME": null, "Land_Exten": 0.43705396774, "Main_C": "Residential", "Domain": "Built-up", "Area_m2": 4364.469 }, "geometry": { "type": "MultiPolygon", "coordinates": [ [ [ [ 79.866010619294684, 6.819752436925455 ], [ 79.865891876409023, 6.819715100671431 ], [ 79.865873063491165, 6.819708551808276 ], [ 79.865724220296613, 6.820019098502655 ], [ 79.865604804718032, 6.820338032274435 ], [ 79.865553413859004, 6.820458357966913 ], [ 79.865978311150172, 6.820620306981652 ], [ 79.866250488872126, 6.819826709341868 ], [ 79.866184211162704, 6.819803103673927 ], [ 79.866125202054576, 6.819781146471452 ], [ 79.866092989888585, 6.81976843065657 ], [ 79.866010619294684, 6.819752436925455 ] ] ] ] } },
{ "type": "Feature", "properties": { "Sub_class": "Roads", "NAME": null, "Land_Exten": 0.034483822696500001, "Main_C": "Transport", "Domain": "Built-up", "Area_m2": 342.456 }, "geometry": { "type": "MultiPolygon", "coordinates": [ [ [ [ 79.866351092728792, 6.820383947161474 ], [ 79.866262260395047, 6.820664723598156 ], [ 79.866236878828943, 6.820728175265117 ], [ 79.86624507165277, 6.820819464546673 ], [ 79.866265134628293, 6.820823317242343 ], [ 79.866267018708015, 6.820728175265117 ], [ 79.866352679132888, 6.820475953202731 ], [ 79.86642882203256, 6.820234834170321 ], [ 79.866545330372091, 6.819929063905329 ], [ 79.866520347839668, 6.819920248354098 ], [ 79.866506318266374, 6.819915341916219 ], [ 79.866351092728792, 6.820383947161474 ] ] ] ] } },
{ "type": "Feature", "properties": { "Sub_class": "Roads", "NAME": null, "Land_Exten": 0.101567981165, "Main_C": "Transport", "Domain": "Built-up", "Area_m2": 1013.227 }, "geometry": { "type": "MultiPolygon", "coordinates": [ [ [ [ 79.865978311150172, 6.820620306981652 ], [ 79.865553413859004, 6.820458357966913 ], [ 79.86553693468187, 6.820496942479963 ], [ 79.865957688796357, 6.820648860456572 ], [ 79.865854578825804, 6.821032746863807 ], [ 79.865910099371661, 6.821045437197199 ], [ 79.865964034412741, 6.820843976468382 ], [ 79.865992587887661, 6.820737693689637 ], [ 79.866295275149596, 6.819842166689844 ], [ 79.866253493054913, 6.819827779320629 ], [ 79.866250488872126, 6.819826709341868 ], [ 79.865978311150172, 6.820620306981652 ] ] ] ] } },
{ "type": "Feature", "properties": { "Sub_class": "Low Rise", "NAME": null, "Land_Exten": 3.7155152288400002, "Main_C": "Residential", "Domain": "Built-up", "Area_m2": 37102.652 }, "geometry": { "type": "MultiPolygon", "coordinates": [ [ [ [ 79.865994967493805, 6.820736107285597 ], [ 79.865966414018828, 6.820842390064286 ], [ 79.865912478977805, 6.821043850793103 ], [ 79.865856958431948, 6.821031160459711 ], [ 79.865960068402501, 6.820647274052476 ], [ 79.865539314287957, 6.820495356075867 ], [ 79.865491571978509, 6.820607140906873 ], [ 79.865435548711673, 6.820781459197008 ], [ 79.865346010410121, 6.821007670167887 ], [ 79.865316160112741, 6.821085547859809 ], [ 79.865286365573354, 6.8211337371323 ], [ 79.865226867326101, 6.821181868848214 ], [ 79.865189549058528, 6.821281999364828 ], [ 79.865189268470033, 6.821430445059036 ], [ 79.865166619044317, 6.821627092616268 ], [ 79.865177575484779, 6.821723603361647 ], [ 79.865177555699688, 6.82173415061061 ], [ 79.865229518527542, 6.821743820121242 ], [ 79.865341884320571, 6.821783228413324 ], [ 79.86539661166438, 6.821814161494387 ], [ 79.865418027220244, 6.821828438231876 ], [ 79.865439132510005, 6.821678847700696 ], [ 79.865564311843571, 6.821733346616725 ], [ 79.865535767361848, 6.821886733186261 ], [ 79.865529861513949, 6.821933134606525 ], [ 79.86565575131192, 6.821994365847331 ], [ 79.865922251011114, 6.822071301949052 ], [ 79.865961115213338, 6.822087165090636 ], [ 79.865992048294459, 6.822095096211797 ], [ 79.866094365062963, 6.822131581707197 ], [ 79.86613640207338, 6.822144272040589 ], [ 79.866187164306268, 6.822164894394405 ], [ 79.866252995579316, 6.822186309050949 ], [ 79.866394177449365, 6.822251348021325 ], [ 79.866540117632383, 6.82230369575899 ], [ 79.866640847996791, 6.822336215244206 ], [ 79.866732854038048, 6.82235763080007 ], [ 79.866806617331576, 6.822352871587782 ], [ 79.866899416574881, 6.822347319173502 ], [ 79.866972386666362, 6.822338594850294 ], [ 79.867003640805422, 6.822149678764731 ], [ 79.867080894367859, 6.822155765376294 ], [ 79.86756231944554, 6.822150731870806 ], [ 79.867792805793385, 6.822173110600602 ], [ 79.867798028156528, 6.822037416393698 ], [ 79.867759956257032, 6.821929547210857 ], [ 79.867661605498768, 6.821872440260961 ], [ 79.867484561363483, 6.82184545160635 ], [ 79.867415424182525, 6.821842442474804 ], [ 79.867322636630433, 6.821823711395211 ], [ 79.867193195409698, 6.821800339813876 ], [ 79.867082788340042, 6.821784159211632 ], [ 79.866996175533131, 6.821764171779137 ], [ 79.866939056892022, 6.821728090978638 ], [ 79.866915511741524, 6.821696237891103 ], [ 79.866896475791805, 6.821627233809863 ], [ 79.866889337872692, 6.821482086828894 ], [ 79.866901235004036, 6.821317903898205 ], [ 79.866898855397892, 6.821063301330355 ], [ 79.866891717478836, 6.820903877611897 ], [ 79.866884578660461, 6.820815837580881 ], [ 79.866884816980757, 6.820746713889775 ], [ 79.866927647193222, 6.820639163066971 ], [ 79.866994573840543, 6.820557591859426 ], [ 79.867084374744138, 6.820446267481316 ], [ 79.867183359524461, 6.820273677688135 ], [ 79.867212586591677, 6.820206050468926 ], [ 79.867107376704155, 6.82015395634005 ], [ 79.866976119752167, 6.820103119463454 ], [ 79.8668951080179, 6.820049678273943 ], [ 79.866893927766441, 6.820049189265263 ], [ 79.86688878438612, 6.820047386286829 ], [ 79.866883473286862, 6.82004584187507 ], [ 79.866877994468666, 6.820044556029985 ], [ 79.866870719660341, 6.820042613285781 ], [ 79.866861648861871, 6.820040013642459 ], [ 79.866850782073243, 6.820036757100016 ], [ 79.866838119294485, 6.820032843658455 ], [ 79.866823660525569, 6.820028273317774 ], [ 79.866807405766508, 6.820023046077974 ], [ 79.866789355017303, 6.820017161939055 ], [ 79.86676950827794, 6.820010620901016 ], [ 79.866750758699879, 6.820004324453074 ], [ 79.866733106283135, 6.819998272595231 ], [ 79.866716551027665, 6.819992465327485 ], [ 79.866701092933496, 6.819986902649837 ], [ 79.86668673200063, 6.819981584562286 ], [ 79.866673468229038, 6.819976511064833 ], [ 79.866661301618763, 6.819971682157478 ], [ 79.866650232169775, 6.81996709784022 ], [ 79.866630602067374, 6.819959662301253 ], [ 79.866602411311547, 6.819949375540578 ], [ 79.866565659902307, 6.819936237558192 ], [ 79.866546895119967, 6.819929616055724 ], [ 79.866431201638704, 6.820233247766225 ], [ 79.866355058739032, 6.820474366798635 ], [ 79.866269398314159, 6.820726589760341 ], [ 79.866267514234437, 6.820821730838247 ], [ 79.866451048776923, 6.820856979765836 ], [ 79.866447032404665, 6.820925247302398 ], [ 79.866437261270676, 6.821074606707782 ], [ 79.866429831971232, 6.821188180290335 ], [ 79.866425588969832, 6.821223651350465 ], [ 79.866787464469951, 6.8212800766143 ], [ 79.866787123626921, 6.821460663179096 ], [ 79.86678378624282, 6.821577493206803 ], [ 79.866389782462534, 6.821465582470694 ], [ 79.866099924671857, 6.821400845672542 ], [ 79.866247451258914, 6.820817878142634 ], [ 79.866239258435087, 6.820726589760341 ], [ 79.866264639101871, 6.82066313719406 ], [ 79.866353472334936, 6.820382360757378 ], [ 79.866507979885469, 6.819915923019487 ], [ 79.866466475123616, 6.819901407928294 ], [ 79.866404041754123, 6.819879716280782 ], [ 79.866333047731231, 6.819855173411561 ], [ 79.866296926371021, 6.819842735276279 ], [ 79.865994967493805, 6.820736107285597 ] ] ] ] } },
{ "type": "Feature", "properties": { "Sub_class": "School", "NAME": "Kavidhaja Vidyalaya", "Land_Exten": 0.18831680793300001, "Main_C": "Institutional", "Domain": "Built-up", "Area_m2": 1883.943 }, "geometry": { "type": "MultiPolygon", "coordinates": [ [ [ [ 79.86624507165277, 6.820819464546673 ], [ 79.866097545065713, 6.821402432076638 ], [ 79.86638740285639, 6.82146716887479 ], [ 79.866398002266067, 6.821281538911933 ], [ 79.866396632598594, 6.821263286271687 ], [ 79.866418966362289, 6.821260709714011 ], [ 79.866423209363688, 6.821225237754561 ], [ 79.866444652798521, 6.820926833706437 ], [ 79.866448669170779, 6.820858566169932 ], [ 79.86624507165277, 6.820819464546673 ] ] ] ] } },
{ "type": "Feature", "properties": { "Sub_class": "Low Rise", "NAME": null, "Land_Exten": 3.9946516087899999, "Main_C": "Residential", "Domain": "Built-up", "Area_m2": 39734.856 }, "geometry": { "type": "MultiPolygon", "coordinates": [ [ [ [ 79.867309234933316, 6.820256669709579 ], [ 79.867253137022715, 6.820228893248895 ], [ 79.867230394966839, 6.820255312632639 ], [ 79.867163337917759, 6.82037394310305 ], [ 79.86710693603635, 6.820458161015381 ], [ 79.867103763228158, 6.820462898643882 ], [ 79.867033028851267, 6.820562966207945 ], [ 79.866962387104536, 6.820645507783979 ], [ 79.866927171451835, 6.820714988505983 ], [ 79.866902424807108, 6.820804455761049 ], [ 79.866919556892071, 6.820951982348163 ], [ 79.866920508374847, 6.821120447850433 ], [ 79.866920508374847, 6.821285107421829 ], [ 79.86691099084959, 6.82153066730649 ], [ 79.866923363722321, 6.821639170511332 ], [ 79.866968097799543, 6.82171245806353 ], [ 79.86706791085544, 6.82175431071289 ], [ 79.867208974015, 6.821769421121928 ], [ 79.867342618666953, 6.821780806539039 ], [ 79.867457684224803, 6.821799578987452 ], [ 79.867628464582026, 6.821807323049541 ], [ 79.867722678458904, 6.821848645998273 ], [ 79.867814684500161, 6.821889889806641 ], [ 79.867849582692145, 6.821937479231337 ], [ 79.867862273924857, 6.822000931797618 ], [ 79.867869231080192, 6.8221120907005 ], [ 79.867824508694184, 6.822201074120301 ], [ 79.867809481922109, 6.822293823900907 ], [ 79.86782798996984, 6.822323548293184 ], [ 79.867931910229515, 6.822346010659885 ], [ 79.868054380805063, 6.822375931104375 ], [ 79.868180557486824, 6.822409568446858 ], [ 79.868332725474943, 6.822443255252097 ], [ 79.868488584280783, 6.822488082858797 ], [ 79.868651883177904, 6.822525501850464 ], [ 79.86876691456149, 6.822562829111348 ], [ 79.868841060966247, 6.822622347143636 ], [ 79.869015318102527, 6.822756276880739 ], [ 79.869085793474653, 6.822793520504604 ], [ 79.869156269746099, 6.822830765027845 ], [ 79.869247965521254, 6.822898241160942 ], [ 79.869375521763004, 6.822730976253581 ], [ 79.869535492269222, 6.822564275221168 ], [ 79.869624804840953, 6.822456819726483 ], [ 79.869769916748339, 6.822293801417857 ], [ 79.869926180249081, 6.822123382588074 ], [ 79.87008612287633, 6.821971525765377 ], [ 79.870153088194513, 6.821901139426075 ], [ 79.870153123268096, 6.821882583714341 ], [ 79.870075172731106, 6.821871303517867 ], [ 79.86994187971402, 6.821850323233889 ], [ 79.86990813984886, 6.821845011837866 ], [ 79.869855479147077, 6.821830550739378 ], [ 79.869807297069144, 6.8219521300868 ], [ 79.869656362051501, 6.822269074558164 ], [ 79.869336594608228, 6.822126542805734 ], [ 79.869355630557948, 6.822078954280357 ], [ 79.86913672028345, 6.822021846431142 ], [ 79.869189342314371, 6.821896704869062 ], [ 79.869305944764236, 6.821645431282489 ], [ 79.869266423759967, 6.821632211318331 ], [ 79.869097251271882, 6.821575075071532 ], [ 79.868948246984431, 6.821524563722235 ], [ 79.868819410897601, 6.821480677270436 ], [ 79.868710743011377, 6.821443415716141 ], [ 79.868622243325802, 6.821412779059346 ], [ 79.86855391184082, 6.82138876730005 ], [ 79.868505748556458, 6.821371380438256 ], [ 79.868477753472717, 6.821360618473961 ], [ 79.868469926589597, 6.821356481407166 ], [ 79.86846152666682, 6.821351072471865 ], [ 79.868452553704387, 6.821344391668057 ], [ 79.868443007702297, 6.821336438995741 ], [ 79.868432888660521, 6.821327214454917 ], [ 79.868422196579118, 6.821316718045586 ], [ 79.868420179682303, 6.821314611064054 ], [ 79.868362145896356, 6.821277855288827 ], [ 79.868310845868905, 6.821230743404158 ], [ 79.868218289442552, 6.821155709368554 ], [ 79.868144028823906, 6.82110336163089 ], [ 79.868068679126281, 6.821045858079913 ], [ 79.86804974233111, 6.821025643992511 ], [ 79.868021683788442, 6.821007164818074 ], [ 79.867980341073661, 6.820979071898293 ], [ 79.867945553373488, 6.820954431193032 ], [ 79.867917320687951, 6.820933242702292 ], [ 79.867895643017008, 6.820915506426073 ], [ 79.867895492832858, 6.820915364570069 ], [ 79.867886253447921, 6.820911021826248 ], [ 79.867878378716298, 6.820898514738901 ], [ 79.867871952719, 6.820890390517193 ], [ 79.86787095103783, 6.820886717686287 ], [ 79.867852545058952, 6.820857484285511 ], [ 79.867860179855811, 6.820746253557408 ], [ 79.867858465322186, 6.820738325359374 ], [ 79.867855865678862, 6.820729380350089 ], [ 79.86785263708957, 6.82072060305973 ], [ 79.867848779554336, 6.820711993488296 ], [ 79.867844293073119, 6.820703551635785 ], [ 79.867839177645919, 6.820695277502198 ], [ 79.867833433272779, 6.820687171087535 ], [ 79.867827059953655, 6.820679232391796 ], [ 79.867820966166079, 6.820671643110482 ], [ 79.867815151910037, 6.820664403243592 ], [ 79.867809617185543, 6.820657512791129 ], [ 79.867804361992597, 6.82065097175309 ], [ 79.867799386331185, 6.820644780129476 ], [ 79.867794690201308, 6.82063893792029 ], [ 79.867790273602978, 6.820633445125527 ], [ 79.867786136536182, 6.820628301745187 ], [ 79.867779665381036, 6.820621075854875 ], [ 79.867770860137512, 6.820611767454592 ], [ 79.867759720805637, 6.820600376544332 ], [ 79.867746247385398, 6.820586903124099 ], [ 79.867730439876794, 6.820571347193891 ], [ 79.867712298279855, 6.82055370875371 ], [ 79.867691822594537, 6.820533987803556 ], [ 79.867669012820869, 6.820512184343428 ], [ 79.867646314859797, 6.820491093688728 ], [ 79.867623728711351, 6.820470715839454 ], [ 79.867601254375529, 6.820451050795607 ], [ 79.867578891852304, 6.820432098557188 ], [ 79.867556641141718, 6.820413859124196 ], [ 79.867534502243743, 6.820396332496632 ], [ 79.867512475158378, 6.820379518674494 ], [ 79.867490559885638, 6.820363417657784 ], [ 79.867486653157911, 6.82036062604437 ], [ 79.867309234933316, 6.820256669709579 ] ] ] ] } },
{ "type": "Feature", "properties": { "Sub_class": "School", "NAME": "Sri Dharmarma Vidyalaya", "Land_Exten": 0.31501598829400002, "Main_C": "Institutional", "Domain": "Built-up", "Area_m2": 3151.464 }, "geometry": { "type": "MultiPolygon", "coordinates": [ [ [ [ 79.869304021163714, 6.821651269990184 ], [ 79.869186486966839, 6.82190455235326 ], [ 79.869133864935975, 6.822029693915283 ], [ 79.869352775210473, 6.822086800865236 ], [ 79.869333739260696, 6.822134390289932 ], [ 79.869653506704026, 6.822276922042363 ], [ 79.869804441721669, 6.821959976671621 ], [ 79.869852623799602, 6.82183839822352 ], [ 79.869823641348034, 6.821830439223447 ], [ 79.869667810421163, 6.821770767407031 ], [ 79.869489694294032, 6.821714765723925 ], [ 79.869304166853851, 6.821651327546761 ], [ 79.869304021163714, 6.821651269990184 ] ] ] ] } },
{ "type": "Feature", "properties": { "Sub_class": "Low Rise", "NAME": null, "Land_Exten": 0.85674399725100003, "Main_C": "Residential", "Domain": "Built-up", "Area_m2": 8570.98 }, "geometry": { "type": "MultiPolygon", "coordinates": [ [ [ [ 79.867990634160492, 6.822403363124749 ], [ 79.867962467394022, 6.822594773030403 ], [ 79.867869294032744, 6.822905402462425 ], [ 79.867906969331216, 6.822935145740416 ], [ 79.868097326130737, 6.823018426559202 ], [ 79.868192504080866, 6.823066015983898 ], [ 79.868406656042396, 6.823157228823106 ], [ 79.868515715028309, 6.823202835242682 ], [ 79.868712019943814, 6.823266286909643 ], [ 79.868805215788143, 6.823301979203052 ], [ 79.868838925076375, 6.823319825349699 ], [ 79.868868668354423, 6.823329739475923 ], [ 79.868898411632472, 6.82332379046062 ], [ 79.868951949173152, 6.823290082071651 ], [ 79.869090751437113, 6.82310765639329 ], [ 79.869220058658811, 6.822938938181494 ], [ 79.869225080473143, 6.822932352446173 ], [ 79.869008658622761, 6.822812361301487 ], [ 79.868852945507115, 6.822689600244928 ], [ 79.868719441149324, 6.822603992880033 ], [ 79.868656349211221, 6.822589029959829 ], [ 79.86843740476246, 6.822525527930793 ], [ 79.868248136142654, 6.822476926768786 ], [ 79.867990634160492, 6.822403363124749 ] ] ] ] } },
{ "type": "Feature", "properties": { "Sub_class": "Barren Land", "NAME": null, "Land_Exten": 0.11718220740800001, "Main_C": "Barren Land", "Domain": "Non Built-up", "Area_m2": 1172.306 }, "geometry": { "type": "MultiPolygon", "coordinates": [ [ [ [ 79.868230179379339, 6.823143348686642 ], [ 79.867950832864722, 6.823001265695893 ], [ 79.867923872089079, 6.823063817141474 ], [ 79.867854900383406, 6.823288805933714 ], [ 79.86836371611264, 6.823306439840394 ], [ 79.868366061544577, 6.823193479595432 ], [ 79.868230179379339, 6.823143348686642 ] ] ] ] } },
{ "type": "Feature", "properties": { "Sub_class": "Low Rise", "NAME": null, "Land_Exten": 1.6526845079100001, "Main_C": "Residential", "Domain": "Built-up", "Area_m2": 16533.665 }, "geometry": { "type": "MultiPolygon", "coordinates": [ [ [ [ 79.867772133077551, 6.823480438871229 ], [ 79.867914900452377, 6.823452678598301 ], [ 79.868087412004513, 6.82344672958294 ], [ 79.868083445994273, 6.823510182149221 ], [ 79.867962489877073, 6.823500267123677 ], [ 79.867873260042984, 6.823496302012757 ], [ 79.867813773486887, 6.823526045290805 ], [ 79.867732475673279, 6.823863135475392 ], [ 79.867776099087735, 6.8238889127432 ], [ 79.86807749697897, 6.823916673016072 ], [ 79.868283876999385, 6.823979463681326 ], [ 79.86834560466599, 6.823802308030167 ], [ 79.868465464509654, 6.823876783586741 ], [ 79.868647914469761, 6.823623591155865 ], [ 79.868802811900309, 6.823427844719333 ], [ 79.868823612319886, 6.823394719091084 ], [ 79.868735815105822, 6.823341636607267 ], [ 79.868434416315324, 6.823218698384267 ], [ 79.868366061544577, 6.823193479595432 ], [ 79.86836371611264, 6.823306439840394 ], [ 79.867854900383406, 6.823288805933714 ], [ 79.867861424964872, 6.823267521678815 ], [ 79.867905259720033, 6.823124529473489 ], [ 79.867950832864722, 6.823001265695893 ], [ 79.867786013214015, 6.822923248609072 ], [ 79.867694800374807, 6.822895487436824 ], [ 79.867631348707846, 6.822909368472608 ], [ 79.867577082716252, 6.822926634556609 ], [ 79.867556621341066, 6.822962833168276 ], [ 79.867492546443941, 6.822996615301577 ], [ 79.867216925820514, 6.823012478443161 ], [ 79.867128058413243, 6.823007662573616 ], [ 79.867132783451268, 6.823032554908536 ], [ 79.867132783451268, 6.823330780890899 ], [ 79.867065594201847, 6.823601546973862 ], [ 79.866965157915786, 6.823897012037548 ], [ 79.866998651366714, 6.823896217036861 ], [ 79.866989983700819, 6.824063163584185 ], [ 79.867044814466681, 6.824100811903008 ], [ 79.867167088090696, 6.824112684752663 ], [ 79.867463866164542, 6.824321162891408 ], [ 79.867514357701509, 6.824283506478707 ], [ 79.867632289398671, 6.823936077687904 ], [ 79.867349779069116, 6.823869083591376 ], [ 79.8673557271851, 6.823827443181983 ], [ 79.867669122032396, 6.823895592008 ], [ 79.867772133077551, 6.823480438871229 ] ] ] ] } },
{ "type": "Feature", "properties": { "Sub_class": "Roads", "NAME": null, "Land_Exten": 0.102382350341, "Main_C": "Transport", "Domain": "Built-up", "Area_m2": 1024.246 }, "geometry": { "type": "MultiPolygon", "coordinates": [ [ [ [ 79.867754286930847, 6.823934519162776 ], [ 79.8678573969014, 6.823934519162776 ], [ 79.86798231902884, 6.823962279435705 ], [ 79.868188538969946, 6.824013834870641 ], [ 79.868441865399802, 6.82415488094307 ], [ 79.868438999260491, 6.824098440390742 ], [ 79.86843906850828, 6.824062144652316 ], [ 79.868283876999385, 6.823979463681326 ], [ 79.86807749697897, 6.823916673016072 ], [ 79.867776099087735, 6.8238889127432 ], [ 79.867732475673279, 6.823863135475392 ], [ 79.867813773486887, 6.823526045290805 ], [ 79.867873260042984, 6.823496302012757 ], [ 79.867962489877073, 6.823500267123677 ], [ 79.868083445994273, 6.823510182149221 ], [ 79.868087412004513, 6.82344672958294 ], [ 79.867914900452377, 6.823452678598301 ], [ 79.867772133077551, 6.823480438871229 ], [ 79.867669122032396, 6.823895592008 ], [ 79.86767790661014, 6.823912449799764 ], [ 79.867693750865953, 6.823924638311439 ], [ 79.867754286930847, 6.823934519162776 ] ] ] ] } },
{ "type": "Feature", "properties": { "Sub_class": "Factory", "NAME": null, "Land_Exten": 0.032585072468599999, "Main_C": "Industrial", "Domain": "Built-up", "Area_m2": 325.985 }, "geometry": { "type": "MultiPolygon", "coordinates": [ [ [ [ 79.868439279848928, 6.823949928146703 ], [ 79.868451266912473, 6.823896485934142 ], [ 79.868465464509654, 6.823876783586741 ], [ 79.86834560466599, 6.823802308030167 ], [ 79.868283876999385, 6.823979463681326 ], [ 79.86843906850828, 6.824062144652316 ], [ 79.868439279848928, 6.823949928146703 ] ] ] ] } },
{ "type": "Feature", "properties": { "Sub_class": "Low Rise", "NAME": null, "Land_Exten": 0.25074533343400002, "Main_C": "Residential", "Domain": "Built-up", "Area_m2": 2508.487 }, "geometry": { "type": "MultiPolygon", "coordinates": [ [ [ [ 79.86773177420207, 6.822243229841206 ], [ 79.86764015756728, 6.822231607902438 ], [ 79.867408376195669, 6.822225230809806 ], [ 79.867158754073273, 6.822224760464394 ], [ 79.867039908664935, 6.822212655589624 ], [ 79.867027932393228, 6.822260156880759 ], [ 79.867009956744141, 6.822337350188604 ], [ 79.8670015273986, 6.822432167510556 ], [ 79.867181973669233, 6.822437973533681 ], [ 79.867240742566253, 6.822626803284379 ], [ 79.867345813058876, 6.822582192414302 ], [ 79.867508786401402, 6.822558089684151 ], [ 79.867607457318343, 6.822553579584053 ], [ 79.867672989117239, 6.822433476024173 ], [ 79.86770074939011, 6.822358126326492 ], [ 79.867707227206836, 6.822319463572455 ], [ 79.86773177420207, 6.822243229841206 ] ] ] ] } },
{ "type": "Feature", "properties": { "Sub_class": "Barren Land", "NAME": null, "Land_Exten": 0.048503375054700003, "Main_C": "Barren Land", "Domain": "Non Built-up", "Area_m2": 485.234 }, "geometry": { "type": "MultiPolygon", "coordinates": [ [ [ [ 79.866997812299246, 6.822473959905381 ], [ 79.866989349678818, 6.822603956007811 ], [ 79.867117780960882, 6.822623832823695 ], [ 79.867240742566253, 6.822626803284379 ], [ 79.867181973669233, 6.822437973533681 ], [ 79.8670015273986, 6.822432167510556 ], [ 79.866997812299246, 6.822473959905381 ] ] ] ] } },
{ "type": "Feature", "properties": { "Sub_class": "Factory", "NAME": null, "Land_Exten": 0.17102040876300001, "Main_C": "Industrial", "Domain": "Built-up", "Area_m2": 1710.91 }, "geometry": { "type": "MultiPolygon", "coordinates": [ [ [ [ 79.867692817369687, 6.822847898911448 ], [ 79.867791962229319, 6.822873676179256 ], [ 79.867829636628471, 6.82288953932084 ], [ 79.867869294032744, 6.822905402462425 ], [ 79.867962467394022, 6.822594773030403 ], [ 79.867990634160492, 6.822403363124749 ], [ 79.867973526357218, 6.822398475309456 ], [ 79.867784222663829, 6.822368429859182 ], [ 79.867779744939355, 6.822358685704842 ], [ 79.867740948186281, 6.822362489837076 ], [ 79.867718104506991, 6.822398217204011 ], [ 79.867704224370527, 6.822449771739628 ], [ 79.867663247660801, 6.822594023895135 ], [ 79.867651349630137, 6.822599942333511 ], [ 79.867637024329269, 6.82260086953454 ], [ 79.867618872413061, 6.822813741760797 ], [ 79.867692817369687, 6.822847898911448 ] ] ] ] } },
{ "type": "Feature", "properties": { "Sub_class": "Low Rise", "NAME": null, "Land_Exten": 0.15045392568300001, "Main_C": "Residential", "Domain": "Built-up", "Area_m2": 1505.16 }, "geometry": { "type": "MultiPolygon", "coordinates": [ [ [ [ 79.867218908825635, 6.822701165526439 ], [ 79.867153473254234, 6.822808240607856 ], [ 79.86713761011265, 6.822937128745536 ], [ 79.867191147653386, 6.822933162735296 ], [ 79.867270463361251, 6.822929196725113 ], [ 79.867408181042777, 6.822916971341215 ], [ 79.867456448556311, 6.822917062172735 ], [ 79.867497304756853, 6.822909717409573 ], [ 79.867523344626704, 6.822883788156332 ], [ 79.867556845272247, 6.822839317580474 ], [ 79.867612587950646, 6.822813444984547 ], [ 79.867618872413061, 6.822813741760797 ], [ 79.867637024329269, 6.82260086953454 ], [ 79.867562187245198, 6.82260571508175 ], [ 79.86729971560942, 6.822638146433349 ], [ 79.867218908825635, 6.822701165526439 ] ] ] ] } },
{ "type": "Feature", "properties": { "Sub_class": "Temple/Shrine", "NAME": "Jayawardanarama Temple", "Land_Exten": 0.37643176595599998, "Main_C": "Cultural", "Domain": "Built-up", "Area_m2": 3765.869 }, "geometry": { "type": "MultiPolygon", "coordinates": [ [ [ [ 79.866814400064584, 6.822990666286273 ], [ 79.866651861094567, 6.822994884106663 ], [ 79.86658438586079, 6.823056101857674 ], [ 79.866535411480129, 6.823279869370538 ], [ 79.866475535517623, 6.823438550248966 ], [ 79.867065594201847, 6.823601546973862 ], [ 79.867132783451268, 6.823330780890899 ], [ 79.867132783451268, 6.823032554908536 ], [ 79.867128058413243, 6.823007662573616 ], [ 79.866814400064584, 6.822990666286273 ] ] ] ] } },
{ "type": "Feature", "properties": { "Sub_class": "Low Rise", "NAME": null, "Land_Exten": 0.27383697131899998, "Main_C": "Residential", "Domain": "Built-up", "Area_m2": 2739.498 }, "geometry": { "type": "MultiPolygon", "coordinates": [ [ [ [ 79.867065594201847, 6.823601546973862 ], [ 79.866475535517623, 6.823438550248966 ], [ 79.866435543565558, 6.823544534452765 ], [ 79.866387825537799, 6.823674928954858 ], [ 79.866443588001232, 6.823707337823407 ], [ 79.86643204969937, 6.823826848730107 ], [ 79.866833418927172, 6.823948767121976 ], [ 79.866835776050266, 6.823900084121647 ], [ 79.866965157915786, 6.823897012037548 ], [ 79.867065594201847, 6.823601546973862 ] ] ] ] } },
{ "type": "Feature", "properties": { "Sub_class": "Retail", "NAME": "Vijitha Lanka Motors", "Land_Exten": 0.099578669312900006, "Main_C": "Commercial", "Domain": "Built-up", "Area_m2": 996.197 }, "geometry": { "type": "MultiPolygon", "coordinates": [ [ [ [ 79.866933301230915, 6.82435805398103 ], [ 79.867004802729525, 6.824178001613518 ], [ 79.867042299062916, 6.824095808974448 ], [ 79.867044814466681, 6.82409605359004 ], [ 79.866989983700819, 6.824058404371897 ], [ 79.866998651366714, 6.823891458723892 ], [ 79.866835776050266, 6.823895324909358 ], [ 79.866827085901377, 6.824074793616887 ], [ 79.866751269455563, 6.824266621707295 ], [ 79.866933301230915, 6.82435805398103 ] ] ] ] } },
{ "type": "Feature", "properties": { "Sub_class": "Roads", "NAME": null, "Land_Exten": 0.078956183766299995, "Main_C": "Transport", "Domain": "Built-up", "Area_m2": 789.888 }, "geometry": { "type": "MultiPolygon", "coordinates": [ [ [ [ 79.867168559381582, 6.824246875293113 ], [ 79.867226062932502, 6.824276618571162 ], [ 79.867301412630127, 6.824336105127202 ], [ 79.867386676454032, 6.824401539799283 ], [ 79.867454094131176, 6.824464992365563 ], [ 79.867549272980625, 6.824522495916483 ], [ 79.867729715653923, 6.824631554902396 ], [ 79.867834807730276, 6.82470293858978 ], [ 79.867935935595028, 6.824754493125397 ], [ 79.868001370267109, 6.824821911701918 ], [ 79.868019216413757, 6.824877432247774 ], [ 79.868039045565581, 6.824956747955582 ], [ 79.868111757551617, 6.825079466744057 ], [ 79.868134161462422, 6.825012709169243 ], [ 79.868082668980037, 6.824930969788454 ], [ 79.868056890812909, 6.82486156910619 ], [ 79.868041027671325, 6.824790185418749 ], [ 79.86796766097882, 6.824730698862709 ], [ 79.8679101574279, 6.824698972579597 ], [ 79.867737646775026, 6.824589913593684 ], [ 79.86762858778917, 6.824522495916483 ], [ 79.867511597682153, 6.824455078239339 ], [ 79.86746966409379, 6.824393641053746 ], [ 79.867404331045122, 6.824369755959538 ], [ 79.867339065445549, 6.824310228034619 ], [ 79.867238207377397, 6.824214988930635 ], [ 79.86711945100194, 6.824155360281679 ], [ 79.867071914637222, 6.824149329428053 ], [ 79.867059966244483, 6.824181980214291 ], [ 79.867168559381582, 6.824246875293113 ] ] ] ] } },
{ "type": "Feature", "properties": { "Sub_class": "Low Rise", "NAME": null, "Land_Exten": 1.06628981745, "Main_C": "Residential", "Domain": "Built-up", "Area_m2": 10667.296 }, "geometry": { "type": "MultiPolygon", "coordinates": [ [ [ [ 79.868039045565581, 6.824956747955582 ], [ 79.868019216413757, 6.824877432247774 ], [ 79.868001370267109, 6.824821911701918 ], [ 79.867935935595028, 6.824754493125397 ], [ 79.867834807730276, 6.82470293858978 ], [ 79.867729715653923, 6.824631554902396 ], [ 79.867549272980625, 6.824522495916483 ], [ 79.867454094131176, 6.824464992365563 ], [ 79.867386676454032, 6.824401539799283 ], [ 79.867301412630127, 6.824336105127202 ], [ 79.867226062932502, 6.824276618571162 ], [ 79.867168559381582, 6.824246875293113 ], [ 79.867059966244483, 6.824181980214291 ], [ 79.867048017851801, 6.824214631000473 ], [ 79.866970439634144, 6.824380819419332 ], [ 79.866892726518188, 6.824618294398817 ], [ 79.86680595632987, 6.824865412808606 ], [ 79.866896170022301, 6.824895658807634 ], [ 79.867051398403362, 6.824949693673489 ], [ 79.867093138637472, 6.824991571503858 ], [ 79.867158742382117, 6.825051407896183 ], [ 79.867218405205278, 6.825093319900816 ], [ 79.867295979825656, 6.825141235779483 ], [ 79.867421303050776, 6.825213128483142 ], [ 79.867534722849257, 6.825261112710223 ], [ 79.867654037703744, 6.82535090641926 ], [ 79.867773341766394, 6.82544667252597 ], [ 79.867833061246813, 6.825458727937985 ], [ 79.867988277936718, 6.825518733402873 ], [ 79.868013168472999, 6.825529031539645 ], [ 79.868062213000769, 6.825345243388313 ], [ 79.868104276091515, 6.825101760937571 ], [ 79.868111757551617, 6.825079466744057 ], [ 79.868039045565581, 6.824956747955582 ] ] ] ] } },
{ "type": "Feature", "properties": { "Sub_class": "Playground", "NAME": null, "Land_Exten": 0.129301405861, "Main_C": "Public Space", "Domain": "Built-up", "Area_m2": 1293.547 }, "geometry": { "type": "MultiPolygon", "coordinates": [ [ [ [ 79.866423209363688, 6.821225237754561 ], [ 79.866418966362289, 6.821260709714011 ], [ 79.866396676665374, 6.821263288070327 ], [ 79.866398046332847, 6.821281540710572 ], [ 79.866397268419234, 6.821294385727356 ], [ 79.86638740285639, 6.82146716887479 ], [ 79.866781406636676, 6.821579079610899 ], [ 79.866784785389598, 6.821440307923922 ], [ 79.866787225250278, 6.821406824365511 ], [ 79.866784897804848, 6.821380817770546 ], [ 79.866785084863807, 6.821281663018397 ], [ 79.866423209363688, 6.821225237754561 ] ] ] ] } },
{ "type": "Feature", "properties": { "Sub_class": "Retail", "NAME": null, "Land_Exten": 0.027721524235199999, "Main_C": "Commercial", "Domain": "Built-up", "Area_m2": 277.329 }, "geometry": { "type": "MultiPolygon", "coordinates": [ [ [ [ 79.865465486243238, 6.821868801603955 ], [ 79.865529731112247, 6.821933047372283 ], [ 79.865564225508649, 6.821733261181123 ], [ 79.865439047074403, 6.821678762265094 ], [ 79.865417896818542, 6.821828350997635 ], [ 79.865465486243238, 6.821868801603955 ] ] ] ] } },
{ "type": "Feature", "properties": { "Sub_class": "Low Rise", "NAME": null, "Land_Exten": 5.5963189062799996, "Main_C": "Residential", "Domain": "Built-up", "Area_m2": 55986.209 }, "geometry": { "type": "MultiPolygon", "coordinates": [ [ [ [ 79.866191218450012, 6.824803624887409 ], [ 79.866312269895388, 6.824803853315245 ], [ 79.866448474917263, 6.824792011941838 ], [ 79.866539229102216, 6.824810331131914 ], [ 79.866642081866644, 6.824831699023719 ], [ 79.866690485177799, 6.824840864914052 ], [ 79.866735862270275, 6.824850025408409 ], [ 79.866740557630692, 6.824852774635872 ], [ 79.866742287926286, 6.824848504654824 ], [ 79.866825712636569, 6.824642604872338 ], [ 79.866885072388243, 6.824485293661439 ], [ 79.866885072388243, 6.824480534449151 ], [ 79.866892881201579, 6.82445983745157 ], [ 79.866933301230915, 6.82435805398103 ], [ 79.866752838772527, 6.824267410412688 ], [ 79.866827085901377, 6.824079551929799 ], [ 79.866833418927172, 6.823948767121976 ], [ 79.86643204969937, 6.823826848730107 ], [ 79.866413135158098, 6.824016325992716 ], [ 79.865966508447684, 6.82390278388641 ], [ 79.865966957209366, 6.82389820363926 ], [ 79.86595914839603, 6.82371477161945 ], [ 79.86614296622497, 6.823677552277275 ], [ 79.866226613967115, 6.823610925104163 ], [ 79.866338623628621, 6.823611136444867 ], [ 79.86645261000001, 6.823352559772843 ], [ 79.866498815368118, 6.82321072949162 ], [ 79.86651895028939, 6.823062049973657 ], [ 79.866536796436037, 6.822992649291393 ], [ 79.866599544833207, 6.822943780131425 ], [ 79.866683529821103, 6.822949025876881 ], [ 79.866913544024897, 6.822943076861577 ], [ 79.86707812355661, 6.82294704287176 ], [ 79.867115968826965, 6.822793075340201 ], [ 79.867161178645517, 6.822695517783984 ], [ 79.867240742566253, 6.822626803284379 ], [ 79.867117780960882, 6.822623832823695 ], [ 79.866951219323369, 6.822598055555886 ], [ 79.866938254696777, 6.82253919312933 ], [ 79.866950399141672, 6.822402583412554 ], [ 79.866902863676273, 6.822396553458248 ], [ 79.86674252534732, 6.822391394946976 ], [ 79.866605156602759, 6.822372700739606 ], [ 79.866489355399494, 6.822342560860534 ], [ 79.866389418237134, 6.822302109354894 ], [ 79.866226666127773, 6.822227100500356 ], [ 79.866210221124845, 6.82222177561448 ], [ 79.865987599348273, 6.822139710679153 ], [ 79.86578461786587, 6.822068578801918 ], [ 79.865596486888421, 6.822025140647781 ], [ 79.865484651695397, 6.821977551223085 ], [ 79.865408509695044, 6.821913305454757 ], [ 79.86535616105806, 6.821875234454581 ], [ 79.865245602902291, 6.821826573037981 ], [ 79.86505999901982, 6.821803955987832 ], [ 79.864992927581625, 6.821930007663752 ], [ 79.864933072303529, 6.82216740799953 ], [ 79.864907238378407, 6.822286805591659 ], [ 79.865230877403121, 6.822369350764973 ], [ 79.865197312006387, 6.822535461842165 ], [ 79.865213849639531, 6.822540454878151 ], [ 79.865422573293188, 6.822582589914646 ], [ 79.86576901282973, 6.822675072596553 ], [ 79.865923416532496, 6.822733801024128 ], [ 79.865889889806624, 6.82279634887243 ], [ 79.865480880838049, 6.822666180999477 ], [ 79.865301388748151, 6.822624101720976 ], [ 79.865251236255631, 6.822644876959544 ], [ 79.86523397197027, 6.822941201775109 ], [ 79.865141806749023, 6.823095467881558 ], [ 79.865100415451877, 6.823245069204631 ], [ 79.865059905490284, 6.823385967788226 ], [ 79.865019895551768, 6.823520991100906 ], [ 79.864981923477046, 6.823725448370794 ], [ 79.864927271676322, 6.82391735110491 ], [ 79.864872651351845, 6.824092558824589 ], [ 79.864830850863143, 6.824113349351649 ], [ 79.864647122966403, 6.824087286099427 ], [ 79.864647061812491, 6.824119808282546 ], [ 79.86467044148776, 6.824327771109779 ], [ 79.864670059275852, 6.824529748049486 ], [ 79.864622254013852, 6.824666289417792 ], [ 79.864616944416525, 6.824778356635875 ], [ 79.864656943563148, 6.824776528314203 ], [ 79.864850602673243, 6.824788993817037 ], [ 79.864912628015418, 6.82479419369713 ], [ 79.864909224980806, 6.824626906306719 ], [ 79.865122213219649, 6.824623135449372 ], [ 79.865125857272574, 6.824806652005407 ], [ 79.865171353075539, 6.824807749178319 ], [ 79.865337769022858, 6.824823186940591 ], [ 79.865443665992473, 6.824835486968198 ], [ 79.865513264525589, 6.824838642689258 ], [ 79.865576810621349, 6.824841787618425 ], [ 79.865667587289352, 6.824848009128345 ], [ 79.865752311519998, 6.82485421804779 ], [ 79.865891537364632, 6.82484540649034 ], [ 79.865982349106162, 6.824833478782068 ], [ 79.866191218450012, 6.824803624887409 ] ] ] ] } },
{ "type": "Feature", "properties": { "Sub_class": "Barren Land", "NAME": null, "Land_Exten": 0.16877845655099999, "Main_C": "Barren Land", "Domain": "Non Built-up", "Area_m2": 1688.479 }, "geometry": { "type": "MultiPolygon", "coordinates": [ [ [ [ 79.866413135158098, 6.824016325992716 ], [ 79.866442951281215, 6.823707502399373 ], [ 79.866387187918463, 6.823675093530767 ], [ 79.866384533119742, 6.823682347462409 ], [ 79.866317762954452, 6.82365717723701 ], [ 79.866337986908604, 6.823611301020776 ], [ 79.866225976347778, 6.823611089680071 ], [ 79.866142328605633, 6.823677716853183 ], [ 79.865958510776693, 6.823714936195415 ], [ 79.865966508447684, 6.82390278388641 ], [ 79.866413135158098, 6.824016325992716 ] ] ] ] } },
{ "type": "Feature", "properties": { "Sub_class": "Low Rise", "NAME": null, "Land_Exten": 2.4517013038100002, "Main_C": "Residential", "Domain": "Built-up", "Area_m2": 24527.096 }, "geometry": { "type": "MultiPolygon", "coordinates": [ [ [ [ 79.866648319564376, 6.825632571386109 ], [ 79.866697001665329, 6.825635704624119 ], [ 79.86674270521172, 6.825605374988129 ], [ 79.866794534040594, 6.825553766493158 ], [ 79.866858616132276, 6.825459599381077 ], [ 79.866916594525264, 6.825374545099237 ], [ 79.866992876819893, 6.825265192934353 ], [ 79.867044757809367, 6.825186210874961 ], [ 79.86705234988608, 6.825171789346655 ], [ 79.866900332084697, 6.825093400839819 ], [ 79.866956838287535, 6.824977471932812 ], [ 79.866791077046628, 6.824909940041721 ], [ 79.866723218701622, 6.824890810562522 ], [ 79.866624492026745, 6.824862980142484 ], [ 79.866511191838072, 6.824842775074046 ], [ 79.866277873525121, 6.824829007352832 ], [ 79.866130404494641, 6.824853287249482 ], [ 79.866117816683925, 6.824855360186746 ], [ 79.865951093168462, 6.824881700430183 ], [ 79.86593511041707, 6.824882221137671 ], [ 79.86575773982787, 6.824887998382451 ], [ 79.865497729636559, 6.824887507352628 ], [ 79.86532441409048, 6.824873852945984 ], [ 79.865251547421053, 6.824863307495718 ], [ 79.865255240037357, 6.824940029558775 ], [ 79.865134140927921, 6.824935626478009 ], [ 79.865130985206861, 6.824845860647997 ], [ 79.865091134448335, 6.824840093295734 ], [ 79.864751159238665, 6.824819460150024 ], [ 79.864604486108192, 6.824819182259489 ], [ 79.86457105111316, 6.824872429319214 ], [ 79.864524003979682, 6.825072250583958 ], [ 79.864483661292013, 6.82525209430878 ], [ 79.86443645048189, 6.825538544568246 ], [ 79.864407968952662, 6.825651506611791 ], [ 79.864451185873577, 6.825661877593632 ], [ 79.864718875375843, 6.825714090432996 ], [ 79.864910511011317, 6.82575399245286 ], [ 79.865138652826602, 6.825800046734798 ], [ 79.865163002870361, 6.825797051992424 ], [ 79.865181283389575, 6.825784920138005 ], [ 79.865196573663013, 6.825745408423927 ], [ 79.865239452438857, 6.825599495220558 ], [ 79.865273253457929, 6.825426190466374 ], [ 79.865279512739392, 6.825334956043434 ], [ 79.865264302505636, 6.825331885757976 ], [ 79.865142627830039, 6.825307323474249 ], [ 79.8649448651135, 6.825288700313308 ], [ 79.864963209484586, 6.825243111880184 ], [ 79.865148777394211, 6.82527387768738 ], [ 79.865261329346936, 6.825295381376804 ], [ 79.865334349800435, 6.825301602886725 ], [ 79.865337358932038, 6.82531985732561 ], [ 79.865337323858455, 6.825338106368577 ], [ 79.865325031025407, 6.825401956435201 ], [ 79.865288210082895, 6.825563088865522 ], [ 79.865282083901093, 6.825584367724446 ], [ 79.865628885864453, 6.825639771358397 ], [ 79.865744469431775, 6.825667363458081 ], [ 79.866045614613483, 6.825728762872131 ], [ 79.866304175097639, 6.825780957725044 ], [ 79.866548319449464, 6.825852880106368 ], [ 79.866553576886133, 6.825848342127358 ], [ 79.86658118247567, 6.825732815217293 ], [ 79.866593452825668, 6.825681132078614 ], [ 79.866620920818889, 6.825638602239735 ], [ 79.866648319564376, 6.825632571386109 ] ] ] ] } },
{ "type": "Feature", "properties": { "Sub_class": "Low Rise", "NAME": null, "Land_Exten": 0.66545903289499997, "Main_C": "Residential", "Domain": "Built-up", "Area_m2": 6657.328 }, "geometry": { "type": "MultiPolygon", "coordinates": [ [ [ [ 79.866492227834101, 6.826106758719959 ], [ 79.866483334438385, 6.82598203804065 ], [ 79.866492630730363, 6.825893850520856 ], [ 79.866506029729521, 6.825888522937021 ], [ 79.86648048088955, 6.825881662009124 ], [ 79.866389230278799, 6.825860198789201 ], [ 79.866291893056484, 6.825838723878064 ], [ 79.866182401496701, 6.825808101962366 ], [ 79.866051603198969, 6.825780481084394 ], [ 79.865869083991072, 6.825746679165945 ], [ 79.865720038449069, 6.825712940200106 ], [ 79.865525342420653, 6.825682157305778 ], [ 79.865297189813532, 6.825642186038124 ], [ 79.865275900162715, 6.825636062554281 ], [ 79.865251417019351, 6.825709013760047 ], [ 79.865211598636449, 6.825845808737142 ], [ 79.865196194149121, 6.825946150594405 ], [ 79.865162438995412, 6.826095122392019 ], [ 79.865217190620911, 6.826107391842697 ], [ 79.865341903206343, 6.826135001928833 ], [ 79.865390574515459, 6.826144218181184 ], [ 79.865500106544744, 6.826153550446065 ], [ 79.865661363980848, 6.826166021344875 ], [ 79.865853046381062, 6.826181590408112 ], [ 79.866059967793319, 6.826185023120388 ], [ 79.866294252877537, 6.826200673122628 ], [ 79.866516231638855, 6.826198283623967 ], [ 79.866492227834101, 6.826106758719959 ] ] ] ] } },
{ "type": "Feature", "properties": { "Sub_class": "Low Rise", "NAME": null, "Land_Exten": 1.2094464765199999, "Main_C": "Residential", "Domain": "Built-up", "Area_m2": 12099.441 }, "geometry": { "type": "MultiPolygon", "coordinates": [ [ [ [ 79.865102925459723, 6.826600735635509 ], [ 79.865366458295455, 6.826638873185516 ], [ 79.865570825633142, 6.826671522173058 ], [ 79.865603062731225, 6.826693090613674 ], [ 79.865651388700712, 6.826741575763151 ], [ 79.865662056458802, 6.82678998896688 ], [ 79.865683493598397, 6.826833045808485 ], [ 79.865731839352975, 6.826870776864894 ], [ 79.865785535174382, 6.826924648953423 ], [ 79.865860657343546, 6.827026954930091 ], [ 79.865989647104584, 6.827091723204489 ], [ 79.866102590262415, 6.82710806748338 ], [ 79.86625323210103, 6.827102974622619 ], [ 79.866409283361804, 6.827081761414206 ], [ 79.866484669931651, 6.827044264181495 ], [ 79.866543917268018, 6.827006736371857 ], [ 79.866571458106364, 6.827002443008382 ], [ 79.866557778518711, 6.826845979858149 ], [ 79.866555212752928, 6.826593525770647 ], [ 79.866549471480994, 6.826411021851243 ], [ 79.866534526547241, 6.826268040437753 ], [ 79.866533126302784, 6.826262702961401 ], [ 79.866370248288376, 6.8262433981144 ], [ 79.866202892549495, 6.826236999438038 ], [ 79.866062913073051, 6.826236735037355 ], [ 79.865992934126666, 6.826230519822673 ], [ 79.865907735054009, 6.826227317336873 ], [ 79.865658257722487, 6.826199472527662 ], [ 79.865490902882925, 6.82619307295198 ], [ 79.865411812005561, 6.826177716128768 ], [ 79.865332704940442, 6.826171482927634 ], [ 79.865250577052564, 6.826153078301957 ], [ 79.865153240729512, 6.82613160429014 ], [ 79.865137956751369, 6.826168073597785 ], [ 79.865098028651175, 6.826362657210893 ], [ 79.86505199775155, 6.826566354553677 ], [ 79.865053440264091, 6.826596340648678 ], [ 79.865102925459723, 6.826600735635509 ] ] ] ] } },
{ "type": "Feature", "properties": { "Sub_class": "Retail", "NAME": "3-Fact", "Land_Exten": 0.045535601955199997, "Main_C": "Commercial", "Domain": "Built-up", "Area_m2": 455.544 }, "geometry": { "type": "MultiPolygon", "coordinates": [ [ [ [ 79.86644534977313, 6.827109115193537 ], [ 79.86640293864474, 6.827116919510274 ], [ 79.866394700854812, 6.827347251174729 ], [ 79.866545399350741, 6.827347251174729 ], [ 79.866550960758275, 6.827071222259121 ], [ 79.86644534977313, 6.827109115193537 ] ] ] ] } },
{ "type": "Feature", "properties": { "Sub_class": "Low Rise", "NAME": null, "Land_Exten": 4.5128839839100001, "Main_C": "Residential", "Domain": "Built-up", "Area_m2": 45147.417 }, "geometry": { "type": "MultiPolygon", "coordinates": [ [ [ [ 79.868096728081582, 6.827278980040944 ], [ 79.868042793939821, 6.827229804212152 ], [ 79.868086389475366, 6.827006945014546 ], [ 79.867952271779984, 6.826983028444033 ], [ 79.867934732302103, 6.826956623449462 ], [ 79.867917164045934, 6.826944869310296 ], [ 79.867864422405205, 6.826930118630116 ], [ 79.867779426579318, 6.826918237686584 ], [ 79.867713056612331, 6.826910939688162 ], [ 79.867706388139368, 6.827026961225329 ], [ 79.867580197068492, 6.827023313575125 ], [ 79.867583445419712, 6.826891417205161 ], [ 79.867492179520525, 6.826888394583818 ], [ 79.867415961977144, 6.826885320701024 ], [ 79.867404218629815, 6.826894089091013 ], [ 79.867404152979361, 6.82692925168368 ], [ 79.867398145508048, 6.82700542516028 ], [ 79.86739793506672, 6.82711677382008 ], [ 79.867386081102836, 6.827184145631861 ], [ 79.867362434328925, 6.827286659351898 ], [ 79.867321230990058, 6.827371558051027 ], [ 79.867294852075815, 6.827368577697769 ], [ 79.86730663409395, 6.827339297570575 ], [ 79.867336094085545, 6.827263167261435 ], [ 79.867368529933742, 6.827163601519032 ], [ 79.867380411776651, 6.827081577952526 ], [ 79.86738370869125, 6.826888189538352 ], [ 79.867371993222946, 6.826882307072879 ], [ 79.867316308101181, 6.826873411878523 ], [ 79.867231296087482, 6.826870320908654 ], [ 79.867168151988665, 6.826867819894005 ], [ 79.867171003738861, 6.826971406505265 ], [ 79.867041388949019, 6.826974571219523 ], [ 79.867041579605257, 6.826873634910385 ], [ 79.867023131812118, 6.826878718777891 ], [ 79.866999656808787, 6.826890395575333 ], [ 79.867002527444754, 6.826922633572735 ], [ 79.867002416828143, 6.826981237893847 ], [ 79.867005618414623, 6.827088237432235 ], [ 79.866977477728483, 6.827180688637895 ], [ 79.866939803329331, 6.827271901477104 ], [ 79.866910060051282, 6.82726198735088 ], [ 79.86693583731909, 6.827212414921064 ], [ 79.866977477728483, 6.827077578667343 ], [ 79.866978963408485, 6.826981192927747 ], [ 79.866979057837284, 6.826931379479618 ], [ 79.866964470833693, 6.826893259016742 ], [ 79.866891124825599, 6.82692242313135 ], [ 79.866811903546591, 6.826957436436601 ], [ 79.86679583266158, 6.826965132834687 ], [ 79.866733583388225, 6.82698636672751 ], [ 79.866689959973712, 6.827016110005502 ], [ 79.8666427203853, 6.827039824228564 ], [ 79.866550771001357, 6.827071222259121 ], [ 79.866545209593824, 6.827347251174729 ], [ 79.866394510198518, 6.827347251174729 ], [ 79.866402747988502, 6.827116919510274 ], [ 79.866319054380938, 6.827132319501004 ], [ 79.866236939982855, 6.827146815673075 ], [ 79.866093283178543, 6.827149474069017 ], [ 79.866047202816219, 6.827147741974784 ], [ 79.866037548594022, 6.827166950594346 ], [ 79.8660314143184, 6.827310519265097 ], [ 79.866022253823985, 6.827503895988059 ], [ 79.866033780434691, 6.827609405349847 ], [ 79.866048355747068, 6.827653386694465 ], [ 79.866068810827016, 6.827688587957994 ], [ 79.866095157365692, 6.827709149157954 ], [ 79.866145000491429, 6.82770631269625 ], [ 79.866188980936784, 6.827703465442653 ], [ 79.866188926078109, 6.82773276805284 ], [ 79.866112691447597, 6.827738484143765 ], [ 79.86608043816176, 6.827741353880413 ], [ 79.866074574582001, 6.827741342189256 ], [ 79.866053991798367, 6.827773536119821 ], [ 79.866033431497726, 6.827794008286901 ], [ 79.866010028440144, 6.827767592500436 ], [ 79.866036463112323, 6.82774127024345 ], [ 79.866051143645393, 6.827729577258253 ], [ 79.866039516310707, 6.827676811335834 ], [ 79.866021998416556, 6.827638685476984 ], [ 79.866004585743099, 6.827544886187582 ], [ 79.866001859897949, 6.827436463022423 ], [ 79.866004957163113, 6.827348562386305 ], [ 79.866002247505776, 6.827231348348107 ], [ 79.865999448815558, 6.827161017766798 ], [ 79.865991542875463, 6.827135830454267 ], [ 79.865885269089972, 6.827078755879938 ], [ 79.865820856047719, 6.827034681005784 ], [ 79.86577111184738, 6.826984774028119 ], [ 79.865656999570945, 6.826867349548593 ], [ 79.865633673855029, 6.826799910287662 ], [ 79.865592725024271, 6.826750019497865 ], [ 79.865554652225455, 6.826729435814855 ], [ 79.865501893497651, 6.826723476007658 ], [ 79.86543743009338, 6.826705772853188 ], [ 79.865349793857945, 6.826691525793308 ], [ 79.865323727907764, 6.826932816596241 ], [ 79.865373731112868, 6.826991348072283 ], [ 79.865286941139459, 6.827433463783393 ], [ 79.865018548367345, 6.827488067920058 ], [ 79.864673270754906, 6.827448582286308 ], [ 79.864709379434373, 6.827085755303415 ], [ 79.864081104959098, 6.827000160529053 ], [ 79.864079361173651, 6.827081202035913 ], [ 79.864093691870437, 6.827254111987713 ], [ 79.864119721847715, 6.827441695278083 ], [ 79.864125201416982, 6.827643889853675 ], [ 79.864142419836867, 6.827840246929895 ], [ 79.864147280672512, 6.827930800566037 ], [ 79.864316185043947, 6.827957100339972 ], [ 79.864536701507632, 6.827984402857965 ], [ 79.864719570551813, 6.828006257282993 ], [ 79.865004623264781, 6.828044435302502 ], [ 79.865171383652466, 6.828050128011057 ], [ 79.865295126768729, 6.828044984788278 ], [ 79.865424198368089, 6.828066736690573 ], [ 79.865448135623012, 6.828075487993431 ], [ 79.865458351921461, 6.827581659466034 ], [ 79.865705815670935, 6.827576901153122 ], [ 79.865834307207592, 6.827707771396604 ], [ 79.86575816430792, 6.827933820489477 ], [ 79.865752243171528, 6.828129192808035 ], [ 79.865843682639877, 6.828137431497339 ], [ 79.866193352541245, 6.828143468646203 ], [ 79.866462337067276, 6.828143976763158 ], [ 79.866742111659164, 6.828128373525658 ], [ 79.86690350309425, 6.828128678395842 ], [ 79.867124090604364, 6.828118339789626 ], [ 79.867307061271902, 6.828086422850163 ], [ 79.867484632409912, 6.828065249211932 ], [ 79.867640694462523, 6.828038658956984 ], [ 79.867785976341793, 6.828022801211375 ], [ 79.867904349606079, 6.828012270150168 ], [ 79.867947428031414, 6.827990842903148 ], [ 79.867963567264894, 6.827990873480076 ], [ 79.867958278351921, 6.827942470168921 ], [ 79.867866864963901, 6.827920789312998 ], [ 79.86780230803015, 6.82792066790455 ], [ 79.867716304064231, 6.827882866700975 ], [ 79.867630309990886, 6.827839688450922 ], [ 79.867571235324306, 6.827785806469819 ], [ 79.867501410161992, 6.827726526757829 ], [ 79.867436894597063, 6.827704897163301 ], [ 79.86718944973336, 6.827693676322156 ], [ 79.867044218216165, 6.827682647935887 ], [ 79.867044289262594, 6.827645008610318 ], [ 79.867184160820443, 6.827645273011001 ], [ 79.867361670804542, 6.827656361651805 ], [ 79.867405403936289, 6.82765887255897 ], [ 79.867658078357692, 6.82732345961 ], [ 79.867678491169499, 6.827350771121246 ], [ 79.867780601993218, 6.82746346246887 ], [ 79.867882776668864, 6.827542064114994 ], [ 79.868073592122641, 6.82764128721567 ], [ 79.868030254692542, 6.827927479369748 ], [ 79.868060492597692, 6.827942662623855 ], [ 79.868162666374019, 6.827964363264812 ], [ 79.868216433241855, 6.827980596027714 ], [ 79.868241809412041, 6.827996514927293 ], [ 79.868291551813741, 6.827815560539761 ], [ 79.868442301571008, 6.827856045320289 ], [ 79.868444959067688, 6.827856758482653 ], [ 79.868446417768041, 6.827852727721279 ], [ 79.868554675457972, 6.827553557450756 ], [ 79.868608362286125, 6.827430105714882 ], [ 79.868149076718566, 6.827332914182705 ], [ 79.868096728081582, 6.827278980040944 ] ], [ [ 79.866862691859808, 6.827461019010855 ], [ 79.866649492280317, 6.827419141180485 ], [ 79.866697716626391, 6.827207209645053 ], [ 79.866910060051282, 6.82726198735088 ], [ 79.866862691859808, 6.827461019010855 ] ] ] ] } },
{ "type": "Feature", "properties": { "Sub_class": "Factory", "NAME": null, "Land_Exten": 0.21042497690299999, "Main_C": "Industrial", "Domain": "Built-up", "Area_m2": 2105.115 }, "geometry": { "type": "MultiPolygon", "coordinates": [ [ [ [ 79.865541201065639, 6.828112514880729 ], [ 79.8656595347598, 6.828123492904922 ], [ 79.865750974228149, 6.828131730694849 ], [ 79.865756895364484, 6.827936358376292 ], [ 79.865833038264157, 6.827710309283418 ], [ 79.8657045467275, 6.827579439039937 ], [ 79.865457082978082, 6.827584198252168 ], [ 79.865446866679633, 6.828078026779565 ], [ 79.865541201065639, 6.828112514880729 ] ] ] ] } },
{ "type": "Feature", "properties": { "Sub_class": "Retail", "NAME": null, "Land_Exten": 0.037562570446199997, "Main_C": "Commercial", "Domain": "Built-up", "Area_m2": 10.264 }, "geometry": { "type": "MultiPolygon", "coordinates": [ [ [ [ 79.868499658532471, 6.824165361642201 ], [ 79.868492720262907, 6.82420987718416 ], [ 79.868484631760396, 6.824234978161769 ], [ 79.868488814326042, 6.824236743270879 ], [ 79.868489605609994, 6.82423448922609 ], [ 79.868491506424476, 6.824228968478174 ], [ 79.868493323379482, 6.824223580507738 ], [ 79.868495056475041, 6.824218325314783 ], [ 79.868496614863375, 6.824212343339825 ], [ 79.868497998544484, 6.824205634582864 ], [ 79.868499207518397, 6.824198199043897 ], [ 79.868500241785114, 6.824190036722925 ], [ 79.868501101344592, 6.824181147619949 ], [ 79.868501786196859, 6.82417153173497 ], [ 79.868502296341916, 6.824161189067986 ], [ 79.868502631779776, 6.824150119618997 ], [ 79.868502939264474, 6.824139099088028 ], [ 79.868503218796008, 6.824128127475079 ], [ 79.868503470374392, 6.824117204780149 ], [ 79.868503693999628, 6.82410633100324 ], [ 79.8685038896717, 6.824095506144349 ], [ 79.868504057390638, 6.824084730203479 ], [ 79.868504197156412, 6.824074003180627 ], [ 79.868504302788466, 6.824063915319002 ], [ 79.868496843654441, 6.824059950306491 ], [ 79.868499658532471, 6.824165361642201 ] ] ] ] } },
{ "type": "Feature", "properties": { "Sub_class": "Low Rise", "NAME": null, "Land_Exten": 2.9933088908499998, "Main_C": "Residential", "Domain": "Built-up", "Area_m2": 1.721 }, "geometry": { "type": "MultiPolygon", "coordinates": [ [ [ [ 79.869032528428477, 6.823265518888661 ], [ 79.868978192811838, 6.823331213330056 ], [ 79.86899108519296, 6.823316277034858 ], [ 79.869025747103933, 6.823276345954354 ], [ 79.869072502714459, 6.823222592382389 ], [ 79.869032528428477, 6.823265518888661 ] ] ] ] } },
{ "type": "Feature", "properties": { "Sub_class": "Low Rise", "NAME": null, "Land_Exten": 2.9933088908499998, "Main_C": "Residential", "Domain": "Built-up", "Area_m2": 52.306 }, "geometry": { "type": "MultiPolygon", "coordinates": [ [ [ [ 79.868744008829026, 6.823614353319783 ], [ 79.86863064928508, 6.823758001130898 ], [ 79.868558529052905, 6.8238400714622 ], [ 79.86855321316034, 6.82385152792574 ], [ 79.868561890429731, 6.823857333539512 ], [ 79.868564485121311, 6.823853907034235 ], [ 79.868568608211547, 6.823848442192626 ], [ 79.868573017821589, 6.823842579018573 ], [ 79.868577713951467, 6.823836317512074 ], [ 79.868582472975945, 6.823830069982153 ], [ 79.868587294895008, 6.82382383642881 ], [ 79.868592179708671, 6.823817616852042 ], [ 79.868597127416933, 6.823811411251851 ], [ 79.868602138019781, 6.823805219628237 ], [ 79.868607211517244, 6.823799041981201 ], [ 79.868612347909291, 6.823792878310742 ], [ 79.868617547195925, 6.823786728616859 ], [ 79.86862346627629, 6.823779698398626 ], [ 79.868630105150373, 6.823771787656042 ], [ 79.868637463818175, 6.823762996389105 ], [ 79.868645542279666, 6.823753324597816 ], [ 79.868654340534903, 6.823742772282177 ], [ 79.86866385858383, 6.823731339442187 ], [ 79.868674096426503, 6.823719026077845 ], [ 79.868685054062865, 6.823705832189153 ], [ 79.86869753514614, 6.823690416024717 ], [ 79.868711539676298, 6.823672777584536 ], [ 79.868727067653339, 6.82365291686861 ], [ 79.868744119077292, 6.823630833876941 ], [ 79.868762693948128, 6.823606528609529 ], [ 79.868782792265847, 6.823580001066373 ], [ 79.868804414030478, 6.823551251247473 ], [ 79.868827559242021, 6.823520279152829 ], [ 79.86885010346073, 6.823490523020384 ], [ 79.868872046686619, 6.823461982850139 ], [ 79.868893388919702, 6.823434658642094 ], [ 79.868911759632795, 6.823411534321308 ], [ 79.868744008829026, 6.823614353319783 ] ] ] ] } },
{ "type": "Feature", "properties": { "Sub_class": "Low Rise", "NAME": null, "Land_Exten": 2.9933088908499998, "Main_C": "Residential", "Domain": "Built-up", "Area_m2": 23.254 }, "geometry": { "type": "MultiPolygon", "coordinates": [ [ [ [ 79.868538327581803, 6.823883604944456 ], [ 79.868537884216039, 6.823884561823093 ], [ 79.868496651199564, 6.823942713785243 ], [ 79.868496456945991, 6.824045471221552 ], [ 79.868496843654441, 6.824059950306491 ], [ 79.868504302788466, 6.824063915319002 ], [ 79.868504308969023, 6.824063325075794 ], [ 79.868504658383458, 6.824052122849324 ], [ 79.868505245399689, 6.824040396501216 ], [ 79.86850607001773, 6.824028146031472 ], [ 79.868507132237596, 6.824015371440089 ], [ 79.868508432059258, 6.824002072727067 ], [ 79.868509969482716, 6.823988249892411 ], [ 79.868511744507998, 6.823973902936114 ], [ 79.868513757135091, 6.82395903185818 ], [ 79.868515776750471, 6.823945740133449 ], [ 79.868517803354123, 6.823934027761918 ], [ 79.868519836946078, 6.823923894743589 ], [ 79.868521877526334, 6.823915341078462 ], [ 79.868523925094863, 6.823908366766537 ], [ 79.868525979651679, 6.823902971807811 ], [ 79.868528041196782, 6.823899156202289 ], [ 79.868530109730187, 6.823896919949968 ], [ 79.868532220193316, 6.823894578873319 ], [ 79.868534372586169, 6.823892132972345 ], [ 79.868536566908773, 6.823889582247041 ], [ 79.868538803161073, 6.82388692669741 ], [ 79.868541081343125, 6.823884166323452 ], [ 79.868541150677004, 6.823884080700287 ], [ 79.868538327581803, 6.823883604944456 ] ] ] ] } },
{ "type": "Feature", "properties": { "Sub_class": "Low Rise", "NAME": null, "Land_Exten": 2.9933088908499998, "Main_C": "Residential", "Domain": "Built-up", "Area_m2": 22.33 }, "geometry": { "type": "MultiPolygon", "coordinates": [ [ [ [ 79.868484631760396, 6.824234978161769 ], [ 79.868465143451658, 6.824295456670029 ], [ 79.868434152813961, 6.824374179724657 ], [ 79.868385937461085, 6.824500824053814 ], [ 79.86836526564457, 6.824559014686827 ], [ 79.868307010260366, 6.824710655672277 ], [ 79.868314484631753, 6.824714120769001 ], [ 79.868320880372394, 6.824695821091594 ], [ 79.868334297886321, 6.82465668667598 ], [ 79.868347393938961, 6.824618894011758 ], [ 79.868360168530359, 6.824582443098928 ], [ 79.868372621660455, 6.82454733393749 ], [ 79.868384753329309, 6.824513566527445 ], [ 79.868396563536876, 6.824481140868793 ], [ 79.868408052283172, 6.824450056961533 ], [ 79.868419219568196, 6.824420314805666 ], [ 79.868430065391962, 6.824391914401192 ], [ 79.86843985598415, 6.824366274370676 ], [ 79.868448591344773, 6.824343394714118 ], [ 79.868456271473846, 6.824323275431518 ], [ 79.868462896371341, 6.824305916522877 ], [ 79.868468466037285, 6.824291317988195 ], [ 79.868472980471651, 6.824279479827471 ], [ 79.868476439674467, 6.824270402040706 ], [ 79.868478843645704, 6.8242640846279 ], [ 79.868481163757494, 6.824257899992575 ], [ 79.868483400009808, 6.824251848134732 ], [ 79.868485552402674, 6.82424592905437 ], [ 79.868487620936065, 6.824240142751489 ], [ 79.868488814326042, 6.824236743270879 ], [ 79.868484631760396, 6.824234978161769 ] ] ] ] } },
{ "type": "Feature", "properties": { "Sub_class": "Retail", "NAME": null, "Land_Exten": 0.019853612075099999, "Main_C": "Commercial", "Domain": "Built-up", "Area_m2": 198.618 }, "geometry": { "type": "MultiPolygon", "coordinates": [ [ [ [ 79.868412164389952, 6.824289060691626 ], [ 79.868259533250921, 6.824228280910461 ], [ 79.868245671100908, 6.824344163952048 ], [ 79.86837157978465, 6.824386376330267 ], [ 79.868412164389952, 6.824289060691626 ] ] ] ] } },
{ "type": "Feature", "properties": { "Sub_class": "Low Rise", "NAME": null, "Land_Exten": 0.65287890648500002, "Main_C": "Residential", "Domain": "Built-up", "Area_m2": 6531.484 }, "geometry": { "type": "MultiPolygon", "coordinates": [ [ [ [ 79.867511597682153, 6.824455078239339 ], [ 79.86762858778917, 6.824522495916483 ], [ 79.867737646775026, 6.824589913593684 ], [ 79.8679101574279, 6.824698972579597 ], [ 79.86796766097882, 6.824730698862709 ], [ 79.868041027671325, 6.824790185418749 ], [ 79.868056890812909, 6.82486156910619 ], [ 79.868082668980037, 6.824930969788454 ], [ 79.868134161462422, 6.825012709169243 ], [ 79.868164045934009, 6.824923657400916 ], [ 79.868218548447317, 6.824783712098679 ], [ 79.868101758889111, 6.824695027253767 ], [ 79.868163357952653, 6.824586052804136 ], [ 79.868264910297455, 6.824659298987513 ], [ 79.86831338195708, 6.824525922333521 ], [ 79.86837157978465, 6.824386376330267 ], [ 79.868245671100908, 6.824344163952048 ], [ 79.868259533250921, 6.824228280910461 ], [ 79.868412164389952, 6.824289060691626 ], [ 79.868414878543888, 6.824282551398653 ], [ 79.868444730639851, 6.824211321495341 ], [ 79.868441865399802, 6.82415488094307 ], [ 79.868188538969946, 6.824013834870641 ], [ 79.86798231902884, 6.823962279435705 ], [ 79.8678573969014, 6.823934519162776 ], [ 79.867754286930847, 6.823934519162776 ], [ 79.867693750865953, 6.823924638311439 ], [ 79.86760087787826, 6.824150326776191 ], [ 79.867535063692287, 6.824381883317301 ], [ 79.86746966409379, 6.824393641053746 ], [ 79.867511597682153, 6.824455078239339 ] ] ] ] } },
{ "type": "Feature", "properties": { "Sub_class": "Retail", "NAME": null, "Land_Exten": 0.020963418342099999, "Main_C": "Commercial", "Domain": "Built-up", "Area_m2": 209.721 }, "geometry": { "type": "MultiPolygon", "coordinates": [ [ [ [ 79.868235714706543, 6.824739635425885 ], [ 79.868264910297455, 6.824659298987513 ], [ 79.868163357952653, 6.824586052804136 ], [ 79.868101758889111, 6.824695027253767 ], [ 79.868218548447317, 6.824783712098679 ], [ 79.868235714706543, 6.824739635425885 ] ] ] ] } },
{ "type": "Feature", "properties": { "Sub_class": "Low Rise", "NAME": null, "Land_Exten": 0.62032272155000001, "Main_C": "Residential", "Domain": "Built-up", "Area_m2": 16.003 }, "geometry": { "type": "MultiPolygon", "coordinates": [ [ [ [ 79.868286653206553, 6.824764981019086 ], [ 79.868251603029137, 6.824863649238068 ], [ 79.868233318912587, 6.824910380709525 ], [ 79.868239047241872, 6.824916538372054 ], [ 79.868245071418713, 6.824901570281691 ], [ 79.868257147181254, 6.824870737952817 ], [ 79.868269446569016, 6.824838521942819 ], [ 79.868281969582014, 6.824804922251698 ], [ 79.868294716220248, 6.824769938879454 ], [ 79.868295334164998, 6.82476820623694 ], [ 79.868286653206553, 6.824764981019086 ] ] ] ] } },
{ "type": "Feature", "properties": { "Sub_class": "Bus Terminus", "NAME": "Rathmalana CTB Deport", "Land_Exten": 2.4778866759799998, "Main_C": "Transport", "Domain": "Built-up", "Area_m2": 16.699 }, "geometry": { "type": "MultiPolygon", "coordinates": [ [ [ [ 79.868233318912587, 6.824910380709525 ], [ 79.868227497600969, 6.824925259093504 ], [ 79.868179301133921, 6.82504162686962 ], [ 79.868167220180851, 6.825100099296763 ], [ 79.868177452739175, 6.825072182357194 ], [ 79.868188130844004, 6.825043781952719 ], [ 79.868199046550643, 6.825015465407706 ], [ 79.868210199859107, 6.824987232722155 ], [ 79.868221590769352, 6.824959083896067 ], [ 79.868233219281421, 6.824931018929441 ], [ 79.868239047241872, 6.824916538372054 ], [ 79.868233318912587, 6.824910380709525 ] ] ] ] } },
{ "type": "Feature", "properties": { "Sub_class": "Bus Terminus", "NAME": "Rathmalana CTB Deport", "Land_Exten": 2.4778866759799998, "Main_C": "Transport", "Domain": "Built-up", "Area_m2": 41.24 }, "geometry": { "type": "MultiPolygon", "coordinates": [ [ [ [ 79.867853784324723, 6.82683585439122 ], [ 79.867867420744915, 6.82687355846798 ], [ 79.867879082253921, 6.826888601427868 ], [ 79.867952195082708, 6.826897716134658 ], [ 79.867931940187461, 6.826884664863247 ], [ 79.86789537746202, 6.826850002952274 ], [ 79.867869017637787, 6.826810812630351 ], [ 79.867858845885408, 6.826783289065115 ], [ 79.867853784324723, 6.82683585439122 ] ] ] ] } },
{ "type": "Feature", "properties": { "Sub_class": "Retail", "NAME": null, "Land_Exten": 0.027350421378199999, "Main_C": "Commercial", "Domain": "Built-up", "Area_m2": 273.617 }, "geometry": { "type": "MultiPolygon", "coordinates": [ [ [ [ 79.867037565031637, 6.825010360140084 ], [ 79.866956838287535, 6.824977471932812 ], [ 79.866900332084697, 6.825093400839819 ], [ 79.86705234988608, 6.825171789346655 ], [ 79.867106006137305, 6.825069873675773 ], [ 79.867037565031637, 6.825010360140084 ] ] ] ] } },
{ "type": "Feature", "properties": { "Sub_class": "Low Rise", "NAME": null, "Land_Exten": 2.0872643014499999, "Main_C": "Residential", "Domain": "Built-up", "Area_m2": 20881.249 }, "geometry": { "type": "MultiPolygon", "coordinates": [ [ [ [ 79.867814340959114, 6.826737723966858 ], [ 79.867814781626919, 6.82650449558605 ], [ 79.867848367708064, 6.826371284407287 ], [ 79.867852398469495, 6.826358609362387 ], [ 79.867720140572089, 6.826353637910131 ], [ 79.867730721095938, 6.826234626127132 ], [ 79.867886088871956, 6.826252670124688 ], [ 79.867888607872999, 6.826244749795421 ], [ 79.867948886731767, 6.826098261925324 ], [ 79.867975680233485, 6.826031675221657 ], [ 79.867989315754357, 6.825871772164589 ], [ 79.8680164114283, 6.825645257222902 ], [ 79.868009882350236, 6.825571944489695 ], [ 79.867903286607429, 6.825531760982017 ], [ 79.867763369184217, 6.825484851444799 ], [ 79.867656848984439, 6.825404686776949 ], [ 79.867523685469791, 6.825311143794295 ], [ 79.867310544346196, 6.825204122672176 ], [ 79.867237308954714, 6.825150675063639 ], [ 79.867149031502663, 6.825103403099604 ], [ 79.86713395167061, 6.825111587829554 ], [ 79.867109872322828, 6.825159496513606 ], [ 79.86704456625381, 6.825262130742772 ], [ 79.866986159783494, 6.825340801636742 ], [ 79.866958660313969, 6.825385278507838 ], [ 79.866886468136045, 6.825505026835572 ], [ 79.866821181852117, 6.825597385411072 ], [ 79.866738812945925, 6.825662310167502 ], [ 79.866711364737739, 6.825679384695889 ], [ 79.866663407490307, 6.825669019109966 ], [ 79.866642761754122, 6.825713508571596 ], [ 79.866601360564403, 6.825860716798672 ], [ 79.866567019952072, 6.82589833004397 ], [ 79.866525883163035, 6.825905102838249 ], [ 79.866515524771728, 6.825946186567307 ], [ 79.866515441134766, 6.825990714699799 ], [ 79.866515305337145, 6.826062645175 ], [ 79.866532368174319, 6.826100355546998 ], [ 79.866539105895072, 6.826162022959068 ], [ 79.866569779971428, 6.82625113767989 ], [ 79.86657309037588, 6.826312798796664 ], [ 79.866579828096633, 6.826374466208676 ], [ 79.866576122889796, 6.826521745482239 ], [ 79.866582633981409, 6.826703297019606 ], [ 79.866595921464636, 6.826925964661598 ], [ 79.866609360933296, 6.826996535361843 ], [ 79.866646162090774, 6.826990798586507 ], [ 79.866947677793178, 6.82685694079521 ], [ 79.867071461378885, 6.826830289386407 ], [ 79.867090675394422, 6.826830325359253 ], [ 79.867136462577719, 6.826103968123675 ], [ 79.867232961631942, 6.825866228743507 ], [ 79.867412281051998, 6.826000136896823 ], [ 79.867286407441782, 6.826312953480056 ], [ 79.867440695132018, 6.826434292708484 ], [ 79.867432061640386, 6.826842916767248 ], [ 79.867679305055958, 6.826863697401734 ], [ 79.867782495965457, 6.826876561304289 ], [ 79.867814340959114, 6.826737723966858 ] ] ] ] } },
{ "type": "Feature", "properties": { "Sub_class": "Barren Land", "NAME": null, "Land_Exten": 0.020076137887800001, "Main_C": "Barren Land", "Domain": "Non Built-up", "Area_m2": 200.844 }, "geometry": { "type": "MultiPolygon", "coordinates": [ [ [ [ 79.867886088871956, 6.826252670124688 ], [ 79.867730721095938, 6.826234626127132 ], [ 79.867720140572089, 6.826353637910131 ], [ 79.867852398469495, 6.826358609362387 ], [ 79.867886088871956, 6.826252670124688 ] ] ] ] } },
{ "type": "Feature", "properties": { "Sub_class": "Temple/Shrine", "NAME": null, "Land_Exten": 0.29819860390399999, "Main_C": "Cultural", "Domain": "Built-up", "Area_m2": 2983.216 }, "geometry": { "type": "MultiPolygon", "coordinates": [ [ [ [ 79.867286649359414, 6.826830694980629 ], [ 79.867432061640386, 6.826842916767248 ], [ 79.867440695132018, 6.826434292708484 ], [ 79.867286407441782, 6.826312953480056 ], [ 79.867412281051998, 6.826000136896823 ], [ 79.867232961631942, 6.825866228743507 ], [ 79.867136462577719, 6.826103968123675 ], [ 79.867090675394422, 6.826830325359253 ], [ 79.867286649359414, 6.826830694980629 ] ] ] ] } },
{ "type": "Feature", "properties": { "Sub_class": "Retail", "NAME": null, "Land_Exten": 0.016623117829799999, "Main_C": "Commercial", "Domain": "Built-up", "Area_m2": 166.3 }, "geometry": { "type": "MultiPolygon", "coordinates": [ [ [ [ 79.867075885144061, 6.826864254981444 ], [ 79.867041535538476, 6.826873722144626 ], [ 79.867041344882239, 6.826974658453764 ], [ 79.86717095967208, 6.826971493739507 ], [ 79.867168107921884, 6.826867908027566 ], [ 79.867075885144061, 6.826864254981444 ] ] ] ] } },
{ "type": "Feature", "properties": { "Sub_class": "Retail", "NAME": null, "Land_Exten": 0.019326068114500002, "Main_C": "Commercial", "Domain": "Built-up", "Area_m2": 193.34 }, "geometry": { "type": "MultiPolygon", "coordinates": [ [ [ [ 79.867670944958206, 6.826906309978256 ], [ 79.867585955427558, 6.826891499043484 ], [ 79.867583413943464, 6.826891414507202 ], [ 79.867580165592244, 6.827023311776486 ], [ 79.867706356663064, 6.82702695852737 ], [ 79.867713025136084, 6.826910936990203 ], [ 79.867670944958206, 6.826906309978256 ] ] ] ] } },
{ "type": "Feature", "properties": { "Sub_class": "Retail", "NAME": "Nesiah Global Tour and Travel Private Limited", "Land_Exten": 0.056244989148699999, "Main_C": "Commercial", "Domain": "Built-up", "Area_m2": 562.682 }, "geometry": { "type": "MultiPolygon", "coordinates": [ [ [ [ 79.866697716626391, 6.827207209645053 ], [ 79.866649492280317, 6.827419141180485 ], [ 79.866862691859808, 6.827461019010855 ], [ 79.866910060051282, 6.82726198735088 ], [ 79.866697716626391, 6.827207209645053 ] ] ] ] } },
{ "type": "Feature", "properties": { "Sub_class": "Office", "NAME": null, "Land_Exten": 0.245411269609, "Main_C": "Commercial", "Domain": "Built-up", "Area_m2": 2455.125 }, "geometry": { "type": "MultiPolygon", "coordinates": [ [ [ [ 79.867457225570547, 6.827664459147513 ], [ 79.867532490731946, 6.827691486472986 ], [ 79.867607674954286, 6.827761530170505 ], [ 79.867682868169879, 6.827826196821547 ], [ 79.867785022161115, 6.827858651555573 ], [ 79.867849537726045, 6.827880281150101 ], [ 79.867914053290974, 6.827901910744629 ], [ 79.868016227067301, 6.827923611385586 ], [ 79.868028984849843, 6.827930018155882 ], [ 79.868072323179206, 6.827643825102484 ], [ 79.867881506826109, 6.827544602001808 ], [ 79.867779332150519, 6.827466001255004 ], [ 79.867677222226064, 6.82735330900806 ], [ 79.867656809414257, 6.827325997496814 ], [ 79.86740413409359, 6.827661411345105 ], [ 79.867457225570547, 6.827664459147513 ] ] ] ] } },
{ "type": "Feature", "properties": { "Sub_class": "Low Rise", "NAME": null, "Land_Exten": 4.1271353231700001, "Main_C": "Residential", "Domain": "Built-up", "Area_m2": 41288.363 }, "geometry": { "type": "MultiPolygon", "coordinates": [ [ [ [ 79.867827606858611, 6.828949444661191 ], [ 79.867844897224302, 6.82887066494925 ], [ 79.867868257114424, 6.828739800101744 ], [ 79.867875922036205, 6.828696860171988 ], [ 79.86790840105192, 6.828558101075544 ], [ 79.867937020177408, 6.828435827451528 ], [ 79.867953578494905, 6.82836508588008 ], [ 79.868018701102244, 6.828086858122049 ], [ 79.868027902965423, 6.828047545158142 ], [ 79.867974213439254, 6.828051914963964 ], [ 79.867771375848349, 6.828067126097039 ], [ 79.867512369300471, 6.828085349059677 ], [ 79.867415580664556, 6.828119471136745 ], [ 79.867309466958375, 6.82813486393286 ], [ 79.867115989511376, 6.828150092153066 ], [ 79.866679130337673, 6.82817109761811 ], [ 79.866598000697252, 6.828174063582196 ], [ 79.866615484417139, 6.828384886253559 ], [ 79.866463198617794, 6.828391231869887 ], [ 79.866450702537975, 6.828178968484679 ], [ 79.866337930251348, 6.828182275291795 ], [ 79.866354110853592, 6.828459244898283 ], [ 79.866336009299459, 6.82855418272942 ], [ 79.866314966062873, 6.828626331739883 ], [ 79.866270714022278, 6.828772759355388 ], [ 79.866267760648668, 6.828784474823692 ], [ 79.866282396215695, 6.828796222667563 ], [ 79.866340985248314, 6.828819775012676 ], [ 79.866402511466788, 6.82884040276241 ], [ 79.866475781032534, 6.828852262122268 ], [ 79.866619371287015, 6.828884765419616 ], [ 79.866780563072609, 6.828911442009485 ], [ 79.866915402923553, 6.828920487390633 ], [ 79.866912393792006, 6.828961504569804 ], [ 79.866844971618207, 6.828958446874879 ], [ 79.8667101425591, 6.828943541511308 ], [ 79.866525502749823, 6.828913890863419 ], [ 79.866349675397259, 6.828875465530359 ], [ 79.866261786452355, 6.828843067453647 ], [ 79.866158657596031, 6.829118313059723 ], [ 79.866129257859029, 6.829162210767436 ], [ 79.866085282809593, 6.82916212802985 ], [ 79.866058876016382, 6.829173798531997 ], [ 79.866029387246499, 6.829264579696655 ], [ 79.866020403918583, 6.829364189505782 ], [ 79.866034940560098, 6.829428682587661 ], [ 79.866072985479946, 6.829463916226814 ], [ 79.866102269204418, 6.829481552831453 ], [ 79.866119808682299, 6.829507958725344 ], [ 79.866131452204797, 6.829551933774781 ], [ 79.866134206828235, 6.829645705185214 ], [ 79.866125218104401, 6.8297482458849 ], [ 79.866113319174417, 6.829839060324446 ], [ 79.866107118348907, 6.830017791587863 ], [ 79.86609525269381, 6.830091025180707 ], [ 79.866089239826636, 6.830170129547867 ], [ 79.866077357983727, 6.830252153114429 ], [ 79.866090987209361, 6.830287376861008 ], [ 79.866091662600184, 6.830287513557948 ], [ 79.866253774392248, 6.830359547455203 ], [ 79.86639715960132, 6.830434664228392 ], [ 79.866531195458379, 6.83050352711615 ], [ 79.866743182751748, 6.830600603535061 ], [ 79.866877260876947, 6.830647635380103 ], [ 79.866904763044431, 6.83065756119754 ], [ 79.866920943646676, 6.830643464324453 ], [ 79.86695631128481, 6.830543903978025 ], [ 79.866979936474934, 6.83045311202153 ], [ 79.867003633610864, 6.830324227481185 ], [ 79.867021511233816, 6.830171889521125 ], [ 79.867027465645094, 6.830042547225844 ], [ 79.866676265996944, 6.830007092353469 ], [ 79.866676498022002, 6.829883975165387 ], [ 79.866608710723483, 6.829872228220779 ], [ 79.866503204059654, 6.829854447724642 ], [ 79.866476829642011, 6.829848537380144 ], [ 79.866485702353316, 6.829807530992809 ], [ 79.866734805566864, 6.829854884795168 ], [ 79.866884276488236, 6.829878608910747 ], [ 79.866972204104002, 6.829890496149517 ], [ 79.867051354336581, 6.82989357542823 ], [ 79.867057344720763, 6.829826191925292 ], [ 79.867072163749413, 6.829741243763465 ], [ 79.867069248147345, 6.829732447494507 ], [ 79.867107343429211, 6.829741309413919 ], [ 79.867086561895348, 6.829878991122598 ], [ 79.867089476598096, 6.829887786492179 ], [ 79.867388418440839, 6.829935234723337 ], [ 79.867520304918173, 6.829955994673469 ], [ 79.867586234217413, 6.829973700525898 ], [ 79.867668425057843, 6.829707616313499 ], [ 79.867768362220204, 6.829718720242795 ], [ 79.867828641978292, 6.829542640180762 ], [ 79.867777341051521, 6.829474584884224 ], [ 79.867815412951018, 6.82912559756835 ], [ 79.868207770072615, 6.829169858602143 ], [ 79.868239496355727, 6.829069920540462 ], [ 79.867827606858611, 6.828949444661191 ] ] ] ] } },
{ "type": "Feature", "properties": { "Sub_class": "Retail", "NAME": null, "Land_Exten": 0.049365116286200002, "Main_C": "Commercial", "Domain": "Built-up", "Area_m2": 493.855 }, "geometry": { "type": "MultiPolygon", "coordinates": [ [ [ [ 79.867030682520067, 6.829972651916421 ], [ 79.86702488009422, 6.8299404085231 ], [ 79.866875420864062, 6.829910824425042 ], [ 79.866711285597432, 6.829890003321054 ], [ 79.866676498022002, 6.829883975165387 ], [ 79.866676265996944, 6.830007092353469 ], [ 79.867027465645094, 6.830042547225844 ], [ 79.867030682520067, 6.829972651916421 ] ] ] ] } },
{ "type": "Feature", "properties": { "Sub_class": "Under Construction", "NAME": "McDonald's", "Land_Exten": 0.32841719748600001, "Main_C": "Under Construction", "Domain": "Built-up", "Area_m2": 3285.529 }, "geometry": { "type": "MultiPolygon", "coordinates": [ [ [ [ 79.868042793939821, 6.827229804212152 ], [ 79.868096728081582, 6.827278980040944 ], [ 79.868149076718566, 6.827332914182705 ], [ 79.868608362286125, 6.827430105714882 ], [ 79.868609484640047, 6.827427524660607 ], [ 79.868844812038503, 6.827497363312716 ], [ 79.868852190076552, 6.827476350653114 ], [ 79.868979069128784, 6.827196386304252 ], [ 79.868904695195567, 6.827178216401592 ], [ 79.868831436421715, 6.827160497059367 ], [ 79.868614582896726, 6.827113205310241 ], [ 79.868444618224601, 6.827074792567657 ], [ 79.868101736406061, 6.827009681651532 ], [ 79.868086389475366, 6.827006945014546 ], [ 79.868042793939821, 6.827229804212152 ] ] ] ] } },
{ "type": "Feature", "properties": { "Sub_class": "Retail", "NAME": null, "Land_Exten": 0.23130727124700001, "Main_C": "Commercial", "Domain": "Built-up", "Area_m2": 2314.028 }, "geometry": { "type": "MultiPolygon", "coordinates": [ [ [ [ 79.868602760409146, 6.828113377330567 ], [ 79.868844812038503, 6.827497363312716 ], [ 79.868608362286125, 6.827430105714882 ], [ 79.868554675457972, 6.827553557450756 ], [ 79.868446417768041, 6.827852727721279 ], [ 79.868291551813741, 6.827815560539761 ], [ 79.868241809412041, 6.827996514927293 ], [ 79.868602760409146, 6.828113377330567 ] ] ] ] } },
{ "type": "Feature", "properties": { "Sub_class": "Retail", "NAME": null, "Land_Exten": 0.071512240035800007, "Main_C": "Commercial", "Domain": "Built-up", "Area_m2": 9.525 }, "geometry": { "type": "MultiPolygon", "coordinates": [ [ [ [ 79.868854790915918, 6.828036895386447 ], [ 79.868887956998194, 6.828052164617963 ], [ 79.868868091315278, 6.827999268926268 ], [ 79.868867325728871, 6.827993355778637 ], [ 79.868854790915918, 6.828036895386447 ] ] ] ] } },
{ "type": "Feature", "properties": { "Sub_class": "Retail", "NAME": null, "Land_Exten": 0.60830859935899995, "Main_C": "Commercial", "Domain": "Built-up", "Area_m2": 6085.598 }, "geometry": { "type": "MultiPolygon", "coordinates": [ [ [ [ 79.868605933217282, 6.828151449230063 ], [ 79.868117350435455, 6.82802137218863 ], [ 79.868027902965423, 6.828047545158142 ], [ 79.867883636420743, 6.828663905414942 ], [ 79.867827606858611, 6.828949444661191 ], [ 79.868239496355727, 6.829069920540462 ], [ 79.868605933217282, 6.828151449230063 ] ] ] ] } },
{ "type": "Feature", "properties": { "Sub_class": "Retail", "NAME": null, "Land_Exten": 0.51271957635200005, "Main_C": "Commercial", "Domain": "Built-up", "Area_m2": 5126.585 }, "geometry": { "type": "MultiPolygon", "coordinates": [ [ [ [ 79.868633112528187, 6.829253047690031 ], [ 79.868742910756794, 6.828973917012718 ], [ 79.868914603026553, 6.829030660636533 ], [ 79.869067432016436, 6.828672045178791 ], [ 79.868826114233855, 6.828575699908697 ], [ 79.868927001979614, 6.828347337759453 ], [ 79.869101178176891, 6.828397220455429 ], [ 79.869162584785499, 6.828232549192819 ], [ 79.869135422273459, 6.828210962408831 ], [ 79.869123024079855, 6.828205814781254 ], [ 79.869078299033433, 6.828186527104986 ], [ 79.869026753417444, 6.82816368937816 ], [ 79.868983874391233, 6.828144303458268 ], [ 79.868836132681452, 6.828081413626364 ], [ 79.868669570144618, 6.828474024356808 ], [ 79.868332479960031, 6.82935045955611 ], [ 79.868567897290689, 6.829452744848368 ], [ 79.868633112528187, 6.829253047690031 ] ] ] ] } },
{ "type": "Feature", "properties": { "Sub_class": "Low Rise", "NAME": null, "Land_Exten": 1.0488093703700001, "Main_C": "Residential", "Domain": "Built-up", "Area_m2": 10463.854 }, "geometry": { "type": "MultiPolygon", "coordinates": [ [ [ [ 79.869067432016436, 6.828672045178791 ], [ 79.868914603026553, 6.829030660636533 ], [ 79.868742910756794, 6.828973917012718 ], [ 79.868640349372697, 6.829230886596179 ], [ 79.868567897290689, 6.829452744848368 ], [ 79.869235872337697, 6.829718656390924 ], [ 79.869235259899369, 6.829720480216054 ], [ 79.869430501816282, 6.829785937371184 ], [ 79.869438387071966, 6.828830904122981 ], [ 79.869434036594171, 6.828171235432634 ], [ 79.869427154395481, 6.828174032045142 ], [ 79.869409711627384, 6.828181076239956 ], [ 79.869391542077267, 6.828188372013152 ], [ 79.869372645745159, 6.828195919364735 ], [ 79.869353022631046, 6.828203718294704 ], [ 79.869332672734927, 6.828211768803056 ], [ 79.8693143913722, 6.828219064576253 ], [ 79.869298178542891, 6.828225605614293 ], [ 79.869284034246959, 6.828231391917173 ], [ 79.869271958484404, 6.828236423484895 ], [ 79.869261951255282, 6.828240700317458 ], [ 79.869254012559537, 6.828244222414865 ], [ 79.869248142397197, 6.828246989777112 ], [ 79.869244340768262, 6.8282490024042 ], [ 79.869233718569731, 6.828247464980729 ], [ 79.869228759438343, 6.828246018567407 ], [ 79.86920082485824, 6.828255731916556 ], [ 79.869162584785499, 6.828232549192819 ], [ 79.869101178176891, 6.828397220455429 ], [ 79.868927001979614, 6.828347337759453 ], [ 79.868826114233855, 6.828575699908697 ], [ 79.869067432016436, 6.828672045178791 ] ] ] ] } },
{ "type": "Feature", "properties": { "Sub_class": "Retail", "NAME": null, "Land_Exten": 0.342580927516, "Main_C": "Commercial", "Domain": "Built-up", "Area_m2": 3427.223 }, "geometry": { "type": "MultiPolygon", "coordinates": [ [ [ [ 79.867896853756861, 6.830043913296038 ], [ 79.868207770072615, 6.829169858602143 ], [ 79.867815412951018, 6.82912559756835 ], [ 79.867777341051521, 6.829474584884224 ], [ 79.867828641978292, 6.829542640180762 ], [ 79.867768362220204, 6.829718720242795 ], [ 79.867668425057843, 6.829707616313499 ], [ 79.867627329637628, 6.829840658419698 ], [ 79.867586234217413, 6.829973700525898 ], [ 79.867896853756861, 6.830043913296038 ] ] ] ] } },
{ "type": "Feature", "properties": { "Sub_class": "Retail", "NAME": null, "Land_Exten": 0.46567678522, "Main_C": "Commercial", "Domain": "Built-up", "Area_m2": 4658.692 }, "geometry": { "type": "MultiPolygon", "coordinates": [ [ [ [ 79.868304967000711, 6.82942737587274 ], [ 79.867921081492796, 6.830510823315876 ], [ 79.868125715029805, 6.830569516669925 ], [ 79.868295534011736, 6.830625114557449 ], [ 79.868381109900383, 6.830366469537012 ], [ 79.86830655340475, 6.830328397637516 ], [ 79.868471529537487, 6.829949270442512 ], [ 79.868548924293464, 6.829674961030662 ], [ 79.868590696903198, 6.829529686346007 ], [ 79.868304967000711, 6.82942737587274 ] ] ] ] } },
{ "type": "Feature", "properties": { "Sub_class": "Low Rise", "NAME": null, "Land_Exten": 1.57065152084, "Main_C": "Residential", "Domain": "Built-up", "Area_m2": 15713.047 }, "geometry": { "type": "MultiPolygon", "coordinates": [ [ [ [ 79.873342824311976, 6.829244780222496 ], [ 79.87338527950709, 6.829088337756616 ], [ 79.87340356272432, 6.828973990757106 ], [ 79.873427802151411, 6.828895775819433 ], [ 79.873421869323863, 6.828847604533394 ], [ 79.873379809830396, 6.828793344837038 ], [ 79.873289554769201, 6.828745015270272 ], [ 79.873217345504145, 6.828708759101971 ], [ 79.873145092172308, 6.828696584080149 ], [ 79.873018653787881, 6.828672266412013 ], [ 79.872711490343079, 6.828665670784119 ], [ 79.872530787765697, 6.828671351801518 ], [ 79.872374234683264, 6.828646978375389 ], [ 79.872103288735843, 6.828598309764232 ], [ 79.871772146667297, 6.828531467653136 ], [ 79.871573443259877, 6.828500994125648 ], [ 79.871537010824454, 6.828657447383364 ], [ 79.871440042324139, 6.828976328095109 ], [ 79.871428233326355, 6.829001125101911 ], [ 79.871428135300278, 6.829053636516164 ], [ 79.871452388217222, 6.829102346496143 ], [ 79.87153755941091, 6.829120755618419 ], [ 79.871707936871871, 6.829139324820005 ], [ 79.871951267337181, 6.829200612718125 ], [ 79.872109425709482, 6.829243491493969 ], [ 79.872261499268859, 6.829286358578656 ], [ 79.872407486216559, 6.829329214871393 ], [ 79.872523065287282, 6.829359846679608 ], [ 79.872608168132501, 6.829414754787138 ], [ 79.872778523110412, 6.829445489118086 ], [ 79.872815652520387, 6.829455685631444 ], [ 79.872822735580826, 6.829302852144963 ], [ 79.873025601950019, 6.829323138152347 ], [ 79.873011271253233, 6.829515105637654 ], [ 79.87313146474537, 6.829539366648476 ], [ 79.873173625862194, 6.829539445788839 ], [ 79.873245959233714, 6.829509481277569 ], [ 79.87329440301437, 6.829371110688271 ], [ 79.873342824311976, 6.829244780222496 ] ] ] ] } },
{ "type": "Feature", "properties": { "Sub_class": "Low Rise", "NAME": null, "Land_Exten": 0.060349321101800003, "Main_C": "Residential", "Domain": "Built-up", "Area_m2": 603.744 }, "geometry": { "type": "MultiPolygon", "coordinates": [ [ [ [ 79.872364769318722, 6.82938996587427 ], [ 79.872313198595293, 6.829372676407957 ], [ 79.872272855008305, 6.829674746992055 ], [ 79.872455830172498, 6.829679473828719 ], [ 79.872481054357252, 6.829430636814493 ], [ 79.872364769318722, 6.82938996587427 ] ] ] ] } },
{ "type": "Feature", "properties": { "Sub_class": "Other higher edu.", "NAME": "Lalith Athululathmudali College", "Land_Exten": 1.02894708284, "Main_C": "Institutional", "Domain": "Built-up", "Area_m2": 10293.744 }, "geometry": { "type": "MultiPolygon", "coordinates": [ [ [ [ 79.871052187208704, 6.829925923142866 ], [ 79.871610683286463, 6.829991177051227 ], [ 79.871629206622629, 6.829908076996219 ], [ 79.872119589847273, 6.829976905709657 ], [ 79.872165298789582, 6.829885392496919 ], [ 79.872212888214278, 6.829826699142927 ], [ 79.872269995164174, 6.829353979502628 ], [ 79.87178077566233, 6.829242874559043 ], [ 79.871482704363359, 6.82916323509528 ], [ 79.871349439225298, 6.829116624132951 ], [ 79.871319298446906, 6.829126603010366 ], [ 79.871174802575126, 6.829096231106234 ], [ 79.87115668843046, 6.829120277179072 ], [ 79.871138392622754, 6.829240644240372 ], [ 79.87110789301488, 6.829445268784184 ], [ 79.871083710245102, 6.829493384312286 ], [ 79.871062099536346, 6.829514903290203 ], [ 79.871052187208704, 6.829925923142866 ] ] ] ] } },
{ "type": "Feature", "properties": { "Sub_class": "Barren Land", "NAME": null, "Land_Exten": 0.16281342647899999, "Main_C": "Barren Land", "Domain": "Non Built-up", "Area_m2": 1628.811 }, "geometry": { "type": "MultiPolygon", "coordinates": [ [ [ [ 79.872455830172498, 6.829679473828719 ], [ 79.872272855008305, 6.829674746992055 ], [ 79.872253939567713, 6.829816380321745 ], [ 79.872232942196604, 6.829893752594671 ], [ 79.872305923979241, 6.830017357215297 ], [ 79.872606570037249, 6.830012608794902 ], [ 79.872606967537592, 6.829800876009642 ], [ 79.872571035125247, 6.829743172809231 ], [ 79.872565291155297, 6.829560668889826 ], [ 79.872504658862965, 6.829438892590872 ], [ 79.872481054357252, 6.829430636814493 ], [ 79.872455830172498, 6.829679473828719 ] ] ] ] } },
{ "type": "Feature", "properties": { "Sub_class": "Retail", "NAME": null, "Land_Exten": 0.015624275159000001, "Main_C": "Commercial", "Domain": "Built-up", "Area_m2": 156.307 }, "geometry": { "type": "MultiPolygon", "coordinates": [ [ [ [ 79.869516728814062, 6.828995295696416 ], [ 79.869620661664271, 6.828995490849252 ], [ 79.869614816070964, 6.828867734958067 ], [ 79.869515376233664, 6.828871688377774 ], [ 79.869516728814062, 6.828995295696416 ] ] ] ] } },
{ "type": "Feature", "properties": { "Sub_class": "Low Rise", "NAME": null, "Land_Exten": 3.3013018753700001, "Main_C": "Residential", "Domain": "Built-up", "Area_m2": 32943.151 }, "geometry": { "type": "MultiPolygon", "coordinates": [ [ [ [ 79.870016623268612, 6.830027163422926 ], [ 79.870070796630046, 6.830045325231595 ], [ 79.870124969991423, 6.83006348704032 ], [ 79.870179143352857, 6.830081649748365 ], [ 79.870191428091971, 6.82995525093412 ], [ 79.870209633068157, 6.829883045266399 ], [ 79.870233939944455, 6.829768709058726 ], [ 79.870264237204822, 6.829672445626898 ], [ 79.87030052215141, 6.829594253172274 ], [ 79.870342864931331, 6.829498011324233 ], [ 79.870367047701166, 6.829449896695451 ], [ 79.870415368274678, 6.82937774678561 ], [ 79.870439482696042, 6.829365752527508 ], [ 79.870481655504079, 6.829359811606082 ], [ 79.870644209762531, 6.82939623684689 ], [ 79.87079470591101, 6.829438660565756 ], [ 79.870903075116871, 6.829462944059685 ], [ 79.870993376043543, 6.82948719427867 ], [ 79.871017478773695, 6.829481219182981 ], [ 79.871041594094322, 6.829469224924821 ], [ 79.871077834074867, 6.82941511181798 ], [ 79.871090152088925, 6.829270653717742 ], [ 79.871108549519988, 6.829096106999771 ], [ 79.871126720321968, 6.829041960618042 ], [ 79.871223054800168, 6.829060201567074 ], [ 79.871325423729388, 6.829072434145587 ], [ 79.87137369843748, 6.829024364482905 ], [ 79.871428188360255, 6.828873964561865 ], [ 79.871458620518979, 6.828705460388733 ], [ 79.871495087128608, 6.828530946945705 ], [ 79.871495177060808, 6.828482787350822 ], [ 79.87138679706311, 6.828464523019363 ], [ 79.87111587359874, 6.828403814284627 ], [ 79.871067734688268, 6.828379643206006 ], [ 79.870881270154541, 6.828246852010636 ], [ 79.870718784244559, 6.828174305499829 ], [ 79.87054425281508, 6.828101737405291 ], [ 79.870541649506819, 6.82810125925132 ], [ 79.870526663755328, 6.828098782154546 ], [ 79.870480037894424, 6.828091961584968 ], [ 79.870430448999215, 6.828085308734313 ], [ 79.870377897069687, 6.828078823602581 ], [ 79.870322382105826, 6.828072506189775 ], [ 79.870263904107631, 6.828066356495894 ], [ 79.870231700759078, 6.828063221138027 ], [ 79.870176927423302, 6.828058906293563 ], [ 79.869905891543738, 6.828058396377912 ], [ 79.869856817923008, 6.828035646468132 ], [ 79.869837338977433, 6.828034937150786 ], [ 79.869801503033983, 6.828034210368782 ], [ 79.869769748251031, 6.828034210368782 ], [ 79.869740117907767, 6.82803566393279 ], [ 79.869712612004221, 6.828038571060807 ], [ 79.869687230540393, 6.828042931752833 ], [ 79.869663973516253, 6.828048746008867 ], [ 79.869642840931832, 6.82805601382891 ], [ 79.869623832787099, 6.828064735212962 ], [ 79.869606949082083, 6.828074910161021 ], [ 79.869592189816757, 6.828086538673089 ], [ 79.869577458504608, 6.828097468356308 ], [ 79.86956275514558, 6.828107699210676 ], [ 79.869548079739729, 6.828117231236194 ], [ 79.869533432287028, 6.828126064432862 ], [ 79.869518812787476, 6.828134198800679 ], [ 79.869507370000292, 6.828140029799519 ], [ 79.869515376233664, 6.828871688377774 ], [ 79.869614816070964, 6.828867734958067 ], [ 79.869620661664271, 6.828995490849252 ], [ 79.869516728814062, 6.828995295696416 ], [ 79.869517129012365, 6.829031794681612 ], [ 79.869517256716108, 6.82905022089102 ], [ 79.869589978594718, 6.829129261406365 ], [ 79.869644673562902, 6.829171945928636 ], [ 79.869717706606934, 6.829172083524895 ], [ 79.869766395902502, 6.829172175255735 ], [ 79.869772481614802, 6.829172186946892 ], [ 79.869772413266332, 6.829208685032825 ], [ 79.869772390783282, 6.82922085106145 ], [ 79.86968720789838, 6.829208524953515 ], [ 79.869638506911599, 6.829214516236959 ], [ 79.869577692056907, 6.829190069965819 ], [ 79.869553415757593, 6.829153525115146 ], [ 79.869523054645299, 6.829116969472636 ], [ 79.869517665907608, 6.829108857587755 ], [ 79.869521919700901, 6.829719195084806 ], [ 79.869533851905771, 6.829846962667261 ], [ 79.869871909760889, 6.830191974080378 ], [ 79.869895992705949, 6.830117236821081 ], [ 79.869950347730423, 6.830039078540665 ], [ 79.870016623268612, 6.830027163422926 ] ] ] ] } },
{ "type": "Feature", "properties": { "Sub_class": "Low Rise", "NAME": null, "Land_Exten": 1.1534386299, "Main_C": "Residential", "Domain": "Built-up", "Area_m2": 11539.167 }, "geometry": { "type": "MultiPolygon", "coordinates": [ [ [ [ 79.870278601176551, 6.831048569336076 ], [ 79.870291825707227, 6.830893478551218 ], [ 79.870449710685648, 6.830890798571545 ], [ 79.870435494202752, 6.831076491486954 ], [ 79.87058076169285, 6.831105813882232 ], [ 79.870839663020092, 6.831154461809035 ], [ 79.870951098914134, 6.831174047244531 ], [ 79.870967526829929, 6.831159734534197 ], [ 79.870976619875137, 6.831076385366941 ], [ 79.871022232590008, 6.830582228587048 ], [ 79.871052239369419, 6.830466167479699 ], [ 79.871034427396978, 6.83043338269448 ], [ 79.870962979857666, 6.830409430151121 ], [ 79.870823036354125, 6.830376416038803 ], [ 79.870474785582928, 6.830229870612072 ], [ 79.87019742657003, 6.830117804293309 ], [ 79.870179075903707, 6.830117769219726 ], [ 79.870016509954041, 6.830087363141331 ], [ 79.869992395532677, 6.83009935829881 ], [ 79.869944131616421, 6.830141407899703 ], [ 79.869877526926359, 6.830327904808996 ], [ 79.869822979447008, 6.830508403240287 ], [ 79.869798433351093, 6.83074915984588 ], [ 79.869798338022918, 6.83079989150184 ], [ 79.869955395625084, 6.830797570351649 ], [ 79.869955193277633, 6.830904755150357 ], [ 79.869798130279548, 6.830909967620983 ], [ 79.869798081716169, 6.830935780861637 ], [ 79.869846175660541, 6.83098403128804 ], [ 79.869864244839107, 6.830984065462303 ], [ 79.870123156958186, 6.83102669332726 ], [ 79.870278601176551, 6.831048569336076 ] ] ] ] } },
{ "type": "Feature", "properties": { "Sub_class": "Retail", "NAME": null, "Land_Exten": 0.020846461568400001, "Main_C": "Commercial", "Domain": "Built-up", "Area_m2": 208.551 }, "geometry": { "type": "MultiPolygon", "coordinates": [ [ [ [ 79.869798130279548, 6.830909967620983 ], [ 79.869955193277633, 6.830904755150357 ], [ 79.869955395625084, 6.830797570351649 ], [ 79.869798338022918, 6.83079989150184 ], [ 79.869798130279548, 6.830909967620983 ] ] ] ] } },
{ "type": "Feature", "properties": { "Sub_class": "Low Rise", "NAME": null, "Land_Exten": 1.81652739198, "Main_C": "Residential", "Domain": "Built-up", "Area_m2": 18172.813 }, "geometry": { "type": "MultiPolygon", "coordinates": [ [ [ [ 79.871052187208704, 6.829925923142866 ], [ 79.871062099536346, 6.829514903290203 ], [ 79.871059572441368, 6.829517418693968 ], [ 79.871017388841494, 6.829529379677183 ], [ 79.870945123818444, 6.829523223817773 ], [ 79.870686268356678, 6.829450496543245 ], [ 79.870559852455301, 6.829414138751531 ], [ 79.870481587155552, 6.829395931976705 ], [ 79.870427312170762, 6.829431949824652 ], [ 79.870366764414712, 6.829600397340528 ], [ 79.87030020469075, 6.82976281400272 ], [ 79.87025159003889, 6.82999148461937 ], [ 79.870230768035583, 6.830069969353644 ], [ 79.870326055702947, 6.830116450813591 ], [ 79.870558210293211, 6.830221095027582 ], [ 79.870576066332433, 6.830230060369047 ], [ 79.870596962979505, 6.830206281394794 ], [ 79.870635956684112, 6.83006344027558 ], [ 79.87067492250975, 6.829935487432863 ], [ 79.870710635487512, 6.829953418115792 ], [ 79.870671713728655, 6.830057553313509 ], [ 79.870638761669568, 6.830155743992464 ], [ 79.870617781385533, 6.830224184198812 ], [ 79.870617731023515, 6.830250980398489 ], [ 79.870659395714597, 6.830271900427931 ], [ 79.870814205910904, 6.830319828897018 ], [ 79.870888614917703, 6.830352719802249 ], [ 79.871001755926329, 6.830382706796513 ], [ 79.871076164933129, 6.830415596802425 ], [ 79.871102901777533, 6.830454353085997 ], [ 79.871080005038266, 6.830612430519295 ], [ 79.87126345774243, 6.830615432456284 ], [ 79.871263060242086, 6.830826825297777 ], [ 79.871419312051671, 6.830926142827252 ], [ 79.871685811750865, 6.831014975160997 ], [ 79.87182867175585, 6.831024393760799 ], [ 79.871829847169749, 6.830924684126899 ], [ 79.871951518248011, 6.830804869249391 ], [ 79.872045744715422, 6.83079249637666 ], [ 79.8720112494197, 6.830563243898609 ], [ 79.872023321019526, 6.830479901026649 ], [ 79.872059436893551, 6.830283462112163 ], [ 79.872083574697285, 6.830119752224846 ], [ 79.872104622430413, 6.830015583752242 ], [ 79.872119589847273, 6.829976905709657 ], [ 79.871629206622629, 6.829908076996219 ], [ 79.871610683286463, 6.829991177051227 ], [ 79.871052187208704, 6.829925923142866 ] ] ] ] } },
{ "type": "Feature", "properties": { "Sub_class": "Low Rise", "NAME": null, "Land_Exten": 0.050823051986199998, "Main_C": "Residential", "Domain": "Built-up", "Area_m2": 508.441 }, "geometry": { "type": "MultiPolygon", "coordinates": [ [ [ [ 79.871078757678561, 6.830621040628557 ], [ 79.871054635163318, 6.830775818449297 ], [ 79.871049053071374, 6.830817978666857 ], [ 79.871263060242086, 6.830826825297777 ], [ 79.87126345774243, 6.830615432456284 ], [ 79.871080005038266, 6.830612430519295 ], [ 79.871078757678561, 6.830621040628557 ] ] ] ] } },
{ "type": "Feature", "properties": { "Sub_class": "Low Rise", "NAME": null, "Land_Exten": 1.0124369426199999, "Main_C": "Residential", "Domain": "Built-up", "Area_m2": 10128.579 }, "geometry": { "type": "MultiPolygon", "coordinates": [ [ [ [ 79.872305923979241, 6.830017357215297 ], [ 79.872232942196604, 6.829893752594671 ], [ 79.872212090515632, 6.829893713024489 ], [ 79.872161348967154, 6.829947210995044 ], [ 79.872131426724025, 6.83001861176956 ], [ 79.872113402511559, 6.830098966194385 ], [ 79.8720922432625, 6.83026268237694 ], [ 79.872059178788106, 6.830420420765847 ], [ 79.872041043059767, 6.830560322900624 ], [ 79.872040891973654, 6.830640711499711 ], [ 79.872058524981014, 6.830768771361761 ], [ 79.872090771971614, 6.831045727478397 ], [ 79.872113853071937, 6.831444737784466 ], [ 79.872125589224595, 6.831540035344403 ], [ 79.872135438599685, 6.83156478019049 ], [ 79.872194048316715, 6.831584429477914 ], [ 79.872311086987111, 6.83162516876655 ], [ 79.872312204844434, 6.831425745002207 ], [ 79.872439743999053, 6.831418130442387 ], [ 79.872441646964489, 6.831548524944537 ], [ 79.872444237911282, 6.83158827138169 ], [ 79.872494947084192, 6.83158849980947 ], [ 79.872501077762593, 6.831663265847112 ], [ 79.872567297542787, 6.831681451038207 ], [ 79.872627505355126, 6.83169360357698 ], [ 79.872622138201166, 6.83134443010141 ], [ 79.872610951534227, 6.83088688472202 ], [ 79.872611448859345, 6.830622002903169 ], [ 79.872587853346829, 6.830357076118219 ], [ 79.872606476507769, 6.830062128164741 ], [ 79.872606570037249, 6.830012608794902 ], [ 79.872305923979241, 6.830017357215297 ] ] ] ] } },
{ "type": "Feature", "properties": { "Sub_class": "Mixed Retail-Residential", "NAME": null, "Land_Exten": 0.15530107419799999, "Main_C": "Commercial", "Domain": "Built-up", "Area_m2": 1553.655 }, "geometry": { "type": "MultiPolygon", "coordinates": [ [ [ [ 79.871263060242086, 6.830826825297777 ], [ 79.871049053071374, 6.830817978666857 ], [ 79.871036504830897, 6.830912742928774 ], [ 79.871018317841163, 6.831079441263228 ], [ 79.871013458804157, 6.831186502854848 ], [ 79.871200910793448, 6.831227380639177 ], [ 79.871279187784353, 6.831239568251533 ], [ 79.871419312051671, 6.830926142827252 ], [ 79.871263060242086, 6.830826825297777 ] ] ] ] } },
{ "type": "Feature", "properties": { "Sub_class": "Retail", "NAME": null, "Land_Exten": 0.120603221735, "Main_C": "Commercial", "Domain": "Built-up", "Area_m2": 1206.533 }, "geometry": { "type": "MultiPolygon", "coordinates": [ [ [ [ 79.871357464775258, 6.831251754964569 ], [ 79.871459788738321, 6.831288067790126 ], [ 79.871586205539018, 6.83132442558184 ], [ 79.871685811750865, 6.831014975160997 ], [ 79.871419312051671, 6.830926142827252 ], [ 79.871279187784353, 6.831239568251533 ], [ 79.871357464775258, 6.831251754964569 ] ] ] ] } },
{ "type": "Feature", "properties": { "Sub_class": "Barren Land", "NAME": null, "Land_Exten": 0.21052350741299999, "Main_C": "Barren Land", "Domain": "Non Built-up", "Area_m2": 2106.11 }, "geometry": { "type": "MultiPolygon", "coordinates": [ [ [ [ 79.872045744715422, 6.83079249637666 ], [ 79.871951518248011, 6.830804869249391 ], [ 79.871829847169749, 6.830924684126899 ], [ 79.87182867175585, 6.831024393760799 ], [ 79.871840635437025, 6.83107208301027 ], [ 79.871708654530835, 6.831361425489433 ], [ 79.872085700694583, 6.831548105860463 ], [ 79.872058269573529, 6.831018940271917 ], [ 79.872045744715422, 6.83079249637666 ] ] ] ] } },
{ "type": "Feature", "properties": { "Sub_class": "Retail", "NAME": "Sunshine Restaurant", "Land_Exten": 0.061468381731900001, "Main_C": "Commercial", "Domain": "Built-up", "Area_m2": 614.939 }, "geometry": { "type": "MultiPolygon", "coordinates": [ [ [ [ 79.871708654530835, 6.831361425489433 ], [ 79.871840635437025, 6.83107208301027 ], [ 79.87182867175585, 6.831024393760799 ], [ 79.871685811750865, 6.831014975160997 ], [ 79.871586205539018, 6.83132442558184 ], [ 79.871708654530835, 6.831361425489433 ] ] ] ] } },
{ "type": "Feature", "properties": { "Sub_class": "High Rise", "NAME": null, "Land_Exten": 0.040130028709499999, "Main_C": "Residential", "Domain": "Built-up", "Area_m2": 401.467 }, "geometry": { "type": "MultiPolygon", "coordinates": [ [ [ [ 79.871218802805572, 6.831663458301989 ], [ 79.87128120316504, 6.831697209858419 ], [ 79.871329392437588, 6.831598342889265 ], [ 79.871366058696708, 6.831525390784179 ], [ 79.871421029756789, 6.83143056716699 ], [ 79.871443029872012, 6.8313867962637 ], [ 79.87143453127868, 6.831341019872241 ], [ 79.871355968303362, 6.831321735709594 ], [ 79.871218802805572, 6.831663458301989 ] ] ] ] } },
{ "type": "Feature", "properties": { "Sub_class": "Retail", "NAME": null, "Land_Exten": 0.039173113659000003, "Main_C": "Commercial", "Domain": "Built-up", "Area_m2": 391.894 }, "geometry": { "type": "MultiPolygon", "coordinates": [ [ [ [ 79.872501077762593, 6.831663265847112 ], [ 79.872494947084192, 6.83158849980947 ], [ 79.872444237911282, 6.83158827138169 ], [ 79.872439743999053, 6.831418130442387 ], [ 79.872312204844434, 6.831425745002207 ], [ 79.872311086987111, 6.83162516876655 ], [ 79.872501077762593, 6.831663265847112 ] ] ] ] } },
{ "type": "Feature", "properties": { "Sub_class": "Low Rise", "NAME": null, "Land_Exten": 1.3052827782, "Main_C": "Residential", "Domain": "Built-up", "Area_m2": 13058.191 }, "geometry": { "type": "MultiPolygon", "coordinates": [ [ [ [ 79.864881364883161, 6.82201781746835 ], [ 79.864911314105939, 6.821887983243869 ], [ 79.864952373553251, 6.821773015712154 ], [ 79.864993285511787, 6.821735981630297 ], [ 79.865034148906886, 6.821724925365061 ], [ 79.865113589620535, 6.821727911114237 ], [ 79.865108520142144, 6.821665687021891 ], [ 79.865108673926215, 6.821584042069958 ], [ 79.865131105715989, 6.821502439386109 ], [ 79.865123848187125, 6.821413357940173 ], [ 79.865131470840765, 6.821309460163491 ], [ 79.865146449049462, 6.821242688199561 ], [ 79.8651800126475, 6.821164817702197 ], [ 79.865243251175173, 6.821101847172542 ], [ 79.865295435236192, 6.820994322430067 ], [ 79.865324778315937, 6.820928285212233 ], [ 79.865366282927653, 6.820834877127936 ], [ 79.865437858170651, 6.820618520928065 ], [ 79.865452170881042, 6.820575259040993 ], [ 79.865508159074352, 6.820419496462648 ], [ 79.865552980385814, 6.820278557409551 ], [ 79.865608975773682, 6.820119084228395 ], [ 79.865683534967218, 6.819959645221502 ], [ 79.865754361074949, 6.819811333526275 ], [ 79.865799097850129, 6.819714928001588 ], [ 79.865812844886932, 6.81968757602084 ], [ 79.865795448401286, 6.819681520885524 ], [ 79.865658161494991, 6.819633016850275 ], [ 79.865550571102006, 6.819588280075095 ], [ 79.865446686815176, 6.819547261097284 ], [ 79.865429133847499, 6.819539702295458 ], [ 79.865424728068774, 6.819537805625259 ], [ 79.865418761067019, 6.819557552039441 ], [ 79.865405861191618, 6.819600236561712 ], [ 79.865293283158564, 6.820000526603053 ], [ 79.865176239991513, 6.820298354185752 ], [ 79.865101225741057, 6.820545032827056 ], [ 79.86468482884186, 6.821457019126171 ], [ 79.86457706757767, 6.821773491453541 ], [ 79.86452087433895, 6.821922409291801 ], [ 79.864403957976322, 6.822312555879819 ], [ 79.864400733906791, 6.822323316268069 ], [ 79.864406578600779, 6.822324544742003 ], [ 79.864479758234324, 6.822339927645601 ], [ 79.864605934016708, 6.822373566786723 ], [ 79.864661600252703, 6.822388516217075 ], [ 79.864718845698235, 6.82221541470966 ], [ 79.864821543779271, 6.822236662092337 ], [ 79.864881364883161, 6.82201781746835 ] ] ] ] } },
{ "type": "Feature", "properties": { "Sub_class": "Retail", "NAME": "Asiri PreSchool", "Land_Exten": 0.027801559435100001, "Main_C": "Commercial", "Domain": "Built-up", "Area_m2": 278.13 }, "geometry": { "type": "MultiPolygon", "coordinates": [ [ [ [ 79.864718845698235, 6.82221541470966 ], [ 79.864661600252703, 6.822388516217075 ], [ 79.864717265589377, 6.822403466546803 ], [ 79.86478407082825, 6.822418436661565 ], [ 79.864802656217648, 6.822407339027507 ], [ 79.864821543779271, 6.822236662092337 ], [ 79.864718845698235, 6.82221541470966 ] ] ] ] } },
{ "type": "Feature", "properties": { "Sub_class": "Barren Land", "NAME": null, "Land_Exten": 0.067522395252400003, "Main_C": "Barren Land", "Domain": "Non Built-up", "Area_m2": 675.501 }, "geometry": { "type": "MultiPolygon", "coordinates": [ [ [ [ 79.864899354921363, 6.822323149893521 ], [ 79.864858215434367, 6.822433021866516 ], [ 79.865197306610469, 6.822535398889613 ], [ 79.865230871107883, 6.822369287812421 ], [ 79.864907232083169, 6.822286742639108 ], [ 79.864899354921363, 6.822323149893521 ] ] ] ] } },
{ "type": "Feature", "properties": { "Sub_class": "Low Rise", "NAME": null, "Land_Exten": 0.60473089637099997, "Main_C": "Residential", "Domain": "Built-up", "Area_m2": 6049.793 }, "geometry": { "type": "MultiPolygon", "coordinates": [ [ [ [ 79.864792647662625, 6.822558905369249 ], [ 79.86470884433777, 6.822873595240253 ], [ 79.864684621997753, 6.823111170044513 ], [ 79.864659926614365, 6.823598247361303 ], [ 79.864647881994188, 6.823681391483092 ], [ 79.864647256066064, 6.824012336600106 ], [ 79.864822672428431, 6.82401674597611 ], [ 79.864932071358055, 6.823582850967853 ], [ 79.865011985115075, 6.823282470209904 ], [ 79.865066598244994, 6.823111437143154 ], [ 79.865096019565726, 6.823011315619794 ], [ 79.865163042440486, 6.822902916736268 ], [ 79.865192858563603, 6.822594093142925 ], [ 79.865192890039907, 6.822577397229168 ], [ 79.86481092728252, 6.822495413232787 ], [ 79.864792647662625, 6.822558905369249 ] ] ] ] } },
{ "type": "Feature", "properties": { "Sub_class": "Low Rise", "NAME": null, "Land_Exten": 0.95469074002599996, "Main_C": "Residential", "Domain": "Built-up", "Area_m2": 9550.825 }, "geometry": { "type": "MultiPolygon", "coordinates": [ [ [ [ 79.86409422876568, 6.824184778904453 ], [ 79.864119660693859, 6.823935350136367 ], [ 79.864599158524413, 6.824038141746883 ], [ 79.864599694520336, 6.824021497094463 ], [ 79.864588246150674, 6.823789794863217 ], [ 79.864606536562462, 6.823546267446318 ], [ 79.864611188755418, 6.823410119081757 ], [ 79.864611188755418, 6.823408532677718 ], [ 79.864612829118812, 6.823360536759424 ], [ 79.864616085563966, 6.823242301990717 ], [ 79.864616129630747, 6.823242311883234 ], [ 79.864619210708042, 6.82313045510648 ], [ 79.864631423501464, 6.82295820255905 ], [ 79.864703339587493, 6.822643490204939 ], [ 79.864745235404371, 6.822489115280518 ], [ 79.864754260101108, 6.822459254191301 ], [ 79.864713468651701, 6.822449579284694 ], [ 79.864561315952017, 6.822408468575986 ], [ 79.864420280671482, 6.82237851305797 ], [ 79.86439315801789, 6.822368773400228 ], [ 79.864388128109681, 6.82236696666223 ], [ 79.86438418728045, 6.822380118347837 ], [ 79.864300498169484, 6.822659385722147 ], [ 79.864169219633823, 6.823092238416109 ], [ 79.864009429891325, 6.82381842837782 ], [ 79.863950549478318, 6.824155949337637 ], [ 79.86409422876568, 6.824184778904453 ] ] ] ] } },
{ "type": "Feature", "properties": { "Sub_class": "Retail", "NAME": null, "Land_Exten": 0.136727404291, "Main_C": "Commercial", "Domain": "Built-up", "Area_m2": 1367.835 }, "geometry": { "type": "MultiPolygon", "coordinates": [ [ [ [ 79.864593379480937, 6.824215936816074 ], [ 79.864599158524413, 6.824036555342786 ], [ 79.864119660693859, 6.823933763732271 ], [ 79.86409406868637, 6.824184761817378 ], [ 79.864596650315207, 6.82423829306282 ], [ 79.864593379480937, 6.824215936816074 ] ] ] ] } },
{ "type": "Feature", "properties": { "Sub_class": "High Rise", "NAME": null, "Land_Exten": 0.046061729101400002, "Main_C": "Residential", "Domain": "Built-up", "Area_m2": 460.807 }, "geometry": { "type": "MultiPolygon", "coordinates": [ [ [ [ 79.865035176832009, 6.824804356935545 ], [ 79.865125857272574, 6.824806542288172 ], [ 79.865122213219649, 6.824623024832761 ], [ 79.864909224980806, 6.824626796589428 ], [ 79.864912628015418, 6.824794083979839 ], [ 79.865035176832009, 6.824804356935545 ] ] ] ] } },
{ "type": "Feature", "properties": { "Sub_class": "Barren Land", "NAME": null, "Land_Exten": 0.0122448149412, "Main_C": "Barren Land", "Domain": "Non Built-up", "Area_m2": 122.498 }, "geometry": { "type": "MultiPolygon", "coordinates": [ [ [ [ 79.865130985206861, 6.824845860647997 ], [ 79.865134140927921, 6.824935626478009 ], [ 79.865255240037357, 6.824940029558775 ], [ 79.865251547421053, 6.824863307495718 ], [ 79.865130985206861, 6.824845860647997 ] ] ] ] } },
{ "type": "Feature", "properties": { "Sub_class": "Low Rise", "NAME": null, "Land_Exten": 0.70729963029200005, "Main_C": "Residential", "Domain": "Built-up", "Area_m2": 7075.9 }, "geometry": { "type": "MultiPolygon", "coordinates": [ [ [ [ 79.864382711493022, 6.825751681195186 ], [ 79.864362331956102, 6.825951552821948 ], [ 79.864308592967234, 6.826164690348207 ], [ 79.864281482904175, 6.826397868366996 ], [ 79.864260404594063, 6.826481469344401 ], [ 79.864274669640338, 6.826486251939002 ], [ 79.864430639062789, 6.826508055102693 ], [ 79.864548930488809, 6.826540541312966 ], [ 79.864855501280431, 6.826578759801976 ], [ 79.864936953777431, 6.826585994847846 ], [ 79.864948510965064, 6.82657832453009 ], [ 79.864960694980141, 6.826572264898175 ], [ 79.864972913169481, 6.826547955323917 ], [ 79.864997481748446, 6.82642938151082 ], [ 79.865071095754502, 6.826122324185974 ], [ 79.865123357157245, 6.825842599956047 ], [ 79.865050358287476, 6.825824212417501 ], [ 79.864864813760221, 6.82578128058168 ], [ 79.864721849433863, 6.825750594814167 ], [ 79.864578889604104, 6.825716866640107 ], [ 79.864398782377975, 6.825687943543812 ], [ 79.864382711493022, 6.825751681195186 ] ] ] ] } },
{ "type": "Feature", "properties": { "Sub_class": "School", "NAME": "Roman Catholic vidyalaya", "Land_Exten": 0.42213383149299999, "Main_C": "Institutional", "Domain": "Built-up", "Area_m2": 4223.071 }, "geometry": { "type": "MultiPolygon", "coordinates": [ [ [ [ 79.864741576962274, 6.826592719078747 ], [ 79.864600891517966, 6.826574872032779 ], [ 79.864495384854195, 6.826557091536586 ], [ 79.864375237227478, 6.826530492288441 ], [ 79.864266788881253, 6.826518566378809 ], [ 79.86416690208091, 6.826629725281634 ], [ 79.864128729457377, 6.826661885037993 ], [ 79.864105193300077, 6.826705794436918 ], [ 79.864099257774569, 6.826743875329612 ], [ 79.864079835116343, 6.827002698415868 ], [ 79.864708110490938, 6.827088294089549 ], [ 79.864782340532656, 6.827092991248605 ], [ 79.864844746288043, 6.826610853907823 ], [ 79.864741576962274, 6.826592719078747 ] ] ] ] } },
{ "type": "Feature", "properties": { "Sub_class": "Slum", "NAME": null, "Land_Exten": 3.2687300111400002, "Main_C": "Residential", "Domain": "Built-up", "Area_m2": 32680.28 }, "geometry": { "type": "MultiPolygon", "coordinates": [ [ [ [ 79.86509860601592, 6.819813280558492 ], [ 79.864896628176894, 6.820224527939672 ], [ 79.864851282560721, 6.820354043804116 ], [ 79.864790286942252, 6.82046675853411 ], [ 79.864780378211947, 6.820604555355999 ], [ 79.864708994524563, 6.82085439871156 ], [ 79.864618574887402, 6.821094724541979 ], [ 79.864523396037953, 6.821323152341677 ], [ 79.864385387875416, 6.821596790859246 ], [ 79.864294968238255, 6.821953710195601 ], [ 79.864247378813559, 6.822151204914235 ], [ 79.864166476701598, 6.8223534588451 ], [ 79.864064159933093, 6.82255809328143 ], [ 79.863990396639565, 6.822746070474807 ], [ 79.86388807987106, 6.823014949780145 ], [ 79.8637881427087, 6.823264793135763 ], [ 79.863728561723804, 6.823516515175072 ], [ 79.863558509817437, 6.823987330950615 ], [ 79.863427797854627, 6.824412461166219 ], [ 79.863302162564821, 6.824883277841025 ], [ 79.863123655232584, 6.825689200796035 ], [ 79.863050873099382, 6.826870427927929 ], [ 79.862949749731229, 6.827704438509102 ], [ 79.862964512102621, 6.827995290050637 ], [ 79.863017951617223, 6.828079576311438 ], [ 79.863140434783304, 6.828095114797748 ], [ 79.863233160282164, 6.828070588486923 ], [ 79.863236557920857, 6.828044656535724 ], [ 79.863243564538948, 6.827991175652301 ], [ 79.863245014246047, 6.827980529477884 ], [ 79.863284767877815, 6.827688535797336 ], [ 79.86330737683403, 6.827452310875515 ], [ 79.863359767739155, 6.827092470541118 ], [ 79.863370946312159, 6.827040808086849 ], [ 79.863393338531807, 6.826919024593337 ], [ 79.8634194656359, 6.826775098891744 ], [ 79.863456799191965, 6.826564743867891 ], [ 79.863482687975704, 6.826424958644964 ], [ 79.86349543316777, 6.826356137126083 ], [ 79.863550091263733, 6.82606100481155 ], [ 79.86358368993541, 6.825872792895098 ], [ 79.863677034167836, 6.825341366410953 ], [ 79.863744093914875, 6.825036929710564 ], [ 79.863773970292527, 6.824863476568225 ], [ 79.863867292941279, 6.824343125235089 ], [ 79.863967967547694, 6.8238412468761 ], [ 79.864017471629097, 6.823616147467305 ], [ 79.864023174230169, 6.823574927940626 ], [ 79.864049908376614, 6.823381704102417 ], [ 79.864105616880749, 6.823141574324268 ], [ 79.86415014861052, 6.822967694903241 ], [ 79.864214144367338, 6.822727580413527 ], [ 79.864278051091219, 6.822534408736033 ], [ 79.864331822455711, 6.822373564088764 ], [ 79.864353377406474, 6.822309089892656 ], [ 79.864397521528474, 6.822177042436635 ], [ 79.864458681722851, 6.821975581707761 ], [ 79.864505907821467, 6.821837604122209 ], [ 79.864630934270281, 6.821463681303896 ], [ 79.864719778295182, 6.821231897234327 ], [ 79.864877909687834, 6.820882888334665 ], [ 79.864972215295552, 6.820684251477076 ], [ 79.865044325635154, 6.820535276082182 ], [ 79.865111039143187, 6.820318637495177 ], [ 79.865172140881668, 6.82014755046913 ], [ 79.865230427742119, 6.82000407173058 ], [ 79.865252695855304, 6.819915751111068 ], [ 79.86528051008753, 6.819816395810051 ], [ 79.865362685639468, 6.819556008802806 ], [ 79.865375005452222, 6.819516971031419 ], [ 79.865391737338882, 6.819452667706514 ], [ 79.865399620073376, 6.819422373785936 ], [ 79.865369921809787, 6.819411556857411 ], [ 79.865341297780077, 6.819401046471503 ], [ 79.865318432100096, 6.819392548712685 ], [ 79.865301324769845, 6.819386063580953 ], [ 79.865289975789324, 6.819381591076311 ], [ 79.865284385158503, 6.819379131198758 ], [ 79.865275496055531, 6.819376950852745 ], [ 79.865263308480394, 6.819375050038273 ], [ 79.865248487149657, 6.819373498346606 ], [ 79.86509860601592, 6.819813280558492 ] ] ] ] } },
{ "type": "Feature", "properties": { "Sub_class": "Barren Land", "NAME": null, "Land_Exten": 0.40246399267799998, "Main_C": "Barren Land", "Domain": "Non Built-up", "Area_m2": 4026.291 }, "geometry": { "type": "MultiPolygon", "coordinates": [ [ [ [ 79.863950549478318, 6.824155949337637 ], [ 79.86389166996463, 6.824493470297455 ], [ 79.863862394334092, 6.824660650668534 ], [ 79.864568718271812, 6.824686777772627 ], [ 79.864604682160405, 6.824526452034206 ], [ 79.864616849987669, 6.824377961373841 ], [ 79.864596650315207, 6.824239879466916 ], [ 79.86409406868637, 6.824186348221417 ], [ 79.86409422876568, 6.824184778904453 ], [ 79.863950549478318, 6.824155949337637 ] ] ] ] } },
{ "type": "Feature", "properties": { "Sub_class": "Coastal area", "NAME": null, "Land_Exten": 2.7386941845, "Main_C": "Coastal area", "Domain": "Non Built-up", "Area_m2": 25970.391 }, "geometry": { "type": "MultiPolygon", "coordinates": [ [ [ [ 79.863017951617223, 6.828079576311438 ], [ 79.862964512102621, 6.827995290050637 ], [ 79.862949749731229, 6.827704438509102 ], [ 79.863050873099382, 6.826870427927929 ], [ 79.863123655232584, 6.825689200796035 ], [ 79.863302162564821, 6.824883277841025 ], [ 79.863427797854627, 6.824412461166219 ], [ 79.863565030801567, 6.823969275261902 ], [ 79.863728561723804, 6.823516515175072 ], [ 79.8637881427087, 6.823264793135763 ], [ 79.86388807987106, 6.823014949780145 ], [ 79.863990396639565, 6.822746070474807 ], [ 79.864064159933093, 6.82255809328143 ], [ 79.864166476701598, 6.8223534588451 ], [ 79.864247378813559, 6.822151204914235 ], [ 79.864294968238255, 6.821953710195601 ], [ 79.864385387875416, 6.821596790859246 ], [ 79.864523396037953, 6.821323152341677 ], [ 79.864618574887402, 6.821094724541979 ], [ 79.864708994524563, 6.82085439871156 ], [ 79.864780378211947, 6.820604555355999 ], [ 79.864790286942252, 6.82046675853411 ], [ 79.864773657578269, 6.82049748656982 ], [ 79.864593362393805, 6.820879589621427 ], [ 79.864476928967179, 6.821091991502271 ], [ 79.864410255029327, 6.821287919601843 ], [ 79.864229770987208, 6.821769430115182 ], [ 79.864113232339832, 6.822037058463536 ], [ 79.863924309059655, 6.822598630222672 ], [ 79.863840985073466, 6.822833186002754 ], [ 79.863677116905478, 6.823292636146277 ], [ 79.863549790890204, 6.823618512684277 ], [ 79.863491930308385, 6.82361884453411 ], [ 79.863332386080799, 6.823611159827237 ], [ 79.863276981142462, 6.823608924637703 ], [ 79.863272652570657, 6.823619177411712 ], [ 79.86324469941664, 6.823685817730874 ], [ 79.863217305325719, 6.823751563549107 ], [ 79.863202039979669, 6.823788454802052 ], [ 79.863201906143104, 6.82385899409735 ], [ 79.863189969441578, 6.823920991560556 ], [ 79.863160332283542, 6.823968188880883 ], [ 79.863136615362578, 6.824009491145148 ], [ 79.863112915528689, 6.824041932389321 ], [ 79.863098052433259, 6.824089158487936 ], [ 79.863097967896977, 6.824133458192591 ], [ 79.863097901347146, 6.824168898675794 ], [ 79.863086037490689, 6.824192502282187 ], [ 79.863065303620942, 6.824219043074436 ], [ 79.863026767671272, 6.824283944448553 ], [ 79.863023814419904, 6.824290186339462 ], [ 79.863000822919503, 6.824362148436758 ], [ 79.862996979427123, 6.82441088195668 ], [ 79.862996906582055, 6.824449274914173 ], [ 79.862987952931746, 6.824496511804625 ], [ 79.862967207370787, 6.824528959344036 ], [ 79.862941088709363, 6.824552601988425 ], [ 79.862899310245695, 6.824689447772472 ], [ 79.86286146167518, 6.824822392972946 ], [ 79.862829595079603, 6.824944715974897 ], [ 79.862803710458991, 6.825056416778324 ], [ 79.862783807813315, 6.825157495383227 ], [ 79.862769887142633, 6.825247951789606 ], [ 79.862761948446888, 6.825327785997461 ], [ 79.862759991726108, 6.825396998006791 ], [ 79.862764016980293, 6.825455587817597 ], [ 79.862768657203844, 6.825513730377939 ], [ 79.862773912396818, 6.825571425687817 ], [ 79.862779782559159, 6.82562867374723 ], [ 79.862786267690893, 6.825685474556179 ], [ 79.862793367792008, 6.825741828114666 ], [ 79.862801082862518, 6.825797734422688 ], [ 79.862809412902408, 6.825853193480245 ], [ 79.862818357911678, 6.825908205287337 ], [ 79.862825066668648, 6.825972609354178 ], [ 79.862829539173276, 6.826046405680766 ], [ 79.862831775425605, 6.826129594267102 ], [ 79.862831775425605, 6.826222175113186 ], [ 79.862829539173276, 6.826324148219016 ], [ 79.862825066668648, 6.826435513584595 ], [ 79.862818357911678, 6.826556271209921 ], [ 79.862809412902394, 6.826686421094993 ], [ 79.862800411986797, 6.826808967722176 ], [ 79.862791355164887, 6.826923911091468 ], [ 79.86278224243668, 6.827031251202868 ], [ 79.862773073802174, 6.827130988056378 ], [ 79.862763849261356, 6.827223121651998 ], [ 79.862754568814225, 6.827307651989726 ], [ 79.862745232460782, 6.827384579069563 ], [ 79.862735840201026, 6.827453902891509 ], [ 79.862725832971904, 6.827523841682845 ], [ 79.862715210773374, 6.827594395443567 ], [ 79.862703973605477, 6.827665564173678 ], [ 79.862692121468172, 6.827737347873178 ], [ 79.8626796543615, 6.827809746542066 ], [ 79.862666572285406, 6.827882760180341 ], [ 79.862652875239945, 6.827956388788005 ], [ 79.862641611032828, 6.828014821862394 ], [ 79.862641474724342, 6.828016246052982 ], [ 79.862629364453653, 6.828169797198427 ], [ 79.862605439789263, 6.828320372487269 ], [ 79.862584515263222, 6.828447326183209 ], [ 79.862554636187554, 6.828621517668978 ], [ 79.86251577018669, 6.828860664488104 ], [ 79.86251378538293, 6.828865399418703 ], [ 79.862627954316679, 6.828851348411035 ], [ 79.862744547822672, 6.828701442217834 ], [ 79.862842105378945, 6.828496808680825 ], [ 79.862884935591353, 6.828451598862273 ], [ 79.862939663834482, 6.828339763669192 ], [ 79.863079192750604, 6.828087345554593 ], [ 79.863017951617223, 6.828079576311438 ] ] ] ] } },
{ "type": "Feature", "properties": { "Sub_class": "Low Rise", "NAME": null, "Land_Exten": 0.090227510949199993, "Main_C": "Residential", "Domain": "Built-up", "Area_m2": 902.645 }, "geometry": { "type": "MultiPolygon", "coordinates": [ [ [ [ 79.864545007646029, 6.824838255980751 ], [ 79.8645531438126, 6.824809422816656 ], [ 79.864568718271812, 6.824686777772627 ], [ 79.863862394334092, 6.824660650668534 ], [ 79.863852697843811, 6.824716024624877 ], [ 79.864545007646029, 6.824838255980751 ] ] ] ] } },
{ "type": "Feature", "properties": { "Sub_class": "Roads", "NAME": null, "Land_Exten": 0.041161244802499997, "Main_C": "Transport", "Domain": "Built-up", "Area_m2": 411.781 }, "geometry": { "type": "MultiPolygon", "coordinates": [ [ [ [ 79.863852697843811, 6.824716024624877 ], [ 79.863844179465389, 6.824764668954344 ], [ 79.86453223907165, 6.824883508067501 ], [ 79.864545007646029, 6.824838255980751 ], [ 79.863852697843811, 6.824716024624877 ] ] ] ] } },
{ "type": "Feature", "properties": { "Sub_class": "Low Rise", "NAME": null, "Land_Exten": 0.93432160909700002, "Main_C": "Residential", "Domain": "Built-up", "Area_m2": 9347.049 }, "geometry": { "type": "MultiPolygon", "coordinates": [ [ [ [ 79.863844179465389, 6.824764668954344 ], [ 79.863806885479448, 6.824977638307416 ], [ 79.863712747145598, 6.825480415988466 ], [ 79.864097523881696, 6.825584400999333 ], [ 79.86404200333584, 6.825881833779647 ], [ 79.863922417785432, 6.826425335460897 ], [ 79.86401115658964, 6.82643894580076 ], [ 79.864107970406565, 6.826449883355508 ], [ 79.864194024734502, 6.826460800225789 ], [ 79.864219401804007, 6.826469308711694 ], [ 79.864230064166179, 6.826463414555008 ], [ 79.864251505802429, 6.826327339035515 ], [ 79.864315721893092, 6.825976582753128 ], [ 79.864373827989823, 6.825656063476572 ], [ 79.864407466231626, 6.82547161432359 ], [ 79.86444421163111, 6.825244823290006 ], [ 79.864480789756726, 6.825105751229501 ], [ 79.864511333431324, 6.824957593318345 ], [ 79.86453223907165, 6.824883508067501 ], [ 79.863844179465389, 6.824764668954344 ] ] ] ] } },
{ "type": "Feature", "properties": { "Sub_class": "Retail", "NAME": null, "Land_Exten": 0.15983208387799999, "Main_C": "Commercial", "Domain": "Built-up", "Area_m2": 1598.976 }, "geometry": { "type": "MultiPolygon", "coordinates": [ [ [ [ 79.863641051393472, 6.825822432659209 ], [ 79.86404200333584, 6.825881833779647 ], [ 79.864097523881696, 6.825584400999333 ], [ 79.863712747145598, 6.825480415988466 ], [ 79.863641051393472, 6.825822432659209 ] ] ] ] } },
{ "type": "Feature", "properties": { "Sub_class": "Barren Land", "NAME": null, "Land_Exten": 0.26970223867900001, "Main_C": "Barren Land", "Domain": "Non Built-up", "Area_m2": 2698.128 }, "geometry": { "type": "MultiPolygon", "coordinates": [ [ [ [ 79.863609308023229, 6.825973862303954 ], [ 79.86357154009454, 6.826234582959671 ], [ 79.863548522846088, 6.826353001190114 ], [ 79.863548013829813, 6.826355620015875 ], [ 79.863530650619111, 6.826379818973521 ], [ 79.863534641810304, 6.826380242554194 ], [ 79.863779892328239, 6.826406246451143 ], [ 79.863833678981166, 6.826411725121091 ], [ 79.863922417785432, 6.826425335460897 ], [ 79.86404200333584, 6.825881833779647 ], [ 79.863641051393472, 6.825822432659209 ], [ 79.863609308023229, 6.825973862303954 ] ] ] ] } },
{ "type": "Feature", "properties": { "Sub_class": "Barren Land", "NAME": null, "Land_Exten": 0.019596932294199999, "Main_C": "Barren Land", "Domain": "Non Built-up", "Area_m2": 196.05 }, "geometry": { "type": "MultiPolygon", "coordinates": [ [ [ [ 79.864201454033946, 6.826531938398261 ], [ 79.8641980429054, 6.826493628178468 ], [ 79.864016935633117, 6.826465429036375 ], [ 79.863990336384973, 6.826462053880732 ], [ 79.863982666966592, 6.826544634127629 ], [ 79.864177889098357, 6.826561266189515 ], [ 79.864201454033946, 6.826531938398261 ] ] ] ] } },
{ "type": "Feature", "properties": { "Sub_class": "Low Rise", "NAME": null, "Land_Exten": 0.27102890084499998, "Main_C": "Residential", "Domain": "Built-up", "Area_m2": 2711.4 }, "geometry": { "type": "MultiPolygon", "coordinates": [ [ [ [ 79.863514090502917, 6.826422507093071 ], [ 79.863443464943998, 6.826841158592629 ], [ 79.863715294025667, 6.826852688800614 ], [ 79.863719114345713, 6.826786229800689 ], [ 79.864053449906862, 6.826806755927066 ], [ 79.864058253185874, 6.826723185526646 ], [ 79.864068817521968, 6.826664009236708 ], [ 79.864096740572165, 6.826636204897 ], [ 79.864173517493896, 6.82656670708792 ], [ 79.864177889098357, 6.826561266189515 ], [ 79.863982666966592, 6.826544634127629 ], [ 79.863990336384973, 6.826462053880732 ], [ 79.863877614460421, 6.826447754660194 ], [ 79.863745254040282, 6.826433575049521 ], [ 79.863557166230294, 6.826412325868205 ], [ 79.863519668098263, 6.826412254821776 ], [ 79.863515820798568, 6.826412247627161 ], [ 79.863514090502917, 6.826422507093071 ] ] ] ] } },
{ "type": "Feature", "properties": { "Sub_class": "Slum", "NAME": null, "Land_Exten": 0.100902428271, "Main_C": "Residential", "Domain": "Built-up", "Area_m2": 1009.438 }, "geometry": { "type": "MultiPolygon", "coordinates": [ [ [ [ 79.863723163992859, 6.826853022449086 ], [ 79.863714795801229, 6.827045013316763 ], [ 79.863731152670596, 6.82704504389369 ], [ 79.863751676998334, 6.827049819293791 ], [ 79.863752033129856, 6.827045083463872 ], [ 79.864040209188374, 6.827053310461963 ], [ 79.864040345885314, 6.826980831400306 ], [ 79.864051048716988, 6.82684852943612 ], [ 79.864053449906862, 6.826806755927066 ], [ 79.863719114345713, 6.826786229800689 ], [ 79.863715294025667, 6.826852688800614 ], [ 79.863723163992859, 6.826853022449086 ] ] ] ] } },
{ "type": "Feature", "properties": { "Sub_class": "Barren Land", "NAME": null, "Land_Exten": 0.070836952337899994, "Main_C": "Barren Land", "Domain": "Non Built-up", "Area_m2": 708.66 }, "geometry": { "type": "MultiPolygon", "coordinates": [ [ [ [ 79.863409171995727, 6.827044434153379 ], [ 79.863714795801229, 6.827045013316763 ], [ 79.863723163992859, 6.826853022449086 ], [ 79.863715294025667, 6.826852688800614 ], [ 79.863443464943998, 6.826841158592629 ], [ 79.863409171995727, 6.827044434153379 ] ] ] ] } },
{ "type": "Feature", "properties": { "Sub_class": "Barren Land", "NAME": null, "Land_Exten": 0.059531147668800001, "Main_C": "Barren Land", "Domain": "Non Built-up", "Area_m2": 595.556 }, "geometry": { "type": "MultiPolygon", "coordinates": [ [ [ [ 79.864040161524315, 6.827078330500626 ], [ 79.864040209188374, 6.827053310461963 ], [ 79.863752033129856, 6.827045083463872 ], [ 79.863751676998334, 6.827049819293791 ], [ 79.863739180019195, 6.827216195670928 ], [ 79.864049232086472, 6.827208733096597 ], [ 79.864040161524315, 6.827078330500626 ] ] ] ] } },
{ "type": "Feature", "properties": { "Sub_class": "Low Rise", "NAME": null, "Land_Exten": 0.47196929638000001, "Main_C": "Residential", "Domain": "Built-up", "Area_m2": 4721.628 }, "geometry": { "type": "MultiPolygon", "coordinates": [ [ [ [ 79.864105169917707, 6.827926979346671 ], [ 79.864110225906245, 6.827927767152801 ], [ 79.864094583997883, 6.82777486351921 ], [ 79.864087879552073, 6.827635564829507 ], [ 79.864081103160458, 6.827534570064415 ], [ 79.864084765199834, 6.827440558534988 ], [ 79.86407097499557, 6.827363925504812 ], [ 79.864050335554623, 6.827224599835461 ], [ 79.864049232086472, 6.827208733096597 ], [ 79.863739180019195, 6.827216195670928 ], [ 79.863751676998334, 6.827049819293791 ], [ 79.863731152670596, 6.82704504389369 ], [ 79.863714795801229, 6.827045013316763 ], [ 79.863409171995727, 6.827044434153379 ], [ 79.86339657968847, 6.827119081480475 ], [ 79.863355581395012, 6.82744193090042 ], [ 79.863764974374135, 6.827482915704024 ], [ 79.863837944465615, 6.827498778845609 ], [ 79.863822081324031, 6.827709757999003 ], [ 79.863775818399347, 6.827716132393618 ], [ 79.863671245231842, 6.827924474734743 ], [ 79.863685553445578, 6.827926185245303 ], [ 79.863775370536985, 6.827952018271048 ], [ 79.863798466026424, 6.827958661563002 ], [ 79.863911460445593, 6.827948120609335 ], [ 79.864105169917707, 6.827926979346671 ] ] ] ] } },
{ "type": "Feature", "properties": { "Sub_class": "Barren Land", "NAME": null, "Land_Exten": 0.25053888528500001, "Main_C": "Barren Land", "Domain": "Non Built-up", "Area_m2": 2506.416 }, "geometry": { "type": "MultiPolygon", "coordinates": [ [ [ [ 79.863459677921867, 6.827888117842406 ], [ 79.863551112893617, 6.82789904550458 ], [ 79.863594119373147, 6.827915257583129 ], [ 79.863671245231842, 6.827924474734743 ], [ 79.863775818399347, 6.827716132393618 ], [ 79.863822081324031, 6.827709757999003 ], [ 79.863837944465615, 6.827498778845609 ], [ 79.863764974374135, 6.827482915704024 ], [ 79.863355581395012, 6.82744193090042 ], [ 79.863314661342599, 6.827764171479373 ], [ 79.863290208776164, 6.827970939107615 ], [ 79.863287665493431, 6.827992446394319 ], [ 79.863287324650344, 6.827995332318778 ], [ 79.863330432753344, 6.827957774831475 ], [ 79.863368203379935, 6.827898699265631 ], [ 79.863433044499459, 6.827891198919758 ], [ 79.863459677921867, 6.827888117842406 ] ] ] ] } },
{ "type": "Feature", "properties": { "Sub_class": "Agriculture", "NAME": null, "Land_Exten": 0.73825294502500005, "Main_C": "Agriculture", "Domain": "Non Built-up", "Area_m2": 7385.558 }, "geometry": { "type": "MultiPolygon", "coordinates": [ [ [ [ 79.864175594927815, 6.82840912837861 ], [ 79.864426231485425, 6.82841705949977 ], [ 79.864604832347197, 6.828891072365138 ], [ 79.865024224888145, 6.828851702743918 ], [ 79.865034870163186, 6.828633541604688 ], [ 79.865017884667679, 6.828437628793608 ], [ 79.864770460488444, 6.828412300287482 ], [ 79.864658793468607, 6.828383939267439 ], [ 79.864510155319465, 6.828346187526563 ], [ 79.864343743868744, 6.828285396054241 ], [ 79.864186699756431, 6.828247325054065 ], [ 79.864028068340758, 6.8282044948416 ], [ 79.863924958370205, 6.828166422942104 ], [ 79.863774259874276, 6.8281220063256 ], [ 79.863768393596558, 6.827984716721346 ], [ 79.863721609065067, 6.827975272940535 ], [ 79.86370915255543, 6.827962775062076 ], [ 79.863681082915718, 6.827956484304366 ], [ 79.863621824787458, 6.827943897393027 ], [ 79.863568782773143, 6.827943797568253 ], [ 79.863531364680796, 6.827931252025735 ], [ 79.863500180688845, 6.827921837023212 ], [ 79.863462745509366, 6.827918648027207 ], [ 79.863425304034593, 6.827918576980778 ], [ 79.863387856264637, 6.827921624783187 ], [ 79.863375352090884, 6.827934074997586 ], [ 79.86335344640446, 6.827968338268249 ], [ 79.863315928487339, 6.828008808659661 ], [ 79.863281193972, 6.82803185828368 ], [ 79.863266639343976, 6.828134768604741 ], [ 79.863596557435244, 6.828395260832679 ], [ 79.86385829792215, 6.828502336813415 ], [ 79.863998685690831, 6.828528510682247 ], [ 79.864141453964976, 6.828568961288568 ], [ 79.864175594927815, 6.82840912837861 ] ] ] ] } },
{ "type": "Feature", "properties": { "Sub_class": "Temple/Shrine", "NAME": "Okada Temple", "Land_Exten": 0.4017735793, "Main_C": "Cultural", "Domain": "Built-up", "Area_m2": 4019.382 }, "geometry": { "type": "MultiPolygon", "coordinates": [ [ [ [ 79.86385829792215, 6.828502336813417 ], [ 79.863596557435258, 6.828395260832671 ], [ 79.863266639343976, 6.828134768604778 ], [ 79.863256255771674, 6.828214523181763 ], [ 79.863240424106351, 6.828336117817645 ], [ 79.863218204556603, 6.828535665688515 ], [ 79.863188169898194, 6.828740561827498 ], [ 79.863279215463479, 6.828772379841493 ], [ 79.863419471031833, 6.828820076285538 ], [ 79.86359171728401, 6.828873903407945 ], [ 79.863787914570608, 6.828891915507231 ], [ 79.863861213661281, 6.828711728141149 ], [ 79.863973856292219, 6.82852388149699 ], [ 79.86385829792215, 6.828502336813417 ] ] ] ] } },
{ "type": "Feature", "properties": { "Sub_class": "Archeologic", "NAME": "Samudrasanna  Temple", "Land_Exten": 0.17396734669700001, "Main_C": "Cultural", "Domain": "Built-up", "Area_m2": 1740.387 }, "geometry": { "type": "MultiPolygon", "coordinates": [ [ [ [ 79.863861213661281, 6.828711728141149 ], [ 79.863787914570608, 6.828891915507231 ], [ 79.863801907731897, 6.828893200161133 ], [ 79.864096244146424, 6.828966332130559 ], [ 79.864327051552266, 6.828764077300393 ], [ 79.864141453964976, 6.82856896128858 ], [ 79.863998685690831, 6.828528510682244 ], [ 79.863973856292219, 6.82852388149699 ], [ 79.863861213661281, 6.828711728141149 ] ] ] ] } },
{ "type": "Feature", "properties": { "Sub_class": "Barren Land", "NAME": null, "Land_Exten": 0.22449667873099999, "Main_C": "Barren Land", "Domain": "Non Built-up", "Area_m2": 2245.887 }, "geometry": { "type": "MultiPolygon", "coordinates": [ [ [ [ 79.864327051552266, 6.828764077300377 ], [ 79.864096244146424, 6.828966332130562 ], [ 79.863759866224882, 6.828888180145441 ], [ 79.86359171728401, 6.828873903407953 ], [ 79.863388670151039, 6.828810450841672 ], [ 79.863279215463479, 6.828772379841496 ], [ 79.863188169898194, 6.828740561827487 ], [ 79.863170774311868, 6.828843299478763 ], [ 79.863152073809204, 6.828939509850557 ], [ 79.863148763404752, 6.828956543909442 ], [ 79.863152833736365, 6.828957118576227 ], [ 79.863395188437266, 6.828991315297003 ], [ 79.863573006888828, 6.829007244988418 ], [ 79.863691530339906, 6.829029299962258 ], [ 79.863732050194017, 6.829051206548002 ], [ 79.86375089009158, 6.829086674910172 ], [ 79.863843785562324, 6.829016513401427 ], [ 79.864118094074854, 6.829084837595246 ], [ 79.864404023626832, 6.828873915998486 ], [ 79.864327051552266, 6.828764077300377 ] ] ] ] } },
{ "type": "Feature", "properties": { "Sub_class": "Retail", "NAME": "Sea Spray Beach Resort", "Land_Exten": 0.119169347074, "Main_C": "Commercial", "Domain": "Built-up", "Area_m2": 1192.182 }, "geometry": { "type": "MultiPolygon", "coordinates": [ [ [ [ 79.863797937225058, 6.829113436036266 ], [ 79.863772556558274, 6.829157852652827 ], [ 79.86374717589149, 6.829238753865468 ], [ 79.863726553537674, 6.829348209452348 ], [ 79.86373765746697, 6.829375176523229 ], [ 79.863975603691188, 6.829413248422725 ], [ 79.864061854970714, 6.829132835312123 ], [ 79.864118094074854, 6.829084837595246 ], [ 79.863843785562324, 6.829016513401427 ], [ 79.863797338276584, 6.829051594155771 ], [ 79.863797937225058, 6.829113436036266 ] ] ] ] } },
{ "type": "Feature", "properties": { "Sub_class": "Church", "NAME": "St. Mary's Church", "Land_Exten": 0.57327539026399998, "Main_C": "Cultural", "Domain": "Built-up", "Area_m2": 5735.109 }, "geometry": { "type": "MultiPolygon", "coordinates": [ [ [ [ 79.864782340532656, 6.827092991248605 ], [ 79.864708110490938, 6.827088294089549 ], [ 79.86469482300771, 6.827221807440537 ], [ 79.864672001811471, 6.827451120173123 ], [ 79.865017279423967, 6.827490605806872 ], [ 79.86528567219608, 6.827436001670208 ], [ 79.865372462169432, 6.826993885959098 ], [ 79.865322458964386, 6.826935354483055 ], [ 79.865348524914566, 6.826694063680122 ], [ 79.865272038473847, 6.826681628754216 ], [ 79.865157738239077, 6.826663831170947 ], [ 79.865063952439527, 6.826649003149043 ], [ 79.864932056069563, 6.826634102282071 ], [ 79.864876388034929, 6.826616416214677 ], [ 79.864844746288043, 6.826610853907823 ], [ 79.864782340532656, 6.827092991248605 ] ] ] ] } },
{ "type": "Feature", "properties": { "Sub_class": "Low Rise", "NAME": null, "Land_Exten": 1.6689441728400001, "Main_C": "Residential", "Domain": "Built-up", "Area_m2": 16696.301 }, "geometry": { "type": "MultiPolygon", "coordinates": [ [ [ [ 79.865861591739133, 6.828436045087471 ], [ 79.865628404727147, 6.828381317743663 ], [ 79.865674548042023, 6.828158276883016 ], [ 79.865638669588975, 6.828156649110099 ], [ 79.865601228114258, 6.828156578962989 ], [ 79.865573158474547, 6.828150288205279 ], [ 79.865529482899376, 6.828147087518118 ], [ 79.865423463621994, 6.828112582329879 ], [ 79.865392285925338, 6.828100049377838 ], [ 79.865361101933388, 6.828090634375314 ], [ 79.865333032293677, 6.828084344516924 ], [ 79.865276870531204, 6.828084238396912 ], [ 79.865242543408726, 6.828087291595295 ], [ 79.865186357364564, 6.828099659971372 ], [ 79.865123983984745, 6.82808394881522 ], [ 79.865055353122102, 6.828077582514481 ], [ 79.864955514885139, 6.828074274807989 ], [ 79.86487753556986, 6.828061652823067 ], [ 79.864824510642734, 6.828052197351099 ], [ 79.864734050536072, 6.828039551084487 ], [ 79.864603029206478, 6.828026829274791 ], [ 79.864478253668551, 6.82801100030747 ], [ 79.864406490467218, 6.828010864509849 ], [ 79.864266132376144, 6.827985650217613 ], [ 79.864125779681046, 6.827957317076596 ], [ 79.864047770688103, 6.8279602884366 ], [ 79.86377315280879, 6.827984716721346 ], [ 79.863779018187188, 6.8281220063256 ], [ 79.86403282755299, 6.8282044948416 ], [ 79.864348503081033, 6.828285396054241 ], [ 79.864514914531753, 6.828346187526563 ], [ 79.864775219700675, 6.828412300287482 ], [ 79.865022643879968, 6.828437628793608 ], [ 79.865039628476154, 6.828633541604688 ], [ 79.865028983201057, 6.828851702743918 ], [ 79.865237026967293, 6.828858914407419 ], [ 79.865236866887926, 6.828943368841465 ], [ 79.86526077986116, 6.82894958495541 ], [ 79.865372138413534, 6.82897323712524 ], [ 79.865436601817805, 6.828990940279709 ], [ 79.86558607273912, 6.829014664395288 ], [ 79.865726736599697, 6.829044232305534 ], [ 79.866019781587681, 6.8291092505915 ], [ 79.866078392204088, 6.829121082971653 ], [ 79.866095982943307, 6.82912111624654 ], [ 79.86611360605815, 6.829103567775462 ], [ 79.86614894042134, 6.829021588275737 ], [ 79.86618136637702, 6.828927882515814 ], [ 79.866207890082137, 6.828854677701258 ], [ 79.86621972156297, 6.82879902585438 ], [ 79.866208023181798, 6.828784352515925 ], [ 79.866172881273485, 6.828763775128152 ], [ 79.866128940398312, 6.828746110644545 ], [ 79.866020501944661, 6.828728324752433 ], [ 79.865953112146485, 6.828707685311485 ], [ 79.865771443697213, 6.82865752832231 ], [ 79.865780304717362, 6.828622382816775 ], [ 79.865850620909498, 6.828645957644881 ], [ 79.86597662132408, 6.828678427667342 ], [ 79.866049879198613, 6.828696147908943 ], [ 79.866146568909073, 6.828725632182227 ], [ 79.866202220755952, 6.828752109122604 ], [ 79.866243236136484, 6.828766838219053 ], [ 79.866246201201307, 6.828749261869007 ], [ 79.866299247712163, 6.828602851340577 ], [ 79.866325876637973, 6.828473972196093 ], [ 79.866314438160828, 6.828321579377416 ], [ 79.866299973465061, 6.82821899461095 ], [ 79.866280972588868, 6.828180831879934 ], [ 79.866169043866364, 6.82818259994707 ], [ 79.86602553005423, 6.828176091553416 ], [ 79.865938166313356, 6.828175926977508 ], [ 79.865885124299098, 6.828175827152734 ], [ 79.865861591739133, 6.828436045087471 ] ] ] ] } },
{ "type": "Feature", "properties": { "Sub_class": "Under Construction", "NAME": null, "Land_Exten": 0.155068490177, "Main_C": "Under Construction", "Domain": "Built-up", "Area_m2": 1551.321 }, "geometry": { "type": "MultiPolygon", "coordinates": [ [ [ [ 79.864327051552266, 6.828764077300377 ], [ 79.864404023626832, 6.828873915998486 ], [ 79.864604832347197, 6.828891072365138 ], [ 79.864426231485425, 6.82841705949977 ], [ 79.864175594927815, 6.82840912837861 ], [ 79.864141453964976, 6.828568961288568 ], [ 79.864327051552266, 6.828764077300377 ] ] ] ] } },
{ "type": "Feature", "properties": { "Sub_class": "Under Construction", "NAME": null, "Land_Exten": 0.236347227021, "Main_C": "Under Construction", "Domain": "Built-up", "Area_m2": 2364.443 }, "geometry": { "type": "MultiPolygon", "coordinates": [ [ [ [ 79.864814528167983, 6.828871387104869 ], [ 79.864726054663777, 6.828879692344003 ], [ 79.864727104172573, 6.82893465261219 ], [ 79.864733516338788, 6.829270469356743 ], [ 79.865108588490614, 6.829268422499752 ], [ 79.865197386650152, 6.829267937765167 ], [ 79.865197755372151, 6.82925789683452 ], [ 79.865207990556371, 6.82897975541141 ], [ 79.865159237408932, 6.828969913230935 ], [ 79.865165183726333, 6.828925971456442 ], [ 79.865232108575015, 6.828943368841465 ], [ 79.865232267755005, 6.828858914407419 ], [ 79.865024224888145, 6.828851702743918 ], [ 79.864814528167983, 6.828871387104869 ] ] ] ] } },
{ "type": "Feature", "properties": { "Sub_class": "Barren Land", "NAME": null, "Land_Exten": 0.10669100912, "Main_C": "Barren Land", "Domain": "Non Built-up", "Area_m2": 1067.349 }, "geometry": { "type": "MultiPolygon", "coordinates": [ [ [ [ 79.865197386650152, 6.829267937765167 ], [ 79.865108588490614, 6.829268422499752 ], [ 79.86510471511059, 6.829574578703898 ], [ 79.865387808200865, 6.829575113800502 ], [ 79.865384951954013, 6.829281928518242 ], [ 79.865381580395649, 6.829261467143056 ], [ 79.865197755372151, 6.82925789683452 ], [ 79.865197386650152, 6.829267937765167 ] ] ] ] } },
{ "type": "Feature", "properties": { "Sub_class": "High Rise", "NAME": null, "Land_Exten": 0.15164077316899999, "Main_C": "Residential", "Domain": "Built-up", "Area_m2": 1517.03 }, "geometry": { "type": "MultiPolygon", "coordinates": [ [ [ [ 79.864299490029509, 6.829566749206151 ], [ 79.864422413863394, 6.829651697367979 ], [ 79.864494045763649, 6.829648423835749 ], [ 79.864678737733641, 6.82937945639685 ], [ 79.864559454355401, 6.829313456950501 ], [ 79.864512054687623, 6.829271696031981 ], [ 79.86434549215079, 6.829230452223612 ], [ 79.864174171301045, 6.829479502377183 ], [ 79.864299490029509, 6.829566749206151 ] ] ] ] } },
{ "type": "Feature", "properties": { "Sub_class": "Low Rise", "NAME": null, "Land_Exten": 2.8806097068400001, "Main_C": "Residential", "Domain": "Built-up", "Area_m2": 28817.926 }, "geometry": { "type": "MultiPolygon", "coordinates": [ [ [ [ 79.864404023626832, 6.828873915998486 ], [ 79.864118094074854, 6.829084837595246 ], [ 79.864061854970714, 6.829132835312123 ], [ 79.863975603691188, 6.829413248422725 ], [ 79.86373765746697, 6.829375176523229 ], [ 79.863693840698261, 6.829456550779241 ], [ 79.863674765178303, 6.829643630449254 ], [ 79.863665286323965, 6.829705984043983 ], [ 79.863618265270759, 6.829821283425531 ], [ 79.863602552315967, 6.829880506480265 ], [ 79.863599307562026, 6.829945990615045 ], [ 79.863602144023787, 6.8300956881655 ], [ 79.863617656429767, 6.830142496978681 ], [ 79.863645589372481, 6.830220514065502 ], [ 79.86365138640241, 6.830454419635828 ], [ 79.86367007791182, 6.830470048054337 ], [ 79.863716903812133, 6.83045766259113 ], [ 79.863810525935094, 6.83044848411032 ], [ 79.863950979354286, 6.830423801317409 ], [ 79.864110177342866, 6.830386680001311 ], [ 79.864306829396696, 6.830343392033967 ], [ 79.864537825660193, 6.830287694321669 ], [ 79.864565989728703, 6.830244087094968 ], [ 79.864597309518274, 6.830181774869061 ], [ 79.864656734021139, 6.830107041207043 ], [ 79.864728591651215, 6.830057279020252 ], [ 79.864766056508358, 6.830044875570593 ], [ 79.86508733121542, 6.830098499446251 ], [ 79.865215227400881, 6.83011433470881 ], [ 79.86541174905301, 6.830139655121059 ], [ 79.865586446857094, 6.830155577617859 ], [ 79.865823489262652, 6.830202804615794 ], [ 79.86587287373419, 6.830219594059088 ], [ 79.865878445034241, 6.829969881105171 ], [ 79.865866632439179, 6.829861757414221 ], [ 79.865785001876418, 6.82986160273083 ], [ 79.865785298652668, 6.829704699812112 ], [ 79.865935989054719, 6.829711260366423 ], [ 79.865929389829546, 6.82988070433106 ], [ 79.865929267521722, 6.829945084997746 ], [ 79.866050842372545, 6.829949234469666 ], [ 79.866048673207786, 6.829918054074994 ], [ 79.866066518455114, 6.829783297860956 ], [ 79.866072575389126, 6.829680751765352 ], [ 79.866069809973794, 6.829592840337341 ], [ 79.866061147703874, 6.829522498964195 ], [ 79.866020126927367, 6.829510699858986 ], [ 79.865999699726444, 6.829460847739995 ], [ 79.865988066995726, 6.829411012708135 ], [ 79.865967678465665, 6.829340648851939 ], [ 79.865994267821236, 6.829232280545341 ], [ 79.866003145928516, 6.829188344166823 ], [ 79.865988549032352, 6.829156084585691 ], [ 79.865979770749902, 6.829147277524896 ], [ 79.865912364763858, 6.829135428956931 ], [ 79.86579807981758, 6.829108841399943 ], [ 79.86570139010712, 6.829079356227339 ], [ 79.865581225393271, 6.829061547852177 ], [ 79.865466945842911, 6.829032029404686 ], [ 79.865349723710835, 6.82900836644302 ], [ 79.865207990556371, 6.82897975541141 ], [ 79.865197755372151, 6.82925789683452 ], [ 79.865381580395649, 6.829261467143056 ], [ 79.865384951954013, 6.829281928518242 ], [ 79.865387808200865, 6.829575113800502 ], [ 79.86510471511059, 6.829574578703898 ], [ 79.865108588490614, 6.829268422499752 ], [ 79.864733516338788, 6.829270469356743 ], [ 79.864726054663777, 6.828879692344003 ], [ 79.864604832347197, 6.828891072365138 ], [ 79.864404023626832, 6.828873915998486 ] ], [ [ 79.86434549215079, 6.829230452223612 ], [ 79.864512054687623, 6.829271696031981 ], [ 79.864559454355401, 6.829313456950501 ], [ 79.864678737733641, 6.82937945639685 ], [ 79.864494045763649, 6.829648423835749 ], [ 79.864422413863394, 6.829651697367979 ], [ 79.864299490029509, 6.829566749206151 ], [ 79.864174171301045, 6.829479502377183 ], [ 79.86434549215079, 6.829230452223612 ] ] ] ] } },
{ "type": "Feature", "properties": { "Sub_class": "Barren Land", "NAME": null, "Land_Exten": 0.044475435172500001, "Main_C": "Barren Land", "Domain": "Non Built-up", "Area_m2": 444.937 }, "geometry": { "type": "MultiPolygon", "coordinates": [ [ [ [ 79.864336982765622, 6.830371726074361 ], [ 79.864277052843761, 6.830386580176594 ], [ 79.864267762847021, 6.83066396796778 ], [ 79.864403448060727, 6.830660747495529 ], [ 79.864394318143297, 6.830367059492232 ], [ 79.864336982765622, 6.830371726074361 ] ] ] ] } },
{ "type": "Feature", "properties": { "Sub_class": "Under Construction", "NAME": null, "Land_Exten": 0.0641184902926, "Main_C": "Under Construction", "Domain": "Built-up", "Area_m2": 641.448 }, "geometry": { "type": "MultiPolygon", "coordinates": [ [ [ [ 79.864598508314543, 6.830929166347971 ], [ 79.864604930373275, 6.830934178269786 ], [ 79.864781598591946, 6.830896689130952 ], [ 79.864782076131974, 6.83064441850513 ], [ 79.864584231577055, 6.830654271477499 ], [ 79.864587095917784, 6.830928152812078 ], [ 79.864598508314543, 6.830929166347971 ] ] ] ] } },
{ "type": "Feature", "properties": { "Sub_class": "Low Rise", "NAME": null, "Land_Exten": 1.7881999444200001, "Main_C": "Residential", "Domain": "Built-up", "Area_m2": 17889.338 }, "geometry": { "type": "MultiPolygon", "coordinates": [ [ [ [ 79.863786472667641, 6.831548326194365 ], [ 79.863960033728631, 6.831486424059278 ], [ 79.864044531330137, 6.831486584138588 ], [ 79.864151257474589, 6.831491231834946 ], [ 79.864235704714076, 6.831518061309509 ], [ 79.864297856860674, 6.831575965058789 ], [ 79.864377899220756, 6.831580561493752 ], [ 79.864462448083543, 6.831554051278488 ], [ 79.864551477368821, 6.831509769560284 ], [ 79.864667207525656, 6.831456647506343 ], [ 79.86471188584494, 6.831435316486704 ], [ 79.864711917321188, 6.831418726692959 ], [ 79.864694499251812, 6.83132785739474 ], [ 79.864650901018308, 6.831128519965262 ], [ 79.864615982141913, 6.830990733935266 ], [ 79.864586715504572, 6.830964306457645 ], [ 79.864516360641574, 6.830961243366744 ], [ 79.864393224567721, 6.830963940433548 ], [ 79.86432285351691, 6.830969667316367 ], [ 79.864314119301241, 6.830937418527071 ], [ 79.864437260771012, 6.830931791469027 ], [ 79.864531091536719, 6.830923178661806 ], [ 79.864587095917784, 6.830928152812078 ], [ 79.864584231577055, 6.830654271477499 ], [ 79.864782076131974, 6.83064441850513 ], [ 79.864781598591946, 6.830896689130952 ], [ 79.864604930373275, 6.830934178269786 ], [ 79.864624854853218, 6.830949727547932 ], [ 79.864645276658223, 6.831002510557482 ], [ 79.864683105740767, 6.831152022847618 ], [ 79.86471216103746, 6.831289798085777 ], [ 79.864744193090075, 6.831404136991353 ], [ 79.864764786665603, 6.831410059926384 ], [ 79.864778489635626, 6.831403518257787 ], [ 79.864858566169971, 6.831390334196612 ], [ 79.864960861354746, 6.831386083101279 ], [ 79.865040886627696, 6.831399569334678 ], [ 79.865112025699489, 6.831408594031416 ], [ 79.86512241646642, 6.831411011409102 ], [ 79.865128237777981, 6.83140779363481 ], [ 79.865131324251251, 6.831325753880492 ], [ 79.865114089643555, 6.831138186777935 ], [ 79.865108453592313, 6.831018037352578 ], [ 79.865097076269137, 6.830833412831794 ], [ 79.865068158568704, 6.830622382417062 ], [ 79.865050885290202, 6.830455327951086 ], [ 79.865033389879102, 6.830405481228013 ], [ 79.865030657738714, 6.830299988054037 ], [ 79.865019052887021, 6.830235501267396 ], [ 79.865013367373081, 6.830141723561724 ], [ 79.865002017029497, 6.830122191186206 ], [ 79.864865758048325, 6.830098444587577 ], [ 79.864721688455234, 6.830098172093017 ], [ 79.864673561235918, 6.830152937208311 ], [ 79.864618469666709, 6.83026254568 ], [ 79.86454286186364, 6.830337830626434 ], [ 79.864419321094829, 6.830365025225774 ], [ 79.864394318143297, 6.830367059492232 ], [ 79.864403448060727, 6.830660747495529 ], [ 79.864267762847021, 6.83066396796778 ], [ 79.864137395324576, 6.830667061635609 ], [ 79.864131177411991, 6.830426966031723 ], [ 79.864110470521837, 6.830433010375202 ], [ 79.863925173308132, 6.830466945393255 ], [ 79.863664371713469, 6.830521307612287 ], [ 79.863661145845242, 6.830519687933304 ], [ 79.863661084691387, 6.83055232433037 ], [ 79.863672716522728, 6.830602160261549 ], [ 79.863690000593124, 6.830763354745102 ], [ 79.863698690742069, 6.830819045262785 ], [ 79.86370719113404, 6.830974362676727 ], [ 79.863709817154415, 6.831135529281312 ], [ 79.863712415295765, 6.831311346741302 ], [ 79.863720887808768, 6.831481315010706 ], [ 79.863726646167834, 6.831537000132471 ], [ 79.86374721995827, 6.831561771958263 ], [ 79.863786472667641, 6.831548326194365 ] ] ] ] } },
{ "type": "Feature", "properties": { "Sub_class": "Barren Land", "NAME": null, "Land_Exten": 0.35123750360700001, "Main_C": "Barren Land", "Domain": "Non Built-up", "Area_m2": 3513.814 }, "geometry": { "type": "MultiPolygon", "coordinates": [ [ [ [ 79.863659275255429, 6.829590913090215 ], [ 79.863659630487632, 6.829403598697183 ], [ 79.863694127581994, 6.829300807985931 ], [ 79.863694257084376, 6.8292322382772 ], [ 79.863742475135155, 6.829129473646333 ], [ 79.863735693347621, 6.829088318870845 ], [ 79.863708303595388, 6.829060838287091 ], [ 79.863646611002366, 6.829033292952147 ], [ 79.863591740666379, 6.829026332199533 ], [ 79.863509428417444, 6.829019319286203 ], [ 79.863159788193741, 6.828984388718595 ], [ 79.863159101111705, 6.828992604924849 ], [ 79.863138378933115, 6.829327184202214 ], [ 79.863119651450802, 6.829472841098777 ], [ 79.863659275255429, 6.829590913090215 ] ] ] ] } },
{ "type": "Feature", "properties": { "Sub_class": "Low Rise", "NAME": null, "Land_Exten": 0.78412799570500002, "Main_C": "Residential", "Domain": "Built-up", "Area_m2": 7844.492 }, "geometry": { "type": "MultiPolygon", "coordinates": [ [ [ [ 79.863119651450802, 6.829472841098777 ], [ 79.863068747125055, 6.829868758636337 ], [ 79.862998828433263, 6.83056118894774 ], [ 79.862989259646668, 6.830736567538622 ], [ 79.863373581325789, 6.830739169277308 ], [ 79.863375186615599, 6.830547576809295 ], [ 79.863626646952241, 6.830550611121851 ], [ 79.863623440869162, 6.830457640108079 ], [ 79.863616516988714, 6.830432075080239 ], [ 79.863623624330842, 6.830301804684609 ], [ 79.863610112017113, 6.830192065811218 ], [ 79.863582787016071, 6.830130301272447 ], [ 79.863576264233245, 6.829952005280859 ], [ 79.863597067350838, 6.829835474727417 ], [ 79.863631525774338, 6.829753255108699 ], [ 79.863631681357049, 6.829670970738732 ], [ 79.863659201510984, 6.829629880714492 ], [ 79.863659275255429, 6.829590913090215 ], [ 79.863119651450802, 6.829472841098777 ] ] ] ] } },
{ "type": "Feature", "properties": { "Sub_class": "Retail", "NAME": null, "Land_Exten": 0.043756054521499999, "Main_C": "Commercial", "Domain": "Built-up", "Area_m2": 437.74 }, "geometry": { "type": "MultiPolygon", "coordinates": [ [ [ [ 79.864227162953284, 6.83039894675403 ], [ 79.864131177411991, 6.830426966031723 ], [ 79.864137395324576, 6.830667061635609 ], [ 79.864267762847021, 6.83066396796778 ], [ 79.864277052843761, 6.830386580176594 ], [ 79.864227162953284, 6.83039894675403 ] ] ] ] } },
{ "type": "Feature", "properties": { "Sub_class": "Retail", "NAME": null, "Land_Exten": 0.060217600003799998, "Main_C": "Commercial", "Domain": "Built-up", "Area_m2": 602.423 }, "geometry": { "type": "MultiPolygon", "coordinates": [ [ [ [ 79.863375186615599, 6.830547576809295 ], [ 79.863373581325789, 6.830739169277308 ], [ 79.863640756415805, 6.830740977813946 ], [ 79.86362872438616, 6.830610867497569 ], [ 79.863626646952241, 6.830550611121851 ], [ 79.863375186615599, 6.830547576809295 ] ] ] ] } },
{ "type": "Feature", "properties": { "Sub_class": "Retail", "NAME": null, "Land_Exten": 0.30909603556999998, "Main_C": "Commercial", "Domain": "Built-up", "Area_m2": 3092.227 }, "geometry": { "type": "MultiPolygon", "coordinates": [ [ [ [ 79.863034714080868, 6.831119810031282 ], [ 79.863664681080252, 6.831106360670049 ], [ 79.863657480208587, 6.830906873053777 ], [ 79.86364308835789, 6.830766195703404 ], [ 79.863640756415805, 6.830740977813946 ], [ 79.862989259646668, 6.830736567538622 ], [ 79.862970398165373, 6.83108227053043 ], [ 79.862970026745415, 6.831096638998758 ], [ 79.862970028544055, 6.831096638099439 ], [ 79.863000142342742, 6.831106777056164 ], [ 79.863034714080868, 6.831119810031282 ] ] ] ] } },
{ "type": "Feature", "properties": { "Sub_class": "Low Rise", "NAME": null, "Land_Exten": 0.078020388078999997, "Main_C": "Residential", "Domain": "Built-up", "Area_m2": 780.523 }, "geometry": { "type": "MultiPolygon", "coordinates": [ [ [ [ 79.862929596823506, 6.831140650920361 ], [ 79.863071248139647, 6.831133582249095 ], [ 79.863204657169263, 6.831138280307414 ], [ 79.86329359382438, 6.831142893829508 ], [ 79.863395830553202, 6.831169757478392 ], [ 79.863431316002504, 6.83121872016784 ], [ 79.863436849531013, 6.831318847986495 ], [ 79.863665503060588, 6.831313966466439 ], [ 79.86366583670906, 6.831138375635589 ], [ 79.863664681080252, 6.831106360670049 ], [ 79.863034714080868, 6.831119810031282 ], [ 79.863000142342742, 6.831106777056164 ], [ 79.862970028544055, 6.831096638099439 ], [ 79.862970026745415, 6.831096638998758 ], [ 79.86296990713555, 6.831096757709247 ], [ 79.862930443085531, 6.831131609136492 ], [ 79.862929596823506, 6.831140650920361 ] ] ] ] } },
{ "type": "Feature", "properties": { "Sub_class": "Low Rise", "NAME": null, "Land_Exten": 0.14836761373400001, "Main_C": "Residential", "Domain": "Built-up", "Area_m2": 1484.284 }, "geometry": { "type": "MultiPolygon", "coordinates": [ [ [ [ 79.862962990449716, 6.831370253234638 ], [ 79.862962831269726, 6.831454234625255 ], [ 79.863205320868929, 6.831488839638268 ], [ 79.86337572081294, 6.83151755768921 ], [ 79.863387323865936, 6.831518739398348 ], [ 79.863390843812454, 6.831454231027976 ], [ 79.863408902199126, 6.83131202393082 ], [ 79.863386809453743, 6.831236416127751 ], [ 79.863337931300521, 6.831214098551868 ], [ 79.863209036867602, 6.831173848494359 ], [ 79.863115635977863, 6.831178116676767 ], [ 79.863057796979831, 6.83119134210682 ], [ 79.863022142457964, 6.83123128009953 ], [ 79.863004277425546, 6.831271251367184 ], [ 79.862964605632101, 6.831307460770745 ], [ 79.862962990449716, 6.831370253234638 ] ] ] ] } },
{ "type": "Feature", "properties": { "Sub_class": "Retail", "NAME": null, "Land_Exten": 0.07893298033, "Main_C": "Commercial", "Domain": "Built-up", "Area_m2": 789.653 }, "geometry": { "type": "MultiPolygon", "coordinates": [ [ [ [ 79.863439915319873, 6.831374312774358 ], [ 79.863421865027078, 6.831512074522664 ], [ 79.863466193510078, 6.831587724593874 ], [ 79.863537308300181, 6.831610084437898 ], [ 79.863657418155356, 6.831592532369541 ], [ 79.863662642317138, 6.831590742718674 ], [ 79.863665003037511, 6.831577906695088 ], [ 79.863665102862285, 6.8315251623564 ], [ 79.863665414027707, 6.83136107115655 ], [ 79.863665503060588, 6.831313966466439 ], [ 79.863436849531013, 6.831318847986495 ], [ 79.863439915319873, 6.831374312774358 ] ] ] ] } },
{ "type": "Feature", "properties": { "Sub_class": "Shanty", "NAME": null, "Land_Exten": 0.018584911580700001, "Main_C": "Residential", "Domain": "Built-up", "Area_m2": 185.925 }, "geometry": { "type": "MultiPolygon", "coordinates": [ [ [ [ 79.863457223672015, 6.831627712948659 ], [ 79.863412834934422, 6.83158317852093 ], [ 79.863386235686278, 6.831538677368087 ], [ 79.863387323865936, 6.831518739398348 ], [ 79.86337572081294, 6.83151755768921 ], [ 79.863332742212322, 6.831510313650085 ], [ 79.863346173587104, 6.83161844003905 ], [ 79.86342073008268, 6.831688237322339 ], [ 79.863481009840768, 6.831700927655731 ], [ 79.863519468448771, 6.831636721457585 ], [ 79.863457223672015, 6.831627712948659 ] ] ] ] } },
{ "type": "Feature", "properties": { "Sub_class": "Park/Square", "NAME": "Mount Lavinia Children's Park", "Land_Exten": 1.6847306950200001, "Main_C": "Public Space", "Domain": "Built-up", "Area_m2": 16854.208 }, "geometry": { "type": "MultiPolygon", "coordinates": [ [ [ [ 79.863481009840768, 6.831700927655731 ], [ 79.86342073008268, 6.831688237322339 ], [ 79.863346173587104, 6.831618440039051 ], [ 79.863332742212322, 6.831510313650085 ], [ 79.863205320868929, 6.831488839638268 ], [ 79.862962831269726, 6.831454234625255 ], [ 79.862962547983273, 6.831603391683245 ], [ 79.862951533986177, 6.831651408285893 ], [ 79.863112281506631, 6.831657160349721 ], [ 79.863104916958434, 6.831943508086454 ], [ 79.863016216825031, 6.831953567003552 ], [ 79.863016081027354, 6.832025157535043 ], [ 79.862869085040302, 6.832028143284219 ], [ 79.8627899429016, 6.832179056718132 ], [ 79.862748663120385, 6.832240691754578 ], [ 79.862576069729869, 6.832809499458904 ], [ 79.862558193006237, 6.833001994846256 ], [ 79.862712507676122, 6.833048940356377 ], [ 79.862831480788259, 6.833077493831297 ], [ 79.862890141766684, 6.833091943238628 ], [ 79.863001152281413, 6.832707439896467 ], [ 79.863279549111951, 6.832781203190052 ], [ 79.863315240505983, 6.832671747603115 ], [ 79.863576981892265, 6.832693163158979 ], [ 79.863954400375349, 6.832424317128584 ], [ 79.863944913427076, 6.832424299142133 ], [ 79.863949487378989, 6.832357632398839 ], [ 79.863962211886644, 6.832359069515519 ], [ 79.864069728535185, 6.831522191895715 ], [ 79.864013333848334, 6.831522085775703 ], [ 79.863893206906027, 6.831548528541816 ], [ 79.863822000385085, 6.831575063938089 ], [ 79.863728548233951, 6.831606001515809 ], [ 79.863603966050277, 6.831636881536895 ], [ 79.863519468448771, 6.831636721457585 ], [ 79.863481009840768, 6.831700927655731 ] ] ] ] } },
{ "type": "Feature", "properties": { "Sub_class": "Water", "NAME": null, "Land_Exten": 0.0647464467569, "Main_C": "Water", "Domain": "Non Built-up", "Area_m2": 647.73 }, "geometry": { "type": "MultiPolygon", "coordinates": [ [ [ [ 79.863140434783304, 6.828095114797748 ], [ 79.863079192750604, 6.828087345554593 ], [ 79.862939663834482, 6.828339763669192 ], [ 79.862884935591353, 6.828451598862273 ], [ 79.862842105378945, 6.828496808680825 ], [ 79.862744547822672, 6.828701442217834 ], [ 79.862627954316679, 6.828851348411035 ], [ 79.86251378538293, 6.828865399418703 ], [ 79.86250092867499, 6.828896077092338 ], [ 79.862608918366959, 6.828908058759964 ], [ 79.862688234074824, 6.8288287430521 ], [ 79.862815138308065, 6.828652266389042 ], [ 79.862870658853865, 6.828535276282025 ], [ 79.86295592357709, 6.828430183306352 ], [ 79.863037221390698, 6.828303279073111 ], [ 79.863092741936555, 6.828190254976334 ], [ 79.863164126523259, 6.828130768420294 ], [ 79.863233160282164, 6.828070588486923 ], [ 79.863140434783304, 6.828095114797748 ] ] ] ] } },
{ "type": "Feature", "properties": { "Sub_class": "Retail", "NAME": null, "Land_Exten": 1.31708571005, "Main_C": "Commercial", "Domain": "Built-up", "Area_m2": 13176.247 }, "geometry": { "type": "MultiPolygon", "coordinates": [ [ [ [ 79.8631450438088, 6.828228719879576 ], [ 79.863111732020855, 6.828342934678744 ], [ 79.862942789877934, 6.82852615265989 ], [ 79.862828575978028, 6.828702232721923 ], [ 79.862792883684676, 6.828918764289597 ], [ 79.862642977491475, 6.82928044193892 ], [ 79.862628700753987, 6.829444624869609 ], [ 79.862597768572243, 6.829656397224994 ], [ 79.862545419935259, 6.829987141793197 ], [ 79.862540660722971, 6.83010373529919 ], [ 79.862495450904419, 6.830422583635368 ], [ 79.862409790479489, 6.830439239979 ], [ 79.862400272954289, 6.830565351010193 ], [ 79.86250021011665, 6.830574868535393 ], [ 79.862462139116474, 6.830677185303898 ], [ 79.862405032166578, 6.831000791953045 ], [ 79.862366960267082, 6.831098350408581 ], [ 79.862388375822945, 6.831279189682903 ], [ 79.862331268872992, 6.831445751320416 ], [ 79.862309853317129, 6.831714630625754 ], [ 79.862261553428027, 6.831966312195618 ], [ 79.862375980467164, 6.831966529831561 ], [ 79.862374050522078, 6.831959031284327 ], [ 79.862465839826712, 6.83195920485349 ], [ 79.862468394800658, 6.831959210249408 ], [ 79.862483355922222, 6.831870528102456 ], [ 79.862534208986631, 6.83165483740089 ], [ 79.862581060067953, 6.831420988487878 ], [ 79.862658431441503, 6.831053087529995 ], [ 79.862678762414987, 6.830972457912651 ], [ 79.86274396236405, 6.830638816628152 ], [ 79.862766348288403, 6.830538024210512 ], [ 79.862839642135839, 6.830192298735653 ], [ 79.862866059720943, 6.830093529792634 ], [ 79.862949503316997, 6.829715556427857 ], [ 79.862967830600951, 6.829626856294453 ], [ 79.863053299470266, 6.829244853067564 ], [ 79.863071619559662, 6.829160186393551 ], [ 79.863086300092732, 6.829117997397702 ], [ 79.863086340562234, 6.829096537775058 ], [ 79.863107757017417, 6.828980061180914 ], [ 79.863108732781825, 6.828974754281546 ], [ 79.863113769884649, 6.828939437005488 ], [ 79.863142422285023, 6.828738550044079 ], [ 79.863179882645511, 6.828461745013556 ], [ 79.863210041410355, 6.828241147610925 ], [ 79.8631450438088, 6.828228719879576 ] ] ] ] } },
{ "type": "Feature", "properties": { "Sub_class": "Coastal area", "NAME": null, "Land_Exten": 1.7640445412700001, "Main_C": "Coastal area", "Domain": "Non Built-up", "Area_m2": 17647.658 }, "geometry": { "type": "MultiPolygon", "coordinates": [ [ [ [ 79.863164126523259, 6.828130768420294 ], [ 79.863092741936555, 6.828190254976334 ], [ 79.863037221390698, 6.828303279073111 ], [ 79.86295592357709, 6.828430183306352 ], [ 79.862870658853865, 6.828535276282025 ], [ 79.862815138308065, 6.828652266389042 ], [ 79.862688234074824, 6.8288287430521 ], [ 79.862608918366959, 6.828908058759964 ], [ 79.86250092867499, 6.828896077092338 ], [ 79.8624919354545, 6.828963986698682 ], [ 79.862494755728449, 6.829034872161685 ], [ 79.862485750816802, 6.829108689414511 ], [ 79.862467775167772, 6.829238601880036 ], [ 79.86244092950534, 6.829371451531301 ], [ 79.862417146034545, 6.829448194278768 ], [ 79.862405180554674, 6.829524958610023 ], [ 79.862390201446715, 6.82963272706877 ], [ 79.862363445716483, 6.829718323641771 ], [ 79.862327775006861, 6.829830482590751 ], [ 79.862289121246022, 6.829957403011804 ], [ 79.86224166492093, 6.830051820135452 ], [ 79.862214897499598, 6.830143323455673 ], [ 79.862185187496436, 6.830228913733436 ], [ 79.862140600908049, 6.830367636856977 ], [ 79.862063450767721, 6.830538785036936 ], [ 79.86201589911451, 6.830683408612458 ], [ 79.86199501865525, 6.830786736218954 ], [ 79.861953443896368, 6.830895931002487 ], [ 79.861905823894688, 6.831075994161836 ], [ 79.861887823064649, 6.831219197707867 ], [ 79.861875880067885, 6.831284148544682 ], [ 79.861852112784845, 6.831352030272001 ], [ 79.86184310247728, 6.831428799999173 ], [ 79.86182807030923, 6.831564625507099 ], [ 79.861807077434719, 6.831727019686241 ], [ 79.861771401329179, 6.83184213290815 ], [ 79.861771271826797, 6.831910059601626 ], [ 79.861777052668913, 6.831977997086938 ], [ 79.86176213201685, 6.832054756022217 ], [ 79.861750004659029, 6.832217167288491 ], [ 79.86170537850046, 6.832376563127923 ], [ 79.861669584583694, 6.832553696296088 ], [ 79.861669365149112, 6.832668876067828 ], [ 79.86165743654152, 6.832726443470619 ], [ 79.861646271458312, 6.83277072249092 ], [ 79.861631636790662, 6.832806055954791 ], [ 79.861761418854428, 6.83273361106734 ], [ 79.861915480814844, 6.832557769325661 ], [ 79.862039503620281, 6.832404354877099 ], [ 79.862171132891547, 6.832194741793955 ], [ 79.862216325622967, 6.832089896131833 ], [ 79.862261553428027, 6.831966312195618 ], [ 79.862309853317129, 6.831714630625754 ], [ 79.862331268872992, 6.831445751320416 ], [ 79.862388375822945, 6.831279189682903 ], [ 79.862366960267082, 6.831098350408581 ], [ 79.862405032166578, 6.831000791953045 ], [ 79.862462139116474, 6.830677185303898 ], [ 79.86250021011665, 6.830574868535393 ], [ 79.862400272954289, 6.830565351010193 ], [ 79.862409790479489, 6.830439239979 ], [ 79.862495450904419, 6.830422583635368 ], [ 79.862540660722971, 6.83010373529919 ], [ 79.862545419935259, 6.829987141793197 ], [ 79.862597768572243, 6.829656397224994 ], [ 79.862628700753987, 6.829444624869609 ], [ 79.862642977491475, 6.82928044193892 ], [ 79.862792883684676, 6.828918764289597 ], [ 79.862828575978028, 6.828702232721923 ], [ 79.862942789877934, 6.82852615265989 ], [ 79.863111732020855, 6.828342934678744 ], [ 79.8631450438088, 6.828228719879576 ], [ 79.863210041410355, 6.828241147610925 ], [ 79.863228573739718, 6.828105590100961 ], [ 79.863233160282164, 6.828070588486923 ], [ 79.863164126523259, 6.828130768420294 ] ] ] ] } },
{ "type": "Feature", "properties": { "Sub_class": "Rail Terminus", "NAME": "Railway Station-Rathmalana", "Land_Exten": 1.0597681300299999, "Main_C": "Transport", "Domain": "Built-up", "Area_m2": 10602.018 }, "geometry": { "type": "MultiPolygon", "coordinates": [ [ [ [ 79.862456217080819, 6.833140301583683 ], [ 79.862463640084968, 6.833047701989926 ], [ 79.862468134896574, 6.832907624487348 ], [ 79.862471360764744, 6.832799848833986 ], [ 79.862476859219726, 6.832767252906422 ], [ 79.862489752799888, 6.832658288349364 ], [ 79.86249283567588, 6.832625687925201 ], [ 79.862514793522962, 6.832515532665752 ], [ 79.862523307404786, 6.832485961158227 ], [ 79.862527429897057, 6.832482497869023 ], [ 79.862571714313219, 6.832445295613923 ], [ 79.862598416084097, 6.832381945570376 ], [ 79.862629416614368, 6.832281467915436 ], [ 79.862639759717183, 6.832243447277335 ], [ 79.86266957763894, 6.832129683937808 ], [ 79.86269126658874, 6.832160822064338 ], [ 79.862697256972865, 6.832187401527392 ], [ 79.862711127216812, 6.83220071149367 ], [ 79.862743778902313, 6.832185074081963 ], [ 79.862775870310202, 6.832147094812626 ], [ 79.862789848472801, 6.832103042421522 ], [ 79.862817737348735, 6.832050562483516 ], [ 79.862843247517901, 6.831978454841874 ], [ 79.862854812799412, 6.831932586719574 ], [ 79.862879179930246, 6.831826058425918 ], [ 79.862907167731635, 6.831721952905866 ], [ 79.862917530619598, 6.831672761788582 ], [ 79.862930460172663, 6.831545077843089 ], [ 79.862919855367068, 6.831402859054776 ], [ 79.862921918411871, 6.831270928510605 ], [ 79.86292941156313, 6.831142631227522 ], [ 79.862929596823506, 6.831140650920361 ], [ 79.862930443085531, 6.831131609136492 ], [ 79.86296990713555, 6.831096757709247 ], [ 79.862970026745415, 6.831096638998758 ], [ 79.862970398165373, 6.83108227053043 ], [ 79.862989259646668, 6.830736567538622 ], [ 79.862998828433263, 6.83056118894774 ], [ 79.863068747125055, 6.829868758636337 ], [ 79.863138378933115, 6.829327184202214 ], [ 79.863159101111705, 6.828992604924849 ], [ 79.863159788193741, 6.828984388718595 ], [ 79.863148763404752, 6.828956543909442 ], [ 79.863113769884649, 6.828939437005488 ], [ 79.863108732781825, 6.828974754281546 ], [ 79.863107757017417, 6.828980061180914 ], [ 79.863086340562234, 6.829096537775058 ], [ 79.863086300092732, 6.829117997397702 ], [ 79.863071619559662, 6.829160186393551 ], [ 79.863053299470266, 6.829244853067564 ], [ 79.862967830600951, 6.829626856294453 ], [ 79.862949503316997, 6.829715556427857 ], [ 79.862866059720943, 6.830093529792634 ], [ 79.862839642135839, 6.830192298735653 ], [ 79.862766348288403, 6.830538024210512 ], [ 79.86274396236405, 6.830638816628152 ], [ 79.862678762414987, 6.830972457912651 ], [ 79.862658431441503, 6.831053087529995 ], [ 79.862581060067953, 6.831420988487878 ], [ 79.862534208986631, 6.83165483740089 ], [ 79.862483355922222, 6.831870528102456 ], [ 79.862468394800658, 6.831959210249408 ], [ 79.862465839826712, 6.83195920485349 ], [ 79.862460946615442, 6.831983420898212 ], [ 79.862430036017429, 6.832323176673299 ], [ 79.862413268157866, 6.832652875329984 ], [ 79.862398844830864, 6.832810151467356 ], [ 79.862392329242653, 6.83312844672048 ], [ 79.862456217080819, 6.833140301583683 ] ] ] ] } },
{ "type": "Feature", "properties": { "Sub_class": "Temple/Shrine", "NAME": "Sri Ramya Viharaya", "Land_Exten": 0.081361959108899998, "Main_C": "Cultural", "Domain": "Built-up", "Area_m2": 813.953 }, "geometry": { "type": "MultiPolygon", "coordinates": [ [ [ [ 79.862927959158071, 6.831754181010695 ], [ 79.862872568114597, 6.832021501790905 ], [ 79.862869085040302, 6.832028143284219 ], [ 79.863016081027354, 6.832025157535043 ], [ 79.863016216825031, 6.831953567003552 ], [ 79.863104916958434, 6.831943508086454 ], [ 79.863112281506631, 6.831657160349721 ], [ 79.862951533986177, 6.831651408285893 ], [ 79.862927959158071, 6.831754181010695 ] ] ] ] } },
{ "type": "Feature", "properties": { "Sub_class": "Archeologic", "NAME": "Mount Lavinia Hotel", "Land_Exten": 0.43811930520800002, "Main_C": "Cultural", "Domain": "Built-up", "Area_m2": 4382.983 }, "geometry": { "type": "MultiPolygon", "coordinates": [ [ [ [ 79.8615616191735, 6.83292561632421 ], [ 79.861469112209818, 6.833014040365719 ], [ 79.861408556359834, 6.833040131496947 ], [ 79.861358215009659, 6.833061822245328 ], [ 79.861313730944019, 6.833146646300755 ], [ 79.861280320230662, 6.833235182757506 ], [ 79.861261691673803, 6.833320056275618 ], [ 79.861220907419025, 6.833401195808595 ], [ 79.861208856970123, 6.833420043572768 ], [ 79.861818745662461, 6.83350304733101 ], [ 79.861857099907297, 6.833477621487051 ], [ 79.861861455363126, 6.833435104337577 ], [ 79.861912534001078, 6.833426719526975 ], [ 79.861964105418437, 6.833209951410786 ], [ 79.861977030946377, 6.833141938037923 ], [ 79.862117401586985, 6.833159280592298 ], [ 79.862138736290945, 6.833133814517966 ], [ 79.862155926719865, 6.833061558464627 ], [ 79.862130528188871, 6.833006212797367 ], [ 79.861566455946459, 6.832896945604714 ], [ 79.8615616191735, 6.83292561632421 ] ] ] ] } },
{ "type": "Feature", "properties": { "Sub_class": "Retail", "NAME": "Mount Lavinia Hotel", "Land_Exten": 1.7324219493699999, "Main_C": "Commercial", "Domain": "Built-up", "Area_m2": 17331.3 }, "geometry": { "type": "MultiPolygon", "coordinates": [ [ [ [ 79.862130528188871, 6.833006212797367 ], [ 79.862155926719865, 6.833061558464627 ], [ 79.862138736290945, 6.833133814517966 ], [ 79.862117401586985, 6.833159280592298 ], [ 79.861977030946377, 6.833141938037923 ], [ 79.861964105418437, 6.833209951410786 ], [ 79.861912534001078, 6.833426719526975 ], [ 79.861861455363126, 6.833435104337578 ], [ 79.861857099907297, 6.833477621487051 ], [ 79.861818745662461, 6.83350304733101 ], [ 79.861208856970123, 6.833420043572768 ], [ 79.861194975467811, 6.833441755232889 ], [ 79.861154269454005, 6.833482285878865 ], [ 79.861120894713579, 6.833552364649989 ], [ 79.861076529358414, 6.833574430415698 ], [ 79.861054255849297, 6.833633455619542 ], [ 79.861094849447824, 6.833651990646891 ], [ 79.861105846357773, 6.833696311935283 ], [ 79.861120550273242, 6.833733256984251 ], [ 79.861168495829489, 6.833770264086491 ], [ 79.861198051149188, 6.83376662902675 ], [ 79.861194309070186, 6.833792463851181 ], [ 79.861197973807521, 6.83380723701443 ], [ 79.861209026475436, 6.83382202546614 ], [ 79.861264387841288, 6.833844280089536 ], [ 79.861264338378604, 6.833870122108543 ], [ 79.86130493917166, 6.83388496631822 ], [ 79.86132336538104, 6.83390715079441 ], [ 79.861356544069338, 6.833940439199989 ], [ 79.86137499006378, 6.833951549424536 ], [ 79.861397095399695, 6.833981124529315 ], [ 79.861378599942498, 6.833995856323783 ], [ 79.8613674555437, 6.834029060193016 ], [ 79.861356354312377, 6.834040114659616 ], [ 79.861334199513763, 6.834036380674513 ], [ 79.861304616315067, 6.834054782602225 ], [ 79.861304525483561, 6.83410277402385 ], [ 79.861319229399001, 6.834139719072845 ], [ 79.861370925128156, 6.834147200532943 ], [ 79.861411553800238, 6.83414727787465 ], [ 79.861459654039834, 6.834103069001475 ], [ 79.861478178275377, 6.834073571238377 ], [ 79.861500395127166, 6.834044079770542 ], [ 79.861555868908283, 6.834007267821252 ], [ 79.86159284633284, 6.833985188565639 ], [ 79.861629788683857, 6.833981566995761 ], [ 79.861663030324621, 6.833981629948316 ], [ 79.861677861044498, 6.833952124990645 ], [ 79.861703765116729, 6.83392633243431 ], [ 79.86175185096721, 6.83388950699524 ], [ 79.861859069040875, 6.833834335386307 ], [ 79.861939899207016, 6.833814301189118 ], [ 79.861947756583731, 6.83381235325754 ], [ 79.861977284024476, 6.833823484166512 ], [ 79.862025201701741, 6.833875259036001 ], [ 79.862062101784616, 6.833893787768162 ], [ 79.862087893441597, 6.83392706178459 ], [ 79.862183757574428, 6.834015843756214 ], [ 79.862224267535979, 6.834078679387609 ], [ 79.862272170824099, 6.8341378367918 ], [ 79.862297857260401, 6.834226486563136 ], [ 79.862319899643708, 6.834289287120975 ], [ 79.862349329058361, 6.834352101168579 ], [ 79.862393553219974, 6.834403868843561 ], [ 79.862448886706829, 6.834440890334884 ], [ 79.862493153136541, 6.834470507707784 ], [ 79.862515264767708, 6.834496391994937 ], [ 79.862524826359731, 6.834508383555091 ], [ 79.862623798549521, 6.834449847582455 ], [ 79.862613668585993, 6.834420741923735 ], [ 79.862600172460034, 6.834382938022203 ], [ 79.862558769471718, 6.834239979991136 ], [ 79.862544305675215, 6.834201205721133 ], [ 79.862535651499186, 6.834165348851786 ], [ 79.862504894685173, 6.834030160963221 ], [ 79.862492382417599, 6.833984609402243 ], [ 79.862484691415432, 6.833951660041143 ], [ 79.86244818973222, 6.83377965120997 ], [ 79.862450374185471, 6.83377902708046 ], [ 79.862419477077253, 6.833585616183307 ], [ 79.862397929321048, 6.83324475244345 ], [ 79.862406825414723, 6.832810170353136 ], [ 79.862421248741668, 6.832652894215745 ], [ 79.862438016601246, 6.832323195559112 ], [ 79.862468927199316, 6.831983439783998 ], [ 79.862473820410528, 6.831959223739235 ], [ 79.862382031105881, 6.8319590501701 ], [ 79.862383961051023, 6.831966548717312 ], [ 79.862269534011844, 6.831966331081393 ], [ 79.862224306206841, 6.832089915017629 ], [ 79.862179113475349, 6.832194760679744 ], [ 79.862047484204098, 6.832404373762875 ], [ 79.861923461398703, 6.832557788211427 ], [ 79.861769399438288, 6.832733629953133 ], [ 79.861639617374522, 6.832806074840518 ], [ 79.861628277822831, 6.832833451102956 ], [ 79.861576561409279, 6.832837043894552 ], [ 79.861566455946459, 6.832896945604714 ], [ 79.862130528188871, 6.833006212797367 ] ] ] ] } },
{ "type": "Feature", "properties": { "Sub_class": "Retail", "NAME": null, "Land_Exten": 0.0159887990806, "Main_C": "Commercial", "Domain": "Built-up", "Area_m2": 159.953 }, "geometry": { "type": "MultiPolygon", "coordinates": [ [ [ [ 79.86290435824958, 6.833344972892235 ], [ 79.862898403838301, 6.833344300199371 ], [ 79.862894766979991, 6.833457178605954 ], [ 79.862998400355934, 6.833457374658167 ], [ 79.863019342868427, 6.833464396564693 ], [ 79.863020161251484, 6.8334501710886 ], [ 79.863020701744063, 6.833444372260033 ], [ 79.863026053609531, 6.83336548193148 ], [ 79.86290435824958, 6.833344972892235 ] ] ] ] } },
{ "type": "Feature", "properties": { "Sub_class": "Retail", "NAME": null, "Land_Exten": 0.14710605712899999, "Main_C": "Commercial", "Domain": "Built-up", "Area_m2": 1471.663 }, "geometry": { "type": "MultiPolygon", "coordinates": [ [ [ [ 79.862719163558609, 6.833324050164833 ], [ 79.862479163282842, 6.833261880931104 ], [ 79.862519596802031, 6.833645952598658 ], [ 79.862520132797954, 6.833649293580095 ], [ 79.862867590367046, 6.833631012161504 ], [ 79.862867485146353, 6.833628351966922 ], [ 79.862860671882572, 6.833457113854763 ], [ 79.862863804221263, 6.833457120150001 ], [ 79.862861778048682, 6.833446894858355 ], [ 79.862865305189757, 6.833340560818272 ], [ 79.862719163558609, 6.833324050164833 ] ] ] ] } },
{ "type": "Feature", "properties": { "Sub_class": "Retail", "NAME": null, "Land_Exten": 0.49910725705199999, "Main_C": "Commercial", "Domain": "Built-up", "Area_m2": 4993.115 }, "geometry": { "type": "MultiPolygon", "coordinates": [ [ [ [ 79.86256027853409, 6.833899741280106 ], [ 79.862648788011199, 6.834256475356085 ], [ 79.862771625510163, 6.834599561320772 ], [ 79.86279335043281, 6.834646844076644 ], [ 79.863017602680259, 6.834654500005229 ], [ 79.863012664502946, 6.833580570986612 ], [ 79.863019342868427, 6.833464396564693 ], [ 79.862998400355934, 6.833457374658167 ], [ 79.862894766979991, 6.833457178605954 ], [ 79.862891259624007, 6.833457171411396 ], [ 79.862901745719057, 6.833630129027256 ], [ 79.862867485146353, 6.833628351966922 ], [ 79.862867590367046, 6.833631012161504 ], [ 79.862520132797954, 6.833649293580095 ], [ 79.86256027853409, 6.833899741280106 ] ] ] ] } },
{ "type": "Feature", "properties": { "Sub_class": "High Rise", "NAME": null, "Land_Exten": 0.038639891433199999, "Main_C": "Residential", "Domain": "Built-up", "Area_m2": 386.558 }, "geometry": { "type": "MultiPolygon", "coordinates": [ [ [ [ 79.865142523508723, 6.831103074547286 ], [ 79.865146027267429, 6.831152518374097 ], [ 79.865358159351615, 6.831141481893951 ], [ 79.865358159351615, 6.830998714519126 ], [ 79.865141249169369, 6.831001979957477 ], [ 79.865142523508723, 6.831103074547286 ] ] ] ] } },
{ "type": "Feature", "properties": { "Sub_class": "Low Rise", "NAME": null, "Land_Exten": 0.397466478101, "Main_C": "Residential", "Domain": "Built-up", "Area_m2": 3976.296 }, "geometry": { "type": "MultiPolygon", "coordinates": [ [ [ [ 79.864428459106136, 6.832147494111609 ], [ 79.864521646856588, 6.832142697127836 ], [ 79.864502728718037, 6.832091983458326 ], [ 79.86442754629428, 6.831869589210214 ], [ 79.86435671838791, 6.831696098296334 ], [ 79.864285722308296, 6.831611508064668 ], [ 79.864245773523692, 6.831571427079723 ], [ 79.864161342472016, 6.831535706907403 ], [ 79.864090211494101, 6.831522236861815 ], [ 79.864069727635865, 6.831522198190953 ], [ 79.863962211886644, 6.832359069515519 ], [ 79.863986331703927, 6.832362153290774 ], [ 79.864248720602006, 6.832362649716572 ], [ 79.864430166918737, 6.832359755698235 ], [ 79.864428459106136, 6.832147494111609 ] ] ] ] } },
{ "type": "Feature", "properties": { "Sub_class": "Retail", "NAME": null, "Land_Exten": 0.030706337361100001, "Main_C": "Commercial", "Domain": "Built-up", "Area_m2": 307.189 }, "geometry": { "type": "MultiPolygon", "coordinates": [ [ [ [ 79.864428459106136, 6.832147494111609 ], [ 79.864430166918737, 6.832359755698235 ], [ 79.864497776151495, 6.832358676511774 ], [ 79.864555658317045, 6.832323226135998 ], [ 79.864569101382983, 6.832269910727859 ], [ 79.864521646856588, 6.832142697127836 ], [ 79.864428459106136, 6.832147494111609 ] ] ] ] } },
{ "type": "Feature", "properties": { "Sub_class": "Retail", "NAME": null, "Land_Exten": 0.0278144998797, "Main_C": "Commercial", "Domain": "Built-up", "Area_m2": 278.259 }, "geometry": { "type": "MultiPolygon", "coordinates": [ [ [ [ 79.865377061302411, 6.832360333962299 ], [ 79.865461798123533, 6.832367095065422 ], [ 79.865468077190087, 6.832217299488832 ], [ 79.865468096975178, 6.832207072398546 ], [ 79.865318022608733, 6.832206788212773 ], [ 79.865317740221599, 6.832355729433402 ], [ 79.865377061302411, 6.832360333962299 ] ] ] ] } },
{ "type": "Feature", "properties": { "Sub_class": "Barren Land", "NAME": null, "Land_Exten": 0.018659278528499999, "Main_C": "Barren Land", "Domain": "Non Built-up", "Area_m2": 186.669 }, "geometry": { "type": "MultiPolygon", "coordinates": [ [ [ [ 79.864485595733697, 6.832391099769495 ], [ 79.864424681054231, 6.832452013549641 ], [ 79.864400615196303, 6.83255874059347 ], [ 79.864510524041521, 6.832565222007418 ], [ 79.864522566863002, 6.832387380173486 ], [ 79.864485595733697, 6.832391099769495 ] ] ] ] } },
{ "type": "Feature", "properties": { "Sub_class": "Retail", "NAME": null, "Land_Exten": 0.82915995576799995, "Main_C": "Commercial", "Domain": "Built-up", "Area_m2": 8295.006 }, "geometry": { "type": "MultiPolygon", "coordinates": [ [ [ [ 79.864601078576982, 6.832773082311974 ], [ 79.86471824585044, 6.832775807257747 ], [ 79.864928492955642, 6.832780696871737 ], [ 79.866146023020576, 6.832824945314997 ], [ 79.866145810780608, 6.832753805343884 ], [ 79.866151611407815, 6.832550798680472 ], [ 79.864955098499081, 6.832396859027881 ], [ 79.8649196094525, 6.832391099769495 ], [ 79.864700064256624, 6.832369525932904 ], [ 79.864522566863002, 6.832387380173486 ], [ 79.864510524041521, 6.832565222007418 ], [ 79.864400615196303, 6.83255874059347 ], [ 79.864395493557254, 6.832581456569017 ], [ 79.864319350657581, 6.833095420017685 ], [ 79.864565775690039, 6.833138605462295 ], [ 79.864584587708634, 6.832943821300375 ], [ 79.864601078576982, 6.832773082311974 ] ] ] ] } },
{ "type": "Feature", "properties": { "Sub_class": "Mixed Retail-Residential", "NAME": null, "Land_Exten": 0.072828587724699995, "Main_C": "Commercial", "Domain": "Built-up", "Area_m2": 728.585 }, "geometry": { "type": "MultiPolygon", "coordinates": [ [ [ [ 79.864443429220955, 6.833156619782244 ], [ 79.864316709348714, 6.833152654671323 ], [ 79.864288756620851, 6.833358403367697 ], [ 79.864291274722632, 6.833410724125656 ], [ 79.864396052036227, 6.833457505959188 ], [ 79.864439153843932, 6.833491850168798 ], [ 79.864469279333832, 6.833288821921656 ], [ 79.864559698970993, 6.833288821921656 ], [ 79.86456125839544, 6.833162451885698 ], [ 79.864443429220955, 6.833156619782244 ] ] ] ] } },
{ "type": "Feature", "properties": { "Sub_class": "Retail", "NAME": null, "Land_Exten": 0.077041113804200007, "Main_C": "Commercial", "Domain": "Built-up", "Area_m2": 770.727 }, "geometry": { "type": "MultiPolygon", "coordinates": [ [ [ [ 79.864629018714311, 6.833643162901694 ], [ 79.864733676418098, 6.833794872235615 ], [ 79.864750933508844, 6.833796895710236 ], [ 79.864792144941589, 6.833439106729429 ], [ 79.86453122643502, 6.833416877287107 ], [ 79.864515303038843, 6.833552554406936 ], [ 79.864629018714311, 6.833643162901694 ] ] ] ] } },
{ "type": "Feature", "properties": { "Sub_class": "Low Rise", "NAME": null, "Land_Exten": 2.8870664175999998, "Main_C": "Residential", "Domain": "Built-up", "Area_m2": 28882.538 }, "geometry": { "type": "MultiPolygon", "coordinates": [ [ [ [ 79.864559698970993, 6.833288821921656 ], [ 79.864469279333832, 6.833288821921656 ], [ 79.864439153843932, 6.833491850168798 ], [ 79.864515243683627, 6.833552478863851 ], [ 79.864531167079747, 6.833416801744079 ], [ 79.864792084686997, 6.833439031186401 ], [ 79.864750873254252, 6.833796820167152 ], [ 79.864796754866404, 6.833802199012325 ], [ 79.864884444161817, 6.83379141254369 ], [ 79.865023267110132, 6.833784372650712 ], [ 79.865180353490587, 6.833777367831317 ], [ 79.865182358079437, 6.833777303080126 ], [ 79.865357510940441, 6.833771597781038 ], [ 79.865392233764624, 6.833770466433919 ], [ 79.865585836217406, 6.833770833357335 ], [ 79.865688123308303, 6.833767375464049 ], [ 79.865735582331297, 6.833782069486972 ], [ 79.865742819175807, 6.833818592753914 ], [ 79.865764391213759, 6.83400118480688 ], [ 79.865789649572719, 6.834165528716198 ], [ 79.865818486334149, 6.83437004084476 ], [ 79.865840140210366, 6.834508820625615 ], [ 79.865836156213675, 6.8346840625195 ], [ 79.865821233762972, 6.834848330885791 ], [ 79.865806317607507, 6.83500894710528 ], [ 79.865795248751795, 6.835067342783702 ], [ 79.865785825655394, 6.835192797309787 ], [ 79.865792918608349, 6.83519260755287 ], [ 79.865890750457822, 6.835197237262719 ], [ 79.866099781679623, 6.835193187615573 ], [ 79.866397809811133, 6.835162635847041 ], [ 79.866517558138867, 6.835140601557555 ], [ 79.866507704267178, 6.834992018267087 ], [ 79.866496918697919, 6.834900721790916 ], [ 79.866508043311626, 6.834813118830425 ], [ 79.866508195297058, 6.834732795881848 ], [ 79.866482831717349, 6.834623217987144 ], [ 79.86642469684233, 6.834458812024593 ], [ 79.866392014579844, 6.834356521336417 ], [ 79.866362922410985, 6.834287096372464 ], [ 79.866352012735263, 6.834261518754147 ], [ 79.866352894970191, 6.8342549995686 ], [ 79.866350604396928, 6.834255757697122 ], [ 79.866346342509758, 6.834157958223216 ], [ 79.866351041467453, 6.834024615743488 ], [ 79.86642248451011, 6.833873619571932 ], [ 79.866458273030958, 6.833762560493824 ], [ 79.866471673828755, 6.833731470930672 ], [ 79.866489992119511, 6.833451467910947 ], [ 79.866498038353825, 6.833319016659345 ], [ 79.866004710748882, 6.833311040572141 ], [ 79.866007754054635, 6.833486490209395 ], [ 79.865479094784462, 6.833478672402862 ], [ 79.865476225947134, 6.833192304881038 ], [ 79.865998063859593, 6.833200109197719 ], [ 79.866010450222177, 6.833231231136438 ], [ 79.866122110946719, 6.833236092871459 ], [ 79.866149195828768, 6.832824945314997 ], [ 79.865899352473207, 6.832817807395941 ], [ 79.864931664864514, 6.832780696871737 ], [ 79.864604251385174, 6.832773082311974 ], [ 79.864568947598912, 6.833138605462295 ], [ 79.864582061512976, 6.833139565938268 ], [ 79.864642715389039, 6.833131023278156 ], [ 79.864694715089115, 6.833118134194592 ], [ 79.864785802023221, 6.833049041979734 ], [ 79.864894280047054, 6.832945349248519 ], [ 79.864920194011802, 6.832984360040257 ], [ 79.864863797526311, 6.833031873022549 ], [ 79.864768362370057, 6.83310961581617 ], [ 79.864720653335553, 6.833144157876632 ], [ 79.864681656033667, 6.833152741905565 ], [ 79.864625325198631, 6.833165622895251 ], [ 79.86456125839544, 6.833162451885698 ], [ 79.864559698970993, 6.833288821921656 ] ] ] ] } },
{ "type": "Feature", "properties": { "Sub_class": "School", "NAME": "Girls' High School Mt. Lavinia", "Land_Exten": 1.05810301554, "Main_C": "Institutional", "Domain": "Built-up", "Area_m2": 10585.371 }, "geometry": { "type": "MultiPolygon", "coordinates": [ [ [ [ 79.864673432632856, 6.833842032683719 ], [ 79.864608225489292, 6.833762586574153 ], [ 79.864556275251971, 6.833793606889515 ], [ 79.86438937277137, 6.833887479023986 ], [ 79.864302386745806, 6.833887314448077 ], [ 79.8641574088374, 6.833887039255501 ], [ 79.864034205314397, 6.83387231555497 ], [ 79.863947301127098, 6.833828679549981 ], [ 79.863889351512398, 6.83380683411815 ], [ 79.8637892236938, 6.833773264224817 ], [ 79.863758305901172, 6.834181316314755 ], [ 79.86372732965259, 6.834527582282135 ], [ 79.863719339176214, 6.834672794913615 ], [ 79.863764485142951, 6.834668779440676 ], [ 79.864728436068503, 6.834750302084842 ], [ 79.864757816020472, 6.834547491473586 ], [ 79.864778690184437, 6.834068588094908 ], [ 79.864673432632856, 6.833842032683719 ] ] ] ] } },
{ "type": "Feature", "properties": { "Sub_class": "Low Rise", "NAME": null, "Land_Exten": 0.148968611226, "Main_C": "Residential", "Domain": "Built-up", "Area_m2": 1490.297 }, "geometry": { "type": "MultiPolygon", "coordinates": [ [ [ [ 79.864258759734014, 6.832977144779477 ], [ 79.864268663068401, 6.832900531534335 ], [ 79.864295835184691, 6.832642770547466 ], [ 79.864327353724434, 6.832438359142998 ], [ 79.864189513735141, 6.832424762292987 ], [ 79.86410015619731, 6.832424593220424 ], [ 79.864032772694372, 6.83295763218905 ], [ 79.864258759734014, 6.832977144779477 ] ] ] ] } },
{ "type": "Feature", "properties": { "Sub_class": "School", "NAME": "Buddhist Ladies College", "Land_Exten": 0.77276526935500001, "Main_C": "Institutional", "Domain": "Built-up", "Area_m2": 7730.819 }, "geometry": { "type": "MultiPolygon", "coordinates": [ [ [ [ 79.863284307424919, 6.833190470264014 ], [ 79.863610293680154, 6.833233300476479 ], [ 79.863769717398611, 6.833226162557423 ], [ 79.863782528241131, 6.833332922876139 ], [ 79.863941181240591, 6.833333224149044 ], [ 79.863938307906665, 6.833131445060189 ], [ 79.864010783370986, 6.833131582656449 ], [ 79.86410015619731, 6.832424593220424 ], [ 79.863954400375349, 6.832424317128584 ], [ 79.863576981892265, 6.832693163158979 ], [ 79.863315240505983, 6.832671747603115 ], [ 79.863279549111951, 6.832781203190052 ], [ 79.863001152281413, 6.832707439896467 ], [ 79.862890141766684, 6.833091943238628 ], [ 79.863284307424919, 6.833190470264014 ] ] ] ] } },
{ "type": "Feature", "properties": { "Sub_class": "Under Construction", "NAME": null, "Land_Exten": 0.045852773276799999, "Main_C": "Under Construction", "Domain": "Built-up", "Area_m2": 458.716 }, "geometry": { "type": "MultiPolygon", "coordinates": [ [ [ [ 79.864032772694372, 6.83295763218905 ], [ 79.864010783370986, 6.833131582656449 ], [ 79.864238740825272, 6.833132014331056 ], [ 79.864258759734014, 6.832977144779477 ], [ 79.864032772694372, 6.83295763218905 ] ] ] ] } },
{ "type": "Feature", "properties": { "Sub_class": "Parking", "NAME": null, "Land_Exten": 0.22075248269, "Main_C": "Transport", "Domain": "Built-up", "Area_m2": 2208.429 }, "geometry": { "type": "MultiPolygon", "coordinates": [ [ [ [ 79.863769717398611, 6.833226162557423 ], [ 79.863610293680154, 6.833233300476479 ], [ 79.863284307424919, 6.833190470264014 ], [ 79.863027301868556, 6.833125728069945 ], [ 79.862831480788259, 6.833077493831297 ], [ 79.862712507676122, 6.833048940356377 ], [ 79.862558193006237, 6.833001994846256 ], [ 79.862548054948832, 6.833111157254166 ], [ 79.86258913957721, 6.833152377680108 ], [ 79.862630224205532, 6.833193597206787 ], [ 79.862753622881428, 6.833241830546115 ], [ 79.862889663327337, 6.83327609831332 ], [ 79.863000483185829, 6.83330401237032 ], [ 79.863295432937946, 6.833332000171708 ], [ 79.863535550125619, 6.833332455228685 ], [ 79.863782528241131, 6.833332922876139 ], [ 79.863769717398611, 6.833226162557423 ] ] ] ] } },
{ "type": "Feature", "properties": { "Sub_class": "Retail", "NAME": null, "Land_Exten": 0.075482724479400007, "Main_C": "Commercial", "Domain": "Built-up", "Area_m2": 755.137 }, "geometry": { "type": "MultiPolygon", "coordinates": [ [ [ [ 79.863960901574387, 6.83333326102121 ], [ 79.864205502781772, 6.833374483245848 ], [ 79.864205608901784, 6.833318246839667 ], [ 79.864237068985631, 6.83314494928004 ], [ 79.864238740825272, 6.833132014331056 ], [ 79.864010783370986, 6.833131582656449 ], [ 79.863938307906665, 6.833131445060189 ], [ 79.863941181240591, 6.833333224149044 ], [ 79.863960901574387, 6.83333326102121 ] ] ] ] } },
{ "type": "Feature", "properties": { "Sub_class": "Church", "NAME": "Church of St. Francis of Assisi", "Land_Exten": 0.332497920803, "Main_C": "Cultural", "Domain": "Built-up", "Area_m2": 3326.343 }, "geometry": { "type": "MultiPolygon", "coordinates": [ [ [ [ 79.864577606271553, 6.833725280897056 ], [ 79.864461159355074, 6.833629061532008 ], [ 79.864276185897324, 6.833491570479623 ], [ 79.863899027318325, 6.833401714717411 ], [ 79.863831217536699, 6.833400354043135 ], [ 79.863816048671765, 6.83342383983836 ], [ 79.863807173262501, 6.833536378301289 ], [ 79.8637892236938, 6.833773264224817 ], [ 79.863889351512398, 6.83380683411815 ], [ 79.863947301127098, 6.833828679549981 ], [ 79.864034205314397, 6.83387231555497 ], [ 79.8641574088374, 6.833887039255501 ], [ 79.864302386745806, 6.833887314448077 ], [ 79.86438937277137, 6.833887479023986 ], [ 79.864556275251971, 6.833793606889515 ], [ 79.864608225489292, 6.833762586574153 ], [ 79.864577606271553, 6.833725280897056 ] ] ] ] } },
{ "type": "Feature", "properties": { "Sub_class": "Parking", "NAME": null, "Land_Exten": 0.50157015626199997, "Main_C": "Transport", "Domain": "Built-up", "Area_m2": 5017.756 }, "geometry": { "type": "MultiPolygon", "coordinates": [ [ [ [ 79.863488211611752, 6.834062590516169 ], [ 79.863523903905104, 6.833910304716824 ], [ 79.863507247561472, 6.833781814079487 ], [ 79.863509627167616, 6.833372547005467 ], [ 79.863278818862455, 6.833367787793236 ], [ 79.863026053609531, 6.83336548193148 ], [ 79.863019342868427, 6.833464396564693 ], [ 79.86301671954601, 6.834462374239251 ], [ 79.863192772628395, 6.834167775222681 ], [ 79.863419415273825, 6.834157669540843 ], [ 79.863488211611752, 6.834062590516169 ] ] ] ] } },
{ "type": "Feature", "properties": { "Sub_class": "Retail", "NAME": null, "Land_Exten": 0.40974028369900001, "Main_C": "Commercial", "Domain": "Built-up", "Area_m2": 4099.082 }, "geometry": { "type": "MultiPolygon", "coordinates": [ [ [ [ 79.863702363573282, 6.834319572690163 ], [ 79.863730917048258, 6.834015001091473 ], [ 79.86377612686681, 6.833374926611611 ], [ 79.863509627167616, 6.833372547005467 ], [ 79.863507247561472, 6.833781814079487 ], [ 79.863523903905104, 6.833910304716824 ], [ 79.863488211611752, 6.834062590516169 ], [ 79.863419415273825, 6.834157669540843 ], [ 79.863407136829949, 6.834670638339333 ], [ 79.863653767807193, 6.834682312438815 ], [ 79.863702363573282, 6.834319572690163 ] ] ] ] } },
{ "type": "Feature", "properties": { "Sub_class": "Barren Land", "NAME": null, "Land_Exten": 0.20754367372599999, "Main_C": "Barren Land", "Domain": "Non Built-up", "Area_m2": 2076.287 }, "geometry": { "type": "MultiPolygon", "coordinates": [ [ [ [ 79.863192772628395, 6.834167775222681 ], [ 79.863107498012653, 6.834324331003131 ], [ 79.86301671954601, 6.834462374239251 ], [ 79.863017602680259, 6.834654500005229 ], [ 79.863191837333488, 6.834660448121213 ], [ 79.863407136829949, 6.834670638339333 ], [ 79.863419415273825, 6.834157669540843 ], [ 79.863192772628395, 6.834167775222681 ] ] ] ] } },
{ "type": "Feature", "properties": { "Sub_class": "Retail", "NAME": null, "Land_Exten": 0.26278401984799998, "Main_C": "Commercial", "Domain": "Built-up", "Area_m2": 2628.917 }, "geometry": { "type": "MultiPolygon", "coordinates": [ [ [ [ 79.863347259068803, 6.834943505238641 ], [ 79.863636936095759, 6.834981596023908 ], [ 79.863653394588539, 6.834687617539544 ], [ 79.863653767807193, 6.834682312438815 ], [ 79.863456550979095, 6.834672977475975 ], [ 79.863191837333488, 6.834660448121213 ], [ 79.863017602680259, 6.834654500005229 ], [ 79.86279335043281, 6.834646844076644 ], [ 79.862853613103823, 6.834778000304539 ], [ 79.862874064586492, 6.834846609583394 ], [ 79.862915150114134, 6.834887829110073 ], [ 79.86300429721058, 6.834908570174434 ], [ 79.863347259068803, 6.834943505238641 ] ] ] ] } },
{ "type": "Feature", "properties": { "Sub_class": "Low Rise", "NAME": null, "Land_Exten": 0.56608672905199997, "Main_C": "Residential", "Domain": "Built-up", "Area_m2": 5663.194 }, "geometry": { "type": "MultiPolygon", "coordinates": [ [ [ [ 79.864810512695044, 6.833910862296534 ], [ 79.864919826189066, 6.834151066718391 ], [ 79.864978731783083, 6.834284214944603 ], [ 79.865200616115601, 6.834222294823121 ], [ 79.86523669601678, 6.834309306029695 ], [ 79.865396295102983, 6.834244401058299 ], [ 79.865564139173728, 6.834779160429946 ], [ 79.86556922573925, 6.83479536441456 ], [ 79.865776016749805, 6.834809092565592 ], [ 79.865781677082794, 6.834771589936963 ], [ 79.865796738029076, 6.834534302016493 ], [ 79.86576062395369, 6.834315172307413 ], [ 79.865755820674622, 6.834275544580748 ], [ 79.865471292266363, 6.834292558854543 ], [ 79.865464470009329, 6.834075647772977 ], [ 79.865727735746475, 6.834052833771295 ], [ 79.865692124392069, 6.833836758159919 ], [ 79.865535079380493, 6.833821857292946 ], [ 79.865410867717401, 6.833828924165573 ], [ 79.865224585746091, 6.833821270035628 ], [ 79.865001719353927, 6.833842754839338 ], [ 79.864782160668256, 6.833869763278983 ], [ 79.864810512695044, 6.833910862296534 ] ] ] ] } },
{ "type": "Feature", "properties": { "Sub_class": "Playground", "NAME": "YMCA Tennis Club ground", "Land_Exten": 0.28072904303099999, "Main_C": "Public Space", "Domain": "Built-up", "Area_m2": 2808.444 }, "geometry": { "type": "MultiPolygon", "coordinates": [ [ [ [ 79.865056452093654, 6.834459892110374 ], [ 79.865273190505377, 6.834920892685091 ], [ 79.865438663063912, 6.83483858942941 ], [ 79.865564139173728, 6.834779160429946 ], [ 79.865396295102983, 6.834244401058299 ], [ 79.86523669601678, 6.834309306029695 ], [ 79.865200616115601, 6.834222294823121 ], [ 79.864978731783083, 6.834284214944603 ], [ 79.865056452093654, 6.834459892110374 ] ] ] ] } },
{ "type": "Feature", "properties": { "Sub_class": "Low Rise", "NAME": null, "Land_Exten": 0.79824240807500002, "Main_C": "Residential", "Domain": "Built-up", "Area_m2": 7985.701 }, "geometry": { "type": "MultiPolygon", "coordinates": [ [ [ [ 79.863717635860269, 6.834992207124685 ], [ 79.864129189910216, 6.835034129021892 ], [ 79.864513275067623, 6.835089713419563 ], [ 79.864719039052488, 6.835117531249125 ], [ 79.865130580511959, 6.835166309577573 ], [ 79.865226627207164, 6.835166491240614 ], [ 79.865260982208611, 6.835139127568709 ], [ 79.865144872537883, 6.834864625701982 ], [ 79.864974126354923, 6.834459736527663 ], [ 79.864816918566021, 6.834150871565498 ], [ 79.864778690184437, 6.834068588094908 ], [ 79.864757816020472, 6.834547491473586 ], [ 79.864728436068503, 6.834750302084842 ], [ 79.863764485142951, 6.834668779440676 ], [ 79.863719339176214, 6.834672794913615 ], [ 79.863701877040057, 6.834990135086741 ], [ 79.863717635860269, 6.834992207124685 ] ] ] ] } },
{ "type": "Feature", "properties": { "Sub_class": "Barren Land", "NAME": null, "Land_Exten": 0.047914828091, "Main_C": "Barren Land", "Domain": "Non Built-up", "Area_m2": 479.345 }, "geometry": { "type": "MultiPolygon", "coordinates": [ [ [ [ 79.864536091767263, 6.835157023178112 ], [ 79.86441834802838, 6.835141611496226 ], [ 79.864395402725734, 6.835374953191604 ], [ 79.864573862393911, 6.835382884312708 ], [ 79.864583968075749, 6.83516289035515 ], [ 79.864536091767263, 6.835157023178112 ] ] ] ] } },
{ "type": "Feature", "properties": { "Sub_class": "Retail", "NAME": null, "Land_Exten": 0.0716935973787, "Main_C": "Commercial", "Domain": "Built-up", "Area_m2": 717.23 }, "geometry": { "type": "MultiPolygon", "coordinates": [ [ [ [ 79.864850224957991, 6.835397801367492 ], [ 79.864850370648128, 6.835396185285788 ], [ 79.864843196756169, 6.83539534441968 ], [ 79.86486991291622, 6.835197932438689 ], [ 79.864725703028853, 6.835180259861147 ], [ 79.864583968075749, 6.83516289035515 ], [ 79.864573862393911, 6.835382884312708 ], [ 79.864850224957991, 6.835397801367492 ] ] ] ] } },
{ "type": "Feature", "properties": { "Sub_class": "Barren Land", "NAME": null, "Land_Exten": 0.092243746822799996, "Main_C": "Barren Land", "Domain": "Non Built-up", "Area_m2": 922.816 }, "geometry": { "type": "MultiPolygon", "coordinates": [ [ [ [ 79.865246365527412, 6.835241905689429 ], [ 79.865170088628759, 6.835233168775744 ], [ 79.865018189537864, 6.835215771390779 ], [ 79.864976686724788, 6.835211017574466 ], [ 79.864908463255006, 6.835202656577394 ], [ 79.86486991291622, 6.835197932438689 ], [ 79.864843196756169, 6.83539534441968 ], [ 79.864850370648128, 6.835396185285788 ], [ 79.865204267363083, 6.835437678206347 ], [ 79.865220056760279, 6.835439529011126 ], [ 79.865246828678266, 6.835241708737897 ], [ 79.865246365527412, 6.835241905689429 ] ] ] ] } },
{ "type": "Feature", "properties": { "Sub_class": "Retail", "NAME": null, "Land_Exten": 0.19422833151, "Main_C": "Commercial", "Domain": "Built-up", "Area_m2": 1943.082 }, "geometry": { "type": "MultiPolygon", "coordinates": [ [ [ [ 79.865482697468565, 6.835470343381701 ], [ 79.865509301213365, 6.835164753750462 ], [ 79.86550106342338, 6.835158849701202 ], [ 79.865421347517213, 6.835124524377363 ], [ 79.865368202980221, 6.835101640228572 ], [ 79.86532202189386, 6.835186139628718 ], [ 79.865273857802379, 6.835469806486401 ], [ 79.865244234134138, 6.835795902458983 ], [ 79.865284380769594, 6.835795978002011 ], [ 79.865397957949483, 6.835798085113595 ], [ 79.865519707268732, 6.835800343311234 ], [ 79.865569023391799, 6.83547988698723 ], [ 79.865482697468565, 6.835470343381701 ] ] ] ] } },
{ "type": "Feature", "properties": { "Sub_class": "Retail", "NAME": null, "Land_Exten": 0.096857007792800001, "Main_C": "Commercial", "Domain": "Built-up", "Area_m2": 968.968 }, "geometry": { "type": "MultiPolygon", "coordinates": [ [ [ [ 79.864850370648128, 6.835396185285788 ], [ 79.864830803199084, 6.835613144031413 ], [ 79.865023938903732, 6.835649269798012 ], [ 79.865168087637187, 6.835656403220469 ], [ 79.865176179736977, 6.835642312642676 ], [ 79.865205545299716, 6.835446746969865 ], [ 79.865204267363083, 6.835437678206347 ], [ 79.864850370648128, 6.835396185285788 ] ] ] ] } },
{ "type": "Feature", "properties": { "Sub_class": "Under Construction", "NAME": null, "Land_Exten": 0.071776223131699998, "Main_C": "Under Construction", "Domain": "Built-up", "Area_m2": 718.057 }, "geometry": { "type": "MultiPolygon", "coordinates": [ [ [ [ 79.864259575419112, 6.835548257046469 ], [ 79.864223175359314, 6.835889285362271 ], [ 79.864408589484867, 6.835897813633267 ], [ 79.864422306844062, 6.835633639580863 ], [ 79.86442655434206, 6.835575759213953 ], [ 79.864259575419112, 6.835548257046469 ] ] ] ] } },
{ "type": "Feature", "properties": { "Sub_class": "Parking", "NAME": null, "Land_Exten": 0.13594605064699999, "Main_C": "Transport", "Domain": "Built-up", "Area_m2": 1360.019 }, "geometry": { "type": "MultiPolygon", "coordinates": [ [ [ [ 79.865119571011462, 6.835993506894852 ], [ 79.865129063355653, 6.83599494850813 ], [ 79.865176151857952, 6.835656802519452 ], [ 79.865168087637187, 6.835656403220469 ], [ 79.865023938903732, 6.835649269798012 ], [ 79.864852490350188, 6.835617199973854 ], [ 79.864829698831613, 6.835760041992387 ], [ 79.864829517168516, 6.835760024005936 ], [ 79.864796148723315, 6.835949102868824 ], [ 79.864858275688903, 6.83595905566591 ], [ 79.865094967358914, 6.835996971982695 ], [ 79.865119571011462, 6.835993506894852 ] ] ] ] } },
{ "type": "Feature", "properties": { "Sub_class": "Retail", "NAME": null, "Land_Exten": 0.352677053869, "Main_C": "Commercial", "Domain": "Built-up", "Area_m2": 3528.215 }, "geometry": { "type": "MultiPolygon", "coordinates": [ [ [ [ 79.862956011710651, 6.83497176373595 ], [ 79.86293321749406, 6.83497172056849 ], [ 79.862955903791999, 6.83502872139843 ], [ 79.863073264419654, 6.835245383367806 ], [ 79.863220838670827, 6.835557030832376 ], [ 79.863314412230409, 6.835796430361029 ], [ 79.86336854961894, 6.835796533783082 ], [ 79.863554506935031, 6.835812377139519 ], [ 79.863596317316251, 6.835429208391304 ], [ 79.863407859884887, 6.835421605522697 ], [ 79.863459237254062, 6.835031278171016 ], [ 79.862956011710651, 6.83497176373595 ] ] ] ] } },
{ "type": "Feature", "properties": { "Sub_class": "Low Rise", "NAME": null, "Land_Exten": 0.99674289881099998, "Main_C": "Residential", "Domain": "Built-up", "Area_m2": 9971.517 }, "geometry": { "type": "MultiPolygon", "coordinates": [ [ [ [ 79.864573862393911, 6.835382884312708 ], [ 79.864395402725734, 6.835374953191604 ], [ 79.86441834802838, 6.835141611496226 ], [ 79.864300605188816, 6.83512619981434 ], [ 79.863673882943374, 6.835056663334399 ], [ 79.863459237254062, 6.835031278171016 ], [ 79.863407859884887, 6.835421605522697 ], [ 79.863596317316251, 6.835429208391304 ], [ 79.863554506935031, 6.835812377139519 ], [ 79.863596460308429, 6.835815951045333 ], [ 79.863907928807919, 6.835846919200037 ], [ 79.864223175359314, 6.835889285362271 ], [ 79.864259575419112, 6.835548257046469 ], [ 79.86442655434206, 6.835575759213953 ], [ 79.864422306844062, 6.835633639580863 ], [ 79.864408589484867, 6.835897813633267 ], [ 79.864481493026517, 6.835901166305803 ], [ 79.86455190274819, 6.835911355624603 ], [ 79.864581591167564, 6.835735374487967 ], [ 79.864829698831613, 6.835760041992387 ], [ 79.864852490350188, 6.835617199973854 ], [ 79.864830803199084, 6.835613144031413 ], [ 79.864850224957991, 6.835397801367492 ], [ 79.864573862393911, 6.835382884312708 ] ] ] ] } },
{ "type": "Feature", "properties": { "Sub_class": "Retail", "NAME": "Palms, Mount Lavinia", "Land_Exten": 1.49142289023, "Main_C": "Commercial", "Domain": "Built-up", "Area_m2": 14920.348 }, "geometry": { "type": "MultiPolygon", "coordinates": [ [ [ [ 79.863652829814328, 6.836617402571108 ], [ 79.864037130808981, 6.836650825874983 ], [ 79.864339636664965, 6.836692267534147 ], [ 79.864572677087438, 6.83670905697744 ], [ 79.864719834053176, 6.836733856682201 ], [ 79.864822042903029, 6.836742223974511 ], [ 79.86497330347521, 6.836758857835093 ], [ 79.865045915636529, 6.836768485077585 ], [ 79.865049762036961, 6.836745215119606 ], [ 79.86505086820307, 6.836737387420555 ], [ 79.865092121004636, 6.836445319096242 ], [ 79.865127075853934, 6.836042884171832 ], [ 79.865084760953039, 6.836033040192717 ], [ 79.865081486521433, 6.83604279783691 ], [ 79.865051114617302, 6.836031348567928 ], [ 79.864868794159577, 6.836012017640542 ], [ 79.864564943817186, 6.835969673961358 ], [ 79.864521135142354, 6.835972509523742 ], [ 79.864398285052857, 6.835952652492949 ], [ 79.86437121815726, 6.835954117488598 ], [ 79.86435602231262, 6.835954088710253 ], [ 79.864093940982627, 6.835923214984405 ], [ 79.863622959731856, 6.835865365194479 ], [ 79.863330379693309, 6.835837282064972 ], [ 79.863345603416917, 6.835876230803478 ], [ 79.863390933744654, 6.83601301498868 ], [ 79.863443768015543, 6.836199176450862 ], [ 79.863451293542425, 6.836237162914813 ], [ 79.863477621195329, 6.836340602037183 ], [ 79.863483201488634, 6.836341470782315 ], [ 79.86348709015715, 6.836377806090923 ], [ 79.863489003914481, 6.836385323523928 ], [ 79.863511575099153, 6.836503078953967 ], [ 79.86351502849584, 6.836549089169182 ], [ 79.863519172571841, 6.836604301247576 ], [ 79.863652829814328, 6.836617402571108 ] ] ] ] } },
{ "type": "Feature", "properties": { "Sub_class": "Mixed Retail-Residential", "NAME": null, "Land_Exten": 0.66226529275299995, "Main_C": "Commercial", "Domain": "Built-up", "Area_m2": 6625.37 }, "geometry": { "type": "MultiPolygon", "coordinates": [ [ [ [ 79.864869206948413, 6.838092864494172 ], [ 79.864623380864373, 6.838063138303255 ], [ 79.864456819226859, 6.838096450990463 ], [ 79.864111797021849, 6.838110727727951 ], [ 79.863869091585343, 6.838127384071583 ], [ 79.863602591886149, 6.838015549777822 ], [ 79.863475866617989, 6.837886732686627 ], [ 79.863443803988446, 6.838181302025532 ], [ 79.863438194916796, 6.838227798773914 ], [ 79.863418185001308, 6.838393676926671 ], [ 79.863496566313529, 6.838405435562436 ], [ 79.863631833342481, 6.838422662076255 ], [ 79.863635844318821, 6.838253056233611 ], [ 79.863635889284922, 6.838251161362052 ], [ 79.863787097696445, 6.838251448245785 ], [ 79.86378627301815, 6.838270367283656 ], [ 79.863778818537696, 6.838441380565314 ], [ 79.864465112774781, 6.838528781178354 ], [ 79.864751705127162, 6.838562638854739 ], [ 79.864788009858842, 6.838544581367387 ], [ 79.864803235381089, 6.83852942149565 ], [ 79.864807092573301, 6.838499051390158 ], [ 79.864819561673471, 6.838397404616558 ], [ 79.864834103710962, 6.838278866776307 ], [ 79.864869206948413, 6.838092864494172 ] ] ] ] } },
{ "type": "Feature", "properties": { "Sub_class": "Retail", "NAME": null, "Land_Exten": 0.032994322335900002, "Main_C": "Commercial", "Domain": "Built-up", "Area_m2": 330.078 }, "geometry": { "type": "MultiPolygon", "coordinates": [ [ [ [ 79.863778818537696, 6.838441380565314 ], [ 79.86378627301815, 6.838270367283656 ], [ 79.863787097696445, 6.838251448245785 ], [ 79.863635889284922, 6.838251161362052 ], [ 79.863635844318821, 6.838253056233611 ], [ 79.863631833342481, 6.838422662076255 ], [ 79.863778818537696, 6.838441380565314 ] ] ] ] } },
{ "type": "Feature", "properties": { "Sub_class": "Retail", "NAME": "Berjaya Hotel", "Land_Exten": 1.1960222466099999, "Main_C": "Commercial", "Domain": "Built-up", "Area_m2": 11965.127 }, "geometry": { "type": "MultiPolygon", "coordinates": [ [ [ [ 79.864457988345521, 6.838968886904638 ], [ 79.864721980734885, 6.838996160644342 ], [ 79.864741837765678, 6.838852064970865 ], [ 79.864780202844145, 6.838654684466178 ], [ 79.86442319267627, 6.838597050513499 ], [ 79.864107937131678, 6.838558481288942 ], [ 79.863576168005807, 6.83850051548643 ], [ 79.863406502807891, 6.838479363431929 ], [ 79.863305080864848, 6.839210073386198 ], [ 79.863291664778558, 6.83932870025933 ], [ 79.863328721343464, 6.839338652157096 ], [ 79.863581166437712, 6.839383186584826 ], [ 79.863739162932063, 6.839398415704352 ], [ 79.863771085267445, 6.839402663202407 ], [ 79.863820064144704, 6.839327032016968 ], [ 79.863848618519, 6.839250889117295 ], [ 79.863952362511554, 6.839295623194516 ], [ 79.864090371573468, 6.839320368939923 ], [ 79.864250271033256, 6.839315610626954 ], [ 79.864320703237922, 6.839294670812478 ], [ 79.864350208195617, 6.839255648329583 ], [ 79.864374954840343, 6.839241370692775 ], [ 79.864433608624211, 6.839254749007523 ], [ 79.864457988345521, 6.838968886904638 ] ] ] ] } },
{ "type": "Feature", "properties": { "Sub_class": "Parking", "NAME": null, "Land_Exten": 0.088550406819899993, "Main_C": "Transport", "Domain": "Built-up", "Area_m2": 885.867 }, "geometry": { "type": "MultiPolygon", "coordinates": [ [ [ [ 79.864374954840343, 6.839241370692775 ], [ 79.864350208195617, 6.839255648329583 ], [ 79.864320703237922, 6.839294670812478 ], [ 79.864250271033256, 6.839315610626954 ], [ 79.864090371573468, 6.839320368939923 ], [ 79.863952362511554, 6.839295623194516 ], [ 79.863848618519, 6.839250889117295 ], [ 79.863820064144704, 6.839327032016968 ], [ 79.863771085267445, 6.839402663202407 ], [ 79.863975205291524, 6.839429824526803 ], [ 79.864223621423037, 6.839438390569342 ], [ 79.864300715805427, 6.839425065314572 ], [ 79.864355918890624, 6.839347970932181 ], [ 79.86439399079012, 6.839295623194516 ], [ 79.864431316252308, 6.839258383167873 ], [ 79.864433608624211, 6.839254749007523 ], [ 79.864374954840343, 6.839241370692775 ] ] ] ] } },
{ "type": "Feature", "properties": { "Sub_class": "Retail", "NAME": null, "Land_Exten": 0.11258585452, "Main_C": "Commercial", "Domain": "Built-up", "Area_m2": 1126.32 }, "geometry": { "type": "MultiPolygon", "coordinates": [ [ [ [ 79.863696582731166, 6.83941700109375 ], [ 79.863410431046589, 6.839375589112194 ], [ 79.863287614232092, 6.83936452295444 ], [ 79.863270304980631, 6.839517578573464 ], [ 79.863263587044969, 6.83956866546157 ], [ 79.863690597742959, 6.839615338477131 ], [ 79.863707017564877, 6.839617133523916 ], [ 79.863711391867298, 6.839617639842231 ], [ 79.863740122508716, 6.839422810714211 ], [ 79.863696582731166, 6.83941700109375 ] ] ] ] } },
{ "type": "Feature", "properties": { "Sub_class": "Mixed Retail-Residential", "NAME": null, "Land_Exten": 0.24280061432700001, "Main_C": "Commercial", "Domain": "Built-up", "Area_m2": 2429.002 }, "geometry": { "type": "MultiPolygon", "coordinates": [ [ [ [ 79.864664464593432, 6.839584773218746 ], [ 79.86467193526164, 6.839494009141276 ], [ 79.864321762639293, 6.839460182941139 ], [ 79.864318016962955, 6.839467221934797 ], [ 79.864007268820444, 6.839458458940783 ], [ 79.863740122508716, 6.839422810714211 ], [ 79.863711391867298, 6.839617639842231 ], [ 79.864440092736174, 6.83970206100139 ], [ 79.864651476584413, 6.839723246330777 ], [ 79.864664464593432, 6.839584773218746 ] ] ] ] } },
{ "type": "Feature", "properties": { "Sub_class": "Mixed Retail-Residential", "NAME": null, "Land_Exten": 0.40036473703100001, "Main_C": "Commercial", "Domain": "Built-up", "Area_m2": 4005.29 }, "geometry": { "type": "MultiPolygon", "coordinates": [ [ [ [ 79.864598345537274, 6.840175112491522 ], [ 79.864629567300767, 6.839956830843107 ], [ 79.864646137309421, 6.83978017071837 ], [ 79.864413444025274, 6.839746495604345 ], [ 79.864386609154735, 6.839992422412422 ], [ 79.864147420067411, 6.839987187458803 ], [ 79.864180619440106, 6.839721165299579 ], [ 79.86398418861944, 6.839704993690532 ], [ 79.863787848630352, 6.839682812811589 ], [ 79.863764903327706, 6.839881268905458 ], [ 79.863595221941978, 6.839867556042918 ], [ 79.86357144926302, 6.840074479253872 ], [ 79.864598345537274, 6.840175112491522 ] ] ] ] } },
{ "type": "Feature", "properties": { "Sub_class": "Other higher edu.", "NAME": "Academy of Management Education", "Land_Exten": 0.038798351110800003, "Main_C": "Institutional", "Domain": "Built-up", "Area_m2": 388.143 }, "geometry": { "type": "MultiPolygon", "coordinates": [ [ [ [ 79.866516871956151, 6.828177028647019 ], [ 79.866450702537975, 6.828178968484679 ], [ 79.866463198617794, 6.828391231869887 ], [ 79.866615484417139, 6.828384886253559 ], [ 79.866598000697252, 6.828174063582196 ], [ 79.866516871956151, 6.828177028647019 ] ] ] ] } },
{ "type": "Feature", "properties": { "Sub_class": "Factory", "NAME": "DART", "Land_Exten": 0.067021827595699995, "Main_C": "Industrial", "Domain": "Built-up", "Area_m2": 670.494 }, "geometry": { "type": "MultiPolygon", "coordinates": [ [ [ [ 79.8658289679326, 6.828172602183884 ], [ 79.86571042649507, 6.828159903756614 ], [ 79.865674548042023, 6.828158276883016 ], [ 79.865628404727147, 6.828381317743663 ], [ 79.865861591739133, 6.828436045087471 ], [ 79.865885124299098, 6.828175827152734 ], [ 79.8658289679326, 6.828172602183884 ] ] ] ] } },
{ "type": "Feature", "properties": { "Sub_class": "Low Rise", "NAME": null, "Land_Exten": 0.033723588926300001, "Main_C": "Residential", "Domain": "Built-up", "Area_m2": 337.375 }, "geometry": { "type": "MultiPolygon", "coordinates": [ [ [ [ 79.865879036788158, 6.829943370889907 ], [ 79.865929267521722, 6.829945084997746 ], [ 79.865929389829546, 6.82988070433106 ], [ 79.865935989054719, 6.829711260366423 ], [ 79.865785298652668, 6.829704699812112 ], [ 79.865785001876418, 6.82986160273083 ], [ 79.865866632439179, 6.829861757414221 ], [ 79.865878445034241, 6.829969881105171 ], [ 79.865879036788158, 6.829943370889907 ] ] ] ] } },
{ "type": "Feature", "properties": { "Sub_class": "Low Rise", "NAME": null, "Land_Exten": 0.061978237318300003, "Main_C": "Residential", "Domain": "Built-up", "Area_m2": 620.037 }, "geometry": { "type": "MultiPolygon", "coordinates": [ [ [ [ 79.865935357730621, 6.830240836045789 ], [ 79.865989435763879, 6.830237335884419 ], [ 79.866024621738973, 6.83023447154369 ], [ 79.866048147104379, 6.830196423925884 ], [ 79.866057002728553, 6.830164207512212 ], [ 79.866054181555285, 6.830105598694445 ], [ 79.866054381204776, 6.830000110916444 ], [ 79.866050842372545, 6.829949234469666 ], [ 79.865929267521722, 6.829945084997746 ], [ 79.865879036788158, 6.829943370889907 ], [ 79.865878445034241, 6.829969881105171 ], [ 79.86587287373419, 6.830219594059088 ], [ 79.865935357730621, 6.830240836045789 ] ] ] ] } },
{ "type": "Feature", "properties": { "Sub_class": "Low Rise", "NAME": null, "Land_Exten": 2.5735219428299998, "Main_C": "Residential", "Domain": "Built-up", "Area_m2": 25745.811 }, "geometry": { "type": "MultiPolygon", "coordinates": [ [ [ [ 79.866141398706645, 6.831145447904134 ], [ 79.866145068839899, 6.831217130166465 ], [ 79.866252439798302, 6.831218814596639 ], [ 79.866254553205124, 6.831304885112388 ], [ 79.866396116387705, 6.831302008181183 ], [ 79.86639894655417, 6.831541514729167 ], [ 79.866559117609256, 6.831544676745466 ], [ 79.866771949366012, 6.831553761696796 ], [ 79.866772586086029, 6.831545079641785 ], [ 79.866791309071687, 6.831545114715311 ], [ 79.866791689484955, 6.831343663879011 ], [ 79.867020211713452, 6.831344095553618 ], [ 79.867016748424248, 6.831547233518052 ], [ 79.867146147376843, 6.831550230059122 ], [ 79.867190331968288, 6.83156591063829 ], [ 79.867190750153043, 6.831344417510934 ], [ 79.867473616614177, 6.831359526121275 ], [ 79.86750006027961, 6.831214260429817 ], [ 79.86754971095047, 6.831054774658185 ], [ 79.867279990779025, 6.83104799646793 ], [ 79.867308014553259, 6.83080920488095 ], [ 79.867192142303566, 6.830788542057633 ], [ 79.867082387242419, 6.830781477882965 ], [ 79.866972684341988, 6.830746985285202 ], [ 79.866856095332594, 6.830726193858823 ], [ 79.866725850117973, 6.83067109149772 ], [ 79.866595592312819, 6.830622846467236 ], [ 79.866458486170245, 6.830567730616337 ], [ 79.866314558670013, 6.830492031082429 ], [ 79.866179694537323, 6.830406803231426 ], [ 79.866114027840183, 6.830513007769127 ], [ 79.866064017440522, 6.830603749363604 ], [ 79.866002225022726, 6.830723771984538 ], [ 79.86599044840051, 6.830750121221172 ], [ 79.865952380997669, 6.830726607546922 ], [ 79.866011197558805, 6.830630022157834 ], [ 79.866049436732169, 6.830562698909489 ], [ 79.866096476671146, 6.830492462756979 ], [ 79.866140590216105, 6.830419291217368 ], [ 79.866156830173622, 6.830392353824095 ], [ 79.866129546541401, 6.830375112021841 ], [ 79.865951304509167, 6.830306205067359 ], [ 79.865677054452533, 6.830216544457983 ], [ 79.865478139704464, 6.830195597448892 ], [ 79.865446404428099, 6.830191443480373 ], [ 79.865324098428459, 6.830184621223339 ], [ 79.865080204088201, 6.830166775076634 ], [ 79.865079699568525, 6.830385902987075 ], [ 79.865087986821209, 6.830487626203023 ], [ 79.865099563793876, 6.830566763845127 ], [ 79.865114144502229, 6.830607814299242 ], [ 79.865139974830015, 6.830900885367612 ], [ 79.865141249169369, 6.831001979957477 ], [ 79.865358159351615, 6.830998714519126 ], [ 79.865358159351615, 6.831141481893951 ], [ 79.865146027267429, 6.831152518374097 ], [ 79.865153945797999, 6.831264258239003 ], [ 79.86516544452968, 6.831384418456196 ], [ 79.86516537618121, 6.831420544222794 ], [ 79.865171798239942, 6.831422037996731 ], [ 79.865251806425761, 6.83144441492783 ], [ 79.865327326095269, 6.831489007811513 ], [ 79.865376179067482, 6.831524660534683 ], [ 79.865456086529207, 6.831600378055043 ], [ 79.86553610370828, 6.83161830873803 ], [ 79.865638390799177, 6.831618502092226 ], [ 79.865718458340211, 6.831609763379902 ], [ 79.865776348599638, 6.831569867655332 ], [ 79.865869765677189, 6.831556709674487 ], [ 79.865839999916147, 6.831020526676014 ], [ 79.866074919022367, 6.831040372914913 ], [ 79.866113030492045, 6.831040444860662 ], [ 79.866135449691285, 6.831040751529486 ], [ 79.866141398706645, 6.831145447904134 ] ] ] ] } },
{ "type": "Feature", "properties": { "Sub_class": "High Rise", "NAME": null, "Land_Exten": 0.0114096060565, "Main_C": "Residential", "Domain": "Built-up", "Area_m2": 114.143 }, "geometry": { "type": "MultiPolygon", "coordinates": [ [ [ [ 79.866149670670836, 6.831307016505662 ], [ 79.866254553205124, 6.831304885112388 ], [ 79.866252439798302, 6.831218814596639 ], [ 79.866145068839899, 6.831217130166465 ], [ 79.866149670670836, 6.831307016505662 ] ] ] ] } },
{ "type": "Feature", "properties": { "Sub_class": "Barren Land", "NAME": null, "Land_Exten": 0.122199089575, "Main_C": "Barren Land", "Domain": "Non Built-up", "Area_m2": 1222.494 }, "geometry": { "type": "MultiPolygon", "coordinates": [ [ [ [ 79.865839999916147, 6.831020526676014 ], [ 79.865869765677189, 6.831556709674487 ], [ 79.865969845831785, 6.831548008733648 ], [ 79.865968888053771, 6.831343736724136 ], [ 79.866105309812269, 6.831343736724136 ], [ 79.866098965095205, 6.831214451985431 ], [ 79.866093974757177, 6.831040408887816 ], [ 79.866074919022367, 6.831040372914913 ], [ 79.865839999916147, 6.831020526676014 ] ] ] ] } },
{ "type": "Feature", "properties": { "Sub_class": "Retail", "NAME": null, "Land_Exten": 0.0686630632607, "Main_C": "Commercial", "Domain": "Built-up", "Area_m2": 686.913 }, "geometry": { "type": "MultiPolygon", "coordinates": [ [ [ [ 79.866161344770319, 6.831535038711138 ], [ 79.866308096141779, 6.831539761051204 ], [ 79.866396963549107, 6.831541514729167 ], [ 79.866394133382585, 6.831302008181183 ], [ 79.866149667972877, 6.83130697603616 ], [ 79.866161344770319, 6.831535038711138 ] ] ] ] } },
{ "type": "Feature", "properties": { "Sub_class": "High Rise", "NAME": null, "Land_Exten": 0.034235186841500002, "Main_C": "Residential", "Domain": "Built-up", "Area_m2": 342.493 }, "geometry": { "type": "MultiPolygon", "coordinates": [ [ [ [ 79.865968888053771, 6.831343736724136 ], [ 79.865969845831785, 6.831548008733648 ], [ 79.8660699268857, 6.831539307792866 ], [ 79.866116414640885, 6.831532507119562 ], [ 79.866110069024501, 6.831419878724489 ], [ 79.866105309812269, 6.831343736724136 ], [ 79.865968888053771, 6.831343736724136 ] ] ] ] } },
{ "type": "Feature", "properties": { "Sub_class": "Retail", "NAME": null, "Land_Exten": 0.035006972876999998, "Main_C": "Commercial", "Domain": "Built-up", "Area_m2": 350.214 }, "geometry": { "type": "MultiPolygon", "coordinates": [ [ [ [ 79.866465184320873, 6.831786991876243 ], [ 79.866457726243141, 6.831943035043082 ], [ 79.866590757557447, 6.831937914303353 ], [ 79.866591179339537, 6.831714878838625 ], [ 79.866468501919883, 6.831717566012912 ], [ 79.866465184320873, 6.831786991876243 ] ] ] ] } },
{ "type": "Feature", "properties": { "Sub_class": "Low Rise", "NAME": null, "Land_Exten": 1.70250309503, "Main_C": "Residential", "Domain": "Built-up", "Area_m2": 17032.072 }, "geometry": { "type": "MultiPolygon", "coordinates": [ [ [ [ 79.86830655340475, 6.830328397637516 ], [ 79.868381109900383, 6.830366469537012 ], [ 79.868295534011736, 6.830625114557449 ], [ 79.868467452910693, 6.830686452817588 ], [ 79.868629961303725, 6.830746959204873 ], [ 79.868714238571329, 6.830771198631965 ], [ 79.868822641951397, 6.830777422839844 ], [ 79.868900941425352, 6.830777570328678 ], [ 79.868960494531279, 6.830777682743928 ], [ 79.869013210990943, 6.830586556124729 ], [ 79.869140116123504, 6.830618282407841 ], [ 79.869107954568506, 6.830786988029104 ], [ 79.869202048835518, 6.83080221714863 ], [ 79.869388695931605, 6.830838689154234 ], [ 79.869442857601882, 6.830862871024749 ], [ 79.869545181564945, 6.830899183850306 ], [ 79.869647516319901, 6.83092947751345 ], [ 79.869713736100096, 6.830947661805169 ], [ 79.869726168328043, 6.83074300308715 ], [ 79.869750566035862, 6.830580508183971 ], [ 79.86978694271329, 6.830454155235145 ], [ 79.869847524643603, 6.830267647533958 ], [ 79.869854902681652, 6.830244750794634 ], [ 79.869460737922793, 6.829889407070539 ], [ 79.869406088820028, 6.829822389591641 ], [ 79.869218897634084, 6.829769237860091 ], [ 79.86921751087948, 6.82977337024488 ], [ 79.869174334428067, 6.829756585298242 ], [ 79.868590696903198, 6.829529686346007 ], [ 79.868548924293464, 6.829674961030662 ], [ 79.868471529537487, 6.829949270442512 ], [ 79.86830655340475, 6.830328397637516 ] ] ] ] } },
{ "type": "Feature", "properties": { "Sub_class": "Retail", "NAME": null, "Land_Exten": 0.031221928676200002, "Main_C": "Commercial", "Domain": "Built-up", "Area_m2": 312.348 }, "geometry": { "type": "MultiPolygon", "coordinates": [ [ [ [ 79.869107954568506, 6.830786988029104 ], [ 79.869140116123504, 6.830618282407841 ], [ 79.869013210990943, 6.830586556124729 ], [ 79.868960494531279, 6.830777682743928 ], [ 79.869107954568506, 6.830786988029104 ] ] ] ] } },
{ "type": "Feature", "properties": { "Sub_class": "Temple/Shrine", "NAME": null, "Land_Exten": 0.026115107202700001, "Main_C": "Cultural", "Domain": "Built-up", "Area_m2": 261.259 }, "geometry": { "type": "MultiPolygon", "coordinates": [ [ [ [ 79.869028091173504, 6.830854050474102 ], [ 79.869002583702354, 6.830854002810042 ], [ 79.868992082318812, 6.831012049666413 ], [ 79.868991037306557, 6.831050008251339 ], [ 79.869078688830484, 6.831033035346366 ], [ 79.869099627745697, 6.83102256633839 ], [ 79.869125028197573, 6.830849134779783 ], [ 79.869028091173504, 6.830854050474102 ] ] ] ] } },
{ "type": "Feature", "properties": { "Sub_class": "Retail", "NAME": null, "Land_Exten": 0.035605061428899999, "Main_C": "Commercial", "Domain": "Built-up", "Area_m2": 356.198 }, "geometry": { "type": "MultiPolygon", "coordinates": [ [ [ [ 79.869335671004478, 6.830998771176382 ], [ 79.869474631549053, 6.83102256633839 ], [ 79.869657919677309, 6.831070333828904 ], [ 79.869668080217764, 6.830985278647745 ], [ 79.869589041501115, 6.830967283213624 ], [ 79.869466673448301, 6.830931360693796 ], [ 79.869405494368152, 6.830910849855911 ], [ 79.869351952330817, 6.830898001241792 ], [ 79.869335671004478, 6.830998771176382 ] ] ] ] } },
{ "type": "Feature", "properties": { "Sub_class": "Dispensary", "NAME": null, "Land_Exten": 0.039302607002700003, "Main_C": "Institutional", "Domain": "Built-up", "Area_m2": 393.189 }, "geometry": { "type": "MultiPolygon", "coordinates": [ [ [ [ 79.869402295479631, 6.831149153110971 ], [ 79.869643383035736, 6.831192017497642 ], [ 79.869657919677309, 6.831070333828904 ], [ 79.869474631549053, 6.83102256633839 ], [ 79.869419125392369, 6.831013061403723 ], [ 79.869402295479631, 6.831149153110971 ] ] ] ] } },
{ "type": "Feature", "properties": { "Sub_class": "Church", "NAME": "United Pentecostal Church", "Land_Exten": 0.14031403490700001, "Main_C": "Cultural", "Domain": "Built-up", "Area_m2": 1403.72 }, "geometry": { "type": "MultiPolygon", "coordinates": [ [ [ [ 79.86892994456133, 6.831367590342097 ], [ 79.868943432593369, 6.831179462062551 ], [ 79.868693274475106, 6.83115975521855 ], [ 79.868689741938113, 6.831224520795047 ], [ 79.868406647049198, 6.831223987497083 ], [ 79.868402876191851, 6.831414888386462 ], [ 79.868621172229382, 6.831411890946072 ], [ 79.868631289602376, 6.831416971216299 ], [ 79.868631404715586, 6.831411909831843 ], [ 79.868930379833216, 6.831421812266854 ], [ 79.86892994456133, 6.831367590342097 ] ] ] ] } },
{ "type": "Feature", "properties": { "Sub_class": "Retail", "NAME": null, "Land_Exten": 1.2198366597600001, "Main_C": "Commercial", "Domain": "Built-up", "Area_m2": 12203.401 }, "geometry": { "type": "MultiPolygon", "coordinates": [ [ [ [ 79.867470363766358, 6.832424367490603 ], [ 79.86744560093382, 6.832779504370706 ], [ 79.867457487273271, 6.832863806819262 ], [ 79.867668318038511, 6.832852165095403 ], [ 79.867706988886482, 6.832851220807242 ], [ 79.867701214339604, 6.832712423939256 ], [ 79.86797409023211, 6.832706120591013 ], [ 79.86796770594492, 6.832474291555343 ], [ 79.868070029907983, 6.832474484909596 ], [ 79.868063382119431, 6.832382426707682 ], [ 79.867787082507903, 6.832395542420386 ], [ 79.867797501153802, 6.832296698833659 ], [ 79.867968027902236, 6.832303838551354 ], [ 79.867971586519559, 6.832225436554722 ], [ 79.868032980537691, 6.832225551667932 ], [ 79.868033186482421, 6.832116462105091 ], [ 79.868030253793222, 6.831999865901139 ], [ 79.868026840866094, 6.831864177989473 ], [ 79.867849480169411, 6.831863843441681 ], [ 79.867849718489765, 6.831737708128799 ], [ 79.868129422035281, 6.831728008041182 ], [ 79.868126255522327, 6.831598457103155 ], [ 79.868119433265292, 6.831598717007239 ], [ 79.867870428077879, 6.831608202156872 ], [ 79.867874050547073, 6.83149570955942 ], [ 79.868146939030055, 6.83148258755142 ], [ 79.868154017593895, 6.831346237738728 ], [ 79.868014189203507, 6.831339156476929 ], [ 79.868024536802977, 6.831277812820872 ], [ 79.867929073767812, 6.831257177876523 ], [ 79.86795996997671, 6.831151555200165 ], [ 79.868150870866032, 6.831206459710415 ], [ 79.868185133237375, 6.831124706839773 ], [ 79.868134003181751, 6.831107564862293 ], [ 79.868185371557729, 6.830998571526891 ], [ 79.868263773554361, 6.831022582526202 ], [ 79.868388942096033, 6.830723246780451 ], [ 79.868310842271626, 6.83069217790171 ], [ 79.867973767375531, 6.830577160907296 ], [ 79.86786535230425, 6.830576956761206 ], [ 79.867847237260264, 6.830601002834044 ], [ 79.867725867454851, 6.831082378449082 ], [ 79.867622781766045, 6.831449407064554 ], [ 79.867543538903249, 6.831948922005211 ], [ 79.867519128604954, 6.832117436970179 ], [ 79.867470363766358, 6.832424367490603 ] ] ] ] } },
{ "type": "Feature", "properties": { "Sub_class": "Temple/Shrine", "NAME": "Thapodanaramaya", "Land_Exten": 0.31431255055700003, "Main_C": "Cultural", "Domain": "Built-up", "Area_m2": 3144.424 }, "geometry": { "type": "MultiPolygon", "coordinates": [ [ [ [ 79.868126255522327, 6.831598457103155 ], [ 79.868129422035281, 6.831728008041182 ], [ 79.867849718489765, 6.831737708128799 ], [ 79.867849480169411, 6.831863843441681 ], [ 79.868026840866094, 6.831864177989473 ], [ 79.868030253793222, 6.831999865901139 ], [ 79.868444983349377, 6.831988939138284 ], [ 79.868498076624974, 6.831987539793204 ], [ 79.86860985965734, 6.831984594513472 ], [ 79.868632503687138, 6.831602732480178 ], [ 79.868634519967202, 6.831568733610197 ], [ 79.868627838903706, 6.831568810052602 ], [ 79.868119479130712, 6.831574581002144 ], [ 79.868119433265292, 6.831598717007239 ], [ 79.868126255522327, 6.831598457103155 ] ] ] ] } },
{ "type": "Feature", "properties": { "Sub_class": "Low Rise", "NAME": null, "Land_Exten": 1.278825641, "Main_C": "Residential", "Domain": "Built-up", "Area_m2": 12793.541 }, "geometry": { "type": "MultiPolygon", "coordinates": [ [ [ [ 79.868930379833216, 6.831421812266854 ], [ 79.868631404715586, 6.831411909831843 ], [ 79.868631289602376, 6.831416971216299 ], [ 79.868621172229382, 6.831411890946072 ], [ 79.868402876191851, 6.831414888386462 ], [ 79.868406647049198, 6.831223987497083 ], [ 79.868689741938113, 6.831224520795047 ], [ 79.868693274475106, 6.83115975521855 ], [ 79.868943432593369, 6.831179462062551 ], [ 79.86894850207176, 6.831108762759243 ], [ 79.868954853983382, 6.830934193558221 ], [ 79.868918828940878, 6.83087392459197 ], [ 79.868864667270657, 6.830849742721512 ], [ 79.868599732391772, 6.830807103165341 ], [ 79.868388942096033, 6.830723246780451 ], [ 79.868263773554361, 6.831022582526202 ], [ 79.868185371557729, 6.830998571526891 ], [ 79.868134003181751, 6.831107564862293 ], [ 79.868185133237375, 6.831124706839773 ], [ 79.868150870866032, 6.831206459710415 ], [ 79.86795996997671, 6.831151555200165 ], [ 79.867929073767812, 6.831257177876523 ], [ 79.868024536802977, 6.831277812820872 ], [ 79.868014189203507, 6.831339156476929 ], [ 79.868154017593895, 6.831346237738728 ], [ 79.868146939030055, 6.83148258755142 ], [ 79.867874050547073, 6.83149570955942 ], [ 79.867870428077879, 6.831608202156872 ], [ 79.868119433265292, 6.831598717007239 ], [ 79.868119479130712, 6.831574581002144 ], [ 79.868627838903706, 6.831568810052602 ], [ 79.868634519967202, 6.831568733610197 ], [ 79.868632503687138, 6.831602732480178 ], [ 79.86860985965734, 6.831984594513472 ], [ 79.868498076624974, 6.831987539793204 ], [ 79.868486718187569, 6.832171862141763 ], [ 79.86848279264683, 6.832444580652918 ], [ 79.868456012634908, 6.832847630713616 ], [ 79.868493490981905, 6.832847700860782 ], [ 79.868758495108523, 6.832854220046272 ], [ 79.868945210553079, 6.832854572580516 ], [ 79.868957483601037, 6.832734193828003 ], [ 79.868940345220835, 6.832240517286095 ], [ 79.868934821584787, 6.831975624675408 ], [ 79.868931809755281, 6.83160011455368 ], [ 79.868930379833216, 6.831421812266854 ] ] ] ] } },
{ "type": "Feature", "properties": { "Sub_class": "Low Rise", "NAME": null, "Land_Exten": 0.50988138197499999, "Main_C": "Residential", "Domain": "Built-up", "Area_m2": 5100.919 }, "geometry": { "type": "MultiPolygon", "coordinates": [ [ [ [ 79.867897206291104, 6.832846576708221 ], [ 79.868404014733528, 6.832847532687538 ], [ 79.868444983349377, 6.831988939138284 ], [ 79.868030253793222, 6.831999865901139 ], [ 79.868033186482421, 6.832116462105091 ], [ 79.868032980537691, 6.832225551667932 ], [ 79.867971586519559, 6.832225436554722 ], [ 79.867968027902236, 6.832303838551354 ], [ 79.867797501153802, 6.832296698833659 ], [ 79.867787082507903, 6.832395542420386 ], [ 79.868063382119431, 6.832382426707682 ], [ 79.868070029907983, 6.832474484909596 ], [ 79.86796770594492, 6.832474291555343 ], [ 79.86797409023211, 6.832706120591013 ], [ 79.867701214339604, 6.832712423939256 ], [ 79.867706988886482, 6.832851220807242 ], [ 79.867897206291104, 6.832846576708221 ] ] ] ] } },
{ "type": "Feature", "properties": { "Sub_class": "Other higher edu.", "NAME": "BCAS Mount Campus", "Land_Exten": 0.286202261357, "Main_C": "Institutional", "Domain": "Built-up", "Area_m2": 2863.203 }, "geometry": { "type": "MultiPolygon", "coordinates": [ [ [ [ 79.867875078472139, 6.830074589170977 ], [ 79.867392876380222, 6.829991908200043 ], [ 79.867286558527894, 6.830496546578388 ], [ 79.867415406196073, 6.830528388874086 ], [ 79.867687773971625, 6.830571068000438 ], [ 79.867875078472139, 6.830074589170977 ] ] ] ] } },
{ "type": "Feature", "properties": { "Sub_class": "Low Rise", "NAME": null, "Land_Exten": 0.29106284923100001, "Main_C": "Residential", "Domain": "Built-up", "Area_m2": 2911.828 }, "geometry": { "type": "MultiPolygon", "coordinates": [ [ [ [ 79.867095212474112, 6.829955192478224 ], [ 79.867083397181091, 6.830002053452063 ], [ 79.867068379402269, 6.830192489391948 ], [ 79.867059418557403, 6.830280379236171 ], [ 79.867047552902307, 6.830353611929695 ], [ 79.867026860401324, 6.830444410181428 ], [ 79.867006155309866, 6.830541067516322 ], [ 79.866991386643235, 6.830599643958465 ], [ 79.866976583802341, 6.830675802146573 ], [ 79.866979994930887, 6.83068471442806 ], [ 79.866998863606739, 6.830691524993938 ], [ 79.867207813889536, 6.830744935730252 ], [ 79.867339862244876, 6.830757908450778 ], [ 79.867413819792034, 6.830529975278182 ], [ 79.867311939194678, 6.830506064103645 ], [ 79.867284972123798, 6.830498132982484 ], [ 79.867391289976126, 6.829993494604139 ], [ 79.867153857264782, 6.829949443112355 ], [ 79.867095212474112, 6.829955192478224 ] ] ] ] } },
{ "type": "Feature", "properties": { "Sub_class": "Retail", "NAME": null, "Land_Exten": 0.078243339445000004, "Main_C": "Commercial", "Domain": "Built-up", "Area_m2": 782.756 }, "geometry": { "type": "MultiPolygon", "coordinates": [ [ [ [ 79.867466738599148, 6.830770373054349 ], [ 79.867622710719559, 6.830789378427141 ], [ 79.867686187567585, 6.830572654404534 ], [ 79.867413819792034, 6.830529975278182 ], [ 79.867339862244876, 6.830757908450778 ], [ 79.867466738599148, 6.830770373054349 ] ] ] ] } },
{ "type": "Feature", "properties": { "Sub_class": "Retail", "NAME": null, "Land_Exten": 0.083526464251899996, "Main_C": "Commercial", "Domain": "Built-up", "Area_m2": 835.609 }, "geometry": { "type": "MultiPolygon", "coordinates": [ [ [ [ 79.867615418117111, 6.830837343768451 ], [ 79.86749196817982, 6.830816539751538 ], [ 79.86730674830784, 6.830809332584693 ], [ 79.867306031548196, 6.83080920488095 ], [ 79.867278007773905, 6.83104799646793 ], [ 79.86754772794535, 6.831054774658185 ], [ 79.867615418117111, 6.830837343768451 ] ] ] ] } },
{ "type": "Feature", "properties": { "Sub_class": "Retail", "NAME": null, "Land_Exten": 0.055957867612099997, "Main_C": "Commercial", "Domain": "Built-up", "Area_m2": 559.809 }, "geometry": { "type": "MultiPolygon", "coordinates": [ [ [ [ 79.866935152035694, 6.831545389907888 ], [ 79.867014765419128, 6.831547233518052 ], [ 79.867018228708332, 6.831344095553618 ], [ 79.866789706479835, 6.831343663879011 ], [ 79.866789326066623, 6.831545114715311 ], [ 79.866935152035694, 6.831545389907888 ] ] ] ] } },
{ "type": "Feature", "properties": { "Sub_class": "Retail", "NAME": null, "Land_Exten": 0.07073064504, "Main_C": "Commercial", "Domain": "Built-up", "Area_m2": 707.598 }, "geometry": { "type": "MultiPolygon", "coordinates": [ [ [ [ 79.867219718215495, 6.831577042446611 ], [ 79.867322013400269, 6.831572790451958 ], [ 79.86740652808885, 6.831564059833568 ], [ 79.867434871122441, 6.831560067742998 ], [ 79.86743568590822, 6.831556995658843 ], [ 79.867471633609057, 6.831359526121275 ], [ 79.867188767147923, 6.831344417510934 ], [ 79.867188348963168, 6.83156591063829 ], [ 79.867219718215495, 6.831577042446611 ] ] ] ] } },
{ "type": "Feature", "properties": { "Sub_class": "Government", "NAME": null, "Land_Exten": 0.024057661966699999, "Main_C": "Institutional", "Domain": "Built-up", "Area_m2": 240.676 }, "geometry": { "type": "MultiPolygon", "coordinates": [ [ [ [ 79.866930393722726, 6.831709848031096 ], [ 79.867046131973495, 6.831652280628305 ], [ 79.867108460387215, 6.831616838346463 ], [ 79.866903895198675, 6.831612007188426 ], [ 79.86684207580123, 6.831609601501953 ], [ 79.866833318203135, 6.831728972114433 ], [ 79.866914719438796, 6.831729125898505 ], [ 79.866930393722726, 6.831709848031096 ] ] ] ] } },
{ "type": "Feature", "properties": { "Sub_class": "Low Rise", "NAME": null, "Land_Exten": 0.17008127695299999, "Main_C": "Residential", "Domain": "Built-up", "Area_m2": 1701.514 }, "geometry": { "type": "MultiPolygon", "coordinates": [ [ [ [ 79.867039374467595, 6.832108966255817 ], [ 79.867034616154683, 6.831974130002152 ], [ 79.867110759054356, 6.831975716406248 ], [ 79.867111556753002, 6.831893133461392 ], [ 79.867186356065531, 6.831894417693263 ], [ 79.867194368125638, 6.83177775493948 ], [ 79.867384810360761, 6.83178400163041 ], [ 79.86740113755252, 6.831687214793192 ], [ 79.867417895519509, 6.831624049110644 ], [ 79.867317448441554, 6.831635012745664 ], [ 79.867192908525965, 6.831643667821083 ], [ 79.867095035307671, 6.831661263056901 ], [ 79.866948073494825, 6.831767667244094 ], [ 79.866841087446289, 6.831900816369625 ], [ 79.866800733966784, 6.832074096842121 ], [ 79.866793585255834, 6.832108598433138 ], [ 79.867039374467595, 6.832108966255817 ] ] ] ] } },
{ "type": "Feature", "properties": { "Sub_class": "Retail", "NAME": null, "Land_Exten": 0.026865902003, "Main_C": "Commercial", "Domain": "Built-up", "Area_m2": 268.77 }, "geometry": { "type": "MultiPolygon", "coordinates": [ [ [ [ 79.866738729308963, 6.832217497339684 ], [ 79.866765181068331, 6.832060694245683 ], [ 79.866765313268672, 6.832059524227702 ], [ 79.866614403432038, 6.832059239142609 ], [ 79.866604432648501, 6.832208353033138 ], [ 79.866738729308963, 6.832217497339684 ] ] ] ] } },
{ "type": "Feature", "properties": { "Sub_class": "Retail", "NAME": null, "Land_Exten": 0.30448422781899998, "Main_C": "Commercial", "Domain": "Built-up", "Area_m2": 3046.097 }, "geometry": { "type": "MultiPolygon", "coordinates": [ [ [ [ 79.867276120096903, 6.832496111806165 ], [ 79.867317879216785, 6.832180766329373 ], [ 79.867384810360761, 6.83178400163041 ], [ 79.867194368125638, 6.83177775493948 ], [ 79.867186356065531, 6.831894417693263 ], [ 79.867111556753002, 6.831893133461392 ], [ 79.867110759054356, 6.831975716406248 ], [ 79.867034616154683, 6.831974130002152 ], [ 79.867039374467595, 6.832108966255817 ], [ 79.866793585255834, 6.832108598433138 ], [ 79.866755431518015, 6.832335015348747 ], [ 79.867043659737192, 6.832325957377066 ], [ 79.867040206340505, 6.832525802024179 ], [ 79.867235701866207, 6.832532757380875 ], [ 79.867273969817916, 6.832509906507028 ], [ 79.867276120096903, 6.832496111806165 ] ] ] ] } },
{ "type": "Feature", "properties": { "Sub_class": "Low Rise", "NAME": null, "Land_Exten": 1.5957076879500001, "Main_C": "Residential", "Domain": "Built-up", "Area_m2": 15963.637 }, "geometry": { "type": "MultiPolygon", "coordinates": [ [ [ [ 79.866614879173369, 6.832059239142609 ], [ 79.866765789010003, 6.832059524227702 ], [ 79.86677470309013, 6.831980700449037 ], [ 79.866788374583905, 6.831930325823919 ], [ 79.866806052557365, 6.831865188827464 ], [ 79.866855089890521, 6.831803051069983 ], [ 79.866915195180184, 6.831729125898505 ], [ 79.866833794843842, 6.831728972114433 ], [ 79.866842552441881, 6.831609601501953 ], [ 79.866784303352972, 6.831607335210379 ], [ 79.866767002195445, 6.831600646952324 ], [ 79.866766513863581, 6.831607301935492 ], [ 79.866619779579196, 6.831593689796989 ], [ 79.866504150146454, 6.831593471261726 ], [ 79.866474910488762, 6.831593415503789 ], [ 79.86646897766127, 6.831717566012912 ], [ 79.866591655080867, 6.831714878838625 ], [ 79.866591233298834, 6.831937914303353 ], [ 79.866458202883791, 6.831943035043082 ], [ 79.866465660062204, 6.831786991876243 ], [ 79.866425588070513, 6.83179092101426 ], [ 79.866429492027464, 6.831593330068188 ], [ 79.866392968760579, 6.831593260820398 ], [ 79.866152841680332, 6.831579472414774 ], [ 79.866014951329021, 6.831592546758657 ], [ 79.86591263096318, 6.831610133900597 ], [ 79.865796976349429, 6.831623250512678 ], [ 79.86568127227298, 6.831663036519956 ], [ 79.865636790905228, 6.8316673982319 ], [ 79.865552293303722, 6.83166723815259 ], [ 79.865476714278998, 6.831653760013069 ], [ 79.865379018227145, 6.831578009217822 ], [ 79.865267979833447, 6.831502234140828 ], [ 79.865196882130476, 6.831470984498367 ], [ 79.865085734019488, 6.831452993560845 ], [ 79.865063531556814, 6.831435171695887 ], [ 79.864943463969723, 6.83143049971784 ], [ 79.864818932148069, 6.831434708545032 ], [ 79.864721016661633, 6.831474528726574 ], [ 79.864713586462926, 6.831478224040836 ], [ 79.864648159884723, 6.831508944881932 ], [ 79.864587880126635, 6.831540670265781 ], [ 79.864539025355782, 6.831566871114262 ], [ 79.864520696273189, 6.831576385941503 ], [ 79.86441825719686, 6.831656202571764 ], [ 79.864435979237101, 6.831691796838982 ], [ 79.864475802116658, 6.831798552661098 ], [ 79.864688328103909, 6.832296799557696 ], [ 79.864714969620195, 6.832319075764758 ], [ 79.864746083465036, 6.832328024019148 ], [ 79.864848362461998, 6.832332662722251 ], [ 79.865084059481831, 6.832337554134881 ], [ 79.86531821596293, 6.832355729433402 ], [ 79.865318498350064, 6.832206788212773 ], [ 79.865468572716509, 6.832207072398546 ], [ 79.865475394074224, 6.832207084989022 ], [ 79.865475729521336, 6.832029814224597 ], [ 79.865654564206807, 6.832028474234733 ], [ 79.865827207060022, 6.832027181009664 ], [ 79.866614879173369, 6.832059239142609 ] ] ] ] } },
{ "type": "Feature", "properties": { "Sub_class": "School", "NAME": "Dharmodaya Primary College", "Land_Exten": 0.147834999725, "Main_C": "Institutional", "Domain": "Built-up", "Area_m2": 1478.958 }, "geometry": { "type": "MultiPolygon", "coordinates": [ [ [ [ 79.865809667582141, 6.832392214928802 ], [ 79.865827995765471, 6.832027232271003 ], [ 79.865476828492888, 6.83202980613072 ], [ 79.865476522723384, 6.832191077056621 ], [ 79.865475394074224, 6.832207084989022 ], [ 79.865469433367707, 6.832207074197186 ], [ 79.865463384527629, 6.832360750348414 ], [ 79.865809667582141, 6.832392214928802 ] ] ] ] } },
{ "type": "Feature", "properties": { "Sub_class": "Mixed Retail-Residential", "NAME": null, "Land_Exten": 0.337214231576, "Main_C": "Commercial", "Domain": "Built-up", "Area_m2": 3373.53 }, "geometry": { "type": "MultiPolygon", "coordinates": [ [ [ [ 79.865826731318634, 6.832027181009664 ], [ 79.865808082077365, 6.832398559645867 ], [ 79.866306355953611, 6.832459881718194 ], [ 79.866335572228934, 6.832463101291125 ], [ 79.866344474617847, 6.832311000752156 ], [ 79.866596853162321, 6.832321705382469 ], [ 79.866614403432038, 6.832059239142609 ], [ 79.865826731318634, 6.832027181009664 ] ] ] ] } },
{ "type": "Feature", "properties": { "Sub_class": "Barren Land", "NAME": null, "Land_Exten": 0.091179939054, "Main_C": "Barren Land", "Domain": "Non Built-up", "Area_m2": 912.175 }, "geometry": { "type": "MultiPolygon", "coordinates": [ [ [ [ 79.866604432648501, 6.832208353033138 ], [ 79.866596853162321, 6.832321705382469 ], [ 79.866344474617847, 6.832311000752156 ], [ 79.866335572228934, 6.832463101291125 ], [ 79.866662871494384, 6.832499166803132 ], [ 79.866697690546061, 6.832473956108231 ], [ 79.866724701683665, 6.832300650454727 ], [ 79.866738729308963, 6.832217497339684 ], [ 79.866604432648501, 6.832208353033138 ] ] ] ] } },
{ "type": "Feature", "properties": { "Sub_class": "Government", "NAME": "Post Office", "Land_Exten": 0.089181246830999997, "Main_C": "Institutional", "Domain": "Built-up", "Area_m2": 892.18 }, "geometry": { "type": "MultiPolygon", "coordinates": [ [ [ [ 79.866537143574362, 6.832709240339227 ], [ 79.866526056732198, 6.832588585494875 ], [ 79.866403985455634, 6.832571192606508 ], [ 79.866151611407815, 6.832550798680472 ], [ 79.866145810780608, 6.832753805343884 ], [ 79.866533376314351, 6.832761103342307 ], [ 79.866537143574362, 6.832709240339227 ] ] ] ] } },
{ "type": "Feature", "properties": { "Sub_class": "Retail", "NAME": null, "Land_Exten": 0.21249274314700001, "Main_C": "Commercial", "Domain": "Built-up", "Area_m2": 2125.802 }, "geometry": { "type": "MultiPolygon", "coordinates": [ [ [ [ 79.866538134627262, 6.832763482948451 ], [ 79.86615056999284, 6.832756184950028 ], [ 79.866150782232864, 6.832827324921141 ], [ 79.866123697350815, 6.833238472477547 ], [ 79.866355118993624, 6.833246093332605 ], [ 79.86636460504252, 6.833151862368595 ], [ 79.866520814583964, 6.833161240498896 ], [ 79.866538134627262, 6.832763482948451 ] ] ] ] } },
{ "type": "Feature", "properties": { "Sub_class": "Under Construction", "NAME": null, "Land_Exten": 0.017972806485799998, "Main_C": "Under Construction", "Domain": "Built-up", "Area_m2": 179.802 }, "geometry": { "type": "MultiPolygon", "coordinates": [ [ [ [ 79.86636460504252, 6.833151862368595 ], [ 79.866355118993624, 6.833246093332605 ], [ 79.866516887244586, 6.833251420916383 ], [ 79.866520814583964, 6.833161240498896 ], [ 79.86636460504252, 6.833151862368595 ] ] ] ] } },
{ "type": "Feature", "properties": { "Sub_class": "Temple/Shrine", "NAME": "Sri Rajapushparama Viharaya", "Land_Exten": 0.18450342703299999, "Main_C": "Cultural", "Domain": "Built-up", "Area_m2": 1845.793 }, "geometry": { "type": "MultiPolygon", "coordinates": [ [ [ [ 79.865992471875131, 6.833310893982627 ], [ 79.866007120032634, 6.83323122394188 ], [ 79.866007278313305, 6.833231231136438 ], [ 79.865994891051457, 6.833200109197719 ], [ 79.865473053138942, 6.833192304881038 ], [ 79.86547592197627, 6.833478672402862 ], [ 79.86600458214582, 6.833486490209395 ], [ 79.86600153794069, 6.833311040572141 ], [ 79.865992471875131, 6.833310893982627 ] ] ] ] } },
{ "type": "Feature", "properties": { "Sub_class": "Temple/Shrine", "NAME": "Buddhist Vinayawardhana Organization", "Land_Exten": 0.059828599970900002, "Main_C": "Cultural", "Domain": "Built-up", "Area_m2": 598.532 }, "geometry": { "type": "MultiPolygon", "coordinates": [ [ [ [ 79.866695851432439, 6.834080975356756 ], [ 79.866383416161796, 6.834090143045728 ], [ 79.866387181623168, 6.834231224191683 ], [ 79.866389849911684, 6.834240623905714 ], [ 79.866610278241808, 6.834241040291829 ], [ 79.866610173920435, 6.834247058554979 ], [ 79.866702318457271, 6.834239962004688 ], [ 79.866695851432439, 6.834080975356756 ] ] ] ] } },
{ "type": "Feature", "properties": { "Sub_class": "Barren Land", "NAME": null, "Land_Exten": 0.074120733357700003, "Main_C": "Barren Land", "Domain": "Non Built-up", "Area_m2": 741.512 }, "geometry": { "type": "MultiPolygon", "coordinates": [ [ [ [ 79.865731850144812, 6.8340778016493 ], [ 79.865727735746475, 6.834052833771295 ], [ 79.865464470009329, 6.834075647772977 ], [ 79.865471292266363, 6.834292558854543 ], [ 79.865755820674622, 6.834275544580748 ], [ 79.865731850144812, 6.8340778016493 ] ] ] ] } },
{ "type": "Feature", "properties": { "Sub_class": "Bus Terminus", "NAME": "Galkissa", "Land_Exten": 0.066917953954899995, "Main_C": "Transport", "Domain": "Built-up", "Area_m2": 669.455 }, "geometry": { "type": "MultiPolygon", "coordinates": [ [ [ [ 79.86674671978534, 6.832416263699656 ], [ 79.86675104912166, 6.832478502181175 ], [ 79.866759919135006, 6.832491853516274 ], [ 79.866777291338963, 6.832511774398938 ], [ 79.866839919226948, 6.83251867489696 ], [ 79.867040206340505, 6.832525802024179 ], [ 79.867043659737192, 6.832325957377066 ], [ 79.867038154087595, 6.832326130946228 ], [ 79.866755431518015, 6.832335015348747 ], [ 79.86674671978534, 6.832416263699656 ] ] ] ] } },
{ "type": "Feature", "properties": { "Sub_class": "Parking", "NAME": null, "Land_Exten": 0.060960932888400002, "Main_C": "Transport", "Domain": "Built-up", "Area_m2": 609.861 }, "geometry": { "type": "MultiPolygon", "coordinates": [ [ [ [ 79.867239430455413, 6.832684211307367 ], [ 79.867244409102227, 6.832604963947972 ], [ 79.867131780707155, 6.832595446422772 ], [ 79.866690787350024, 6.832560547331468 ], [ 79.866603378643049, 6.83259960218993 ], [ 79.866586206088584, 6.832633767434459 ], [ 79.867239430455413, 6.832684211307367 ] ] ] ] } },
{ "type": "Feature", "properties": { "Sub_class": "Retail", "NAME": null, "Land_Exten": 0.38993469864199998, "Main_C": "Commercial", "Domain": "Built-up", "Area_m2": 3900.954 }, "geometry": { "type": "MultiPolygon", "coordinates": [ [ [ [ 79.866593448329013, 6.832630162951716 ], [ 79.866593372785985, 6.832670168393577 ], [ 79.866568676503277, 6.83297323632587 ], [ 79.866711330563533, 6.832979043248315 ], [ 79.866902981487442, 6.832986844867037 ], [ 79.866902641543732, 6.833166780322699 ], [ 79.866902414914591, 6.833286842513814 ], [ 79.867240691304914, 6.833290795933522 ], [ 79.867241694048971, 6.832759854183962 ], [ 79.867246672695842, 6.832680607723944 ], [ 79.866593448329013, 6.832630162951716 ] ] ] ] } },
{ "type": "Feature", "properties": { "Sub_class": "Under Construction", "NAME": null, "Land_Exten": 0.043590229531699998, "Main_C": "Under Construction", "Domain": "Built-up", "Area_m2": 436.082 }, "geometry": { "type": "MultiPolygon", "coordinates": [ [ [ [ 79.866903004869812, 6.832986260307734 ], [ 79.866711353046583, 6.832978458688956 ], [ 79.866702508214246, 6.833162455482977 ], [ 79.866902664026782, 6.833166195763397 ], [ 79.866903004869812, 6.832986260307734 ] ] ] ] } },
{ "type": "Feature", "properties": { "Sub_class": "Retail", "NAME": null, "Land_Exten": 0.25330416523900001, "Main_C": "Commercial", "Domain": "Built-up", "Area_m2": 2534.087 }, "geometry": { "type": "MultiPolygon", "coordinates": [ [ [ [ 79.86765587591799, 6.833202741513333 ], [ 79.86765977447908, 6.833314008334867 ], [ 79.867919520269709, 6.833310663756151 ], [ 79.867935383411293, 6.833152032340479 ], [ 79.867792616036468, 6.833171861492247 ], [ 79.867792616036468, 6.833080648653038 ], [ 79.868086082806542, 6.833072717531934 ], [ 79.868080847852923, 6.832880033286983 ], [ 79.867861022068553, 6.832870588606852 ], [ 79.867689769567278, 6.832885477782611 ], [ 79.867589938524873, 6.832894157139663 ], [ 79.86751765011951, 6.832900041403832 ], [ 79.867475488103366, 6.832899961364149 ], [ 79.867433304503436, 6.832911922347364 ], [ 79.867429722503744, 6.833215578436239 ], [ 79.86765587591799, 6.833202741513333 ] ] ] ] } },
{ "type": "Feature", "properties": { "Sub_class": "Banks", "NAME": "National Savings Bank", "Land_Exten": 0.037597861499199997, "Main_C": "Commercial", "Domain": "Built-up", "Area_m2": 376.134 }, "geometry": { "type": "MultiPolygon", "coordinates": [ [ [ [ 79.86765587591799, 6.833202741513333 ], [ 79.867429722503744, 6.833215578436239 ], [ 79.867428243118979, 6.833341016774568 ], [ 79.867570157037164, 6.833344500748183 ], [ 79.867658197068181, 6.833344500748183 ], [ 79.86765977447908, 6.833314008334867 ], [ 79.86765587591799, 6.833202741513333 ] ] ] ] } },
{ "type": "Feature", "properties": { "Sub_class": "Retail", "NAME": null, "Land_Exten": 0.025418274672900001, "Main_C": "Commercial", "Domain": "Built-up", "Area_m2": 254.288 }, "geometry": { "type": "MultiPolygon", "coordinates": [ [ [ [ 79.867428243118979, 6.833341016774568 ], [ 79.867426474152523, 6.833490973329788 ], [ 79.867570346794139, 6.833485714094479 ], [ 79.867570157037164, 6.833344500748183 ], [ 79.867428243118979, 6.833341016774568 ] ] ] ] } },
{ "type": "Feature", "properties": { "Sub_class": "High Rise", "NAME": null, "Land_Exten": 0.0250395002359, "Main_C": "Residential", "Domain": "Built-up", "Area_m2": 250.498 }, "geometry": { "type": "MultiPolygon", "coordinates": [ [ [ [ 79.866525226657927, 6.833634337854448 ], [ 79.866517792861885, 6.833665041608413 ], [ 79.866716765166643, 6.833663446211119 ], [ 79.866714385560499, 6.833556371129646 ], [ 79.866528810456316, 6.833556481746257 ], [ 79.866525226657927, 6.833634337854448 ] ] ] ] } },
{ "type": "Feature", "properties": { "Sub_class": "Low Rise", "NAME": null, "Land_Exten": 0.56184500408299998, "Main_C": "Residential", "Domain": "Built-up", "Area_m2": 5620.765 }, "geometry": { "type": "MultiPolygon", "coordinates": [ [ [ [ 79.866714385560499, 6.833556371129646 ], [ 79.866716765166643, 6.833663446211119 ], [ 79.866517792861885, 6.833665041608413 ], [ 79.866498332432172, 6.833745413120369 ], [ 79.866444612329076, 6.833932003559141 ], [ 79.86639095877581, 6.834083033005641 ], [ 79.866391045110674, 6.834086263370409 ], [ 79.866703480381375, 6.834077094782174 ], [ 79.866709948305527, 6.834236082329369 ], [ 79.866709998667545, 6.834237334185673 ], [ 79.866839608960845, 6.834237578801265 ], [ 79.866846276534488, 6.834319409013574 ], [ 79.867049486444728, 6.834316668779309 ], [ 79.867045421509033, 6.834029871381517 ], [ 79.866991486468009, 6.834020352956998 ], [ 79.866994659276145, 6.833737990116219 ], [ 79.8668328559516, 6.833709436641243 ], [ 79.866820165618208, 6.833458800083633 ], [ 79.866918516376472, 6.833417556275265 ], [ 79.866902801623041, 6.833286565522656 ], [ 79.866903028252182, 6.83316650423086 ], [ 79.866702872439646, 6.833162763051121 ], [ 79.866711717271983, 6.832978767156419 ], [ 79.866569063211728, 6.832972959334654 ], [ 79.866561889319769, 6.833060995768392 ], [ 79.866553584080691, 6.833159973354157 ], [ 79.866539140069335, 6.833332100895802 ], [ 79.866528810456316, 6.833556481746257 ], [ 79.866714385560499, 6.833556371129646 ] ] ] ] } },
{ "type": "Feature", "properties": { "Sub_class": "Retail", "NAME": null, "Land_Exten": 0.36973719990699999, "Main_C": "Commercial", "Domain": "Built-up", "Area_m2": 3698.896 }, "geometry": { "type": "MultiPolygon", "coordinates": [ [ [ [ 79.866918516376472, 6.833417556275265 ], [ 79.866820165618208, 6.833458800083633 ], [ 79.8668328559516, 6.833709436641243 ], [ 79.866994659276145, 6.833737990116219 ], [ 79.866991486468009, 6.834020352956998 ], [ 79.867045421509033, 6.834029871381517 ], [ 79.867049486444728, 6.834316668779309 ], [ 79.86725269635491, 6.834313927645667 ], [ 79.867240525829686, 6.833582422690711 ], [ 79.867241078013421, 6.833290518942363 ], [ 79.866902801623041, 6.833286565522656 ], [ 79.866918516376472, 6.833417556275265 ] ] ] ] } },
{ "type": "Feature", "properties": { "Sub_class": "Barren Land", "NAME": null, "Land_Exten": 0.058656055359400001, "Main_C": "Barren Land", "Domain": "Non Built-up", "Area_m2": 586.803 }, "geometry": { "type": "MultiPolygon", "coordinates": [ [ [ [ 79.868999488235829, 6.832495852801401 ], [ 79.86898915952213, 6.832562119346392 ], [ 79.868988664895028, 6.832578376390984 ], [ 79.869229511432877, 6.832575532734722 ], [ 79.869226486113519, 6.832370981935298 ], [ 79.868993295504254, 6.832370543066133 ], [ 79.868999488235829, 6.832495852801401 ] ] ] ] } },
{ "type": "Feature", "properties": { "Sub_class": "Retail", "NAME": null, "Land_Exten": 0.019768580095100002, "Main_C": "Commercial", "Domain": "Built-up", "Area_m2": 197.768 }, "geometry": { "type": "MultiPolygon", "coordinates": [ [ [ [ 79.86898372222106, 6.832740571819954 ], [ 79.868978437804742, 6.832837441394872 ], [ 79.868993703796434, 6.832857865897836 ], [ 79.869112713780794, 6.832853134564573 ], [ 79.869109837748852, 6.832732125387338 ], [ 79.868984080151222, 6.832728822177444 ], [ 79.86898372222106, 6.832740571819954 ] ] ] ] } },
{ "type": "Feature", "properties": { "Sub_class": "Retail", "NAME": null, "Land_Exten": 0.036510288956299999, "Main_C": "Commercial", "Domain": "Built-up", "Area_m2": 365.254 }, "geometry": { "type": "MultiPolygon", "coordinates": [ [ [ [ 79.869557011247139, 6.832996205910206 ], [ 79.869583419838989, 6.833007880009689 ], [ 79.869583789460364, 6.83281142670603 ], [ 79.869392785148989, 6.832811066977229 ], [ 79.869395290660179, 6.832931197516814 ], [ 79.869557011247139, 6.832996205910206 ] ] ] ] } },
{ "type": "Feature", "properties": { "Sub_class": "Retail", "NAME": null, "Land_Exten": 0.031184954746099999, "Main_C": "Commercial", "Domain": "Built-up", "Area_m2": 311.979 }, "geometry": { "type": "MultiPolygon", "coordinates": [ [ [ [ 79.86928218472508, 6.833023768332282 ], [ 79.869306333320708, 6.832993713888811 ], [ 79.869276366111478, 6.832915396428461 ], [ 79.869234238269541, 6.832897257102786 ], [ 79.869149639943998, 6.832897097922796 ], [ 79.869149322483281, 6.833065760376599 ], [ 79.869245415943226, 6.833115934452849 ], [ 79.86928218472508, 6.833023768332282 ] ] ] ] } },
{ "type": "Feature", "properties": { "Sub_class": "Retail", "NAME": null, "Land_Exten": 0.0770503642466, "Main_C": "Commercial", "Domain": "Built-up", "Area_m2": 770.823 }, "geometry": { "type": "MultiPolygon", "coordinates": [ [ [ [ 79.869273660950739, 6.8331898245508 ], [ 79.86922698163994, 6.833318426704068 ], [ 79.869614050747884, 6.83344036937757 ], [ 79.869648939047352, 6.833312306817561 ], [ 79.86929101876558, 6.833146687669569 ], [ 79.869273660950739, 6.8331898245508 ] ] ] ] } },
{ "type": "Feature", "properties": { "Sub_class": "Low Rise", "NAME": null, "Land_Exten": 0.188263092006, "Main_C": "Residential", "Domain": "Built-up", "Area_m2": 1883.41 }, "geometry": { "type": "MultiPolygon", "coordinates": [ [ [ [ 79.869160841899372, 6.833500646437756 ], [ 79.869065835719823, 6.833768911506127 ], [ 79.869393678175754, 6.833794418977277 ], [ 79.869402609343013, 6.833630699197442 ], [ 79.869402674094204, 6.83359622818341 ], [ 79.869562117597695, 6.833630999571028 ], [ 79.869614050747884, 6.83344036937757 ], [ 79.86922698163994, 6.833318426704068 ], [ 79.869160841899372, 6.833500646437756 ] ] ] ] } },
{ "type": "Feature", "properties": { "Sub_class": "Low Rise", "NAME": null, "Land_Exten": 2.96491780768, "Main_C": "Residential", "Domain": "Built-up", "Area_m2": 29661.428 }, "geometry": { "type": "MultiPolygon", "coordinates": [ [ [ [ 79.868734503894302, 6.835199786840747 ], [ 79.868841931509962, 6.835203147607217 ], [ 79.868833058798657, 6.834834958866281 ], [ 79.86886353772212, 6.834642374446048 ], [ 79.868881925260723, 6.834473847789866 ], [ 79.868918562741555, 6.834209034319542 ], [ 79.868979316442335, 6.833932225691683 ], [ 79.869002032417939, 6.833853324571294 ], [ 79.869052070696569, 6.833679520693352 ], [ 79.869054980902717, 6.833669699197287 ], [ 79.869142995752725, 6.833372669313292 ], [ 79.869245415943226, 6.833115934452849 ], [ 79.869149322483281, 6.833065760376599 ], [ 79.869149639943998, 6.832897097922796 ], [ 79.868860807380429, 6.832896553832938 ], [ 79.868300672737917, 6.832889477967058 ], [ 79.868080847852923, 6.832880033286983 ], [ 79.868086082806542, 6.833072717531934 ], [ 79.867792616036468, 6.833080648653038 ], [ 79.867792616036468, 6.833171861492247 ], [ 79.867935383411293, 6.833152032340479 ], [ 79.867919520269709, 6.833310663756151 ], [ 79.86765977447908, 6.833314008334867 ], [ 79.867658197068181, 6.833344500748183 ], [ 79.867570157037164, 6.833344500748183 ], [ 79.867570346794139, 6.833485714094479 ], [ 79.867714219435754, 6.833480454859171 ], [ 79.867989959668932, 6.833476530217752 ], [ 79.868034423949553, 6.833481059203564 ], [ 79.868069976848005, 6.833494461800001 ], [ 79.868141058363221, 6.833534601240899 ], [ 79.868136493404506, 6.833596822635286 ], [ 79.868388036478734, 6.833571875441748 ], [ 79.868405881726119, 6.833928794778103 ], [ 79.867914622561841, 6.833952608825882 ], [ 79.867914274524196, 6.834136727028351 ], [ 79.867924524097589, 6.834756913001172 ], [ 79.867726571624019, 6.834760344814129 ], [ 79.867714605244885, 6.835049479549866 ], [ 79.867817405848655, 6.835038259608041 ], [ 79.867824025758239, 6.83515447809674 ], [ 79.867934945441448, 6.835188448188376 ], [ 79.868217929713751, 6.835243162042332 ], [ 79.868440716066232, 6.835279702396406 ], [ 79.868567156249298, 6.835304020963861 ], [ 79.868681550013605, 6.835328317048265 ], [ 79.868730686272215, 6.835328409678425 ], [ 79.868734503894302, 6.835199786840747 ] ] ] ] } },
{ "type": "Feature", "properties": { "Sub_class": "Retail", "NAME": null, "Land_Exten": 1.0704121760700001, "Main_C": "Commercial", "Domain": "Built-up", "Area_m2": 10708.539 }, "geometry": { "type": "MultiPolygon", "coordinates": [ [ [ [ 79.867817405848655, 6.835038259608041 ], [ 79.867714605244885, 6.835049479549866 ], [ 79.867726571624019, 6.834760344814129 ], [ 79.867924524097589, 6.834756913001172 ], [ 79.867914274524196, 6.834136727028351 ], [ 79.867914622561841, 6.833952608825882 ], [ 79.868405881726119, 6.833928794778103 ], [ 79.868388036478734, 6.833571875441748 ], [ 79.868136493404506, 6.833596822635286 ], [ 79.868092087579839, 6.833561178905313 ], [ 79.86804766466804, 6.833534424973777 ], [ 79.867972061361627, 6.833534281981599 ], [ 79.867634050271249, 6.833542534160699 ], [ 79.86753018846747, 6.833549035359738 ], [ 79.867426064960966, 6.833555551847269 ], [ 79.867424961492816, 6.834139996963358 ], [ 79.867442132248641, 6.834615613319954 ], [ 79.867447244894493, 6.835097227255289 ], [ 79.867561683624842, 6.835097443092593 ], [ 79.86767007711245, 6.835109687362205 ], [ 79.867796493913147, 6.835146046053239 ], [ 79.867824025758239, 6.83515447809674 ], [ 79.867817405848655, 6.835038259608041 ] ] ] ] } },
{ "type": "Feature", "properties": { "Sub_class": "Low Rise", "NAME": null, "Land_Exten": 1.6089241868, "Main_C": "Residential", "Domain": "Built-up", "Area_m2": 16095.9 }, "geometry": { "type": "MultiPolygon", "coordinates": [ [ [ [ 79.870015463143147, 6.834178135412685 ], [ 79.869959939899388, 6.834168375969796 ], [ 79.869786323979724, 6.834160818966666 ], [ 79.869547527896145, 6.834189292401959 ], [ 79.869352194248449, 6.83418892457928 ], [ 79.869239244795381, 6.834183579908313 ], [ 79.869193046621888, 6.834181394555742 ], [ 79.868961706817345, 6.834214951858598 ], [ 79.868934172274294, 6.834431794591694 ], [ 79.868924268040587, 6.834509789195465 ], [ 79.868877777587443, 6.834815636932149 ], [ 79.868877363899287, 6.835034890747636 ], [ 79.868882032279998, 6.835264350969055 ], [ 79.868871694573102, 6.835335716670045 ], [ 79.869096132980189, 6.835351436819394 ], [ 79.869422553608047, 6.835392843405032 ], [ 79.869534757523127, 6.835408351314413 ], [ 79.869559414235653, 6.83541191892499 ], [ 79.869595879945962, 6.835404181158083 ], [ 79.869704453297913, 6.835375461308558 ], [ 79.870001835716209, 6.835349604900387 ], [ 79.870002149579591, 6.835183151181525 ], [ 79.870010556442082, 6.834932055969659 ], [ 79.870014357876357, 6.834764746995518 ], [ 79.870015463143147, 6.834178135412685 ] ] ] ] } },
{ "type": "Feature", "properties": { "Sub_class": "Retail", "NAME": null, "Land_Exten": 0.0164415208356, "Main_C": "Commercial", "Domain": "Built-up", "Area_m2": 164.483 }, "geometry": { "type": "MultiPolygon", "coordinates": [ [ [ [ 79.868759850386823, 6.835328464537042 ], [ 79.868820092373426, 6.835322558689199 ], [ 79.86884423017716, 6.835298523408198 ], [ 79.868841931509962, 6.835203147607217 ], [ 79.868734503894302, 6.835199786840747 ], [ 79.868730686272215, 6.835328409678425 ], [ 79.868759850386823, 6.835328464537042 ] ] ] ] } },
{ "type": "Feature", "properties": { "Sub_class": "Retail", "NAME": null, "Land_Exten": 0.25983866114300003, "Main_C": "Commercial", "Domain": "Built-up", "Area_m2": 2599.458 }, "geometry": { "type": "MultiPolygon", "coordinates": [ [ [ [ 79.867251379747415, 6.83469718093022 ], [ 79.86724513935178, 6.834322144751241 ], [ 79.867245067405975, 6.834317807320986 ], [ 79.866838646686233, 6.834323289588212 ], [ 79.866831980011909, 6.834241459375903 ], [ 79.866702369718666, 6.834241213860992 ], [ 79.866702318457271, 6.834239962004688 ], [ 79.866610173920435, 6.834247058554979 ], [ 79.866606448029188, 6.834462623351442 ], [ 79.867060110136038, 6.834449843985169 ], [ 79.867055657592573, 6.835022472009541 ], [ 79.867124271368084, 6.835017326988122 ], [ 79.867253295303385, 6.835013778263317 ], [ 79.867251379747415, 6.83469718093022 ] ] ] ] } },
{ "type": "Feature", "properties": { "Sub_class": "Low Rise", "NAME": null, "Land_Exten": 0.440731125818, "Main_C": "Residential", "Domain": "Built-up", "Area_m2": 4409.127 }, "geometry": { "type": "MultiPolygon", "coordinates": [ [ [ [ 79.866399951996243, 6.834276219072308 ], [ 79.86643991337138, 6.834393128240322 ], [ 79.866490804207331, 6.834524661284149 ], [ 79.86653802940657, 6.834663489628383 ], [ 79.866548808680648, 6.834758436452717 ], [ 79.866541150953424, 6.834944623995227 ], [ 79.866564571098138, 6.835131368218129 ], [ 79.866585938090623, 6.835127436382152 ], [ 79.866666031712043, 6.835105362522484 ], [ 79.866781736687869, 6.835065575615886 ], [ 79.866892978328337, 6.835034670413734 ], [ 79.867055657592573, 6.835022472009541 ], [ 79.867060110136038, 6.834449843985169 ], [ 79.866606448029188, 6.834462623351442 ], [ 79.866610173920435, 6.834247058554979 ], [ 79.866610278241808, 6.834241040291829 ], [ 79.866389849911684, 6.834240623905714 ], [ 79.866399951996243, 6.834276219072308 ] ] ] ] } },
{ "type": "Feature", "properties": { "Sub_class": "Retail", "NAME": null, "Land_Exten": 0.39515083874899998, "Main_C": "Commercial", "Domain": "Built-up", "Area_m2": 3953.139 }, "geometry": { "type": "MultiPolygon", "coordinates": [ [ [ [ 79.867692307454092, 6.835918449476935 ], [ 79.867687293733695, 6.835656941015088 ], [ 79.867811861528253, 6.835648522461383 ], [ 79.867809957663496, 6.835515272611815 ], [ 79.867808345179071, 6.835476197068886 ], [ 79.867808636559403, 6.835322145001044 ], [ 79.867816193562533, 6.835199406427535 ], [ 79.867721306992792, 6.835158440509645 ], [ 79.86761343780995, 6.835130521956046 ], [ 79.867419559265329, 6.835129062356373 ], [ 79.867455251558681, 6.836183164021861 ], [ 79.867694932575148, 6.836177590023794 ], [ 79.867692307454092, 6.835918449476935 ] ] ] ] } },
{ "type": "Feature", "properties": { "Sub_class": "Retail", "NAME": null, "Land_Exten": 0.89122217485499999, "Main_C": "Commercial", "Domain": "Built-up", "Area_m2": 8915.891 }, "geometry": { "type": "MultiPolygon", "coordinates": [ [ [ [ 79.867294957296508, 6.835051478742798 ], [ 79.86710856650717, 6.835053461747918 ], [ 79.866981662273929, 6.835075273005486 ], [ 79.866823885214217, 6.835118996244717 ], [ 79.866821048752456, 6.835220024284752 ], [ 79.867039165824906, 6.835196229122744 ], [ 79.867000371769791, 6.835664575359885 ], [ 79.866999262006402, 6.835867598211109 ], [ 79.867014032471673, 6.836042366162303 ], [ 79.866975569367071, 6.836043851842362 ], [ 79.866952516145773, 6.83605218046381 ], [ 79.866967875667001, 6.836288814577188 ], [ 79.867072442539268, 6.836288512404963 ], [ 79.867076966129162, 6.836515218002944 ], [ 79.867088573678814, 6.836776474654641 ], [ 79.866844359179879, 6.836786070420885 ], [ 79.866836805774028, 6.837000667546818 ], [ 79.867053763620333, 6.837026810838722 ], [ 79.867149694303009, 6.837032803920806 ], [ 79.867199309000966, 6.83747854120179 ], [ 79.867247136746016, 6.837502583677349 ], [ 79.867355604877332, 6.837500579987818 ], [ 79.867294957296508, 6.835051478742798 ] ] ] ] } },
{ "type": "Feature", "properties": { "Sub_class": "Retail", "NAME": null, "Land_Exten": 0.0580737724195, "Main_C": "Commercial", "Domain": "Built-up", "Area_m2": 580.977 }, "geometry": { "type": "MultiPolygon", "coordinates": [ [ [ [ 79.867713502676054, 6.836214156458198 ], [ 79.867566725224265, 6.836222770164738 ], [ 79.867479257162017, 6.836224756767137 ], [ 79.867486871721837, 6.8363408745318 ], [ 79.86749448897956, 6.836419245951504 ], [ 79.867767648158519, 6.83636371731177 ], [ 79.867750665360973, 6.836212458538171 ], [ 79.867713502676054, 6.836214156458198 ] ] ] ] } },
{ "type": "Feature", "properties": { "Sub_class": "Low Rise", "NAME": null, "Land_Exten": 0.36833776168, "Main_C": "Residential", "Domain": "Built-up", "Area_m2": 3684.895 }, "geometry": { "type": "MultiPolygon", "coordinates": [ [ [ [ 79.866246948537878, 6.836742541435171 ], [ 79.866301057148121, 6.8369281902838 ], [ 79.866836805774028, 6.837000667546818 ], [ 79.866844359179879, 6.836786070420885 ], [ 79.867088573678814, 6.836776474654641 ], [ 79.867085676063141, 6.836613025570728 ], [ 79.867076966129162, 6.836515218002944 ], [ 79.867072442539268, 6.836288512404963 ], [ 79.866992895705607, 6.83628836221817 ], [ 79.866770522141962, 6.836292386684363 ], [ 79.866770328787709, 6.836394622513865 ], [ 79.866819249209016, 6.836394715144024 ], [ 79.866818744689397, 6.836661416291349 ], [ 79.866232875946537, 6.836672178478295 ], [ 79.866246948537878, 6.836742541435171 ] ] ] ] } },
{ "type": "Feature", "properties": { "Sub_class": "Retail", "NAME": null, "Land_Exten": 0.336171947847, "Main_C": "Commercial", "Domain": "Built-up", "Area_m2": 3363.107 }, "geometry": { "type": "MultiPolygon", "coordinates": [ [ [ [ 79.868037240626222, 6.837061851123565 ], [ 79.867992031706933, 6.836845319555891 ], [ 79.867846883826701, 6.83684056124298 ], [ 79.867837289859096, 6.836621048422671 ], [ 79.867784616566837, 6.836626618823459 ], [ 79.867514335218459, 6.836656684958086 ], [ 79.867513695800483, 6.836933391962532 ], [ 79.867523214225002, 6.837268895742966 ], [ 79.867773057580621, 6.837249859793246 ], [ 79.867856338399349, 6.83725223939939 ], [ 79.868041492620819, 6.837231666508274 ], [ 79.868037240626222, 6.837061851123565 ] ] ] ] } },
{ "type": "Feature", "properties": { "Sub_class": "Playground", "NAME": "Small Club Ground", "Land_Exten": 1.1961263878099999, "Main_C": "Public Space", "Domain": "Built-up", "Area_m2": 11966.193 }, "geometry": { "type": "MultiPolygon", "coordinates": [ [ [ [ 79.866338954579135, 6.837058216963214 ], [ 79.866369094458207, 6.837289817571047 ], [ 79.866397647933184, 6.837410377087281 ], [ 79.86643571893336, 6.837640391291075 ], [ 79.866497375553479, 6.838036006656409 ], [ 79.866504303930526, 6.838066485579873 ], [ 79.866651529244734, 6.838070635951112 ], [ 79.866891584379175, 6.838124430697974 ], [ 79.867113925567253, 6.838138185828655 ], [ 79.867387705278418, 6.838171383402653 ], [ 79.867355604877332, 6.837500579987818 ], [ 79.867247136746016, 6.837502583677349 ], [ 79.867199309000966, 6.83747854120179 ], [ 79.867149694303009, 6.837032803920806 ], [ 79.867093134140873, 6.837029270484493 ], [ 79.867053763620333, 6.837026810838722 ], [ 79.866791431379511, 6.836995199668763 ], [ 79.866300013934563, 6.836924609183427 ], [ 79.866338954579135, 6.837058216963214 ] ] ] ] } },
{ "type": "Feature", "properties": { "Sub_class": "Retail", "NAME": null, "Land_Exten": 0.33721769650799999, "Main_C": "Commercial", "Domain": "Built-up", "Area_m2": 3373.569 }, "geometry": { "type": "MultiPolygon", "coordinates": [ [ [ [ 79.86757995155358, 6.838179743500405 ], [ 79.867610022184806, 6.838203880404819 ], [ 79.867814796915411, 6.838210287175059 ], [ 79.867874214223662, 6.83821427297039 ], [ 79.86787471064946, 6.837951481175992 ], [ 79.86783123652242, 6.837947777767795 ], [ 79.867831708666472, 6.837697891244716 ], [ 79.867791850713388, 6.837697815701688 ], [ 79.867799262026381, 6.837610912413709 ], [ 79.867951438108435, 6.837614820867316 ], [ 79.867930135867141, 6.8373830008249 ], [ 79.867785212817353, 6.837375484291215 ], [ 79.867782167712903, 6.837298959179691 ], [ 79.867726167828437, 6.837301092371547 ], [ 79.867527359200324, 6.837324796702035 ], [ 79.867545029979226, 6.837535532139157 ], [ 79.867562542477401, 6.837830547541785 ], [ 79.8675800423851, 6.838131583006202 ], [ 79.86757995155358, 6.838179743500405 ] ] ] ] } },
{ "type": "Feature", "properties": { "Sub_class": "Temple/Shrine", "NAME": "Sri Dharmendrarama Viharaya", "Land_Exten": 0.41553456702899999, "Main_C": "Cultural", "Domain": "Built-up", "Area_m2": 4157.058 }, "geometry": { "type": "MultiPolygon", "coordinates": [ [ [ [ 79.866578903593563, 6.838398722123372 ], [ 79.866603800425082, 6.838491031236174 ], [ 79.866944185725629, 6.838528571636346 ], [ 79.867148729330438, 6.838546738840989 ], [ 79.867406454344462, 6.838567353100927 ], [ 79.86738769628522, 6.838175371895943 ], [ 79.867113915674736, 6.838142173422625 ], [ 79.866891574486658, 6.838128418291944 ], [ 79.866651520251537, 6.838074624444403 ], [ 79.866504294038009, 6.838070473173843 ], [ 79.866578903593563, 6.838398722123372 ] ] ] ] } },
{ "type": "Feature", "properties": { "Sub_class": "Retail", "NAME": null, "Land_Exten": 0.13361064090700001, "Main_C": "Commercial", "Domain": "Built-up", "Area_m2": 1336.656 }, "geometry": { "type": "MultiPolygon", "coordinates": [ [ [ [ 79.865288774857106, 6.83495403989707 ], [ 79.865336746493711, 6.834981559151686 ], [ 79.865473840945072, 6.835043531433882 ], [ 79.865645146506381, 6.835153568882163 ], [ 79.865667042300231, 6.835168218838305 ], [ 79.865678657044441, 6.835162054884961 ], [ 79.865689663846979, 6.835136518635466 ], [ 79.865715365571702, 6.835067197992828 ], [ 79.865755782003816, 6.834943139214545 ], [ 79.865776016749805, 6.834809092565592 ], [ 79.86556922573925, 6.83479536441456 ], [ 79.865564139173728, 6.834779160429946 ], [ 79.865438663063912, 6.83483858942941 ], [ 79.865273190505377, 6.834920892685091 ], [ 79.865288774857106, 6.83495403989707 ] ] ] ] } },
{ "type": "Feature", "properties": { "Sub_class": "Retail", "NAME": null, "Land_Exten": 0.082233374725599995, "Main_C": "Commercial", "Domain": "Built-up", "Area_m2": 822.672 }, "geometry": { "type": "MultiPolygon", "coordinates": [ [ [ [ 79.865828163938659, 6.835351349585153 ], [ 79.86590780070452, 6.835569303880334 ], [ 79.866104190156307, 6.835564370199563 ], [ 79.866029462789527, 6.835249400639384 ], [ 79.865896346039619, 6.835263929187022 ], [ 79.865774925872188, 6.835276817371266 ], [ 79.865828163938659, 6.835351349585153 ] ] ] ] } },
{ "type": "Feature", "properties": { "Sub_class": "Low Rise", "NAME": null, "Land_Exten": 0.15828086629099999, "Main_C": "Residential", "Domain": "Built-up", "Area_m2": 1583.46 }, "geometry": { "type": "MultiPolygon", "coordinates": [ [ [ [ 79.865509301213365, 6.835164753750462 ], [ 79.865482697468565, 6.835470343381701 ], [ 79.865569023391799, 6.83547988698723 ], [ 79.865519707268732, 6.835800343311234 ], [ 79.865571406595222, 6.835801302887887 ], [ 79.865734095751975, 6.835782484574054 ], [ 79.865847962513499, 6.835771688212901 ], [ 79.865841861512763, 6.835751853665158 ], [ 79.865756789244472, 6.835510500808994 ], [ 79.865736054475406, 6.8354516770533 ], [ 79.865699231734197, 6.835365349331482 ], [ 79.865690666591036, 6.835345270168148 ], [ 79.865607294940787, 6.835234994399514 ], [ 79.865509301213365, 6.835164753750462 ] ] ] ] } },
{ "type": "Feature", "properties": { "Sub_class": "Retail", "NAME": null, "Land_Exten": 0.0614110095307, "Main_C": "Commercial", "Domain": "Built-up", "Area_m2": 614.363 }, "geometry": { "type": "MultiPolygon", "coordinates": [ [ [ [ 79.866329235605804, 6.835390909862667 ], [ 79.866328755367817, 6.835644492599329 ], [ 79.866539015063552, 6.835623153485813 ], [ 79.866517734405988, 6.835376776117357 ], [ 79.86651779825786, 6.835375134854644 ], [ 79.866488738464568, 6.83537672125874 ], [ 79.866329235605804, 6.835390909862667 ] ] ] ] } },
{ "type": "Feature", "properties": { "Sub_class": "Low Rise", "NAME": null, "Land_Exten": 1.0418913175, "Main_C": "Residential", "Domain": "Built-up", "Area_m2": 10423.204 }, "geometry": { "type": "MultiPolygon", "coordinates": [ [ [ [ 79.865918583575819, 6.835598814233947 ], [ 79.865993139172076, 6.83578441182118 ], [ 79.866083689210939, 6.836058133975769 ], [ 79.866241737865948, 6.836055800235044 ], [ 79.866237665735753, 6.836192990913844 ], [ 79.866494965370407, 6.83619851994581 ], [ 79.86677975278343, 6.836114602407008 ], [ 79.866975569367071, 6.836043851842362 ], [ 79.867014032471673, 6.836042366162303 ], [ 79.867013908365209, 6.836040899368072 ], [ 79.866999262006402, 6.835867598211109 ], [ 79.866998477797551, 6.835688291381587 ], [ 79.867025809093889, 6.835346075061352 ], [ 79.867039165824906, 6.835196229122744 ], [ 79.866821048752456, 6.835220024284752 ], [ 79.866823885214217, 6.835118996244717 ], [ 79.866777154642023, 6.83513668770803 ], [ 79.866599187802308, 6.835176356803458 ], [ 79.866525027907755, 6.835189516583 ], [ 79.86651779825786, 6.835375134854644 ], [ 79.866517734405988, 6.835376776117357 ], [ 79.866539015063552, 6.835623153485813 ], [ 79.866328755367817, 6.835644492599329 ], [ 79.866329235605804, 6.835390909862667 ], [ 79.866488738464568, 6.83537672125874 ], [ 79.866488858973696, 6.835373633886149 ], [ 79.866495828719565, 6.835194697577265 ], [ 79.866425684297951, 6.835207144194385 ], [ 79.866238821364561, 6.835246797102059 ], [ 79.866056482021065, 6.835246451762373 ], [ 79.866029462789527, 6.835249400639384 ], [ 79.866104190156307, 6.835564370199563 ], [ 79.86590780070452, 6.835569303880334 ], [ 79.865918583575819, 6.835598814233947 ] ] ] ] } },
{ "type": "Feature", "properties": { "Sub_class": "Retail", "NAME": null, "Land_Exten": 0.0223916801118, "Main_C": "Commercial", "Domain": "Built-up", "Area_m2": 224.009 }, "geometry": { "type": "MultiPolygon", "coordinates": [ [ [ [ 79.866123808866746, 6.836190544757869 ], [ 79.866237665735753, 6.836192990913844 ], [ 79.866241737865948, 6.836055800235044 ], [ 79.866083689210939, 6.836058133975769 ], [ 79.866123808866746, 6.836190544757869 ] ] ] ] } },
{ "type": "Feature", "properties": { "Sub_class": "Mixed Retail-Residential", "NAME": null, "Land_Exten": 0.22134348161799999, "Main_C": "Commercial", "Domain": "Built-up", "Area_m2": 2214.346 }, "geometry": { "type": "MultiPolygon", "coordinates": [ [ [ [ 79.866161288113005, 6.836314238411433 ], [ 79.866181259357688, 6.83641409553411 ], [ 79.866770311700577, 6.836403512312302 ], [ 79.866770328787709, 6.836394622513865 ], [ 79.866770522141962, 6.836292386684363 ], [ 79.866967875667001, 6.836288814577188 ], [ 79.866952516145773, 6.83605218046381 ], [ 79.86677975278343, 6.836114602407008 ], [ 79.866494965370407, 6.83619851994581 ], [ 79.866237665735753, 6.836192990913844 ], [ 79.866123808866746, 6.836190544757869 ], [ 79.866161288113005, 6.836314238411433 ] ] ] ] } },
{ "type": "Feature", "properties": { "Sub_class": "University", "NAME": "ICTB Campus", "Land_Exten": 0.19407909307000001, "Main_C": "Institutional", "Domain": "Built-up", "Area_m2": 1941.59 }, "geometry": { "type": "MultiPolygon", "coordinates": [ [ [ [ 79.866232875946537, 6.836672178478295 ], [ 79.866818744689397, 6.836661416291349 ], [ 79.866819249209016, 6.836394715144024 ], [ 79.866770328787709, 6.836394622513865 ], [ 79.866770311700577, 6.836403512312302 ], [ 79.866181259357688, 6.83641409553411 ], [ 79.866232875946537, 6.836672178478295 ] ] ] ] } },
{ "type": "Feature", "properties": { "Sub_class": "School", "NAME": "S. Thomas' College Mount Lavinia", "Land_Exten": 3.7072419028699999, "Main_C": "Institutional", "Domain": "Built-up", "Area_m2": 37087.664 }, "geometry": { "type": "MultiPolygon", "coordinates": [ [ [ [ 79.866001900367451, 6.838360212254031 ], [ 79.866506564826182, 6.838410715482155 ], [ 79.866411237588579, 6.838019845839256 ], [ 79.866332066671589, 6.837696936164718 ], [ 79.866234044165878, 6.837298046367778 ], [ 79.866166292840205, 6.836963767463942 ], [ 79.866132338037005, 6.836838395675443 ], [ 79.866041834762939, 6.836481290179449 ], [ 79.865955123030574, 6.83612798881569 ], [ 79.865947791757264, 6.836103248466202 ], [ 79.865890948308675, 6.835911428469672 ], [ 79.865847962513499, 6.835771688212901 ], [ 79.865734095751975, 6.835782484574054 ], [ 79.865571406595222, 6.835801302887887 ], [ 79.865397957949483, 6.835798085113595 ], [ 79.865284380769594, 6.835795978002011 ], [ 79.865244234134138, 6.835795902458983 ], [ 79.865222189052815, 6.835795860190842 ], [ 79.865206094785492, 6.836041860743308 ], [ 79.865189490602575, 6.836040852603332 ], [ 79.865187846641845, 6.836050593160394 ], [ 79.865176132972238, 6.83621764672705 ], [ 79.865156813736007, 6.836388483741587 ], [ 79.865139315626948, 6.836504731008574 ], [ 79.865099794020352, 6.83676728088534 ], [ 79.865099100643022, 6.836771889011516 ], [ 79.865018340623976, 6.837288152026645 ], [ 79.86501438270767, 6.83737168285694 ], [ 79.864971793513519, 6.837793088979936 ], [ 79.864906524316723, 6.838153696435995 ], [ 79.86486587675887, 6.838394640100603 ], [ 79.865413258115439, 6.838473854185054 ], [ 79.865446700305029, 6.838497824714864 ], [ 79.86595373447733, 6.838532255259395 ], [ 79.865977645651867, 6.838537081920833 ], [ 79.866001900367451, 6.838360212254031 ] ] ] ] } },
{ "type": "Feature", "properties": { "Sub_class": "Parking", "NAME": null, "Land_Exten": 0.113003142197, "Main_C": "Transport", "Domain": "Built-up", "Area_m2": 1130.497 }, "geometry": { "type": "MultiPolygon", "coordinates": [ [ [ [ 79.866405042159045, 6.83857162937727 ], [ 79.866545598100913, 6.838576176349534 ], [ 79.866506564826182, 6.838410715482155 ], [ 79.866001900367451, 6.838360212254031 ], [ 79.865977924441722, 6.838535047654375 ], [ 79.866405042159045, 6.83857162937727 ] ] ] ] } },
{ "type": "Feature", "properties": { "Sub_class": "Retail", "NAME": null, "Land_Exten": 0.012794022109799999, "Main_C": "Commercial", "Domain": "Built-up", "Area_m2": 127.993 }, "geometry": { "type": "MultiPolygon", "coordinates": [ [ [ [ 79.868639319648935, 6.835364358278582 ], [ 79.868600828665365, 6.835356267078112 ], [ 79.868596955285341, 6.835469661695583 ], [ 79.868692113450322, 6.835473645692218 ], [ 79.868699345798234, 6.835368220866769 ], [ 79.868639319648935, 6.835364358278582 ] ] ] ] } },
{ "type": "Feature", "properties": { "Sub_class": "Low Rise", "NAME": null, "Land_Exten": 3.5706718407500002, "Main_C": "Residential", "Domain": "Built-up", "Area_m2": 35721.474 }, "geometry": { "type": "MultiPolygon", "coordinates": [ [ [ [ 79.867784616566837, 6.836626618823459 ], [ 79.867837289859096, 6.836621048422671 ], [ 79.867846883826701, 6.83684056124298 ], [ 79.867992031706933, 6.836845319555891 ], [ 79.868037240626222, 6.837061851123565 ], [ 79.868382262831233, 6.837038055961557 ], [ 79.868394917191722, 6.837206033131963 ], [ 79.868467172322198, 6.837218209053162 ], [ 79.868611705066201, 6.837230522570621 ], [ 79.868738167732317, 6.837242801014497 ], [ 79.868816468105592, 6.837242948503331 ], [ 79.868834699162107, 6.83691754321012 ], [ 79.869100405659253, 6.836931423346584 ], [ 79.869087088498418, 6.837143921454867 ], [ 79.869093725495077, 6.837141129959207 ], [ 79.869214290407228, 6.837087176931732 ], [ 79.869298659405672, 6.837063255864621 ], [ 79.869377039818573, 6.837021262920985 ], [ 79.869359424797665, 6.836780428074348 ], [ 79.869371812059512, 6.836599849603431 ], [ 79.869432554069192, 6.836329061037361 ], [ 79.869487272419747, 6.836058261679455 ], [ 79.869511819414981, 6.835817505973182 ], [ 79.869535063292574, 6.835634455265961 ], [ 79.869548502761234, 6.8355286122557 ], [ 79.869542638282212, 6.835444320598981 ], [ 79.869265621011664, 6.835419718745072 ], [ 79.869185999534295, 6.83541104028734 ], [ 79.868928395029457, 6.835382963453071 ], [ 79.868699345798234, 6.835368220866769 ], [ 79.868692113450322, 6.835473645692218 ], [ 79.868596955285341, 6.835469661695583 ], [ 79.868600828665365, 6.835356267078112 ], [ 79.868350324308096, 6.835303612671623 ], [ 79.868211826914319, 6.835285290783588 ], [ 79.868025178918913, 6.835248818778041 ], [ 79.867820484228048, 6.835200272474651 ], [ 79.867816193562533, 6.835199406427535 ], [ 79.867808695015299, 6.835290916942313 ], [ 79.86780850795634, 6.835390020433124 ], [ 79.867808345179071, 6.835476197068886 ], [ 79.867809957663496, 6.835515272611815 ], [ 79.867811861528253, 6.835552392129216 ], [ 79.867811861528253, 6.835648522461383 ], [ 79.867687293733695, 6.835656941015088 ], [ 79.867695143016476, 6.836066298021308 ], [ 79.867694932575148, 6.836177590023794 ], [ 79.867967091707953, 6.83616573965719 ], [ 79.868220605196825, 6.8361573282981 ], [ 79.868269533712066, 6.836152975579409 ], [ 79.868273863947707, 6.836215214060928 ], [ 79.868118233569703, 6.836201585734671 ], [ 79.867900306254171, 6.836205619194004 ], [ 79.867750665360973, 6.836212458538171 ], [ 79.867767648158519, 6.83636371731177 ], [ 79.86749448897956, 6.836419245951504 ], [ 79.867501148459269, 6.836507436169313 ], [ 79.867514335218459, 6.836656684958086 ], [ 79.867784616566837, 6.836626618823459 ] ] ] ] } },
{ "type": "Feature", "properties": { "Sub_class": "High Rise", "NAME": null, "Land_Exten": 0.088662990523199994, "Main_C": "Residential", "Domain": "Built-up", "Area_m2": 886.997 }, "geometry": { "type": "MultiPolygon", "coordinates": [ [ [ [ 79.869100405659253, 6.836931423346584 ], [ 79.868834699162107, 6.83691754321012 ], [ 79.868816468105592, 6.837242948503331 ], [ 79.8689369997428, 6.837207055661111 ], [ 79.869087088498418, 6.837143921454867 ], [ 79.869100405659253, 6.836931423346584 ] ] ] ] } },
{ "type": "Feature", "properties": { "Sub_class": "Retail", "NAME": null, "Land_Exten": 0.047005771425699998, "Main_C": "Commercial", "Domain": "Built-up", "Area_m2": 470.252 }, "geometry": { "type": "MultiPolygon", "coordinates": [ [ [ [ 79.868165606257776, 6.837219494184353 ], [ 79.868394917191722, 6.837206033131963 ], [ 79.868382262831233, 6.837038055961557 ], [ 79.868152523819958, 6.83705390021737 ], [ 79.868165606257776, 6.837219494184353 ] ] ] ] } },
{ "type": "Feature", "properties": { "Sub_class": "Temple/Shrine", "NAME": null, "Land_Exten": 0.024542408685399999, "Main_C": "Cultural", "Domain": "Built-up", "Area_m2": 245.525 }, "geometry": { "type": "MultiPolygon", "coordinates": [ [ [ [ 79.868152523819958, 6.83705390021737 ], [ 79.868037240626222, 6.837061851123565 ], [ 79.868041492620819, 6.837231666508274 ], [ 79.868134735229887, 6.83722130631827 ], [ 79.868165606257776, 6.837219494184353 ], [ 79.868152523819958, 6.83705390021737 ] ] ] ] } },
{ "type": "Feature", "properties": { "Sub_class": "High Rise", "NAME": null, "Land_Exten": 0.053283704470500001, "Main_C": "Residential", "Domain": "Built-up", "Area_m2": 533.057 }, "geometry": { "type": "MultiPolygon", "coordinates": [ [ [ [ 79.868985127861436, 6.837237245902202 ], [ 79.868864619606541, 6.837261099520163 ], [ 79.868850562303692, 6.837464819345996 ], [ 79.869044884214077, 6.83746878535618 ], [ 79.86905549801287, 6.837204585223503 ], [ 79.868985127861436, 6.837237245902202 ] ] ] ] } },
{ "type": "Feature", "properties": { "Sub_class": "Low Rise", "NAME": null, "Land_Exten": 2.4045648831499999, "Main_C": "Residential", "Domain": "Built-up", "Area_m2": 24055.59 }, "geometry": { "type": "MultiPolygon", "coordinates": [ [ [ [ 79.869044884214077, 6.83746878535618 ], [ 79.868850562303692, 6.837464819345996 ], [ 79.868864619606541, 6.837261099520163 ], [ 79.8686417406239, 6.837272718761028 ], [ 79.868503231538966, 6.837260417834045 ], [ 79.868358722177334, 6.837236065092384 ], [ 79.868165936308969, 6.837259782013405 ], [ 79.867876757506394, 6.837295356495531 ], [ 79.867782167712903, 6.837298959179691 ], [ 79.867785212817353, 6.837375484291215 ], [ 79.867930135867141, 6.8373830008249 ], [ 79.867951438108435, 6.837614820867316 ], [ 79.867799262026381, 6.837610912413709 ], [ 79.867791850713388, 6.837697815701688 ], [ 79.867831708666472, 6.837697891244716 ], [ 79.86783123652242, 6.837947777767795 ], [ 79.86787471064946, 6.837951481175992 ], [ 79.867874214223662, 6.83821427297039 ], [ 79.867989939883898, 6.83822203501893 ], [ 79.867986899276048, 6.838024123914238 ], [ 79.86809560842562, 6.838020707389774 ], [ 79.868095533781911, 6.838060544658447 ], [ 79.868099993519934, 6.838060552752381 ], [ 79.868204235736926, 6.838060749703857 ], [ 79.868204058570484, 6.838154909621437 ], [ 79.868298253561591, 6.838162330826947 ], [ 79.868295178779533, 6.838249582152571 ], [ 79.868332708387811, 6.838253405170576 ], [ 79.868501344761285, 6.838259742693026 ], [ 79.868609704074629, 6.838290047148007 ], [ 79.868874563410429, 6.83837482803591 ], [ 79.869000992801659, 6.838405166665154 ], [ 79.869199632357208, 6.838471761462642 ], [ 79.869440387164218, 6.838562515647652 ], [ 79.869499181242304, 6.838582226988251 ], [ 79.869539810813649, 6.838281986524521 ], [ 79.869627430861328, 6.837855527110946 ], [ 79.869765666552325, 6.837443624123978 ], [ 79.869869999600837, 6.837177887949224 ], [ 79.869619727268628, 6.837124734419035 ], [ 79.869512650388572, 6.837067140935858 ], [ 79.869425111279895, 6.837081554370286 ], [ 79.869340776455715, 6.837087415252086 ], [ 79.869196107914092, 6.83714734337525 ], [ 79.869075553793834, 6.837195276340992 ], [ 79.86905549801287, 6.837204585223503 ], [ 79.869044884214077, 6.83746878535618 ] ] ] ] } },
{ "type": "Feature", "properties": { "Sub_class": "Temple/Shrine", "NAME": null, "Land_Exten": 0.026286401470200001, "Main_C": "Cultural", "Domain": "Built-up", "Area_m2": 262.973 }, "geometry": { "type": "MultiPolygon", "coordinates": [ [ [ [ 79.868091827675755, 6.838228869866498 ], [ 79.868091940091006, 6.838228881557711 ], [ 79.868095505902943, 6.838075030938001 ], [ 79.868099993519934, 6.838060552752381 ], [ 79.868095533781911, 6.838060544658447 ], [ 79.86809560842562, 6.838020707389774 ], [ 79.867986899276048, 6.838024123914238 ], [ 79.867989939883898, 6.83822203501893 ], [ 79.868091827675755, 6.838228869866498 ] ] ] ] } },
{ "type": "Feature", "properties": { "Sub_class": "Retail", "NAME": null, "Land_Exten": 0.033190891547900003, "Main_C": "Commercial", "Domain": "Built-up", "Area_m2": 332.046 }, "geometry": { "type": "MultiPolygon", "coordinates": [ [ [ [ 79.868295178779533, 6.838249582152571 ], [ 79.868298253561591, 6.838162330826947 ], [ 79.868204058570484, 6.838154909621437 ], [ 79.868204235736926, 6.838060749703857 ], [ 79.868099993519934, 6.838060552752381 ], [ 79.868095505902943, 6.838075030938001 ], [ 79.868091940091006, 6.838228881557711 ], [ 79.868295178779533, 6.838249582152571 ] ] ] ] } },
{ "type": "Feature", "properties": { "Sub_class": "Low Rise", "NAME": null, "Land_Exten": 2.7359464842099999, "Main_C": "Residential", "Domain": "Built-up", "Area_m2": 27370.777 }, "geometry": { "type": "MultiPolygon", "coordinates": [ [ [ [ 79.867516283149996, 6.839997678050452 ], [ 79.867516155446253, 6.839998715868091 ], [ 79.86781284088994, 6.840012031230287 ], [ 79.867823486165037, 6.840131562821398 ], [ 79.867798019163331, 6.840185837806246 ], [ 79.867754195200007, 6.840366832663221 ], [ 79.867757224116644, 6.840552637993881 ], [ 79.867786278514018, 6.840552032750168 ], [ 79.868039251510311, 6.840552510290138 ], [ 79.868213946616379, 6.840540800217809 ], [ 79.868478989413916, 6.840529260117307 ], [ 79.868665718348268, 6.840523592589761 ], [ 79.868694045194104, 6.840521468391103 ], [ 79.868694342869674, 6.840364061852028 ], [ 79.868817200153728, 6.840372216904314 ], [ 79.86881359297297, 6.840512503948958 ], [ 79.868978969304067, 6.840500103197257 ], [ 79.869292196877439, 6.840488653928276 ], [ 79.869623403697176, 6.84052539842844 ], [ 79.869816087942183, 6.840555861164091 ], [ 79.869840214954024, 6.8405378468442 ], [ 79.869924857346348, 6.840369445193801 ], [ 79.870039728650625, 6.840140899582877 ], [ 79.870136439944815, 6.83996047939263 ], [ 79.870160680271226, 6.839882264455014 ], [ 79.870209126749842, 6.839743894764979 ], [ 79.870226984587703, 6.83967658500643 ], [ 79.870067084228594, 6.839630597274265 ], [ 79.869909983459024, 6.83958611590657 ], [ 79.869811779290217, 6.839566293050041 ], [ 79.869649747537892, 6.839531621487197 ], [ 79.869458234210185, 6.83950180356544 ], [ 79.86923232721017, 6.839476830291517 ], [ 79.869060425398345, 6.839466686838193 ], [ 79.868947448965628, 6.839466473698849 ], [ 79.868932629037658, 6.839510631310645 ], [ 79.868912795389235, 6.839608784218058 ], [ 79.868883286834262, 6.839628366056274 ], [ 79.868809624264827, 6.83961840876259 ], [ 79.8686082777499, 6.839593481354143 ], [ 79.868441306021509, 6.839573528095912 ], [ 79.868333241685832, 6.839573323949764 ], [ 79.868058168749542, 6.839572805040973 ], [ 79.867805873842087, 6.839580876456353 ], [ 79.867798737721614, 6.839805575666844 ], [ 79.867546870891431, 6.83979149138429 ], [ 79.867516283149996, 6.839997678050452 ] ] ] ] } },
{ "type": "Feature", "properties": { "Sub_class": "Low Rise", "NAME": null, "Land_Exten": 0.158354057075, "Main_C": "Residential", "Domain": "Built-up", "Area_m2": 1584.193 }, "geometry": { "type": "MultiPolygon", "coordinates": [ [ [ [ 79.866649564226066, 6.838660705427287 ], [ 79.866996736710064, 6.838704746127178 ], [ 79.866997243028379, 6.838693138577526 ], [ 79.867188444291344, 6.83871128060116 ], [ 79.86739741885583, 6.838738345698118 ], [ 79.867411793619453, 6.838740425830053 ], [ 79.867408631603098, 6.838612858796466 ], [ 79.867406454344462, 6.838567353100927 ], [ 79.867148729330438, 6.838546738840989 ], [ 79.866944185725629, 6.838528571636346 ], [ 79.866603800425082, 6.838491031236174 ], [ 79.866649564226066, 6.838660705427287 ] ] ] ] } },
{ "type": "Feature", "properties": { "Sub_class": "Retail", "NAME": null, "Land_Exten": 0.072614264361199998, "Main_C": "Commercial", "Domain": "Built-up", "Area_m2": 726.442 }, "geometry": { "type": "MultiPolygon", "coordinates": [ [ [ [ 79.866703452502406, 6.838860503309604 ], [ 79.866921284489763, 6.838879686748214 ], [ 79.866988826273371, 6.838886245503886 ], [ 79.866996736710064, 6.838704746127178 ], [ 79.866649564226066, 6.838660705427287 ], [ 79.866703452502406, 6.838860503309604 ] ] ] ] } },
{ "type": "Feature", "properties": { "Sub_class": "Retail", "NAME": null, "Land_Exten": 0.099594933174199998, "Main_C": "Commercial", "Domain": "Built-up", "Area_m2": 996.36 }, "geometry": { "type": "MultiPolygon", "coordinates": [ [ [ [ 79.867108039504501, 6.838897820677914 ], [ 79.867416525852036, 6.838931297941087 ], [ 79.867411793619453, 6.838740425830053 ], [ 79.86739741885583, 6.838738345698118 ], [ 79.867188444291344, 6.83871128060116 ], [ 79.866997243028379, 6.838693138577526 ], [ 79.866996736710064, 6.838704746127178 ], [ 79.866988826273371, 6.838886245503886 ], [ 79.867108039504501, 6.838897820677914 ] ] ] ] } },
{ "type": "Feature", "properties": { "Sub_class": "Retail", "NAME": null, "Land_Exten": 0.49665981184199998, "Main_C": "Commercial", "Domain": "Built-up", "Area_m2": 4968.648 }, "geometry": { "type": "MultiPolygon", "coordinates": [ [ [ [ 79.867969813056504, 6.839467103224308 ], [ 79.867963905409965, 6.839335850768919 ], [ 79.867970763639903, 6.838893267410413 ], [ 79.86796542886151, 6.838893012902247 ], [ 79.867970879652432, 6.838831701621757 ], [ 79.867923416132783, 6.838828097139015 ], [ 79.867916789028641, 6.838693980342953 ], [ 79.867808099664103, 6.838686532157794 ], [ 79.867826752502708, 6.838258470152311 ], [ 79.867607533760747, 6.838249082129494 ], [ 79.867604995873933, 6.838377256205433 ], [ 79.867604995873933, 6.838609491734701 ], [ 79.867592305540541, 6.838899150775262 ], [ 79.867582788015284, 6.839268760445009 ], [ 79.867581201611245, 6.839568572831411 ], [ 79.867822320643654, 6.839519397002618 ], [ 79.867972128810777, 6.839518567827668 ], [ 79.867969813056504, 6.839467103224308 ] ] ] ] } },
{ "type": "Feature", "properties": { "Sub_class": "Government", "NAME": "Mount Lavinia Court Complex", "Land_Exten": 0.69988576996700003, "Main_C": "Institutional", "Domain": "Built-up", "Area_m2": 7001.743 }, "geometry": { "type": "MultiPolygon", "coordinates": [ [ [ [ 79.866871378411417, 6.839736400714344 ], [ 79.866894111474096, 6.839986944641851 ], [ 79.867330501201707, 6.83999885886027 ], [ 79.867344396626663, 6.83992929270272 ], [ 79.867400267008748, 6.839408261482106 ], [ 79.867421380392443, 6.839127162188845 ], [ 79.867418574507667, 6.839013969918824 ], [ 79.867130125055269, 6.838977872930514 ], [ 79.866729075086823, 6.838956015807526 ], [ 79.866871378411417, 6.839736400714344 ] ] ] ] } },
{ "type": "Feature", "properties": { "Sub_class": "Retail", "NAME": null, "Land_Exten": 0.059639964029799999, "Main_C": "Commercial", "Domain": "Built-up", "Area_m2": 596.646 }, "geometry": { "type": "MultiPolygon", "coordinates": [ [ [ [ 79.867546870891431, 6.83979149138429 ], [ 79.867798737721614, 6.839805575666844 ], [ 79.867805873842087, 6.839580876456353 ], [ 79.867768340636474, 6.839582077051261 ], [ 79.867572840614173, 6.839616433851404 ], [ 79.867546870891431, 6.83979149138429 ] ] ] ] } },
{ "type": "Feature", "properties": { "Sub_class": "Retail", "NAME": null, "Land_Exten": 0.212021875842, "Main_C": "Commercial", "Domain": "Built-up", "Area_m2": 2121.094 }, "geometry": { "type": "MultiPolygon", "coordinates": [ [ [ [ 79.867491815295125, 6.840196293324311 ], [ 79.86741288719503, 6.840527247434579 ], [ 79.867412808054723, 6.840569387866992 ], [ 79.867521247407694, 6.84055755188956 ], [ 79.867757224116644, 6.840552637993881 ], [ 79.867754195200007, 6.840366832663221 ], [ 79.867798019163331, 6.840185837806246 ], [ 79.867823486165037, 6.840131562821398 ], [ 79.86781284088994, 6.840012031230287 ], [ 79.867516155446253, 6.839998715868091 ], [ 79.867491815295125, 6.840196293324311 ] ] ] ] } },
{ "type": "Feature", "properties": { "Sub_class": "Retail", "NAME": "Hotel Twelve", "Land_Exten": 0.053493743458600002, "Main_C": "Commercial", "Domain": "Built-up", "Area_m2": 535.158 }, "geometry": { "type": "MultiPolygon", "coordinates": [ [ [ [ 79.866834389295661, 6.84032987412445 ], [ 79.866794423423983, 6.84030647106681 ], [ 79.866595112974153, 6.840288162668628 ], [ 79.866586343684844, 6.84046517173033 ], [ 79.866839769040155, 6.840491859112035 ], [ 79.866834389295661, 6.84032987412445 ] ] ] ] } },
{ "type": "Feature", "properties": { "Sub_class": "Retail", "NAME": null, "Land_Exten": 0.39587892343100001, "Main_C": "Commercial", "Domain": "Built-up", "Area_m2": 3960.421 }, "geometry": { "type": "MultiPolygon", "coordinates": [ [ [ [ 79.866904980680374, 6.840106745130242 ], [ 79.866937766364856, 6.840909083387544 ], [ 79.866978436405759, 6.841169728500233 ], [ 79.866992158261553, 6.841169753681243 ], [ 79.867033334620771, 6.841162974591668 ], [ 79.867067741782932, 6.841108183395988 ], [ 79.867102200206432, 6.84102596377727 ], [ 79.867136815111962, 6.840861459788584 ], [ 79.86722665108914, 6.840518776720216 ], [ 79.867330501201707, 6.83999885886027 ], [ 79.866894111474096, 6.839986944641851 ], [ 79.866904980680374, 6.840106745130242 ] ] ] ] } },
{ "type": "Feature", "properties": { "Sub_class": "Retail", "NAME": null, "Land_Exten": 0.044068628335700001, "Main_C": "Commercial", "Domain": "Built-up", "Area_m2": 440.868 }, "geometry": { "type": "MultiPolygon", "coordinates": [ [ [ [ 79.866707050689911, 6.840680150168851 ], [ 79.866690818826271, 6.840919777225963 ], [ 79.866842612696473, 6.840940690960167 ], [ 79.866854045777643, 6.840921726956196 ], [ 79.866846907858587, 6.840706792584456 ], [ 79.866707050689911, 6.840680150168851 ] ] ] ] } },
{ "type": "Feature", "properties": { "Sub_class": "Low Rise", "NAME": null, "Land_Exten": 0.032761282367800001, "Main_C": "Residential", "Domain": "Built-up", "Area_m2": 327.749 }, "geometry": { "type": "MultiPolygon", "coordinates": [ [ [ [ 79.870339930443492, 6.831057201029068 ], [ 79.870435494202752, 6.831076491486954 ], [ 79.870449710685648, 6.830890798571545 ], [ 79.870291825707227, 6.830893478551218 ], [ 79.870278601176551, 6.831048569336076 ], [ 79.870339930443492, 6.831057201029068 ] ] ] ] } },
{ "type": "Feature", "properties": { "Sub_class": "Retail", "NAME": null, "Land_Exten": 0.021328518390099999, "Main_C": "Commercial", "Domain": "Built-up", "Area_m2": 213.374 }, "geometry": { "type": "MultiPolygon", "coordinates": [ [ [ [ 79.870411762892616, 6.83113729015389 ], [ 79.870395041797792, 6.831275457496417 ], [ 79.870521214882217, 6.831289331337643 ], [ 79.870539850633634, 6.831157655301581 ], [ 79.870411762892616, 6.83113729015389 ] ] ] ] } },
{ "type": "Feature", "properties": { "Sub_class": "Retail", "NAME": null, "Land_Exten": 0.146385087301, "Main_C": "Commercial", "Domain": "Built-up", "Area_m2": 1464.457 }, "geometry": { "type": "MultiPolygon", "coordinates": [ [ [ [ 79.869747119833789, 6.831003273182546 ], [ 79.869668080217764, 6.830985278647745 ], [ 79.869608594561043, 6.831483229667356 ], [ 79.869854143653868, 6.831513253533899 ], [ 79.86991026134956, 6.831059668768773 ], [ 79.869747119833789, 6.831003273182546 ] ] ] ] } },
{ "type": "Feature", "properties": { "Sub_class": "Under Construction", "NAME": null, "Land_Exten": 0.16050275329499999, "Main_C": "Under Construction", "Domain": "Built-up", "Area_m2": 1605.692 }, "geometry": { "type": "MultiPolygon", "coordinates": [ [ [ [ 79.869854143653868, 6.831513253533899 ], [ 79.870153491090775, 6.831549855041828 ], [ 79.870190756298427, 6.831106086376849 ], [ 79.870068349574751, 6.831090559581696 ], [ 79.86991026134956, 6.831059668768773 ], [ 79.869854143653868, 6.831513253533899 ] ] ] ] } },
{ "type": "Feature", "properties": { "Sub_class": "Temple/Shrine", "NAME": "Sugatha Darmayathanaya", "Land_Exten": 0.26357800768, "Main_C": "Cultural", "Domain": "Built-up", "Area_m2": 2636.873 }, "geometry": { "type": "MultiPolygon", "coordinates": [ [ [ [ 79.870867941302492, 6.831913844848089 ], [ 79.870967065477771, 6.831801531215717 ], [ 79.870974060404649, 6.831709499094131 ], [ 79.871061768585832, 6.831253878263908 ], [ 79.870746629953089, 6.831194901623462 ], [ 79.870660376874923, 6.831650955926932 ], [ 79.870628795382686, 6.83172050229939 ], [ 79.870609777419361, 6.831843853311227 ], [ 79.870867941302492, 6.831913844848089 ] ] ] ] } },
{ "type": "Feature", "properties": { "Sub_class": "Low Rise", "NAME": null, "Land_Exten": 2.0112273088900001, "Main_C": "Residential", "Domain": "Built-up", "Area_m2": 20120.602 }, "geometry": { "type": "MultiPolygon", "coordinates": [ [ [ [ 79.870472717142263, 6.832443779356993 ], [ 79.87052019055443, 6.832451169985575 ], [ 79.87055678846508, 6.832414728556898 ], [ 79.87057880117078, 6.832363656057908 ], [ 79.870604460627419, 6.832316240202374 ], [ 79.870627591190441, 6.832284577771077 ], [ 79.870622794206668, 6.832279764599491 ], [ 79.870560798542101, 6.832224882572348 ], [ 79.870509720647135, 6.832191927815245 ], [ 79.870508328496612, 6.832190880105088 ], [ 79.870465947945206, 6.832158985648732 ], [ 79.870477880150133, 6.83211459691114 ], [ 79.87048066265254, 6.832104248412406 ], [ 79.870510029114598, 6.832027631569986 ], [ 79.870532036424379, 6.831980209419157 ], [ 79.870568798011675, 6.831856143446316 ], [ 79.870598268795106, 6.831724762387921 ], [ 79.870624220531397, 6.831730577404301 ], [ 79.870660376874923, 6.831650955926932 ], [ 79.870746629953089, 6.831194901623462 ], [ 79.870670160599502, 6.831178372983572 ], [ 79.870539850633634, 6.831157655301581 ], [ 79.870521214882217, 6.831289331337643 ], [ 79.870395041797792, 6.831275457496417 ], [ 79.870411762892616, 6.83113729015389 ], [ 79.870313163022104, 6.831121614071265 ], [ 79.870190756298427, 6.831106086376849 ], [ 79.870153491090775, 6.831549855041828 ], [ 79.869608594561043, 6.831483229667356 ], [ 79.869643383035736, 6.831192017497642 ], [ 79.869402295479631, 6.831149153110971 ], [ 79.869419125392369, 6.831013061403723 ], [ 79.869335671004478, 6.830998771176382 ], [ 79.869351952330817, 6.830898001241792 ], [ 79.869298411192801, 6.830885153527049 ], [ 79.869125028197573, 6.830849134779783 ], [ 79.869099627745697, 6.83102256633839 ], [ 79.869078688830484, 6.831033035346366 ], [ 79.868991037306557, 6.831050008251339 ], [ 79.868981129475628, 6.831409746063002 ], [ 79.868980504446768, 6.831741175015281 ], [ 79.868980182489508, 6.831911996741326 ], [ 79.869122150366991, 6.831915488808818 ], [ 79.869231721966457, 6.831922997248569 ], [ 79.869385135515643, 6.83192693717848 ], [ 79.869502026697205, 6.831927157512382 ], [ 79.86958970879806, 6.831920020492589 ], [ 79.869670065021523, 6.831923822826184 ], [ 79.869717524044574, 6.831938515949787 ], [ 79.869732074175943, 6.831971402358363 ], [ 79.869728262849094, 6.832055369359864 ], [ 79.869716980854037, 6.832226946516414 ], [ 79.869713114668571, 6.832340120799984 ], [ 79.869712984266869, 6.832409490006 ], [ 79.869727561377886, 6.83242777322323 ], [ 79.869895503474766, 6.832475552404844 ], [ 79.86998311722715, 6.832504925162198 ], [ 79.87008900880079, 6.832527030498113 ], [ 79.87019853273614, 6.83256009587177 ], [ 79.870286159978377, 6.832582167033422 ], [ 79.87032996685457, 6.832596853861787 ], [ 79.870348251870382, 6.83258593519281 ], [ 79.870362938698747, 6.83254580114783 ], [ 79.870410564096289, 6.832472870626532 ], [ 79.870443487377088, 6.832447374846538 ], [ 79.870472717142263, 6.832443779356993 ] ] ] ] } },
{ "type": "Feature", "properties": { "Sub_class": "Low Rise", "NAME": null, "Land_Exten": 0.35482286810399999, "Main_C": "Residential", "Domain": "Built-up", "Area_m2": 3549.701 }, "geometry": { "type": "MultiPolygon", "coordinates": [ [ [ [ 79.871218802805572, 6.831663458301989 ], [ 79.871355968303362, 6.831321735709594 ], [ 79.87110759803727, 6.831260770668052 ], [ 79.871065734596016, 6.831253878263908 ], [ 79.870978025515512, 6.831709499094131 ], [ 79.870971031487954, 6.831801531215717 ], [ 79.870871906413413, 6.831913844848089 ], [ 79.870613743429601, 6.831843853311227 ], [ 79.870605577585422, 6.831889064928475 ], [ 79.870583557685109, 6.831943788674948 ], [ 79.870546843761872, 6.83204229771394 ], [ 79.870513768495698, 6.832148115543134 ], [ 79.870513740616673, 6.832162719633857 ], [ 79.870557526808454, 6.832188358406086 ], [ 79.87060129951044, 6.832221300572598 ], [ 79.870653513249067, 6.832268446631531 ], [ 79.870798616163256, 6.831993991529544 ], [ 79.871094655893728, 6.832105395048018 ], [ 79.871124022355787, 6.832028778205597 ], [ 79.87116079113764, 6.831901060985217 ], [ 79.871197409732758, 6.831853666713414 ], [ 79.871230415751143, 6.831784359560572 ], [ 79.871270720667269, 6.831718716245803 ], [ 79.87128120316504, 6.831697209858419 ], [ 79.871218802805572, 6.831663458301989 ] ] ] ] } },
{ "type": "Feature", "properties": { "Sub_class": "Retail", "NAME": "NilaVilla mount lavinia", "Land_Exten": 0.14693619587699999, "Main_C": "Commercial", "Domain": "Built-up", "Area_m2": 1469.971 }, "geometry": { "type": "MultiPolygon", "coordinates": [ [ [ [ 79.870798616163256, 6.831993991529544 ], [ 79.870653513249067, 6.832268446631531 ], [ 79.870674232729698, 6.832287156127393 ], [ 79.870721610813746, 6.832345661523107 ], [ 79.870798142220565, 6.832440732453904 ], [ 79.870812753505845, 6.832440759433553 ], [ 79.870907823537266, 6.832389824530821 ], [ 79.870969977482559, 6.832360732361963 ], [ 79.87100655380948, 6.832335243776527 ], [ 79.871021213658139, 6.832309714721589 ], [ 79.871039560727183, 6.832265936623742 ], [ 79.87106520579465, 6.832225823263173 ], [ 79.871094655893728, 6.832105395048018 ], [ 79.870798616163256, 6.831993991529544 ] ] ] ] } },
{ "type": "Feature", "properties": { "Sub_class": "Low Rise", "NAME": null, "Land_Exten": 0.069067223696999996, "Main_C": "Residential", "Domain": "Built-up", "Area_m2": 690.959 }, "geometry": { "type": "MultiPolygon", "coordinates": [ [ [ [ 79.87065170111515, 6.83230876683615 ], [ 79.870637302069895, 6.832334557593811 ], [ 79.870589684766173, 6.832403837766947 ], [ 79.870560303914942, 6.832487756205012 ], [ 79.87065684343861, 6.832530331009991 ], [ 79.870846586001221, 6.83273656444095 ], [ 79.870906968282043, 6.832678261392687 ], [ 79.870892446029643, 6.832630770893388 ], [ 79.870848748870742, 6.832557667702247 ], [ 79.870823234204977, 6.832528411856742 ], [ 79.87079779418292, 6.832492917414243 ], [ 79.870768564417745, 6.832462590476212 ], [ 79.870743850148642, 6.832421244145166 ], [ 79.870713944093325, 6.832371212161775 ], [ 79.870677483778934, 6.832334633136838 ], [ 79.87065170111515, 6.83230876683615 ] ] ] ] } },
{ "type": "Feature", "properties": { "Sub_class": "Low Rise", "NAME": null, "Land_Exten": 1.0554351241, "Main_C": "Residential", "Domain": "Built-up", "Area_m2": 10558.72 }, "geometry": { "type": "MultiPolygon", "coordinates": [ [ [ [ 79.870194449814051, 6.832744393938697 ], [ 79.870272455209715, 6.832617068822742 ], [ 79.870249576456843, 6.83261130686634 ], [ 79.870136413864486, 6.832570932702424 ], [ 79.870052432473813, 6.832552519083549 ], [ 79.869990346877046, 6.832545100575999 ], [ 79.869935574567194, 6.832534044310762 ], [ 79.869840676306239, 6.832493704321053 ], [ 79.869701943290124, 6.8324532815937 ], [ 79.869680074475923, 6.832427683290973 ], [ 79.869683803065129, 6.832387529460959 ], [ 79.869680287615211, 6.832314501812846 ], [ 79.869687984912616, 6.832106407684591 ], [ 79.86969555270764, 6.831967682762411 ], [ 79.869655397978306, 6.83195300312866 ], [ 79.869553104592171, 6.831960112269428 ], [ 79.869417928394739, 6.831970811503822 ], [ 79.869326606737559, 6.831970639733299 ], [ 79.869092879233051, 6.83194099088405 ], [ 79.868980122234916, 6.831943998217014 ], [ 79.868979831753904, 6.832098099747554 ], [ 79.868993295504254, 6.832370543066133 ], [ 79.869226486113519, 6.832370981935298 ], [ 79.869229511432877, 6.832575532734722 ], [ 79.868988664895028, 6.832578376390984 ], [ 79.868984080151222, 6.832728822177444 ], [ 79.869109837748852, 6.832732125387338 ], [ 79.869112713780794, 6.832853134564573 ], [ 79.869116149190972, 6.832852997867633 ], [ 79.869253879463031, 6.832858356028339 ], [ 79.8693048656271, 6.832873748824511 ], [ 79.869328459340977, 6.832913220069088 ], [ 79.869376283488748, 6.832923556876722 ], [ 79.869395290660179, 6.832931197516814 ], [ 79.869392785148989, 6.832811066977229 ], [ 79.869583789460364, 6.83281142670603 ], [ 79.869583419838989, 6.833007880009689 ], [ 79.869737725515677, 6.833076086392339 ], [ 79.869892620248265, 6.833164940309814 ], [ 79.870014160924825, 6.833081148676115 ], [ 79.87016644582485, 6.832947898826546 ], [ 79.870189139317404, 6.832916334421327 ], [ 79.870194449814051, 6.832744393938697 ] ] ] ] } },
{ "type": "Feature", "properties": { "Sub_class": "Retail", "NAME": "Capricorn Enterprises Private Limited", "Land_Exten": 0.17370680047199999, "Main_C": "Commercial", "Domain": "Built-up", "Area_m2": 1737.789 }, "geometry": { "type": "MultiPolygon", "coordinates": [ [ [ [ 79.871626884573118, 6.831405151426623 ], [ 79.871505442822013, 6.831359372337204 ], [ 79.871482435466078, 6.831376551186963 ], [ 79.871467782811976, 6.831398429893682 ], [ 79.871438457718682, 6.831453140150359 ], [ 79.871409131726125, 6.831507851306355 ], [ 79.871379778753862, 6.831577165653698 ], [ 79.871332105692204, 6.831675654008279 ], [ 79.871302790491427, 6.831724887393705 ], [ 79.871579843734878, 6.83187602116152 ], [ 79.871804742594861, 6.831483594792132 ], [ 79.871626884573118, 6.831405151426623 ] ] ] ] } },
{ "type": "Feature", "properties": { "Sub_class": "Under Construction", "NAME": "Selinico Enterprises", "Land_Exten": 0.062361525677599998, "Main_C": "Under Construction", "Domain": "Built-up", "Area_m2": 623.874 }, "geometry": { "type": "MultiPolygon", "coordinates": [ [ [ [ 79.872145459745241, 6.831650656452666 ], [ 79.872142286937049, 6.831650022430665 ], [ 79.872107914848471, 6.831639977902682 ], [ 79.871957389022327, 6.831561608281618 ], [ 79.871900343226343, 6.83167650566628 ], [ 79.872055484373163, 6.831840211956262 ], [ 79.872124012713073, 6.831869717813277 ], [ 79.872220674544565, 6.831672635883479 ], [ 79.872145459745241, 6.831650656452666 ] ] ] ] } },
{ "type": "Feature", "properties": { "Sub_class": "Retail", "NAME": null, "Land_Exten": 0.083822401254199999, "Main_C": "Commercial", "Domain": "Built-up", "Area_m2": 838.573 }, "geometry": { "type": "MultiPolygon", "coordinates": [ [ [ [ 79.872773152359173, 6.831906366086002 ], [ 79.872752985062277, 6.831778854810352 ], [ 79.872645892893672, 6.831758258536865 ], [ 79.872452074603643, 6.831737499486053 ], [ 79.872428089684661, 6.831730791442908 ], [ 79.87241389028884, 6.831940818214264 ], [ 79.872510655542385, 6.831959854163983 ], [ 79.872779456606679, 6.831946462359383 ], [ 79.872773152359173, 6.831906366086002 ] ] ] ] } },
{ "type": "Feature", "properties": { "Sub_class": "Low Rise", "NAME": null, "Land_Exten": 1.9422756489099999, "Main_C": "Residential", "Domain": "Built-up", "Area_m2": 19430.828 }, "geometry": { "type": "MultiPolygon", "coordinates": [ [ [ [ 79.872124012713073, 6.831869717813277 ], [ 79.872055484373163, 6.831840211956262 ], [ 79.871900343226343, 6.83167650566628 ], [ 79.871957389022327, 6.831561608281618 ], [ 79.871918862965231, 6.831541549802751 ], [ 79.871919164238079, 6.831540689151552 ], [ 79.871835876224793, 6.831497325641124 ], [ 79.87180474529282, 6.831483595691452 ], [ 79.871579846432837, 6.831876022960159 ], [ 79.871302793189386, 6.831724889192344 ], [ 79.871273477089346, 6.831774123477089 ], [ 79.871189145862445, 6.831941911789841 ], [ 79.871167132257426, 6.831992985188151 ], [ 79.87113772442649, 6.832091507716939 ], [ 79.871086288601418, 6.832248405239739 ], [ 79.871064255211252, 6.832310431481289 ], [ 79.87103861643908, 6.83234689359432 ], [ 79.871023970080216, 6.832365121053556 ], [ 79.870987393753296, 6.832390609638992 ], [ 79.870892330017057, 6.832437894193504 ], [ 79.870848454792394, 6.832459718041605 ], [ 79.870841100136715, 6.832485261485658 ], [ 79.870859323998673, 6.832507202245608 ], [ 79.870888457536353, 6.832554719724612 ], [ 79.870895607146622, 6.832564685112175 ], [ 79.870982442985394, 6.832534296120912 ], [ 79.871022417850384, 6.832543813646112 ], [ 79.87107102171035, 6.832597049913943 ], [ 79.871111233996317, 6.832580695742536 ], [ 79.871198970955788, 6.832544350541411 ], [ 79.871305000125687, 6.832493435423771 ], [ 79.871389084938357, 6.832457083028032 ], [ 79.871480389508406, 6.832424424147916 ], [ 79.871479512669453, 6.832423264921772 ], [ 79.871590582539397, 6.832398416653632 ], [ 79.871603153262981, 6.832398440036002 ], [ 79.871606326071173, 6.83239907495738 ], [ 79.871696035243872, 6.832399243130624 ], [ 79.871732536027764, 6.832413915569816 ], [ 79.871772655683571, 6.832446850541771 ], [ 79.871790796807886, 6.832512603573832 ], [ 79.871783380998295, 6.832571005547493 ], [ 79.871765020439398, 6.832622085241098 ], [ 79.87175394528839, 6.832684132167003 ], [ 79.871757564160305, 6.832702394699822 ], [ 79.871768481030642, 6.8327243210706 ], [ 79.871859707359647, 6.832775606708935 ], [ 79.871943654576057, 6.832812274766695 ], [ 79.872023948746289, 6.832848935629897 ], [ 79.872104270795546, 6.832870992402434 ], [ 79.872140758089586, 6.832892967336647 ], [ 79.872175120285647, 6.832896062803115 ], [ 79.872175290257474, 6.832805297826269 ], [ 79.872277538677508, 6.832805490281203 ], [ 79.87227735071923, 6.832905556046626 ], [ 79.872330672422663, 6.832911578806375 ], [ 79.872407396284359, 6.832904421102228 ], [ 79.872531594457598, 6.832904654026606 ], [ 79.872674035378509, 6.832915874867751 ], [ 79.872761175188145, 6.832922490280737 ], [ 79.872792560628227, 6.832773855728931 ], [ 79.872828645026004, 6.832575064187893 ], [ 79.87282403150391, 6.8323150099298 ], [ 79.872809072180985, 6.832131420528697 ], [ 79.872780087930778, 6.831947097280761 ], [ 79.872511285967107, 6.831960489085361 ], [ 79.872414521612939, 6.831941453135585 ], [ 79.872428720109383, 6.831731426364286 ], [ 79.872269147103509, 6.831686800205716 ], [ 79.872220674544565, 6.831672635883479 ], [ 79.872124012713073, 6.831869717813277 ] ] ] ] } },
{ "type": "Feature", "properties": { "Sub_class": "Low Rise", "NAME": null, "Land_Exten": 0.48522930003100001, "Main_C": "Residential", "Domain": "Built-up", "Area_m2": 4854.307 }, "geometry": { "type": "MultiPolygon", "coordinates": [ [ [ [ 79.870953254589097, 6.832957417251066 ], [ 79.870858636017317, 6.83312724702489 ], [ 79.870946249769645, 6.833156620681564 ], [ 79.871070378695094, 6.833193364282408 ], [ 79.871121470979176, 6.833219017443753 ], [ 79.871147061187969, 6.833208112264629 ], [ 79.871223901961571, 6.83313888695011 ], [ 79.871289783596694, 6.833069640951237 ], [ 79.871326388701959, 6.833029548275078 ], [ 79.87139956204021, 6.832967618261023 ], [ 79.871454471946379, 6.832905654072704 ], [ 79.871502041585984, 6.832861930833474 ], [ 79.871549955665955, 6.832822175403123 ], [ 79.871567896241459, 6.832807289824586 ], [ 79.871633777876582, 6.832738043825714 ], [ 79.871663049010579, 6.832712541750425 ], [ 79.871710639334594, 6.832657865668011 ], [ 79.871732659234908, 6.832603141022162 ], [ 79.871740048064851, 6.832559342239904 ], [ 79.871740137097731, 6.832511879619574 ], [ 79.871729260696895, 6.832468046663053 ], [ 79.871696453428626, 6.832431474832731 ], [ 79.871648972821902, 6.832427734552368 ], [ 79.871568596813347, 6.832434885961277 ], [ 79.87146260811295, 6.832463894493173 ], [ 79.871389495928554, 6.832492965977622 ], [ 79.871349777370369, 6.832511401180284 ], [ 79.871279814611796, 6.832543873900704 ], [ 79.871148222212753, 6.832591090106746 ], [ 79.871042178653681, 6.832649307719407 ], [ 79.870939823214314, 6.832689276289102 ], [ 79.870870275043217, 6.832765817588438 ], [ 79.870766532849245, 6.832863951610136 ], [ 79.870953254589097, 6.832957417251066 ] ] ] ] } },
{ "type": "Feature", "properties": { "Sub_class": "Retail", "NAME": null, "Land_Exten": 0.011905227958199999, "Main_C": "Commercial", "Domain": "Built-up", "Area_m2": 119.102 }, "geometry": { "type": "MultiPolygon", "coordinates": [ [ [ [ 79.872265100154323, 6.832904075762542 ], [ 79.872277515295139, 6.832905477805582 ], [ 79.872277703253474, 6.832805412040159 ], [ 79.872175455732759, 6.832805219585282 ], [ 79.872175284861555, 6.832895984562072 ], [ 79.872265100154323, 6.832904075762542 ] ] ] ] } },
{ "type": "Feature", "properties": { "Sub_class": "Retail", "NAME": null, "Land_Exten": 0.03912021442, "Main_C": "Commercial", "Domain": "Built-up", "Area_m2": 391.365 }, "geometry": { "type": "MultiPolygon", "coordinates": [ [ [ [ 79.872501767542587, 6.833480832574423 ], [ 79.872658138961981, 6.833494429424434 ], [ 79.872660529360019, 6.833476632740485 ], [ 79.872671000166577, 6.833333881553415 ], [ 79.872676957275814, 6.833305672518804 ], [ 79.872497413025258, 6.833296789914982 ], [ 79.872492569276687, 6.833481094277147 ], [ 79.872501767542587, 6.833480832574423 ] ] ] ] } },
{ "type": "Feature", "properties": { "Sub_class": "Low Rise", "NAME": null, "Land_Exten": 5.21813508399, "Main_C": "Residential", "Domain": "Built-up", "Area_m2": 52203.026 }, "geometry": { "type": "MultiPolygon", "coordinates": [ [ [ [ 79.872118246260129, 6.835442737792164 ], [ 79.872156081637911, 6.835447900800034 ], [ 79.872402007546668, 6.835481454505555 ], [ 79.872417089177361, 6.835429068097085 ], [ 79.872494636818089, 6.834883627477495 ], [ 79.872495029821835, 6.834674571973949 ], [ 79.87254679210082, 6.834276952019763 ], [ 79.872550057539172, 6.834254900643202 ], [ 79.872518592059407, 6.834247581061049 ], [ 79.872467458406561, 6.834243834485449 ], [ 79.87241997779978, 6.834240094205029 ], [ 79.872372497193055, 6.834236353924666 ], [ 79.872306765744725, 6.834225276975019 ], [ 79.87224835477781, 6.834206912818843 ], [ 79.872175351411386, 6.834177567041138 ], [ 79.872124245637508, 6.834159216374758 ], [ 79.872062174429857, 6.834144495372186 ], [ 79.872047548755404, 6.834151769988239 ], [ 79.872011034481716, 6.834144399144748 ], [ 79.871967213216351, 6.834137014811461 ], [ 79.871912447201737, 6.834122308198005 ], [ 79.871890530723476, 6.834122266829183 ], [ 79.871795562315413, 6.83411843751594 ], [ 79.871664066143808, 6.83411453895485 ], [ 79.871621821390022, 6.834120855792889 ], [ 79.871543486842484, 6.834132567663914 ], [ 79.871539916534005, 6.834088749096566 ], [ 79.87160931361899, 6.83409253074575 ], [ 79.871621271004926, 6.8340925532288 ], [ 79.871653148374151, 6.834092612584072 ], [ 79.871755435465047, 6.834089153791467 ], [ 79.87190155101581, 6.834089428084667 ], [ 79.87200746327386, 6.834100580577399 ], [ 79.872080514304344, 6.834104368521821 ], [ 79.872102410997513, 6.834115362733826 ], [ 79.872179045826385, 6.834155667650009 ], [ 79.872219193361161, 6.834173998531242 ], [ 79.872321453472352, 6.834185143829359 ], [ 79.872445595887598, 6.834214584935182 ], [ 79.872522306259498, 6.834214728826737 ], [ 79.872555995762639, 6.834214791779289 ], [ 79.87261396426311, 6.833823272825839 ], [ 79.872652836559212, 6.833533898870371 ], [ 79.87254552675472, 6.833521076336638 ], [ 79.87242500231207, 6.833509896864314 ], [ 79.872267950105879, 6.833498649043463 ], [ 79.872143772617051, 6.833487463275844 ], [ 79.872019602322837, 6.833472625361424 ], [ 79.871917328721793, 6.833468782558327 ], [ 79.871818701871632, 6.833468597297951 ], [ 79.87180041685582, 6.833479515966928 ], [ 79.871730991891809, 6.833490338408467 ], [ 79.871676205192784, 6.833486584638194 ], [ 79.871639635161102, 6.833508421976148 ], [ 79.87161035053731, 6.833541226546402 ], [ 79.871625120103261, 6.833457280229368 ], [ 79.871698170234424, 6.83346106907311 ], [ 79.871774880606324, 6.833461212964664 ], [ 79.871796797983905, 6.833461254333486 ], [ 79.871774921975145, 6.833439306378921 ], [ 79.87174940730938, 6.833410050533473 ], [ 79.871756808729799, 6.833358950155457 ], [ 79.871789787768535, 6.833304246194075 ], [ 79.871826405464276, 6.833256851922215 ], [ 79.871851927324656, 6.8332824574195 ], [ 79.871815330313325, 6.833318898848177 ], [ 79.871793350882513, 6.833351716908282 ], [ 79.871775038886994, 6.833377239667925 ], [ 79.871796880721547, 6.833417442061375 ], [ 79.871837021061708, 6.833439423290827 ], [ 79.871935647911869, 6.833439608551146 ], [ 79.872103666451096, 6.833447225808868 ], [ 79.872235135643052, 6.833465728460624 ], [ 79.872322783569643, 6.833476845879773 ], [ 79.872381216120289, 6.833484257192765 ], [ 79.872492569276687, 6.833481094277147 ], [ 79.872497413025258, 6.833296789914982 ], [ 79.872676957275814, 6.833305672518804 ], [ 79.87275052451713, 6.832957272460192 ], [ 79.872674460757821, 6.832944455322377 ], [ 79.872623327104918, 6.832940707847456 ], [ 79.872535671983712, 6.832933241675789 ], [ 79.872385911480706, 6.832929309839813 ], [ 79.872261707012228, 6.832932727263596 ], [ 79.872141190663456, 6.832917897443053 ], [ 79.872038958431233, 6.832892148054214 ], [ 79.871940406224837, 6.832851801769266 ], [ 79.871816324963504, 6.832789501234515 ], [ 79.871736079356651, 6.832727282538087 ], [ 79.871710508932892, 6.832727234874028 ], [ 79.871648293833744, 6.832789185572494 ], [ 79.871527557151126, 6.832891187578298 ], [ 79.871410466320015, 6.832996847126822 ], [ 79.87132262593849, 6.833087958342674 ], [ 79.871190868064161, 6.833222798193617 ], [ 79.871136006721372, 6.83325920544803 ], [ 79.871084880263084, 6.83325180762489 ], [ 79.870935215088139, 6.833196761021725 ], [ 79.870759994777984, 6.833134364259536 ], [ 79.870610323307858, 6.833082968004646 ], [ 79.87057004537138, 6.833134006329374 ], [ 79.870434601175987, 6.833287095223341 ], [ 79.870352482281305, 6.833372135116008 ], [ 79.870489440035669, 6.833439048273533 ], [ 79.870612278433953, 6.833518819038318 ], [ 79.870612155226866, 6.833583897578876 ], [ 79.870575765059584, 6.833699524313658 ], [ 79.870532126356579, 6.83382236810786 ], [ 79.870481225628112, 6.833959660410073 ], [ 79.870451851072119, 6.834190994818584 ], [ 79.870647573226961, 6.834228366146249 ], [ 79.870919163988276, 6.834275233415326 ], [ 79.871143770568608, 6.834331158656084 ], [ 79.871339588051626, 6.834402917360819 ], [ 79.871373958341565, 6.834550158862783 ], [ 79.871430024775862, 6.834675797749924 ], [ 79.871533803842055, 6.834762567038865 ], [ 79.871641954512654, 6.834827701337417 ], [ 79.871394432307284, 6.835177862268552 ], [ 79.871356455735906, 6.83527928870825 ], [ 79.871474865872415, 6.835307392522168 ], [ 79.871641685615373, 6.83533873209683 ], [ 79.871984545850182, 6.83541018503206 ], [ 79.871971101884924, 6.835529872205882 ], [ 79.871488071517319, 6.835389483537881 ], [ 79.871445978748966, 6.835524456488542 ], [ 79.871238100458015, 6.835451189620755 ], [ 79.871116449164845, 6.83574073444737 ], [ 79.871333277508825, 6.835821041208135 ], [ 79.871523502108005, 6.835878469216027 ], [ 79.871926884917855, 6.835943907485387 ], [ 79.872181873294892, 6.835974824378695 ], [ 79.872259735698321, 6.835974970068889 ], [ 79.872263037109519, 6.835964166513122 ], [ 79.872307346706748, 6.835810257437458 ], [ 79.872356367852149, 6.835675724255339 ], [ 79.872094944825903, 6.83557927736183 ], [ 79.872118246260129, 6.835442737792164 ] ] ] ] } },
{ "type": "Feature", "properties": { "Sub_class": "Barren Land", "NAME": null, "Land_Exten": 0.057938686886900001, "Main_C": "Barren Land", "Domain": "Non Built-up", "Area_m2": 579.628 }, "geometry": { "type": "MultiPolygon", "coordinates": [ [ [ [ 79.872402007546668, 6.835481454505555 ], [ 79.872118246260129, 6.835442737792164 ], [ 79.872094944825903, 6.83557927736183 ], [ 79.872356367852149, 6.835675724255339 ], [ 79.872402007546668, 6.835481454505555 ] ] ] ] } },
{ "type": "Feature", "properties": { "Sub_class": "Barren Land", "NAME": null, "Land_Exten": 0.013526423959800001, "Main_C": "Barren Land", "Domain": "Non Built-up", "Area_m2": 135.32 }, "geometry": { "type": "MultiPolygon", "coordinates": [ [ [ [ 79.871022417850384, 6.832543813646112 ], [ 79.870982442985394, 6.832534296120912 ], [ 79.870895607146622, 6.832564685112175 ], [ 79.870954036999251, 6.83264611872346 ], [ 79.871030808525063, 6.83261340408535 ], [ 79.87107102171035, 6.832597049913943 ], [ 79.871022417850384, 6.832543813646112 ] ] ] ] } },
{ "type": "Feature", "properties": { "Sub_class": "Factory", "NAME": null, "Land_Exten": 0.35554024005399998, "Main_C": "Industrial", "Domain": "Built-up", "Area_m2": 3556.876 }, "geometry": { "type": "MultiPolygon", "coordinates": [ [ [ [ 79.870323244422252, 6.833177589274385 ], [ 79.870383651884083, 6.833288904659298 ], [ 79.870405411880313, 6.833268785026462 ], [ 79.870438390919048, 6.833214081964343 ], [ 79.870494272992346, 6.833130641965624 ], [ 79.870534469090558, 6.833095425413603 ], [ 79.870582058515254, 6.833031973746643 ], [ 79.870618316482194, 6.832980718685292 ], [ 79.870672752445614, 6.832907835827996 ], [ 79.870786203720399, 6.832794867489213 ], [ 79.870846586001221, 6.83273656444095 ], [ 79.87065684343861, 6.832530331009991 ], [ 79.870560303914942, 6.832487756205012 ], [ 79.87053108763962, 6.832484050098856 ], [ 79.870458064488162, 6.832465657164391 ], [ 79.870436078762054, 6.832502126471979 ], [ 79.870406766259293, 6.832549535133012 ], [ 79.870366979352696, 6.832617413263051 ], [ 79.870355461735244, 6.832637063449795 ], [ 79.870322599608357, 6.832629698901542 ], [ 79.870272455209715, 6.832617068822742 ], [ 79.870194449814051, 6.832744393938697 ], [ 79.870189139317404, 6.832916334421327 ], [ 79.870323244422252, 6.833177589274385 ] ] ] ] } },
{ "type": "Feature", "properties": { "Sub_class": "High Rise", "NAME": null, "Land_Exten": 0.0627479158329, "Main_C": "Residential", "Domain": "Built-up", "Area_m2": 627.739 }, "geometry": { "type": "MultiPolygon", "coordinates": [ [ [ [ 79.87072389868905, 6.832904280807952 ], [ 79.870669003171997, 6.83295894340057 ], [ 79.870625038015135, 6.833028229868944 ], [ 79.870621364284602, 6.833039176416889 ], [ 79.870643226803509, 6.833068425967156 ], [ 79.870712596908902, 6.833086811707062 ], [ 79.870771022264933, 6.833097874267537 ], [ 79.870858636017317, 6.83312724702489 ], [ 79.870953254589097, 6.832957417251066 ], [ 79.870766532849245, 6.832863951610136 ], [ 79.87072389868905, 6.832904280807952 ] ] ] ] } },
{ "type": "Feature", "properties": { "Sub_class": "Parking", "NAME": null, "Land_Exten": 0.057938909593799999, "Main_C": "Transport", "Domain": "Built-up", "Area_m2": 579.629 }, "geometry": { "type": "MultiPolygon", "coordinates": [ [ [ [ 79.870189139317404, 6.832916334421327 ], [ 79.87016644582485, 6.832947898826546 ], [ 79.870014160924825, 6.833081148676115 ], [ 79.869892620248265, 6.833164940309814 ], [ 79.869990662539124, 6.833221181212593 ], [ 79.870044727082529, 6.833241561648776 ], [ 79.87022313009345, 6.833075963185195 ], [ 79.87023135889018, 6.833068326142381 ], [ 79.870256970682703, 6.833048479903482 ], [ 79.870189139317404, 6.832916334421327 ] ] ] ] } },
{ "type": "Feature", "properties": { "Sub_class": "Low Rise", "NAME": null, "Land_Exten": 0.060011508791599999, "Main_C": "Residential", "Domain": "Built-up", "Area_m2": 600.364 }, "geometry": { "type": "MultiPolygon", "coordinates": [ [ [ [ 79.870256970682703, 6.833048479903482 ], [ 79.87023135889018, 6.833068326142381 ], [ 79.87022313009345, 6.833075963185195 ], [ 79.870044727082529, 6.833241561648776 ], [ 79.870202349458907, 6.833300978957084 ], [ 79.870222005940889, 6.83330838847138 ], [ 79.870290430858745, 6.833341818969814 ], [ 79.870317612867609, 6.83333798965657 ], [ 79.870354182899291, 6.833316152318616 ], [ 79.870383651884083, 6.833288904659298 ], [ 79.870323244422252, 6.833177589274385 ], [ 79.870256970682703, 6.833048479903482 ] ] ] ] } },
{ "type": "Feature", "properties": { "Sub_class": "Low Rise", "NAME": null, "Land_Exten": 1.2324765814900001, "Main_C": "Residential", "Domain": "Built-up", "Area_m2": 12329.869 }, "geometry": { "type": "MultiPolygon", "coordinates": [ [ [ [ 79.869340374458773, 6.832980893153717 ], [ 79.869324916012147, 6.833062447274187 ], [ 79.86929101876558, 6.833146687669569 ], [ 79.869648939047352, 6.833312306817561 ], [ 79.869614050747884, 6.83344036937757 ], [ 79.869562117597695, 6.833630999571028 ], [ 79.869402674094204, 6.83359622818341 ], [ 79.869402609343013, 6.833630699197442 ], [ 79.869393678175754, 6.833794418977277 ], [ 79.869065835719823, 6.833768911506127 ], [ 79.869063394060447, 6.833775804809591 ], [ 79.869061769884809, 6.833780873388662 ], [ 79.869027471540619, 6.833887914295872 ], [ 79.86897226755616, 6.83415208654958 ], [ 79.869012250515027, 6.834144899167825 ], [ 79.869084623456672, 6.834130572967638 ], [ 79.869222121703615, 6.834109139425266 ], [ 79.869402958279977, 6.83412394226616 ], [ 79.869576602078553, 6.834117038170803 ], [ 79.869714073345847, 6.834110065726975 ], [ 79.869880468608812, 6.834110379590413 ], [ 79.870126390020914, 6.834139765837563 ], [ 79.870386740155993, 6.834190872510817 ], [ 79.870415896176723, 6.834075232286182 ], [ 79.870416263999459, 6.833879997563884 ], [ 79.870467096379457, 6.833778859806557 ], [ 79.870539755305515, 6.833612684877551 ], [ 79.870539837143838, 6.833569299783392 ], [ 79.87046758650996, 6.833518547443077 ], [ 79.870344748111677, 6.833438775778916 ], [ 79.870077300527043, 6.833315346526092 ], [ 79.869874882919589, 6.833235425574458 ], [ 79.869571357232417, 6.833061311430413 ], [ 79.869338973314996, 6.832965160413892 ], [ 79.869340374458773, 6.832980893153717 ] ] ] ] } },
{ "type": "Feature", "properties": { "Sub_class": "Retail", "NAME": null, "Land_Exten": 1.02877085378, "Main_C": "Commercial", "Domain": "Built-up", "Area_m2": 10291.976 }, "geometry": { "type": "MultiPolygon", "coordinates": [ [ [ [ 79.871042405282822, 6.834821248701701 ], [ 79.871501193525319, 6.83502683102347 ], [ 79.871641954512654, 6.834827701337417 ], [ 79.871533803842055, 6.834762567038865 ], [ 79.871430024775862, 6.834675797749924 ], [ 79.871373958341565, 6.834550158862783 ], [ 79.871339588051626, 6.834402917360819 ], [ 79.871143770568608, 6.834331158656084 ], [ 79.87093437781931, 6.834277859435701 ], [ 79.870647573226961, 6.834228366146249 ], [ 79.870451851072119, 6.834190994818584 ], [ 79.870393892464222, 6.834234271094772 ], [ 79.870292622506554, 6.834226849889262 ], [ 79.870262417876347, 6.834400956838749 ], [ 79.870241795522475, 6.834933956237137 ], [ 79.870407414670524, 6.834946584517297 ], [ 79.870576255190088, 6.834981531272717 ], [ 79.87073639297023, 6.835038106723289 ], [ 79.870896474093058, 6.835124982132243 ], [ 79.870936552380044, 6.835178601511302 ], [ 79.870949200445295, 6.835168106422998 ], [ 79.871042405282822, 6.834821248701701 ] ] ] ] } },
{ "type": "Feature", "properties": { "Sub_class": "Low Rise", "NAME": null, "Land_Exten": 2.9926172690500001, "Main_C": "Residential", "Domain": "Built-up", "Area_m2": 29938.583 }, "geometry": { "type": "MultiPolygon", "coordinates": [ [ [ [ 79.872124442588984, 6.836417711708066 ], [ 79.872140328213618, 6.836365726397219 ], [ 79.871408439248114, 6.836075151846842 ], [ 79.871288988596007, 6.836371406515241 ], [ 79.871172488619493, 6.836303936677382 ], [ 79.870951724842257, 6.836292107894508 ], [ 79.870905952048133, 6.836341482473472 ], [ 79.870807900764078, 6.836334675504929 ], [ 79.870834854345105, 6.835597711665116 ], [ 79.870872925345282, 6.835523948371588 ], [ 79.870863407820082, 6.835307417703234 ], [ 79.870877223205355, 6.835248842160411 ], [ 79.870890305643172, 6.8352333531368 ], [ 79.870936552380044, 6.835178601511302 ], [ 79.870896474093058, 6.835124982132243 ], [ 79.87073639297023, 6.835038106723289 ], [ 79.870576255190088, 6.834981531272717 ], [ 79.870407414670524, 6.834946584517297 ], [ 79.870241795522475, 6.834933956237137 ], [ 79.870262417876347, 6.834400956838749 ], [ 79.870292622506554, 6.834226849889262 ], [ 79.870209451405117, 6.834212231409424 ], [ 79.870126281203, 6.834197612929529 ], [ 79.870060926570545, 6.834186125889062 ], [ 79.870056431758996, 6.834658203413426 ], [ 79.870043833156444, 6.835347176730863 ], [ 79.870406264437634, 6.835347858416981 ], [ 79.870398757796465, 6.835492463106732 ], [ 79.870412342055999, 6.8359625000694 ], [ 79.870506861702381, 6.836050346746163 ], [ 79.870587763814285, 6.836114592514491 ], [ 79.870618696895406, 6.836226426808196 ], [ 79.870599660945629, 6.836333502788989 ], [ 79.870540174389589, 6.836521479982366 ], [ 79.870267184283193, 6.836515275559577 ], [ 79.87012138889105, 6.836511962457166 ], [ 79.870045245991378, 6.836316846445357 ], [ 79.869800161848048, 6.836333502788989 ], [ 79.869766930999106, 6.83607317603628 ], [ 79.869718780397477, 6.836072918830212 ], [ 79.869518252265607, 6.836072541114902 ], [ 79.869513034399063, 6.836106863740838 ], [ 79.869471732134798, 6.836366831664009 ], [ 79.86944076667811, 6.83655543388619 ], [ 79.869414961531334, 6.836713451964272 ], [ 79.869414576621466, 6.83691740831182 ], [ 79.869414374274015, 6.837024485191876 ], [ 79.869450085453138, 6.837024552641026 ], [ 79.869521497019548, 6.837029786695325 ], [ 79.86967464886601, 6.83697398646035 ], [ 79.86974100804116, 6.836953715741458 ], [ 79.869883975964797, 6.836887699207978 ], [ 79.869970778528682, 6.836847070535953 ], [ 79.870062654168237, 6.836821749224384 ], [ 79.87026157611092, 6.836842519067034 ], [ 79.870470700862199, 6.836863308694774 ], [ 79.870511512995961, 6.836863385137178 ], [ 79.870531947391498, 6.836848127239307 ], [ 79.87058303967558, 6.836807432017395 ], [ 79.87065977432917, 6.836695399872838 ], [ 79.870700557684643, 6.836710772883919 ], [ 79.870929906390131, 6.836828479750579 ], [ 79.87114904149513, 6.836951266887525 ], [ 79.871271382568295, 6.837002485975972 ], [ 79.871347848324604, 6.83703322300488 ], [ 79.871465116322099, 6.837069136531454 ], [ 79.871612984651563, 6.83711020587134 ], [ 79.87174043657194, 6.837156335696363 ], [ 79.871776137858546, 6.837161501402193 ], [ 79.871837566950205, 6.837049440479348 ], [ 79.871957913327094, 6.836784425560836 ], [ 79.872124442588984, 6.836417711708066 ] ] ] ] } },
{ "type": "Feature", "properties": { "Sub_class": "Low Rise", "NAME": null, "Land_Exten": 0.45871033235499997, "Main_C": "Residential", "Domain": "Built-up", "Area_m2": 4589.003 }, "geometry": { "type": "MultiPolygon", "coordinates": [ [ [ [ 79.87034570499037, 6.835926636005468 ], [ 79.870340349527567, 6.835774360098696 ], [ 79.870341016824511, 6.835420045198987 ], [ 79.870189062874999, 6.835434221212381 ], [ 79.869597804495129, 6.835468280336897 ], [ 79.86958025782269, 6.835627690565502 ], [ 79.869560752426821, 6.835790754739605 ], [ 79.869559524852264, 6.835801015104835 ], [ 79.869539006819764, 6.835936001545292 ], [ 79.870027383656861, 6.835932952843564 ], [ 79.870027369267746, 6.835940335378211 ], [ 79.87034570499037, 6.835926636005468 ] ] ] ] } },
{ "type": "Feature", "properties": { "Sub_class": "Temple/Shrine", "NAME": "Dhakshinaramaya Temple", "Land_Exten": 0.52156293562699996, "Main_C": "Cultural", "Domain": "Built-up", "Area_m2": 5217.79 }, "geometry": { "type": "MultiPolygon", "coordinates": [ [ [ [ 79.870618696895406, 6.836226426808196 ], [ 79.870587763814285, 6.836114592514491 ], [ 79.870412342055999, 6.8359625000694 ], [ 79.870358150708171, 6.835968414910496 ], [ 79.87034570499037, 6.835926636005468 ], [ 79.870027369267746, 6.835940335378211 ], [ 79.870027383656861, 6.835932952843564 ], [ 79.869539006819764, 6.835936001545292 ], [ 79.869518252265607, 6.836072541114902 ], [ 79.869766930999106, 6.83607317603628 ], [ 79.869800161848048, 6.836333502788989 ], [ 79.870045245991378, 6.836316846445357 ], [ 79.87012138889105, 6.836511962457166 ], [ 79.870540174389589, 6.836521479982366 ], [ 79.870599660945629, 6.836333502788989 ], [ 79.870618696895406, 6.836226426808196 ] ] ] ] } },
{ "type": "Feature", "properties": { "Sub_class": "Barren Land", "NAME": null, "Land_Exten": 0.33830584020299997, "Main_C": "Barren Land", "Domain": "Non Built-up", "Area_m2": 11.618 }, "geometry": { "type": "MultiPolygon", "coordinates": [ [ [ [ 79.872274203991367, 6.836058498201169 ], [ 79.872232670601306, 6.836187854885623 ], [ 79.872241670847927, 6.836192682613184 ], [ 79.872241897238723, 6.836192030882107 ], [ 79.872253106453485, 6.836154937046735 ], [ 79.872258920709498, 6.836128549269348 ], [ 79.872266188529551, 6.836097912612552 ], [ 79.8722749099136, 6.836063027076348 ], [ 79.872285084861659, 6.836023892660733 ], [ 79.872292741722063, 6.835995326681582 ], [ 79.872274203991367, 6.836058498201169 ] ] ] ] } },
{ "type": "Feature", "properties": { "Sub_class": "Barren Land", "NAME": null, "Land_Exten": 1.2117664339400001, "Main_C": "Barren Land", "Domain": "Non Built-up", "Area_m2": 12122.695 }, "geometry": { "type": "MultiPolygon", "coordinates": [ [ [ [ 79.871408439248114, 6.836075151846842 ], [ 79.872140328213618, 6.836365726397219 ], [ 79.872259735698321, 6.835974970068889 ], [ 79.872181873294892, 6.835974824378695 ], [ 79.871926884917855, 6.835943907485387 ], [ 79.871523502108005, 6.835878469216027 ], [ 79.871491622940084, 6.835868845570815 ], [ 79.871333277508825, 6.835821041208135 ], [ 79.871116449164845, 6.83574073444737 ], [ 79.871238100458015, 6.835451189620755 ], [ 79.871445978748966, 6.835524456488542 ], [ 79.871473794779888, 6.835437072962577 ], [ 79.871488071517319, 6.835389483537881 ], [ 79.871971101884924, 6.835529872205882 ], [ 79.871984545850182, 6.83541018503206 ], [ 79.871356455735906, 6.83527928870825 ], [ 79.871394432307284, 6.835177862268552 ], [ 79.871501193525319, 6.83502683102347 ], [ 79.871042405282822, 6.834821248701701 ], [ 79.870949200445295, 6.835168106422998 ], [ 79.870936552380044, 6.835178601511302 ], [ 79.870877223205355, 6.835248842160411 ], [ 79.870863407820082, 6.835307417703234 ], [ 79.870872925345282, 6.835523948371588 ], [ 79.870834854345105, 6.835597711665116 ], [ 79.870807900764078, 6.836334675504929 ], [ 79.870905952048133, 6.836341482473472 ], [ 79.870951724842257, 6.836292107894508 ], [ 79.871172488619493, 6.836303936677382 ], [ 79.871288988596007, 6.836371406515241 ], [ 79.871408439248114, 6.836075151846842 ] ] ] ] } },
{ "type": "Feature", "properties": { "Sub_class": "Low Rise", "NAME": null, "Land_Exten": 1.51872802605, "Main_C": "Residential", "Domain": "Built-up", "Area_m2": 32.297 }, "geometry": { "type": "MultiPolygon", "coordinates": [ [ [ [ 79.871907785116264, 6.837092943384675 ], [ 79.871959973105191, 6.837120165282004 ], [ 79.871952330516322, 6.837095896117043 ], [ 79.871946963510752, 6.83702534235632 ], [ 79.871950416555833, 6.836991340432842 ], [ 79.871907785116264, 6.837092943384675 ] ] ] ] } },
{ "type": "Feature", "properties": { "Sub_class": "Low Rise", "NAME": null, "Land_Exten": 0.300456917883, "Main_C": "Residential", "Domain": "Built-up", "Area_m2": 3000.529 }, "geometry": { "type": "MultiPolygon", "coordinates": [ [ [ [ 79.871828392066675, 6.837294764741671 ], [ 79.871816494036011, 6.83738399457576 ], [ 79.871820460046251, 6.83750693279876 ], [ 79.871816494036011, 6.837661598204249 ], [ 79.871770091716428, 6.837802561539036 ], [ 79.871868294985859, 6.837822383496245 ], [ 79.871971447224553, 6.837822577749819 ], [ 79.872059900044405, 6.837803105628893 ], [ 79.872143487531957, 6.837759077519479 ], [ 79.872211088670838, 6.837701255608522 ], [ 79.872266609216695, 6.837560471238817 ], [ 79.872320146757431, 6.83744744624272 ], [ 79.872334938818184, 6.837389521323574 ], [ 79.872326721084576, 6.837384554361934 ], [ 79.872307349548848, 6.837373848303948 ], [ 79.872281255279574, 6.837360081375598 ], [ 79.872248438276756, 6.837343253576884 ], [ 79.872208898540407, 6.837323364907805 ], [ 79.872162636070527, 6.837300415368363 ], [ 79.872109650867088, 6.837274404958555 ], [ 79.872049942930133, 6.837245333678384 ], [ 79.872042451370234, 6.837238927259586 ], [ 79.8718762252077, 6.837155396804178 ], [ 79.871828392066675, 6.837294764741671 ] ] ] ] } },
{ "type": "Feature", "properties": { "Sub_class": "High Rise", "NAME": null, "Land_Exten": 0.054173542584700002, "Main_C": "Residential", "Domain": "Built-up", "Area_m2": 541.96 }, "geometry": { "type": "MultiPolygon", "coordinates": [ [ [ [ 79.871699503928994, 6.837957047979444 ], [ 79.871621951791724, 6.837950324647807 ], [ 79.871616466826538, 6.838201421658312 ], [ 79.871788977479412, 6.838201421658312 ], [ 79.871792943489595, 6.83794959529763 ], [ 79.871743672332684, 6.83791601731042 ], [ 79.871699503928994, 6.837957047979444 ] ] ] ] } },
{ "type": "Feature", "properties": { "Sub_class": "Low Rise", "NAME": null, "Land_Exten": 3.5103974815000001, "Main_C": "Residential", "Domain": "Built-up", "Area_m2": 35118.563 }, "geometry": { "type": "MultiPolygon", "coordinates": [ [ [ [ 79.872282472358279, 6.837677461345834 ], [ 79.872234882933583, 6.837730998886514 ], [ 79.872177816453132, 6.837788598664929 ], [ 79.872079474688064, 6.8378424185928 ], [ 79.871986099878654, 6.837866790220232 ], [ 79.871873124345257, 6.837866577980265 ], [ 79.871779842166063, 6.837841855617171 ], [ 79.871743672332684, 6.83791601731042 ], [ 79.871792943489595, 6.83794959529763 ], [ 79.871788977479412, 6.838201421658312 ], [ 79.871616466826538, 6.838201421658312 ], [ 79.871621951791724, 6.837950324647807 ], [ 79.871601656791086, 6.837948565573868 ], [ 79.87148818213393, 6.837965796584285 ], [ 79.871426420293119, 6.837960535550337 ], [ 79.871364649459053, 6.837960418638431 ], [ 79.871271964429695, 6.837975679234262 ], [ 79.871143225579431, 6.83800116242378 ], [ 79.870988730145825, 6.838036886193379 ], [ 79.870844530150976, 6.838072629748126 ], [ 79.870715763421799, 6.83811354710258 ], [ 79.870664219678076, 6.838149464226433 ], [ 79.870658955946112, 6.838211193691677 ], [ 79.87064834034868, 6.838380956915671 ], [ 79.870596321762889, 6.838668975592782 ], [ 79.870570332255113, 6.83880269578782 ], [ 79.870642311293693, 6.838849135878945 ], [ 79.870832645610164, 6.838916378188344 ], [ 79.8709972620141, 6.838973281891469 ], [ 79.871100156147349, 6.839004345374292 ], [ 79.87116189820307, 6.839019896451134 ], [ 79.871326504714489, 6.839081945175678 ], [ 79.871444850999126, 6.83910789241537 ], [ 79.871635234778296, 6.839149410516939 ], [ 79.871934611892868, 6.839198391192838 ], [ 79.871969415656054, 6.838944573733158 ], [ 79.871976895317516, 6.838814431041214 ], [ 79.872121887615094, 6.838655622459044 ], [ 79.87213222712063, 6.838651216680375 ], [ 79.87205483416335, 6.838651071889501 ], [ 79.87207725606055, 6.838288957169709 ], [ 79.872620701983863, 6.838326193599016 ], [ 79.872634887889831, 6.838464835783611 ], [ 79.872631313084696, 6.838463833039498 ], [ 79.872600235212758, 6.838698535409151 ], [ 79.87222735830602, 6.838670971188435 ], [ 79.872027483081922, 6.838843449465685 ], [ 79.87200548026874, 6.839002489173595 ], [ 79.872012538148169, 6.839096504300301 ], [ 79.871980396378262, 6.839205881646194 ], [ 79.871985165483068, 6.839206662257709 ], [ 79.872227063328353, 6.839227696501041 ], [ 79.872381501205382, 6.839222841960634 ], [ 79.872458666634202, 6.839248711858602 ], [ 79.872520370918437, 6.839284842121799 ], [ 79.872587260693592, 6.839300402191839 ], [ 79.872612978606128, 6.839310740798112 ], [ 79.872705829110771, 6.83920801573737 ], [ 79.872958526015225, 6.838961533148279 ], [ 79.873020355305187, 6.838930779032296 ], [ 79.873066682981118, 6.838930866266537 ], [ 79.873067652450231, 6.838931159445508 ], [ 79.87310217292702, 6.838831708816372 ], [ 79.873109179545054, 6.838811522633705 ], [ 79.873183219829798, 6.838620190969095 ], [ 79.873183652403668, 6.838618687302642 ], [ 79.873202996820908, 6.838551495355262 ], [ 79.873217899486519, 6.8384631522527 ], [ 79.873247537543875, 6.838374837029164 ], [ 79.873277350969033, 6.838193241425017 ], [ 79.873287239014928, 6.838158893618072 ], [ 79.873272567475055, 6.838124499945764 ], [ 79.873071461079121, 6.837971928162005 ], [ 79.872894887289249, 6.837834130440797 ], [ 79.872826238440211, 6.837770178750816 ], [ 79.872679136333147, 6.837632436787601 ], [ 79.872541812554687, 6.837519260705392 ], [ 79.872453442472477, 6.837494547335552 ], [ 79.872379845553496, 6.837450223349151 ], [ 79.872282472358279, 6.837677461345834 ] ] ] ] } },
{ "type": "Feature", "properties": { "Sub_class": "Temple/Shrine", "NAME": "Baudhdhayathanaya", "Land_Exten": 0.248139767018, "Main_C": "Cultural", "Domain": "Built-up", "Area_m2": 2482.429 }, "geometry": { "type": "MultiPolygon", "coordinates": [ [ [ [ 79.872172570707619, 6.83863402524014 ], [ 79.872244877099433, 6.838655853584839 ], [ 79.87222735830602, 6.838670971188435 ], [ 79.872600235212758, 6.838698535409151 ], [ 79.872631313084696, 6.838463833039498 ], [ 79.872634887889831, 6.838464835783611 ], [ 79.872620701983863, 6.838326193599016 ], [ 79.87207725606055, 6.838288957169709 ], [ 79.87205483416335, 6.838651071889501 ], [ 79.87213222712063, 6.838651216680375 ], [ 79.872172570707619, 6.83863402524014 ] ] ] ] } },
{ "type": "Feature", "properties": { "Sub_class": "Low Rise", "NAME": null, "Land_Exten": 1.35841798483, "Main_C": "Residential", "Domain": "Built-up", "Area_m2": 13589.822 }, "geometry": { "type": "MultiPolygon", "coordinates": [ [ [ [ 79.872187687411895, 6.839251145424043 ], [ 79.871954529178254, 6.839234816433702 ], [ 79.871758508448465, 6.83919736866369 ], [ 79.871620754794037, 6.839175922530842 ], [ 79.871573037665598, 6.839186426612343 ], [ 79.87154099032449, 6.839318791529081 ], [ 79.871503712526362, 6.839414067505231 ], [ 79.871418577305576, 6.839594004759533 ], [ 79.871365360822779, 6.839710439085536 ], [ 79.87133338272946, 6.839805724954317 ], [ 79.87125896652816, 6.839922118810762 ], [ 79.871246262704915, 6.839924633315206 ], [ 79.871160947619671, 6.840037175375414 ], [ 79.871073683703571, 6.840186737128249 ], [ 79.871063034831252, 6.840206962881098 ], [ 79.871516507181127, 6.840376384362685 ], [ 79.87142445797241, 6.840522228318207 ], [ 79.871013075692929, 6.840306694998048 ], [ 79.870940316042834, 6.840440052766269 ], [ 79.870887417020754, 6.840551857382366 ], [ 79.870906217348136, 6.84058488408516 ], [ 79.870995497544243, 6.840647840225699 ], [ 79.871152389671124, 6.840732657985825 ], [ 79.871268229545194, 6.840805323207121 ], [ 79.871350293581258, 6.840851361301304 ], [ 79.871376839769425, 6.840868315320563 ], [ 79.87141309144107, 6.840863554309635 ], [ 79.871456641111138, 6.840832241714622 ], [ 79.871524476073773, 6.840735772338064 ], [ 79.871621409500506, 6.840583814791273 ], [ 79.871752278844667, 6.8403739624884 ], [ 79.871950991245285, 6.840062810550307 ], [ 79.872181313916542, 6.839645461269072 ], [ 79.872280726774193, 6.839459699105873 ], [ 79.872379061344645, 6.839266220759555 ], [ 79.872187687411895, 6.839251145424043 ] ] ] ] } },
{ "type": "Feature", "properties": { "Sub_class": "Low Rise", "NAME": null, "Land_Exten": 1.6360003601199999, "Main_C": "Residential", "Domain": "Built-up", "Area_m2": 16366.807 }, "geometry": { "type": "MultiPolygon", "coordinates": [ [ [ [ 79.871733902997278, 6.841008759746501 ], [ 79.871852876109415, 6.840831093280372 ], [ 79.872805161029419, 6.841393453744956 ], [ 79.87286121217528, 6.841300244410775 ], [ 79.872694650537767, 6.841157476136686 ], [ 79.872605420703678, 6.84110393859595 ], [ 79.872496361717765, 6.84104246903479 ], [ 79.872401183767693, 6.840994879610037 ], [ 79.872319885054708, 6.840935393053996 ], [ 79.872302038908003, 6.840903666770828 ], [ 79.872383337620988, 6.840764865406243 ], [ 79.872629214966366, 6.840364322655432 ], [ 79.872754137093807, 6.840124393426038 ], [ 79.872924664741561, 6.839817046519556 ], [ 79.873007945560289, 6.839652466987786 ], [ 79.873051569874121, 6.839501767592537 ], [ 79.872801725619183, 6.839416503768689 ], [ 79.872678787396183, 6.839366932238192 ], [ 79.872551234751768, 6.839330489910253 ], [ 79.872417368866536, 6.83927667897558 ], [ 79.872261170116985, 6.839580407909523 ], [ 79.872156883833156, 6.839787895894744 ], [ 79.872047820350701, 6.839966395133104 ], [ 79.871938737982418, 6.840154554888841 ], [ 79.871664909707874, 6.840579066370879 ], [ 79.871560705262368, 6.840743085624922 ], [ 79.87148558579122, 6.840858860747858 ], [ 79.871733902997278, 6.841008759746501 ] ] ] ] } },
{ "type": "Feature", "properties": { "Sub_class": "Barren Land", "NAME": null, "Land_Exten": 0.081576464171300003, "Main_C": "Barren Land", "Domain": "Non Built-up", "Area_m2": 816.103 }, "geometry": { "type": "MultiPolygon", "coordinates": [ [ [ [ 79.871013075692929, 6.840306694998048 ], [ 79.87142445797241, 6.840522228318207 ], [ 79.871516507181127, 6.840376384362685 ], [ 79.871063034831252, 6.840206962881098 ], [ 79.871013075692929, 6.840306694998048 ] ] ] ] } },
{ "type": "Feature", "properties": { "Sub_class": "Roads", "NAME": null, "Land_Exten": 0.095827261930499993, "Main_C": "Transport", "Domain": "Built-up", "Area_m2": 958.671 }, "geometry": { "type": "MultiPolygon", "coordinates": [ [ [ [ 79.871852876109415, 6.840831093280372 ], [ 79.871733902997278, 6.841008759746501 ], [ 79.87148558579122, 6.840858860747858 ], [ 79.87144826842291, 6.840896018036858 ], [ 79.871754525351093, 6.841081729838038 ], [ 79.871881429584391, 6.840894545846652 ], [ 79.872775970834425, 6.841435397225837 ], [ 79.872790384268853, 6.84141802771984 ], [ 79.872805161029419, 6.841393453744956 ], [ 79.871852876109415, 6.840831093280372 ] ] ] ] } },
{ "type": "Feature", "properties": { "Sub_class": "Retail", "NAME": null, "Land_Exten": 0.027610935415699998, "Main_C": "Commercial", "Domain": "Built-up", "Area_m2": 276.224 }, "geometry": { "type": "MultiPolygon", "coordinates": [ [ [ [ 79.870130192354566, 6.836884220630338 ], [ 79.870015764416053, 6.836877984731245 ], [ 79.869997828337148, 6.836887978897153 ], [ 79.869973944142259, 6.837002277333283 ], [ 79.870167149094698, 6.83701162398728 ], [ 79.870167382918453, 6.836887149722259 ], [ 79.870130192354566, 6.836884220630338 ] ] ] ] } },
{ "type": "Feature", "properties": { "Sub_class": "Agriculture", "NAME": null, "Land_Exten": 0.060542602025600002, "Main_C": "Agriculture", "Domain": "Non Built-up", "Area_m2": 605.677 }, "geometry": { "type": "MultiPolygon", "coordinates": [ [ [ [ 79.869881979469824, 6.837147374851497 ], [ 79.869925673930766, 6.836995607061681 ], [ 79.86993554129225, 6.836922688231539 ], [ 79.869865027249261, 6.836961981410354 ], [ 79.869605862420656, 6.837051794005163 ], [ 79.869512650388572, 6.837067140935858 ], [ 79.869619727268628, 6.837124734419035 ], [ 79.869869999600837, 6.837177887949224 ], [ 79.869881979469824, 6.837147374851497 ] ] ] ] } },
{ "type": "Feature", "properties": { "Sub_class": "Mosque", "NAME": "Jumma Mosque", "Land_Exten": 0.11422924033, "Main_C": "Cultural", "Domain": "Built-up", "Area_m2": 1142.766 }, "geometry": { "type": "MultiPolygon", "coordinates": [ [ [ [ 79.869787138765503, 6.837566590226004 ], [ 79.869717030316735, 6.837733874019136 ], [ 79.870159265637653, 6.837801909530526 ], [ 79.870165213753694, 6.837577843442773 ], [ 79.869808442805436, 6.837505215992962 ], [ 79.869787138765503, 6.837566590226004 ] ] ] ] } },
{ "type": "Feature", "properties": { "Sub_class": "Low Rise", "NAME": null, "Land_Exten": 3.1685974854899999, "Main_C": "Residential", "Domain": "Built-up", "Area_m2": 31699.113 }, "geometry": { "type": "MultiPolygon", "coordinates": [ [ [ [ 79.871729247207043, 6.837840057872427 ], [ 79.871755025374171, 6.83772901588145 ], [ 79.871766922505515, 6.837655649188889 ], [ 79.871764939500395, 6.837606076759073 ], [ 79.871764939500395, 6.837530727960768 ], [ 79.871770887616435, 6.837411754848631 ], [ 79.871778819636859, 6.837338388156127 ], [ 79.871788733763083, 6.837207517912645 ], [ 79.871743813526223, 6.837194278093534 ], [ 79.871617407517419, 6.83715190024003 ], [ 79.871521093723572, 6.837121619167419 ], [ 79.871358536767104, 6.837085193027292 ], [ 79.871250165762604, 6.837060908634101 ], [ 79.871117792751988, 6.836988419679869 ], [ 79.871015490372656, 6.836940066730733 ], [ 79.870895175472015, 6.8368615792985 ], [ 79.870780860848129, 6.836795143681002 ], [ 79.870702638715841, 6.836752856659075 ], [ 79.87064836283173, 6.836788874507022 ], [ 79.870569858312365, 6.836897088130172 ], [ 79.870515615703141, 6.83691504579275 ], [ 79.870365060199447, 6.836902722382774 ], [ 79.870167382918453, 6.836887149722259 ], [ 79.870167149094698, 6.83701162398728 ], [ 79.869973944142259, 6.837002277333283 ], [ 79.86996172415428, 6.837060753950709 ], [ 79.869859880429203, 6.837357030202838 ], [ 79.869808442805436, 6.837505215992962 ], [ 79.870165213753694, 6.837577843442773 ], [ 79.870159265637653, 6.837801909530526 ], [ 79.869717030316735, 6.837733874019136 ], [ 79.869714464550952, 6.837739995704283 ], [ 79.869663385756724, 6.837971289643349 ], [ 79.869590521785199, 6.838245927307753 ], [ 79.869543446772695, 6.838597066701311 ], [ 79.869548736584989, 6.838598840164366 ], [ 79.869789525566205, 6.838671535063327 ], [ 79.869976187051464, 6.838701987007141 ], [ 79.87015685905186, 6.838714367074431 ], [ 79.870343531328956, 6.838738798956456 ], [ 79.870421831702231, 6.838738946445289 ], [ 79.870476017654141, 6.838751088192225 ], [ 79.870530203606052, 6.838763229939161 ], [ 79.870572660599862, 6.838606788372658 ], [ 79.870590933924518, 6.838498462334201 ], [ 79.870603241146739, 6.838360024295753 ], [ 79.870609548092204, 6.838209534442512 ], [ 79.870621685342542, 6.83816139733068 ], [ 79.87065792622235, 6.838107284223838 ], [ 79.870742295220793, 6.838083363156727 ], [ 79.871001437566349, 6.838005589786178 ], [ 79.871158119251845, 6.837963744331375 ], [ 79.871254512186056, 6.837951885870893 ], [ 79.871375008749737, 6.837934052314722 ], [ 79.871483448102708, 6.837922215437914 ], [ 79.87160392218334, 6.837916422005321 ], [ 79.871681657782347, 6.837893595413163 ], [ 79.871729247207043, 6.837840057872427 ] ] ] ] } },
{ "type": "Feature", "properties": { "Sub_class": "School", "NAME": "Al Iman Primary And Girls School", "Land_Exten": 0.15184880677699999, "Main_C": "Institutional", "Domain": "Built-up", "Area_m2": 1519.117 }, "geometry": { "type": "MultiPolygon", "coordinates": [ [ [ [ 79.869875546619255, 6.8387258945844 ], [ 79.869829958186074, 6.838715836566678 ], [ 79.869793056304559, 6.838707695903508 ], [ 79.86973674525467, 6.838693582842609 ], [ 79.869657016757969, 6.838671285051817 ], [ 79.869572937341218, 6.838645100391091 ], [ 79.86957924338742, 6.838921446767415 ], [ 79.869532416587788, 6.838918895390748 ], [ 79.869514301543859, 6.838917907935127 ], [ 79.869517385319114, 6.839204017351562 ], [ 79.869711517472638, 6.839204383375659 ], [ 79.869747203470695, 6.838927601727505 ], [ 79.869808673031912, 6.838927601727505 ], [ 79.869875546619255, 6.8387258945844 ] ] ] ] } },
{ "type": "Feature", "properties": { "Sub_class": "Retail", "NAME": null, "Land_Exten": 0.027398538491100001, "Main_C": "Commercial", "Domain": "Built-up", "Area_m2": 274.099 }, "geometry": { "type": "MultiPolygon", "coordinates": [ [ [ [ 79.870680521688769, 6.83890197464649 ], [ 79.870637393800735, 6.838885117754046 ], [ 79.870557581667128, 6.839061114179117 ], [ 79.870680703351809, 6.839101182573586 ], [ 79.87073772576548, 6.838924230169141 ], [ 79.870680521688769, 6.83890197464649 ] ] ] ] } },
{ "type": "Feature", "properties": { "Sub_class": "Low Rise", "NAME": null, "Land_Exten": 3.6883324337799999, "Main_C": "Residential", "Domain": "Built-up", "Area_m2": 36898.588 }, "geometry": { "type": "MultiPolygon", "coordinates": [ [ [ [ 79.870978246748734, 6.839662307369622 ], [ 79.870810098707125, 6.839624236369445 ], [ 79.87087989599047, 6.839294284103971 ], [ 79.870981475314863, 6.839010901432005 ], [ 79.870867103134344, 6.838974566123397 ], [ 79.87073772576548, 6.838924230169141 ], [ 79.870680703351809, 6.839101182573586 ], [ 79.870557581667128, 6.839061114179117 ], [ 79.870637393800735, 6.838885117754046 ], [ 79.870572183959155, 6.83885963006793 ], [ 79.870475916030784, 6.838805268748217 ], [ 79.87032539380192, 6.838774885152873 ], [ 79.870180871849811, 6.838756552472944 ], [ 79.869875546619255, 6.8387258945844 ], [ 79.869808673031912, 6.838927601727505 ], [ 79.869747203470695, 6.838927601727505 ], [ 79.869711517472638, 6.839204383375659 ], [ 79.869517385319114, 6.839204017351562 ], [ 79.869514301543859, 6.838917907935127 ], [ 79.869532416587788, 6.838918895390748 ], [ 79.869532957080366, 6.838632649277372 ], [ 79.86940419214983, 6.838592548507336 ], [ 79.869085181036326, 6.838477565687128 ], [ 79.868784182444131, 6.838392717350075 ], [ 79.868543381771701, 6.838326042512904 ], [ 79.86817001473446, 6.838289217973056 ], [ 79.867826752502708, 6.838258470152311 ], [ 79.867823057188389, 6.838258770525897 ], [ 79.867808099664103, 6.838686532157794 ], [ 79.867916789028641, 6.838693980342953 ], [ 79.867923416132783, 6.838828097139015 ], [ 79.867970879652432, 6.838831701621757 ], [ 79.86796542886151, 6.838893012902247 ], [ 79.867970763639903, 6.838893267410413 ], [ 79.867962729996066, 6.83930973175876 ], [ 79.867972128810777, 6.839518567827668 ], [ 79.868043543974409, 6.839513863474053 ], [ 79.868210561568219, 6.83950926973705 ], [ 79.868436514433654, 6.839509696015682 ], [ 79.868662403447217, 6.839544488087711 ], [ 79.868790078399456, 6.839564366702234 ], [ 79.868839208362829, 6.839559549933313 ], [ 79.868868763682542, 6.839515420200541 ], [ 79.868868856312702, 6.839466326210015 ], [ 79.86887875425117, 6.839427069004103 ], [ 79.868913203681473, 6.839392767062577 ], [ 79.868996707532062, 6.839392924443985 ], [ 79.869080203288831, 6.839397991224359 ], [ 79.869271734602933, 6.839417990348011 ], [ 79.869497641602948, 6.839442963621934 ], [ 79.869590932775395, 6.839462777485267 ], [ 79.869748053330056, 6.839497440054856 ], [ 79.869890464573359, 6.839517346548348 ], [ 79.870067204737779, 6.839566774187347 ], [ 79.870214454333677, 6.839625965765777 ], [ 79.870238021067848, 6.839634988663818 ], [ 79.870239458184528, 6.839629571147839 ], [ 79.87037191123477, 6.83965992056892 ], [ 79.870528399566069, 6.839720415264992 ], [ 79.870631464570465, 6.839757613023494 ], [ 79.870672351347991, 6.839687859806929 ], [ 79.870766485185186, 6.839727874242044 ], [ 79.870731883769452, 6.839793855701942 ], [ 79.870763144203806, 6.839805138596319 ], [ 79.870895608945261, 6.83982946795561 ], [ 79.871010003608831, 6.839853763140695 ], [ 79.87109431684928, 6.839859941483155 ], [ 79.871208700721013, 6.839890257629349 ], [ 79.871232849316584, 6.839860202286559 ], [ 79.871287171965491, 6.839800104191511 ], [ 79.871323514468656, 6.839691811427997 ], [ 79.87137793874092, 6.839577532776957 ], [ 79.871420248245897, 6.839499352013547 ], [ 79.871480728552854, 6.839367023969032 ], [ 79.871535300313894, 6.839174484514899 ], [ 79.871438985620728, 6.839144203442288 ], [ 79.871348673002899, 6.839125973285093 ], [ 79.871204185225054, 6.839089581319172 ], [ 79.871150016360218, 6.83906840947958 ], [ 79.870978246748734, 6.839662307369622 ] ] ] ] } },
{ "type": "Feature", "properties": { "Sub_class": "High Rise", "NAME": null, "Land_Exten": 0.14284923300899999, "Main_C": "Residential", "Domain": "Built-up", "Area_m2": 1429.085 }, "geometry": { "type": "MultiPolygon", "coordinates": [ [ [ [ 79.87109584749544, 6.839047237639932 ], [ 79.870981475314863, 6.839010901432005 ], [ 79.87087989599047, 6.839294284103971 ], [ 79.870810098707125, 6.839624236369445 ], [ 79.870978246748734, 6.839662307369622 ], [ 79.871150016360218, 6.83906840947958 ], [ 79.87109584749544, 6.839047237639932 ] ] ] ] } },
{ "type": "Feature", "properties": { "Sub_class": "Retail", "NAME": null, "Land_Exten": 0.0098251081890300008, "Main_C": "Commercial", "Domain": "Built-up", "Area_m2": 98.292 }, "geometry": { "type": "MultiPolygon", "coordinates": [ [ [ [ 79.870731883769452, 6.839793855701942 ], [ 79.870766485185186, 6.839727874242044 ], [ 79.870672351347991, 6.839687859806929 ], [ 79.870631464570465, 6.839757613023494 ], [ 79.870731883769452, 6.839793855701942 ] ] ] ] } },
{ "type": "Feature", "properties": { "Sub_class": "Low Rise", "NAME": null, "Land_Exten": 0.81599065008000005, "Main_C": "Residential", "Domain": "Built-up", "Area_m2": 8163.29 }, "geometry": { "type": "MultiPolygon", "coordinates": [ [ [ [ 79.870831370371491, 6.840555764037333 ], [ 79.871054476882648, 6.840121497609061 ], [ 79.871134438303727, 6.840000902119982 ], [ 79.871186284219675, 6.839928643392227 ], [ 79.8710999942694, 6.839911226222171 ], [ 79.870946362184952, 6.839879154599373 ], [ 79.87075033156259, 6.839847003836212 ], [ 79.870633807304444, 6.839809705353673 ], [ 79.87042722673516, 6.839751049771166 ], [ 79.870263034811273, 6.839697770335874 ], [ 79.870236297067493, 6.839824848138278 ], [ 79.870198968907346, 6.83994660914874 ], [ 79.870129812840673, 6.840084200925162 ], [ 79.870008448431236, 6.840322224491103 ], [ 79.8703230465714, 6.840549363562332 ], [ 79.870783571404729, 6.840656789379352 ], [ 79.870831370371491, 6.840555764037333 ] ] ] ] } },
{ "type": "Feature", "properties": { "Sub_class": "Low Rise", "NAME": null, "Land_Exten": 0.19445373080100001, "Main_C": "Residential", "Domain": "Built-up", "Area_m2": 1945.347 }, "geometry": { "type": "MultiPolygon", "coordinates": [ [ [ [ 79.873146747824194, 6.839462110188265 ], [ 79.873228046537179, 6.839319342813496 ], [ 79.873337104623715, 6.839132951124839 ], [ 79.873163284558018, 6.838994713635202 ], [ 79.873094418072981, 6.838978693112267 ], [ 79.873014802890907, 6.839042107907005 ], [ 79.87279708511744, 6.839269470010095 ], [ 79.872768017230271, 6.839337188960144 ], [ 79.872879058321928, 6.839388743495761 ], [ 79.873082014623321, 6.839461342167283 ], [ 79.873146747824194, 6.839462110188265 ] ] ] ] } },
{ "type": "Feature", "properties": { "Sub_class": "Low Rise", "NAME": null, "Land_Exten": 2.12066110082, "Main_C": "Residential", "Domain": "Built-up", "Area_m2": 21215.446 }, "geometry": { "type": "MultiPolygon", "coordinates": [ [ [ [ 79.872376595403637, 6.840896925452796 ], [ 79.872554215105026, 6.841025206548068 ], [ 79.872636459005435, 6.841084604071284 ], [ 79.872728359825999, 6.841148137576511 ], [ 79.872851755803936, 6.840956817603114 ], [ 79.872909292629799, 6.840875421763371 ], [ 79.872966574947554, 6.840929865820726 ], [ 79.873139086499691, 6.84108619047538 ], [ 79.873148815365596, 6.841075119820971 ], [ 79.873286887380004, 6.840927063533229 ], [ 79.873462097797642, 6.840757887566497 ], [ 79.873616079718374, 6.840604563949512 ], [ 79.873780689827015, 6.840435368197745 ], [ 79.873993098003155, 6.840213292309613 ], [ 79.874120610178068, 6.840044027310057 ], [ 79.874242821748908, 6.839874752417927 ], [ 79.874279999722262, 6.839832446510229 ], [ 79.87425355066091, 6.839805911113956 ], [ 79.87404183945938, 6.839657198321106 ], [ 79.873740161879027, 6.83943945536663 ], [ 79.873560199443716, 6.839317286963251 ], [ 79.873379944728697, 6.839181635923808 ], [ 79.872376595403637, 6.840896925452796 ] ] ] ] } },
{ "type": "Feature", "properties": { "Sub_class": "Playground", "NAME": "Sri  Punnyakami Vidyalaya", "Land_Exten": 0.067643499992400005, "Main_C": "Public Space", "Domain": "Built-up", "Area_m2": 676.716 }, "geometry": { "type": "MultiPolygon", "coordinates": [ [ [ [ 79.87123395908003, 6.841206308424432 ], [ 79.871116572371989, 6.841325281536569 ], [ 79.871316202980438, 6.841551362105747 ], [ 79.871454197653179, 6.841395528480916 ], [ 79.87123395908003, 6.841206308424432 ] ] ] ] } },
{ "type": "Feature", "properties": { "Sub_class": "Barren Land", "NAME": null, "Land_Exten": 0.063353264860799993, "Main_C": "Barren Land", "Domain": "Non Built-up", "Area_m2": 633.796 }, "geometry": { "type": "MultiPolygon", "coordinates": [ [ [ [ 79.872409669770491, 6.84138550823468 ], [ 79.872666651944485, 6.84156713981173 ], [ 79.872775970834425, 6.841435397225837 ], [ 79.872484634558305, 6.841259251513293 ], [ 79.872409669770491, 6.84138550823468 ] ] ] ] } },
{ "type": "Feature", "properties": { "Sub_class": "Low Rise", "NAME": null, "Land_Exten": 2.25738764934, "Main_C": "Residential", "Domain": "Built-up", "Area_m2": 22583.25 }, "geometry": { "type": "MultiPolygon", "coordinates": [ [ [ [ 79.872409669770491, 6.84138550823468 ], [ 79.872484634558305, 6.841259251513293 ], [ 79.871881429584391, 6.840894545846652 ], [ 79.871754525351093, 6.841081729838038 ], [ 79.87144826842291, 6.840896018036858 ], [ 79.871436940562432, 6.840907297333956 ], [ 79.871409424905096, 6.84092399594573 ], [ 79.871369536375084, 6.840897280684999 ], [ 79.871236536536969, 6.840820842807716 ], [ 79.871153560588425, 6.840973946090799 ], [ 79.8715926500808, 6.841239176846557 ], [ 79.871258890985075, 6.841616082716087 ], [ 79.870625830317863, 6.84112768069798 ], [ 79.870581184374203, 6.841255620950221 ], [ 79.870559333546453, 6.84131112350957 ], [ 79.870515665165897, 6.841405223172558 ], [ 79.870479276797255, 6.841482431768839 ], [ 79.870442883932014, 6.841562055944166 ], [ 79.870442801194372, 6.841605524675288 ], [ 79.870459623912552, 6.841653855141374 ], [ 79.870505412894545, 6.841716728544213 ], [ 79.870558487284427, 6.841760297999429 ], [ 79.870606824045751, 6.841753143892504 ], [ 79.870635886537002, 6.841716974958501 ], [ 79.870660011750203, 6.841736339160775 ], [ 79.870638221177046, 6.841760447286845 ], [ 79.870594675104257, 6.841789345202187 ], [ 79.870553600368396, 6.841789267860463 ], [ 79.870512557108896, 6.841772285962293 ], [ 79.870478807351162, 6.841731168059027 ], [ 79.870440257911639, 6.841673137505325 ], [ 79.870413702730275, 6.84166101284552 ], [ 79.870384662722074, 6.841685107481794 ], [ 79.870365205889584, 6.841752688835584 ], [ 79.870297216243614, 6.84193126541561 ], [ 79.870187873071927, 6.842257073605083 ], [ 79.870165844178416, 6.842344443641196 ], [ 79.87017986191114, 6.842340268988266 ], [ 79.870376817935835, 6.842241386730677 ], [ 79.870541794068572, 6.842201729326405 ], [ 79.870643317635086, 6.842187452588917 ], [ 79.870770813622187, 6.842160482820077 ], [ 79.870891989174027, 6.842055976202403 ], [ 79.871062684095648, 6.841866806507937 ], [ 79.871114341153998, 6.841846935987348 ], [ 79.871157109313174, 6.841899382650411 ], [ 79.871280740913505, 6.842009106235309 ], [ 79.871309273704071, 6.84203296255123 ], [ 79.871321741904922, 6.842035479753633 ], [ 79.871339642010923, 6.842016542729311 ], [ 79.871403152133837, 6.841971382373458 ], [ 79.871534706761338, 6.841847864087697 ], [ 79.871647335156467, 6.841924006987369 ], [ 79.871936042714253, 6.84218257466614 ], [ 79.872059881158634, 6.842310210947517 ], [ 79.872309669655579, 6.842021707535821 ], [ 79.872384056179328, 6.841921203800553 ], [ 79.872461854730886, 6.841836697205849 ], [ 79.872500889804257, 6.841794295970033 ], [ 79.872477881549059, 6.841771774248059 ], [ 79.872666651944485, 6.84156713981173 ], [ 79.872409669770491, 6.84138550823468 ] ] ] ] } },
{ "type": "Feature", "properties": { "Sub_class": "Low Rise", "NAME": null, "Land_Exten": 0.21046571909600001, "Main_C": "Residential", "Domain": "Built-up", "Area_m2": 2105.531 }, "geometry": { "type": "MultiPolygon", "coordinates": [ [ [ [ 79.87158031587893, 6.842271497831405 ], [ 79.871850337323281, 6.84253061769391 ], [ 79.871943218404851, 6.842428888182667 ], [ 79.872034393472518, 6.842333274061389 ], [ 79.871826587127373, 6.842138158049579 ], [ 79.871556915519307, 6.841900211825362 ], [ 79.871520430023907, 6.841920834179177 ], [ 79.87145144752634, 6.841986566526884 ], [ 79.871374511424619, 6.842060436839745 ], [ 79.87158031587893, 6.842271497831405 ] ] ] ] } },
{ "type": "Feature", "properties": { "Sub_class": "Low Rise", "NAME": null, "Land_Exten": 2.1600229853899999, "Main_C": "Residential", "Domain": "Built-up", "Area_m2": 21609.218 }, "geometry": { "type": "MultiPolygon", "coordinates": [ [ [ [ 79.873159578451862, 6.841777305078608 ], [ 79.872866503786156, 6.841481941638335 ], [ 79.872791638823117, 6.841578613362344 ], [ 79.872525229955443, 6.841828125767449 ], [ 79.872497215174405, 6.841854363488153 ], [ 79.872244129762862, 6.842146145827996 ], [ 79.8716819410688, 6.842764228286569 ], [ 79.871953168503978, 6.843041468588979 ], [ 79.871985546795599, 6.843041529742834 ], [ 79.872180060261655, 6.842912450049596 ], [ 79.872298912864608, 6.842842556538812 ], [ 79.872498792585247, 6.842729667340336 ], [ 79.872509605134212, 6.842718900656791 ], [ 79.872558071397918, 6.842772927428712 ], [ 79.872784080920667, 6.843113146354654 ], [ 79.872810991334234, 6.843150952054827 ], [ 79.872864945261085, 6.843156446912531 ], [ 79.873070160659438, 6.843075928811118 ], [ 79.873507623278272, 6.84288797589943 ], [ 79.873607471407752, 6.842880072657294 ], [ 79.873639849699373, 6.84288013381115 ], [ 79.873672299037423, 6.842842439626963 ], [ 79.873683213209802, 6.842777737003019 ], [ 79.873549012776778, 6.842399935408764 ], [ 79.873441582463101, 6.842135449291618 ], [ 79.873159578451862, 6.841777305078608 ] ] ] ] } },
{ "type": "Feature", "properties": { "Sub_class": "Low Rise", "NAME": null, "Land_Exten": 0.19481754358799999, "Main_C": "Residential", "Domain": "Built-up", "Area_m2": 1948.984 }, "geometry": { "type": "MultiPolygon", "coordinates": [ [ [ [ 79.871679141479262, 6.842712661160419 ], [ 79.871783896309807, 6.842603389035219 ], [ 79.871836602876954, 6.842545661553061 ], [ 79.871613522446182, 6.84234296785371 ], [ 79.871375802851105, 6.842114016648623 ], [ 79.871332972638641, 6.842094894363925 ], [ 79.871313929494306, 6.842090097380151 ], [ 79.871163625800762, 6.842235355876994 ], [ 79.871679141479262, 6.842712661160419 ] ] ] ] } },
{ "type": "Feature", "properties": { "Sub_class": "Roads", "NAME": null, "Land_Exten": 0.039676206928699997, "Main_C": "Transport", "Domain": "Built-up", "Area_m2": 396.927 }, "geometry": { "type": "MultiPolygon", "coordinates": [ [ [ [ 79.871163625800762, 6.842235355876994 ], [ 79.871151691797195, 6.842246888782938 ], [ 79.871131901316232, 6.842268385277805 ], [ 79.871646883696769, 6.842746311093435 ], [ 79.871679141479262, 6.842712661160419 ], [ 79.871163625800762, 6.842235355876994 ] ] ] ] } },
{ "type": "Feature", "properties": { "Sub_class": "Low Rise", "NAME": null, "Land_Exten": 4.49504139148, "Main_C": "Residential", "Domain": "Built-up", "Area_m2": 44969.12 }, "geometry": { "type": "MultiPolygon", "coordinates": [ [ [ [ 79.872750309579203, 6.843707524482738 ], [ 79.872784573749129, 6.843751941099242 ], [ 79.872906402208741, 6.843976562068747 ], [ 79.87300158105819, 6.844165649924832 ], [ 79.873082799731492, 6.844411844730871 ], [ 79.873117063901418, 6.844531135303725 ], [ 79.873195744687905, 6.844716416329618 ], [ 79.873231278700587, 6.84481159427969 ], [ 79.873294125123834, 6.844877519082274 ], [ 79.87358851190038, 6.844804548990794 ], [ 79.874013242816943, 6.844690465492647 ], [ 79.874023987916758, 6.844685717072252 ], [ 79.874024291887622, 6.844524207825998 ], [ 79.873974349836431, 6.844178588471152 ], [ 79.873895729304536, 6.84383797204481 ], [ 79.873761883204395, 6.843271396457851 ], [ 79.873674698428658, 6.843001553978581 ], [ 79.873645135015011, 6.842939472878413 ], [ 79.873623589956765, 6.842917857673058 ], [ 79.873569626137396, 6.842917756948964 ], [ 79.873332032447422, 6.842998213896522 ], [ 79.872975576261865, 6.843153958488415 ], [ 79.872872974408324, 6.843191520472317 ], [ 79.872835199285078, 6.843191449425888 ], [ 79.872797454738816, 6.843175197777214 ], [ 79.872765127708533, 6.843148169552421 ], [ 79.872732809671504, 6.84311574719402 ], [ 79.872539128078358, 6.842802556492813 ], [ 79.872506800148756, 6.842775528268078 ], [ 79.872485225412902, 6.842770093664967 ], [ 79.87245282643687, 6.84278081987901 ], [ 79.87226372958753, 6.842899122996187 ], [ 79.871998981767661, 6.843071219061585 ], [ 79.871982782279645, 6.843076582618266 ], [ 79.871950403988023, 6.843076521464354 ], [ 79.871923472890046, 6.843049503132136 ], [ 79.87174037092143, 6.84284959643179 ], [ 79.871666230811968, 6.842781500665751 ], [ 79.871512481815614, 6.842991525638467 ], [ 79.871274535591397, 6.843288957519405 ], [ 79.871503657667745, 6.84354508084084 ], [ 79.871581386971513, 6.843657708336593 ], [ 79.871707993529128, 6.843813430445493 ], [ 79.871817052515041, 6.843940335578054 ], [ 79.871923856900537, 6.844081731486767 ], [ 79.872040239965145, 6.844176877061273 ], [ 79.872169542690301, 6.844289305806853 ], [ 79.87234188696857, 6.844470853746941 ], [ 79.872341854592946, 6.844488113535647 ], [ 79.87233746410277, 6.844526939067009 ], [ 79.872311520460357, 6.844548464340221 ], [ 79.872268268465859, 6.844591531074343 ], [ 79.872263918445128, 6.844608782769171 ], [ 79.87226384560006, 6.844647616394411 ], [ 79.872289675028526, 6.844686498583087 ], [ 79.87235422117044, 6.84479880592022 ], [ 79.872466092336367, 6.844997499435124 ], [ 79.872504792861946, 6.845079554477877 ], [ 79.87254169834074, 6.845128929056898 ], [ 79.872559566970494, 6.845125812006643 ], [ 79.872723673458836, 6.845060255926114 ], [ 79.872739345044806, 6.845054850101292 ], [ 79.87241158622578, 6.844531701876576 ], [ 79.872567043933998, 6.844398452027008 ], [ 79.872944503785902, 6.844984084248154 ], [ 79.873046890701517, 6.8449497067636 ], [ 79.872934539297603, 6.844703486776552 ], [ 79.87307268325776, 6.844650679485312 ], [ 79.873045399625539, 6.844567102789597 ], [ 79.873019634948264, 6.844493701922829 ], [ 79.87300252894363, 6.844407372402372 ], [ 79.872955348710434, 6.844243319873385 ], [ 79.872903746510758, 6.844135351765146 ], [ 79.872847810478106, 6.844036004558006 ], [ 79.872779012341596, 6.843889170448904 ], [ 79.872705905553175, 6.843738013298719 ], [ 79.87272752345649, 6.843720793979514 ], [ 79.872750309579203, 6.843707524482738 ] ] ] ] } },
{ "type": "Feature", "properties": { "Sub_class": "High Rise", "NAME": "Wimbledon Tower", "Land_Exten": 0.16608722699199999, "Main_C": "Residential", "Domain": "Built-up", "Area_m2": 1661.563 }, "geometry": { "type": "MultiPolygon", "coordinates": [ [ [ [ 79.872567043933998, 6.844398452027008 ], [ 79.87241158622578, 6.844531701876576 ], [ 79.872739345044806, 6.845054850101292 ], [ 79.872944503785902, 6.844984084248154 ], [ 79.872567043933998, 6.844398452027008 ] ] ] ] } },
{ "type": "Feature", "properties": { "Sub_class": "Temple/Shrine", "NAME": "Anusubodarama Viharaya", "Land_Exten": 0.47605088409200003, "Main_C": "Cultural", "Domain": "Built-up", "Area_m2": 4762.488 }, "geometry": { "type": "MultiPolygon", "coordinates": [ [ [ [ 79.872243573981791, 6.845278391884335 ], [ 79.872446095011355, 6.84515929736375 ], [ 79.872472162760175, 6.845148932677148 ], [ 79.872478800656211, 6.845126969434148 ], [ 79.872470247204205, 6.845083804673891 ], [ 79.872229267566695, 6.844669125479811 ], [ 79.872225088417167, 6.844595765082545 ], [ 79.872242421950261, 6.84456127878002 ], [ 79.872298666450376, 6.844496661591734 ], [ 79.872285780064772, 6.844462118631895 ], [ 79.872203925570773, 6.844371352755786 ], [ 79.872186632507123, 6.84438426522172 ], [ 79.872087144106445, 6.844487634197037 ], [ 79.871983272410148, 6.844625514655831 ], [ 79.871970272709973, 6.844651379157881 ], [ 79.8719573134793, 6.844655669823339 ], [ 79.871935727052232, 6.844655629353838 ], [ 79.87191415771224, 6.84464695899004 ], [ 79.871858108365075, 6.844608019244731 ], [ 79.871823595982221, 6.844595009652039 ], [ 79.871784717390824, 6.844607881648471 ], [ 79.871758773748468, 6.844629406921626 ], [ 79.871704662440266, 6.844706359211159 ], [ 79.871852582930387, 6.844844865598134 ], [ 79.871885279582045, 6.845065562825539 ], [ 79.871907106128106, 6.845197986198173 ], [ 79.872050283593751, 6.845363732150588 ], [ 79.872091271994691, 6.845384312236263 ], [ 79.872243573981791, 6.845278391884335 ] ] ] ] } },
{ "type": "Feature", "properties": { "Sub_class": "Temple/Shrine", "NAME": "Sumanarama Temple", "Land_Exten": 0.450910691383, "Main_C": "Cultural", "Domain": "Built-up", "Area_m2": 4510.976 }, "geometry": { "type": "MultiPolygon", "coordinates": [ [ [ [ 79.870625144135147, 6.841006966498355 ], [ 79.870712495285488, 6.840811522233992 ], [ 79.87077315006087, 6.840678815574904 ], [ 79.870783571404729, 6.840656789379352 ], [ 79.8703230465714, 6.840549363562332 ], [ 79.870008448431236, 6.840322224491103 ], [ 79.869943632492721, 6.840449342763009 ], [ 79.869899840904964, 6.840524051244017 ], [ 79.869954400075585, 6.840564516239453 ], [ 79.870065262202161, 6.840628109999329 ], [ 79.869977509054877, 6.840921100128696 ], [ 79.870349783415804, 6.841084225456711 ], [ 79.8705963874134, 6.841084690406205 ], [ 79.870625144135147, 6.841006966498355 ] ] ] ] } },
{ "type": "Feature", "properties": { "Sub_class": "School", "NAME": "Sri  Punnyakami Vidyalaya", "Land_Exten": 0.50341942066099998, "Main_C": "Institutional", "Domain": "Built-up", "Area_m2": 5036.283 }, "geometry": { "type": "MultiPolygon", "coordinates": [ [ [ [ 79.871116572371989, 6.841325281536569 ], [ 79.87123395908003, 6.841206308424432 ], [ 79.871454197653179, 6.841395528480916 ], [ 79.8715926500808, 6.841239176846557 ], [ 79.871153560588425, 6.840973946090799 ], [ 79.871236536536969, 6.840820842807716 ], [ 79.871053358126062, 6.840715567269683 ], [ 79.870862830455337, 6.840603823807498 ], [ 79.870862689261742, 6.840604121483068 ], [ 79.870780248409801, 6.840758521588555 ], [ 79.870724467060541, 6.840869503324939 ], [ 79.870688055309586, 6.840958787118382 ], [ 79.870644345560152, 6.841074620697214 ], [ 79.870625830317863, 6.84112768069798 ], [ 79.871258890985075, 6.841616082716087 ], [ 79.871316202980438, 6.841551362105747 ], [ 79.871116572371989, 6.841325281536569 ] ] ] ] } },
{ "type": "Feature", "properties": { "Sub_class": "Low Rise", "NAME": null, "Land_Exten": 1.47747288129, "Main_C": "Residential", "Domain": "Built-up", "Area_m2": 14780.849 }, "geometry": { "type": "MultiPolygon", "coordinates": [ [ [ [ 79.869760637543436, 6.842382323985134 ], [ 79.869841616997064, 6.842377715858959 ], [ 79.869998670102575, 6.842444658694092 ], [ 79.870060517379045, 6.84248286009597 ], [ 79.870074797713812, 6.842487647187227 ], [ 79.870130319158932, 6.842358834592574 ], [ 79.870132132192225, 6.842346321425623 ], [ 79.870173448845662, 6.842218408153087 ], [ 79.870241461874002, 6.842027757275218 ], [ 79.870239095757711, 6.842001188604002 ], [ 79.870217368137105, 6.841991487617122 ], [ 79.870106264992216, 6.841969544159156 ], [ 79.870111147411592, 6.841942988977792 ], [ 79.870236738634617, 6.841969789674124 ], [ 79.870256072259963, 6.841967411866619 ], [ 79.870311890481446, 6.841837110894005 ], [ 79.870360491643453, 6.841689891875035 ], [ 79.870430907660307, 6.841506490432209 ], [ 79.870472150569356, 6.841417215632021 ], [ 79.870518235428278, 6.841323120465688 ], [ 79.870564430004492, 6.841171067590722 ], [ 79.8705963874134, 6.841084690406205 ], [ 79.870349783415804, 6.841084225456711 ], [ 79.869977509054877, 6.840921100128696 ], [ 79.870065262202161, 6.840628109999329 ], [ 79.869954400075585, 6.840564516239453 ], [ 79.869899840904964, 6.840524051244017 ], [ 79.869869196506272, 6.840576330633212 ], [ 79.86984795721753, 6.840597479090434 ], [ 79.869763161041078, 6.840597319011124 ], [ 79.869590947164511, 6.840575131836886 ], [ 79.86959337893137, 6.840715232721834 ], [ 79.869593213456085, 6.84080277272983 ], [ 79.869583879392565, 6.840947650813462 ], [ 79.869580722772184, 6.841020093002953 ], [ 79.869613802535014, 6.841095621665659 ], [ 79.86965604549016, 6.841116831276793 ], [ 79.869701348838248, 6.841116916712394 ], [ 79.86976477352556, 6.841117036322203 ], [ 79.869767731395768, 6.841150247386054 ], [ 79.869683170841711, 6.841147069181943 ], [ 79.869619723671349, 6.84115902386992 ], [ 79.869601556466705, 6.841183139190548 ], [ 79.869604234647795, 6.841364263549963 ], [ 79.869606992868455, 6.84150312696778 ], [ 79.869609443521085, 6.841804997003067 ], [ 79.869611985904498, 6.842058568947834 ], [ 79.869614141579405, 6.842382047893238 ], [ 79.869760637543436, 6.842382323985134 ] ] ] ] } },
{ "type": "Feature", "properties": { "Sub_class": "Low Rise", "NAME": null, "Land_Exten": 0.188988208904, "Main_C": "Residential", "Domain": "Built-up", "Area_m2": 1890.666 }, "geometry": { "type": "MultiPolygon", "coordinates": [ [ [ [ 79.870781114456918, 6.842354755267763 ], [ 79.870853450526397, 6.842419476777479 ], [ 79.870878533517555, 6.842453982865038 ], [ 79.870890605117381, 6.842458835606806 ], [ 79.870897853653105, 6.842458849096658 ], [ 79.870943820700802, 6.842427541897564 ], [ 79.871115706324872, 6.84224916136975 ], [ 79.871251289915165, 6.842102106027426 ], [ 79.871268253826884, 6.842075573329112 ], [ 79.871275551825306, 6.842049023543666 ], [ 79.871261081733564, 6.842034506687185 ], [ 79.871220079842885, 6.841995790873113 ], [ 79.871106678030799, 6.841911054951254 ], [ 79.871087366888503, 6.841901358460973 ], [ 79.871075295288676, 6.841896506618525 ], [ 79.871014768217037, 6.8419615950516 ], [ 79.87091308816855, 6.842067660194402 ], [ 79.870794458597459, 6.84219301309713 ], [ 79.870763020996662, 6.84220744361869 ], [ 79.870712275850906, 6.842209762970242 ], [ 79.870678436160972, 6.842216944056759 ], [ 79.870678381302298, 6.842245922911047 ], [ 79.870683159400357, 6.84227491075859 ], [ 79.870714515162774, 6.842303948968095 ], [ 79.870781114456918, 6.842354755267763 ] ] ] ] } },
{ "type": "Feature", "properties": { "Sub_class": "Low Rise", "NAME": null, "Land_Exten": 0.97520752775999997, "Main_C": "Residential", "Domain": "Built-up", "Area_m2": 9756.121 }, "geometry": { "type": "MultiPolygon", "coordinates": [ [ [ [ 79.871131901316232, 6.842268385277805 ], [ 79.871046690552362, 6.842360943502797 ], [ 79.870941725280431, 6.842455955977641 ], [ 79.870908339748155, 6.842479696281032 ], [ 79.870889269624172, 6.842489181430608 ], [ 79.870846465492036, 6.84245577701256 ], [ 79.870622695281213, 6.842269940205597 ], [ 79.870522949674466, 6.842259987408568 ], [ 79.870408601775637, 6.842278813816279 ], [ 79.870303726435907, 6.842326221577935 ], [ 79.870189315584526, 6.842378371464747 ], [ 79.870127208404028, 6.842478224990145 ], [ 79.870112811157355, 6.842535323846164 ], [ 79.870112358798394, 6.842535774406485 ], [ 79.87019932054227, 6.842592769840508 ], [ 79.870356231554922, 6.842667927982518 ], [ 79.870394828658448, 6.84271385546009 ], [ 79.870423243637845, 6.842756807980379 ], [ 79.870529664912169, 6.842824896551804 ], [ 79.870650224428346, 6.842886762713988 ], [ 79.870788233490259, 6.842983527967476 ], [ 79.871084872169149, 6.843159608029509 ], [ 79.871208604493575, 6.843248441262631 ], [ 79.871251434705982, 6.843224646100566 ], [ 79.871321231989327, 6.843142158483886 ], [ 79.871422756455104, 6.843013667846549 ], [ 79.871471780298464, 6.842939178800123 ], [ 79.871560867140374, 6.842836038252585 ], [ 79.871646883696769, 6.842746311093435 ], [ 79.871131901316232, 6.842268385277805 ] ] ] ] } },
{ "type": "Feature", "properties": { "Sub_class": "Low Rise", "NAME": null, "Land_Exten": 2.4073122658699999, "Main_C": "Residential", "Domain": "Built-up", "Area_m2": 24083.097 }, "geometry": { "type": "MultiPolygon", "coordinates": [ [ [ [ 79.869474987680576, 6.844311733999348 ], [ 79.869601891913817, 6.844410084757669 ], [ 79.869773213662938, 6.844595683244222 ], [ 79.869880108879954, 6.844739355337026 ], [ 79.87006851325134, 6.84448589221023 ], [ 79.87033939174961, 6.844173879620882 ], [ 79.870541203214032, 6.843951785746356 ], [ 79.870658047630855, 6.843819580908985 ], [ 79.87071990929644, 6.843754655253178 ], [ 79.870879445430091, 6.843591717883498 ], [ 79.871062664310557, 6.843391843558777 ], [ 79.871136427604085, 6.843289525890953 ], [ 79.871010316572892, 6.843199107153112 ], [ 79.870846133642203, 6.843106307909807 ], [ 79.870689881832618, 6.842994631896772 ], [ 79.870608980620034, 6.842943869663884 ], [ 79.870566150407569, 6.842897866643284 ], [ 79.870475730770409, 6.842853450026723 ], [ 79.870370241193712, 6.842792218785917 ], [ 79.87031506598754, 6.842716148731313 ], [ 79.870237847498743, 6.842662875591259 ], [ 79.870082775599656, 6.842581537308149 ], [ 79.870023581323267, 6.842538793430606 ], [ 79.869984264762081, 6.842506518561038 ], [ 79.869884349183451, 6.842449203867716 ], [ 79.869779617735219, 6.84242044354869 ], [ 79.869678953920641, 6.842423302493444 ], [ 79.869642343419457, 6.84248073859527 ], [ 79.869631238590841, 6.842571158232431 ], [ 79.869642343419457, 6.842623506869415 ], [ 79.869640757015361, 6.84272185762768 ], [ 79.869640757015361, 6.842799586931449 ], [ 79.869650274540618, 6.842864625002505 ], [ 79.869680414419634, 6.842928077568786 ], [ 79.869712140702802, 6.843081949772227 ], [ 79.86972641744029, 6.84318505974278 ], [ 79.869734348561394, 6.843238993884484 ], [ 79.86974545339001, 6.84350866639187 ], [ 79.869761316531594, 6.843627639504007 ], [ 79.86974545339001, 6.843735507787528 ], [ 79.869731176652522, 6.843760888454312 ], [ 79.869582063661369, 6.84384020416212 ], [ 79.869539233448904, 6.843851308091416 ], [ 79.869507507165793, 6.843903656728401 ], [ 79.86936791169984, 6.844125739811091 ], [ 79.869340944628959, 6.844181260356947 ], [ 79.869334621495625, 6.844218544450314 ], [ 79.869474987680576, 6.844311733999348 ] ] ] ] } },
{ "type": "Feature", "properties": { "Sub_class": "Agriculture", "NAME": null, "Land_Exten": 0.074209756907499994, "Main_C": "Agriculture", "Domain": "Non Built-up", "Area_m2": 742.405 }, "geometry": { "type": "MultiPolygon", "coordinates": [ [ [ [ 79.87070773517388, 6.84383771933534 ], [ 79.870905620198243, 6.843977190694829 ], [ 79.870979383491829, 6.843910565320357 ], [ 79.870946070804564, 6.843889150663813 ], [ 79.871060284704413, 6.843777315470788 ], [ 79.870906233535891, 6.843627624215515 ], [ 79.87070773517388, 6.84383771933534 ] ] ] ] } },
{ "type": "Feature", "properties": { "Sub_class": "Low Rise", "NAME": null, "Land_Exten": 3.73131327197, "Main_C": "Residential", "Domain": "Built-up", "Area_m2": 37328.618 }, "geometry": { "type": "MultiPolygon", "coordinates": [ [ [ [ 79.870906233535891, 6.843627624215515 ], [ 79.871060284704413, 6.843777315470788 ], [ 79.870946070804564, 6.843889150663813 ], [ 79.870979383491829, 6.843910565320357 ], [ 79.870905620198243, 6.843977190694829 ], [ 79.87070773517388, 6.84383771933534 ], [ 79.870432759364405, 6.844128758835211 ], [ 79.870266197726892, 6.84435095972907 ], [ 79.870060389675302, 6.844626164865645 ], [ 79.869902970545695, 6.844792507967895 ], [ 79.86992201279071, 6.844840348303478 ], [ 79.869998485741576, 6.844921865551726 ], [ 79.870084538270874, 6.845003401685688 ], [ 79.870223262293791, 6.845089822937041 ], [ 79.870328534234545, 6.845137888103125 ], [ 79.870424228395507, 6.845185935282757 ], [ 79.870495939436125, 6.8452530831633 ], [ 79.870577230055176, 6.845320249929614 ], [ 79.870663263698702, 6.845411359346826 ], [ 79.870734912686146, 6.84551201416815 ], [ 79.870777934454168, 6.845555175331128 ], [ 79.870840121674348, 6.845593585375696 ], [ 79.871036262913265, 6.845708835294545 ], [ 79.871131929195258, 6.845771241949308 ], [ 79.871265883213994, 6.84584808092427 ], [ 79.871342375050631, 6.845920024889267 ], [ 79.8713663033123, 6.845929643138561 ], [ 79.871399845326664, 6.845920132807919 ], [ 79.871442442614693, 6.845883452159626 ], [ 79.871456202241973, 6.845865427047841 ], [ 79.871354122894502, 6.8457816309176 ], [ 79.871508857547781, 6.845671604261156 ], [ 79.871571418885935, 6.845752310320904 ], [ 79.871666581547572, 6.845678620771764 ], [ 79.871755584752464, 6.84561751903334 ], [ 79.871835404080684, 6.845550273126662 ], [ 79.872019528578448, 6.845434207522715 ], [ 79.872091271994691, 6.845384312236263 ], [ 79.872050283593751, 6.845363732150588 ], [ 79.871907106128106, 6.845197986198173 ], [ 79.871885279582045, 6.845065562825539 ], [ 79.871852582930387, 6.844844865598134 ], [ 79.871704662440266, 6.844706359211159 ], [ 79.871698172033064, 6.844715589852626 ], [ 79.871655049540948, 6.844689620129941 ], [ 79.871750253571406, 6.844568983271984 ], [ 79.871776181026007, 6.844556086993862 ], [ 79.871827970284642, 6.84456481401503 ], [ 79.871879735261643, 6.844586485877642 ], [ 79.871909929999333, 6.844599487376513 ], [ 79.871953134329715, 6.844582309426073 ], [ 79.87205695656337, 6.844470318650338 ], [ 79.872126160294101, 6.844401410796536 ], [ 79.872143518108942, 6.84435397965251 ], [ 79.872130656005027, 6.844306492750491 ], [ 79.872053085881248, 6.844232993857645 ], [ 79.871932401359288, 6.844129210294852 ], [ 79.871828969431476, 6.844034089002037 ], [ 79.871678187298585, 6.843865526373008 ], [ 79.871643617359098, 6.843882720511203 ], [ 79.871474696799851, 6.844175813163304 ], [ 79.871444518249973, 6.844154181770136 ], [ 79.871561470585448, 6.843947289136111 ], [ 79.871617739367252, 6.843869728005586 ], [ 79.87163941392788, 6.843822304955438 ], [ 79.871600665738185, 6.843766138696367 ], [ 79.871436891099677, 6.843619125622183 ], [ 79.871166620543136, 6.843352025175875 ], [ 79.871131948080972, 6.843392790544897 ], [ 79.871086203165817, 6.84343714061157 ], [ 79.870906233535891, 6.843627624215515 ] ] ] ] } },
{ "type": "Feature", "properties": { "Sub_class": "Mosque", "NAME": "Zainab Jumma Masjid", "Land_Exten": 0.018036331867900001, "Main_C": "Cultural", "Domain": "Built-up", "Area_m2": 180.438 }, "geometry": { "type": "MultiPolygon", "coordinates": [ [ [ [ 79.869800020654509, 6.844759022610845 ], [ 79.86966042159122, 6.844825401571086 ], [ 79.869613400538071, 6.844856602650168 ], [ 79.869701857854523, 6.844931390271483 ], [ 79.869819949631051, 6.844782092919274 ], [ 79.869800020654509, 6.844759022610845 ] ] ] ] } },
{ "type": "Feature", "properties": { "Sub_class": "Retail", "NAME": null, "Land_Exten": 0.010687824652, "Main_C": "Commercial", "Domain": "Built-up", "Area_m2": 106.923 }, "geometry": { "type": "MultiPolygon", "coordinates": [ [ [ [ 79.870141167680799, 6.8450940191737 ], [ 79.870118883379803, 6.84507823427316 ], [ 79.870110038547523, 6.845077413192087 ], [ 79.87007459896364, 6.845095039904209 ], [ 79.870045049939165, 6.845118576061509 ], [ 79.870028904410447, 6.845128619690115 ], [ 79.870100235937173, 6.845179747047723 ], [ 79.870198113652066, 6.845119443007945 ], [ 79.870141167680799, 6.8450940191737 ] ] ] ] } },
{ "type": "Feature", "properties": { "Sub_class": "Retail", "NAME": null, "Land_Exten": 0.0559560892612, "Main_C": "Commercial", "Domain": "Built-up", "Area_m2": 559.791 }, "geometry": { "type": "MultiPolygon", "coordinates": [ [ [ [ 79.864581591167564, 6.835735374487967 ], [ 79.86455190274819, 6.835911355624603 ], [ 79.864641012972413, 6.835924251902725 ], [ 79.864796148723315, 6.835949102868824 ], [ 79.864829517168516, 6.835760024005936 ], [ 79.864581591167564, 6.835735374487967 ] ] ] ] } },
{ "type": "Feature", "properties": { "Sub_class": "Playground", "NAME": "Big Club Ground", "Land_Exten": 2.4561328749700002, "Main_C": "Public Space", "Domain": "Built-up", "Area_m2": 24571.405 }, "geometry": { "type": "MultiPolygon", "coordinates": [ [ [ [ 79.864887831008673, 6.837994180087378 ], [ 79.864922671644024, 6.837652499763124 ], [ 79.864957410656018, 6.837363980163616 ], [ 79.865019016914175, 6.836931219200437 ], [ 79.865045915636529, 6.836768485077585 ], [ 79.86497330347521, 6.836758857835093 ], [ 79.864822042903029, 6.836742223974511 ], [ 79.864719834053176, 6.836733856682201 ], [ 79.864572677087438, 6.83670905697744 ], [ 79.864339636664965, 6.836692267534147 ], [ 79.864037130808981, 6.836650825874983 ], [ 79.863652829814328, 6.836617402571108 ], [ 79.863519172571841, 6.836604301247576 ], [ 79.863530102032655, 6.836749930265114 ], [ 79.863552327877699, 6.837049949495622 ], [ 79.863548059695233, 6.837296757639308 ], [ 79.863497935981002, 6.837683975135405 ], [ 79.863475866617989, 6.837886732686627 ], [ 79.863602591886149, 6.838015549777822 ], [ 79.863869091585343, 6.838127384071583 ], [ 79.864111797021849, 6.838110727727951 ], [ 79.864456819226859, 6.838096450990463 ], [ 79.864623380864373, 6.838063138303255 ], [ 79.864869206948413, 6.838092864494172 ], [ 79.864887831008673, 6.837994180087378 ] ] ] ] } },
{ "type": "Feature", "properties": { "Sub_class": "Low Rise", "NAME": null, "Land_Exten": 0.23702312599799999, "Main_C": "Residential", "Domain": "Built-up", "Area_m2": 2371.206 }, "geometry": { "type": "MultiPolygon", "coordinates": [ [ [ [ 79.865943175537154, 6.83871448398628 ], [ 79.865977645651867, 6.838537081920833 ], [ 79.86595373447733, 6.838532255259395 ], [ 79.865446700305029, 6.838497824714864 ], [ 79.865413258115439, 6.838473854185054 ], [ 79.86486587675887, 6.838394640100603 ], [ 79.864852732267821, 6.838472557362707 ], [ 79.864852538913624, 6.838574551274576 ], [ 79.864955093103106, 6.838586666941183 ], [ 79.865551397578997, 6.838671333615196 ], [ 79.865943175537154, 6.83871448398628 ] ] ] ] } },
{ "type": "Feature", "properties": { "Sub_class": "Retail", "NAME": null, "Land_Exten": 0.26395824871899998, "Main_C": "Commercial", "Domain": "Built-up", "Area_m2": 2640.667 }, "geometry": { "type": "MultiPolygon", "coordinates": [ [ [ [ 79.865416564922612, 6.838737735957807 ], [ 79.865300554177281, 6.838724019497931 ], [ 79.865207648814021, 6.838709910933687 ], [ 79.865085915682528, 6.838691424469687 ], [ 79.864844788556184, 6.838654806773945 ], [ 79.864825540366439, 6.838787671713703 ], [ 79.864794658546714, 6.839045821207719 ], [ 79.864793193551122, 6.839058394629262 ], [ 79.865048467013196, 6.839076760584078 ], [ 79.865062876850345, 6.838894754889054 ], [ 79.8651801025797, 6.838907715019104 ], [ 79.865187587637138, 6.838908542395359 ], [ 79.86516318723136, 6.839161914690635 ], [ 79.865349752489124, 6.839167049819537 ], [ 79.865407640050591, 6.838913740476812 ], [ 79.865416564922612, 6.838737735957807 ] ] ] ] } },
{ "type": "Feature", "properties": { "Sub_class": "Low Rise", "NAME": null, "Land_Exten": 0.084833573639000001, "Main_C": "Residential", "Domain": "Built-up", "Area_m2": 848.684 }, "geometry": { "type": "MultiPolygon", "coordinates": [ [ [ [ 79.86469946350951, 6.839159556668278 ], [ 79.864719944669787, 6.839010933807572 ], [ 79.864721980734885, 6.838996160644342 ], [ 79.864457988345521, 6.838968886904638 ], [ 79.864433608624211, 6.839254749007523 ], [ 79.864482002942111, 6.839242753850044 ], [ 79.86469164210564, 6.839254580834279 ], [ 79.86469946350951, 6.839159556668278 ] ] ] ] } },
{ "type": "Feature", "properties": { "Sub_class": "Retail", "NAME": null, "Land_Exten": 0.037345439648000002, "Main_C": "Commercial", "Domain": "Built-up", "Area_m2": 373.608 }, "geometry": { "type": "MultiPolygon", "coordinates": [ [ [ [ 79.864756541681118, 6.839373041332863 ], [ 79.86492833917157, 6.839390981008989 ], [ 79.864933476099111, 6.839204512878041 ], [ 79.864778017491574, 6.839188677615425 ], [ 79.864756541681118, 6.839373041332863 ] ] ] ] } },
{ "type": "Feature", "properties": { "Sub_class": "Retail", "NAME": null, "Land_Exten": 0.069849152146999993, "Main_C": "Commercial", "Domain": "Built-up", "Area_m2": 698.778 }, "geometry": { "type": "MultiPolygon", "coordinates": [ [ [ [ 79.86467301984402, 6.83948083227466 ], [ 79.864687459358834, 6.83930540242244 ], [ 79.8645595937503, 6.839296030587377 ], [ 79.864457384001128, 6.839287663295067 ], [ 79.864391882779216, 6.839328407979679 ], [ 79.864321762639293, 6.839460182941139 ], [ 79.86467193526164, 6.839494009141276 ], [ 79.86467301984402, 6.83948083227466 ] ] ] ] } },
{ "type": "Feature", "properties": { "Sub_class": "Retail", "NAME": null, "Land_Exten": 0.056570755338800002, "Main_C": "Commercial", "Domain": "Built-up", "Area_m2": 565.94 }, "geometry": { "type": "MultiPolygon", "coordinates": [ [ [ [ 79.864736727817785, 6.839543141802608 ], [ 79.86471107645508, 6.83975110552916 ], [ 79.864893481449087, 6.839766969570064 ], [ 79.864894153242631, 6.839759090609618 ], [ 79.864923319155935, 6.839515290698159 ], [ 79.864741932194477, 6.839498462584004 ], [ 79.864736727817785, 6.839543141802608 ] ] ] ] } },
{ "type": "Feature", "properties": { "Sub_class": "Low Rise", "NAME": null, "Land_Exten": 0.074880904215100005, "Main_C": "Residential", "Domain": "Built-up", "Area_m2": 749.116 }, "geometry": { "type": "MultiPolygon", "coordinates": [ [ [ [ 79.864314663391042, 6.839732200880405 ], [ 79.864180619440106, 6.839721165299579 ], [ 79.864147420067411, 6.839987187458803 ], [ 79.864386609154735, 6.839992422412422 ], [ 79.864413444025274, 6.839746495604345 ], [ 79.864314663391042, 6.839732200880405 ] ] ] ] } },
{ "type": "Feature", "properties": { "Sub_class": "Low Rise", "NAME": null, "Land_Exten": 0.059284503512799999, "Main_C": "Residential", "Domain": "Built-up", "Area_m2": 593.088 }, "geometry": { "type": "MultiPolygon", "coordinates": [ [ [ [ 79.864679834007177, 6.840004393288154 ], [ 79.864871280785053, 6.840027272041027 ], [ 79.864892000265684, 6.839784329183487 ], [ 79.864893481449087, 6.839766969570064 ], [ 79.86471107645508, 6.83975110552916 ], [ 79.864679834007177, 6.840004393288154 ] ] ] ] } },
{ "type": "Feature", "properties": { "Sub_class": "Rail Road", "NAME": null, "Land_Exten": 0.42424997273999998, "Main_C": "Transport", "Domain": "Built-up", "Area_m2": 4244.237 }, "geometry": { "type": "MultiPolygon", "coordinates": [ [ [ [ 79.862392329242653, 6.83312844672048 ], [ 79.862389948737189, 6.833244733557649 ], [ 79.862411496493451, 6.833585597297542 ], [ 79.862442393601668, 6.833779008194711 ], [ 79.862440209148417, 6.833779632324195 ], [ 79.862476710831572, 6.833951641155352 ], [ 79.86248440183374, 6.833984590516479 ], [ 79.862496914101371, 6.834030142077438 ], [ 79.862527670915313, 6.834165329966027 ], [ 79.862536325091412, 6.834201186835344 ], [ 79.862550788887859, 6.834239961105368 ], [ 79.862592191876217, 6.834382919136431 ], [ 79.862605688002134, 6.834420723037965 ], [ 79.862619182329468, 6.83445949550935 ], [ 79.862674139000376, 6.834610228179542 ], [ 79.862683784229318, 6.834634463110035 ], [ 79.862765787111471, 6.834832712359855 ], [ 79.862786060528322, 6.834874403131266 ], [ 79.862871003294231, 6.835055221721177 ], [ 79.862889336873479, 6.835097878364422 ], [ 79.862982993170647, 6.835283556890658 ], [ 79.863016794189775, 6.835346584077627 ], [ 79.863095966905405, 6.835504143501453 ], [ 79.863128778670273, 6.835577824956715 ], [ 79.8631693084169, 6.835669925426771 ], [ 79.863197282728493, 6.835739238874851 ], [ 79.863225256140709, 6.835809036158139 ], [ 79.863281168790991, 6.835966551515185 ], [ 79.863297556237285, 6.836013078840551 ], [ 79.863317787386052, 6.83607704941636 ], [ 79.863337034676476, 6.836148767651537 ], [ 79.86334762149562, 6.836188018562268 ], [ 79.863360119374079, 6.836241319581291 ], [ 79.863393752219963, 6.836392980351832 ], [ 79.863406272581472, 6.83643465673407 ], [ 79.86341874617824, 6.836500550060407 ], [ 79.863437897241226, 6.836623124057951 ], [ 79.863446507350488, 6.836682229301516 ], [ 79.863453174024812, 6.836744236657239 ], [ 79.863464565737161, 6.836869701075898 ], [ 79.863468300621662, 6.836944296242336 ], [ 79.863470969809441, 6.837069744473183 ], [ 79.863470893367094, 6.837110428003882 ], [ 79.863456983553021, 6.837290090065665 ], [ 79.863454011293641, 6.837323988211551 ], [ 79.863447100903045, 6.837390813235515 ], [ 79.863437185877501, 6.837508488625872 ], [ 79.863425387671555, 6.83759661499181 ], [ 79.863418471885041, 6.837666346624644 ], [ 79.863403755379068, 6.837760279913027 ], [ 79.863390001147707, 6.83785808927945 ], [ 79.863377777562448, 6.837960444718817 ], [ 79.863377691227527, 6.837961171371035 ], [ 79.863372245832522, 6.838021761395225 ], [ 79.863354554369266, 6.838151529969196 ], [ 79.863349805049495, 6.838216253277494 ], [ 79.863348370630831, 6.838216349504989 ], [ 79.863345666369469, 6.838238693161202 ], [ 79.863340066291073, 6.838307025448898 ], [ 79.863336605699828, 6.838306427399743 ], [ 79.863323686039337, 6.838378418129537 ], [ 79.863304760706171, 6.838552611413945 ], [ 79.863281474560438, 6.838747797572864 ], [ 79.863279986182476, 6.838747701345369 ], [ 79.863274101918307, 6.838786020558473 ], [ 79.863248089028161, 6.839021181582325 ], [ 79.863211572056457, 6.839279553208883 ], [ 79.863207997251322, 6.839326007689124 ], [ 79.863178512978038, 6.839553030747823 ], [ 79.863143157930438, 6.83981140417302 ], [ 79.863140775626334, 6.839841598910709 ], [ 79.863110078167608, 6.840095335431442 ], [ 79.863080582203168, 6.840328166311849 ], [ 79.863074679053227, 6.840376939244379 ], [ 79.863039395052112, 6.840598143689419 ], [ 79.863027654402799, 6.840660844422473 ], [ 79.863000533547847, 6.840866964538804 ], [ 79.86298875962359, 6.84094708783789 ], [ 79.862967487059962, 6.841133473231253 ], [ 79.862958035185216, 6.841214762051663 ], [ 79.862934471149003, 6.841383720382453 ], [ 79.862903797971967, 6.841624679335553 ], [ 79.862899017175948, 6.841694362404951 ], [ 79.862877722129213, 6.841892362542524 ], [ 79.862867099337222, 6.841978295462013 ], [ 79.862849321538988, 6.842160041252953 ], [ 79.862845782706756, 6.842187911243172 ], [ 79.862833720100184, 6.842419614373739 ], [ 79.862826530919733, 6.842533429873924 ], [ 79.86281675079249, 6.842787786926863 ], [ 79.862820848103695, 6.842935491579738 ], [ 79.862856910917742, 6.842936223627873 ], [ 79.862857001749262, 6.842888232206178 ], [ 79.862857437021148, 6.84265934845024 ], [ 79.862865357350415, 6.84237879594474 ], [ 79.86288421523443, 6.842173942973147 ], [ 79.862906770231291, 6.84196725178731 ], [ 79.862921909418617, 6.841775313080291 ], [ 79.862937020726974, 6.841598141241263 ], [ 79.86297829870955, 6.841256738807488 ], [ 79.862996963239311, 6.841153406704393 ], [ 79.863015662842599, 6.841031616915643 ], [ 79.863038133303291, 6.84086922543446 ], [ 79.86306810321048, 6.840647781769746 ], [ 79.863116895028725, 6.840239942819153 ], [ 79.863150599820358, 6.839996356047038 ], [ 79.863188097053069, 6.83970109243154 ], [ 79.863251747470201, 6.839248981655203 ], [ 79.863274287178683, 6.839049673903389 ], [ 79.863308063016746, 6.838769169961267 ], [ 79.863310729506622, 6.83874968075321 ], [ 79.86337057848948, 6.838312301771339 ], [ 79.863375483391906, 6.838276458391874 ], [ 79.863382387487263, 6.838214069723563 ], [ 79.863394272927394, 6.838106676282109 ], [ 79.86341100931071, 6.837963316254104 ], [ 79.863420555614198, 6.837881533705854 ], [ 79.863462304841562, 6.837579811159401 ], [ 79.863461790429369, 6.837571820683024 ], [ 79.863476845979733, 6.837457199390315 ], [ 79.86348731768561, 6.837350947188497 ], [ 79.863489190973439, 6.837318947511449 ], [ 79.863495424174516, 6.837217820546016 ], [ 79.8634978955115, 6.837188841691727 ], [ 79.863503564837686, 6.837066578859549 ], [ 79.863503602609228, 6.837046652581023 ], [ 79.863503825641089, 6.836929211014308 ], [ 79.863503259967558, 6.836909283836405 ], [ 79.863492613793142, 6.836788801661896 ], [ 79.863493263103692, 6.836765253813439 ], [ 79.863482545882846, 6.836682208617106 ], [ 79.86347960150249, 6.836642350664022 ], [ 79.863466443521588, 6.836571980512531 ], [ 79.863460481915752, 6.836530305928932 ], [ 79.86345931279709, 6.836509774406636 ], [ 79.863442526051813, 6.836441812639578 ], [ 79.863435348562518, 6.836403758726533 ], [ 79.863426946196682, 6.836374759187834 ], [ 79.863402971170217, 6.836274178110898 ], [ 79.863395779291864, 6.836243973480634 ], [ 79.86339459398539, 6.83623189468625 ], [ 79.863364586306659, 6.836127075104457 ], [ 79.863358602217772, 6.83609687317221 ], [ 79.863358015859774, 6.836087814301266 ], [ 79.863321971931498, 6.835980568348589 ], [ 79.863315368209726, 6.835958214799803 ], [ 79.863309958787625, 6.835943712332494 ], [ 79.863268479356918, 6.835835852142907 ], [ 79.86326309241781, 6.835809273579173 ], [ 79.8632360093344, 6.835755181156742 ], [ 79.863218566084015, 6.835714691879559 ], [ 79.863207757132329, 6.83568025414047 ], [ 79.863194513715882, 6.835655472422161 ], [ 79.863150621404088, 6.835545192156928 ], [ 79.863135578444258, 6.835513764448706 ], [ 79.863085637292386, 6.835407700205224 ], [ 79.863070593433179, 6.835376272497001 ], [ 79.863014033271099, 6.835256307432701 ], [ 79.863003198239085, 6.835235757024634 ], [ 79.862946621889137, 6.835124244688188 ], [ 79.862934593456771, 6.835095843198644 ], [ 79.862873806481048, 6.834974661351566 ], [ 79.86286719826262, 6.834955326826901 ], [ 79.862812441241203, 6.834840195618597 ], [ 79.862800407412919, 6.834814208808723 ], [ 79.862745661183396, 6.834693642997252 ], [ 79.86273785237006, 6.83467007896104 ], [ 79.862693973548119, 6.834553157202492 ], [ 79.862688575817174, 6.834532013241869 ], [ 79.862671729716624, 6.834495450404745 ], [ 79.862657308188261, 6.834454966523538 ], [ 79.862648896829171, 6.834430194697802 ], [ 79.862636261354453, 6.834403602644215 ], [ 79.862633874553751, 6.834387898682621 ], [ 79.862605059376051, 6.834291534526756 ], [ 79.86260206643226, 6.834277037455365 ], [ 79.862597273045765, 6.834255894394062 ], [ 79.862585863346965, 6.834219945793905 ], [ 79.862576860233958, 6.834189134121289 ], [ 79.862567265367034, 6.834151679156719 ], [ 79.862561285774802, 6.834119061645424 ], [ 79.86253849785345, 6.83402995501848 ], [ 79.862532507469325, 6.834003375555369 ], [ 79.862524686065456, 6.833986453911791 ], [ 79.862516318773146, 6.833939038056201 ], [ 79.86250913408935, 6.83390460661235 ], [ 79.862502526770243, 6.833884668642611 ], [ 79.862497156019003, 6.833849636451589 ], [ 79.862482792946594, 6.833778056711992 ], [ 79.862480621083876, 6.833768076935257 ], [ 79.862477403309583, 6.833753290282175 ], [ 79.862475048884448, 6.833720679066118 ], [ 79.862467330003312, 6.833649716261448 ], [ 79.862461962849352, 6.833612872835886 ], [ 79.86245537981199, 6.833579650080821 ], [ 79.862448251785452, 6.833515934013178 ], [ 79.862443506063016, 6.833470034414631 ], [ 79.862442362125364, 6.83343621900633 ], [ 79.862436450881546, 6.833367673579346 ], [ 79.862434118939518, 6.833322987166184 ], [ 79.862434164804938, 6.833298834073958 ], [ 79.862431837359452, 6.833252034254031 ], [ 79.862454976915728, 6.833155769023563 ], [ 79.862456217080819, 6.833140301583683 ], [ 79.862392329242653, 6.83312844672048 ] ] ] ] } },
{ "type": "Feature", "properties": { "Sub_class": "Retail", "NAME": null, "Land_Exten": 2.0090244157399999, "Main_C": "Commercial", "Domain": "Built-up", "Area_m2": 20098.472 }, "geometry": { "type": "MultiPolygon", "coordinates": [ [ [ [ 79.863279986182476, 6.838747701345369 ], [ 79.863281474560438, 6.838747797572864 ], [ 79.863304760706171, 6.838552611413945 ], [ 79.863323686039337, 6.838378418129537 ], [ 79.863336605699828, 6.838306427399743 ], [ 79.863340066291073, 6.838307025448898 ], [ 79.863345666369469, 6.838238693161202 ], [ 79.863348370630831, 6.838216349504989 ], [ 79.863349805049495, 6.838216253277494 ], [ 79.863354554369266, 6.838151529969196 ], [ 79.863372245832522, 6.838021761395225 ], [ 79.863377691227527, 6.837961171371035 ], [ 79.863390001147707, 6.83785808927945 ], [ 79.863403755379068, 6.837760279913027 ], [ 79.863418471885041, 6.837666346624644 ], [ 79.863425387671555, 6.83759661499181 ], [ 79.863437185877501, 6.837508488625872 ], [ 79.863447100903045, 6.837390813235515 ], [ 79.863454011293641, 6.837323988211551 ], [ 79.863456983553021, 6.837290090065665 ], [ 79.863470520148439, 6.837115245672123 ], [ 79.863470969809441, 6.837069744473183 ], [ 79.863468300621662, 6.836944296242336 ], [ 79.863464565737161, 6.836869701075898 ], [ 79.863453174024812, 6.836744236657239 ], [ 79.863446507350488, 6.836682229301516 ], [ 79.863437897241226, 6.836623124057951 ], [ 79.86341874617824, 6.836500550060407 ], [ 79.863406272581472, 6.83643465673407 ], [ 79.863393752219963, 6.836392980351832 ], [ 79.863360119374079, 6.836241319581291 ], [ 79.86334762149562, 6.836188018562268 ], [ 79.863337034676476, 6.836148767651537 ], [ 79.863317787386052, 6.83607704941636 ], [ 79.863297556237285, 6.836013078840551 ], [ 79.863281168790991, 6.835966551515185 ], [ 79.863227061080067, 6.835814120025645 ], [ 79.863197282728493, 6.835739238874851 ], [ 79.8631693084169, 6.835669925426771 ], [ 79.863128778670273, 6.835577824956715 ], [ 79.863095966905405, 6.835504143501453 ], [ 79.863019881562366, 6.83535272734656 ], [ 79.862982993170647, 6.835283556890658 ], [ 79.862892427843349, 6.835104006344864 ], [ 79.862875616816325, 6.835114513124324 ], [ 79.862862926482933, 6.835171620074277 ], [ 79.862876885759704, 6.835259184363906 ], [ 79.862846428419971, 6.835370860376941 ], [ 79.862763067561559, 6.835518174724029 ], [ 79.862774509635983, 6.835559318707624 ], [ 79.862762430841542, 6.8357429224979 ], [ 79.862938235711056, 6.835964361666015 ], [ 79.863046514085397, 6.836204410505161 ], [ 79.863139895190045, 6.836391965017242 ], [ 79.863167820038939, 6.836495075887115 ], [ 79.863208196001494, 6.836952354167863 ], [ 79.86329062066568, 6.836986237924577 ], [ 79.863244744449446, 6.837450847478692 ], [ 79.863214029903588, 6.837829292088202 ], [ 79.863230804957766, 6.83795171589901 ], [ 79.863205209352998, 6.838215489753111 ], [ 79.863152059420088, 6.838238979145615 ], [ 79.863012641120577, 6.839285262105193 ], [ 79.862926198285493, 6.840004599232941 ], [ 79.862849776595965, 6.840616030305625 ], [ 79.862763382324317, 6.841309204356321 ], [ 79.862710045332392, 6.841825835194186 ], [ 79.862600378404807, 6.842711921917726 ], [ 79.862586941634106, 6.842895042772057 ], [ 79.862586873285636, 6.842930743159343 ], [ 79.862820848103695, 6.842935491579738 ], [ 79.86281675079249, 6.842787786926863 ], [ 79.862826530919733, 6.842533429873924 ], [ 79.862833720100184, 6.842419614373739 ], [ 79.862845782706756, 6.842187911243172 ], [ 79.862849321538988, 6.842160041252953 ], [ 79.862867099337222, 6.841978295462013 ], [ 79.862877722129213, 6.841892362542524 ], [ 79.862899017175948, 6.841694362404951 ], [ 79.862903797971967, 6.841624679335553 ], [ 79.862934471149003, 6.841383720382453 ], [ 79.862958035185216, 6.841214762051663 ], [ 79.862967487059962, 6.841133473231253 ], [ 79.86298875962359, 6.84094708783789 ], [ 79.863000533547847, 6.840866964538804 ], [ 79.863027654402799, 6.840660844422473 ], [ 79.863039395052112, 6.840598143689419 ], [ 79.863074679053227, 6.840376939244379 ], [ 79.863080582203168, 6.840328166311849 ], [ 79.863110078167608, 6.840095335431442 ], [ 79.863140775626334, 6.839841598910709 ], [ 79.863143157930438, 6.83981140417302 ], [ 79.863178512978038, 6.839553030747823 ], [ 79.863207997251322, 6.839326007689124 ], [ 79.863211572056457, 6.839279553208883 ], [ 79.863248089028161, 6.839021181582325 ], [ 79.863274101918307, 6.838786020558473 ], [ 79.863279986182476, 6.838747701345369 ] ] ] ] } },
{ "type": "Feature", "properties": { "Sub_class": "Coastal area", "NAME": null, "Land_Exten": 2.6780378500799999, "Main_C": "Coastal area", "Domain": "Non Built-up", "Area_m2": 26776.755 }, "geometry": { "type": "MultiPolygon", "coordinates": [ [ [ [ 79.862699672551912, 6.841909646612976 ], [ 79.862781492871648, 6.841163892799443 ], [ 79.862844853707088, 6.840655526731211 ], [ 79.862932695887253, 6.83995052929356 ], [ 79.862983442831705, 6.839528239136996 ], [ 79.863044707347399, 6.839044618814171 ], [ 79.863088026791047, 6.838719518391088 ], [ 79.863152059420088, 6.838238979145615 ], [ 79.863205209352998, 6.838215489753111 ], [ 79.863230804957766, 6.83795171589901 ], [ 79.863216735064327, 6.837849031307769 ], [ 79.863248143886779, 6.837416424128719 ], [ 79.86329062066568, 6.836986237924577 ], [ 79.863208196001494, 6.836952354167863 ], [ 79.863167820038939, 6.836495075887115 ], [ 79.863139895190045, 6.836391965017242 ], [ 79.863064419587374, 6.836240371695851 ], [ 79.862938235711056, 6.835964361666015 ], [ 79.862762430841542, 6.8357429224979 ], [ 79.862763067561559, 6.835518174724029 ], [ 79.862688589307027, 6.835693651340989 ], [ 79.862714366574835, 6.835848316746478 ], [ 79.862898774358996, 6.836153680647897 ], [ 79.863031627607597, 6.836518531105355 ], [ 79.863089131158517, 6.836746563203405 ], [ 79.862956277909973, 6.837297804450145 ], [ 79.862950329793932, 6.83766265490766 ], [ 79.862900757364116, 6.837979916839743 ], [ 79.862775836135995, 6.83865608021398 ], [ 79.862680657286546, 6.838971359140942 ], [ 79.86263505086697, 6.839373883997609 ], [ 79.862591427452458, 6.84021660990868 ], [ 79.862575564310873, 6.840521974709418 ], [ 79.862474596555828, 6.840905276325003 ], [ 79.862468272610812, 6.840941523326885 ], [ 79.862459103976306, 6.840988708250853 ], [ 79.8624499353418, 6.841030526169253 ], [ 79.862440766707294, 6.841066977082082 ], [ 79.862431598072774, 6.841098060989342 ], [ 79.86242242943824, 6.841123777891032 ], [ 79.862413680101042, 6.841150417246804 ], [ 79.862410748675046, 6.841160116528791 ], [ 79.862400504080028, 6.84120182620336 ], [ 79.8624149507894, 6.841525314141961 ], [ 79.862262269288351, 6.842106298666806 ], [ 79.862219042289667, 6.842365943930149 ], [ 79.862219042289667, 6.842378048519381 ], [ 79.862258303278111, 6.842635728655978 ], [ 79.862234508116103, 6.842915315289645 ], [ 79.862586873285636, 6.842930743159343 ], [ 79.862699672551912, 6.841909646612976 ] ] ] ] } },
{ "type": "Feature", "properties": { "Sub_class": "Retail", "NAME": null, "Land_Exten": 0.032686954795099997, "Main_C": "Commercial", "Domain": "Built-up", "Area_m2": 327.003 }, "geometry": { "type": "MultiPolygon", "coordinates": [ [ [ [ 79.862903073118389, 6.842545757780556 ], [ 79.863060639736773, 6.842539210716041 ], [ 79.863053882230929, 6.842369362955765 ], [ 79.862915595278537, 6.842357418160361 ], [ 79.862904755749923, 6.842480360880018 ], [ 79.862903073118389, 6.842545757780556 ] ] ] ] } },
{ "type": "Feature", "properties": { "Sub_class": "Parking", "NAME": null, "Land_Exten": 0.081799557392399996, "Main_C": "Transport", "Domain": "Built-up", "Area_m2": 818.331 }, "geometry": { "type": "MultiPolygon", "coordinates": [ [ [ [ 79.862906537306912, 6.842989076784534 ], [ 79.862906264812352, 6.843132140036289 ], [ 79.862902747563794, 6.843231923414578 ], [ 79.863133525292028, 6.843252642895209 ], [ 79.863176164848198, 6.843252723834212 ], [ 79.863182345888617, 6.843010179376336 ], [ 79.862906537306912, 6.842989076784534 ] ] ] ] } },
{ "type": "Feature", "properties": { "Sub_class": "Retail", "NAME": null, "Land_Exten": 0.074592977444300004, "Main_C": "Commercial", "Domain": "Built-up", "Area_m2": 746.235 }, "geometry": { "type": "MultiPolygon", "coordinates": [ [ [ [ 79.862800468566832, 6.843656932221677 ], [ 79.862800524324769, 6.843627396687054 ], [ 79.862800635840756, 6.843568795063902 ], [ 79.862808236011347, 6.843372017104969 ], [ 79.862599644558031, 6.843382069726772 ], [ 79.862603610568215, 6.843471299560861 ], [ 79.862554038138398, 6.84362199895611 ], [ 79.862541377482614, 6.843651379807397 ], [ 79.862800468566832, 6.843656932221677 ] ] ] ] } },
{ "type": "Feature", "properties": { "Sub_class": "Barren Land", "NAME": null, "Land_Exten": 0.085089027174400006, "Main_C": "Barren Land", "Domain": "Non Built-up", "Area_m2": 851.239 }, "geometry": { "type": "MultiPolygon", "coordinates": [ [ [ [ 79.863136713388656, 6.843654483367743 ], [ 79.862879737509957, 6.843640477326232 ], [ 79.862876997275634, 6.843737551047184 ], [ 79.862867229738924, 6.843920583767954 ], [ 79.863126099589863, 6.84391569415402 ], [ 79.863136713388656, 6.843654483367743 ] ] ] ] } },
{ "type": "Feature", "properties": { "Sub_class": "Government", "NAME": null, "Land_Exten": 0.180955607799, "Main_C": "Institutional", "Domain": "Built-up", "Area_m2": 1810.297 }, "geometry": { "type": "MultiPolygon", "coordinates": [ [ [ [ 79.862541377482614, 6.843651379807397 ], [ 79.862449336367831, 6.84386496339738 ], [ 79.862404873885851, 6.844081936532177 ], [ 79.862777078099725, 6.844117721455746 ], [ 79.862777063710553, 6.844078348237247 ], [ 79.862792247863979, 6.843860573806467 ], [ 79.862800301292907, 6.843745069379509 ], [ 79.862800468566832, 6.843656932221677 ], [ 79.862541377482614, 6.843651379807397 ] ] ] ] } },
{ "type": "Feature", "properties": { "Sub_class": "Low Rise", "NAME": null, "Land_Exten": 0.070238196219900004, "Main_C": "Residential", "Domain": "Built-up", "Area_m2": 702.67 }, "geometry": { "type": "MultiPolygon", "coordinates": [ [ [ [ 79.863036631435477, 6.844070204876118 ], [ 79.863026089582434, 6.844281037439998 ], [ 79.863111147461552, 6.844283662561054 ], [ 79.863126099589863, 6.84391569415402 ], [ 79.862867229738924, 6.843920583767954 ], [ 79.862859157424225, 6.844071870420521 ], [ 79.863036631435477, 6.844070204876118 ] ] ] ] } },
{ "type": "Feature", "properties": { "Sub_class": "Barren Land", "NAME": null, "Land_Exten": 0.044258879815900001, "Main_C": "Barren Land", "Domain": "Non Built-up", "Area_m2": 442.77 }, "geometry": { "type": "MultiPolygon", "coordinates": [ [ [ [ 79.862853142758411, 6.844184580653916 ], [ 79.862861775350723, 6.844275964364329 ], [ 79.863026089582434, 6.844281037439998 ], [ 79.863036631435477, 6.844070204876118 ], [ 79.862859157424225, 6.844071870420521 ], [ 79.862853142758411, 6.844184580653916 ] ] ] ] } },
{ "type": "Feature", "properties": { "Sub_class": "Retail", "NAME": null, "Land_Exten": 0.44707347461300001, "Main_C": "Commercial", "Domain": "Built-up", "Area_m2": 4472.566 }, "geometry": { "type": "MultiPolygon", "coordinates": [ [ [ [ 79.863485757361843, 6.840254808612599 ], [ 79.863633780374698, 6.840274379658922 ], [ 79.863640301358885, 6.840129433226821 ], [ 79.863641424612126, 6.840104470744791 ], [ 79.863568962637601, 6.840096126834851 ], [ 79.863595221941978, 6.839867556042918 ], [ 79.863764903327706, 6.839881268905458 ], [ 79.863787848630352, 6.839682812811589 ], [ 79.863676523352922, 6.839670235792823 ], [ 79.863609718114049, 6.839664657298158 ], [ 79.863490395165684, 6.839654693709178 ], [ 79.863255466166891, 6.83963042280584 ], [ 79.863229404713309, 6.839828611801067 ], [ 79.863200917788163, 6.840045253985352 ], [ 79.863196833966754, 6.840078401197331 ], [ 79.86317004855897, 6.840295808704639 ], [ 79.863169114163327, 6.840302561713884 ], [ 79.863158492270657, 6.840379324246442 ], [ 79.863139323221219, 6.840470420173801 ], [ 79.863397600418978, 6.840505085441407 ], [ 79.863544341897921, 6.840521222876191 ], [ 79.863553391775667, 6.840342771301891 ], [ 79.863556994459771, 6.840303652591558 ], [ 79.863481902867591, 6.840293494749005 ], [ 79.863485757361843, 6.840254808612599 ] ] ] ] } },
{ "type": "Feature", "properties": { "Sub_class": "Roads", "NAME": null, "Land_Exten": 0.038472086318400003, "Main_C": "Transport", "Domain": "Built-up", "Area_m2": 384.879 }, "geometry": { "type": "MultiPolygon", "coordinates": [ [ [ [ 79.864592779633142, 6.840214021659847 ], [ 79.864598345537274, 6.840175112491522 ], [ 79.86357144926302, 6.840074479253872 ], [ 79.863568962637601, 6.840096126834851 ], [ 79.864592779633142, 6.840214021659847 ] ] ] ] } },
{ "type": "Feature", "properties": { "Sub_class": "High Rise", "NAME": null, "Land_Exten": 0.104088440124, "Main_C": "Residential", "Domain": "Built-up", "Area_m2": 1041.311 }, "geometry": { "type": "MultiPolygon", "coordinates": [ [ [ [ 79.863641424612126, 6.840104470744791 ], [ 79.863640301358885, 6.840129433226821 ], [ 79.863633780374698, 6.840274379658922 ], [ 79.86366795641112, 6.840278897852897 ], [ 79.86411347875412, 6.840337801648275 ], [ 79.864133486870969, 6.840191124021203 ], [ 79.864127402057989, 6.840190567340869 ], [ 79.864130220533298, 6.84016075661367 ], [ 79.863641424612126, 6.840104470744791 ] ] ] ] } },
{ "type": "Feature", "properties": { "Sub_class": "Roads", "NAME": null, "Land_Exten": 0.054468095922399998, "Main_C": "Transport", "Domain": "Built-up", "Area_m2": 544.904 }, "geometry": { "type": "MultiPolygon", "coordinates": [ [ [ [ 79.864573013433869, 6.84044108698663 ], [ 79.86457619163798, 6.840398978929784 ], [ 79.864440466854091, 6.840381033857682 ], [ 79.86411347875412, 6.840337801648275 ], [ 79.86366795641112, 6.840278897852897 ], [ 79.863485757361843, 6.840254808612599 ], [ 79.863481902867591, 6.840293494749005 ], [ 79.864573013433869, 6.84044108698663 ] ] ] ] } },
{ "type": "Feature", "properties": { "Sub_class": "Mixed Retail-Residential", "NAME": null, "Land_Exten": 0.25912054829100001, "Main_C": "Commercial", "Domain": "Built-up", "Area_m2": 2592.268 }, "geometry": { "type": "MultiPolygon", "coordinates": [ [ [ [ 79.863556994459771, 6.840303652591558 ], [ 79.863553391775667, 6.840342771301891 ], [ 79.863544341897921, 6.840521222876191 ], [ 79.863780315908912, 6.840547172813842 ], [ 79.86400344040652, 6.840571709916503 ], [ 79.864240837144962, 6.840597816336185 ], [ 79.864527915131248, 6.84064901204232 ], [ 79.864537083719483, 6.840643944362569 ], [ 79.864552323630903, 6.84062118971616 ], [ 79.864567729017551, 6.840511101006541 ], [ 79.864573013433869, 6.84044108698663 ], [ 79.864009058471311, 6.840364801994042 ], [ 79.863806288329613, 6.840337373571003 ], [ 79.863556994459771, 6.840303652591558 ] ] ] ] } },
{ "type": "Feature", "properties": { "Sub_class": "Retail", "NAME": null, "Land_Exten": 0.11425862416800001, "Main_C": "Commercial", "Domain": "Built-up", "Area_m2": 1143.055 }, "geometry": { "type": "MultiPolygon", "coordinates": [ [ [ [ 79.863994977786035, 6.840643481211714 ], [ 79.863887400882902, 6.840632522972612 ], [ 79.863810854187648, 6.840617898197479 ], [ 79.863796793287463, 6.84081618971544 ], [ 79.864277642799038, 6.84087051236429 ], [ 79.864291632652794, 6.840679836305469 ], [ 79.863994977786035, 6.840643481211714 ] ] ] ] } },
{ "type": "Feature", "properties": { "Sub_class": "Mixed Retail-Residential", "NAME": null, "Land_Exten": 0.43051145409800001, "Main_C": "Commercial", "Domain": "Built-up", "Area_m2": 4306.879 }, "geometry": { "type": "MultiPolygon", "coordinates": [ [ [ [ 79.863810854187648, 6.840617898197479 ], [ 79.863688418685626, 6.840594505931733 ], [ 79.863440987311776, 6.840572529198937 ], [ 79.863123679514274, 6.840518156188011 ], [ 79.863079976959455, 6.840867580574411 ], [ 79.863061417650385, 6.840995688100577 ], [ 79.86335752662859, 6.841021176686013 ], [ 79.863486568550343, 6.841033485706873 ], [ 79.863529860115023, 6.840783537130562 ], [ 79.863620350798612, 6.840802309578976 ], [ 79.86358871714566, 6.841043229861214 ], [ 79.863744048948774, 6.841058047091224 ], [ 79.863812749059207, 6.841064600450977 ], [ 79.863987221133414, 6.841082108452611 ], [ 79.864007621354688, 6.840840007360498 ], [ 79.863796793287463, 6.84081618971544 ], [ 79.863810854187648, 6.840617898197479 ] ] ] ] } },
{ "type": "Feature", "properties": { "Sub_class": "Barren Land", "NAME": null, "Land_Exten": 0.029537994445799999, "Main_C": "Barren Land", "Domain": "Non Built-up", "Area_m2": 295.501 }, "geometry": { "type": "MultiPolygon", "coordinates": [ [ [ [ 79.863529860115023, 6.840783537130562 ], [ 79.863486568550343, 6.841033485706873 ], [ 79.86358871714566, 6.841043229861214 ], [ 79.863620350798612, 6.840802309578976 ], [ 79.863529860115023, 6.840783537130562 ] ] ] ] } },
{ "type": "Feature", "properties": { "Sub_class": "High Rise", "NAME": null, "Land_Exten": 0.068060639479200005, "Main_C": "Residential", "Domain": "Built-up", "Area_m2": 680.886 }, "geometry": { "type": "MultiPolygon", "coordinates": [ [ [ [ 79.864007621354688, 6.840840007360498 ], [ 79.863987221133414, 6.841082108452611 ], [ 79.864216016755847, 6.841105068144429 ], [ 79.864237598686316, 6.840865988774397 ], [ 79.864007621354688, 6.840840007360498 ] ] ] ] } },
{ "type": "Feature", "properties": { "Sub_class": "Retail", "NAME": null, "Land_Exten": 0.13224212701800001, "Main_C": "Commercial", "Domain": "Built-up", "Area_m2": 1322.963 }, "geometry": { "type": "MultiPolygon", "coordinates": [ [ [ [ 79.863424426296319, 6.841356490709529 ], [ 79.86343928849243, 6.841083658883804 ], [ 79.863053830070271, 6.84104806461653 ], [ 79.863030914445176, 6.841206240975282 ], [ 79.863020961648147, 6.841316988887968 ], [ 79.863424426296319, 6.841356490709529 ] ] ] ] } },
{ "type": "Feature", "properties": { "Sub_class": "Under Construction", "NAME": null, "Land_Exten": 0.10435940146600001, "Main_C": "Under Construction", "Domain": "Built-up", "Area_m2": 1044.022 }, "geometry": { "type": "MultiPolygon", "coordinates": [ [ [ [ 79.863424426296319, 6.841356490709529 ], [ 79.863734648335424, 6.841380704056292 ], [ 79.863757427263522, 6.841113625193714 ], [ 79.863727497825835, 6.841110273420441 ], [ 79.86343928849243, 6.841083658883804 ], [ 79.863424426296319, 6.841356490709529 ] ] ] ] } },
{ "type": "Feature", "properties": { "Sub_class": "Low Rise", "NAME": null, "Land_Exten": 0.126406054386, "Main_C": "Residential", "Domain": "Built-up", "Area_m2": 1264.579 }, "geometry": { "type": "MultiPolygon", "coordinates": [ [ [ [ 79.864453173375296, 6.84137137448937 ], [ 79.864467532850426, 6.841239356711014 ], [ 79.864470895415536, 6.84119352905816 ], [ 79.863941238797167, 6.841134210675307 ], [ 79.863940826008388, 6.841351709014191 ], [ 79.864453173375296, 6.84137137448937 ] ] ] ] } },
{ "type": "Feature", "properties": { "Sub_class": "Retail", "NAME": null, "Land_Exten": 0.063290158048899994, "Main_C": "Commercial", "Domain": "Built-up", "Area_m2": 633.161 }, "geometry": { "type": "MultiPolygon", "coordinates": [ [ [ [ 79.863757427263522, 6.841113625193714 ], [ 79.863734648335424, 6.841380704056292 ], [ 79.863940741472106, 6.841396355857171 ], [ 79.863941238797167, 6.841134210675307 ], [ 79.863757427263522, 6.841113625193714 ] ] ] ] } },
{ "type": "Feature", "properties": { "Sub_class": "High Rise", "NAME": null, "Land_Exten": 0.26523220562700001, "Main_C": "Residential", "Domain": "Built-up", "Area_m2": 2653.41 }, "geometry": { "type": "MultiPolygon", "coordinates": [ [ [ [ 79.863940826008388, 6.841351709014191 ], [ 79.863940741472106, 6.841396355857171 ], [ 79.863933631432019, 6.841670579833419 ], [ 79.863978841250571, 6.841680097358676 ], [ 79.864197751525069, 6.841715788752708 ], [ 79.864176335969205, 6.841927561108093 ], [ 79.864230369036363, 6.841936240465202 ], [ 79.864269712577254, 6.841916672116781 ], [ 79.864299204944416, 6.84191017991094 ], [ 79.864331954656052, 6.841913516395721 ], [ 79.864374537554909, 6.841913596435404 ], [ 79.86439419673485, 6.841910359775341 ], [ 79.864407330434005, 6.84189401549645 ], [ 79.864417374062612, 6.841779449961678 ], [ 79.86443086209465, 6.841576495458924 ], [ 79.864453173375296, 6.84137137448937 ], [ 79.863940826008388, 6.841351709014191 ] ] ] ] } },
{ "type": "Feature", "properties": { "Sub_class": "Low Rise", "NAME": null, "Land_Exten": 0.84993823855700001, "Main_C": "Residential", "Domain": "Built-up", "Area_m2": 8502.866 }, "geometry": { "type": "MultiPolygon", "coordinates": [ [ [ [ 79.863020961648147, 6.841316988887968 ], [ 79.862986945691034, 6.841695468571061 ], [ 79.862969393622677, 6.8418472732331 ], [ 79.863901556211886, 6.841930393073255 ], [ 79.863871162724024, 6.842402049714849 ], [ 79.863885544682205, 6.842403749433515 ], [ 79.864131427423501, 6.842432073581392 ], [ 79.864141095135494, 6.842374768780587 ], [ 79.86416453416598, 6.842106356223383 ], [ 79.864174559808134, 6.842001612184731 ], [ 79.864194275645389, 6.841968911036474 ], [ 79.864230369036363, 6.841936240465202 ], [ 79.864176335969205, 6.841927561108093 ], [ 79.864197751525069, 6.841715788752708 ], [ 79.863978841250571, 6.841680097358676 ], [ 79.863933631432019, 6.841670579833419 ], [ 79.863940741472106, 6.841396355857171 ], [ 79.863734648335424, 6.841380704056292 ], [ 79.863424426296319, 6.841356490709529 ], [ 79.863020961648147, 6.841316988887968 ] ] ] ] } },
{ "type": "Feature", "properties": { "Sub_class": "Retail", "NAME": null, "Land_Exten": 0.27723025500100001, "Main_C": "Commercial", "Domain": "Built-up", "Area_m2": 2773.438 }, "geometry": { "type": "MultiPolygon", "coordinates": [ [ [ [ 79.862969393622677, 6.8418472732331 ], [ 79.86293224802489, 6.842168544342883 ], [ 79.862922078491181, 6.842283891388547 ], [ 79.863181451962475, 6.842320566640865 ], [ 79.863594158044009, 6.842369324284959 ], [ 79.863602885964497, 6.842127436332191 ], [ 79.863276899709206, 6.842098881957895 ], [ 79.863283185970317, 6.84187525383993 ], [ 79.862969393622677, 6.8418472732331 ] ] ] ] } },
{ "type": "Feature", "properties": { "Sub_class": "High Rise", "NAME": null, "Land_Exten": 0.25266121025400001, "Main_C": "Residential", "Domain": "Built-up", "Area_m2": 2527.648 }, "geometry": { "type": "MultiPolygon", "coordinates": [ [ [ [ 79.863276899709206, 6.842098881957895 ], [ 79.863602885964497, 6.842127436332191 ], [ 79.863594158044009, 6.842369324284959 ], [ 79.863871162724024, 6.842402049714849 ], [ 79.863901556211886, 6.841930393073255 ], [ 79.863283185970317, 6.84187525383993 ], [ 79.863276899709206, 6.842098881957895 ] ] ] ] } },
{ "type": "Feature", "properties": { "Sub_class": "Retail", "NAME": null, "Land_Exten": 0.077858890155500002, "Main_C": "Commercial", "Domain": "Built-up", "Area_m2": 778.908 }, "geometry": { "type": "MultiPolygon", "coordinates": [ [ [ [ 79.863515367540231, 6.842422690055173 ], [ 79.863335285495111, 6.842400805952479 ], [ 79.863320085153873, 6.842600744129072 ], [ 79.863671241634563, 6.842609041274272 ], [ 79.863671569887117, 6.84243648025938 ], [ 79.863515367540231, 6.842422690055173 ] ] ] ] } },
{ "type": "Feature", "properties": { "Sub_class": "Low Rise", "NAME": null, "Land_Exten": 0.41033963998599998, "Main_C": "Residential", "Domain": "Built-up", "Area_m2": 4105.077 }, "geometry": { "type": "MultiPolygon", "coordinates": [ [ [ [ 79.863320085153873, 6.842600744129072 ], [ 79.863335285495111, 6.842400805952479 ], [ 79.863132212281812, 6.842376128555543 ], [ 79.863053882230929, 6.842369362955765 ], [ 79.863060639736773, 6.842539210716041 ], [ 79.862903073118389, 6.842545757780556 ], [ 79.862898947028839, 6.84270618514239 ], [ 79.862898690722034, 6.842840611305235 ], [ 79.862898527944765, 6.842926643150122 ], [ 79.862898517152928, 6.842932020196599 ], [ 79.862930796519095, 6.842932081350511 ], [ 79.863124451132592, 6.842943203266259 ], [ 79.863291195332465, 6.842959650967146 ], [ 79.863630065275345, 6.842992556261493 ], [ 79.863671241634563, 6.842609041274272 ], [ 79.863320085153873, 6.842600744129072 ] ] ] ] } },
{ "type": "Feature", "properties": { "Sub_class": "High Rise", "NAME": null, "Land_Exten": 0.11950817349, "Main_C": "Residential", "Domain": "Built-up", "Area_m2": 1195.572 }, "geometry": { "type": "MultiPolygon", "coordinates": [ [ [ [ 79.863671241634563, 6.842609041274272 ], [ 79.863630065275345, 6.842992556261493 ], [ 79.863915882412073, 6.843003947973841 ], [ 79.863930672662491, 6.842678204535559 ], [ 79.863671241634563, 6.842609041274272 ] ] ] ] } },
{ "type": "Feature", "properties": { "Sub_class": "Retail", "NAME": null, "Land_Exten": 0.059136294139100001, "Main_C": "Commercial", "Domain": "Built-up", "Area_m2": 591.606 }, "geometry": { "type": "MultiPolygon", "coordinates": [ [ [ [ 79.864422527177965, 6.842516078354379 ], [ 79.864419569307756, 6.842515713229602 ], [ 79.864419187095848, 6.842717281877128 ], [ 79.864671114180624, 6.842717759417098 ], [ 79.864678536285453, 6.842540707187936 ], [ 79.864422527177965, 6.842516078354379 ] ] ] ] } },
{ "type": "Feature", "properties": { "Sub_class": "Retail", "NAME": null, "Land_Exten": 0.025758536230799999, "Main_C": "Commercial", "Domain": "Built-up", "Area_m2": 257.691 }, "geometry": { "type": "MultiPolygon", "coordinates": [ [ [ [ 79.865300943583748, 6.842619963540528 ], [ 79.865288479879496, 6.842794079483212 ], [ 79.865411259821826, 6.842799790178219 ], [ 79.865423806263721, 6.842632478506118 ], [ 79.865300943583748, 6.842619963540528 ] ] ] ] } },
{ "type": "Feature", "properties": { "Sub_class": "Under Construction", "NAME": null, "Land_Exten": 0.0274003677935, "Main_C": "Under Construction", "Domain": "Built-up", "Area_m2": 274.116 }, "geometry": { "type": "MultiPolygon", "coordinates": [ [ [ [ 79.865423806263721, 6.842632478506118 ], [ 79.865411259821826, 6.842799790178219 ], [ 79.865543558188733, 6.842809307703419 ], [ 79.865562470931366, 6.842648549391072 ], [ 79.865423806263721, 6.842632478506118 ] ] ] ] } },
{ "type": "Feature", "properties": { "Sub_class": "Low Rise", "NAME": null, "Land_Exten": 0.94689155185399998, "Main_C": "Residential", "Domain": "Built-up", "Area_m2": 9472.805 }, "geometry": { "type": "MultiPolygon", "coordinates": [ [ [ [ 79.866106048155643, 6.842873081327696 ], [ 79.866106105712277, 6.842842560136091 ], [ 79.866104846661415, 6.842842414445897 ], [ 79.865676482483764, 6.84279266215168 ], [ 79.865691497564626, 6.842663503318079 ], [ 79.865562470931366, 6.842648549391072 ], [ 79.865543558188733, 6.842809307703419 ], [ 79.865411259821826, 6.842799790178219 ], [ 79.865288479879496, 6.842794079483212 ], [ 79.865300943583748, 6.842619963540528 ], [ 79.865162640443543, 6.842605875660695 ], [ 79.864769676279593, 6.842549475577869 ], [ 79.864678536285453, 6.842540707187936 ], [ 79.864671114180624, 6.842717759417098 ], [ 79.864419187095848, 6.842717281877128 ], [ 79.864419569307756, 6.842515713229602 ], [ 79.86404592348066, 6.842469530344601 ], [ 79.863671569887117, 6.84243648025938 ], [ 79.863671241634563, 6.842609041274272 ], [ 79.863930672662491, 6.842678204535559 ], [ 79.864358113236392, 6.842717166763862 ], [ 79.864340020675456, 6.843014945783182 ], [ 79.864367065088061, 6.843015462893334 ], [ 79.864598348235234, 6.843042786095737 ], [ 79.864748994570505, 6.843037695033672 ], [ 79.86522779182917, 6.843043979496088 ], [ 79.865495082032453, 6.843059059328198 ], [ 79.865523653493881, 6.843060670913303 ], [ 79.865650160226778, 6.843069784642921 ], [ 79.865830264754948, 6.84308275916203 ], [ 79.865975500768798, 6.843093788447618 ], [ 79.866040038816777, 6.843104664848454 ], [ 79.866084692854372, 6.843109851238694 ], [ 79.866106048155643, 6.842873081327696 ] ] ] ] } },
{ "type": "Feature", "properties": { "Sub_class": "High Rise", "NAME": null, "Land_Exten": 0.055199049283399998, "Main_C": "Residential", "Domain": "Built-up", "Area_m2": 552.217 }, "geometry": { "type": "MultiPolygon", "coordinates": [ [ [ [ 79.864770668231813, 6.843393838255054 ], [ 79.864919265911453, 6.843396503845611 ], [ 79.864928568498669, 6.843101861661637 ], [ 79.864772669223385, 6.843095370355115 ], [ 79.864770668231813, 6.843393838255054 ] ] ] ] } },
{ "type": "Feature", "properties": { "Sub_class": "Under Construction", "NAME": null, "Land_Exten": 0.081786210497499998, "Main_C": "Under Construction", "Domain": "Built-up", "Area_m2": 818.198 }, "geometry": { "type": "MultiPolygon", "coordinates": [ [ [ [ 79.864928568498669, 6.843101861661637 ], [ 79.864919265911453, 6.843396503845611 ], [ 79.865145314105007, 6.843406021370811 ], [ 79.865156189606523, 6.843111339616655 ], [ 79.864928568498669, 6.843101861661637 ] ] ] ] } },
{ "type": "Feature", "properties": { "Sub_class": "Low Rise", "NAME": null, "Land_Exten": 2.5010092520599998, "Main_C": "Residential", "Domain": "Built-up", "Area_m2": 25020.363 }, "geometry": { "type": "MultiPolygon", "coordinates": [ [ [ [ 79.864824010619657, 6.843945993213083 ], [ 79.865196925297937, 6.843972707574437 ], [ 79.865196464845042, 6.844215439091272 ], [ 79.865205687392631, 6.84421535365567 ], [ 79.865621480846698, 6.844211471282449 ], [ 79.865968432097532, 6.844208232823746 ], [ 79.866020473166373, 6.844208330849824 ], [ 79.86602050284398, 6.844192633183525 ], [ 79.866020905740243, 6.843980371596899 ], [ 79.865467535798189, 6.843963369014318 ], [ 79.865471674478272, 6.843922781711058 ], [ 79.865743784148378, 6.843935475641729 ], [ 79.866068751471744, 6.843940336477374 ], [ 79.866092425225304, 6.843746271773057 ], [ 79.866311951535408, 6.84376182105126 ], [ 79.86631761096902, 6.843722391175447 ], [ 79.866328984694917, 6.843643876763565 ], [ 79.865931866562448, 6.843627558565004 ], [ 79.865956758897369, 6.843486094307877 ], [ 79.865671175584339, 6.843470267139139 ], [ 79.86567875147324, 6.84313888405228 ], [ 79.865456465143836, 6.843122627907007 ], [ 79.865156189606523, 6.843111339616655 ], [ 79.865145314105007, 6.843406021370811 ], [ 79.864919265911453, 6.843396503845611 ], [ 79.864770668231813, 6.843393838255054 ], [ 79.864772669223385, 6.843095370355115 ], [ 79.864616769948043, 6.843088879048594 ], [ 79.864382387737066, 6.84309195652861 ], [ 79.864376431527148, 6.843398726070404 ], [ 79.864049255468842, 6.84338088082302 ], [ 79.864053416631918, 6.843082538828128 ], [ 79.864049139456256, 6.843082367057661 ], [ 79.863742726945361, 6.843070070627334 ], [ 79.863592414258562, 6.84305639553628 ], [ 79.86352982144416, 6.843050701029085 ], [ 79.863517978272114, 6.84330177645586 ], [ 79.863261719153058, 6.843289438656711 ], [ 79.863261323451354, 6.843255440686107 ], [ 79.863212762758849, 6.843252793082002 ], [ 79.863176164848198, 6.843252723834212 ], [ 79.863133525292028, 6.843252642895209 ], [ 79.862902747563794, 6.843231923414578 ], [ 79.862900861685489, 6.843285412391936 ], [ 79.862895506222685, 6.843413137706193 ], [ 79.862892809155881, 6.843487219359758 ], [ 79.86288755621581, 6.843561296516668 ], [ 79.863118767417234, 6.843565365948905 ], [ 79.863245605999964, 6.84357392119955 ], [ 79.86354918834445, 6.843593203563557 ], [ 79.86375296662618, 6.843603982837578 ], [ 79.863933874248971, 6.8436126406109 ], [ 79.863975466094928, 6.843612718851944 ], [ 79.86423227380044, 6.843623598850058 ], [ 79.864481798796021, 6.84363654279224 ], [ 79.864714696226315, 6.843645298591696 ], [ 79.865023481148796, 6.843662511615662 ], [ 79.865379073085819, 6.843671499440177 ], [ 79.865372736462689, 6.843723448778178 ], [ 79.864805039421071, 6.843707823956947 ], [ 79.864653467683468, 6.843697127420569 ], [ 79.864463886998863, 6.843718191341509 ], [ 79.86442422959459, 6.843738020493277 ], [ 79.864408366453006, 6.843787592023773 ], [ 79.864400434432582, 6.844291244745193 ], [ 79.864402417437645, 6.844370560453058 ], [ 79.864444309657245, 6.844394695558776 ], [ 79.864717419373449, 6.844401872148751 ], [ 79.864815038083577, 6.844407284268812 ], [ 79.864824010619657, 6.843945993213083 ] ] ] ] } },
{ "type": "Feature", "properties": { "Sub_class": "Temple/Shrine", "NAME": "Dharmaplarama Viharaya", "Land_Exten": 0.21103379611500001, "Main_C": "Cultural", "Domain": "Built-up", "Area_m2": 2111.205 }, "geometry": { "type": "MultiPolygon", "coordinates": [ [ [ [ 79.864950308709808, 6.844414784614685 ], [ 79.865191952946304, 6.844422029553073 ], [ 79.865205687392631, 6.84421535365567 ], [ 79.865196464845042, 6.844215439091272 ], [ 79.865196925297937, 6.843972707574437 ], [ 79.864824010619657, 6.843945993213083 ], [ 79.864815038083577, 6.844407284268812 ], [ 79.864950308709808, 6.844414784614685 ] ] ] ] } },
{ "type": "Feature", "properties": { "Sub_class": "Retail", "NAME": null, "Land_Exten": 0.11142470741299999, "Main_C": "Commercial", "Domain": "Built-up", "Area_m2": 1114.705 }, "geometry": { "type": "MultiPolygon", "coordinates": [ [ [ [ 79.865394275225697, 6.844428096379602 ], [ 79.865621051870107, 6.844437653474984 ], [ 79.865621480846698, 6.844211471282449 ], [ 79.865205687392631, 6.84421535365567 ], [ 79.865191952946304, 6.844422029553073 ], [ 79.865394275225697, 6.844428096379602 ] ] ] ] } },
{ "type": "Feature", "properties": { "Sub_class": "Low Rise", "NAME": null, "Land_Exten": 0.75506544451799995, "Main_C": "Residential", "Domain": "Built-up", "Area_m2": 7553.754 }, "geometry": { "type": "MultiPolygon", "coordinates": [ [ [ [ 79.865094553670758, 6.844472753115099 ], [ 79.864931598314683, 6.844464526117008 ], [ 79.864659681998774, 6.844458858589519 ], [ 79.864360726666234, 6.844440258810948 ], [ 79.864118466394189, 6.844426918267686 ], [ 79.864069493812167, 6.844426825637527 ], [ 79.864048849874564, 6.844439667057031 ], [ 79.864046232847443, 6.844460271424452 ], [ 79.86403439956797, 6.844583903024727 ], [ 79.864021879206405, 6.844776222144958 ], [ 79.864336311871341, 6.84478554901392 ], [ 79.86431444215782, 6.845202618606038 ], [ 79.864329647894976, 6.845197585100493 ], [ 79.864466270202286, 6.845190115331604 ], [ 79.864852857273604, 6.845219434129604 ], [ 79.864915336773436, 6.845216431293295 ], [ 79.864917208262625, 6.845237452946151 ], [ 79.864926250945757, 6.84491711892997 ], [ 79.865058305596392, 6.844913487467522 ], [ 79.865094553670758, 6.844472753115099 ] ] ] ] } },
{ "type": "Feature", "properties": { "Sub_class": "Low Rise", "NAME": null, "Land_Exten": 0.16320062215200001, "Main_C": "Residential", "Domain": "Built-up", "Area_m2": 1632.676 }, "geometry": { "type": "MultiPolygon", "coordinates": [ [ [ [ 79.864055043505516, 6.843009494092939 ], [ 79.864340020675456, 6.843014945783182 ], [ 79.864358113236392, 6.842717166763862 ], [ 79.863930672662491, 6.842678204535559 ], [ 79.863915882412073, 6.843003947973841 ], [ 79.864055043505516, 6.843009494092939 ] ] ] ] } },
{ "type": "Feature", "properties": { "Sub_class": "Parking", "NAME": null, "Land_Exten": 0.10749735060600001, "Main_C": "Transport", "Domain": "Built-up", "Area_m2": 1075.414 }, "geometry": { "type": "MultiPolygon", "coordinates": [ [ [ [ 79.863182345888617, 6.843010179376336 ], [ 79.863176164848198, 6.843252723834212 ], [ 79.863212762758849, 6.843252793082002 ], [ 79.863261323451354, 6.843255440686107 ], [ 79.863261719153058, 6.843289438656711 ], [ 79.863517978272114, 6.84330177645586 ], [ 79.86352982144416, 6.843050701029085 ], [ 79.863526121633242, 6.843050364682654 ], [ 79.863376002300697, 6.843035072610576 ], [ 79.863264140128024, 6.843018883914397 ], [ 79.863225895558685, 6.843013349486512 ], [ 79.863195146838621, 6.843011158738022 ], [ 79.863182345888617, 6.843010179376336 ] ] ] ] } },
{ "type": "Feature", "properties": { "Sub_class": "Under Construction", "NAME": null, "Land_Exten": 0.12088683552600001, "Main_C": "Under Construction", "Domain": "Built-up", "Area_m2": 1209.364 }, "geometry": { "type": "MultiPolygon", "coordinates": [ [ [ [ 79.864331480713304, 6.843092625624195 ], [ 79.864135227958457, 6.843085821353611 ], [ 79.864058402473347, 6.843082738477619 ], [ 79.864053416631918, 6.843082538828128 ], [ 79.864049255468842, 6.84338088082302 ], [ 79.864376431527148, 6.843398726070404 ], [ 79.864382387737066, 6.84309195652861 ], [ 79.864331480713304, 6.843092625624195 ] ] ] ] } },
{ "type": "Feature", "properties": { "Sub_class": "Low Rise", "NAME": null, "Land_Exten": 0.95564333058899997, "Main_C": "Residential", "Domain": "Built-up", "Area_m2": 9560.351 }, "geometry": { "type": "MultiPolygon", "coordinates": [ [ [ [ 79.863193635078233, 6.844251560361272 ], [ 79.863197642457294, 6.844279985233186 ], [ 79.863222005091529, 6.844284090638325 ], [ 79.863469752127401, 6.844292680063177 ], [ 79.863831163577402, 6.844333961643088 ], [ 79.864310379920141, 6.844367347175364 ], [ 79.864342888613464, 6.844359290149157 ], [ 79.864359196919452, 6.844326844408386 ], [ 79.864363937245969, 6.843969613906609 ], [ 79.864364353632084, 6.843750399661246 ], [ 79.864348207204046, 6.843697595068022 ], [ 79.864295435885708, 6.84368125618505 ], [ 79.86406394409579, 6.843668638696784 ], [ 79.863247624977987, 6.843626493767715 ], [ 79.863211016275443, 6.843654841297962 ], [ 79.863194691781644, 6.843695406118172 ], [ 79.863189681658525, 6.844194719610698 ], [ 79.863193635078233, 6.844251560361272 ] ] ] ] } },
{ "type": "Feature", "properties": { "Sub_class": "Low Rise", "NAME": null, "Land_Exten": 0.88364590593600001, "Main_C": "Residential", "Domain": "Built-up", "Area_m2": 8840.079 }, "geometry": { "type": "MultiPolygon", "coordinates": [ [ [ [ 79.863111233796474, 6.844971897535117 ], [ 79.863118510211109, 6.845023949395795 ], [ 79.863416201996188, 6.84502966638604 ], [ 79.863591471769041, 6.845029999135193 ], [ 79.863612111210045, 6.845019734273365 ], [ 79.863627605629574, 6.845004306403666 ], [ 79.863643115337538, 6.844981150659635 ], [ 79.863658634038813, 6.84495284269957 ], [ 79.863687030132382, 6.844929711237228 ], [ 79.863717984797233, 6.844916889602814 ], [ 79.863903559901416, 6.844919817795414 ], [ 79.863942242440601, 6.844909586208473 ], [ 79.863965503405325, 6.844876140421604 ], [ 79.863981066173324, 6.84482464793922 ], [ 79.864020496948456, 6.844420268680494 ], [ 79.864012793355812, 6.844404796744016 ], [ 79.864001204691874, 6.844399622944309 ], [ 79.863825954704112, 6.844388985763146 ], [ 79.863575183248145, 6.844354355569124 ], [ 79.863261729045632, 6.844334050675968 ], [ 79.863081524692689, 6.844321360342576 ], [ 79.862869594056576, 6.844312476839377 ], [ 79.862849273874929, 6.844342875723157 ], [ 79.862854417997028, 6.844557477345745 ], [ 79.86284791410003, 6.844975900417523 ], [ 79.863111233796474, 6.844971897535117 ] ] ] ] } },
{ "type": "Feature", "properties": { "Sub_class": "Playground", "NAME": "Public Space", "Land_Exten": 0.056324786975900001, "Main_C": "Public Space", "Domain": "Built-up", "Area_m2": 563.479 }, "geometry": { "type": "MultiPolygon", "coordinates": [ [ [ [ 79.864218006955525, 6.844867389118747 ], [ 79.864216420551429, 6.84503395165558 ], [ 79.864323132306765, 6.845036897834632 ], [ 79.864336311871341, 6.84478554901392 ], [ 79.864021879206405, 6.844776222144958 ], [ 79.864018469876555, 6.844828606754845 ], [ 79.864020291003669, 6.844870743589979 ], [ 79.864218006955525, 6.844867389118747 ] ] ] ] } },
{ "type": "Feature", "properties": { "Sub_class": "Playground", "NAME": null, "Land_Exten": 0.10354963560200001, "Main_C": "Public Space", "Domain": "Built-up", "Area_m2": 1035.921 }, "geometry": { "type": "MultiPolygon", "coordinates": [ [ [ [ 79.864216420551429, 6.84503395165558 ], [ 79.864218006955525, 6.844867389118747 ], [ 79.864020291003669, 6.844870743589979 ], [ 79.864033283509286, 6.845171261044925 ], [ 79.864038375470727, 6.845204760791148 ], [ 79.864061548301891, 6.845217685847558 ], [ 79.864249690970496, 6.845225770752791 ], [ 79.864275485325436, 6.84521551488416 ], [ 79.86431444215782, 6.845202618606038 ], [ 79.864323132306765, 6.845036897834632 ], [ 79.864216420551429, 6.84503395165558 ] ] ] ] } },
{ "type": "Feature", "properties": { "Sub_class": "Low Rise", "NAME": null, "Land_Exten": 0.169938868784, "Main_C": "Residential", "Domain": "Built-up", "Area_m2": 1700.085 }, "geometry": { "type": "MultiPolygon", "coordinates": [ [ [ [ 79.86307155750643, 6.845336884689516 ], [ 79.863589655138526, 6.845327564115848 ], [ 79.863597695976921, 6.845165282351957 ], [ 79.863595265109439, 6.845087993715993 ], [ 79.863582440777066, 6.845054479580597 ], [ 79.863239633602291, 6.845053828471464 ], [ 79.863118501217912, 6.845048446029011 ], [ 79.86307155750643, 6.845336884689516 ] ] ] ] } },
{ "type": "Feature", "properties": { "Sub_class": "Retail", "NAME": null, "Land_Exten": 0.10900791959599999, "Main_C": "Commercial", "Domain": "Built-up", "Area_m2": 1090.526 }, "geometry": { "type": "MultiPolygon", "coordinates": [ [ [ [ 79.863429812336051, 6.846788944454261 ], [ 79.863411297093762, 6.847189174241066 ], [ 79.863637346186636, 6.847196313059442 ], [ 79.863658061170668, 6.846813787326482 ], [ 79.863429812336051, 6.846788944454261 ] ] ] ] } },
{ "type": "Feature", "properties": { "Sub_class": "Barren Land", "NAME": null, "Land_Exten": 0.110467136272, "Main_C": "Barren Land", "Domain": "Non Built-up", "Area_m2": 1105.124 }, "geometry": { "type": "MultiPolygon", "coordinates": [ [ [ [ 79.863429812336051, 6.846788944454261 ], [ 79.863286011640184, 6.846773292653381 ], [ 79.863273235871191, 6.847171169813691 ], [ 79.863100011156632, 6.847161652288491 ], [ 79.863101915021446, 6.847287287578297 ], [ 79.863306548558398, 6.847316793435311 ], [ 79.863310355388649, 6.847240650535639 ], [ 79.863406485720816, 6.847243505883114 ], [ 79.863411297093762, 6.847189174241066 ], [ 79.863429812336051, 6.846788944454261 ] ] ] ] } },
{ "type": "Feature", "properties": { "Sub_class": "Low Rise", "NAME": null, "Land_Exten": 0.642059024343, "Main_C": "Residential", "Domain": "Built-up", "Area_m2": 6423.224 }, "geometry": { "type": "MultiPolygon", "coordinates": [ [ [ [ 79.864150059577639, 6.845387962584482 ], [ 79.864443526347713, 6.845380031463321 ], [ 79.864423576686761, 6.84569325993607 ], [ 79.864658761092983, 6.845700585813461 ], [ 79.864659114526546, 6.845514082608872 ], [ 79.864884369518109, 6.845518757284879 ], [ 79.864877686655973, 6.845303777047718 ], [ 79.864874663135254, 6.845250696362598 ], [ 79.864818431225672, 6.845253711789439 ], [ 79.864731644849599, 6.845247294227306 ], [ 79.864664634565315, 6.845244590865207 ], [ 79.864491932356827, 6.845249415728006 ], [ 79.86418004477332, 6.845253976190122 ], [ 79.863999624583073, 6.845251057890039 ], [ 79.863996262017963, 6.844985709323055 ], [ 79.86397829806009, 6.844944456521489 ], [ 79.863937063244919, 6.844941802622145 ], [ 79.863895798752196, 6.844954604471468 ], [ 79.863741163024315, 6.844946582518844 ], [ 79.863702471491933, 6.844961966321762 ], [ 79.863674064606471, 6.84499025000008 ], [ 79.863653395487859, 6.845015972409271 ], [ 79.863630134523135, 6.845049417296821 ], [ 79.863624896871556, 6.845093201689963 ], [ 79.863628282819036, 6.84534567016658 ], [ 79.863622604499653, 6.845621306078442 ], [ 79.863625127997295, 6.84564964911209 ], [ 79.863645718874864, 6.845665144430939 ], [ 79.863684380729637, 6.845665218175327 ], [ 79.863988507163924, 6.845676099972081 ], [ 79.864147010875911, 6.84568284129017 ], [ 79.864150059577639, 6.845387962584482 ] ] ] ] } },
{ "type": "Feature", "properties": { "Sub_class": "High Rise", "NAME": null, "Land_Exten": 0.10603440990100001, "Main_C": "Residential", "Domain": "Built-up", "Area_m2": 1060.779 }, "geometry": { "type": "MultiPolygon", "coordinates": [ [ [ [ 79.864305515487217, 6.845689581708882 ], [ 79.864423576686761, 6.84569325993607 ], [ 79.864443526347713, 6.845380031463321 ], [ 79.864150059577639, 6.845387962584482 ], [ 79.864147010875911, 6.84568284129017 ], [ 79.864305515487217, 6.845689581708882 ] ] ] ] } },
{ "type": "Feature", "properties": { "Sub_class": "Barren Land", "NAME": null, "Land_Exten": 0.052895818753900002, "Main_C": "Barren Land", "Domain": "Non Built-up", "Area_m2": 529.175 }, "geometry": { "type": "MultiPolygon", "coordinates": [ [ [ [ 79.864898361170503, 6.845680401429433 ], [ 79.864886517998457, 6.845587899861755 ], [ 79.864884369518109, 6.845518757284879 ], [ 79.864659114526546, 6.845514082608872 ], [ 79.864658761092983, 6.845700585813461 ], [ 79.864833874383862, 6.845706041100982 ], [ 79.864892546154124, 6.845703427671083 ], [ 79.864898368365061, 6.845680401429433 ], [ 79.864898361170503, 6.845680401429433 ] ] ] ] } },
{ "type": "Feature", "properties": { "Sub_class": "Barren Land", "NAME": null, "Land_Exten": 0.047669450075299998, "Main_C": "Barren Land", "Domain": "Non Built-up", "Area_m2": 476.89 }, "geometry": { "type": "MultiPolygon", "coordinates": [ [ [ [ 79.864934901524521, 6.845608254217609 ], [ 79.864932912224162, 6.845646553645565 ], [ 79.86493474324385, 6.845657835640623 ], [ 79.864934731552694, 6.845664085029568 ], [ 79.864934566976729, 6.845669382036419 ], [ 79.864928964200374, 6.845707831651168 ], [ 79.86501136278423, 6.845706072577229 ], [ 79.86507813474816, 6.845711267960723 ], [ 79.865127949994928, 6.845712333657332 ], [ 79.865143163826019, 6.845519438071676 ], [ 79.865124602718311, 6.845519402998093 ], [ 79.864917371939214, 6.845519010893668 ], [ 79.864934901524521, 6.845608254217609 ] ] ] ] } },
{ "type": "Feature", "properties": { "Sub_class": "Barren Land", "NAME": null, "Land_Exten": 0.038995734101800003, "Main_C": "Barren Land", "Domain": "Non Built-up", "Area_m2": 390.117 }, "geometry": { "type": "MultiPolygon", "coordinates": [ [ [ [ 79.864715187256138, 6.84577021942016 ], [ 79.864692723090741, 6.845768893819468 ], [ 79.864685026692712, 6.8459733915588 ], [ 79.864841995261941, 6.845973689234427 ], [ 79.864849643096591, 6.845770474827589 ], [ 79.864715187256138, 6.84577021942016 ] ] ] ] } },
{ "type": "Feature", "properties": { "Sub_class": "Low Rise", "NAME": null, "Land_Exten": 3.8725107620400001, "Main_C": "Residential", "Domain": "Built-up", "Area_m2": 38740.997 }, "geometry": { "type": "MultiPolygon", "coordinates": [ [ [ [ 79.865194221935838, 6.846476390473072 ], [ 79.865594476903652, 6.846484993387776 ], [ 79.865594179228026, 6.846641878320099 ], [ 79.865607259867204, 6.846641902601789 ], [ 79.865696209112798, 6.846642071674296 ], [ 79.865696734316884, 6.846635915814886 ], [ 79.865710172886224, 6.846478344699904 ], [ 79.865712262910677, 6.84645383907349 ], [ 79.865741338891723, 6.846217837183474 ], [ 79.865744147474459, 6.846195038470285 ], [ 79.865760112239457, 6.846053871888728 ], [ 79.865760703094054, 6.846038185014265 ], [ 79.865764539601855, 6.845936216283405 ], [ 79.865587767061868, 6.845918891743509 ], [ 79.865573886925404, 6.845784055489844 ], [ 79.865700932352183, 6.845780098472801 ], [ 79.865713959032064, 6.845559595498969 ], [ 79.865918062868388, 6.845536449647454 ], [ 79.865917369491058, 6.845530109427045 ], [ 79.865907776422773, 6.845442298723128 ], [ 79.865895543844317, 6.845330334027722 ], [ 79.8651248563271, 6.845385623447839 ], [ 79.865124602718311, 6.845519402998093 ], [ 79.865143163826019, 6.845519438071676 ], [ 79.865127949994928, 6.845712333657332 ], [ 79.865362244072344, 6.845717347377729 ], [ 79.86536182318963, 6.845938894464439 ], [ 79.865299953430167, 6.845943929768566 ], [ 79.865305411415648, 6.845784219166433 ], [ 79.86527449092506, 6.845779008494503 ], [ 79.864954895252254, 6.845770673577761 ], [ 79.864849643096591, 6.845770474827589 ], [ 79.864841995261941, 6.845973689234427 ], [ 79.864685026692712, 6.8459733915588 ], [ 79.864692723090741, 6.845768893819468 ], [ 79.864354375653988, 6.845748926172064 ], [ 79.863930415456366, 6.84572751241484 ], [ 79.86364949153085, 6.845714099026509 ], [ 79.863626314203088, 6.845703749628399 ], [ 79.863610872843537, 6.845690839860424 ], [ 79.863598025128795, 6.845670206714715 ], [ 79.863592898993147, 6.845654740174155 ], [ 79.863587783649336, 6.845634121417618 ], [ 79.863593134615542, 6.845531085191453 ], [ 79.86359728948338, 6.845379101564333 ], [ 79.86358700843374, 6.845363625131256 ], [ 79.863071508043731, 6.845362645769512 ], [ 79.863096798778315, 6.845593254425182 ], [ 79.862840570236187, 6.845605248683341 ], [ 79.862828689292655, 6.846035418699671 ], [ 79.862818079091141, 6.846539201822736 ], [ 79.862816757087728, 6.846636832224078 ], [ 79.863297656961379, 6.846694305198071 ], [ 79.864004860436012, 6.846781966614515 ], [ 79.864035978777451, 6.84645021570492 ], [ 79.864074708081375, 6.846453808496506 ], [ 79.86406398996121, 6.846534738487435 ], [ 79.86404119124802, 6.846786469519998 ], [ 79.864054594743834, 6.846788131467122 ], [ 79.864629103250593, 6.846853717225315 ], [ 79.864681939320121, 6.846427593258852 ], [ 79.864898074286771, 6.846467250663125 ], [ 79.864838425852724, 6.846877614010737 ], [ 79.864877561650189, 6.846882081842637 ], [ 79.865164077560166, 6.846915748862784 ], [ 79.865194221935838, 6.846476390473072 ] ] ] ] } },
{ "type": "Feature", "properties": { "Sub_class": "Church", "NAME": "Church of Christ", "Land_Exten": 0.110895635182, "Main_C": "Cultural", "Domain": "Built-up", "Area_m2": 1109.412 }, "geometry": { "type": "MultiPolygon", "coordinates": [ [ [ [ 79.864838425852724, 6.846877614010737 ], [ 79.864898074286771, 6.846467250663125 ], [ 79.864681939320121, 6.846427593258852 ], [ 79.864629103250593, 6.846853717225315 ], [ 79.864838425852724, 6.846877614010737 ] ] ] ] } },
{ "type": "Feature", "properties": { "Sub_class": "School", "NAME": "Kristhudeva Vidyalaya", "Land_Exten": 0.233703685583, "Main_C": "Institutional", "Domain": "Built-up", "Area_m2": 2337.998 }, "geometry": { "type": "MultiPolygon", "coordinates": [ [ [ [ 79.86552448806475, 6.846958099736582 ], [ 79.865579797269902, 6.846963903961068 ], [ 79.865590992030718, 6.846832644311121 ], [ 79.865607259867204, 6.846641902601789 ], [ 79.865594179228026, 6.846641878320099 ], [ 79.865594476903652, 6.846484993387776 ], [ 79.865194221935838, 6.846476390473072 ], [ 79.865164077560166, 6.846915748862784 ], [ 79.86552448806475, 6.846958099736582 ] ] ] ] } },
{ "type": "Feature", "properties": { "Sub_class": "High Rise", "NAME": null, "Land_Exten": 0.093320469335500006, "Main_C": "Residential", "Domain": "Built-up", "Area_m2": 933.588 }, "geometry": { "type": "MultiPolygon", "coordinates": [ [ [ [ 79.864299285883419, 6.846873066139153 ], [ 79.864243722170102, 6.847300062447971 ], [ 79.864430112959383, 6.847319890700419 ], [ 79.864465756689356, 6.846890811561764 ], [ 79.864299285883419, 6.846873066139153 ] ] ] ] } },
{ "type": "Feature", "properties": { "Sub_class": "Low Rise", "NAME": null, "Land_Exten": 0.32878025794299998, "Main_C": "Residential", "Domain": "Built-up", "Area_m2": 3289.154 }, "geometry": { "type": "MultiPolygon", "coordinates": [ [ [ [ 79.865579070617684, 6.847016275980423 ], [ 79.8652410703192, 6.846983958842657 ], [ 79.865048084801344, 6.846954796526688 ], [ 79.865038426082549, 6.847068045453966 ], [ 79.865009592918454, 6.847416430224143 ], [ 79.865020587130459, 6.847452386018858 ], [ 79.86554543687248, 6.847512499402399 ], [ 79.865592786178183, 6.847017804827885 ], [ 79.865579070617684, 6.847016275980423 ] ] ] ] } },
{ "type": "Feature", "properties": { "Sub_class": "Parking", "NAME": null, "Land_Exten": 0.13191350641399999, "Main_C": "Transport", "Domain": "Built-up", "Area_m2": 1319.675 }, "geometry": { "type": "MultiPolygon", "coordinates": [ [ [ [ 79.863071508043731, 6.845362645769512 ], [ 79.86307155750643, 6.845336884689516 ], [ 79.863118501217912, 6.845048446029011 ], [ 79.863115972324294, 6.84502267955304 ], [ 79.863108695909659, 6.844970628591682 ], [ 79.862845375313896, 6.844974631474088 ], [ 79.862844548836904, 6.84502784076227 ], [ 79.862842348195898, 6.845406587544005 ], [ 79.863075349947508, 6.845397673463935 ], [ 79.863071508043731, 6.845362645769512 ] ] ] ] } },
{ "type": "Feature", "properties": { "Sub_class": "Slum", "NAME": null, "Land_Exten": 1.2518578194100001, "Main_C": "Residential", "Domain": "Built-up", "Area_m2": 12523.7 }, "geometry": { "type": "MultiPolygon", "coordinates": [ [ [ [ 79.862746324883062, 6.846498803377131 ], [ 79.862753085086865, 6.846330003327068 ], [ 79.862764411148703, 6.84583989709364 ], [ 79.862772666925082, 6.845354285671817 ], [ 79.862775121174934, 6.845052859002294 ], [ 79.862777271453979, 6.844628525586018 ], [ 79.862777078099725, 6.844117721455746 ], [ 79.862404873885851, 6.844081936532177 ], [ 79.862399763938015, 6.844106874732518 ], [ 79.86242647380277, 6.844286722054619 ], [ 79.862426307428223, 6.844399930512452 ], [ 79.862500890903448, 6.844479657210456 ], [ 79.8625365831968, 6.84471066336647 ], [ 79.862383900796431, 6.844736440634279 ], [ 79.862368037654846, 6.845058164103023 ], [ 79.862372003665087, 6.84542945910232 ], [ 79.862302602083503, 6.845541492146197 ], [ 79.862235184406302, 6.84598764041732 ], [ 79.862328380250631, 6.846259295929826 ], [ 79.862290704952102, 6.846346542758795 ], [ 79.862286739841238, 6.846408012319955 ], [ 79.862326397245511, 6.846453618739588 ], [ 79.862323371026832, 6.846572155680462 ], [ 79.862740812938227, 6.846613571259354 ], [ 79.862746324883062, 6.846498803377131 ] ] ] ] } },
{ "type": "Feature", "properties": { "Sub_class": "Temple/Shrine", "NAME": null, "Land_Exten": 0.058977690088899998, "Main_C": "Cultural", "Domain": "Built-up", "Area_m2": 590.018 }, "geometry": { "type": "MultiPolygon", "coordinates": [ [ [ [ 79.862842348195898, 6.845406587544005 ], [ 79.862841359840957, 6.845576659235462 ], [ 79.862840570236187, 6.845605248683341 ], [ 79.863096798778315, 6.845593254425182 ], [ 79.863075349947508, 6.845397673463935 ], [ 79.862842348195898, 6.845406587544005 ] ] ] ] } },
{ "type": "Feature", "properties": { "Sub_class": "Rail Road", "NAME": null, "Land_Exten": 0.45054104486699997, "Main_C": "Transport", "Domain": "Built-up", "Area_m2": 2728.938 }, "geometry": { "type": "MultiPolygon", "coordinates": [ [ [ [ 79.862814574433116, 6.84298719720141 ], [ 79.862816768778941, 6.843149853083276 ], [ 79.862811389933768, 6.843290351468568 ], [ 79.862800635840756, 6.843568795063902 ], [ 79.862800301292907, 6.843745069379509 ], [ 79.862777063710553, 6.844078348237247 ], [ 79.862777133857719, 6.844264029461442 ], [ 79.862777329010555, 6.844781766465417 ], [ 79.862771053541337, 6.84555246927107 ], [ 79.86275183682784, 6.846384035494907 ], [ 79.862740812938227, 6.846613571259354 ], [ 79.862713442071765, 6.847183518404677 ], [ 79.862633688394055, 6.8478130780112 ], [ 79.86261094543886, 6.847970061868921 ], [ 79.862463620299877, 6.848724472556398 ], [ 79.862405822861419, 6.849006733862843 ], [ 79.862407670173269, 6.849006902759927 ], [ 79.862441800974324, 6.849011095733029 ], [ 79.862470928160803, 6.849015903675518 ], [ 79.862476862578688, 6.849017237716154 ], [ 79.862539565348698, 6.848638519851875 ], [ 79.862554584926215, 6.848547802539088 ], [ 79.862679478275368, 6.84775165071818 ], [ 79.862696310886122, 6.847624557627285 ], [ 79.862718596086381, 6.847456289975867 ], [ 79.862746449888789, 6.847170789400479 ], [ 79.862772597677292, 6.846756969058902 ], [ 79.862787430195795, 6.846403131699219 ], [ 79.862793458351462, 6.845689032223106 ], [ 79.8627973838922, 6.845223979303228 ], [ 79.862815121220933, 6.844044811618801 ], [ 79.862828179377061, 6.843870303571691 ], [ 79.862844249362695, 6.843484572654972 ], [ 79.862854842477077, 6.84329043420621 ], [ 79.862860183550708, 6.843170372914415 ], [ 79.86285542613706, 6.842983869709883 ], [ 79.862814528567696, 6.842983792368159 ], [ 79.862814574433116, 6.84298719720141 ] ] ] ] } },
{ "type": "Feature", "properties": { "Sub_class": "Parking", "NAME": null, "Land_Exten": 0.098141030167299997, "Main_C": "Transport", "Domain": "Built-up", "Area_m2": 981.812 }, "geometry": { "type": "MultiPolygon", "coordinates": [ [ [ [ 79.863085595923565, 6.847715578910879 ], [ 79.862952075378018, 6.847674863004556 ], [ 79.862875231906457, 6.847634254117565 ], [ 79.862802445276714, 6.847589607274585 ], [ 79.862762870610027, 6.847563129434945 ], [ 79.862737060966651, 6.847855016096162 ], [ 79.863124223604075, 6.847881069455866 ], [ 79.863134161112725, 6.847723763640829 ], [ 79.863085595923565, 6.847715578910879 ] ] ] ] } },
{ "type": "Feature", "properties": { "Sub_class": "Slum", "NAME": null, "Land_Exten": 1.06932734674, "Main_C": "Residential", "Domain": "Built-up", "Area_m2": 10086.156 }, "geometry": { "type": "MultiPolygon", "coordinates": [ [ [ [ 79.862463620299877, 6.848724472556398 ], [ 79.86261094543886, 6.847970061868921 ], [ 79.862633688394055, 6.8478130780112 ], [ 79.862713442071765, 6.847183518404677 ], [ 79.862740812938227, 6.846613571259354 ], [ 79.862323371026832, 6.846572155680462 ], [ 79.862275735736659, 6.846671601813 ], [ 79.862327291171596, 6.846796523041178 ], [ 79.862307462019828, 6.846885752875266 ], [ 79.862325308166476, 6.847121716094364 ], [ 79.862333239287636, 6.847311081840985 ], [ 79.862323325161412, 6.847471695362515 ], [ 79.862307462019828, 6.847592651479715 ], [ 79.862303496009588, 6.847786974289477 ], [ 79.862271770625796, 6.848018971498391 ], [ 79.862228146311963, 6.848414557186118 ], [ 79.862178574781467, 6.848739750239304 ], [ 79.862145852402861, 6.848976355748811 ], [ 79.862161906043212, 6.848979061418532 ], [ 79.862184212660111, 6.848982443750169 ], [ 79.862208923248261, 6.848985854034957 ], [ 79.862236037807648, 6.8489892922729 ], [ 79.862265556338286, 6.848992758463997 ], [ 79.862297478840162, 6.848996252608249 ], [ 79.862331805313289, 6.848999774705653 ], [ 79.862368535757668, 6.849003324756213 ], [ 79.862405823085197, 6.849006733883303 ], [ 79.862463620299877, 6.848724472556398 ] ] ] ] } },
{ "type": "Feature", "properties": { "Sub_class": "Parking", "NAME": null, "Land_Exten": 0.011718266209400001, "Main_C": "Transport", "Domain": "Built-up", "Area_m2": 117.231 }, "geometry": { "type": "MultiPolygon", "coordinates": [ [ [ [ 79.862599760570561, 6.848484871579615 ], [ 79.862584705919517, 6.848566836690225 ], [ 79.862569721415582, 6.848658193420931 ], [ 79.862626460542799, 6.848665832262384 ], [ 79.862649584810526, 6.848486590184052 ], [ 79.862599760570561, 6.848484871579615 ] ] ] ] } },
{ "type": "Feature", "properties": { "Sub_class": "Barren Land", "NAME": null, "Land_Exten": 0.069215316096200005, "Main_C": "Barren Land", "Domain": "Non Built-up", "Area_m2": 692.436 }, "geometry": { "type": "MultiPolygon", "coordinates": [ [ [ [ 79.862592029098948, 6.848858496722301 ], [ 79.862733854883572, 6.848895909418729 ], [ 79.862897941586766, 6.848922969119769 ], [ 79.862920828433516, 6.848733890256881 ], [ 79.862611042565618, 6.848694122235997 ], [ 79.862592029098948, 6.848858496722301 ] ] ] ] } },
{ "type": "Feature", "properties": { "Sub_class": "Parking", "NAME": null, "Land_Exten": 0.024555460525799998, "Main_C": "Transport", "Domain": "Built-up", "Area_m2": 234.284 }, "geometry": { "type": "MultiPolygon", "coordinates": [ [ [ [ 79.862564802123984, 6.84868818671049 ], [ 79.862539157056517, 6.848844549136686 ], [ 79.862534790847974, 6.848871168169921 ], [ 79.862513792383012, 6.849027244687486 ], [ 79.862514171690066, 6.849027364468662 ], [ 79.862528288032834, 6.849034017319316 ], [ 79.862537400761042, 6.849041285139359 ], [ 79.862535807430632, 6.849048720678279 ], [ 79.862532788968636, 6.849073909228068 ], [ 79.862559028476426, 6.849077484338466 ], [ 79.862592029098948, 6.848858496722301 ], [ 79.862611042565618, 6.848694122235997 ], [ 79.862564802123984, 6.84868818671049 ] ] ] ] } },
{ "type": "Feature", "properties": { "Sub_class": "Low Rise", "NAME": null, "Land_Exten": 2.5602431414, "Main_C": "Residential", "Domain": "Built-up", "Area_m2": 25612.933 }, "geometry": { "type": "MultiPolygon", "coordinates": [ [ [ [ 79.864784910795038, 6.847550709797474 ], [ 79.864759307995712, 6.847553218906 ], [ 79.864777128961407, 6.847440626483774 ], [ 79.864794756572792, 6.847430100818542 ], [ 79.864819413285375, 6.847426627636821 ], [ 79.864953222513293, 6.847430401192128 ], [ 79.864963806634421, 6.847419862936363 ], [ 79.864974424929812, 6.847391725847501 ], [ 79.865002381254953, 6.846948015638475 ], [ 79.864465756689356, 6.846890811561764 ], [ 79.864430112959383, 6.847319890700419 ], [ 79.864243722170102, 6.847300062447971 ], [ 79.864299285883419, 6.846873066139153 ], [ 79.864003523144163, 6.84685138708187 ], [ 79.863658061170668, 6.846813787326482 ], [ 79.863637346186636, 6.847196313059442 ], [ 79.863411297093762, 6.847189174241066 ], [ 79.863406485720816, 6.847243505883114 ], [ 79.863310355388649, 6.847240650535639 ], [ 79.863306548558398, 6.847316793435311 ], [ 79.863101915021446, 6.847287287578297 ], [ 79.863100011156632, 6.847161652288491 ], [ 79.863273235871191, 6.847171169813691 ], [ 79.863286011640184, 6.846773292653381 ], [ 79.863246563777977, 6.846768999289907 ], [ 79.863140966282629, 6.84674416181366 ], [ 79.863090141097189, 6.84673570638779 ], [ 79.862848093065111, 6.846707749163329 ], [ 79.862815449473487, 6.846725794060205 ], [ 79.862801183527836, 6.846963651251542 ], [ 79.862783460588275, 6.847259468849472 ], [ 79.862770342177612, 6.84750269049681 ], [ 79.862782341831689, 6.84751673610856 ], [ 79.862822764558985, 6.847549182748651 ], [ 79.86285510597844, 6.847573522000516 ], [ 79.862899584648176, 6.847601930684618 ], [ 79.862978466882794, 6.847634450169778 ], [ 79.863051284089522, 6.847662912813234 ], [ 79.863111972139848, 6.847683259075211 ], [ 79.863192902130777, 6.847703644007993 ], [ 79.863330502001133, 6.84772818290935 ], [ 79.863375019341731, 6.847736360444742 ], [ 79.863409600972375, 6.847753199350734 ], [ 79.863404283281113, 6.847535436611167 ], [ 79.863642229505331, 6.847549713348656 ], [ 79.863645679304739, 6.847736379330513 ], [ 79.863794800389769, 6.84773666261691 ], [ 79.863794323749119, 6.847987177766072 ], [ 79.863836045996777, 6.847996196167571 ], [ 79.863908909968302, 6.848000380713074 ], [ 79.864010112476763, 6.848004619217875 ], [ 79.864147759111859, 6.848004880021222 ], [ 79.864341402933462, 6.848007511437572 ], [ 79.864493891080258, 6.848009583475573 ], [ 79.864551107747502, 6.848011177074227 ], [ 79.864752887735619, 6.848016798736296 ], [ 79.865117317310421, 6.848026951182874 ], [ 79.865175577191167, 6.848029820020201 ], [ 79.865623723755903, 6.848051887584575 ], [ 79.865631160249904, 6.84783427683044 ], [ 79.865631249282785, 6.847787211710511 ], [ 79.865466476396819, 6.847763366186427 ], [ 79.865121218569413, 6.847723491146269 ], [ 79.864791658408365, 6.847683644884341 ], [ 79.864784910795038, 6.847550709797474 ] ] ] ] } },
{ "type": "Feature", "properties": { "Sub_class": "High Rise", "NAME": null, "Land_Exten": 0.051549416213500003, "Main_C": "Residential", "Domain": "Built-up", "Area_m2": 515.705 }, "geometry": { "type": "MultiPolygon", "coordinates": [ [ [ [ 79.863645679304739, 6.847736379330513 ], [ 79.863642229505331, 6.847549713348656 ], [ 79.863404283281113, 6.847535436611167 ], [ 79.863408414766582, 6.847704626067696 ], [ 79.863645679304739, 6.847736379330513 ] ] ] ] } },
{ "type": "Feature", "properties": { "Sub_class": "Parking", "NAME": null, "Land_Exten": 0.0293026296145, "Main_C": "Transport", "Domain": "Built-up", "Area_m2": 293.146 }, "geometry": { "type": "MultiPolygon", "coordinates": [ [ [ [ 79.863408414766582, 6.847704626067696 ], [ 79.863409600972375, 6.847753199350734 ], [ 79.863508494021858, 6.847801353549698 ], [ 79.863548939232203, 6.847821662040133 ], [ 79.863577224709218, 6.847850039247987 ], [ 79.86365242152209, 6.847913251695275 ], [ 79.863645679304739, 6.847736379330513 ], [ 79.863408414766582, 6.847704626067696 ] ] ] ] } },
{ "type": "Feature", "properties": { "Sub_class": "Agriculture", "NAME": null, "Land_Exten": 0.039883119129799999, "Main_C": "Agriculture", "Domain": "Non Built-up", "Area_m2": 398.995 }, "geometry": { "type": "MultiPolygon", "coordinates": [ [ [ [ 79.863726777468855, 6.847975757275435 ], [ 79.863779391405842, 6.847983950099263 ], [ 79.863794323749119, 6.847987177766072 ], [ 79.863794800389769, 6.84773666261691 ], [ 79.863645679304739, 6.847736379330513 ], [ 79.86365242152209, 6.847913251695275 ], [ 79.863726777468855, 6.847975757275435 ] ] ] ] } },
{ "type": "Feature", "properties": { "Sub_class": "Barren Land", "NAME": null, "Land_Exten": 0.034914379117499998, "Main_C": "Barren Land", "Domain": "Non Built-up", "Area_m2": 349.287 }, "geometry": { "type": "MultiPolygon", "coordinates": [ [ [ [ 79.863866355847676, 6.848024576972705 ], [ 79.863744903304678, 6.848024346746229 ], [ 79.863708497848961, 6.848008092399596 ], [ 79.863706598480803, 6.848007032998225 ], [ 79.863699783418326, 6.848175761102539 ], [ 79.863880234185501, 6.848184693169117 ], [ 79.863887750719186, 6.848025914264554 ], [ 79.863866355847676, 6.848024576972705 ] ] ] ] } },
{ "type": "Feature", "properties": { "Sub_class": "Low Rise", "NAME": null, "Land_Exten": 0.027956087472800002, "Main_C": "Residential", "Domain": "Built-up", "Area_m2": 279.676 }, "geometry": { "type": "MultiPolygon", "coordinates": [ [ [ [ 79.863880234185501, 6.848184693169117 ], [ 79.864021616604361, 6.848191690793954 ], [ 79.864032163853324, 6.848117956278713 ], [ 79.864036297137488, 6.848073455125927 ], [ 79.864024205752571, 6.848045108495 ], [ 79.863999937547135, 6.848032923580604 ], [ 79.863887750719186, 6.848025914264554 ], [ 79.863880234185501, 6.848184693169117 ] ] ] ] } },
{ "type": "Feature", "properties": { "Sub_class": "Low Rise", "NAME": null, "Land_Exten": 0.86793277739700003, "Main_C": "Residential", "Domain": "Built-up", "Area_m2": 8682.883 }, "geometry": { "type": "MultiPolygon", "coordinates": [ [ [ [ 79.862685896736821, 6.848192296936986 ], [ 79.862675138147154, 6.848320202115701 ], [ 79.862665574756534, 6.848383557555167 ], [ 79.862695459228121, 6.848400293039163 ], [ 79.862768377158943, 6.848409855530463 ], [ 79.86299549914304, 6.848442130400031 ], [ 79.863060048882232, 6.848456475485989 ], [ 79.863107864036749, 6.848472014871618 ], [ 79.863241746109736, 6.848477991765947 ], [ 79.86345286285939, 6.848493113866141 ], [ 79.863483906557121, 6.848170325600108 ], [ 79.863517588865705, 6.84817038945198 ], [ 79.863486969647965, 6.848495556424837 ], [ 79.863972994757944, 6.848530369181219 ], [ 79.863987031376439, 6.848433478022628 ], [ 79.864021616604361, 6.848191690793954 ], [ 79.863699783418326, 6.848175761102539 ], [ 79.863706598480803, 6.848007032998225 ], [ 79.863672100487122, 6.847987792003039 ], [ 79.863603369799762, 6.84793910630475 ], [ 79.863522524345058, 6.847874213024568 ], [ 79.86343762294797, 6.847813357700318 ], [ 79.863364805741242, 6.847784895956238 ], [ 79.863296021094527, 6.847764533506449 ], [ 79.863243422446033, 6.847748248582832 ], [ 79.863182727201149, 6.847731948370779 ], [ 79.863134161112725, 6.847723763640829 ], [ 79.863124230798689, 6.847880963335854 ], [ 79.862737076255144, 6.847854909976149 ], [ 79.862708440042525, 6.848054984849739 ], [ 79.862685896736821, 6.848192296936986 ] ] ] ] } },
{ "type": "Feature", "properties": { "Sub_class": "Low Rise", "NAME": null, "Land_Exten": 0.28934660459799999, "Main_C": "Residential", "Domain": "Built-up", "Area_m2": 2894.651 }, "geometry": { "type": "MultiPolygon", "coordinates": [ [ [ [ 79.863756438908581, 6.84860071774898 ], [ 79.863645045282681, 6.848590147117648 ], [ 79.863494787454556, 6.848579503641247 ], [ 79.863391177460926, 6.848563769102725 ], [ 79.863163234395813, 6.848529671307347 ], [ 79.862917150206385, 6.848498128485915 ], [ 79.862829066108588, 6.848492782016308 ], [ 79.862649584810526, 6.848486590184052 ], [ 79.862626460542799, 6.848665832262384 ], [ 79.863465907525665, 6.848778848265283 ], [ 79.863647223440694, 6.848807677832099 ], [ 79.86377156820339, 6.848819567768885 ], [ 79.863807688574013, 6.848607833184985 ], [ 79.863756438908581, 6.84860071774898 ] ] ] ] } },
{ "type": "Feature", "properties": { "Sub_class": "High Rise", "NAME": null, "Land_Exten": 0.035950905707599998, "Main_C": "Residential", "Domain": "Built-up", "Area_m2": 359.656 }, "geometry": { "type": "MultiPolygon", "coordinates": [ [ [ [ 79.86377156820339, 6.848819567768885 ], [ 79.863895913865406, 6.848831456806352 ], [ 79.863906297437723, 6.848821118200078 ], [ 79.86391412513683, 6.848792647462744 ], [ 79.863927143722776, 6.848759007422302 ], [ 79.863932414649298, 6.848712404553851 ], [ 79.863945531261322, 6.848626972556815 ], [ 79.863807688574013, 6.848607833184985 ], [ 79.86377156820339, 6.848819567768885 ] ] ] ] } },
{ "type": "Feature", "properties": { "Sub_class": "Under Construction", "NAME": null, "Land_Exten": 0.095520356930499997, "Main_C": "Under Construction", "Domain": "Built-up", "Area_m2": 955.595 }, "geometry": { "type": "MultiPolygon", "coordinates": [ [ [ [ 79.864344501997209, 6.848645210807888 ], [ 79.86408581560795, 6.848652212929323 ], [ 79.863974703469864, 6.848634645572474 ], [ 79.863962264946622, 6.848683975185338 ], [ 79.863943406163344, 6.848783456391459 ], [ 79.864445693713833, 6.848818163927149 ], [ 79.864470106710087, 6.848636081789778 ], [ 79.864344501997209, 6.848645210807888 ] ] ] ] } },
{ "type": "Feature", "properties": { "Sub_class": "Retail", "NAME": null, "Land_Exten": 0.67713155633300004, "Main_C": "Commercial", "Domain": "Built-up", "Area_m2": 6774.1 }, "geometry": { "type": "MultiPolygon", "coordinates": [ [ [ [ 79.865886448101151, 6.848064824332198 ], [ 79.865906720618739, 6.848048677904217 ], [ 79.865911164168949, 6.848041602937656 ], [ 79.865915977340535, 6.847957875155885 ], [ 79.865922724953862, 6.847792811788906 ], [ 79.865941656582265, 6.847424105038442 ], [ 79.865955018709201, 6.847164725271909 ], [ 79.865959376823866, 6.847066520203782 ], [ 79.86594347591074, 6.847052162527348 ], [ 79.865911789197753, 6.847048582326238 ], [ 79.865830801650247, 6.847044909495025 ], [ 79.865707577442777, 6.847030597684011 ], [ 79.865592786178183, 6.847017804827885 ], [ 79.86554543687248, 6.847512499402399 ], [ 79.865020587130459, 6.847452386018858 ], [ 79.865023591765407, 6.847462211112202 ], [ 79.864981340716383, 6.847458611126058 ], [ 79.864829911071581, 6.847461844188786 ], [ 79.864815811500534, 6.847468856202795 ], [ 79.864794529044332, 6.847549766408633 ], [ 79.864784910795038, 6.847550709797474 ], [ 79.864791658408365, 6.847683644884341 ], [ 79.865121218569413, 6.847723491146269 ], [ 79.865466476396819, 6.847763366186427 ], [ 79.865631249282785, 6.847787211710511 ], [ 79.865631160249904, 6.84783427683044 ], [ 79.865623723755903, 6.848051887584575 ], [ 79.865886448101151, 6.848064824332198 ] ] ] ] } },
{ "type": "Feature", "properties": { "Sub_class": "Barren Land", "NAME": null, "Land_Exten": 0.030620992354, "Main_C": "Barren Land", "Domain": "Non Built-up", "Area_m2": 306.336 }, "geometry": { "type": "MultiPolygon", "coordinates": [ [ [ [ 79.86430939246452, 6.848037233131834 ], [ 79.864251069631223, 6.848039065950161 ], [ 79.864258509722504, 6.848201090507985 ], [ 79.864415553834817, 6.84819474579092 ], [ 79.864408879066559, 6.848041205437312 ], [ 79.86430939246452, 6.848037233131834 ] ] ] ] } },
{ "type": "Feature", "properties": { "Sub_class": "Barren Land", "NAME": null, "Land_Exten": 0.038447308402099999, "Main_C": "Barren Land", "Domain": "Non Built-up", "Area_m2": 384.631 }, "geometry": { "type": "MultiPolygon", "coordinates": [ [ [ [ 79.86478609969879, 6.848056264585011 ], [ 79.864704623819364, 6.848053012636456 ], [ 79.864704238010233, 6.848256110131445 ], [ 79.864861207478782, 6.848256407807014 ], [ 79.864861584294715, 6.848057834801295 ], [ 79.86478609969879, 6.848056264585011 ] ] ] ] } },
{ "type": "Feature", "properties": { "Sub_class": "Low Rise", "NAME": null, "Land_Exten": 1.0484260401600001, "Main_C": "Residential", "Domain": "Built-up", "Area_m2": 10488.567 }, "geometry": { "type": "MultiPolygon", "coordinates": [ [ [ [ 79.864415553834817, 6.84819474579092 ], [ 79.864258509722504, 6.848201090507985 ], [ 79.864251069631223, 6.848039065950161 ], [ 79.864153923065146, 6.848042117349905 ], [ 79.864138371988361, 6.84804467771977 ], [ 79.864094300711486, 6.848057541622325 ], [ 79.864078725352954, 6.848073050430969 ], [ 79.86406572115618, 6.848098921228257 ], [ 79.864057888960474, 6.84812998201312 ], [ 79.864047451428803, 6.848168805745843 ], [ 79.864027698719383, 6.848337093182352 ], [ 79.86402764026343, 6.84836816835633 ], [ 79.864004035757716, 6.848518320064443 ], [ 79.863985624836801, 6.848591332424121 ], [ 79.863985267805901, 6.848592750654973 ], [ 79.864033410313709, 6.848610898074526 ], [ 79.864093377107736, 6.848618505439731 ], [ 79.864483288073359, 6.848604258379851 ], [ 79.864835689215738, 6.848601180000514 ], [ 79.864948154833542, 6.848601393139802 ], [ 79.865008158499791, 6.848590266727456 ], [ 79.865083164656369, 6.848575421618477 ], [ 79.865146902307742, 6.848571795551948 ], [ 79.86524805805152, 6.848605708986327 ], [ 79.865588906502865, 6.84876372346713 ], [ 79.865731370806202, 6.848760246688073 ], [ 79.865870107419596, 6.848745522088223 ], [ 79.865888858284222, 6.848741810586148 ], [ 79.865901369652534, 6.848727969120546 ], [ 79.86590166822748, 6.848716769863074 ], [ 79.865904121578012, 6.848589428559308 ], [ 79.865906268259721, 6.848478028638169 ], [ 79.865463216354385, 6.848477188671382 ], [ 79.865458244002809, 6.848076037079522 ], [ 79.865334073708595, 6.848067662592598 ], [ 79.864861584294715, 6.848057834801295 ], [ 79.864861207478782, 6.848256407807014 ], [ 79.864704238010233, 6.848256110131445 ], [ 79.864704623819364, 6.848053012636456 ], [ 79.864408879066559, 6.848041205437312 ], [ 79.864415553834817, 6.84819474579092 ] ] ] ] } },
{ "type": "Feature", "properties": { "Sub_class": "High Rise", "NAME": null, "Land_Exten": 0.098970799259, "Main_C": "Residential", "Domain": "Built-up", "Area_m2": 990.115 }, "geometry": { "type": "MultiPolygon", "coordinates": [ [ [ [ 79.865977924441722, 6.838535047654375 ], [ 79.865977645651867, 6.838537081920833 ], [ 79.865943175537154, 6.83871448398628 ], [ 79.866358185681804, 6.838768223874467 ], [ 79.866405042159045, 6.83857162937727 ], [ 79.865977924441722, 6.838535047654375 ] ] ] ] } },
{ "type": "Feature", "properties": { "Sub_class": "Retail", "NAME": "Lavinia Suite", "Land_Exten": 0.048843745707699997, "Main_C": "Commercial", "Domain": "Built-up", "Area_m2": 488.639 }, "geometry": { "type": "MultiPolygon", "coordinates": [ [ [ [ 79.866405042159045, 6.83857162937727 ], [ 79.866358185681804, 6.838768223874467 ], [ 79.866601383946772, 6.838799716333881 ], [ 79.866584632275021, 6.838741637216856 ], [ 79.866545598100913, 6.838576176349534 ], [ 79.866405042159045, 6.83857162937727 ] ] ] ] } },
{ "type": "Feature", "properties": { "Sub_class": "Agriculture", "NAME": null, "Land_Exten": 0.037489737476199998, "Main_C": "Agriculture", "Domain": "Non Built-up", "Area_m2": 375.052 }, "geometry": { "type": "MultiPolygon", "coordinates": [ [ [ [ 79.866469692622275, 6.839044029758213 ], [ 79.866668498552428, 6.839057575346885 ], [ 79.866652571558973, 6.838977190345133 ], [ 79.866627210677279, 6.838889261829991 ], [ 79.866474227004005, 6.838862937774422 ], [ 79.866469692622275, 6.839044029758213 ] ] ] ] } },
{ "type": "Feature", "properties": { "Sub_class": "Retail", "NAME": null, "Land_Exten": 0.16375522268000001, "Main_C": "Commercial", "Domain": "Built-up", "Area_m2": 1638.226 }, "geometry": { "type": "MultiPolygon", "coordinates": [ [ [ [ 79.866181758481446, 6.838828210453585 ], [ 79.866032152661774, 6.838810521688288 ], [ 79.865966782740884, 6.839220813989414 ], [ 79.866292036947982, 6.839250117498977 ], [ 79.866356666726858, 6.838848979396914 ], [ 79.866181758481446, 6.838828210453585 ] ] ] ] } },
{ "type": "Feature", "properties": { "Sub_class": "Low Rise", "NAME": null, "Land_Exten": 2.6095725879399998, "Main_C": "Residential", "Domain": "Built-up", "Area_m2": 26106.461 }, "geometry": { "type": "MultiPolygon", "coordinates": [ [ [ [ 79.866469692622275, 6.839044029758213 ], [ 79.866474227004005, 6.838862937774422 ], [ 79.866356666726858, 6.838848979396914 ], [ 79.866292036947982, 6.839250117498977 ], [ 79.865966782740884, 6.839220813989414 ], [ 79.866032152661774, 6.838810521688288 ], [ 79.865416564922612, 6.838737735957807 ], [ 79.865407640050591, 6.838913740476812 ], [ 79.865349752489124, 6.839167049819537 ], [ 79.86516318723136, 6.839161914690635 ], [ 79.865187587637138, 6.838908542395359 ], [ 79.8651801025797, 6.838907715019104 ], [ 79.865062876850345, 6.838894754889054 ], [ 79.865048467013196, 6.839076760584078 ], [ 79.864793193551122, 6.839058394629262 ], [ 79.864778017491574, 6.839188677615425 ], [ 79.864933476099111, 6.839204512878041 ], [ 79.86492833917157, 6.839390981008989 ], [ 79.864756541681118, 6.839373041332863 ], [ 79.864741932194477, 6.839498462584004 ], [ 79.864923319155935, 6.839515290698159 ], [ 79.864894153242631, 6.839759090609618 ], [ 79.864893481449087, 6.839766969570064 ], [ 79.864892000265684, 6.839784329183487 ], [ 79.865085448035074, 6.839792924004314 ], [ 79.865084943515399, 6.839802485596294 ], [ 79.865071813413522, 6.840051280342379 ], [ 79.865272629328445, 6.840075694237953 ], [ 79.865590454236155, 6.840114334508996 ], [ 79.865808388746188, 6.840137530722529 ], [ 79.866171607833508, 6.840176188979967 ], [ 79.86650587504613, 6.840207198503435 ], [ 79.86666540308596, 6.840226486263361 ], [ 79.866741379611028, 6.840230427092592 ], [ 79.866786968943529, 6.840230513427514 ], [ 79.86680597881292, 6.840222954625688 ], [ 79.86681743437714, 6.840192598909368 ], [ 79.866826849379663, 6.840165476255777 ], [ 79.866821477729047, 6.840063503028318 ], [ 79.866769230715477, 6.839565973790684 ], [ 79.866668498552428, 6.839057575346885 ], [ 79.866469692622275, 6.839044029758213 ] ] ] ] } },
{ "type": "Feature", "properties": { "Sub_class": "Retail", "NAME": null, "Land_Exten": 0.088113042314799994, "Main_C": "Commercial", "Domain": "Built-up", "Area_m2": 881.493 }, "geometry": { "type": "MultiPolygon", "coordinates": [ [ [ [ 79.865715548134119, 6.840189157203895 ], [ 79.865701120310518, 6.840563908297781 ], [ 79.865897262448755, 6.840564279717796 ], [ 79.865915919783902, 6.84021363405202 ], [ 79.865715548134119, 6.840189157203895 ] ] ] ] } },
{ "type": "Feature", "properties": { "Sub_class": "Low Rise", "NAME": null, "Land_Exten": 1.1669704298800001, "Main_C": "Residential", "Domain": "Built-up", "Area_m2": 11674.504 }, "geometry": { "type": "MultiPolygon", "coordinates": [ [ [ [ 79.866839769040155, 6.840491859112035 ], [ 79.866586343684844, 6.84046517173033 ], [ 79.866595112974153, 6.840288162668628 ], [ 79.866414574073417, 6.840271578270745 ], [ 79.866137293301506, 6.840240676665928 ], [ 79.865915919783902, 6.84021363405202 ], [ 79.865897262448755, 6.840564279717796 ], [ 79.865701120310518, 6.840563908297781 ], [ 79.865715548134119, 6.840189157203895 ], [ 79.865632122524516, 6.840178966086455 ], [ 79.865009192720152, 6.840109436801129 ], [ 79.864827838134261, 6.840091619432712 ], [ 79.864787599767965, 6.84044742271044 ], [ 79.864897621927753, 6.840452413048467 ], [ 79.864871090128759, 6.840691295466968 ], [ 79.865224563263041, 6.840732581543477 ], [ 79.865570185315846, 6.840786396974693 ], [ 79.8659196186955, 6.840826206364397 ], [ 79.865959363334014, 6.840612211784219 ], [ 79.866423381134211, 6.84062743460845 ], [ 79.866435777389256, 6.84088501123432 ], [ 79.866451400411847, 6.84088679099267 ], [ 79.866690818826271, 6.840919777225963 ], [ 79.866707050689911, 6.840680150168851 ], [ 79.866846907858587, 6.840706792584456 ], [ 79.866839769040155, 6.840491859112035 ] ] ] ] } },
{ "type": "Feature", "properties": { "Sub_class": "Retail", "NAME": null, "Land_Exten": 0.14181297412300001, "Main_C": "Commercial", "Domain": "Built-up", "Area_m2": 1418.713 }, "geometry": { "type": "MultiPolygon", "coordinates": [ [ [ [ 79.866435777389256, 6.84088501123432 ], [ 79.866423381134211, 6.84062743460845 ], [ 79.865959363334014, 6.840612211784219 ], [ 79.8659196186955, 6.840826206364397 ], [ 79.866435777389256, 6.84088501123432 ] ] ] ] } },
{ "type": "Feature", "properties": { "Sub_class": "Under Construction", "NAME": null, "Land_Exten": 0.051519904451100003, "Main_C": "Under Construction", "Domain": "Built-up", "Area_m2": 515.411 }, "geometry": { "type": "MultiPolygon", "coordinates": [ [ [ [ 79.865927542622046, 6.841118969864624 ], [ 79.866024074051836, 6.841129727554915 ], [ 79.866115321964571, 6.841141303628319 ], [ 79.866130161677688, 6.840907507775285 ], [ 79.866022706183003, 6.840894666355837 ], [ 79.86596085890659, 6.840883795350919 ], [ 79.865927542622046, 6.841118969864624 ] ] ] ] } },
{ "type": "Feature", "properties": { "Sub_class": "Office", "NAME": "Teleshop", "Land_Exten": 0.18690171305, "Main_C": "Commercial", "Domain": "Built-up", "Area_m2": 1869.787 }, "geometry": { "type": "MultiPolygon", "coordinates": [ [ [ [ 79.866727291731195, 6.840987408941828 ], [ 79.866388454163882, 6.840938374306575 ], [ 79.866132017878385, 6.840907729008563 ], [ 79.866130161677688, 6.840907507775285 ], [ 79.866115321964571, 6.841141303628319 ], [ 79.866285709318106, 6.841162917934355 ], [ 79.866481935093304, 6.841187810269275 ], [ 79.866678138385453, 6.84122496396094 ], [ 79.866763968782209, 6.841245560234483 ], [ 79.86675927881771, 6.840988698569618 ], [ 79.866727291731195, 6.840987408941828 ] ] ] ] } },
{ "type": "Feature", "properties": { "Sub_class": "Under Construction", "NAME": null, "Land_Exten": 0.060668176424399999, "Main_C": "Under Construction", "Domain": "Built-up", "Area_m2": 606.931 }, "geometry": { "type": "MultiPolygon", "coordinates": [ [ [ [ 79.864871280785053, 6.840027272041027 ], [ 79.86505109842949, 6.840048761341336 ], [ 79.865071813413522, 6.840051280342379 ], [ 79.865084943515399, 6.839802485596294 ], [ 79.865085448035074, 6.839792924004314 ], [ 79.864892000265684, 6.839784329183487 ], [ 79.864871280785053, 6.840027272041027 ] ] ] ] } },
{ "type": "Feature", "properties": { "Sub_class": "Low Rise", "NAME": null, "Land_Exten": 0.073785029097700003, "Main_C": "Residential", "Domain": "Built-up", "Area_m2": 738.153 }, "geometry": { "type": "MultiPolygon", "coordinates": [ [ [ [ 79.864130220533298, 6.84016075661367 ], [ 79.864127402057989, 6.840190567340869 ], [ 79.864133486870969, 6.840191124021203 ], [ 79.86411347875412, 6.840337801648275 ], [ 79.864440466854091, 6.840381033857682 ], [ 79.864455360526506, 6.840293878759553 ], [ 79.864472410773203, 6.840200160409097 ], [ 79.864130220533298, 6.84016075661367 ] ] ] ] } },
{ "type": "Feature", "properties": { "Sub_class": "Retail", "NAME": null, "Land_Exten": 0.028910601305600001, "Main_C": "Commercial", "Domain": "Built-up", "Area_m2": 289.225 }, "geometry": { "type": "MultiPolygon", "coordinates": [ [ [ [ 79.864472410773203, 6.840200160409097 ], [ 79.864455360526506, 6.840293878759553 ], [ 79.864440466854091, 6.840381033857682 ], [ 79.86457619163798, 6.840398978929784 ], [ 79.864583193759415, 6.840306209364144 ], [ 79.86458721462833, 6.840252929928795 ], [ 79.864592779633142, 6.840214021659847 ], [ 79.864472410773203, 6.840200160409097 ] ] ] ] } },
{ "type": "Feature", "properties": { "Sub_class": "Retail", "NAME": null, "Land_Exten": 0.147895131885, "Main_C": "Commercial", "Domain": "Built-up", "Area_m2": 1479.559 }, "geometry": { "type": "MultiPolygon", "coordinates": [ [ [ [ 79.864871090128759, 6.840691295466968 ], [ 79.864897621927753, 6.840452413048467 ], [ 79.864787599767965, 6.84044742271044 ], [ 79.864827838134261, 6.840091619432712 ], [ 79.864693921887067, 6.840078462351187 ], [ 79.864670703190484, 6.840078418284406 ], [ 79.864640265635785, 6.840325176965393 ], [ 79.864605568891932, 6.840590914039524 ], [ 79.864596018091845, 6.840659166287537 ], [ 79.864871090128759, 6.840691295466968 ] ] ] ] } },
{ "type": "Feature", "properties": { "Sub_class": "High Rise", "NAME": null, "Land_Exten": 0.0449772143624, "Main_C": "Residential", "Domain": "Built-up", "Area_m2": 449.957 }, "geometry": { "type": "MultiPolygon", "coordinates": [ [ [ [ 79.864747949558307, 6.840752449366107 ], [ 79.864583446468941, 6.840738042226917 ], [ 79.864573264344756, 6.840758299456013 ], [ 79.864551494455952, 6.840924442908772 ], [ 79.864763994362931, 6.840924845805034 ], [ 79.864766125756148, 6.840924849402313 ], [ 79.864773139568797, 6.840757534132933 ], [ 79.864747949558307, 6.840752449366107 ] ] ] ] } },
{ "type": "Feature", "properties": { "Sub_class": "Mixed Retail-Residential", "NAME": null, "Land_Exten": 0.13456721052599999, "Main_C": "Commercial", "Domain": "Built-up", "Area_m2": 1346.224 }, "geometry": { "type": "MultiPolygon", "coordinates": [ [ [ [ 79.864216016755847, 6.841105068144429 ], [ 79.864245043274195, 6.841107981048538 ], [ 79.864376034926124, 6.841124598721308 ], [ 79.864461187234042, 6.841131307663773 ], [ 79.864477564787819, 6.8411313382407 ], [ 79.864484178402165, 6.841098612810754 ], [ 79.864531694981792, 6.840727510266447 ], [ 79.864505918613304, 6.840719728432759 ], [ 79.864489819849382, 6.840698189669752 ], [ 79.864306936416028, 6.840681712291257 ], [ 79.864291632652794, 6.840679836305469 ], [ 79.864277642799038, 6.84087051236429 ], [ 79.864237598686316, 6.840865988774397 ], [ 79.864216016755847, 6.841105068144429 ] ] ] ] } },
{ "type": "Feature", "properties": { "Sub_class": "Low Rise", "NAME": null, "Land_Exten": 0.28767272960899998, "Main_C": "Residential", "Domain": "Built-up", "Area_m2": 2877.91 }, "geometry": { "type": "MultiPolygon", "coordinates": [ [ [ [ 79.8658990107308, 6.840872924346058 ], [ 79.865866690895132, 6.84089437137817 ], [ 79.865861280573711, 6.840910491725879 ], [ 79.865737585121508, 6.8408887497161 ], [ 79.865662287584541, 6.840877852630854 ], [ 79.865076038428469, 6.840796087169736 ], [ 79.864936173165916, 6.840790444823199 ], [ 79.864773139568797, 6.840757534132933 ], [ 79.864766125756148, 6.840924849402313 ], [ 79.864763994362931, 6.840924845805034 ], [ 79.864826335367127, 6.840947637323666 ], [ 79.864948998397608, 6.840951956767412 ], [ 79.86524328265142, 6.841017904053103 ], [ 79.865394506351436, 6.841054972309166 ], [ 79.865594797961592, 6.841092133195446 ], [ 79.865725638527465, 6.841096467927684 ], [ 79.865927542622046, 6.841118969864624 ], [ 79.86596085890659, 6.840883795350919 ], [ 79.8658990107308, 6.840872924346058 ] ] ] ] } },
{ "type": "Feature", "properties": { "Sub_class": "Roads", "NAME": null, "Land_Exten": 0.046745837585700001, "Main_C": "Transport", "Domain": "Built-up", "Area_m2": 467.65 }, "geometry": { "type": "MultiPolygon", "coordinates": [ [ [ [ 79.864497953317937, 6.841393369208674 ], [ 79.864734501995713, 6.841410326825155 ], [ 79.864751158339345, 6.841424603562643 ], [ 79.864751158339345, 6.841450777431476 ], [ 79.864770193389745, 6.841486468825508 ], [ 79.865174702150853, 6.841524540725004 ], [ 79.865181840969228, 6.841469813381252 ], [ 79.864936755926578, 6.841460294956676 ], [ 79.864839198370362, 6.841441259006956 ], [ 79.86480350607701, 6.841417464744268 ], [ 79.864815403208354, 6.841367495713428 ], [ 79.864502890595986, 6.841338311813672 ], [ 79.864497953317937, 6.841393369208674 ] ] ] ] } },
{ "type": "Feature", "properties": { "Sub_class": "Retail", "NAME": "Blue Seas Guest House", "Land_Exten": 0.132640283818, "Main_C": "Commercial", "Domain": "Built-up", "Area_m2": 1326.948 }, "geometry": { "type": "MultiPolygon", "coordinates": [ [ [ [ 79.865174702150853, 6.841524540725004 ], [ 79.865165184625653, 6.841731553868158 ], [ 79.865417407587358, 6.841745830605646 ], [ 79.865486411668599, 6.841277076975587 ], [ 79.865388854112382, 6.84124852350061 ], [ 79.865374576475574, 6.841365117006603 ], [ 79.865227049888517, 6.841355598582084 ], [ 79.865212773151029, 6.841455535744444 ], [ 79.865214122134091, 6.841470626368334 ], [ 79.865181840969228, 6.841469813381252 ], [ 79.865174702150853, 6.841524540725004 ] ] ] ] } },
{ "type": "Feature", "properties": { "Sub_class": "Low Rise", "NAME": null, "Land_Exten": 3.5560685296800001, "Main_C": "Residential", "Domain": "Built-up", "Area_m2": 35575.304 }, "geometry": { "type": "MultiPolygon", "coordinates": [ [ [ [ 79.866313009138139, 6.842426163236894 ], [ 79.866359275660102, 6.842182085434956 ], [ 79.866367242754109, 6.842006607019357 ], [ 79.866544433478907, 6.842019157058473 ], [ 79.866568450773457, 6.84175477706134 ], [ 79.866341237058521, 6.841736876056018 ], [ 79.866360984371966, 6.841580057673582 ], [ 79.866679273329851, 6.841594615898828 ], [ 79.866697585325369, 6.841265797678489 ], [ 79.866530879796301, 6.841248534292447 ], [ 79.866334669309595, 6.84121546801947 ], [ 79.866015787698473, 6.841182169721378 ], [ 79.865823681717586, 6.841140937604223 ], [ 79.86563558761236, 6.8411405814727 ], [ 79.865378064945787, 6.841095137830393 ], [ 79.865112388126249, 6.84103741844217 ], [ 79.864953002179391, 6.840992160959502 ], [ 79.864773108991869, 6.84097955965899 ], [ 79.864691344430071, 6.840971231037543 ], [ 79.86454477652029, 6.840970953147007 ], [ 79.864520084734181, 6.841159398887214 ], [ 79.86450337802853, 6.84133288170716 ], [ 79.864502890595986, 6.841338311813672 ], [ 79.864815403208354, 6.841367495713428 ], [ 79.86480350607701, 6.841417464744268 ], [ 79.864839198370362, 6.841441259006956 ], [ 79.864936755926578, 6.841460294956676 ], [ 79.865181840969228, 6.841469813381252 ], [ 79.865214122134091, 6.841470626368334 ], [ 79.865212773151029, 6.841455535744444 ], [ 79.865227049888517, 6.841355598582084 ], [ 79.865374576475574, 6.841365117006603 ], [ 79.865388854112382, 6.84124852350061 ], [ 79.865486411668599, 6.841277076975587 ], [ 79.865417407587358, 6.841745830605646 ], [ 79.865165184625653, 6.841731553868158 ], [ 79.865174702150853, 6.841524540725004 ], [ 79.864770193389745, 6.841486468825508 ], [ 79.864751158339345, 6.841450777431476 ], [ 79.864751158339345, 6.841424603562643 ], [ 79.864734501995713, 6.841410326825155 ], [ 79.864497953317937, 6.841393369208674 ], [ 79.86446991425521, 6.841706039202393 ], [ 79.864449856675606, 6.841918802610678 ], [ 79.864436704989998, 6.841944968385633 ], [ 79.864430140838408, 6.841951503758935 ], [ 79.864407206327542, 6.841954734123703 ], [ 79.864289304307988, 6.841944688696458 ], [ 79.864263074681219, 6.841957734262053 ], [ 79.864240064627325, 6.842000251510456 ], [ 79.864213481566992, 6.842199906400595 ], [ 79.864193454564315, 6.842396300349037 ], [ 79.86418960906326, 6.84243401701633 ], [ 79.864376775068195, 6.842455577363069 ], [ 79.864851640490883, 6.842505585064771 ], [ 79.865224968857262, 6.842552126779253 ], [ 79.865803099833272, 6.842616385138115 ], [ 79.865828276353909, 6.842619786374087 ], [ 79.866008311634346, 6.842641523887266 ], [ 79.866092811034434, 6.842651985700627 ], [ 79.866305658979059, 6.842680144373219 ], [ 79.866313009138139, 6.842426163236894 ] ] ] ] } },
{ "type": "Feature", "properties": { "Sub_class": "Retail", "NAME": null, "Land_Exten": 0.022042353528500001, "Main_C": "Commercial", "Domain": "Built-up", "Area_m2": 220.515 }, "geometry": { "type": "MultiPolygon", "coordinates": [ [ [ [ 79.86881359297297, 6.840512503948958 ], [ 79.868817200153728, 6.840372216904314 ], [ 79.868694342869674, 6.840364061852028 ], [ 79.868694045194104, 6.840521468391103 ], [ 79.86881359297297, 6.840512503948958 ] ] ] ] } },
{ "type": "Feature", "properties": { "Sub_class": "Low Rise", "NAME": null, "Land_Exten": 1.2042021700700001, "Main_C": "Residential", "Domain": "Built-up", "Area_m2": 12047.002 }, "geometry": { "type": "MultiPolygon", "coordinates": [ [ [ [ 79.869129752336278, 6.841526376241291 ], [ 79.86927137937073, 6.841528821497946 ], [ 79.869353259045738, 6.841521364319533 ], [ 79.869515170288935, 6.841507180212261 ], [ 79.869558670496303, 6.841502431791866 ], [ 79.869570751988647, 6.841502455174236 ], [ 79.869578246039282, 6.841372063370102 ], [ 79.86958086306646, 6.841265811168284 ], [ 79.869574396940948, 6.841171013631424 ], [ 79.869541180481178, 6.841167932554072 ], [ 79.869411253626538, 6.841197873682972 ], [ 79.869411304887876, 6.841170706063281 ], [ 79.869538205523838, 6.841143777663262 ], [ 79.869580534813906, 6.841119708207998 ], [ 79.869553511985032, 6.841035135063464 ], [ 79.869556907825086, 6.840835910049236 ], [ 79.869557021139656, 6.840833462993999 ], [ 79.869563204878034, 6.840700081843352 ], [ 79.869552844688087, 6.840570223337181 ], [ 79.86942935697931, 6.840554314330177 ], [ 79.869411402014634, 6.840553736066113 ], [ 79.869079593548463, 6.840543060214088 ], [ 79.868862254389569, 6.840569135157523 ], [ 79.868597246665672, 6.840579230047467 ], [ 79.868568773230379, 6.84058071392883 ], [ 79.868548279479569, 6.84076759754663 ], [ 79.8685387340754, 6.841024165133149 ], [ 79.868547533042261, 6.84116303934286 ], [ 79.868553436192201, 6.841235498619426 ], [ 79.868561926691598, 6.841537379446549 ], [ 79.868569659062587, 6.841566582232019 ], [ 79.868658499490209, 6.841576804825706 ], [ 79.868767267995054, 6.841555879400346 ], [ 79.868900192290084, 6.841538017965206 ], [ 79.869129752336278, 6.841526376241291 ] ] ] ] } },
{ "type": "Feature", "properties": { "Sub_class": "Low Rise", "NAME": null, "Land_Exten": 0.52489386317200004, "Main_C": "Residential", "Domain": "Built-up", "Area_m2": 5251.107 }, "geometry": { "type": "MultiPolygon", "coordinates": [ [ [ [ 79.868205026241014, 6.840599677033538 ], [ 79.868118579808652, 6.840602331832201 ], [ 79.868110519185166, 6.840676211138259 ], [ 79.868067790596115, 6.840911586200775 ], [ 79.868034191924494, 6.841110753658427 ], [ 79.867994501245278, 6.84133707794382 ], [ 79.867979222663052, 6.841430627221712 ], [ 79.867988209588248, 6.841469886226321 ], [ 79.867996004012412, 6.841474948510097 ], [ 79.868031582991193, 6.841467895127323 ], [ 79.868088689941146, 6.841482171864811 ], [ 79.868166351795765, 6.841497390192444 ], [ 79.868269016601914, 6.841509658743803 ], [ 79.868371675112769, 6.841524946319282 ], [ 79.868498462434161, 6.841558390307512 ], [ 79.868528351402347, 6.841561829315026 ], [ 79.868525883662642, 6.841431658744114 ], [ 79.868514076463498, 6.8412867410903 ], [ 79.868502405961351, 6.841069375851077 ], [ 79.868508811832271, 6.840876194281009 ], [ 79.868521320502623, 6.840649818734221 ], [ 79.868523600283993, 6.840583069253285 ], [ 79.868205026241014, 6.840599677033538 ] ] ] ] } },
{ "type": "Feature", "properties": { "Sub_class": "Low Rise", "NAME": null, "Land_Exten": 1.39304189931, "Main_C": "Residential", "Domain": "Built-up", "Area_m2": 13936.178 }, "geometry": { "type": "MultiPolygon", "coordinates": [ [ [ [ 79.8680008081908, 6.842139458469262 ], [ 79.868115022989969, 6.842175943065342 ], [ 79.868227650485721, 6.842217187773031 ], [ 79.868322828435851, 6.842242568439815 ], [ 79.868389120161851, 6.842260723953302 ], [ 79.868593911080211, 6.842270631784288 ], [ 79.868641522987957, 6.842280242838967 ], [ 79.868689089929603, 6.842313656250269 ], [ 79.868765189661815, 6.842370925977491 ], [ 79.868817565278448, 6.842380545126105 ], [ 79.869455797047465, 6.8423865094299 ], [ 79.869540453828961, 6.842383940066838 ], [ 79.869550460585344, 6.84201196518012 ], [ 79.86955098938671, 6.841731835355972 ], [ 79.869558593154579, 6.84154348584326 ], [ 79.869478850268763, 6.841548165015865 ], [ 79.869215440640119, 6.841571818084958 ], [ 79.869150190329094, 6.841578939816259 ], [ 79.869148851238549, 6.841568066113382 ], [ 79.869057192335617, 6.841565482361148 ], [ 79.868888048744509, 6.841571200250712 ], [ 79.868785320985808, 6.841592137367286 ], [ 79.868667508898454, 6.84160398953253 ], [ 79.868537656687579, 6.841594688743953 ], [ 79.868435003572586, 6.841576383043673 ], [ 79.868368586840859, 6.841561163816721 ], [ 79.868314245306237, 6.841548986996202 ], [ 79.868247800695485, 6.841548861091098 ], [ 79.868163250933321, 6.841539645738123 ], [ 79.868060604113623, 6.841518321913099 ], [ 79.868038317114724, 6.841542731312074 ], [ 79.868036264861814, 6.84161185410386 ], [ 79.867999662454508, 6.841801959992495 ], [ 79.867996562491442, 6.841844214638854 ], [ 79.868105504565449, 6.841865026749645 ], [ 79.868227650485721, 6.841874545174164 ], [ 79.86829586136497, 6.841879304386453 ], [ 79.868355873125097, 6.841896210741595 ], [ 79.868354308304731, 6.841924884725699 ], [ 79.868216546556425, 6.841918961790725 ], [ 79.868067433565272, 6.841914202578437 ], [ 79.867994463473792, 6.841906271457333 ], [ 79.867980186736304, 6.841993518286301 ], [ 79.867972254715824, 6.84205379804439 ], [ 79.86797384111992, 6.842118836115446 ], [ 79.8680008081908, 6.842139458469262 ] ] ] ] } },
{ "type": "Feature", "properties": { "Sub_class": "Low Rise", "NAME": null, "Land_Exten": 2.1923248217800002, "Main_C": "Residential", "Domain": "Built-up", "Area_m2": 21932.305 }, "geometry": { "type": "MultiPolygon", "coordinates": [ [ [ [ 79.869651860944657, 6.843124779984635 ], [ 79.869658206561041, 6.843088294489235 ], [ 79.869656620156945, 6.843013737993658 ], [ 79.869623307469737, 6.842934423185113 ], [ 79.869599513207049, 6.842894764881521 ], [ 79.869586821974337, 6.842807518052552 ], [ 79.869596340398857, 6.842745651890368 ], [ 79.869602685115865, 6.842653646748431 ], [ 79.869569373327977, 6.84249977454499 ], [ 79.869507510763071, 6.842428519460668 ], [ 79.869336632379714, 6.842433890211908 ], [ 79.869188987981488, 6.842428851310501 ], [ 79.868869877043267, 6.842423488653139 ], [ 79.868788914676713, 6.842418575656779 ], [ 79.868698507630086, 6.842370800072388 ], [ 79.868617609115404, 6.842332563596983 ], [ 79.868484254045143, 6.842327550775906 ], [ 79.868312795599081, 6.842322466908342 ], [ 79.868217589769984, 6.842293723676448 ], [ 79.868145520799203, 6.842295131115463 ], [ 79.867936519255011, 6.842214335123515 ], [ 79.86785076350202, 6.842187372549233 ], [ 79.867770330836152, 6.842181860604455 ], [ 79.867598768068774, 6.842154736152224 ], [ 79.867523688167751, 6.842154594059309 ], [ 79.867357498849572, 6.84212211954025 ], [ 79.867236806233677, 6.842083266129862 ], [ 79.8671445744626, 6.842452841625402 ], [ 79.867065339693738, 6.842432883870515 ], [ 79.86702538101656, 6.842603155211521 ], [ 79.867322413598572, 6.842730487522033 ], [ 79.867304498204078, 6.842848340078888 ], [ 79.86732316183452, 6.842853521073209 ], [ 79.867450066067761, 6.842856693881345 ], [ 79.867608697483433, 6.842875729831121 ], [ 79.867835538879092, 6.842910628023105 ], [ 79.867891059424892, 6.842937595093986 ], [ 79.86793230413258, 6.842991530135066 ], [ 79.868006860628157, 6.843050223489058 ], [ 79.868113142507582, 6.843091467297427 ], [ 79.868195434072106, 6.843117800346249 ], [ 79.868237980098741, 6.842838036546198 ], [ 79.868410887352638, 6.842879281253886 ], [ 79.868400302332134, 6.843194117714404 ], [ 79.868543069706959, 6.843205451870176 ], [ 79.868671136763624, 6.843200863529091 ], [ 79.868760545562793, 6.843196202342938 ], [ 79.868874124541264, 6.843186757662806 ], [ 79.86894180032391, 6.843174810169387 ], [ 79.869021589075146, 6.843145981501891 ], [ 79.869072379187003, 6.843119513554768 ], [ 79.869115889286945, 6.843109935774976 ], [ 79.869207709168506, 6.843107693765091 ], [ 79.869285017589561, 6.843112669714003 ], [ 79.869313989249235, 6.843124798870406 ], [ 79.869393687169008, 6.843144268293372 ], [ 79.869463742557741, 6.843151645432158 ], [ 79.869497565160543, 6.8431541239637 ], [ 79.869615949216723, 6.843159177254279 ], [ 79.869651860944657, 6.843124779984635 ] ] ] ] } },
{ "type": "Feature", "properties": { "Sub_class": "High Rise", "NAME": null, "Land_Exten": 0.070021690727, "Main_C": "Residential", "Domain": "Built-up", "Area_m2": 700.506 }, "geometry": { "type": "MultiPolygon", "coordinates": [ [ [ [ 79.868271773923311, 6.843142228630995 ], [ 79.868400302332134, 6.843194117714404 ], [ 79.868410887352638, 6.842879281253886 ], [ 79.868237980098741, 6.842838036546198 ], [ 79.868195434072106, 6.843117800346249 ], [ 79.868271773923311, 6.843142228630995 ] ] ] ] } },
{ "type": "Feature", "properties": { "Sub_class": "Retail", "NAME": null, "Land_Exten": 0.024175680428300001, "Main_C": "Commercial", "Domain": "Built-up", "Area_m2": 241.857 }, "geometry": { "type": "MultiPolygon", "coordinates": [ [ [ [ 79.869415359930997, 6.843182948134597 ], [ 79.869362203702792, 6.843182848309823 ], [ 79.869333236539717, 6.843168303574373 ], [ 79.869327198491476, 6.843166028289602 ], [ 79.86932692239958, 6.843312660051254 ], [ 79.869473569449724, 6.843316897656734 ], [ 79.869477441031108, 6.843186450094663 ], [ 79.869415359930997, 6.843182948134597 ] ] ] ] } },
{ "type": "Feature", "properties": { "Sub_class": "School", "NAME": "Hejaaz International School", "Land_Exten": 0.081304110894799997, "Main_C": "Institutional", "Domain": "Built-up", "Area_m2": 813.377 }, "geometry": { "type": "MultiPolygon", "coordinates": [ [ [ [ 79.867971480399547, 6.843382139873881 ], [ 79.868241152007613, 6.843417038965242 ], [ 79.868299002696858, 6.843221895973784 ], [ 79.868229020153194, 6.843175879463331 ], [ 79.868067199741517, 6.843141765480141 ], [ 79.868028554074556, 6.843134447696627 ], [ 79.867971480399547, 6.843382139873881 ] ] ] ] } },
{ "type": "Feature", "properties": { "Sub_class": "Roads", "NAME": null, "Land_Exten": 0.11715452434900001, "Main_C": "Transport", "Domain": "Built-up", "Area_m2": 1172.03 }, "geometry": { "type": "MultiPolygon", "coordinates": [ [ [ [ 79.86933478697091, 6.844217571383865 ], [ 79.869340944628959, 6.844181260356947 ], [ 79.86936791169984, 6.844125739811091 ], [ 79.869507507165793, 6.843903656728401 ], [ 79.869539233448904, 6.843851308091416 ], [ 79.869582063661369, 6.84384020416212 ], [ 79.869731176652522, 6.843760888454312 ], [ 79.86974545339001, 6.843735507787528 ], [ 79.869761316531594, 6.843627639504007 ], [ 79.86974545339001, 6.84350866639187 ], [ 79.869734348561394, 6.843238993884484 ], [ 79.86972641744029, 6.84318505974278 ], [ 79.869712140702802, 6.843081949772227 ], [ 79.869680414419634, 6.842928077568786 ], [ 79.869650274540618, 6.842864625002505 ], [ 79.869640757015361, 6.842799586931449 ], [ 79.869640757015361, 6.84272185762768 ], [ 79.869642343419457, 6.842623506869415 ], [ 79.869631238590841, 6.842571158232431 ], [ 79.869642343419457, 6.84248073859527 ], [ 79.869678953920641, 6.842423302493444 ], [ 79.869622429731407, 6.842424907783311 ], [ 79.869507510763071, 6.842428519460668 ], [ 79.869569373327977, 6.84249977454499 ], [ 79.869602685115865, 6.842653646748431 ], [ 79.869596340398857, 6.842745651890368 ], [ 79.869586821974337, 6.842807518052552 ], [ 79.869599513207049, 6.842894764881521 ], [ 79.869623307469737, 6.842934423185113 ], [ 79.869656620156945, 6.843013737993658 ], [ 79.869658206561041, 6.843088294489235 ], [ 79.869651860944657, 6.843124779984635 ], [ 79.869615949216723, 6.843159177254279 ], [ 79.869657005966133, 6.843168914214061 ], [ 79.869683547657644, 6.84318828381231 ], [ 79.869695409715462, 6.843304222611835 ], [ 79.869706989386088, 6.84356988594152 ], [ 79.869718883819473, 6.843668920184541 ], [ 79.869718837954053, 6.843693069679489 ], [ 79.869704263540996, 6.843734095851914 ], [ 79.869631722426107, 6.843762938009206 ], [ 79.869542232687934, 6.843811067926481 ], [ 79.869489008111316, 6.84384719099512 ], [ 79.869472053192737, 6.843868893434717 ], [ 79.869377489479632, 6.844045004073735 ], [ 79.869321775579522, 6.844119762017442 ], [ 79.86928301569867, 6.844172817521553 ], [ 79.86933478697091, 6.844217571383865 ] ] ] ] } },
{ "type": "Feature", "properties": { "Sub_class": "Low Rise", "NAME": null, "Land_Exten": 1.4762556757600001, "Main_C": "Residential", "Domain": "Built-up", "Area_m2": 14768.661 }, "geometry": { "type": "MultiPolygon", "coordinates": [ [ [ [ 79.868299551283314, 6.843987037371903 ], [ 79.868403029975923, 6.844010980022745 ], [ 79.868533449659026, 6.844040205291265 ], [ 79.868688026031634, 6.844071891104932 ], [ 79.868808771707506, 6.844105927746398 ], [ 79.869040653803211, 6.844145004188647 ], [ 79.869132432315951, 6.844164496993983 ], [ 79.869164499442149, 6.844175616211771 ], [ 79.869225647046051, 6.844181286437276 ], [ 79.86928301569867, 6.844172817521553 ], [ 79.869291034953335, 6.84416184039668 ], [ 79.869377489479632, 6.844045004073735 ], [ 79.869472053192737, 6.843868893434717 ], [ 79.869489008111316, 6.84384719099512 ], [ 79.869524256139584, 6.84382326812937 ], [ 79.869553807862019, 6.843804842819281 ], [ 79.869586184355001, 6.843786209765824 ], [ 79.869614379899758, 6.843771045397489 ], [ 79.869630930123378, 6.843762144807158 ], [ 79.869676121056216, 6.843744176352686 ], [ 79.869703470338948, 6.843733302649866 ], [ 79.869718044752005, 6.843692276477441 ], [ 79.869716472737082, 6.843654657836225 ], [ 79.86970619618404, 6.843569092739472 ], [ 79.869702906463999, 6.843493618036064 ], [ 79.869696575236787, 6.843348366733778 ], [ 79.869682754455596, 6.843187490610262 ], [ 79.869636837769917, 6.843192233634738 ], [ 79.869547443359863, 6.843189650781824 ], [ 79.869476647829117, 6.843185656892615 ], [ 79.869472776247676, 6.843316104454686 ], [ 79.869326129197589, 6.843311866849206 ], [ 79.869326405289428, 6.843165235087554 ], [ 79.869293812059823, 6.8431529485498 ], [ 79.869264835903493, 6.843143234073068 ], [ 79.869189929571633, 6.8431455075592 ], [ 79.86911741183917, 6.843162275418706 ], [ 79.869027985053549, 6.843176596222975 ], [ 79.868805598, 6.843228097698614 ], [ 79.868566873862221, 6.843232631181024 ], [ 79.86829820949481, 6.843221102771736 ], [ 79.868240358805565, 6.843416245763194 ], [ 79.867970687197499, 6.843381346671833 ], [ 79.867985889337376, 6.843545926203603 ], [ 79.868311082390619, 6.843571704370731 ], [ 79.868307116380379, 6.843769992291357 ], [ 79.868309177626486, 6.843840646628564 ], [ 79.868299551283314, 6.843987037371903 ] ] ] ] } },
{ "type": "Feature", "properties": { "Sub_class": "Retail", "NAME": null, "Land_Exten": 0.51632811100300002, "Main_C": "Commercial", "Domain": "Built-up", "Area_m2": 5165.408 }, "geometry": { "type": "MultiPolygon", "coordinates": [ [ [ [ 79.866795490019911, 6.841907012498666 ], [ 79.866834695964485, 6.841780512061007 ], [ 79.866850883761344, 6.841728280335929 ], [ 79.866882096531583, 6.841627569756611 ], [ 79.866881780869562, 6.841611664346885 ], [ 79.866877184434543, 6.841380216623747 ], [ 79.866877224904044, 6.841359185977694 ], [ 79.866837431702152, 6.841319263273419 ], [ 79.866772085163632, 6.841278270375938 ], [ 79.866697585325369, 6.8412705559914 ], [ 79.866679273329851, 6.841599374211796 ], [ 79.866360984371966, 6.841580057673582 ], [ 79.866340643505964, 6.841741587604247 ], [ 79.866568450773457, 6.841759535374308 ], [ 79.866544433478907, 6.842023916270762 ], [ 79.866367242754109, 6.842011365332269 ], [ 79.866359275660102, 6.842186844647188 ], [ 79.866313009138139, 6.842430922449182 ], [ 79.866305658979059, 6.84268490268613 ], [ 79.866394089315804, 6.84269660106736 ], [ 79.866518536601234, 6.842709932617367 ], [ 79.866530528161377, 6.842714452609926 ], [ 79.866605510036322, 6.842498207925985 ], [ 79.866622306674174, 6.842449766843288 ], [ 79.866703262745432, 6.842208547086841 ], [ 79.866725103680665, 6.842143469445602 ], [ 79.866756225619383, 6.842038916962508 ], [ 79.866795490019911, 6.841907012498666 ] ] ] ] } },
{ "type": "Feature", "properties": { "Sub_class": "Retail", "NAME": null, "Land_Exten": 0.23687827943199999, "Main_C": "Commercial", "Domain": "Built-up", "Area_m2": 2369.758 }, "geometry": { "type": "MultiPolygon", "coordinates": [ [ [ [ 79.865691497564626, 6.842663503318079 ], [ 79.865676482483764, 6.84279266215168 ], [ 79.866104846661415, 6.842842414445897 ], [ 79.866106105712277, 6.842842560136091 ], [ 79.866106048155643, 6.842873081327696 ], [ 79.866084692854372, 6.843109851238694 ], [ 79.86622829390069, 6.843126529166057 ], [ 79.866271332755844, 6.843126611004323 ], [ 79.866330500951904, 6.843132099566787 ], [ 79.866368160062621, 6.843132170613217 ], [ 79.866384299296044, 6.843132201190201 ], [ 79.866416619131712, 6.843110754158033 ], [ 79.866454614588861, 6.842933383568834 ], [ 79.86651292932828, 6.842765206748936 ], [ 79.866436566994025, 6.842752337450463 ], [ 79.866128017693939, 6.842718016623223 ], [ 79.866017379498544, 6.842705710300322 ], [ 79.865691497564626, 6.842663503318079 ] ] ] ] } },
{ "type": "Feature", "properties": { "Sub_class": "Low Rise", "NAME": null, "Land_Exten": 0.037586159355499998, "Main_C": "Residential", "Domain": "Built-up", "Area_m2": 376.016 }, "geometry": { "type": "MultiPolygon", "coordinates": [ [ [ [ 79.866208178764509, 6.843235772512912 ], [ 79.866401902625739, 6.843245821537494 ], [ 79.866421596879263, 6.843180194410479 ], [ 79.866354038008524, 6.843175778739237 ], [ 79.866115950590711, 6.843173184195166 ], [ 79.866087446578433, 6.843170727247298 ], [ 79.866088798259511, 6.843229579781337 ], [ 79.866085831396049, 6.843316848194036 ], [ 79.866134522490256, 6.843318386034753 ], [ 79.866206390912282, 6.843320655024286 ], [ 79.866208178764509, 6.843235772512912 ] ] ] ] } },
{ "type": "Feature", "properties": { "Sub_class": "High Rise", "NAME": null, "Land_Exten": 0.155556566536, "Main_C": "Residential", "Domain": "Built-up", "Area_m2": 1556.206 }, "geometry": { "type": "MultiPolygon", "coordinates": [ [ [ [ 79.865966083967635, 6.843433094561703 ], [ 79.866073003466397, 6.843435275417676 ], [ 79.866085831396049, 6.843316848194036 ], [ 79.866088798259511, 6.843229579781337 ], [ 79.866087446578433, 6.843170727247298 ], [ 79.865937945979454, 6.843157840861693 ], [ 79.86590103870202, 6.843155141096929 ], [ 79.86567875147324, 6.84313888405228 ], [ 79.865671175584339, 6.843470267139139 ], [ 79.865956758897369, 6.843486094307877 ], [ 79.865966083967635, 6.843433094561703 ] ] ] ] } },
{ "type": "Feature", "properties": { "Sub_class": "Low Rise", "NAME": null, "Land_Exten": 0.0604740393063, "Main_C": "Residential", "Domain": "Built-up", "Area_m2": 604.989 }, "geometry": { "type": "MultiPolygon", "coordinates": [ [ [ [ 79.866391376061188, 6.843280897795239 ], [ 79.866401902625739, 6.843245821537494 ], [ 79.866208178764509, 6.843235772512912 ], [ 79.866206390912282, 6.843320655024286 ], [ 79.866134522490256, 6.843318386034753 ], [ 79.866085831396049, 6.843316848194036 ], [ 79.866073003466397, 6.843435275417676 ], [ 79.866111296599115, 6.84343605692851 ], [ 79.866360361141801, 6.843441138098115 ], [ 79.866391376061188, 6.843280897795239 ] ] ] ] } },
{ "type": "Feature", "properties": { "Sub_class": "Retail", "NAME": null, "Land_Exten": 0.0963118435966, "Main_C": "Commercial", "Domain": "Built-up", "Area_m2": 963.515 }, "geometry": { "type": "MultiPolygon", "coordinates": [ [ [ [ 79.866352385054597, 6.84348234593358 ], [ 79.866360361141801, 6.843441138098115 ], [ 79.865966083967635, 6.843433094561703 ], [ 79.865931866562448, 6.843627558565004 ], [ 79.866328984694917, 6.843643876763565 ], [ 79.866352385054597, 6.84348234593358 ] ] ] ] } },
{ "type": "Feature", "properties": { "Sub_class": "Retail", "NAME": null, "Land_Exten": 0.19218310557400001, "Main_C": "Commercial", "Domain": "Built-up", "Area_m2": 1922.623 }, "geometry": { "type": "MultiPolygon", "coordinates": [ [ [ [ 79.866786117285528, 6.843404985351867 ], [ 79.866720911940604, 6.84338795758822 ], [ 79.866658118577391, 6.843373349900219 ], [ 79.86655425947157, 6.843353833712513 ], [ 79.866522895615219, 6.843347502485301 ], [ 79.866503762538684, 6.843419761213056 ], [ 79.866428832824454, 6.843806299720995 ], [ 79.866410117932674, 6.843965208127884 ], [ 79.866420211923298, 6.843964555220111 ], [ 79.866466119615779, 6.843964642454353 ], [ 79.866553143412887, 6.843943072215041 ], [ 79.86663534864249, 6.843914248943463 ], [ 79.866711313476401, 6.843901271726338 ], [ 79.866722104441635, 6.84368012753589 ], [ 79.866730189346811, 6.843596949239839 ], [ 79.866802302384428, 6.843407038504097 ], [ 79.866786117285528, 6.843404985351867 ] ] ] ] } },
{ "type": "Feature", "properties": { "Sub_class": "Government", "NAME": null, "Land_Exten": 0.050413245337100003, "Main_C": "Institutional", "Domain": "Built-up", "Area_m2": 504.34 }, "geometry": { "type": "MultiPolygon", "coordinates": [ [ [ [ 79.866285865800137, 6.843943583929331 ], [ 79.866311951535408, 6.84376182105126 ], [ 79.866092425225304, 6.843746271773057 ], [ 79.866068751471744, 6.843940336477374 ], [ 79.866285865800137, 6.843943583929331 ] ] ] ] } },
{ "type": "Feature", "properties": { "Sub_class": "Retail", "NAME": null, "Land_Exten": 0.063854511320999993, "Main_C": "Commercial", "Domain": "Built-up", "Area_m2": 638.808 }, "geometry": { "type": "MultiPolygon", "coordinates": [ [ [ [ 79.866254509138344, 6.844196062298465 ], [ 79.866280209963804, 6.843988338690906 ], [ 79.866020905740243, 6.843980371596899 ], [ 79.86602050284398, 6.844192633183525 ], [ 79.86625422495257, 6.844199388890729 ], [ 79.866254509138344, 6.844196062298465 ] ] ] ] } },
{ "type": "Feature", "properties": { "Sub_class": "Retail", "NAME": "Odeon Cinema", "Land_Exten": 0.18075825651800001, "Main_C": "Commercial", "Domain": "Built-up", "Area_m2": 1808.326 }, "geometry": { "type": "MultiPolygon", "coordinates": [ [ [ [ 79.865704108757654, 6.84444115453573 ], [ 79.865879821896328, 6.844447722284599 ], [ 79.865985884341171, 6.844445844500171 ], [ 79.866096106150451, 6.844443974809622 ], [ 79.866158505610599, 6.844437857621074 ], [ 79.866195949783332, 6.844431692768467 ], [ 79.866220908668083, 6.844429662099287 ], [ 79.866234925501487, 6.844420069031003 ], [ 79.866235862595033, 6.844414700078403 ], [ 79.86625422495257, 6.844199388890729 ], [ 79.86602050284398, 6.844192633183525 ], [ 79.866020473166373, 6.844208330849824 ], [ 79.865968432097532, 6.844208232823746 ], [ 79.865621480846698, 6.844211471282449 ], [ 79.865621051870107, 6.844437653474984 ], [ 79.865704108757654, 6.84444115453573 ] ] ] ] } },
{ "type": "Feature", "properties": { "Sub_class": "Government", "NAME": "CEB transformer", "Land_Exten": 0.036486244559100003, "Main_C": "Institutional", "Domain": "Built-up", "Area_m2": 365.013 }, "geometry": { "type": "MultiPolygon", "coordinates": [ [ [ [ 79.866763968782209, 6.841245560234483 ], [ 79.866849799178965, 6.84126615740729 ], [ 79.866877419157618, 6.841256177630555 ], [ 79.866877516284433, 6.841205091641712 ], [ 79.86687757114305, 6.841175889755561 ], [ 79.866867157893068, 6.840993050388988 ], [ 79.86675927881771, 6.840988698569618 ], [ 79.866763968782209, 6.841245560234483 ] ] ] ] } },
{ "type": "Feature", "properties": { "Sub_class": "Retail", "NAME": null, "Land_Exten": 0.58095264022600002, "Main_C": "Commercial", "Domain": "Built-up", "Area_m2": 5811.922 }, "geometry": { "type": "MultiPolygon", "coordinates": [ [ [ [ 79.86748743379809, 6.841321744502977 ], [ 79.867488924874067, 6.84122683185285 ], [ 79.86748756869639, 6.841250436358621 ], [ 79.867491958287303, 6.841106566414965 ], [ 79.86753952163167, 6.841106656347165 ], [ 79.867581084699339, 6.840620878550737 ], [ 79.867373299937924, 6.840615904400522 ], [ 79.867308968733994, 6.840809864783466 ], [ 79.867180892684132, 6.841275758569452 ], [ 79.866935479388928, 6.841977670433209 ], [ 79.86736271221946, 6.842073509384988 ], [ 79.867447063231452, 6.841730206683735 ], [ 79.867483431815003, 6.841423474913483 ], [ 79.86748743379809, 6.841321744502977 ] ] ] ] } },
{ "type": "Feature", "properties": { "Sub_class": "Low Rise", "NAME": null, "Land_Exten": 0.9135616055, "Main_C": "Residential", "Domain": "Built-up", "Area_m2": 9139.386 }, "geometry": { "type": "MultiPolygon", "coordinates": [ [ [ [ 79.86748743379809, 6.841321744502977 ], [ 79.867487275517419, 6.841405458794952 ], [ 79.867487238645197, 6.841424744756239 ], [ 79.867485122540415, 6.841424740259583 ], [ 79.867450870960965, 6.841731475627171 ], [ 79.867373657868086, 6.842077157934511 ], [ 79.867454952084415, 6.842084083613599 ], [ 79.867588270282511, 6.842108137780372 ], [ 79.86771684455681, 6.842122661831411 ], [ 79.867864470069321, 6.842137222754673 ], [ 79.867872110709413, 6.84213869224692 ], [ 79.867897163123644, 6.842119986348337 ], [ 79.867955440091521, 6.841886918046896 ], [ 79.867971303233105, 6.841771117742951 ], [ 79.867987166374689, 6.841712424388902 ], [ 79.867988625974363, 6.841667361159864 ], [ 79.868010012751938, 6.841537599780452 ], [ 79.867988939837744, 6.841501336417593 ], [ 79.867943681455813, 6.841477101487101 ], [ 79.867931709680704, 6.841419724740547 ], [ 79.867971314924318, 6.841238680420815 ], [ 79.868001819028791, 6.841078748585403 ], [ 79.868059779435328, 6.840773974639262 ], [ 79.868078314462707, 6.840604953355978 ], [ 79.867721226953108, 6.840615916990998 ], [ 79.867584891529589, 6.840622147494173 ], [ 79.867571740743301, 6.840755400041701 ], [ 79.86754332846192, 6.841107925290544 ], [ 79.867495765117496, 6.841107835358343 ], [ 79.867488924874067, 6.84122683185285 ], [ 79.86748743379809, 6.841321744502977 ] ] ] ] } },
{ "type": "Feature", "properties": { "Sub_class": "Retail", "NAME": null, "Land_Exten": 0.32175107277499998, "Main_C": "Commercial", "Domain": "Built-up", "Area_m2": 3218.837 }, "geometry": { "type": "MultiPolygon", "coordinates": [ [ [ [ 79.866791748840171, 6.842705994486096 ], [ 79.867304498204078, 6.842848340078888 ], [ 79.867322413598572, 6.842730487522033 ], [ 79.86702538101656, 6.842603155211521 ], [ 79.867065339693738, 6.842432883870515 ], [ 79.8671445744626, 6.842452841625402 ], [ 79.867236806233677, 6.842083266129862 ], [ 79.867223507059236, 6.84207898535692 ], [ 79.867035867111611, 6.842046470368359 ], [ 79.866950101466045, 6.84202486775348 ], [ 79.8669231874552, 6.842014463496753 ], [ 79.866797205027069, 6.842387402456723 ], [ 79.866710849426227, 6.842671177233115 ], [ 79.866791748840171, 6.842705994486096 ] ] ] ] } },
{ "type": "Feature", "properties": { "Sub_class": "Retail", "NAME": null, "Land_Exten": 0.181552284807, "Main_C": "Commercial", "Domain": "Built-up", "Area_m2": 1816.271 }, "geometry": { "type": "MultiPolygon", "coordinates": [ [ [ [ 79.866642549514097, 6.842895621036121 ], [ 79.866534979805522, 6.843301864589421 ], [ 79.86662679968714, 6.843324991555164 ], [ 79.866728247710512, 6.843342088566601 ], [ 79.866827256772524, 6.843371254479848 ], [ 79.866863335774383, 6.843372545007014 ], [ 79.866889634648999, 6.843121863483248 ], [ 79.866818304021592, 6.843113805557721 ], [ 79.86683838498351, 6.842975188554135 ], [ 79.866885341285524, 6.842786896598057 ], [ 79.866828234335628, 6.842772618961249 ], [ 79.866729882677987, 6.842745651890368 ], [ 79.86667941092611, 6.842774489551118 ], [ 79.866642549514097, 6.842895621036121 ] ] ] ] } },
{ "type": "Feature", "properties": { "Sub_class": "Low Rise", "NAME": null, "Land_Exten": 0.66112156340200001, "Main_C": "Residential", "Domain": "Built-up", "Area_m2": 6613.942 }, "geometry": { "type": "MultiPolygon", "coordinates": [ [ [ [ 79.868028554074556, 6.843134447696627 ], [ 79.867995755799541, 6.843102571226723 ], [ 79.867946580870068, 6.843075604155842 ], [ 79.867916440990996, 6.843050223489058 ], [ 79.867881541899692, 6.843005806872554 ], [ 79.867828302933901, 6.842979514293177 ], [ 79.867781604737331, 6.842947113518505 ], [ 79.867703875433563, 6.842928077568786 ], [ 79.867556348846506, 6.842905868810817 ], [ 79.867435789330273, 6.842897937689713 ], [ 79.867335852167912, 6.842894764881521 ], [ 79.867223224672159, 6.842864625002505 ], [ 79.86708204280211, 6.842834485123433 ], [ 79.866945621043612, 6.842802758840321 ], [ 79.866885341285524, 6.842786896598057 ], [ 79.86683838498351, 6.842975188554135 ], [ 79.866818304021592, 6.843113805557721 ], [ 79.866889634648999, 6.843121863483248 ], [ 79.866863335774383, 6.843372545007014 ], [ 79.866969802914127, 6.843376353635847 ], [ 79.867188325580798, 6.843362725309589 ], [ 79.867324748238616, 6.843362725309589 ], [ 79.867404063047104, 6.843378588451117 ], [ 79.867454825279992, 6.843392865188605 ], [ 79.867464966035413, 6.843459397033598 ], [ 79.867465452568638, 6.843464862213693 ], [ 79.86755388470408, 6.84337000532156 ], [ 79.867971480399547, 6.843382139873881 ], [ 79.868028554074556, 6.843134447696627 ] ] ] ] } },
{ "type": "Feature", "properties": { "Sub_class": "Low Rise", "NAME": null, "Land_Exten": 0.36829402156500002, "Main_C": "Residential", "Domain": "Built-up", "Area_m2": 3684.458 }, "geometry": { "type": "MultiPolygon", "coordinates": [ [ [ [ 79.866802302384428, 6.843407038504097 ], [ 79.866730189346811, 6.843596949239839 ], [ 79.866722104441635, 6.84368012753589 ], [ 79.866711313476401, 6.843901271726338 ], [ 79.866735829894708, 6.843897082684293 ], [ 79.866782430964463, 6.843884240365469 ], [ 79.866831604095296, 6.843879160994561 ], [ 79.866880701683101, 6.843878056627034 ], [ 79.866937699815026, 6.843876775093122 ], [ 79.866984617446178, 6.843865584828905 ], [ 79.867282261567198, 6.843840315678051 ], [ 79.867451520271516, 6.843806889676273 ], [ 79.867425082002001, 6.843645249128997 ], [ 79.867403355280658, 6.843512409370248 ], [ 79.867382714940391, 6.843512369800067 ], [ 79.867377969217955, 6.843466477396078 ], [ 79.867358694947882, 6.843437462568886 ], [ 79.867334265763816, 6.843413487542477 ], [ 79.867235915005551, 6.843405556421317 ], [ 79.86711059627703, 6.843407141926093 ], [ 79.866952802130186, 6.843422205570391 ], [ 79.866844092081237, 6.843412340007546 ], [ 79.866802302384428, 6.843407038504097 ] ] ] ] } },
{ "type": "Feature", "properties": { "Sub_class": "Church", "NAME": "St Anthony's Church", "Land_Exten": 0.48017068392700002, "Main_C": "Cultural", "Domain": "Built-up", "Area_m2": 4803.689 }, "geometry": { "type": "MultiPolygon", "coordinates": [ [ [ [ 79.868308616449553, 6.843862045097353 ], [ 79.868311875592667, 6.843572497572779 ], [ 79.867986682539424, 6.843546719405651 ], [ 79.867971480399547, 6.843382139873881 ], [ 79.86755388470408, 6.84337000532156 ], [ 79.867465452568638, 6.843464862213693 ], [ 79.867377969217955, 6.843466477396078 ], [ 79.867382714940391, 6.843512369800067 ], [ 79.867403355280658, 6.843512409370248 ], [ 79.867451520271516, 6.843806889676273 ], [ 79.867484965159065, 6.843854480899608 ], [ 79.867701146890454, 6.843883809590181 ], [ 79.867883572568871, 6.843887775600422 ], [ 79.868202816606754, 6.843935365025118 ], [ 79.868300344485363, 6.843987830573951 ], [ 79.868308616449553, 6.843862045097353 ] ] ] ] } },
{ "type": "Feature", "properties": { "Sub_class": "Low Rise", "NAME": null, "Land_Exten": 1.2898792020800001, "Main_C": "Residential", "Domain": "Built-up", "Area_m2": 12904.113 }, "geometry": { "type": "MultiPolygon", "coordinates": [ [ [ [ 79.867365992046928, 6.843870344041193 ], [ 79.867262882076432, 6.843871930445289 ], [ 79.867057587537715, 6.843910001445465 ], [ 79.866944607507662, 6.84392207844121 ], [ 79.866863038098813, 6.843933998954924 ], [ 79.866660668155362, 6.843961596450583 ], [ 79.866647730508419, 6.843961571269574 ], [ 79.866548228617887, 6.843986531952908 ], [ 79.866449096348788, 6.844022567787306 ], [ 79.866398134466408, 6.844066966417415 ], [ 79.866380505955647, 6.844216645981476 ], [ 79.86666317096865, 6.844214355408212 ], [ 79.866672134511475, 6.844265689609927 ], [ 79.866656801070576, 6.844266120385214 ], [ 79.866646005608743, 6.844476030244664 ], [ 79.866638655449663, 6.84461893251779 ], [ 79.866655188586151, 6.844617168047932 ], [ 79.866899009181964, 6.844601738379595 ], [ 79.867042173157813, 6.844564930027559 ], [ 79.867217126369326, 6.844533478936967 ], [ 79.867397409862633, 6.844486147617658 ], [ 79.86749814562296, 6.844465149347229 ], [ 79.867646620095513, 6.84442305388086 ], [ 79.867890509939116, 6.844370545164566 ], [ 79.86819269833444, 6.844318146165563 ], [ 79.868394150070003, 6.844286744537669 ], [ 79.868531994555951, 6.844260519407499 ], [ 79.868786444239049, 6.844229217604379 ], [ 79.869030294512527, 6.844197896016112 ], [ 79.869081716847802, 6.844193524411651 ], [ 79.86907520485687, 6.844182085035243 ], [ 79.868954432201349, 6.844162537371233 ], [ 79.868676665795533, 6.844111300296333 ], [ 79.868442390603889, 6.84406014416038 ], [ 79.868155973619366, 6.843975040415842 ], [ 79.868017964557453, 6.843946486940865 ], [ 79.867764155191651, 6.843917933465889 ], [ 79.867657872412963, 6.843917933465889 ], [ 79.867462271666568, 6.843885282679707 ], [ 79.867365992046928, 6.843870344041193 ] ] ] ] } },
{ "type": "Feature", "properties": { "Sub_class": "Low Rise", "NAME": null, "Land_Exten": 2.3553342041200001, "Main_C": "Residential", "Domain": "Built-up", "Area_m2": 23563.061 }, "geometry": { "type": "MultiPolygon", "coordinates": [ [ [ [ 79.867808069087175, 6.845145100665889 ], [ 79.867781895218343, 6.844909534047815 ], [ 79.867827105036952, 6.844904774835527 ], [ 79.867841381774383, 6.844864324229206 ], [ 79.867786654430631, 6.844800078460878 ], [ 79.867582020893622, 6.844771524985958 ], [ 79.867584400499766, 6.84470728011695 ], [ 79.86789135080528, 6.844673967429685 ], [ 79.868036497786193, 6.844735833591869 ], [ 79.867991287967641, 6.844900016522615 ], [ 79.868122158211065, 6.84497140021 ], [ 79.867948457755176, 6.845066578160129 ], [ 79.867993446340506, 6.845324912914464 ], [ 79.868084613314295, 6.845289217023776 ], [ 79.868211957316021, 6.845211580350224 ], [ 79.868225994833836, 6.845201098751772 ], [ 79.868332682307482, 6.84509190127028 ], [ 79.868500038046363, 6.844988791299727 ], [ 79.868698459066707, 6.844870192305564 ], [ 79.868885933539048, 6.844711333361374 ], [ 79.86896173469637, 6.844639830963501 ], [ 79.869041623272381, 6.844512611967502 ], [ 79.869181450763392, 6.844278037301649 ], [ 79.869201537121285, 6.844216137864521 ], [ 79.869045614463573, 6.84422829310131 ], [ 79.868957868510904, 6.844244986317108 ], [ 79.868590102451321, 6.844294773684908 ], [ 79.868018880966645, 6.844380173306376 ], [ 79.867655221211521, 6.844465070206866 ], [ 79.867447528180946, 6.84453475507496 ], [ 79.867170520802972, 6.844603413816515 ], [ 79.866909530350597, 6.844653485370088 ], [ 79.866598968367725, 6.844681296005035 ], [ 79.866575053595909, 6.844682268172164 ], [ 79.866565314837487, 6.84496727232181 ], [ 79.866305980936318, 6.844986716563767 ], [ 79.866293050483932, 6.845121202081884 ], [ 79.86674162422662, 6.845122051041869 ], [ 79.866730189346811, 6.845331632648765 ], [ 79.866553545409829, 6.845353362068067 ], [ 79.866553227949169, 6.845521224125264 ], [ 79.866566418305638, 6.845522109058152 ], [ 79.866629203574917, 6.845526320583303 ], [ 79.866836548567903, 6.845568175930623 ], [ 79.867100203711516, 6.845557887686425 ], [ 79.867180527559356, 6.845554752649775 ], [ 79.867521779806339, 6.84550010624497 ], [ 79.867780119956649, 6.845408441046743 ], [ 79.867894239427642, 6.845363757331597 ], [ 79.867808069087175, 6.845145100665889 ] ] ] ] } },
{ "type": "Feature", "properties": { "Sub_class": "Barren Land", "NAME": null, "Land_Exten": 0.032290615872400001, "Main_C": "Barren Land", "Domain": "Non Built-up", "Area_m2": 323.04 }, "geometry": { "type": "MultiPolygon", "coordinates": [ [ [ [ 79.869282328616634, 6.844275339335468 ], [ 79.869205944698649, 6.844392339335059 ], [ 79.869160879670915, 6.844457434063372 ], [ 79.869256764488171, 6.844514940312308 ], [ 79.869397258376807, 6.844321251524605 ], [ 79.869282328616634, 6.844275339335468 ] ] ] ] } },
{ "type": "Feature", "properties": { "Sub_class": "Barren Land", "NAME": null, "Land_Exten": 0.028433931156599999, "Main_C": "Barren Land", "Domain": "Non Built-up", "Area_m2": 284.457 }, "geometry": { "type": "MultiPolygon", "coordinates": [ [ [ [ 79.86903779575772, 6.84462869915518 ], [ 79.8690055029017, 6.844668385337741 ], [ 79.869171500664265, 6.844776680799214 ], [ 79.86925279937725, 6.844689433970245 ], [ 79.869073461071423, 6.844579421702974 ], [ 79.86903779575772, 6.84462869915518 ] ] ] ] } },
{ "type": "Feature", "properties": { "Sub_class": "Low Rise", "NAME": null, "Land_Exten": 0.42534370238399999, "Main_C": "Residential", "Domain": "Built-up", "Area_m2": 4255.197 }, "geometry": { "type": "MultiPolygon", "coordinates": [ [ [ [ 79.868858345036642, 6.845068812975398 ], [ 79.868915708293343, 6.845020575139472 ], [ 79.869055038459294, 6.845152572233474 ], [ 79.86976845445065, 6.844668653335759 ], [ 79.869522577105329, 6.844424361495157 ], [ 79.869462297347184, 6.844368840949301 ], [ 79.869397258376807, 6.844321251524605 ], [ 79.869256764488171, 6.844514940312308 ], [ 79.869160879670915, 6.844457434063372 ], [ 79.869141698930321, 6.844485138578307 ], [ 79.869073461071423, 6.844579421702974 ], [ 79.86925279937725, 6.844689433970245 ], [ 79.869171500664265, 6.844776680799214 ], [ 79.8690055029017, 6.844668385337741 ], [ 79.868932686594292, 6.844757870579315 ], [ 79.869056493562368, 6.844873841754463 ], [ 79.86896726372828, 6.844959106477631 ], [ 79.868845226625979, 6.844841756641813 ], [ 79.868724305582305, 6.844943515830664 ], [ 79.868858345036642, 6.845068812975398 ] ] ] ] } },
{ "type": "Feature", "properties": { "Sub_class": "Barren Land", "NAME": null, "Land_Exten": 0.024912911234299999, "Main_C": "Barren Land", "Domain": "Non Built-up", "Area_m2": 249.232 }, "geometry": { "type": "MultiPolygon", "coordinates": [ [ [ [ 79.86890613231219, 6.844790502479782 ], [ 79.868845226625979, 6.844841756641813 ], [ 79.86896726372828, 6.844959106477631 ], [ 79.869056493562368, 6.844873841754463 ], [ 79.868932686594292, 6.844757870579315 ], [ 79.86890613231219, 6.844790502479782 ] ] ] ] } },
{ "type": "Feature", "properties": { "Sub_class": "Barren Land", "NAME": null, "Land_Exten": 0.051510487426399999, "Main_C": "Barren Land", "Domain": "Non Built-up", "Area_m2": 515.318 }, "geometry": { "type": "MultiPolygon", "coordinates": [ [ [ [ 79.868915708293343, 6.845020575139472 ], [ 79.868858345036642, 6.845068812975398 ], [ 79.868724305582305, 6.844943515830664 ], [ 79.868655973294608, 6.845001019381584 ], [ 79.868733283514302, 6.845087993715993 ], [ 79.86868966009979, 6.845145497266913 ], [ 79.868729317504062, 6.845161360408497 ], [ 79.868828461464375, 6.845093941831976 ], [ 79.868955872015931, 6.845221353282852 ], [ 79.869055038459294, 6.845152572233474 ], [ 79.868915708293343, 6.845020575139472 ] ] ] ] } },
{ "type": "Feature", "properties": { "Sub_class": "Low Rise", "NAME": null, "Land_Exten": 0.26646777900099999, "Main_C": "Residential", "Domain": "Built-up", "Area_m2": 2665.779 }, "geometry": { "type": "MultiPolygon", "coordinates": [ [ [ [ 79.868729317504062, 6.845161360408497 ], [ 79.86868966009979, 6.845145497266913 ], [ 79.868733283514302, 6.845087993715993 ], [ 79.868655973294608, 6.845001019381584 ], [ 79.868615838350308, 6.845034794320327 ], [ 79.868487347712971, 6.845058588583072 ], [ 79.868362028984507, 6.845141077099072 ], [ 79.86819993517895, 6.845279255233493 ], [ 79.868398326521628, 6.845576083669357 ], [ 79.868868061312014, 6.845282258069801 ], [ 79.868955872015931, 6.845221353282852 ], [ 79.868828461464375, 6.845093941831976 ], [ 79.868729317504062, 6.845161360408497 ] ] ] ] } },
{ "type": "Feature", "properties": { "Sub_class": "Barren Land", "NAME": null, "Land_Exten": 0.068795654551099997, "Main_C": "Barren Land", "Domain": "Non Built-up", "Area_m2": 688.241 }, "geometry": { "type": "MultiPolygon", "coordinates": [ [ [ [ 79.86819993517895, 6.845279255233493 ], [ 79.868168499376793, 6.845306052332489 ], [ 79.868111727874009, 6.845331551709819 ], [ 79.868209801641115, 6.845498450593084 ], [ 79.868118588801906, 6.8455480230229 ], [ 79.868209253054658, 6.84568327566268 ], [ 79.868289852095074, 6.845643935719124 ], [ 79.868398326521628, 6.845576083669357 ], [ 79.86819993517895, 6.845279255233493 ] ] ] ] } },
{ "type": "Feature", "properties": { "Sub_class": "Low Rise", "NAME": null, "Land_Exten": 0.536714757338, "Main_C": "Residential", "Domain": "Built-up", "Area_m2": 5369.367 }, "geometry": { "type": "MultiPolygon", "coordinates": [ [ [ [ 79.869613400538071, 6.844856602650168 ], [ 79.86940581902337, 6.844994343714063 ], [ 79.868655296105089, 6.845534246308489 ], [ 79.868365994994747, 6.845689145537676 ], [ 79.868205415647481, 6.845789336308883 ], [ 79.868284807797693, 6.845919403457742 ], [ 79.86842281685955, 6.846124036994752 ], [ 79.868463390673014, 6.846080215729444 ], [ 79.868542705481502, 6.845993920383194 ], [ 79.868694356359526, 6.845798487809986 ], [ 79.868745752614473, 6.845731862435571 ], [ 79.868798418712117, 6.845695060378773 ], [ 79.868896134549004, 6.845644298145885 ], [ 79.868980526030498, 6.845596708721189 ], [ 79.869036998958393, 6.845563079472583 ], [ 79.869135349716657, 6.845491378324482 ], [ 79.86931111321735, 6.845368915842869 ], [ 79.869425327117199, 6.845285158383376 ], [ 79.86956936343546, 6.845167771675392 ], [ 79.869653120894895, 6.845106222973868 ], [ 79.869668523583528, 6.845031269877268 ], [ 79.869699456664648, 6.844934425483416 ], [ 79.869701857854523, 6.844931390271483 ], [ 79.869613400538071, 6.844856602650168 ] ] ] ] } },
{ "type": "Feature", "properties": { "Sub_class": "Low Rise", "NAME": null, "Land_Exten": 0.083060097803399999, "Main_C": "Residential", "Domain": "Built-up", "Area_m2": 830.944 }, "geometry": { "type": "MultiPolygon", "coordinates": [ [ [ [ 79.868118588801906, 6.8455480230229 ], [ 79.868209801641115, 6.845498450593084 ], [ 79.868111727874009, 6.845331551709819 ], [ 79.867894471452757, 6.845429133547725 ], [ 79.868089977770296, 6.845741494174661 ], [ 79.868209253054658, 6.84568327566268 ], [ 79.868118588801906, 6.8455480230229 ] ] ] ] } },
{ "type": "Feature", "properties": { "Sub_class": "Roads", "NAME": null, "Land_Exten": 0.110830166184, "Main_C": "Transport", "Domain": "Built-up", "Area_m2": 1108.76 }, "geometry": { "type": "MultiPolygon", "coordinates": [ [ [ [ 79.86830602820072, 6.84622742485584 ], [ 79.8684894053618, 6.846113210955991 ], [ 79.86854714723313, 6.846052931197846 ], [ 79.868606158047839, 6.845973615490038 ], [ 79.868678493217942, 6.845880975426724 ], [ 79.868750829287421, 6.845774375187318 ], [ 79.868799052734175, 6.845742014882148 ], [ 79.868972912370054, 6.845639856394314 ], [ 79.869037633879771, 6.845597978563887 ], [ 79.869191822644552, 6.845499626906303 ], [ 79.869386621195645, 6.845367011978055 ], [ 79.869472916541895, 6.845303559411775 ], [ 79.869621394611727, 6.845189979533984 ], [ 79.869680405426436, 6.845130969618594 ], [ 79.869696902590022, 6.845096070527291 ], [ 79.869727359929755, 6.844999622734463 ], [ 79.869734639941726, 6.844959106477631 ], [ 79.869832146236604, 6.844796212275412 ], [ 79.869819949631051, 6.844782092919274 ], [ 79.869701857854523, 6.844931390271483 ], [ 79.869699456664648, 6.844934425483416 ], [ 79.869668523583528, 6.845031269877268 ], [ 79.869653120894895, 6.845106222973868 ], [ 79.86956936343546, 6.845167771675392 ], [ 79.869425327117199, 6.845285158383376 ], [ 79.86931111321735, 6.845368915842869 ], [ 79.869135349716657, 6.845491378324482 ], [ 79.869036998958393, 6.845563079472583 ], [ 79.868980526030498, 6.845596708721189 ], [ 79.868896134549004, 6.845644298145885 ], [ 79.868798418712117, 6.845695060378773 ], [ 79.868745752614473, 6.845731862435571 ], [ 79.868694356359526, 6.845798487809986 ], [ 79.868542705481502, 6.845993920383194 ], [ 79.868463390673014, 6.846080215729444 ], [ 79.86842281685955, 6.846124036994752 ], [ 79.868189628948301, 6.846257286844377 ], [ 79.868156317160356, 6.846254908137553 ], [ 79.868139660816723, 6.846243010106889 ], [ 79.868098389129386, 6.846183874286396 ], [ 79.868078869344401, 6.846191891742478 ], [ 79.868128996655912, 6.846283897783678 ], [ 79.868178489046102, 6.846310547393898 ], [ 79.868231155143746, 6.846281358997544 ], [ 79.86830602820072, 6.84622742485584 ] ] ] ] } },
{ "type": "Feature", "properties": { "Sub_class": "Retail", "NAME": null, "Land_Exten": 0.127970734946, "Main_C": "Commercial", "Domain": "Built-up", "Area_m2": 1280.234 }, "geometry": { "type": "MultiPolygon", "coordinates": [ [ [ [ 79.866656801070576, 6.844266120385214 ], [ 79.866373743053828, 6.844274071291409 ], [ 79.866369581890751, 6.84430940205732 ], [ 79.866358692000119, 6.844462994571586 ], [ 79.866357586733272, 6.844472052543267 ], [ 79.866342541075483, 6.844595389165931 ], [ 79.866347791317594, 6.844621884092703 ], [ 79.866368960459226, 6.844637814683438 ], [ 79.86641134820519, 6.844643191729972 ], [ 79.866638655449663, 6.84461893251779 ], [ 79.866646005608743, 6.844476030244664 ], [ 79.866656801070576, 6.844266120385214 ] ] ] ] } },
{ "type": "Feature", "properties": { "Sub_class": "Park/Square", "NAME": "Children Park", "Land_Exten": 0.0877222961877, "Main_C": "Public Space", "Domain": "Built-up", "Area_m2": 877.584 }, "geometry": { "type": "MultiPolygon", "coordinates": [ [ [ [ 79.866407710447561, 6.844689067946149 ], [ 79.866333269065194, 6.844702920203645 ], [ 79.866305980936318, 6.844986716563767 ], [ 79.866565314837487, 6.84496727232181 ], [ 79.866575053595909, 6.844682268172164 ], [ 79.866538630153741, 6.844683748456248 ], [ 79.866407710447561, 6.844689067946149 ] ] ] ] } },
{ "type": "Feature", "properties": { "Sub_class": "Cemetery", "NAME": "Nisala Sewana, Cemetery Dehiwala, Munt Lavinia", "Land_Exten": 1.2689230839700001, "Main_C": "Public Space", "Domain": "Built-up", "Area_m2": 12694.449 }, "geometry": { "type": "MultiPolygon", "coordinates": [ [ [ [ 79.865094553670758, 6.844472753115099 ], [ 79.865058305596392, 6.844913487467522 ], [ 79.864926250945757, 6.84491711892997 ], [ 79.864917208262625, 6.845237452946151 ], [ 79.864921453961983, 6.845285127806449 ], [ 79.864927600828196, 6.845338213887487 ], [ 79.864927500104102, 6.845391288277369 ], [ 79.864914164057495, 6.845502678305991 ], [ 79.864917371939214, 6.845519010893668 ], [ 79.865124602718311, 6.845519402998093 ], [ 79.8651248563271, 6.845385623447839 ], [ 79.865895543844317, 6.845330334027722 ], [ 79.865894918815513, 6.845324609842919 ], [ 79.866141420290376, 6.845311761228857 ], [ 79.866143030976161, 6.845295645377803 ], [ 79.866158460644499, 6.845077002201947 ], [ 79.866192345300533, 6.844740482187547 ], [ 79.866213624159457, 6.844544104426916 ], [ 79.866198322194862, 6.844528752999622 ], [ 79.86614679643759, 6.844515774883178 ], [ 79.866054016080056, 6.844510446400022 ], [ 79.865940611570011, 6.844507655803739 ], [ 79.865645512530421, 6.844494216335079 ], [ 79.86530272424136, 6.844483262592519 ], [ 79.865238493761524, 6.844480019637217 ], [ 79.865094553670758, 6.844472753115099 ] ] ] ] } },
{ "type": "Feature", "properties": { "Sub_class": "Retail", "NAME": null, "Land_Exten": 0.18246653201599999, "Main_C": "Commercial", "Domain": "Built-up", "Area_m2": 1825.417 }, "geometry": { "type": "MultiPolygon", "coordinates": [ [ [ [ 79.866255873409898, 6.84550784491114 ], [ 79.866356622660078, 6.845508035567434 ], [ 79.866553227949169, 6.845521224125264 ], [ 79.866553545409829, 6.845353362068067 ], [ 79.866730189346811, 6.845331632648765 ], [ 79.86674162422662, 6.845122051041869 ], [ 79.866293050483932, 6.845121202081884 ], [ 79.866255873409898, 6.84550784491114 ] ] ] ] } },
{ "type": "Feature", "properties": { "Sub_class": "Retail", "NAME": null, "Land_Exten": 0.178266735388, "Main_C": "Commercial", "Domain": "Built-up", "Area_m2": 1783.401 }, "geometry": { "type": "MultiPolygon", "coordinates": [ [ [ [ 79.866141420290376, 6.845311761228857 ], [ 79.865894918815513, 6.845324609842919 ], [ 79.865895543844317, 6.845330334027722 ], [ 79.865907776422773, 6.845442298723128 ], [ 79.865917369491058, 6.845530109427045 ], [ 79.865918062868388, 6.845536449647454 ], [ 79.865713959032064, 6.845559595498969 ], [ 79.865700761481037, 6.8457829861959 ], [ 79.866094906454805, 6.845788639334273 ], [ 79.86610039501727, 6.845722191126242 ], [ 79.8661189974938, 6.845536089019333 ], [ 79.866128330658, 6.845442716008563 ], [ 79.866141420290376, 6.845311761228857 ] ] ] ] } },
{ "type": "Feature", "properties": { "Sub_class": "Barren Land", "NAME": null, "Land_Exten": 0.068749030058899999, "Main_C": "Barren Land", "Domain": "Non Built-up", "Area_m2": 687.773 }, "geometry": { "type": "MultiPolygon", "coordinates": [ [ [ [ 79.865700932352183, 6.845780098472801 ], [ 79.865573886925404, 6.845784055489844 ], [ 79.865587767061868, 6.845918891743509 ], [ 79.865764539601855, 6.845936216283405 ], [ 79.865829679296326, 6.845936737890213 ], [ 79.86584157642767, 6.845865354202772 ], [ 79.866089418791717, 6.845855088441624 ], [ 79.866094906454805, 6.845788639334273 ], [ 79.865700761481037, 6.8457829861959 ], [ 79.865700932352183, 6.845780098472801 ] ] ] ] } },
{ "type": "Feature", "properties": { "Sub_class": "Retail", "NAME": null, "Land_Exten": 0.38611276567899999, "Main_C": "Commercial", "Domain": "Built-up", "Area_m2": 3862.716 }, "geometry": { "type": "MultiPolygon", "coordinates": [ [ [ [ 79.86601432540084, 6.84649274014788 ], [ 79.866017496410393, 6.846455229425374 ], [ 79.866033746260428, 6.846369506947212 ], [ 79.866048927715894, 6.846281637787399 ], [ 79.866049059016916, 6.846212268581382 ], [ 79.866049150747756, 6.846163726774591 ], [ 79.866064360981511, 6.846060850627794 ], [ 79.866067050853758, 6.846038765076969 ], [ 79.866089418791717, 6.845855088441624 ], [ 79.86584157642767, 6.845865354202772 ], [ 79.865829679296326, 6.845936737890213 ], [ 79.865764539601855, 6.845936216283405 ], [ 79.865760703094054, 6.846038185014265 ], [ 79.865760112239457, 6.846053871888728 ], [ 79.865744147474459, 6.846195038470285 ], [ 79.865741338891723, 6.846217837183474 ], [ 79.865712262910677, 6.84645383907349 ], [ 79.865710172886224, 6.846478344699904 ], [ 79.865696734316884, 6.846635915814886 ], [ 79.865696209112798, 6.846642071674296 ], [ 79.865607259867204, 6.846641902601789 ], [ 79.865590992030718, 6.846832644311121 ], [ 79.865975295723388, 6.846859865890167 ], [ 79.865997748197572, 6.84668887149428 ], [ 79.865999510868789, 6.846668018014668 ], [ 79.86601432540084, 6.84649274014788 ] ] ] ] } },
{ "type": "Feature", "properties": { "Sub_class": "Low Rise", "NAME": null, "Land_Exten": 0.064667652608000004, "Main_C": "Residential", "Domain": "Built-up", "Area_m2": 646.942 }, "geometry": { "type": "MultiPolygon", "coordinates": [ [ [ [ 79.865951381850834, 6.847002903061593 ], [ 79.865962551430641, 6.846994961148596 ], [ 79.865965101907989, 6.846937496268481 ], [ 79.865975295723388, 6.846859865890167 ], [ 79.865590992030718, 6.846832644311121 ], [ 79.865579797269902, 6.846963903961068 ], [ 79.865951381850834, 6.847002903061593 ] ] ] ] } },
{ "type": "Feature", "properties": { "Sub_class": "Archeologic", "NAME": null, "Land_Exten": 0.082596848793399999, "Main_C": "Cultural", "Domain": "Built-up", "Area_m2": 826.308 }, "geometry": { "type": "MultiPolygon", "coordinates": [ [ [ [ 79.865906710726165, 6.848253530875809 ], [ 79.865905994865841, 6.848131507263304 ], [ 79.865906553344814, 6.848121800880449 ], [ 79.865898826369801, 6.848112755499304 ], [ 79.86587810778849, 6.848107537632814 ], [ 79.865805574767535, 6.848099630793398 ], [ 79.865704531439007, 6.848096850089632 ], [ 79.865492104377154, 6.848078320458171 ], [ 79.865458244002809, 6.848076037079522 ], [ 79.865460221612011, 6.848235642460963 ], [ 79.865906710726165, 6.848253530875809 ] ] ] ] } },
{ "type": "Feature", "properties": { "Sub_class": "Church", "NAME": "Christ Church", "Land_Exten": 0.12678591695700001, "Main_C": "Cultural", "Domain": "Built-up", "Area_m2": 1268.381 }, "geometry": { "type": "MultiPolygon", "coordinates": [ [ [ [ 79.865460221612011, 6.848235642460963 ], [ 79.865463216354385, 6.848477188671382 ], [ 79.865906268259721, 6.848478028638169 ], [ 79.865907615444144, 6.848408066778916 ], [ 79.865906710726165, 6.848253530875809 ], [ 79.865460221612011, 6.848235642460963 ] ] ] ] } },
{ "type": "Feature", "properties": { "Sub_class": "Water", "NAME": null, "Land_Exten": 0.084767175894100003, "Main_C": "Water", "Domain": "Non Built-up", "Area_m2": 848.022 }, "geometry": { "type": "MultiPolygon", "coordinates": [ [ [ [ 79.869832146236604, 6.844796212275412 ], [ 79.869734639941726, 6.844959106477631 ], [ 79.869727359929755, 6.844999622734463 ], [ 79.869696902590022, 6.845096070527291 ], [ 79.869680405426436, 6.845130969618594 ], [ 79.869621394611727, 6.845189979533984 ], [ 79.869472916541895, 6.845303559411775 ], [ 79.869386621195645, 6.845367011978055 ], [ 79.869191822644552, 6.845499626906303 ], [ 79.869037633879771, 6.845597978563887 ], [ 79.868972912370054, 6.845639856394314 ], [ 79.868799052734175, 6.845742014882148 ], [ 79.868750829287421, 6.845774375187318 ], [ 79.868678493217942, 6.845880975426724 ], [ 79.868606158047839, 6.845973615490038 ], [ 79.86854714723313, 6.846052931197846 ], [ 79.8684894053618, 6.846113210955991 ], [ 79.86830602820072, 6.84622742485584 ], [ 79.868231155143746, 6.846281358997544 ], [ 79.868178489046102, 6.846310547393898 ], [ 79.868128996655912, 6.846283897783678 ], [ 79.868078869344401, 6.846191891742478 ], [ 79.868098389129386, 6.846183874286396 ], [ 79.867980237098323, 6.846014582307191 ], [ 79.867830770673606, 6.845815619895006 ], [ 79.867808880275675, 6.845831799597931 ], [ 79.867888830005541, 6.84594220666753 ], [ 79.868023031337884, 6.846143984857065 ], [ 79.8680972703728, 6.846270572528965 ], [ 79.868158185052266, 6.846349570776113 ], [ 79.868190545357436, 6.84632292026663 ], [ 79.86832474668978, 6.846248681231714 ], [ 79.868419925539172, 6.846184912104036 ], [ 79.868568403609004, 6.846071649686905 ], [ 79.868634076601438, 6.845980278567026 ], [ 79.868762568138038, 6.845820378207918 ], [ 79.868832047960723, 6.845753753732822 ], [ 79.868930082157647, 6.845695694400831 ], [ 79.869001465845031, 6.845643346663167 ], [ 79.869078560227422, 6.845588142678707 ], [ 79.869192774127271, 6.845512952161073 ], [ 79.869374564884311, 6.845397785879186 ], [ 79.86944309412354, 6.845349244971715 ], [ 79.86956968089612, 6.845255018504361 ], [ 79.869703882228464, 6.845142707569948 ], [ 79.86972862887319, 6.845066565569596 ], [ 79.869741002645185, 6.845007554754886 ], [ 79.869758134730205, 6.844955206117902 ], [ 79.869816193162819, 6.844865738862779 ], [ 79.86984820812836, 6.844814806658064 ], [ 79.869832146236604, 6.844796212275412 ] ] ] ] } },
{ "type": "Feature", "properties": { "Sub_class": "Retail", "NAME": null, "Land_Exten": 0.13122976011099999, "Main_C": "Commercial", "Domain": "Built-up", "Area_m2": 1312.84 }, "geometry": { "type": "MultiPolygon", "coordinates": [ [ [ [ 79.868087598164209, 6.845862846892942 ], [ 79.868125384079292, 6.845919403457742 ], [ 79.867980237098323, 6.846014582307191 ], [ 79.868139660816723, 6.846243010106889 ], [ 79.868156317160356, 6.846254908137553 ], [ 79.868189628948301, 6.846257286844377 ], [ 79.86842281685955, 6.846124036994752 ], [ 79.868284807797693, 6.845919403457742 ], [ 79.868205415647481, 6.845789336308883 ], [ 79.868087598164209, 6.845862846892942 ] ] ] ] } },
{ "type": "Feature", "properties": { "Sub_class": "Low Rise", "NAME": null, "Land_Exten": 3.3785755444899999, "Main_C": "Residential", "Domain": "Built-up", "Area_m2": 33799.699 }, "geometry": { "type": "MultiPolygon", "coordinates": [ [ [ [ 79.868102050269442, 6.847509173709454 ], [ 79.868170316007308, 6.847524113247289 ], [ 79.86818126525327, 6.847457683025709 ], [ 79.868336733753324, 6.847483882974871 ], [ 79.868381627909855, 6.84727273384965 ], [ 79.868383665773592, 6.847262899763052 ], [ 79.868445687518545, 6.846963577507154 ], [ 79.86847691287926, 6.846812884407143 ], [ 79.8684881400157, 6.846772505746571 ], [ 79.868524443848059, 6.846641937675315 ], [ 79.868595778972065, 6.846364874539404 ], [ 79.868603103050816, 6.846342147771963 ], [ 79.868643264974764, 6.846217518823494 ], [ 79.86870138905789, 6.846126609955149 ], [ 79.868726124011459, 6.846087923818686 ], [ 79.868779365675266, 6.846017250595708 ], [ 79.868885739285474, 6.845934881689459 ], [ 79.86912805621489, 6.845734813111164 ], [ 79.869405801936296, 6.84552301557477 ], [ 79.869648052315824, 6.845358333520323 ], [ 79.869843061308302, 6.845211255694949 ], [ 79.869955290404391, 6.845152489495831 ], [ 79.870002575858223, 6.845111294250898 ], [ 79.870044004926967, 6.845046496298835 ], [ 79.870044048993748, 6.845023016798848 ], [ 79.870016735683862, 6.845002461894126 ], [ 79.869910198397008, 6.844892239185526 ], [ 79.869876909991433, 6.844855502779296 ], [ 79.869864270919436, 6.84483340104066 ], [ 79.86984820812836, 6.844814806658064 ], [ 79.869816193162819, 6.844865738862779 ], [ 79.869758134730205, 6.844955206117902 ], [ 79.869741002645185, 6.845007554754886 ], [ 79.86972862887319, 6.845066565569596 ], [ 79.869703882228464, 6.845142707569948 ], [ 79.86956968089612, 6.845255018504361 ], [ 79.86944309412354, 6.845349244971715 ], [ 79.869374564884311, 6.845397785879186 ], [ 79.869192774127271, 6.845512952161073 ], [ 79.869078560227422, 6.845588142678707 ], [ 79.869001465845031, 6.845643346663167 ], [ 79.868930082157647, 6.845695694400831 ], [ 79.868832047960723, 6.845753753732822 ], [ 79.868762568138038, 6.845820378207918 ], [ 79.868634076601438, 6.845980278567026 ], [ 79.868568403609004, 6.846071649686905 ], [ 79.868419925539172, 6.846184912104036 ], [ 79.86832474668978, 6.846248681231714 ], [ 79.868190545357436, 6.84632292026663 ], [ 79.868158185052266, 6.846349570776113 ], [ 79.8680972703728, 6.846270572528965 ], [ 79.868023031337884, 6.846143984857065 ], [ 79.867888830005541, 6.84594220666753 ], [ 79.867808880275675, 6.845831799597931 ], [ 79.867830770673606, 6.845815619895006 ], [ 79.867980237098323, 6.846014582307191 ], [ 79.868125384079292, 6.845919403457742 ], [ 79.868087598164209, 6.845862846892942 ], [ 79.868013834870624, 6.845760530124437 ], [ 79.867823968201606, 6.845441154785533 ], [ 79.867651923397602, 6.845499618812426 ], [ 79.867511842297745, 6.845552801120903 ], [ 79.867336809046549, 6.845570143647251 ], [ 79.86733646460624, 6.845751987464325 ], [ 79.867346788823284, 6.845826684254121 ], [ 79.867137515683851, 6.845895024635752 ], [ 79.867163569942875, 6.846138393771923 ], [ 79.866987489880785, 6.846190741509588 ], [ 79.866932985568894, 6.846071146066606 ], [ 79.866861303306564, 6.846037915217664 ], [ 79.866830114818015, 6.84558955911092 ], [ 79.866581794913941, 6.845584738744719 ], [ 79.866534386252965, 6.845577539671751 ], [ 79.866442754329682, 6.845572096075443 ], [ 79.866441747988347, 6.846103312118203 ], [ 79.866441664351385, 6.846147439153015 ], [ 79.866470774506695, 6.846148899652064 ], [ 79.866470139585317, 6.846483725343717 ], [ 79.866472488614534, 6.846483939382324 ], [ 79.866848074279289, 6.846464590468543 ], [ 79.866857591804489, 6.846802473855121 ], [ 79.867140747847316, 6.846821509804897 ], [ 79.867155024584747, 6.846940482916978 ], [ 79.867404867940365, 6.846876237148649 ], [ 79.867438692341807, 6.847166311676006 ], [ 79.867749890145376, 6.847166531110588 ], [ 79.867773684408064, 6.847292643041101 ], [ 79.867983077157362, 6.847340232465797 ], [ 79.867942626551041, 6.847547245608951 ], [ 79.86806635797609, 6.847542486396662 ], [ 79.868102050269442, 6.847509173709454 ] ] ] ] } },
{ "type": "Feature", "properties": { "Sub_class": "Retail", "NAME": null, "Land_Exten": 0.026950409072500001, "Main_C": "Commercial", "Domain": "Built-up", "Area_m2": 269.615 }, "geometry": { "type": "MultiPolygon", "coordinates": [ [ [ [ 79.868690506361816, 6.846199914594422 ], [ 79.868653457890844, 6.8462883125556 ], [ 79.868639522895705, 6.846343580391988 ], [ 79.868703963816927, 6.846372351502851 ], [ 79.868825690653182, 6.846207104674193 ], [ 79.86873331588987, 6.846132958269436 ], [ 79.868690506361816, 6.846199914594422 ] ] ] ] } },
{ "type": "Feature", "properties": { "Sub_class": "Retail", "NAME": null, "Land_Exten": 0.046132175454499998, "Main_C": "Commercial", "Domain": "Built-up", "Area_m2": 461.513 }, "geometry": { "type": "MultiPolygon", "coordinates": [ [ [ [ 79.869253739168812, 6.847420503253659 ], [ 79.869275383152456, 6.847221851107577 ], [ 79.869081092718318, 6.847217409356006 ], [ 79.869068480625913, 6.847415837570907 ], [ 79.869253739168812, 6.847420503253659 ] ] ] ] } },
{ "type": "Feature", "properties": { "Sub_class": "Retail", "NAME": null, "Land_Exten": 0.29196105873799999, "Main_C": "Commercial", "Domain": "Built-up", "Area_m2": 2920.817 }, "geometry": { "type": "MultiPolygon", "coordinates": [ [ [ [ 79.869230963837992, 6.847635967326084 ], [ 79.869154089789447, 6.847652888969719 ], [ 79.869153993562009, 6.847654378247 ], [ 79.869056404529488, 6.847670115483481 ], [ 79.868806770715935, 6.847625309460511 ], [ 79.86884547214089, 6.847420639051279 ], [ 79.868401300579592, 6.847328575453446 ], [ 79.868336664505534, 6.847706827608079 ], [ 79.868772376144307, 6.84779260674344 ], [ 79.868804573672207, 6.847797966702842 ], [ 79.868919221045246, 6.847808602085365 ], [ 79.869075586169402, 6.847808897062976 ], [ 79.869145718899858, 6.847803773625287 ], [ 79.869145807033419, 6.847802404857134 ], [ 79.869212711197747, 6.84779751704184 ], [ 79.869215188829969, 6.847793817230922 ], [ 79.869222778208723, 6.847774958447644 ], [ 79.869222863644325, 6.847729663193434 ], [ 79.869230963837992, 6.847635967326084 ] ] ] ] } },
{ "type": "Feature", "properties": { "Sub_class": "Low Rise", "NAME": null, "Land_Exten": 9.8210574839899998, "Main_C": "Residential", "Domain": "Built-up", "Area_m2": 0.191 }, "geometry": { "type": "MultiPolygon", "coordinates": [ [ [ [ 79.867381991885452, 6.847640092516315 ], [ 79.867375789653664, 6.847642145732659 ], [ 79.867392792776982, 6.847641552600451 ], [ 79.867381991885452, 6.847640092516315 ] ] ] ] } },
{ "type": "Feature", "properties": { "Sub_class": "Barren Land", "NAME": null, "Land_Exten": 0.1743848066, "Main_C": "Barren Land", "Domain": "Non Built-up", "Area_m2": 1744.568 }, "geometry": { "type": "MultiPolygon", "coordinates": [ [ [ [ 79.867948457755176, 6.845066578160129 ], [ 79.868122158211065, 6.84497140021 ], [ 79.867991287967641, 6.844900016522615 ], [ 79.868036497786193, 6.844735833591869 ], [ 79.86789135080528, 6.844673967429685 ], [ 79.867584400499766, 6.84470728011695 ], [ 79.867582020893622, 6.844771524985958 ], [ 79.867786654430631, 6.844800078460878 ], [ 79.867841381774383, 6.844864324229206 ], [ 79.867827105036952, 6.844904774835527 ], [ 79.867781895218343, 6.844909534047815 ], [ 79.867808069087175, 6.845145100665889 ], [ 79.867894239427642, 6.845363757331597 ], [ 79.867993446340506, 6.845324912914464 ], [ 79.867948457755176, 6.845066578160129 ] ] ] ] } },
{ "type": "Feature", "properties": { "Sub_class": "Government", "NAME": "Ceylon Electricity Board - Primary base station", "Land_Exten": 0.26368226642199999, "Main_C": "Institutional", "Domain": "Built-up", "Area_m2": 2637.91 }, "geometry": { "type": "MultiPolygon", "coordinates": [ [ [ [ 79.867089942446967, 6.845594602508925 ], [ 79.866830114818015, 6.84558955911092 ], [ 79.866861303306564, 6.846037915217664 ], [ 79.866932985568894, 6.846071146066606 ], [ 79.866987489880785, 6.846190741509588 ], [ 79.867163569942875, 6.846138393771923 ], [ 79.867137515683851, 6.845895024635752 ], [ 79.867346788823284, 6.845826684254121 ], [ 79.86733646460624, 6.845751987464325 ], [ 79.867336809046549, 6.845570143647251 ], [ 79.867089942446967, 6.845594602508925 ] ] ] ] } },
{ "type": "Feature", "properties": { "Sub_class": "Retail", "NAME": null, "Land_Exten": 2.0251197032400001, "Main_C": "Commercial", "Domain": "Built-up", "Area_m2": 20259.542 }, "geometry": { "type": "MultiPolygon", "coordinates": [ [ [ [ 79.867256741505457, 6.847219295234311 ], [ 79.867435201173635, 6.847215329224127 ], [ 79.867466341998124, 6.84760623304129 ], [ 79.867490192918126, 6.847607981323335 ], [ 79.867711672555686, 6.847627935480887 ], [ 79.86793311532108, 6.847667423812595 ], [ 79.868140923464921, 6.847702444312404 ], [ 79.868167588363576, 6.84770693732537 ], [ 79.868253507793213, 6.847718183347524 ], [ 79.868265739472349, 6.847706004728366 ], [ 79.868277585342355, 6.847682435296178 ], [ 79.868295389220918, 6.847629388785322 ], [ 79.868333996217018, 6.847496761266541 ], [ 79.868336733753324, 6.847483882974871 ], [ 79.86818126525327, 6.847457683025709 ], [ 79.868170316007308, 6.847524113247289 ], [ 79.868102050269442, 6.847509173709454 ], [ 79.86806635797609, 6.847542486396662 ], [ 79.867942626551041, 6.847547245608951 ], [ 79.867983077157362, 6.847340232465797 ], [ 79.867773684408064, 6.847292643041101 ], [ 79.867749890145376, 6.847166531110588 ], [ 79.867438692341807, 6.847166311676006 ], [ 79.867404867940365, 6.846876237148649 ], [ 79.867155024584747, 6.846940482916978 ], [ 79.867140747847316, 6.846821509804897 ], [ 79.866857591804489, 6.846802473855121 ], [ 79.866848074279289, 6.846464590468543 ], [ 79.866472488614534, 6.846483939382324 ], [ 79.866470774506695, 6.846148899652064 ], [ 79.866441664351385, 6.846147439153015 ], [ 79.866441747988347, 6.846103312118203 ], [ 79.866442754329682, 6.845572096075443 ], [ 79.866250181600662, 6.845560657598298 ], [ 79.866245015894833, 6.845629127482312 ], [ 79.866220429329417, 6.845836688312545 ], [ 79.866136027056086, 6.8465667030909 ], [ 79.866128481744113, 6.846875528482883 ], [ 79.866076092637627, 6.847486007173529 ], [ 79.866096152015871, 6.847494644262497 ], [ 79.866395959905674, 6.847493601948202 ], [ 79.866630788180373, 6.84756600726547 ], [ 79.866877576538968, 6.847625482130354 ], [ 79.867093710606298, 6.847597721857426 ], [ 79.867266222158491, 6.847593755847186 ], [ 79.867265935274759, 6.8475938080079 ], [ 79.867291936473748, 6.84759532606347 ], [ 79.867256741505457, 6.847219295234311 ] ] ] ] } },
{ "type": "Feature", "properties": { "Sub_class": "Office", "NAME": "Nolimit Head Office", "Land_Exten": 0.082469800209899996, "Main_C": "Commercial", "Domain": "Built-up", "Area_m2": 825.038 }, "geometry": { "type": "MultiPolygon", "coordinates": [ [ [ [ 79.867417813681186, 6.84760267622255 ], [ 79.867466341998124, 6.84760623304129 ], [ 79.867435201173635, 6.847215329224127 ], [ 79.867256741505457, 6.847219295234311 ], [ 79.867291936473748, 6.84759532606347 ], [ 79.867417813681186, 6.84760267622255 ] ] ] ] } },
{ "type": "Feature", "properties": { "Sub_class": "Retail", "NAME": null, "Land_Exten": 3.3514805567, "Main_C": "Commercial", "Domain": "Built-up", "Area_m2": 1.02 }, "geometry": { "type": "MultiPolygon", "coordinates": [ [ [ [ 79.866532323893367, 6.847608682522693 ], [ 79.86654624643711, 6.847613214407263 ], [ 79.86657341690281, 6.847621823978698 ], [ 79.866601565728899, 6.847630517409595 ], [ 79.866630692915379, 6.847639294699956 ], [ 79.866660798462249, 6.847648155849777 ], [ 79.866689879985657, 6.84765652463349 ], [ 79.866532323893367, 6.847608682522693 ] ] ] ] } },
{ "type": "Feature", "properties": { "Sub_class": "Retail", "NAME": null, "Land_Exten": 3.3514805567, "Main_C": "Commercial", "Domain": "Built-up", "Area_m2": 0.207 }, "geometry": { "type": "MultiPolygon", "coordinates": [ [ [ [ 79.866069955663988, 6.847555897087034 ], [ 79.866068855549329, 6.847568425854803 ], [ 79.866072653502428, 6.847555902224638 ], [ 79.866069955663988, 6.847555897087034 ] ] ] ] } },
{ "type": "Feature", "properties": { "Sub_class": "Retail", "NAME": null, "Land_Exten": 0.191307776003, "Main_C": "Commercial", "Domain": "Built-up", "Area_m2": 1913.865 }, "geometry": { "type": "MultiPolygon", "coordinates": [ [ [ [ 79.865897048410091, 6.848890412762387 ], [ 79.865899465787777, 6.84879955965198 ], [ 79.865892522122238, 6.848786779386387 ], [ 79.865873806331138, 6.848771757110967 ], [ 79.865641587889002, 6.848792142043749 ], [ 79.865647830982653, 6.848976655947979 ], [ 79.865741379361225, 6.84896964213533 ], [ 79.865741160825962, 6.849084700498565 ], [ 79.865561286524212, 6.849084359655535 ], [ 79.86554670491654, 6.849185007282301 ], [ 79.865651546082063, 6.849187111695869 ], [ 79.865647366932478, 6.849221153733311 ], [ 79.865640390891372, 6.849393913498375 ], [ 79.865905729565839, 6.84940280869273 ], [ 79.865903885056298, 6.849244161089189 ], [ 79.865903449784412, 6.849221639367215 ], [ 79.865902879614282, 6.849192155093931 ], [ 79.865897048410091, 6.848890412762387 ] ] ] ] } },
{ "type": "Feature", "properties": { "Sub_class": "Barren Land", "NAME": null, "Land_Exten": 0.114971098191, "Main_C": "Barren Land", "Domain": "Non Built-up", "Area_m2": 1150.182 }, "geometry": { "type": "MultiPolygon", "coordinates": [ [ [ [ 79.862981461625225, 6.848741672989888 ], [ 79.862920828433516, 6.848733890256881 ], [ 79.862897941586766, 6.848922969119769 ], [ 79.86296036892594, 6.848933263659262 ], [ 79.863372253027137, 6.848978069682232 ], [ 79.863398644531856, 6.848979748716488 ], [ 79.863420841598611, 6.848803218993396 ], [ 79.862981461625225, 6.848741672989888 ] ] ] ] } },
{ "type": "Feature", "properties": { "Sub_class": "Low Rise", "NAME": null, "Land_Exten": 0.093157618018699997, "Main_C": "Residential", "Domain": "Built-up", "Area_m2": 931.958 }, "geometry": { "type": "MultiPolygon", "coordinates": [ [ [ [ 79.863398644531856, 6.848979748716488 ], [ 79.863582099034716, 6.848991416520732 ], [ 79.863874841850532, 6.849012689084361 ], [ 79.863877511038368, 6.848971260914993 ], [ 79.863887953965957, 6.848929847134798 ], [ 79.863888047495436, 6.8488806443263 ], [ 79.863875117043051, 6.848867671605831 ], [ 79.863818129702963, 6.848859794444024 ], [ 79.863618678059595, 6.848830930702945 ], [ 79.863420841598611, 6.848803218993396 ], [ 79.863398644531856, 6.848979748716488 ] ] ] ] } },
{ "type": "Feature", "properties": { "Sub_class": "Barren Land", "NAME": null, "Land_Exten": 0.15726857862, "Main_C": "Barren Land", "Domain": "Non Built-up", "Area_m2": 1573.331 }, "geometry": { "type": "MultiPolygon", "coordinates": [ [ [ [ 79.863943406163344, 6.848783456391459 ], [ 79.863938709903607, 6.848808231814473 ], [ 79.863925612177297, 6.848883305420259 ], [ 79.86392947836282, 6.848893671006181 ], [ 79.8639242479058, 6.848919557091961 ], [ 79.863900711748499, 6.849033455329732 ], [ 79.864399691592553, 6.849076732505239 ], [ 79.864445693713833, 6.848818163927149 ], [ 79.863943406163344, 6.848783456391459 ] ] ] ] } },
{ "type": "Feature", "properties": { "Sub_class": "Low Rise", "NAME": null, "Land_Exten": 1.4944589713, "Main_C": "Residential", "Domain": "Built-up", "Area_m2": 14950.725 }, "geometry": { "type": "MultiPolygon", "coordinates": [ [ [ [ 79.865651546082063, 6.849187111695869 ], [ 79.86554670491654, 6.849185007282301 ], [ 79.865561286524212, 6.849084359655535 ], [ 79.865741160825962, 6.849084700498565 ], [ 79.865741379361225, 6.84896964213533 ], [ 79.865647830982653, 6.848976655947979 ], [ 79.865641587889002, 6.848792142043749 ], [ 79.865581345003136, 6.848797430956722 ], [ 79.865495184555186, 6.848763545401368 ], [ 79.865330383790251, 6.848684548952804 ], [ 79.865221751982347, 6.848639380503073 ], [ 79.865124344612866, 6.848605474263252 ], [ 79.86506061415605, 6.848605353754124 ], [ 79.86500435256886, 6.848620233936686 ], [ 79.864903118584095, 6.848627536431707 ], [ 79.864760662374749, 6.848627265735786 ], [ 79.864595711423021, 6.848626952771724 ], [ 79.864470106710087, 6.848636081789778 ], [ 79.864445693713833, 6.848818163927149 ], [ 79.864399691592553, 6.849076732505239 ], [ 79.863900711748499, 6.849033455329732 ], [ 79.863784121839785, 6.849030644049037 ], [ 79.863605373489236, 6.849014767417657 ], [ 79.863449942760724, 6.848998933953681 ], [ 79.863312635170018, 6.848990904806442 ], [ 79.862892978228444, 6.84894608349498 ], [ 79.862724613450212, 6.848919867358063 ], [ 79.862722071066798, 6.848893966883111 ], [ 79.862733854883572, 6.848895909418729 ], [ 79.862592029098948, 6.848858496722301 ], [ 79.862559028476426, 6.849077484338466 ], [ 79.862794954823357, 6.849109629705708 ], [ 79.863510140680489, 6.849201030503195 ], [ 79.863574473683059, 6.849209727846699 ], [ 79.8638167852165, 6.849248777309299 ], [ 79.864334729064524, 6.84928834927797 ], [ 79.864482705312639, 6.849303637752712 ], [ 79.864748612358653, 6.849342731282093 ], [ 79.865020978335565, 6.849368974398715 ], [ 79.865136775042174, 6.849386344804032 ], [ 79.865294428894856, 6.84938878736267 ], [ 79.865566839837868, 6.849391447557309 ], [ 79.865640390891372, 6.849393913498375 ], [ 79.865647366932478, 6.849221153733311 ], [ 79.865651546082063, 6.849187111695869 ] ] ] ] } },
{ "type": "Feature", "properties": { "Sub_class": "Coastal area", "NAME": null, "Land_Exten": 6.34564554457, "Main_C": "Coastal area", "Domain": "Non Built-up", "Area_m2": 29031.79 }, "geometry": { "type": "MultiPolygon", "coordinates": [ [ [ [ 79.862178574781467, 6.848739750239303 ], [ 79.862228146311963, 6.848414557186118 ], [ 79.862271770625796, 6.848018971498391 ], [ 79.862303496009588, 6.847786974289477 ], [ 79.862307462019828, 6.847592651479715 ], [ 79.862323325161412, 6.847471695362515 ], [ 79.862333239287636, 6.847311081840985 ], [ 79.862325308166476, 6.847121716094364 ], [ 79.862307462019828, 6.846885752875266 ], [ 79.862327291171596, 6.846796523041178 ], [ 79.862275735736659, 6.846671601813 ], [ 79.862323371026832, 6.846572155680462 ], [ 79.862326397245511, 6.846453618739587 ], [ 79.862286739841238, 6.846408012319955 ], [ 79.862290704952102, 6.846346542758795 ], [ 79.862328380250631, 6.846259295929828 ], [ 79.862288721947039, 6.846134373802386 ], [ 79.862235184406302, 6.84598764041732 ], [ 79.86226096167411, 6.845840907032255 ], [ 79.862286739841238, 6.845652533237853 ], [ 79.862302602083503, 6.845541492146197 ], [ 79.862372003665087, 6.84542945910232 ], [ 79.862368037654846, 6.845151854574453 ], [ 79.862368037654846, 6.844964472732272 ], [ 79.862383900796431, 6.844736440634279 ], [ 79.8625365831968, 6.844710663366472 ], [ 79.862510805029672, 6.844559963971221 ], [ 79.862500890903448, 6.844479657210456 ], [ 79.862425541205823, 6.844422153659536 ], [ 79.862429507216063, 6.84430714655764 ], [ 79.862399763938015, 6.844106874732518 ], [ 79.862449336367831, 6.843864963397379 ], [ 79.862554038138398, 6.84362199895611 ], [ 79.862603610568215, 6.843471299560861 ], [ 79.862599644558031, 6.843382069726772 ], [ 79.862808236011347, 6.843372017104969 ], [ 79.862811389933768, 6.843290351468568 ], [ 79.862816768778941, 6.843149853083276 ], [ 79.862814574433116, 6.842987197201409 ], [ 79.862798076370211, 6.842987715210939 ], [ 79.862798158208477, 6.842984981271911 ], [ 79.862642056585685, 6.842976715603015 ], [ 79.862230458468957, 6.84296207553939 ], [ 79.862208387307305, 6.843000510765025 ], [ 79.862205052621164, 6.843067801637801 ], [ 79.862220944541036, 6.843141537951681 ], [ 79.8621934738498, 6.843255250929134 ], [ 79.862215826499266, 6.843303362859957 ], [ 79.86220923716661, 6.843396284411028 ], [ 79.862180282594011, 6.843447503499533 ], [ 79.862183360973404, 6.843514806962844 ], [ 79.862189590577202, 6.843610957979365 ], [ 79.862176668218694, 6.843662206745478 ], [ 79.862141258312477, 6.84373584683192 ], [ 79.862150743462109, 6.843806366270826 ], [ 79.862160234007661, 6.843873681425293 ], [ 79.862140904878913, 6.84392171421581 ], [ 79.862132623921525, 6.844061100139698 ], [ 79.8621311463354, 6.84422342866833 ], [ 79.862128569777724, 6.844506537047095 ], [ 79.862105966217428, 6.844589814268545 ], [ 79.862076963081449, 6.844666670330639 ], [ 79.862096127634231, 6.844705162213529 ], [ 79.862068609278936, 6.84484451216457 ], [ 79.8620523639255, 6.844956643234525 ], [ 79.862036167135443, 6.845043137330946 ], [ 79.862052107618752, 6.845091237570614 ], [ 79.862045548863023, 6.845168135900792 ], [ 79.8620230001614, 6.84522257186427 ], [ 79.862029218073985, 6.845325132349046 ], [ 79.862013064451446, 6.845389193756319 ], [ 79.861980842641856, 6.845472452991373 ], [ 79.861977520546191, 6.845533335295215 ], [ 79.861950104713628, 6.845618206115375 ], [ 79.861943588226097, 6.84567267175646 ], [ 79.861981954203884, 6.845730428916227 ], [ 79.86197867527568, 6.845768877631656 ], [ 79.86194652001592, 6.845816886140426 ], [ 79.861930360098086, 6.845884152731514 ], [ 79.861936694023257, 6.845925825516474 ], [ 79.861907726860181, 6.845983453173858 ], [ 79.861885160172051, 6.846047502889974 ], [ 79.861904319328914, 6.84608919995668 ], [ 79.86189459046301, 6.846146864486229 ], [ 79.861875260434999, 6.846194897276746 ], [ 79.861866796015875, 6.846430421626678 ], [ 79.861863408269755, 6.846526521381918 ], [ 79.861853238736046, 6.846814951948544 ], [ 79.861812362750413, 6.847233079143336 ], [ 79.861767114260999, 6.847422066275385 ], [ 79.861738134507334, 6.847486104300344 ], [ 79.86168997850973, 6.847518059011237 ], [ 79.861657914980867, 6.847517997857381 ], [ 79.861613026220255, 6.847517912421779 ], [ 79.861590539571807, 6.847540301943411 ], [ 79.861584454753455, 6.847626097217575 ], [ 79.861584505693571, 6.847626296483305 ], [ 79.861588125627009, 6.847640426802657 ], [ 79.861591563864962, 6.847653816363428 ], [ 79.861594820407404, 6.847666465165617 ], [ 79.861597895254334, 6.847678373209226 ], [ 79.861600788405781, 6.847689540494253 ], [ 79.861603499861715, 6.847699967020699 ], [ 79.861606029622152, 6.847709652788564 ], [ 79.861608377687091, 6.847718597797847 ], [ 79.861611606276369, 6.847727109533244 ], [ 79.861615715390016, 6.847735187994752 ], [ 79.861620705028002, 6.847742833182374 ], [ 79.861626575190343, 6.847750045096109 ], [ 79.861633325877037, 6.847756823735956 ], [ 79.861640957088085, 6.847763169101917 ], [ 79.861649468823487, 6.84776908119399 ], [ 79.861658534513253, 6.847774369513031 ], [ 79.861715140641309, 6.847774477310338 ], [ 79.861763339806316, 6.847720089910298 ], [ 79.861792227829085, 6.84770412244734 ], [ 79.861830697228925, 6.847707399576905 ], [ 79.861856263156085, 6.847752313518527 ], [ 79.861891465318934, 6.847787631693905 ], [ 79.861892315861425, 6.847794664506745 ], [ 79.86189349985797, 6.847795273299297 ], [ 79.861901662178951, 6.847799913522864 ], [ 79.861910104031466, 6.847805140762664 ], [ 79.861918825415501, 6.847810955018697 ], [ 79.86192640072025, 6.847819229152284 ], [ 79.861932829945658, 6.847829963163425 ], [ 79.861938113091782, 6.847843157052118 ], [ 79.861942250158563, 6.847858810818364 ], [ 79.861945241146046, 6.847876924462163 ], [ 79.861947086054201, 6.847897497983515 ], [ 79.861947784883057, 6.847920531382419 ], [ 79.861947337632586, 6.847946024658877 ], [ 79.861947002194739, 6.847972021092107 ], [ 79.861946778569518, 6.847998520682109 ], [ 79.861946666756893, 6.848025523428884 ], [ 79.861946666756893, 6.848053029332431 ], [ 79.861946778569504, 6.848081038392749 ], [ 79.861947002194739, 6.84810955060984 ], [ 79.861947337632571, 6.848138565983703 ], [ 79.861947784883043, 6.848168084514338 ], [ 79.861947924648803, 6.848196988075586 ], [ 79.861947756929879, 6.848225276667444 ], [ 79.861947281726259, 6.848252950289915 ], [ 79.861946499037956, 6.848280008942998 ], [ 79.861945408864955, 6.848306452626693 ], [ 79.861944011207243, 6.848332281340998 ], [ 79.861942306064861, 6.848357495085915 ], [ 79.861940293437755, 6.848382093861444 ], [ 79.861937889466518, 6.848405336909003 ], [ 79.861935094151121, 6.848427224228594 ], [ 79.861931907491567, 6.848447755820215 ], [ 79.861928329487853, 6.848466931683866 ], [ 79.86192436013998, 6.848484751819548 ], [ 79.861919999447949, 6.848501216227261 ], [ 79.861915247411758, 6.848516324907003 ], [ 79.861910104031409, 6.848530077858777 ], [ 79.861905128369983, 6.848544655428594 ], [ 79.861900320427509, 6.848560057616455 ], [ 79.861895680203929, 6.848576284422357 ], [ 79.861891207699301, 6.848593335846303 ], [ 79.861886902913568, 6.848611211888292 ], [ 79.861882765846786, 6.848629912548325 ], [ 79.861878796498914, 6.848649437826401 ], [ 79.861874994869964, 6.848669787722523 ], [ 79.861871556632025, 6.84868977422764 ], [ 79.861868481785081, 6.848709397341754 ], [ 79.861865770329132, 6.848728657064868 ], [ 79.861863422264207, 6.848747553396979 ], [ 79.861861437590278, 6.848766086338088 ], [ 79.861859816307344, 6.848784255888196 ], [ 79.861858558415406, 6.848802062047301 ], [ 79.861857663914492, 6.848819504815403 ], [ 79.861856993038785, 6.848835130628496 ], [ 79.861856545788328, 6.848848939486577 ], [ 79.861856322163092, 6.848860931389647 ], [ 79.861856322163092, 6.848871106337707 ], [ 79.861856545788328, 6.848879464330756 ], [ 79.861856993038785, 6.848886005368795 ], [ 79.861857663914492, 6.848890729451823 ], [ 79.861858558415406, 6.848893636579839 ], [ 79.861859417974898, 6.848896141881267 ], [ 79.861860242592968, 6.848898245356109 ], [ 79.861861032269587, 6.848899947004361 ], [ 79.86186178700477, 6.848901246826025 ], [ 79.861862506798531, 6.848902144821101 ], [ 79.861863191650841, 6.848902640989587 ], [ 79.861863841561728, 6.848902735331485 ], [ 79.86186445653118, 6.848902427846796 ], [ 79.861868209242161, 6.848903137158083 ], [ 79.861875099694672, 6.848904863265346 ], [ 79.861885127888712, 6.848907606168586 ], [ 79.861898293824282, 6.848911365867804 ], [ 79.861914597501382, 6.848916142362997 ], [ 79.861934038919998, 6.848921935654166 ], [ 79.861956618080157, 6.848928745741313 ], [ 79.861982334981846, 6.848936572624435 ], [ 79.86200732510153, 6.848943840444478 ], [ 79.862031588439223, 6.84895054920144 ], [ 79.862055124994896, 6.848956698895323 ], [ 79.862077934768564, 6.848962289526125 ], [ 79.862100017760227, 6.848967321093847 ], [ 79.862121373969899, 6.848971793598489 ], [ 79.862142003397551, 6.848975707040051 ], [ 79.862145852402861, 6.848976355748811 ], [ 79.862178574781467, 6.848739750239303 ] ] ] ] } },
{ "type": "Feature", "properties": { "Sub_class": "Retail", "NAME": null, "Land_Exten": 0.011474440112799999, "Main_C": "Commercial", "Domain": "Built-up", "Area_m2": 114.792 }, "geometry": { "type": "MultiPolygon", "coordinates": [ [ [ [ 79.870378092275189, 6.845670184231665 ], [ 79.870445856191395, 6.845641817815704 ], [ 79.870425388520914, 6.845569702080127 ], [ 79.870309018946102, 6.845592735516391 ], [ 79.870353257496902, 6.845681584037948 ], [ 79.870378092275189, 6.845670184231665 ] ] ] ] } },
{ "type": "Feature", "properties": { "Sub_class": "Factory", "NAME": null, "Land_Exten": 0.26143354323500001, "Main_C": "Industrial", "Domain": "Built-up", "Area_m2": 2615.419 }, "geometry": { "type": "MultiPolygon", "coordinates": [ [ [ [ 79.870278344869803, 6.845774521776832 ], [ 79.870229127672189, 6.845838597573277 ], [ 79.870198787244306, 6.845906482897931 ], [ 79.870160921289539, 6.845959256014908 ], [ 79.870138154951974, 6.846015832364799 ], [ 79.870096511844622, 6.846068598287218 ], [ 79.870051100577882, 6.846117582560453 ], [ 79.87002084468628, 6.846140173530216 ], [ 79.86999998760939, 6.8461463842483 ], [ 79.870293385131674, 6.84637534984256 ], [ 79.870525675519559, 6.846111024704101 ], [ 79.870669643489293, 6.845857564275207 ], [ 79.870314125296716, 6.845741864695356 ], [ 79.870278344869803, 6.845774521776832 ] ] ] ] } },
{ "type": "Feature", "properties": { "Sub_class": "Low Rise", "NAME": null, "Land_Exten": 2.6317210009299998, "Main_C": "Residential", "Domain": "Built-up", "Area_m2": 26328.1 }, "geometry": { "type": "MultiPolygon", "coordinates": [ [ [ [ 79.869232233680691, 6.847637236269463 ], [ 79.869247299123629, 6.84746297913324 ], [ 79.869253739168812, 6.847420503253659 ], [ 79.869219473200189, 6.847419640803821 ], [ 79.869210154425161, 6.847419406080746 ], [ 79.869068480625913, 6.847415837570907 ], [ 79.869081092718318, 6.847217409356006 ], [ 79.869178238385075, 6.847219630681479 ], [ 79.86920921373428, 6.847220338447926 ], [ 79.869228916981001, 6.847220789008247 ], [ 79.869275383152456, 6.847221851107577 ], [ 79.869314127744872, 6.847072434145559 ], [ 79.869340791744207, 6.846951697462941 ], [ 79.869340941931, 6.846872430318456 ], [ 79.869363871945211, 6.846729038814146 ], [ 79.869371589027651, 6.846642238048901 ], [ 79.869386759691281, 6.846608294936914 ], [ 79.869439781920448, 6.846529128516522 ], [ 79.869526879462001, 6.846404730693791 ], [ 79.869629140472512, 6.846250165113076 ], [ 79.869659460215985, 6.846193603152301 ], [ 79.869701066451114, 6.846159710402389 ], [ 79.869753981661006, 6.84613716260003 ], [ 79.869806896870841, 6.846114613898351 ], [ 79.86985977700715, 6.846110939268499 ], [ 79.869965500407602, 6.846122462281869 ], [ 79.870014610585883, 6.846115006002776 ], [ 79.870044866477485, 6.846092415032956 ], [ 79.870082703653907, 6.846054740633804 ], [ 79.870124380935465, 6.845983101538934 ], [ 79.870162282863134, 6.845911456148826 ], [ 79.870207722908162, 6.845847373157767 ], [ 79.870222929544639, 6.845794557772649 ], [ 79.870256975179302, 6.845764425088191 ], [ 79.870291043297073, 6.845722968140535 ], [ 79.870328866084378, 6.845692842650635 ], [ 79.870353170262661, 6.845681686560624 ], [ 79.870308931711861, 6.845592838039067 ], [ 79.870425301286673, 6.84556980460286 ], [ 79.870445768957154, 6.84564192033838 ], [ 79.87044981770498, 6.845640226015689 ], [ 79.870555626540977, 6.845606453774849 ], [ 79.870684094695264, 6.845572724701526 ], [ 79.870717225719432, 6.845550738975476 ], [ 79.870695861424906, 6.845520112563179 ], [ 79.870655932425393, 6.845466692833668 ], [ 79.870551078669394, 6.845348137906285 ], [ 79.87050778980273, 6.845308048827462 ], [ 79.870444504510317, 6.845257919717255 ], [ 79.87039452468764, 6.845227819408365 ], [ 79.870351209740591, 6.845201065476829 ], [ 79.870297906922929, 6.845164291299056 ], [ 79.870231248273569, 6.845134159513918 ], [ 79.870198203584266, 6.845119406135723 ], [ 79.870100325869373, 6.845179710175557 ], [ 79.870028994342647, 6.845128581918573 ], [ 79.869950613929745, 6.845177338663291 ], [ 79.869785176444793, 6.845289084823435 ], [ 79.869513365349576, 6.845483200789147 ], [ 79.869194269699847, 6.845718511100472 ], [ 79.868969699092418, 6.845895021937736 ], [ 79.86881749063474, 6.846031859183029 ], [ 79.868743561865926, 6.846120186997098 ], [ 79.868734584833305, 6.846134227212872 ], [ 79.868826959596561, 6.846208373617571 ], [ 79.868705232760362, 6.846373620446286 ], [ 79.868640791839141, 6.846344849335367 ], [ 79.868632431741389, 6.84637800643992 ], [ 79.868595299633455, 6.846510636656603 ], [ 79.868543234282868, 6.846739078845474 ], [ 79.86845409258234, 6.847070662481144 ], [ 79.868402569523028, 6.847329845296144 ], [ 79.868485796382458, 6.847348079050676 ], [ 79.868605539314217, 6.847371914682185 ], [ 79.868718694712072, 6.847395368101786 ], [ 79.868846741084269, 6.847421907994715 ], [ 79.868806770715935, 6.847625309460511 ], [ 79.869056404529488, 6.847670115483481 ], [ 79.869155358732883, 6.847654157913098 ], [ 79.869232233680691, 6.847637236269463 ] ] ] ] } },
{ "type": "Feature", "properties": { "Sub_class": "Low Rise", "NAME": null, "Land_Exten": 2.1504602351400002, "Main_C": "Residential", "Domain": "Built-up", "Area_m2": 21513.513 }, "geometry": { "type": "MultiPolygon", "coordinates": [ [ [ [ 79.869927580493481, 6.847202044438859 ], [ 79.870211055795664, 6.84728980657934 ], [ 79.870310808596969, 6.847169207492982 ], [ 79.870448002873104, 6.846997868656786 ], [ 79.870514895346219, 6.846904642235472 ], [ 79.870628606525031, 6.846748158400828 ], [ 79.87076570727163, 6.846571715012658 ], [ 79.870855999205048, 6.846451860564969 ], [ 79.870976306911075, 6.846335397460678 ], [ 79.871079948380952, 6.846212234407119 ], [ 79.871186888564125, 6.846109081269105 ], [ 79.871264021617378, 6.846043354317374 ], [ 79.871330850238621, 6.84598346756303 ], [ 79.871347560541551, 6.84596682920585 ], [ 79.871340920846876, 6.845950146781888 ], [ 79.871234320607471, 6.845873263740202 ], [ 79.871134347472207, 6.845819731595384 ], [ 79.87090781094679, 6.845662606544124 ], [ 79.870814516177063, 6.845605753203017 ], [ 79.870774685203628, 6.845590501600441 ], [ 79.870765875444874, 6.845590485412629 ], [ 79.870728109314825, 6.84559041346688 ], [ 79.87068655973701, 6.845594110579782 ], [ 79.870584548738009, 6.845616565751982 ], [ 79.870482530544393, 6.845642795378751 ], [ 79.87039179974181, 6.845691694216384 ], [ 79.87032374264669, 6.845733087312169 ], [ 79.870314125296716, 6.845741864695356 ], [ 79.870669643489293, 6.845857564275207 ], [ 79.870525675519559, 6.846111024704101 ], [ 79.870293385131674, 6.84637534984256 ], [ 79.86999998760939, 6.8461463842483 ], [ 79.869983056972558, 6.846151425847665 ], [ 79.869884894172571, 6.846136142768842 ], [ 79.869779141993888, 6.846139717573976 ], [ 79.869726226783996, 6.846162265376279 ], [ 79.869677052753843, 6.846203693545647 ], [ 79.869614542677084, 6.846307377283665 ], [ 79.869472501055156, 6.846528866813799 ], [ 79.869429880384757, 6.846599560721188 ], [ 79.869396719682925, 6.846660835129512 ], [ 79.869387134708575, 6.846736308933544 ], [ 79.869382254087839, 6.846821228317083 ], [ 79.869363165977404, 6.846929712636154 ], [ 79.869344104846618, 6.847024041626241 ], [ 79.869322687492115, 6.847116007197997 ], [ 79.869298716062929, 6.847310589911842 ], [ 79.869280379785778, 6.847465646522437 ], [ 79.869713135352981, 6.847505932552792 ], [ 79.869872204738499, 6.847301226170714 ], [ 79.869927580493481, 6.847202044438859 ] ] ] ] } },
{ "type": "Feature", "properties": { "Sub_class": "Retail", "NAME": null, "Land_Exten": 0.32236802408600002, "Main_C": "Commercial", "Domain": "Built-up", "Area_m2": 3225.015 }, "geometry": { "type": "MultiPolygon", "coordinates": [ [ [ [ 79.87015870625936, 6.847352917403271 ], [ 79.870164533866216, 6.847346050180136 ], [ 79.870211055795664, 6.84728980657934 ], [ 79.869927580493481, 6.847202044438859 ], [ 79.869872204738499, 6.847301226170714 ], [ 79.869713135352981, 6.847505932552792 ], [ 79.869280379785778, 6.847465646522437 ], [ 79.869268731766624, 6.84756413937356 ], [ 79.869268298293377, 6.847793455703481 ], [ 79.86928283313631, 6.847792393604152 ], [ 79.869579975435556, 6.847766907716675 ], [ 79.869783288767792, 6.847746453536047 ], [ 79.86984065202455, 6.847730933935509 ], [ 79.869908567926132, 6.847647711572677 ], [ 79.87015870625936, 6.847352917403271 ] ] ] ] } },
{ "type": "Feature", "properties": { "Sub_class": "Retail", "NAME": null, "Land_Exten": 0.061158732745999998, "Main_C": "Commercial", "Domain": "Built-up", "Area_m2": 58.49 }, "geometry": { "type": "MultiPolygon", "coordinates": [ [ [ [ 79.872458099162031, 6.845201958503651 ], [ 79.872376573819906, 6.845256479902673 ], [ 79.872385290728815, 6.845276182269635 ], [ 79.872489534230255, 6.8452249528349 ], [ 79.872532278969686, 6.845205801707372 ], [ 79.872522080529677, 6.845179711974197 ], [ 79.872458099162031, 6.845201958503651 ] ] ] ] } },
{ "type": "Feature", "properties": { "Sub_class": "Retail", "NAME": null, "Land_Exten": 0.0237564398536, "Main_C": "Commercial", "Domain": "Built-up", "Area_m2": 237.663 }, "geometry": { "type": "MultiPolygon", "coordinates": [ [ [ [ 79.871500823903943, 6.845806974712161 ], [ 79.871571418885935, 6.845752310320904 ], [ 79.871508857547781, 6.845671604261156 ], [ 79.871354122894502, 6.8457816309176 ], [ 79.871456202241973, 6.845865427047841 ], [ 79.871500823903943, 6.845806974712161 ] ] ] ] } },
{ "type": "Feature", "properties": { "Sub_class": "Low Rise", "NAME": null, "Land_Exten": 6.1638264059800001, "Main_C": "Residential", "Domain": "Built-up", "Area_m2": 190.161 }, "geometry": { "type": "MultiPolygon", "coordinates": [ [ [ [ 79.872376573819906, 6.845256479902673 ], [ 79.872290791986529, 6.845313847655973 ], [ 79.872063074651237, 6.845452183171744 ], [ 79.871932921167456, 6.845546415035074 ], [ 79.871773216860504, 6.845646496988309 ], [ 79.87162275218833, 6.845766341543481 ], [ 79.871584113892823, 6.845830520453799 ], [ 79.871641770975401, 6.845783512758342 ], [ 79.87172350599775, 6.845718773253653 ], [ 79.87180767294447, 6.845653949889503 ], [ 79.871894271815592, 6.845589042665889 ], [ 79.871983302611113, 6.845524051582815 ], [ 79.872074765331035, 6.845458976640278 ], [ 79.872171119852908, 6.845396529294217 ], [ 79.87227236617673, 6.845336709544635 ], [ 79.872378504302503, 6.845279517391529 ], [ 79.872385290728815, 6.845276182269635 ], [ 79.872376573819906, 6.845256479902673 ] ] ] ] } },
{ "type": "Feature", "properties": { "Sub_class": "Barren Land", "NAME": null, "Land_Exten": 0.041950780305100001, "Main_C": "Barren Land", "Domain": "Non Built-up", "Area_m2": 419.682 }, "geometry": { "type": "MultiPolygon", "coordinates": [ [ [ [ 79.872822735580826, 6.829302852144963 ], [ 79.872815652520387, 6.829455685631444 ], [ 79.872979262582987, 6.829500613962239 ], [ 79.873008153303715, 6.829515120026826 ], [ 79.873011049120691, 6.829515060671554 ], [ 79.873011271253233, 6.829515105637654 ], [ 79.873025601950019, 6.829323138152347 ], [ 79.872822735580826, 6.829302852144963 ] ] ] ] } },
{ "type": "Feature", "properties": { "Sub_class": "Low Rise", "NAME": null, "Land_Exten": 5.8884780880100003, "Main_C": "Residential", "Domain": "Built-up", "Area_m2": 6.782 }, "geometry": { "type": "MultiPolygon", "coordinates": [ [ [ [ 79.87304710833746, 6.829557269452494 ], [ 79.872897140899923, 6.829556987782539 ], [ 79.87292852453713, 6.829558230302021 ], [ 79.872960419085857, 6.829559376381336 ], [ 79.872991377203931, 6.829560368718303 ], [ 79.873018911060385, 6.829563806956017 ], [ 79.873048094153177, 6.829565036894795 ], [ 79.873062602566975, 6.829565910895626 ], [ 79.87304710833746, 6.829557269452494 ] ] ] ] } },
{ "type": "Feature", "properties": { "Sub_class": "Roads", "NAME": null, "Land_Exten": 163.92894193000001, "Main_C": "Transport", "Domain": "Built-up", "Area_m2": 0.099 }, "geometry": { "type": "MultiPolygon", "coordinates": [ [ [ [ 79.863225371061546, 6.835809036429417 ], [ 79.863197397649316, 6.835739239146146 ], [ 79.863227174202251, 6.835814116699658 ], [ 79.863225371061546, 6.835809036429417 ] ] ] ] } },
{ "type": "Feature", "properties": { "Sub_class": "Roads", "NAME": null, "Land_Exten": 163.92894193000001, "Main_C": "Transport", "Domain": "Built-up", "Area_m2": 0.091 }, "geometry": { "type": "MultiPolygon", "coordinates": [ [ [ [ 79.863471008288272, 6.837110428275182 ], [ 79.86347108473062, 6.837069744744467 ], [ 79.863470635069618, 6.837115245943416 ], [ 79.863471008288272, 6.837110428275182 ] ] ] ] } },
{ "type": "Feature", "properties": { "Sub_class": "Roads", "NAME": null, "Land_Exten": 163.92894193000001, "Main_C": "Transport", "Domain": "Built-up", "Area_m2": 2.163 }, "geometry": { "type": "MultiPolygon", "coordinates": [ [ [ [ 79.862777443933552, 6.844781766737162 ], [ 79.862777386376976, 6.844628525857778 ], [ 79.86277523609796, 6.845052859274044 ], [ 79.862777443933552, 6.844781766737162 ] ] ] ] } },
{ "type": "Feature", "properties": { "Sub_class": "Roads", "NAME": null, "Land_Exten": 163.92894193000001, "Main_C": "Transport", "Domain": "Built-up", "Area_m2": 5.211 }, "geometry": { "type": "MultiPolygon", "coordinates": [ [ [ [ 79.862764526071913, 6.845839897365463 ], [ 79.862771168464491, 6.845552469542844 ], [ 79.862772781848193, 6.845354285943593 ], [ 79.862764526071913, 6.845839897365463 ] ] ] ] } },
{ "type": "Feature", "properties": { "Sub_class": "Roads", "NAME": null, "Land_Exten": 163.92894193000001, "Main_C": "Transport", "Domain": "Built-up", "Area_m2": 0.945 }, "geometry": { "type": "MultiPolygon", "coordinates": [ [ [ [ 79.862751951751207, 6.846384035766716 ], [ 79.862753200010246, 6.846330003598886 ], [ 79.862746439806457, 6.84649880364895 ], [ 79.862751951751207, 6.846384035766716 ] ] ] ] } },
{ "type": "Feature", "properties": { "Sub_class": "Roads", "NAME": null, "Land_Exten": 163.92894193000001, "Main_C": "Transport", "Domain": "Built-up", "Area_m2": 268273.006 }, "geometry": { "type": "MultiPolygon", "coordinates": [ [ [ [ 79.865452052873692, 6.819447768470111 ], [ 79.865443238618298, 6.819476934383374 ], [ 79.865444622674943, 6.819477363360024 ], [ 79.865442681937964, 6.819481465167883 ], [ 79.865429248764585, 6.819539702565612 ], [ 79.865446801732219, 6.819547261367428 ], [ 79.865550686019091, 6.819588280345218 ], [ 79.865658276412077, 6.819633017120379 ], [ 79.865795563318386, 6.819681521155541 ], [ 79.865812959804032, 6.819687576290884 ], [ 79.865799212767229, 6.819714928271641 ], [ 79.865754475992134, 6.81981133379632 ], [ 79.865683649884375, 6.819959645491579 ], [ 79.86560909069091, 6.820119084498496 ], [ 79.865553095303085, 6.82027855767968 ], [ 79.865508273991622, 6.8204194967328 ], [ 79.865452285798355, 6.820575259311149 ], [ 79.865437973087964, 6.82061852119823 ], [ 79.865366397845008, 6.820834877398111 ], [ 79.865324893233321, 6.820928285482436 ], [ 79.865295550153618, 6.82099432270026 ], [ 79.865243366092614, 6.821101847442765 ], [ 79.865180127564926, 6.821164817972472 ], [ 79.865146563966903, 6.821242688469818 ], [ 79.865131585758235, 6.821309460433749 ], [ 79.865123963104594, 6.821413358210439 ], [ 79.865131220633486, 6.821502439656388 ], [ 79.865108788843798, 6.821584042340248 ], [ 79.865108635059698, 6.821665687292172 ], [ 79.865113704538089, 6.821727911384526 ], [ 79.865034263824441, 6.821724925635355 ], [ 79.864993400429384, 6.821735981900612 ], [ 79.86495248847082, 6.821773015982491 ], [ 79.864911429023536, 6.821887983514213 ], [ 79.864881479800772, 6.822017817738712 ], [ 79.864821658696926, 6.822236662362706 ], [ 79.864802771135359, 6.822407339297905 ], [ 79.864784185746004, 6.822418436931946 ], [ 79.864717380507074, 6.822403466817208 ], [ 79.864661715170385, 6.82238851648751 ], [ 79.864606048934405, 6.822373567057165 ], [ 79.864479873152021, 6.822339927916054 ], [ 79.864406693518461, 6.822324545012494 ], [ 79.864400848824474, 6.822323316538548 ], [ 79.864388243027349, 6.822365380528625 ], [ 79.864384302198147, 6.822378533113555 ], [ 79.863515935717174, 6.826412247898022 ], [ 79.863519783016912, 6.826412255092609 ], [ 79.8635572811489, 6.826412326139059 ], [ 79.863745368958917, 6.826433575320329 ], [ 79.86387772937907, 6.826447754930955 ], [ 79.863990451303607, 6.826462054151465 ], [ 79.864017050551766, 6.826465429307094 ], [ 79.864198157824092, 6.826493628449162 ], [ 79.864201568952623, 6.82653193866895 ], [ 79.86417800401702, 6.826561266460213 ], [ 79.864173632412573, 6.826566707358614 ], [ 79.864096855490857, 6.826636205167731 ], [ 79.864068932440688, 6.82666400950745 ], [ 79.86405836810458, 6.826723185797408 ], [ 79.864053564825596, 6.826806756197805 ], [ 79.86405116363575, 6.82684852970687 ], [ 79.864040460804063, 6.826980831671084 ], [ 79.864040324107165, 6.827053310732728 ], [ 79.86404027644312, 6.827078330771374 ], [ 79.864049347005306, 6.827208733367359 ], [ 79.864050450473457, 6.827224600106235 ], [ 79.864071089914461, 6.827363925775573 ], [ 79.864084880118725, 6.827440558805731 ], [ 79.864081218079392, 6.827534570335189 ], [ 79.864087994471006, 6.827635565100259 ], [ 79.86409469891683, 6.827774863789986 ], [ 79.864110340825249, 6.827927767423564 ], [ 79.864105284836796, 6.827926979617429 ], [ 79.863911575364568, 6.827948120880166 ], [ 79.863798580945414, 6.827958661833847 ], [ 79.863775485455989, 6.827952018541885 ], [ 79.863685668364568, 6.827926185516161 ], [ 79.863671360150818, 6.827924475005646 ], [ 79.863594234292137, 6.827915257854049 ], [ 79.863551227812579, 6.827899045775483 ], [ 79.863459792840828, 6.827888118113361 ], [ 79.863433159418449, 6.827891199190678 ], [ 79.86336831829891, 6.82789869953657 ], [ 79.863330547672305, 6.827957775102428 ], [ 79.863287439569319, 6.827995332589753 ], [ 79.863287780412435, 6.827992446665276 ], [ 79.8632857974073, 6.827997963106728 ], [ 79.863279121739779, 6.828033310060435 ], [ 79.863278554267566, 6.828033686876378 ], [ 79.863277048802445, 6.828047722595582 ], [ 79.863272201456624, 6.828092927917507 ], [ 79.863266754262995, 6.828134768875748 ], [ 79.86328130889099, 6.82803185855468 ], [ 79.863316043406314, 6.828008808930629 ], [ 79.863353561323478, 6.827968338539177 ], [ 79.86337546700986, 6.827934075268518 ], [ 79.863387971183585, 6.82792162505413 ], [ 79.863425418953582, 6.827918577251718 ], [ 79.863462860428342, 6.827918648298112 ], [ 79.863500295607821, 6.827921837294112 ], [ 79.863531479599786, 6.82793125229666 ], [ 79.863568897692133, 6.827943797839144 ], [ 79.86362193970642, 6.827943897663908 ], [ 79.863681197834694, 6.827956484575245 ], [ 79.86370926747442, 6.827962775332924 ], [ 79.863721723984057, 6.827975273211383 ], [ 79.863768508515548, 6.827984716992204 ], [ 79.863773267727765, 6.827984716992203 ], [ 79.864047885607107, 6.827960288707418 ], [ 79.864125894600051, 6.827957317347367 ], [ 79.864266247295149, 6.827985650488362 ], [ 79.864406605386293, 6.828010864780579 ], [ 79.864478368587584, 6.828011000578144 ], [ 79.86460314412551, 6.828026829545442 ], [ 79.864734165455118, 6.828039551355118 ], [ 79.864824625561795, 6.828052197621703 ], [ 79.864877650488921, 6.828061653093654 ], [ 79.8649556298042, 6.82807427507855 ], [ 79.865055468041177, 6.828077582785017 ], [ 79.865124098903806, 6.82808394908577 ], [ 79.865186472283639, 6.828099660241877 ], [ 79.865242658327816, 6.828087291865779 ], [ 79.865276985450279, 6.8280842386674 ], [ 79.865333147212795, 6.828084344787391 ], [ 79.865361216852506, 6.828090634645826 ], [ 79.865392400844442, 6.828100049648324 ], [ 79.865423578541098, 6.828112582600356 ], [ 79.865529597818508, 6.828147087788548 ], [ 79.865573273393693, 6.828150288475692 ], [ 79.865601343033362, 6.828156579233418 ], [ 79.865638784508093, 6.828156649380528 ], [ 79.865674662961155, 6.828158277153443 ], [ 79.865710541414188, 6.828159904027012 ], [ 79.865829082851718, 6.828172602454255 ], [ 79.865885239218244, 6.828175827423105 ], [ 79.865938281232488, 6.828175927247849 ], [ 79.866025644973377, 6.828176091823709 ], [ 79.866169158785496, 6.82818260021736 ], [ 79.866281087508057, 6.828180832150227 ], [ 79.866300088384207, 6.828218994881213 ], [ 79.866314553080016, 6.828321579647681 ], [ 79.866325991557204, 6.828473972466368 ], [ 79.866299362631452, 6.828602851610822 ], [ 79.866246316120581, 6.828749262139319 ], [ 79.8662433510558, 6.828766838489334 ], [ 79.86620233567524, 6.828752109392939 ], [ 79.866146683828347, 6.828725632452553 ], [ 79.866049994117901, 6.828696148179285 ], [ 79.865976736243326, 6.828678427937708 ], [ 79.865850735828744, 6.828645957915271 ], [ 79.865780419636621, 6.828622383087145 ], [ 79.865771558616458, 6.828657528592714 ], [ 79.865953227065717, 6.828707685581834 ], [ 79.866020616863949, 6.828728325022769 ], [ 79.8661290553176, 6.828746110914896 ], [ 79.866172996192788, 6.828763775398447 ], [ 79.866208138101101, 6.82878435278622 ], [ 79.866219836482259, 6.82879902612468 ], [ 79.866208005001454, 6.828854677971542 ], [ 79.866181481296323, 6.82892788278613 ], [ 79.866149055340742, 6.829021588546083 ], [ 79.866113720977509, 6.82910356804579 ], [ 79.86609609786268, 6.829121116516873 ], [ 79.866078507123461, 6.829121083242011 ], [ 79.866019896507026, 6.829109250861875 ], [ 79.865726851519028, 6.829044232575972 ], [ 79.865586187658423, 6.829014664665745 ], [ 79.865436716737122, 6.828990940550188 ], [ 79.865372253332822, 6.828973237395767 ], [ 79.865260894780434, 6.828949585225954 ], [ 79.865236981807243, 6.828943369112012 ], [ 79.865232223494289, 6.828943369112035 ], [ 79.865165298645607, 6.828925971726994 ], [ 79.865159352328263, 6.828969913501513 ], [ 79.865208105475716, 6.82897975568195 ], [ 79.865349838630152, 6.829008366713562 ], [ 79.865467060762228, 6.829032029675166 ], [ 79.86558134031263, 6.829061548122629 ], [ 79.865701505026493, 6.829079356497789 ], [ 79.865798194736939, 6.829108841670374 ], [ 79.86591247968326, 6.829135429227335 ], [ 79.865979885669276, 6.829147277795292 ], [ 79.865988663951768, 6.829156084856092 ], [ 79.866003260847904, 6.829188344437209 ], [ 79.86599438274061, 6.829232280815723 ], [ 79.865967793385082, 6.829340649122306 ], [ 79.865988181915171, 6.829411012978515 ], [ 79.865999814645889, 6.829460848010382 ], [ 79.866020241846826, 6.829510700129346 ], [ 79.866061262623319, 6.829522499234552 ], [ 79.866069924893281, 6.829592840607705 ], [ 79.866072690308613, 6.829680752035719 ], [ 79.8660666333747, 6.829783298131346 ], [ 79.866048788127344, 6.829918054345368 ], [ 79.866050957292131, 6.829949234740064 ], [ 79.866054496124335, 6.830000111186852 ], [ 79.866054296474871, 6.830105598964836 ], [ 79.866057117648154, 6.8301642077826 ], [ 79.866048262024009, 6.830196424196277 ], [ 79.866024736658602, 6.830234471814086 ], [ 79.86598955068348, 6.830237336154851 ], [ 79.865935472650236, 6.830240836316208 ], [ 79.865872988653805, 6.830219594329537 ], [ 79.865823604182282, 6.830202804886235 ], [ 79.865586561776709, 6.830155577888376 ], [ 79.865411863972582, 6.830139655391609 ], [ 79.865215342320468, 6.830114334979401 ], [ 79.865087446134979, 6.830098499716886 ], [ 79.864766171427959, 6.830044875841287 ], [ 79.864728706570773, 6.830057279290952 ], [ 79.864656848940683, 6.830107041477784 ], [ 79.864597424437875, 6.830181775139819 ], [ 79.864566104648262, 6.830244087365718 ], [ 79.86453794057978, 6.830287694592442 ], [ 79.864306944316283, 6.830343392304758 ], [ 79.864110292262453, 6.830386680272175 ], [ 79.863951094273887, 6.830423801588323 ], [ 79.863810640854709, 6.830448484381247 ], [ 79.863717018731748, 6.8304576628621 ], [ 79.863670192831407, 6.830470048325305 ], [ 79.863651501322039, 6.830454419906838 ], [ 79.863645704292026, 6.830220514336488 ], [ 79.863617771349269, 6.830142497249661 ], [ 79.863602258943274, 6.830095688436477 ], [ 79.863599422481471, 6.829945990886018 ], [ 79.863602667235412, 6.829880506751228 ], [ 79.863618380190189, 6.829821283696505 ], [ 79.863665401243367, 6.829705984314951 ], [ 79.863674880097705, 6.829643630720198 ], [ 79.863693955617606, 6.829456551050166 ], [ 79.863737772386344, 6.829375176794146 ], [ 79.863726668456977, 6.829348209723273 ], [ 79.863747290810792, 6.829238754136389 ], [ 79.863772671477605, 6.82915785292372 ], [ 79.863798052144375, 6.829113436307174 ], [ 79.863797453195858, 6.829051594426645 ], [ 79.863751005010869, 6.829086675181104 ], [ 79.863732165113305, 6.829051206818911 ], [ 79.863691645259166, 6.829029300233169 ], [ 79.863573121808074, 6.829007245259356 ], [ 79.863395303356498, 6.828991315567996 ], [ 79.863152948655554, 6.82895711884728 ], [ 79.863148878323955, 6.828956544180472 ], [ 79.863159903112987, 6.828984388989632 ], [ 79.863509543336733, 6.829019319557154 ], [ 79.863591855585668, 6.829026332470465 ], [ 79.863646725921612, 6.829033293223072 ], [ 79.863708418514634, 6.829060838557996 ], [ 79.86373580826691, 6.829088319141758 ], [ 79.863742590054443, 6.82912947391725 ], [ 79.863694372003692, 6.829232238548112 ], [ 79.863694242501296, 6.829300808256829 ], [ 79.863659745406991, 6.829403598968113 ], [ 79.863659390174803, 6.829590913361172 ], [ 79.863659316430386, 6.829629880985456 ], [ 79.863631796276437, 6.829670971009684 ], [ 79.863631640693768, 6.829753255379656 ], [ 79.863597182270283, 6.829835474998365 ], [ 79.863576379152704, 6.82995200555184 ], [ 79.863582901935615, 6.830130301543429 ], [ 79.863610226936643, 6.830192066082202 ], [ 79.863623739250428, 6.830301804955615 ], [ 79.863616631908286, 6.830432075351217 ], [ 79.863623555788763, 6.83045764037904 ], [ 79.863626761871856, 6.830550611392851 ], [ 79.863628839305818, 6.830610867768563 ], [ 79.863640871335477, 6.830740978084941 ], [ 79.863643203277547, 6.8307661959744 ], [ 79.863657595128274, 6.830906873324765 ], [ 79.863664796, 6.831106360941051 ], [ 79.863665951628789, 6.831138375906609 ], [ 79.863665617980388, 6.831313966737434 ], [ 79.863665528947507, 6.831361071427582 ], [ 79.863665217782156, 6.831525162627413 ], [ 79.863665117957368, 6.83157790696612 ], [ 79.86366275723698, 6.831590742989684 ], [ 79.863657533075255, 6.831592532640556 ], [ 79.863537423220052, 6.831610084708953 ], [ 79.863466308429921, 6.831587724864969 ], [ 79.863421979946921, 6.831512074793753 ], [ 79.863440030239659, 6.831374313045417 ], [ 79.863436964450784, 6.831318848257555 ], [ 79.863431430922262, 6.831218720438907 ], [ 79.863395945472973, 6.831169757749463 ], [ 79.863293708744123, 6.831142894100602 ], [ 79.863204772089006, 6.831138280578553 ], [ 79.863071363059362, 6.831133582520257 ], [ 79.862929711743234, 6.831140651191532 ], [ 79.86292952648283, 6.831142631498691 ], [ 79.8629220333316, 6.83127092878178 ], [ 79.862919970286853, 6.831402859325946 ], [ 79.862930575092477, 6.831545078114289 ], [ 79.862917645539454, 6.831672762059774 ], [ 79.862907282651491, 6.83172195317706 ], [ 79.862879294850117, 6.831826058697148 ], [ 79.862854927719312, 6.831932586990798 ], [ 79.862843362437815, 6.831978455113107 ], [ 79.862817852268677, 6.832050562754753 ], [ 79.862789963392743, 6.832103042692779 ], [ 79.86277598523013, 6.832147095083902 ], [ 79.862743893822298, 6.832185074353252 ], [ 79.862711242136825, 6.832200711764935 ], [ 79.862697371892835, 6.832187401798676 ], [ 79.862691381508682, 6.83216082233561 ], [ 79.86266969255891, 6.83212968420908 ], [ 79.862639874637196, 6.832243447548629 ], [ 79.862629531534409, 6.832281468186723 ], [ 79.862598531004096, 6.832381945841716 ], [ 79.862571829233246, 6.832445295885258 ], [ 79.862527544817084, 6.832482498140326 ], [ 79.862523422324827, 6.832485961429568 ], [ 79.862514908442975, 6.832515532937097 ], [ 79.862492950595993, 6.832625688196565 ], [ 79.862489867719972, 6.832658288620692 ], [ 79.86247697413981, 6.832767253177755 ], [ 79.862471475684814, 6.832799849105332 ], [ 79.862468249816715, 6.832907624758719 ], [ 79.862463755005109, 6.833047702261307 ], [ 79.862456332001017, 6.833140301855066 ], [ 79.862455091835912, 6.83315576929493 ], [ 79.862431952279692, 6.833252034525402 ], [ 79.862434279725164, 6.833298834345359 ], [ 79.862434233859716, 6.83332298743757 ], [ 79.862436565801772, 6.833367673850739 ], [ 79.862442477045605, 6.833436219277724 ], [ 79.862443620983285, 6.833470034686018 ], [ 79.862448366705692, 6.833515934284558 ], [ 79.862455494732259, 6.833579650352197 ], [ 79.862462077769635, 6.83361287310726 ], [ 79.862467444923595, 6.833649716532867 ], [ 79.862475163804774, 6.833720679337489 ], [ 79.862477518229923, 6.833753290553547 ], [ 79.862480736004201, 6.83376807720667 ], [ 79.862482907866934, 6.833778056983393 ], [ 79.862497270939343, 6.833849636722992 ], [ 79.862502641690611, 6.833884668914009 ], [ 79.86250924900969, 6.83390460688374 ], [ 79.862516433693528, 6.833939038327601 ], [ 79.862524800985824, 6.833986454183187 ], [ 79.862532622389708, 6.834003375826755 ], [ 79.862538612773832, 6.834029955289853 ], [ 79.862561400695213, 6.834119061916811 ], [ 79.862567380287487, 6.834151679428109 ], [ 79.862576975154397, 6.83418913439266 ], [ 79.862585978267404, 6.834219946065308 ], [ 79.862597387966218, 6.834255894665431 ], [ 79.862602181352742, 6.834277037726749 ], [ 79.862605174296547, 6.834291534798128 ], [ 79.862633989474219, 6.834387898953987 ], [ 79.862636376274935, 6.834403602915608 ], [ 79.862649011749681, 6.834430194969178 ], [ 79.862657423108772, 6.834454966794924 ], [ 79.862671844637134, 6.834495450676152 ], [ 79.862688690737684, 6.834532013513235 ], [ 79.862694088468658, 6.834553157473835 ], [ 79.862737967290627, 6.83467007923239 ], [ 79.862745776103949, 6.834693643268608 ], [ 79.862800522333515, 6.834814209080063 ], [ 79.862812556161828, 6.834840195889964 ], [ 79.862867313183287, 6.834955327098228 ], [ 79.862873921401658, 6.834974661622923 ], [ 79.862934708377423, 6.835095843469982 ], [ 79.862946736809818, 6.835124244959514 ], [ 79.863003313159794, 6.835235757295976 ], [ 79.863014148191837, 6.835256307704005 ], [ 79.863070708353931, 6.835376272768307 ], [ 79.863085752213124, 6.835407700476546 ], [ 79.863135693365081, 6.83551376472002 ], [ 79.863150736324869, 6.835545192428223 ], [ 79.863194628636691, 6.835655472693473 ], [ 79.863207872053152, 6.835680254411769 ], [ 79.863218681004824, 6.835714692150841 ], [ 79.863236124255209, 6.835755181428032 ], [ 79.863263207338647, 6.835809273850447 ], [ 79.863268594277784, 6.83583585241418 ], [ 79.863310073708504, 6.835943712603774 ], [ 79.863315483130648, 6.835958215071109 ], [ 79.863322086852378, 6.835980568619867 ], [ 79.863358130780696, 6.836087814572541 ], [ 79.863358717138695, 6.836096873443487 ], [ 79.86336470122761, 6.836127075375742 ], [ 79.863394708906384, 6.836231894957512 ], [ 79.863395894212815, 6.836243973751907 ], [ 79.863403086091182, 6.836274178382187 ], [ 79.863427061117676, 6.83637475945911 ], [ 79.86343546348354, 6.8364037589978 ], [ 79.863442640972863, 6.836441812910847 ], [ 79.863459427718141, 6.836509774677907 ], [ 79.863460596836816, 6.836530306200181 ], [ 79.86346655844261, 6.836571980783789 ], [ 79.863479716423541, 6.836642350935298 ], [ 79.863482660803939, 6.836682208888402 ], [ 79.863493378024785, 6.836765254084705 ], [ 79.863492728714249, 6.836788801933185 ], [ 79.863503374888694, 6.836909284107657 ], [ 79.863503940562225, 6.836929211285565 ], [ 79.863503717530392, 6.837046652852308 ], [ 79.863503679758864, 6.83706657913081 ], [ 79.863498010432679, 6.837188841962993 ], [ 79.863495539095709, 6.837217820817292 ], [ 79.863489305894646, 6.837318947782755 ], [ 79.863487432606831, 6.837350947459802 ], [ 79.863476960900968, 6.837457199661634 ], [ 79.863461905350661, 6.837571820954331 ], [ 79.863462419762826, 6.837579811430693 ], [ 79.863420670535561, 6.837881533977175 ], [ 79.863411124232073, 6.837963316525441 ], [ 79.863394387848814, 6.838106676553454 ], [ 79.863382502408683, 6.838214069994907 ], [ 79.863375598313326, 6.838276458663225 ], [ 79.863370693410928, 6.838312302042706 ], [ 79.86331084442817, 6.838749681024581 ], [ 79.863308177938308, 6.838769170232664 ], [ 79.863274402100302, 6.839049674174783 ], [ 79.863251862391891, 6.839248981926635 ], [ 79.86318821197483, 6.83970109270299 ], [ 79.863150714742247, 6.839996356318503 ], [ 79.863117009950628, 6.840239943090637 ], [ 79.863068218132483, 6.840647782041288 ], [ 79.863038248225322, 6.840869225706004 ], [ 79.863015777764701, 6.841031617187161 ], [ 79.862997078161413, 6.841153406975957 ], [ 79.86297841363168, 6.841256739079051 ], [ 79.86293713564919, 6.841598141512859 ], [ 79.862922024340918, 6.841775313351886 ], [ 79.862906885153606, 6.841967252058917 ], [ 79.862884330156803, 6.842173943244788 ], [ 79.862865472272816, 6.842378796216371 ], [ 79.86285755194362, 6.842659348721873 ], [ 79.862857116671776, 6.842888232477823 ], [ 79.862857025840285, 6.842936223899522 ], [ 79.862820963026309, 6.84293549185141 ], [ 79.86258698820815, 6.842930743431098 ], [ 79.862234623038617, 6.842915315561449 ], [ 79.862233347799929, 6.842915998146856 ], [ 79.862229298152798, 6.842962758396656 ], [ 79.862208502229834, 6.843000511036829 ], [ 79.862230573391471, 6.842962075811213 ], [ 79.862642171508213, 6.842976715874733 ], [ 79.862798273131006, 6.842984981543582 ], [ 79.862798191292754, 6.842987715482604 ], [ 79.862814689355687, 6.842987197473077 ], [ 79.862814643490211, 6.842983792639864 ], [ 79.862855541059687, 6.842983869981571 ], [ 79.862860298473308, 6.843170373186092 ], [ 79.862854957399733, 6.843290434477898 ], [ 79.862844364285351, 6.843484572926673 ], [ 79.862828294299817, 6.84387030384342 ], [ 79.862815236143746, 6.844044811890511 ], [ 79.862797498815283, 6.845223979575019 ], [ 79.862793573274644, 6.845689032494915 ], [ 79.862787545119161, 6.846403131971043 ], [ 79.862772712600716, 6.846756969330746 ], [ 79.862746564812326, 6.847170789672348 ], [ 79.862718711010018, 6.847456290247727 ], [ 79.862696425809759, 6.847624557899166 ], [ 79.862679593199033, 6.847751650990059 ], [ 79.862554699850079, 6.848547802811055 ], [ 79.86253968027259, 6.84863852012383 ], [ 79.862476973422233, 6.849017262633476 ], [ 79.862495051732708, 6.849021326587396 ], [ 79.862513902658392, 6.849027279511292 ], [ 79.862534905771895, 6.848871168441921 ], [ 79.862539271980452, 6.848844549408666 ], [ 79.862564917047891, 6.848688186982455 ], [ 79.862611157489539, 6.848694122507918 ], [ 79.862920943357437, 6.848733890528773 ], [ 79.862981576549174, 6.848741673261778 ], [ 79.863420956522617, 6.848803219265151 ], [ 79.863618792983573, 6.848830930974672 ], [ 79.86381824462697, 6.848859794715702 ], [ 79.863875231967029, 6.848867671877493 ], [ 79.863888162419443, 6.848880644597959 ], [ 79.863888068889963, 6.848929847406471 ], [ 79.863877625962388, 6.848971261186638 ], [ 79.86387495677458, 6.84901268935603 ], [ 79.86358221395875, 6.848991416792466 ], [ 79.863398759455862, 6.84897974898825 ], [ 79.863372367951143, 6.848978069954013 ], [ 79.86296048384996, 6.848933263931147 ], [ 79.862898056510744, 6.848922969391672 ], [ 79.862733969807579, 6.848895909690647 ], [ 79.862722185990805, 6.848893967155031 ], [ 79.862724728374175, 6.848919867629995 ], [ 79.862893093152422, 6.848946083766886 ], [ 79.863312750094011, 6.84899090507824 ], [ 79.863450057684716, 6.848998934225435 ], [ 79.86360548841327, 6.849014767689368 ], [ 79.863784236763834, 6.849030644320703 ], [ 79.863900826672534, 6.84903345560137 ], [ 79.863924362829806, 6.848919557363616 ], [ 79.863929593286841, 6.848893671277843 ], [ 79.863925727101275, 6.84888330569191 ], [ 79.863938824827599, 6.848808232086096 ], [ 79.863943521087293, 6.848783456663084 ], [ 79.863962379870586, 6.848683975456976 ], [ 79.863974818393814, 6.848634645844081 ], [ 79.864085930531886, 6.84865221320092 ], [ 79.864344616921159, 6.848645211079429 ], [ 79.864470221634093, 6.848636082061266 ], [ 79.864595826346985, 6.848626953043191 ], [ 79.864760777298727, 6.848627266007203 ], [ 79.864903233508073, 6.848627536703119 ], [ 79.865004467492838, 6.848620234208059 ], [ 79.865060729080028, 6.84860535402548 ], [ 79.86512445953683, 6.848605474534585 ], [ 79.865221866906367, 6.848639380774378 ], [ 79.865330498714286, 6.848684549224106 ], [ 79.865495299479264, 6.848763545672627 ], [ 79.865581459927171, 6.848797431227954 ], [ 79.865641702813079, 6.84879214231498 ], [ 79.865873921255172, 6.848771757382142 ], [ 79.865892637046329, 6.84878677965755 ], [ 79.865899580711883, 6.848799559923133 ], [ 79.865897163334182, 6.848890413033558 ], [ 79.865902994538416, 6.849192155365126 ], [ 79.86590356470856, 6.849221639638386 ], [ 79.865903999980461, 6.849244161360366 ], [ 79.865905844490044, 6.849402808963938 ], [ 79.865640505815549, 6.849393913769642 ], [ 79.865566954762031, 6.849391447828594 ], [ 79.865294543819076, 6.849388787634012 ], [ 79.865136889966351, 6.849386345075412 ], [ 79.865021093259742, 6.849368974670102 ], [ 79.864748727282816, 6.849342731553562 ], [ 79.864482820236745, 6.849303638024239 ], [ 79.864334843988658, 6.849288349549547 ], [ 79.863816900140591, 6.849248777580982 ], [ 79.863574588607122, 6.849209728118432 ], [ 79.863510255604538, 6.849201030774959 ], [ 79.862795069747378, 6.849109629977637 ], [ 79.862559143400418, 6.849077484610455 ], [ 79.862532790782836, 6.849073894088922 ], [ 79.86253256486539, 6.849075779331408 ], [ 79.862548218631005, 6.849089867720984 ], [ 79.862580197039193, 6.849094563850858 ], [ 79.862620449580973, 6.849100378106892 ], [ 79.86267389601143, 6.849108204990014 ], [ 79.862746350586633, 6.849118044500226 ], [ 79.862822299306728, 6.849124501678848 ], [ 79.862917088451979, 6.849138282583776 ], [ 79.863025546689528, 6.849152818223862 ], [ 79.863140965262446, 6.849167996786489 ], [ 79.863263344170704, 6.849183818271661 ], [ 79.863392683414304, 6.849200282679373 ], [ 79.863528982993259, 6.849217390009628 ], [ 79.863672242907555, 6.849235140262424 ], [ 79.863822463157192, 6.849253533437762 ], [ 79.863979643742184, 6.849272569535644 ], [ 79.864143784662545, 6.849292248556067 ], [ 79.864293110411268, 6.849310194480942 ], [ 79.864427620988351, 6.849326407310269 ], [ 79.864547316393811, 6.849340887044045 ], [ 79.864652196627645, 6.849353633682274 ], [ 79.864742261689869, 6.849364647224955 ], [ 79.864817511580483, 6.849373927672087 ], [ 79.864877946299458, 6.849381475023669 ], [ 79.864923565846794, 6.849387289279703 ], [ 79.864977571340347, 6.849392432660041 ], [ 79.865039962780088, 6.849396905164684 ], [ 79.865110740166045, 6.849400706793629 ], [ 79.865189903498205, 6.849403837546879 ], [ 79.865277452776567, 6.849406297424432 ], [ 79.865373388001117, 6.849408086426289 ], [ 79.865477709171898, 6.849409204552448 ], [ 79.865590416288867, 6.849409651802912 ], [ 79.865674946626029, 6.849415913309364 ], [ 79.8657778142328, 6.84941770231122 ], [ 79.865982654945384, 6.849421056689701 ], [ 79.865990034578047, 6.849102167108748 ], [ 79.865993612581747, 6.848950996451856 ], [ 79.865994507082661, 6.848772096266189 ], [ 79.865999762276203, 6.848579219503563 ], [ 79.86600401115561, 6.848341505881856 ], [ 79.866010496287345, 6.848133702134941 ], [ 79.866019217671379, 6.847955808262817 ], [ 79.866030175307756, 6.847807824265485 ], [ 79.866043369196447, 6.847689750142944 ], [ 79.866058799337466, 6.847601585895195 ], [ 79.866069017342724, 6.847567892346199 ], [ 79.866070070587739, 6.847555897358095 ], [ 79.866072653486611, 6.847555902276815 ], [ 79.866076465730799, 6.847543331522236 ], [ 79.866096368376461, 6.84751498702407 ], [ 79.86611850727445, 6.847516552400695 ], [ 79.866140534359801, 6.847518369355705 ], [ 79.866162449632554, 6.847520437889102 ], [ 79.866184253092683, 6.847522758000885 ], [ 79.866205944740187, 6.847525329691053 ], [ 79.866227524575095, 6.847528152959608 ], [ 79.866248992597363, 6.847531227806551 ], [ 79.866270348807035, 6.847534554231878 ], [ 79.866291593204082, 6.84753813223559 ], [ 79.866313089179528, 6.847542297255537 ], [ 79.86633483673333, 6.84754704929172 ], [ 79.866356835865545, 6.847552388344136 ], [ 79.866379086576146, 6.847558314412786 ], [ 79.866401588865131, 6.847564827497671 ], [ 79.866424342732486, 6.847571927598789 ], [ 79.866447348178227, 6.847579614716142 ], [ 79.866470605202366, 6.847587888849729 ], [ 79.866494840586881, 6.847596246842778 ], [ 79.866520054331801, 6.84760468869529 ], [ 79.86653073959792, 6.847608166823536 ], [ 79.866691928026711, 6.847657111897957 ], [ 79.866723329667764, 6.847664704116951 ], [ 79.866755140357029, 6.847670965623449 ], [ 79.866787314437289, 6.847675885378555 ], [ 79.866819851908559, 6.847679463382269 ], [ 79.866852752770825, 6.847681699634589 ], [ 79.866886017024115, 6.847682594135518 ], [ 79.866919644668386, 6.847682146885054 ], [ 79.866953635703666, 6.847680357883196 ], [ 79.866989695272338, 6.847678037771414 ], [ 79.867027823374428, 6.847675186549704 ], [ 79.867068020009896, 6.847671804218069 ], [ 79.86711028517874, 6.847667890776507 ], [ 79.867154618881003, 6.847663446225019 ], [ 79.867201021116671, 6.847658470563606 ], [ 79.86724949188573, 6.847652963792266 ], [ 79.867300031188165, 6.847646925911 ], [ 79.867354148494329, 6.847642900656822 ], [ 79.867375919028134, 6.847642141219597 ], [ 79.867382106809288, 6.84764009278705 ], [ 79.867392882535754, 6.847641549469331 ], [ 79.86741184380422, 6.847640888029733 ], [ 79.867473117117811, 6.847640888029733 ], [ 79.867537968435101, 6.847642900656822 ], [ 79.86760639775612, 6.847646925911 ], [ 79.867678405080866, 6.847652963792267 ], [ 79.867753990409312, 6.847661014300622 ], [ 79.867833153741458, 6.847671077436067 ], [ 79.867914497419633, 6.847681895306668 ], [ 79.867998021443825, 6.847693467912428 ], [ 79.868083725814017, 6.847705795253348 ], [ 79.868171610530226, 6.847718877329426 ], [ 79.86826167559245, 6.84773271414066 ], [ 79.86835392100069, 6.847747305687053 ], [ 79.868448346754946, 6.847762651968605 ], [ 79.868544952855189, 6.847778752985317 ], [ 79.868635940371504, 6.84779278546863 ], [ 79.868721309303851, 6.847804749418545 ], [ 79.868801059652256, 6.847814644835065 ], [ 79.868875191416677, 6.847822471718189 ], [ 79.868943704597157, 6.847828230067915 ], [ 79.869006599193682, 6.847831919884244 ], [ 79.869063875206251, 6.847833541167176 ], [ 79.869115532634851, 6.847833093916713 ], [ 79.869166127843613, 6.847832227368939 ], [ 79.869215660832509, 6.847830941523855 ], [ 79.869264131601568, 6.84782923638146 ], [ 79.869311540150775, 6.847827111941754 ], [ 79.869357886480117, 6.847824568204739 ], [ 79.869403170589621, 6.847821605170415 ], [ 79.869447392479259, 6.847818222838779 ], [ 79.86949055214906, 6.847814421209833 ], [ 79.869532342114297, 6.847810340049348 ], [ 79.869572762374986, 6.847805979357322 ], [ 79.86961181293114, 6.847801339133756 ], [ 79.869649493782759, 6.847796419378652 ], [ 79.86968580492983, 6.847791220092006 ], [ 79.869720746372337, 6.847785741273819 ], [ 79.86975431811031, 6.847779982924092 ], [ 79.86978652014372, 6.847773945042826 ], [ 79.869816248323019, 6.84776627190205 ], [ 79.869843502648166, 6.847756963501764 ], [ 79.869868283119203, 6.847746019841969 ], [ 79.869890589736116, 6.847733440922664 ], [ 79.86991042249889, 6.84771922674385 ], [ 79.869927781407526, 6.847703377305526 ], [ 79.869942666462038, 6.847685892607693 ], [ 79.869955077662411, 6.847666772650351 ], [ 79.869968453246599, 6.847647093629928 ], [ 79.869982793214604, 6.847626855546425 ], [ 79.869998097566437, 6.84760605839984 ], [ 79.870014366302073, 6.847584702190176 ], [ 79.870031599421509, 6.847562786917431 ], [ 79.870049796924775, 6.847540312581606 ], [ 79.870068958811856, 6.847517279182702 ], [ 79.870089085082753, 6.847493686720718 ], [ 79.87011097240233, 6.847468053678489 ], [ 79.870134620770628, 6.847440380056019 ], [ 79.87016003018762, 6.847410665853306 ], [ 79.870187200653319, 6.847378911070349 ], [ 79.870216132167712, 6.84734511570715 ], [ 79.870246824730827, 6.847309279763708 ], [ 79.870279278342622, 6.847271403240024 ], [ 79.870313493003152, 6.847231486136097 ], [ 79.870348392515922, 6.847189794006889 ], [ 79.870383976880987, 6.847146326852402 ], [ 79.870420246098305, 6.847101084672636 ], [ 79.870457200167905, 6.84705406746759 ], [ 79.870494839089787, 6.847005275237264 ], [ 79.870533162863921, 6.846954707981659 ], [ 79.870572171490352, 6.846902365700774 ], [ 79.87061186496905, 6.846848248394609 ], [ 79.870647924537721, 6.846798980960665 ], [ 79.870680350196366, 6.846754563398942 ], [ 79.870709141944985, 6.846714995709441 ], [ 79.870734299783607, 6.846680277892159 ], [ 79.870755823712187, 6.846650409947099 ], [ 79.870773713730756, 6.84662539187426 ], [ 79.870787969839299, 6.846605223673641 ], [ 79.870798592037829, 6.846589905345242 ], [ 79.870811813879669, 6.846572294858215 ], [ 79.870827635364847, 6.84655239221256 ], [ 79.870846056493335, 6.846530197408276 ], [ 79.87086707726516, 6.846505710445362 ], [ 79.870890697680295, 6.846478931323819 ], [ 79.870916917738754, 6.846449860043649 ], [ 79.870945737440536, 6.846418496604848 ], [ 79.870977156785642, 6.846384841007419 ], [ 79.871013649628196, 6.846347341851313 ], [ 79.871055215968227, 6.846305999136531 ], [ 79.871101855805691, 6.846260812863073 ], [ 79.871153569140603, 6.846211783030938 ], [ 79.871210355972977, 6.846158909640128 ], [ 79.871272216302813, 6.84610219269064 ], [ 79.871339150130098, 6.846041632182476 ], [ 79.871411157454816, 6.845977228115635 ], [ 79.871485596703948, 6.845912740189332 ], [ 79.871562467877482, 6.845848168403569 ], [ 79.871584339924809, 6.845830336170411 ], [ 79.871622867111881, 6.845766341813147 ], [ 79.871773331784041, 6.845646497257941 ], [ 79.871933036091008, 6.845546415304669 ], [ 79.872063189574746, 6.845452183441317 ], [ 79.87229090691001, 6.845313847925459 ], [ 79.872376688743373, 6.845256480172139 ], [ 79.872458214085484, 6.845201958773105 ], [ 79.872522195453158, 6.845179712243652 ], [ 79.872532376675935, 6.845205757931574 ], [ 79.872605455959928, 6.845173015874748 ], [ 79.872609145391507, 6.845171510053992 ], [ 79.872602598441318, 6.84515175591846 ], [ 79.872606010469141, 6.845150568813368 ], [ 79.872724965594855, 6.845114231706077 ], [ 79.8727981308392, 6.845091881754555 ], [ 79.87301922736556, 6.845018683235185 ], [ 79.873180637686445, 6.844965245519182 ], [ 79.873285842177992, 6.844930414776329 ], [ 79.873341168331919, 6.844915499952354 ], [ 79.873412994626136, 6.844892813458944 ], [ 79.873497608823328, 6.84486678907256 ], [ 79.873573026432837, 6.844844370643044 ], [ 79.87363924745469, 6.844825558170395 ], [ 79.873696271888875, 6.844810351654612 ], [ 79.873756762514148, 6.844793943153208 ], [ 79.873820719330524, 6.844776332666182 ], [ 79.873888142338004, 6.844757520193532 ], [ 79.873959031536558, 6.844737505735262 ], [ 79.874033386926229, 6.844716289291368 ], [ 79.874111208507003, 6.844693870861851 ], [ 79.874192496278866, 6.844670250446713 ], [ 79.874277250241832, 6.844645428045951 ], [ 79.874367203491431, 6.844618816643333 ], [ 79.874462356027692, 6.844590416238858 ], [ 79.874562707850586, 6.844560226832527 ], [ 79.874668258960128, 6.844528248424338 ], [ 79.874779009356331, 6.844494481014293 ], [ 79.874894959039153, 6.844458924602391 ], [ 79.875016108008651, 6.844421579188633 ], [ 79.875142456264783, 6.844382444773019 ], [ 79.875241634054532, 6.844378419518728 ], [ 79.875317666633435, 6.84435605699552 ], [ 79.875442896763403, 6.844322065960242 ], [ 79.875586911412867, 6.844233510368335 ], [ 79.875596750923066, 6.844120803251363 ], [ 79.87560552618497, 6.844058060128714 ], [ 79.87561303222563, 6.843957153168989 ], [ 79.875635022448236, 6.84374145167554 ], [ 79.875650498881299, 6.843644206184102 ], [ 79.87568038155419, 6.843456440331357 ], [ 79.875695090865605, 6.843364014306699 ], [ 79.875717050511327, 6.843164493415512 ], [ 79.875749833497736, 6.842948811707109 ], [ 79.875746182250268, 6.842945672173868 ], [ 79.875767864904759, 6.842888209991704 ], [ 79.875831636730325, 6.842603902816655 ], [ 79.875873299771641, 6.842505989778863 ], [ 79.875873511607409, 6.842504950219023 ], [ 79.875878525704408, 6.842480190712859 ], [ 79.875882592888317, 6.842459924676201 ], [ 79.875885713159136, 6.842444152109051 ], [ 79.87588788651685, 6.842432873011408 ], [ 79.875889112961488, 6.842426087383271 ], [ 79.875889392493036, 6.842423795224643 ], [ 79.875890185663778, 6.842420839178606 ], [ 79.875891492473713, 6.842417219245162 ], [ 79.875893312922869, 6.84241293542431 ], [ 79.875895647011234, 6.842407987716049 ], [ 79.875898494738792, 6.842402376120382 ], [ 79.875901856105571, 6.842396100637306 ], [ 79.875905731111544, 6.842389161266822 ], [ 79.875910119756725, 6.842381558008931 ], [ 79.875914672626692, 6.842374167893839 ], [ 79.875919389721417, 6.842366990921546 ], [ 79.875924271040944, 6.842360027092052 ], [ 79.875929316585243, 6.842353276405359 ], [ 79.875934526354314, 6.842346738861465 ], [ 79.875939900348186, 6.842340414460369 ], [ 79.875945438566816, 6.842334303202074 ], [ 79.875947074023543, 6.842332611626741 ], [ 79.875948088143346, 6.842330228326144 ], [ 79.875965465328662, 6.842312925260557 ], [ 79.875967703253977, 6.842310438196838 ], [ 79.875973042306398, 6.842304358385841 ], [ 79.875978290511071, 6.842298233150968 ], [ 79.875983447867981, 6.842292062492221 ], [ 79.875988514377141, 6.842285846409597 ], [ 79.875993490038567, 6.842279584903098 ], [ 79.875997976519784, 6.842274043190315 ], [ 79.876001973820806, 6.842269221271248 ], [ 79.876005481941633, 6.842265119145898 ], [ 79.876008500882278, 6.842261736814262 ], [ 79.876011030642701, 6.842259074276342 ], [ 79.876013071222957, 6.842257131532138 ], [ 79.876014622622989, 6.842255908581651 ], [ 79.876015684842855, 6.842255405424878 ], [ 79.876016422107284, 6.842252928076604 ], [ 79.876016834416305, 6.842248476536827 ], [ 79.876016921769917, 6.84224205080555 ], [ 79.876016684168121, 6.84223365088277 ], [ 79.876016121610888, 6.842223276768488 ], [ 79.876015234098247, 6.842210928462704 ], [ 79.876014021630198, 6.842196605965418 ], [ 79.876012484206711, 6.842180309276629 ], [ 79.876006296077236, 6.842153519672654 ], [ 79.875995457241771, 6.842116237153493 ], [ 79.875979967700303, 6.842068461719145 ], [ 79.875959827452846, 6.842010193369609 ], [ 79.875935036499371, 6.841941432104887 ], [ 79.875905594839921, 6.841862177924979 ], [ 79.875871502474453, 6.841772430829883 ], [ 79.875832759402982, 6.841672190819599 ], [ 79.875796595009973, 6.841578932109531 ], [ 79.87576300929544, 6.841492654699677 ], [ 79.875732002259355, 6.841413358590037 ], [ 79.875703573901717, 6.841341043780611 ], [ 79.875677724222555, 6.841275710271399 ], [ 79.875654453221841, 6.841217358062401 ], [ 79.875633760899575, 6.841165987153618 ], [ 79.875615647255785, 6.841121597545048 ], [ 79.875598679691294, 6.841079933368995 ], [ 79.87558285820613, 6.841040994625458 ], [ 79.875568182800279, 6.841004781314437 ], [ 79.875554653473728, 6.840971293435931 ], [ 79.875542270226504, 6.840940530989942 ], [ 79.875531033058593, 6.840912493976469 ], [ 79.875520941969995, 6.840887182395512 ], [ 79.875511996960725, 6.840864596247072 ], [ 79.875504128147867, 6.840844469976185 ], [ 79.875497335531435, 6.840826803582848 ], [ 79.875491619111443, 6.840811597067066 ], [ 79.875486978887892, 6.840798850428838 ], [ 79.875483414860753, 6.840788563668161 ], [ 79.87548092703004, 6.840780736785039 ], [ 79.875479515395767, 6.840775369779469 ], [ 79.875479179957907, 6.840772462651453 ], [ 79.875477488792086, 6.840768101959426 ], [ 79.875474441898305, 6.840762287703392 ], [ 79.875470039276536, 6.84075501988335 ], [ 79.87546428092682, 6.840746298499298 ], [ 79.875457166849117, 6.840736123551239 ], [ 79.875448697043453, 6.84072449503917 ], [ 79.875438871509814, 6.840711412963093 ], [ 79.875427690248202, 6.840696877323007 ], [ 79.875416376209117, 6.840682649167615 ], [ 79.875404929392559, 6.840668728496918 ], [ 79.8753933497985, 6.840655115310915 ], [ 79.875381637426955, 6.840641809609606 ], [ 79.875369792277951, 6.840628811392992 ], [ 79.875357814351446, 6.840616120661071 ], [ 79.875345703647483, 6.840603737413844 ], [ 79.875333460166019, 6.84059166165131 ], [ 79.875316828039388, 6.840576532006702 ], [ 79.875295807267563, 6.84055834848002 ], [ 79.875270397850571, 6.84053711107126 ], [ 79.875240599788398, 6.840512819780423 ], [ 79.875206413081045, 6.840485474607513 ], [ 79.875167837728512, 6.840455075552526 ], [ 79.875124873730798, 6.840421622615464 ], [ 79.875077521087903, 6.840385115796326 ], [ 79.875007519401976, 6.840332710620844 ], [ 79.874914868672988, 6.84026440708902 ], [ 79.874799568900983, 6.84018020520085 ], [ 79.874661620085959, 6.840080104956338 ], [ 79.874501022227875, 6.839964106355483 ], [ 79.874317775326745, 6.839832209398283 ], [ 79.874111879382582, 6.83968441408474 ], [ 79.873883334395401, 6.839520720414853 ], [ 79.87368369296945, 6.839376705765391 ], [ 79.873512955104744, 6.83925237013635 ], [ 79.873371120801295, 6.839147713527734 ], [ 79.873258190059104, 6.839062735939542 ], [ 79.873174162878144, 6.838997437371773 ], [ 79.873119039258441, 6.838951817824427 ], [ 79.873092819199968, 6.838925877297505 ], [ 79.873095502702768, 6.838919615791007 ], [ 79.873100059066871, 6.838908154997863 ], [ 79.873106488292279, 6.838891494918071 ], [ 79.87311479037902, 6.838869635551635 ], [ 79.873124965327094, 6.838842576898552 ], [ 79.873137013136471, 6.838810318958823 ], [ 79.873150933807153, 6.838772861732449 ], [ 79.873166727339182, 6.83873020521943 ], [ 79.873184393732515, 6.838682349419764 ], [ 79.873200969952848, 6.838634633385867 ], [ 79.873216456000179, 6.838587057117742 ], [ 79.873230851874496, 6.838539620615386 ], [ 79.873244157575783, 6.8384923238788 ], [ 79.873256373104084, 6.838445166907984 ], [ 79.873267498459398, 6.838398149702938 ], [ 79.873277533641684, 6.838351272263662 ], [ 79.873286478650954, 6.838304534590156 ], [ 79.873305934045675, 6.838263163922064 ], [ 79.873313537303559, 6.838214413621469 ], [ 79.873318457058673, 6.838142853547201 ], [ 79.873281335270136, 6.838107520760531 ], [ 79.873245107982555, 6.838072187973861 ], [ 79.873183387418507, 6.838020754170481 ], [ 79.873132289053444, 6.837988328511988 ], [ 79.873079289873431, 6.837944721591731 ], [ 79.87302877852413, 6.837902540282329 ], [ 79.872980755005543, 6.837861784583781 ], [ 79.872935219317654, 6.837822454496088 ], [ 79.872892171460478, 6.837784550019249 ], [ 79.872851611434001, 6.837748071153266 ], [ 79.872813539238251, 6.837713017898136 ], [ 79.872777954873186, 6.837679390253861 ], [ 79.872744858338848, 6.837647188220441 ], [ 79.872711789757645, 6.837617110626725 ], [ 79.872678749129605, 6.837589157472715 ], [ 79.872645736454729, 6.837563328758409 ], [ 79.872612751732987, 6.837539624483808 ], [ 79.872579794964423, 6.837518044648912 ], [ 79.87254686614898, 6.837498589253721 ], [ 79.872513965286714, 6.837481258298234 ], [ 79.872481092377598, 6.837466051782452 ], [ 79.872451587823548, 6.837452173041486 ], [ 79.872425451624537, 6.837439622075335 ], [ 79.872402683780606, 6.837428398884001 ], [ 79.872383284291729, 6.837418503467481 ], [ 79.872367253157904, 6.837409935825777 ], [ 79.872354590379132, 6.837402695958888 ], [ 79.872345295955427, 6.837396783866815 ], [ 79.87233936988676, 6.837392199549557 ], [ 79.872335038433093, 6.837389581532811 ], [ 79.872320261679036, 6.837447446511903 ], [ 79.872266724138314, 6.837560471508037 ], [ 79.872211203592485, 6.837701255877745 ], [ 79.872143602453619, 6.837759077788734 ], [ 79.872060014966081, 6.837803105898158 ], [ 79.871971562146214, 6.837822578019109 ], [ 79.871868409907577, 6.837822383765586 ], [ 79.871770206638118, 6.837802561808378 ], [ 79.871816608957673, 6.837661598473551 ], [ 79.871820574967842, 6.837506933068071 ], [ 79.871816608957573, 6.837383994845078 ], [ 79.871828506988209, 6.837294765010992 ], [ 79.871876340129248, 6.837155397073474 ], [ 79.872042288371205, 6.837238787870721 ], [ 79.872003820226013, 6.837205891778074 ], [ 79.871971282754743, 6.837156079257628 ], [ 79.87195995061937, 6.837120093877898 ], [ 79.871907900037755, 6.837092943653934 ], [ 79.871950379823133, 6.836991702137474 ], [ 79.871955181738031, 6.836944417975459 ], [ 79.87197698519816, 6.83685312297446 ], [ 79.872012373891138, 6.836751457353323 ], [ 79.872061347816953, 6.836639421112048 ], [ 79.872104926784061, 6.836538090928759 ], [ 79.872143110792436, 6.836447466803456 ], [ 79.872175899842091, 6.83636754873614 ], [ 79.872203293933026, 6.836298336726809 ], [ 79.872225293065242, 6.836239830775464 ], [ 79.872241688819003, 6.836192630878281 ], [ 79.872232785522613, 6.836187855154779 ], [ 79.872274318912631, 6.836058498470306 ], [ 79.872291528602133, 6.835999852552086 ], [ 79.872296713373743, 6.835980509365708 ], [ 79.872309795449809, 6.835932877191274 ], [ 79.872324331089899, 6.835880996137431 ], [ 79.872340320293986, 6.835824866204177 ], [ 79.872357763062098, 6.835764487391513 ], [ 79.872374059750882, 6.835705198751857 ], [ 79.872389210360367, 6.835647000285206 ], [ 79.872403214890525, 6.835589891991562 ], [ 79.87241607334137, 6.835533873870927 ], [ 79.872427785712901, 6.835478945923296 ], [ 79.872438352005119, 6.835425108148671 ], [ 79.87244777221801, 6.835372360547053 ], [ 79.872456046351601, 6.83532070311844 ], [ 79.872463733468948, 6.835270611066453 ], [ 79.872470833570077, 6.83522208439109 ], [ 79.872477346654961, 6.835175123092353 ], [ 79.872483272723599, 6.835129727170241 ], [ 79.872488611776021, 6.835085896624753 ], [ 79.872493363812211, 6.835043631455887 ], [ 79.872497528832156, 6.835002931663648 ], [ 79.87250110683587, 6.834963797248033 ], [ 79.872506180333318, 6.834911748475265 ], [ 79.872512749324514, 6.834846785345343 ], [ 79.872520813809444, 6.834768907858269 ], [ 79.872530373788109, 6.834678116014043 ], [ 79.872541429260522, 6.834574409812664 ], [ 79.87255398022667, 6.83445778925413 ], [ 79.872568026686551, 6.834328254338445 ], [ 79.872583568640181, 6.834185805065607 ], [ 79.872597433404565, 6.834058674121166 ], [ 79.872609620979702, 6.833946861505123 ], [ 79.872620131365608, 6.833850367217479 ], [ 79.872628964562296, 6.833769191258232 ], [ 79.872636120569723, 6.833703333627382 ], [ 79.87264159938789, 6.833652794324931 ], [ 79.87264540101684, 6.833617573350877 ], [ 79.872647525456543, 6.833597670705221 ], [ 79.872649901474631, 6.833577865895604 ], [ 79.872652529071132, 6.833558158922028 ], [ 79.87265540824599, 6.833538549784489 ], [ 79.872658538999247, 6.83351903848299 ], [ 79.872661921330874, 6.833499625017531 ], [ 79.872665555240914, 6.833480309388108 ], [ 79.872669440729311, 6.833461091594725 ], [ 79.872673577796107, 6.833441971637383 ], [ 79.872677826675513, 6.833421523905223 ], [ 79.872682187367545, 6.833399748398249 ], [ 79.872686659872187, 6.833376645116459 ], [ 79.87269124418944, 6.833352214059854 ], [ 79.872695940319318, 6.833326455228433 ], [ 79.872700748261792, 6.833299368622196 ], [ 79.872705668016906, 6.833270954241145 ], [ 79.87271069958463, 6.833241212085277 ], [ 79.872715518009556, 6.833212305029887 ], [ 79.872720123291671, 6.833184233074972 ], [ 79.872724515431003, 6.833156996220533 ], [ 79.872728694427522, 6.833130594466569 ], [ 79.872732660281244, 6.833105027813081 ], [ 79.872736412992168, 6.833080296260071 ], [ 79.872739952560281, 6.833056399807536 ], [ 79.87274327898561, 6.833033338455477 ], [ 79.872747482441127, 6.833007813731721 ], [ 79.872752562926877, 6.832979825636269 ], [ 79.872758520442815, 6.832949374169118 ], [ 79.872765354988971, 6.83291645933027 ], [ 79.87277306656533, 6.832881081119725 ], [ 79.872781655171906, 6.832843239537484 ], [ 79.872791120808671, 6.832802934583544 ], [ 79.872801463475668, 6.832760166257907 ], [ 79.872809451089424, 6.832709354412204 ], [ 79.872829165050888, 6.832661128233044 ], [ 79.872839899062029, 6.832618192188483 ], [ 79.872847055069457, 6.832519797086364 ], [ 79.872839004561129, 6.832434819498173 ], [ 79.872833637555559, 6.832321217880272 ], [ 79.872822903544417, 6.832211194266085 ], [ 79.87281306403456, 6.832130689182739 ], [ 79.872803811540578, 6.832036738632109 ], [ 79.872794503139943, 6.831962746633237 ], [ 79.872785110880201, 6.83189565906361 ], [ 79.872779296624174, 6.831839752755588 ], [ 79.872773705993382, 6.831792567831618 ], [ 79.872769233488739, 6.831753880666467 ], [ 79.872718805999213, 6.831747283722327 ], [ 79.872704270359122, 6.831745494720472 ], [ 79.872691369978554, 6.831733656559749 ], [ 79.87268010485748, 6.831711769240158 ], [ 79.872670474995914, 6.831679832761701 ], [ 79.872662480393871, 6.831637847124377 ], [ 79.872656121051321, 6.831585812328186 ], [ 79.872651396968294, 6.831523728373128 ], [ 79.872648308144775, 6.831451595259203 ], [ 79.872646854580765, 6.831369412986412 ], [ 79.872645554759103, 6.831292863274154 ], [ 79.87264440867979, 6.831221946122428 ], [ 79.872643416342811, 6.831156661531236 ], [ 79.872642577748195, 6.831097009500578 ], [ 79.872641892895913, 6.831042990030452 ], [ 79.872641361785995, 6.830994603120859 ], [ 79.87264098441841, 6.8309518487718 ], [ 79.872640760793189, 6.830914726983274 ], [ 79.87264000605802, 6.830877786890249 ], [ 79.872638720212947, 6.830841028492726 ], [ 79.872636903257941, 6.830804451790703 ], [ 79.872634555192988, 6.830768056784181 ], [ 79.872631676018131, 6.83073184347316 ], [ 79.87262826573334, 6.830695811857641 ], [ 79.872624324338616, 6.830659961937622 ], [ 79.872619851833988, 6.830624293713103 ], [ 79.87261589646269, 6.830590358584134 ], [ 79.872612458224737, 6.830558156550714 ], [ 79.872609537120155, 6.830527687612842 ], [ 79.872607133148904, 6.830498951770521 ], [ 79.872605246311025, 6.830471949023747 ], [ 79.872603876606462, 6.83044667937252 ], [ 79.872603024035271, 6.830423142816843 ], [ 79.872602688597439, 6.830401339356715 ], [ 79.872602604737978, 6.830378082332578 ], [ 79.872602772456915, 6.830353371744432 ], [ 79.872603191754223, 6.830327207592278 ], [ 79.872603862629916, 6.830299589876116 ], [ 79.872604785083993, 6.830270518595945 ], [ 79.87260595911647, 6.830239993751765 ], [ 79.872607384727317, 6.830208015343577 ], [ 79.872609061916563, 6.83017458337138 ], [ 79.872610822965271, 6.83013906888921 ], [ 79.872612667873426, 6.830101471897065 ], [ 79.872614596641057, 6.830061792394947 ], [ 79.872616609268135, 6.830020030382855 ], [ 79.872618705754675, 6.829976185860788 ], [ 79.872620886100691, 6.82993025882875 ], [ 79.872623150306154, 6.829882249286736 ], [ 79.872625498371107, 6.829832157234748 ], [ 79.872627972225231, 6.829787250492831 ], [ 79.872630571868541, 6.829747529060981 ], [ 79.87263329730105, 6.829712992939201 ], [ 79.872636148522759, 6.82968364212749 ], [ 79.872639125533652, 6.829659476625848 ], [ 79.87264222833376, 6.829640496434274 ], [ 79.872645456923038, 6.829626701552769 ], [ 79.872648811301531, 6.829618091981335 ], [ 79.872653046204363, 6.829609971590094 ], [ 79.872658161631534, 6.829602340379049 ], [ 79.872664157583074, 6.8295951983482 ], [ 79.872671034058982, 6.829588545497544 ], [ 79.872678791059215, 6.829582381827085 ], [ 79.872687428583802, 6.829576707336821 ], [ 79.872696946632743, 6.829571522026752 ], [ 79.87270734520601, 6.829566825896879 ], [ 79.8727206648839, 6.82956289847874 ], [ 79.872736905666386, 6.829559739772337 ], [ 79.872756067553468, 6.829557349777669 ], [ 79.872778150545116, 6.829555728494736 ], [ 79.872803154641389, 6.829554875923538 ], [ 79.872831079842243, 6.829554792064076 ], [ 79.872861926147692, 6.82955547691635 ], [ 79.872895693557751, 6.829556930480359 ], [ 79.872897142302676, 6.829556987838076 ], [ 79.873047223257203, 6.829557269721191 ], [ 79.873062730862515, 6.829565918624273 ], [ 79.873075935494569, 6.829566714084036 ], [ 79.873101205145772, 6.82956939758682 ], [ 79.87312535667084, 6.829569844837284 ], [ 79.873156216952864, 6.829572528340069 ], [ 79.873182604730275, 6.829571633839142 ], [ 79.873202060125465, 6.829569397586821 ], [ 79.873214359513227, 6.829565484145259 ], [ 79.873221201047912, 6.829563765026514 ], [ 79.873229573017554, 6.829562227603043 ], [ 79.873234933034581, 6.829557210011671 ], [ 79.873236498411202, 6.829554079258422 ], [ 79.873237378935784, 6.829551738182003 ], [ 79.873239922672795, 6.829548845030562 ], [ 79.873242536292693, 6.829545567523255 ], [ 79.873245219795493, 6.82954190566008 ], [ 79.873247973181151, 6.829537859441038 ], [ 79.87325079644971, 6.829533428866126 ], [ 79.873253689601142, 6.829528613935349 ], [ 79.873256652635462, 6.829523414648702 ], [ 79.873259468915734, 6.829518173432325 ], [ 79.87326213844193, 6.829512890286217 ], [ 79.873264661214094, 6.829507565210378 ], [ 79.873267037232182, 6.829502198204809 ], [ 79.873269266496209, 6.829496789269507 ], [ 79.873271349006188, 6.829491338404475 ], [ 79.873273284762107, 6.829485845609712 ], [ 79.873275073763963, 6.829480310885218 ], [ 79.873276897707257, 6.829474685312974 ], [ 79.873278756592015, 6.829468968892979 ], [ 79.873280650418195, 6.829463161625233 ], [ 79.873282579185812, 6.829457263509736 ], [ 79.873284542894879, 6.82945127454649 ], [ 79.873286541545397, 6.829445194735491 ], [ 79.873288575137352, 6.829439024076744 ], [ 79.873290643670742, 6.829432762570246 ], [ 79.873295074245647, 6.829418101140966 ], [ 79.873301866862079, 6.829395039788907 ], [ 79.87331102152001, 6.829363578514068 ], [ 79.873322538219469, 6.829323717316448 ], [ 79.873336416960427, 6.829275456196049 ], [ 79.873352657742913, 6.829218795152869 ], [ 79.873371260566913, 6.829153734186909 ], [ 79.873392225432426, 6.829080273298171 ], [ 79.873406991686039, 6.82901395444028 ], [ 79.873437761120059, 6.828957335326598 ], [ 79.8734484951312, 6.82891574103343 ], [ 79.873457887390956, 6.828877277493511 ], [ 79.873465937899311, 6.828825620064897 ], [ 79.873395272325979, 6.828783578521265 ], [ 79.873365418357736, 6.828766023940782 ], [ 79.873336794328026, 6.828749699298839 ], [ 79.873310714035341, 6.828735331377677 ], [ 79.873287177479654, 6.828722920177298 ], [ 79.873266184660991, 6.828712465697698 ], [ 79.873247735579355, 6.828703967938878 ], [ 79.873231830234715, 6.828697426900839 ], [ 79.873218468627101, 6.828692842583582 ], [ 79.873207650756498, 6.828690214987105 ], [ 79.873199376622921, 6.828689544111409 ], [ 79.873190375707324, 6.828688677563635 ], [ 79.873180648009736, 6.828687615343782 ], [ 79.873170193530129, 6.828686357451851 ], [ 79.87315901226853, 6.828684903887842 ], [ 79.873147104224927, 6.828683254651756 ], [ 79.873134469399304, 6.828681409743591 ], [ 79.87312110779169, 6.828679369163348 ], [ 79.873107019402056, 6.828677132911029 ], [ 79.87309245580883, 6.82867512028394 ], [ 79.873077417011956, 6.828673331282083 ], [ 79.873061903011489, 6.828671765905458 ], [ 79.873045913807374, 6.828670424154065 ], [ 79.873029449399667, 6.828669306027905 ], [ 79.873012509788339, 6.828668411526976 ], [ 79.87299509497339, 6.82866774065128 ], [ 79.87297720495485, 6.828667293400817 ], [ 79.872955736932568, 6.828666566618812 ], [ 79.872930690906571, 6.828665560305268 ], [ 79.872902066876861, 6.828664274460184 ], [ 79.872869864843437, 6.828662709083559 ], [ 79.8728340848063, 6.828660864175395 ], [ 79.872794726765449, 6.82865873973569 ], [ 79.872751790720883, 6.828656335764445 ], [ 79.872705276672633, 6.828653652261661 ], [ 79.872656470465728, 6.828650130164255 ], [ 79.872605372100196, 6.82864576947223 ], [ 79.872551981576038, 6.828640570185584 ], [ 79.872496298893225, 6.828634532304317 ], [ 79.872438324051814, 6.828627655828431 ], [ 79.872378057051776, 6.828619940757925 ], [ 79.872315497893098, 6.828611387092797 ], [ 79.872250646575779, 6.828601994833049 ], [ 79.872187807885567, 6.828592630526455 ], [ 79.872126981822447, 6.828583294173015 ], [ 79.872068168386406, 6.82857398577273 ], [ 79.872011367577457, 6.828564705325597 ], [ 79.871956579395601, 6.82855545283162 ], [ 79.871903803840809, 6.828546228290796 ], [ 79.871853040913123, 6.828537031703126 ], [ 79.871804290612545, 6.828527863068611 ], [ 79.871758167908411, 6.828519337356637 ], [ 79.871714672800778, 6.828511454567206 ], [ 79.871673805289603, 6.828504214700317 ], [ 79.871635565374916, 6.82849761775597 ], [ 79.871599953056716, 6.828491663734166 ], [ 79.871566968334974, 6.828486352634904 ], [ 79.871536611209734, 6.828481684458184 ], [ 79.871508881680938, 6.828477659204006 ], [ 79.871481431683705, 6.828473354418288 ], [ 79.87145426121802, 6.828468770101031 ], [ 79.871427370283854, 6.828463906252233 ], [ 79.871400758881251, 6.828458762871896 ], [ 79.871374427010167, 6.828453339960018 ], [ 79.871348374670617, 6.8284476375166 ], [ 79.87132260186263, 6.828441655541641 ], [ 79.871297108586162, 6.828435394035143 ], [ 79.87127306887372, 6.828429076622336 ], [ 79.871250482725273, 6.828422703303222 ], [ 79.871229350140837, 6.828416274077799 ], [ 79.871209671120425, 6.828409788946068 ], [ 79.87119144566401, 6.82840324790803 ], [ 79.871174673771606, 6.828396650963683 ], [ 79.871159355443211, 6.828389998113029 ], [ 79.871145490678813, 6.828383289356067 ], [ 79.871130619600876, 6.82837557428556 ], [ 79.871114742209414, 6.828366852901509 ], [ 79.871097858504385, 6.828357125203913 ], [ 79.871079968485816, 6.828346391192773 ], [ 79.871061072153708, 6.828334650868089 ], [ 79.871041169508047, 6.82832190422986 ], [ 79.871020260548846, 6.828308151278086 ], [ 79.870998345276107, 6.828293392012768 ], [ 79.870976541815978, 6.828278856372682 ], [ 79.870954850168459, 6.828264544357828 ], [ 79.870933270333566, 6.828250455968207 ], [ 79.870911802311284, 6.828236591203818 ], [ 79.870890446101612, 6.828222950064661 ], [ 79.870869201704565, 6.828209532550735 ], [ 79.870848069120129, 6.828196338662043 ], [ 79.870827048348318, 6.828183368398583 ], [ 79.870803567698957, 6.828171124917127 ], [ 79.870777627172032, 6.828159608217674 ], [ 79.870749226767558, 6.828148818300225 ], [ 79.870718366485534, 6.828138755164781 ], [ 79.870685046325946, 6.828129418811343 ], [ 79.870649266288822, 6.828120809239906 ], [ 79.870611026374135, 6.828112926450475 ], [ 79.870587881162336, 6.828108901196058 ], [ 79.870542783564787, 6.828101446707473 ], [ 79.870544367734382, 6.828101737674546 ], [ 79.87071889916389, 6.828174305769021 ], [ 79.870881385073929, 6.828246852279814 ], [ 79.871067849607655, 6.828379643475128 ], [ 79.871115988518127, 6.828403814553758 ], [ 79.871386911982512, 6.828464523288438 ], [ 79.871495291980239, 6.82848278761987 ], [ 79.871495202048067, 6.82853094721475 ], [ 79.871458735438466, 6.828705460657782 ], [ 79.871428303279771, 6.828873964830946 ], [ 79.871373813357081, 6.829024364751991 ], [ 79.871325538649003, 6.829072434414694 ], [ 79.871223169719755, 6.829060201836166 ], [ 79.871126835241512, 6.829041960887199 ], [ 79.871108664439532, 6.829096107268922 ], [ 79.871090267008526, 6.829270653986903 ], [ 79.871077948994497, 6.829415112087136 ], [ 79.87104170901398, 6.829469225194021 ], [ 79.871017593693338, 6.829481219452195 ], [ 79.870993490963187, 6.829487194547839 ], [ 79.870903190036501, 6.829462944328897 ], [ 79.870794820830639, 6.829438660835004 ], [ 79.870644324682132, 6.829396237116165 ], [ 79.870481770423694, 6.829359811875399 ], [ 79.870439597615643, 6.829365752796831 ], [ 79.870415483194265, 6.829377747054942 ], [ 79.870367162620809, 6.829449896964801 ], [ 79.870342979850989, 6.829498011593569 ], [ 79.870300637071097, 6.829594253441633 ], [ 79.87026435212448, 6.829672445896263 ], [ 79.870234054864127, 6.829768709328118 ], [ 79.870209747987857, 6.829883045535777 ], [ 79.8701915430117, 6.829955251203532 ], [ 79.8701792582726, 6.830081650017779 ], [ 79.870125084911166, 6.830063487309755 ], [ 79.870070911549789, 6.830045325501005 ], [ 79.870016738188355, 6.830027163692371 ], [ 79.869950462650166, 6.830039078810118 ], [ 79.869896107625692, 6.830117237090571 ], [ 79.86987202468066, 6.830191974349869 ], [ 79.869533966825443, 6.829846962936822 ], [ 79.869522034620559, 6.829719195354329 ], [ 79.86951778082711, 6.829108857857272 ], [ 79.8695231695648, 6.829116969742173 ], [ 79.869553530677095, 6.829153525384662 ], [ 79.869577806976409, 6.829190070235338 ], [ 79.869638621831129, 6.829214516506477 ], [ 79.869687322817896, 6.829208525223016 ], [ 79.869772505702812, 6.829220851330937 ], [ 79.869772528185862, 6.829208685302316 ], [ 79.869772596534347, 6.829172187216353 ], [ 79.869766510822032, 6.829172175525229 ], [ 79.869717821526436, 6.829172083794353 ], [ 79.869644788482432, 6.82917194619812 ], [ 79.869590093514205, 6.829129261675867 ], [ 79.869517371635624, 6.829050221160536 ], [ 79.869517243931824, 6.829031794951134 ], [ 79.869516843733564, 6.828995295965926 ], [ 79.869515491153109, 6.8288716886473 ], [ 79.86950748427941, 6.828139971565332 ], [ 79.869504221241101, 6.828141634339645 ], [ 79.869489657647861, 6.828148371049762 ], [ 79.869475122007771, 6.828154408931028 ], [ 79.869459859585675, 6.828160698390681 ], [ 79.869443870381588, 6.828167239428717 ], [ 79.86943415120453, 6.828171188860197 ], [ 79.869438501991382, 6.828830904392526 ], [ 79.869430616735954, 6.829785937640765 ], [ 79.869235374818999, 6.829720480485685 ], [ 79.869235987257326, 6.829718656660559 ], [ 79.868568012210247, 6.829452745118141 ], [ 79.868332594879575, 6.829350459825961 ], [ 79.868669685063949, 6.828474024626496 ], [ 79.868836247600683, 6.828081413896023 ], [ 79.868982033950559, 6.82814347138164 ], [ 79.86896838723186, 6.828137301600774 ], [ 79.868922488152975, 6.82810110226633 ], [ 79.868889056180791, 6.828055091374827 ], [ 79.868887933096758, 6.828052100976393 ], [ 79.868854905835121, 6.8280368956561 ], [ 79.868867361402224, 6.827993631308346 ], [ 79.868859593556436, 6.827933634920652 ], [ 79.868863562904309, 6.827858189357977 ], [ 79.868879999358867, 6.827772932238243 ], [ 79.868908902920111, 6.827677863561453 ], [ 79.868950273588069, 6.827572983327604 ], [ 79.868976409787066, 6.827478557573357 ], [ 79.869010428775155, 6.827409848720552 ], [ 79.869038158303937, 6.827334710642571 ], [ 79.869090933858701, 6.827205902508888 ], [ 79.868980015743588, 6.827171016972683 ], [ 79.868895932656329, 6.827144181944832 ], [ 79.868813303133422, 6.827131547119468 ], [ 79.868732798049876, 6.827110302722421 ], [ 79.86865268431049, 6.827089645341608 ], [ 79.868572961915262, 6.827069574977028 ], [ 79.86849363086418, 6.827050091628682 ], [ 79.868414691157255, 6.827031195296572 ], [ 79.86833614279449, 6.827012885980695 ], [ 79.868257985775855, 6.826995163681051 ], [ 79.868180220101394, 6.826978028397642 ], [ 79.868102845771105, 6.826961480130469 ], [ 79.868035674342011, 6.826940403452345 ], [ 79.867978705814124, 6.826914798363271 ], [ 79.867952168034208, 6.826897698705922 ], [ 79.867879197172812, 6.826888601697682 ], [ 79.867867535663805, 6.826873558737829 ], [ 79.867853899243627, 6.826835854661056 ], [ 79.867858937071574, 6.826783535804129 ], [ 79.867852860714763, 6.826767093897478 ], [ 79.867846906692961, 6.826718846753657 ], [ 79.867851155572382, 6.826666071198885 ], [ 79.867855683983336, 6.826616873647827 ], [ 79.867860491925825, 6.826571254100481 ], [ 79.867865579399862, 6.826529212556849 ], [ 79.867870946405432, 6.826490749016929 ], [ 79.867876592942537, 6.826455863480724 ], [ 79.867882519011204, 6.826424555948233 ], [ 79.86788872461139, 6.826396826419454 ], [ 79.867895209743097, 6.82637267489439 ], [ 79.86790208621899, 6.82634793635309 ], [ 79.867909354039028, 6.826322610795557 ], [ 79.867917013203225, 6.826296698221789 ], [ 79.867925063711596, 6.826270198631786 ], [ 79.86793350556411, 6.82624311202555 ], [ 79.86794233876077, 6.82621543840308 ], [ 79.867951563301588, 6.826187177764375 ], [ 79.86796117918658, 6.826158330109435 ], [ 79.867969760804854, 6.826132291746474 ], [ 79.867977308156441, 6.826109062675492 ], [ 79.867983821241324, 6.826088642896488 ], [ 79.867989300059506, 6.826071032409461 ], [ 79.867993744610999, 6.826056231214412 ], [ 79.867997154895789, 6.826044239311342 ], [ 79.867999530913877, 6.826035056700249 ], [ 79.868000872665277, 6.826028683381134 ], [ 79.868002382135586, 6.826020772638549 ], [ 79.868004059324846, 6.826011324472494 ], [ 79.868005904233002, 6.826000338882967 ], [ 79.86800791686008, 6.825987815869969 ], [ 79.868010097206096, 6.825973755433502 ], [ 79.868012445271049, 6.825958157573565 ], [ 79.868014961054911, 6.825941022290156 ], [ 79.868017644557682, 6.825922349583278 ], [ 79.868020425896503, 6.825901189045693 ], [ 79.868023305071375, 6.825877540677398 ], [ 79.868026282082283, 6.825851404478398 ], [ 79.868029356929213, 6.825822780448691 ], [ 79.868032529612208, 6.825791668588277 ], [ 79.868035800131224, 6.825758068897156 ], [ 79.868039168486277, 6.825721981375328 ], [ 79.86804263467738, 6.825683406022794 ], [ 79.868046422329741, 6.825645571428841 ], [ 79.868050531443387, 6.825608477593469 ], [ 79.868054962018292, 6.825572124516677 ], [ 79.868059714054468, 6.825536512198466 ], [ 79.868064787551916, 6.825501640638837 ], [ 79.86807018251065, 6.825467509837791 ], [ 79.868075898930655, 6.825434119795325 ], [ 79.868081936811919, 6.825401470511441 ], [ 79.868088435920242, 6.825369310407751 ], [ 79.868095396255583, 6.825337639484257 ], [ 79.86810281781797, 6.825306457740958 ], [ 79.868110700607389, 6.825275765177855 ], [ 79.868119044623867, 6.825245561794945 ], [ 79.868127849867392, 6.825215847592232 ], [ 79.868137116337948, 6.825186622569714 ], [ 79.868146844035522, 6.825157886727391 ], [ 79.868156809334934, 6.825129234744529 ], [ 79.868167012236142, 6.825100666621131 ], [ 79.868167483690556, 6.82509938037737 ], [ 79.868179416052399, 6.825041627139298 ], [ 79.868227612519419, 6.824925259363187 ], [ 79.86823343383108, 6.824910380979222 ], [ 79.868251717947572, 6.824863649507749 ], [ 79.868286768125003, 6.824764981288763 ], [ 79.868295347525731, 6.824768168775089 ], [ 79.868307686483703, 6.824733571826085 ], [ 79.8683145005743, 6.824714075153728 ], [ 79.868307125178774, 6.824710655941926 ], [ 79.868365380562935, 6.82455901495647 ], [ 79.868386052379435, 6.82450082432344 ], [ 79.868434267732326, 6.824374179994257 ], [ 79.86846525836998, 6.824295456939615 ], [ 79.868484746678703, 6.824234978431343 ], [ 79.868492835181172, 6.824209877453745 ], [ 79.868499773450779, 6.824165361911803 ], [ 79.868496958572678, 6.824059950576054 ], [ 79.868496571864227, 6.824045471491125 ], [ 79.868496766117801, 6.823942714054838 ], [ 79.868537999134276, 6.823884562092649 ], [ 79.868538442500011, 6.823883605213998 ], [ 79.868541164283911, 6.82388406389657 ], [ 79.868543401454929, 6.823881301125166 ], [ 79.868545763496428, 6.823878331102552 ], [ 79.868548167467679, 6.823875256255612 ], [ 79.868550857958752, 6.823871783076225 ], [ 79.868553834969646, 6.823867911564394 ], [ 79.868557098500389, 6.823863641720118 ], [ 79.868560648550925, 6.8238589735434 ], [ 79.868561928937964, 6.823857282686196 ], [ 79.868553328078548, 6.823851528195276 ], [ 79.868558643971127, 6.823840071731747 ], [ 79.86863076420326, 6.823758001400409 ], [ 79.868744123747192, 6.823614353589266 ], [ 79.868908959211126, 6.823415059380381 ], [ 79.868914130159979, 6.823408550396247 ], [ 79.868934270407436, 6.823383658112601 ], [ 79.868953809662088, 6.823359981791153 ], [ 79.868972747923934, 6.823337521431906 ], [ 79.868980948770627, 6.823328020450972 ], [ 79.869032643346571, 6.82326551915805 ], [ 79.869070871513415, 6.823224467727004 ], [ 79.869076733656854, 6.823217728190393 ], [ 79.869144044851708, 6.823140423742977 ], [ 79.869227680688496, 6.823044432612103 ], [ 79.869327641167231, 6.822929754797775 ], [ 79.869443926287929, 6.82279639029999 ], [ 79.869576536050545, 6.822644339118749 ], [ 79.869725470455123, 6.822473601254053 ], [ 79.869852825024793, 6.822324079833249 ], [ 79.86995859975957, 6.822195774856341 ], [ 79.870052522356687, 6.822100091209864 ], [ 79.870123187930034, 6.822018691625385 ], [ 79.870171714605434, 6.821959654564115 ], [ 79.870201233136058, 6.821912693265377 ], [ 79.870227620913454, 6.821877584103938 ], [ 79.870140071635376, 6.821871490316663 ], [ 79.87011622759502, 6.821870050729231 ], [ 79.870092243788875, 6.821868177867912 ], [ 79.87006812021697, 6.821865871732705 ], [ 79.870043856879278, 6.821863132323613 ], [ 79.870019453775825, 6.821859959640633 ], [ 79.869994910906613, 6.821856353683765 ], [ 79.869970228271626, 6.821852314453011 ], [ 79.869945405870851, 6.821847841948371 ], [ 79.869902539709187, 6.821836786475959 ], [ 79.869841629786592, 6.821819148035779 ], [ 79.869762676103093, 6.821794926627827 ], [ 79.869665678658691, 6.821764122252107 ], [ 79.869550637453358, 6.821726734908617 ], [ 79.869417552487121, 6.821682764597359 ], [ 79.869306226564504, 6.821645525546023 ], [ 79.869304136081439, 6.821651270259479 ], [ 79.869304281771548, 6.821651327816045 ], [ 79.869489809211757, 6.821714765993192 ], [ 79.869667925338888, 6.821770767676249 ], [ 79.869823756265802, 6.821830439492618 ], [ 79.869852509390327, 6.821838335540193 ], [ 79.869855594064859, 6.821830551008525 ], [ 79.869908254766642, 6.821845012107026 ], [ 79.869941994631816, 6.821850323503015 ], [ 79.870075287648902, 6.821871303786959 ], [ 79.870153238185893, 6.821882583983466 ], [ 79.870153203112309, 6.821901139695197 ], [ 79.870086237794141, 6.821971526034492 ], [ 79.869926295166948, 6.822123382857211 ], [ 79.869770031666221, 6.82229380168708 ], [ 79.869624919758877, 6.822456819995709 ], [ 79.869535607187203, 6.822564275490445 ], [ 79.869375636680971, 6.822730976522903 ], [ 79.869248080439263, 6.822898241430317 ], [ 79.86915638466408, 6.822830765297227 ], [ 79.86908590839262, 6.822793520773996 ], [ 79.869015433020493, 6.822756277150115 ], [ 79.868841175884199, 6.822622347413086 ], [ 79.868767029479386, 6.82256282938082 ], [ 79.8686519980958, 6.822525502119943 ], [ 79.868488699198693, 6.822488083128332 ], [ 79.86833284039281, 6.822443255521653 ], [ 79.868180672404662, 6.822409568716451 ], [ 79.868054495722888, 6.822375931373977 ], [ 79.867932025147354, 6.822346010929508 ], [ 79.867828104887664, 6.822323548562843 ], [ 79.867809596839876, 6.82229382417057 ], [ 79.867824623611966, 6.822201074389955 ], [ 79.867869345997946, 6.822112090970136 ], [ 79.867862388842596, 6.822000932067257 ], [ 79.867849697609913, 6.821937479500994 ], [ 79.867814799417872, 6.821889890076278 ], [ 79.867722793376629, 6.821848646267953 ], [ 79.867628579499694, 6.8218073233192 ], [ 79.8674577991425, 6.821799579257195 ], [ 79.867342733584607, 6.821780806808771 ], [ 79.867209088932668, 6.821769421391727 ], [ 79.867068025773079, 6.821754310982696 ], [ 79.866968212717154, 6.821712458333383 ], [ 79.866923478639933, 6.821639170781176 ], [ 79.866911105767159, 6.821530667576351 ], [ 79.866920623292387, 6.821285107691682 ], [ 79.866920623292344, 6.821120448120281 ], [ 79.866919671809512, 6.820951982617991 ], [ 79.866902539724506, 6.820804456030883 ], [ 79.866927286369247, 6.820714988775785 ], [ 79.866962502021948, 6.820645508053794 ], [ 79.867033143768623, 6.82056296647772 ], [ 79.867103878145542, 6.820462898913623 ], [ 79.867107050953706, 6.820458161285135 ], [ 79.867163452835115, 6.820373943372807 ], [ 79.867230509884223, 6.820255312902367 ], [ 79.867253251940028, 6.820228893518614 ], [ 79.867309349850601, 6.820256669979292 ], [ 79.867486131763968, 6.820360253474175 ], [ 79.867469161746243, 6.820348127282541 ], [ 79.867448280740192, 6.820333647548762 ], [ 79.867427916867499, 6.820319978456451 ], [ 79.86740807012815, 6.820307120005607 ], [ 79.867388740522145, 6.820295072196228 ], [ 79.867369928049499, 6.820283835028317 ], [ 79.867351632710196, 6.820273408501871 ], [ 79.867333854504253, 6.820263792616891 ], [ 79.867317096588422, 6.820254791701299 ], [ 79.86730135896272, 6.820246405755096 ], [ 79.867286641627132, 6.820238634778281 ], [ 79.867272944581657, 6.820231478770855 ], [ 79.86726026782631, 6.820224937732816 ], [ 79.867248611361106, 6.820219011664166 ], [ 79.867237975186001, 6.820213700564905 ], [ 79.867228359301009, 6.820209004435031 ], [ 79.867217597336719, 6.820203805148386 ], [ 79.867205689293101, 6.820198102704968 ], [ 79.867192635170184, 6.820191897104777 ], [ 79.867178434967954, 6.820185188347814 ], [ 79.867163088686397, 6.82017797643408 ], [ 79.86714659632554, 6.820170261363573 ], [ 79.867128957885356, 6.820162043136293 ], [ 79.867110173365859, 6.820153321752242 ], [ 79.867093135918495, 6.820145411009658 ], [ 79.86707784554325, 6.820138310908539 ], [ 79.867064302240138, 6.820132021448886 ], [ 79.867052506009131, 6.820126542630701 ], [ 79.867042456850271, 6.820121874453981 ], [ 79.86703415476353, 6.820118016918727 ], [ 79.867027599748923, 6.820114970024939 ], [ 79.867022791806434, 6.820112733772619 ], [ 79.867017487695477, 6.820110343777951 ], [ 79.86701168741601, 6.820107800040935 ], [ 79.867005390968075, 6.820105102561573 ], [ 79.866998598351657, 6.820102251339864 ], [ 79.866991309566743, 6.820099246375808 ], [ 79.86698352461336, 6.820096087669405 ], [ 79.866975243491481, 6.820092775220655 ], [ 79.86696646620112, 6.820089309029556 ], [ 79.866958268938703, 6.820085856815036 ], [ 79.866950651704229, 6.820082418577092 ], [ 79.8669436144977, 6.820078994315726 ], [ 79.866937157319143, 6.820075584030937 ], [ 79.866931280168501, 6.820072187722726 ], [ 79.866925983045817, 6.82006880539109 ], [ 79.866921265951078, 6.820065437036032 ], [ 79.866917128884268, 6.82006208265755 ], [ 79.866912824098549, 6.820058986845742 ], [ 79.866908351593921, 6.820056149600612 ], [ 79.866903711370355, 6.820053570922154 ], [ 79.866898903427852, 6.820051250810371 ], [ 79.8668954159007, 6.820049805837744 ], [ 79.866976234669423, 6.820103119733235 ], [ 79.867107491621425, 6.820153956609788 ], [ 79.867212701508947, 6.820206050738674 ], [ 79.867183474441745, 6.820273677957882 ], [ 79.867084489661451, 6.820446267751078 ], [ 79.866994688757899, 6.820557592129232 ], [ 79.86692776211062, 6.820639163336777 ], [ 79.866884931898156, 6.820746714159618 ], [ 79.866884693577902, 6.820815837850704 ], [ 79.866891832396263, 6.820903877881736 ], [ 79.866898970315376, 6.82106330160019 ], [ 79.866901349921562, 6.821317904168074 ], [ 79.866889452790303, 6.821482087098731 ], [ 79.866896590709459, 6.821627234079688 ], [ 79.86691562665915, 6.821696238160988 ], [ 79.86693917180969, 6.821728091248487 ], [ 79.866996290450786, 6.821764172048988 ], [ 79.867082903257739, 6.821784159481462 ], [ 79.867193310327337, 6.821800340083685 ], [ 79.867322751548159, 6.821823711664986 ], [ 79.867415539100207, 6.821842442744551 ], [ 79.867484676281151, 6.821845451876073 ], [ 79.86766172041645, 6.82187244053066 ], [ 79.867760071174743, 6.821929547480532 ], [ 79.867798143074253, 6.82203741666335 ], [ 79.867792920711167, 6.822173110870285 ], [ 79.867562434363293, 6.82215073214052 ], [ 79.867081009285613, 6.822155765646131 ], [ 79.867003755723161, 6.822149679034573 ], [ 79.866972501584144, 6.822338595120161 ], [ 79.866899531492649, 6.822347319443383 ], [ 79.866806732249358, 6.822352871857717 ], [ 79.866732968955858, 6.822357631069987 ], [ 79.866640962914559, 6.822336215514155 ], [ 79.866540232550165, 6.822303696028968 ], [ 79.866394292367147, 6.822251348291319 ], [ 79.866253110497041, 6.822186309320985 ], [ 79.866187279224022, 6.822164894664448 ], [ 79.866136516991077, 6.822144272310679 ], [ 79.866094479980674, 6.822131581977271 ], [ 79.865992163212198, 6.822095096481886 ], [ 79.86596123013102, 6.822087165360722 ], [ 79.865922365928796, 6.822071302219148 ], [ 79.865655866229559, 6.82199436611751 ], [ 79.865529976431588, 6.821933134876704 ], [ 79.865530384723826, 6.821929929692965 ], [ 79.865529846029901, 6.821933047642481 ], [ 79.865465601160835, 6.821868801874179 ], [ 79.865418011736153, 6.82182835126787 ], [ 79.865396726581992, 6.821814161764626 ], [ 79.865341999238169, 6.82178322868359 ], [ 79.865229633445111, 6.821743820391504 ], [ 79.865177670617257, 6.821734150880895 ], [ 79.865177690402319, 6.821723603631929 ], [ 79.865166733961857, 6.821627092886553 ], [ 79.865189383387545, 6.821430445329321 ], [ 79.865189663975997, 6.821281999635072 ], [ 79.865226982243541, 6.821181869118461 ], [ 79.865286480490795, 6.821133737402519 ], [ 79.865316275030168, 6.821085548130046 ], [ 79.86534612532752, 6.821007670438083 ], [ 79.865435663629015, 6.820781459467169 ], [ 79.865491686895808, 6.820607141177037 ], [ 79.865538524487263, 6.820497475148745 ], [ 79.865537049599169, 6.820496942750093 ], [ 79.865553528776289, 6.820458358237047 ], [ 79.865604919635274, 6.820338032544526 ], [ 79.865724335213784, 6.820019098772714 ], [ 79.865873178408322, 6.819708552078288 ], [ 79.865891991326151, 6.819715100941451 ], [ 79.866010734211784, 6.819752437195462 ], [ 79.866092879993175, 6.819768387275145 ], [ 79.866076465730572, 6.819761907713204 ], [ 79.866038002190663, 6.819745387399183 ], [ 79.866009811434836, 6.81973158552939 ], [ 79.865991893463104, 6.819720502103825 ], [ 79.865984248275481, 6.819712137122488 ], [ 79.865986875871954, 6.819706490585378 ], [ 79.865989202972031, 6.819701277322155 ], [ 79.865991229575684, 6.81969649733282 ], [ 79.865992955682941, 6.819692150617371 ], [ 79.865994381293802, 6.819688237175809 ], [ 79.86599550640824, 6.819684757008135 ], [ 79.865996331026281, 6.819681710114347 ], [ 79.865996855147927, 6.819679096494447 ], [ 79.865997078773148, 6.819676916148435 ], [ 79.865996966960537, 6.819674568083498 ], [ 79.865996519710066, 6.819672052299636 ], [ 79.865995737021763, 6.819669368796852 ], [ 79.865994618895598, 6.819666517575142 ], [ 79.865993165331602, 6.819663498634508 ], [ 79.865991376329745, 6.819660311974951 ], [ 79.865989251890028, 6.819656957596471 ], [ 79.865986792012478, 6.819653435499065 ], [ 79.865983898861032, 6.81965005316743 ], [ 79.865980572435689, 6.819646810601565 ], [ 79.865976812736477, 6.81964370780147 ], [ 79.865972619763397, 6.819640744767145 ], [ 79.865967993516406, 6.81963792149859 ], [ 79.865962933995533, 6.819635237995804 ], [ 79.865957441200777, 6.819632694258789 ], [ 79.86595151513211, 6.819630290287543 ], [ 79.865943080267897, 6.819626886991043 ], [ 79.865932136608109, 6.819622484369287 ], [ 79.865918684152746, 6.819617082422274 ], [ 79.865902722901794, 6.819610681150006 ], [ 79.865884252855281, 6.819603280552482 ], [ 79.865863274013208, 6.819594880629701 ], [ 79.865839786375545, 6.819585481381665 ], [ 79.865813789942322, 6.819575082808374 ], [ 79.865784585884668, 6.81956366394496 ], [ 79.865752174202598, 6.819551224791427 ], [ 79.865716554896096, 6.81953776534777 ], [ 79.865677727965178, 6.819523285613991 ], [ 79.865635693409828, 6.819507785590092 ], [ 79.865590451230062, 6.819491265276073 ], [ 79.865542001425879, 6.819473724671932 ], [ 79.865490343997266, 6.819455163777668 ], [ 79.865453799701939, 6.8194419882461 ], [ 79.865452052873692, 6.819447768470111 ] ], [ [ 79.866605271520527, 6.82237270100956 ], [ 79.866742640265088, 6.822391395216891 ], [ 79.866902978594055, 6.822396553728136 ], [ 79.866950514059468, 6.82240258368244 ], [ 79.866938369614616, 6.822539193399219 ], [ 79.866951334241207, 6.822598055825751 ], [ 79.866989464596656, 6.82260395627767 ], [ 79.866997927217056, 6.822473960175252 ], [ 79.867001642316438, 6.822432167780414 ], [ 79.867010071661937, 6.822337350458472 ], [ 79.867028047311024, 6.822260157150606 ], [ 79.867040023582675, 6.822212655859475 ], [ 79.867158868991027, 6.82222476073422 ], [ 79.86740849111348, 6.822225231079567 ], [ 79.867640272485076, 6.822231608172131 ], [ 79.867731889119852, 6.822243230110876 ], [ 79.867707342124618, 6.822319463842168 ], [ 79.86770086430792, 6.822358126596209 ], [ 79.867673104035077, 6.822433476293873 ], [ 79.867607572236196, 6.822553579853784 ], [ 79.867508901319255, 6.822558089953906 ], [ 79.867345927976729, 6.822582192684082 ], [ 79.86724085748412, 6.82262680355418 ], [ 79.867161293563385, 6.822695518053817 ], [ 79.867116083744875, 6.822793075610037 ], [ 79.867078238474562, 6.822947043141611 ], [ 79.866913658942821, 6.822943077131465 ], [ 79.866683644739012, 6.822949026146839 ], [ 79.866599659751117, 6.822943780401404 ], [ 79.866536911353947, 6.822992649561403 ], [ 79.866519065207328, 6.823062050243673 ], [ 79.86649893028607, 6.823210729761652 ], [ 79.866452724918005, 6.823352560042873 ], [ 79.86633873854673, 6.82361113671496 ], [ 79.866338101826699, 6.823611301290851 ], [ 79.866317877872532, 6.82365717750708 ], [ 79.866384648037851, 6.823682347732483 ], [ 79.866387302836515, 6.823675093800824 ], [ 79.86638794045588, 6.823674929224904 ], [ 79.866435658483596, 6.823544534722811 ], [ 79.866475650435646, 6.823438550519009 ], [ 79.866535526398167, 6.823279869640539 ], [ 79.866584500778757, 6.823056102127658 ], [ 79.866651976012491, 6.82299488437662 ], [ 79.866814514982536, 6.822990666556203 ], [ 79.867128173331182, 6.823007662843469 ], [ 79.867217040738481, 6.823012478712995 ], [ 79.867492661361922, 6.82299661557133 ], [ 79.867556736259004, 6.822962833438019 ], [ 79.867577197634205, 6.82292663482636 ], [ 79.867631463625841, 6.822909368742343 ], [ 79.867694915292731, 6.822895487706524 ], [ 79.867786128131954, 6.822923248878781 ], [ 79.867950947782703, 6.823001265965546 ], [ 79.868230294297419, 6.823143348956265 ], [ 79.868366176462615, 6.823193479865003 ], [ 79.86843453123339, 6.8232186986538 ], [ 79.868735930023917, 6.823341636876764 ], [ 79.868823727238023, 6.823394719360557 ], [ 79.868802926818432, 6.823427844988814 ], [ 79.868648029387927, 6.823623591425372 ], [ 79.868465579427834, 6.823876783856315 ], [ 79.86845138183071, 6.823896486203727 ], [ 79.868439394767208, 6.823949928416275 ], [ 79.868439183426531, 6.824062144921893 ], [ 79.868439114178742, 6.824098440660321 ], [ 79.868441980318067, 6.824154881212651 ], [ 79.868444845558187, 6.824211321764927 ], [ 79.868414993462181, 6.824282551668261 ], [ 79.868412279308259, 6.824289060961202 ], [ 79.868371694702972, 6.824386376599873 ], [ 79.86831349687543, 6.824525922603177 ], [ 79.868265025215862, 6.824659299257169 ], [ 79.868235829624922, 6.824739635695535 ], [ 79.86821866336571, 6.824783712368333 ], [ 79.868164160852459, 6.824923657670587 ], [ 79.8681342763809, 6.825012709438923 ], [ 79.868111872470109, 6.825079467013776 ], [ 79.868104391009993, 6.825101761207301 ], [ 79.868062327919347, 6.82534524365802 ], [ 79.868013283391576, 6.825529031809398 ], [ 79.867988392855281, 6.82551873367261 ], [ 79.867833176165419, 6.825458728207773 ], [ 79.867773456684944, 6.825446672795777 ], [ 79.867654152622279, 6.825350906689097 ], [ 79.867534837767749, 6.825261112980102 ], [ 79.867421417969254, 6.825213128753001 ], [ 79.86729609474412, 6.82514123604938 ], [ 79.867218520123728, 6.825093320170717 ], [ 79.867158857300595, 6.825051408166106 ], [ 79.867093253555893, 6.824991571773794 ], [ 79.867051513321769, 6.824949693943425 ], [ 79.866896284940665, 6.824895659077646 ], [ 79.866806071248249, 6.824865413078617 ], [ 79.866892841436524, 6.824618294668813 ], [ 79.866970554552395, 6.82438081968927 ], [ 79.867048132770023, 6.824214631270404 ], [ 79.86706008116272, 6.824181980484243 ], [ 79.86707202955543, 6.824149329697951 ], [ 79.867119565920163, 6.824155360551589 ], [ 79.867238322295634, 6.824214989200503 ], [ 79.867339180363828, 6.824310228304482 ], [ 79.86740444596343, 6.824369756229413 ], [ 79.867469779012055, 6.824393641323582 ], [ 79.867535178610581, 6.824381883587122 ], [ 79.867600992796497, 6.824150327045995 ], [ 79.867693865784119, 6.823924638581213 ], [ 79.867678021528334, 6.823912450069558 ], [ 79.86766923695059, 6.823895592277773 ], [ 79.867355842103237, 6.823827443451814 ], [ 79.867349893987281, 6.82386908386122 ], [ 79.867632404316879, 6.823936077957682 ], [ 79.867514472619774, 6.824283506748507 ], [ 79.867463981082864, 6.824321163161246 ], [ 79.867167203008918, 6.824112685022549 ], [ 79.867044929384875, 6.824100812172937 ], [ 79.867041276338696, 6.824098303963698 ], [ 79.86700491764779, 6.824178001883446 ], [ 79.86693341614918, 6.824358054250982 ], [ 79.866892996119873, 6.824459837721526 ], [ 79.866885187306565, 6.824480534719128 ], [ 79.866885187306579, 6.824485293931416 ], [ 79.866825827554877, 6.824642605142326 ], [ 79.866742402844665, 6.824848504924842 ], [ 79.866740672549085, 6.824852774905864 ], [ 79.866735977188668, 6.824850025678424 ], [ 79.866690600096192, 6.824840865184095 ], [ 79.866642196785023, 6.824831699293755 ], [ 79.866539344020566, 6.824810331402 ], [ 79.866448589835642, 6.824792012211953 ], [ 79.866312384813753, 6.824803853585378 ], [ 79.86619133336832, 6.82480362515755 ], [ 79.865982464024512, 6.824833479052278 ], [ 79.865891652282968, 6.824845406760556 ], [ 79.865752426438334, 6.82485421831804 ], [ 79.865667702207674, 6.824848009398623 ], [ 79.865576925539656, 6.824841787888732 ], [ 79.865513379443911, 6.824838642959564 ], [ 79.865443780910795, 6.82483548723854 ], [ 79.865337883941152, 6.824823187210939 ], [ 79.865171467993846, 6.824807749448733 ], [ 79.865125972190867, 6.8248066522758 ], [ 79.865125971291576, 6.824806542558575 ], [ 79.865035291750303, 6.824804357205984 ], [ 79.864912742034406, 6.824794084250303 ], [ 79.864912742933697, 6.824794193967555 ], [ 79.864850717591523, 6.824788994087507 ], [ 79.864657058481413, 6.824776528584739 ], [ 79.864617059334805, 6.82477835690642 ], [ 79.864622368932089, 6.824666289688327 ], [ 79.864670174194103, 6.824529748319986 ], [ 79.864670556405912, 6.824327771380279 ], [ 79.8646471767306, 6.824119808553068 ], [ 79.864647237884512, 6.824087286369902 ], [ 79.864830965781252, 6.824113349622079 ], [ 79.864872766269997, 6.824092559095029 ], [ 79.864927386594388, 6.823917351375304 ], [ 79.864982038395084, 6.823725448641193 ], [ 79.865020010469792, 6.8235209913713 ], [ 79.865060020408251, 6.823385968058616 ], [ 79.865100530369773, 6.823245069474972 ], [ 79.865141921666904, 6.823095468151891 ], [ 79.865234086888123, 6.822941202045402 ], [ 79.865251351173413, 6.822644877229841 ], [ 79.865301503665918, 6.82262410199125 ], [ 79.865480995755846, 6.82266618126973 ], [ 79.865890004724491, 6.822796349142563 ], [ 79.865923531450321, 6.822733801294277 ], [ 79.865769127747541, 6.822675072866726 ], [ 79.865422688210941, 6.822582590184924 ], [ 79.865213964557299, 6.822540455148442 ], [ 79.865197426924169, 6.822535462112469 ], [ 79.865197421528222, 6.822535399159928 ], [ 79.864858330352064, 6.822433022136907 ], [ 79.864899469839074, 6.822323150163876 ], [ 79.864907356893383, 6.822286745607433 ], [ 79.864933187221197, 6.822167408269867 ], [ 79.864993042499208, 6.82193000793407 ], [ 79.865060113937389, 6.821803956258147 ], [ 79.865245717819903, 6.821826573308239 ], [ 79.865356275975657, 6.821875234724814 ], [ 79.865408624612684, 6.821913305724965 ], [ 79.865484766613037, 6.821977551493281 ], [ 79.865596601806061, 6.822025140917969 ], [ 79.865784732783567, 6.822068579072061 ], [ 79.865987714265955, 6.822139710949253 ], [ 79.86621033604257, 6.822221775884533 ], [ 79.866226781045498, 6.822227100770393 ], [ 79.866389533154873, 6.822302109624904 ], [ 79.866489470317248, 6.822342561130528 ], [ 79.866605271520527, 6.82237270100956 ] ], [ [ 79.864606651480429, 6.823546267716813 ], [ 79.864588361068712, 6.823789795133727 ], [ 79.864599809438417, 6.824021497364932 ], [ 79.864599273442494, 6.824038142017405 ], [ 79.864599223080475, 6.824038131225548 ], [ 79.86459349439906, 6.824215937086569 ], [ 79.864596765233344, 6.824238293333349 ], [ 79.864596765233344, 6.824239879737406 ], [ 79.864616964905849, 6.824377961644335 ], [ 79.864604797078627, 6.824526452304708 ], [ 79.864568833190049, 6.824686778043173 ], [ 79.864553258730879, 6.824809423087194 ], [ 79.864545122564309, 6.824838256251277 ], [ 79.864532353989929, 6.824883508338037 ], [ 79.864511448349646, 6.824957593588902 ], [ 79.864480904675091, 6.825105751500069 ], [ 79.864444326549503, 6.825244823560589 ], [ 79.864407581150033, 6.82547161459419 ], [ 79.864373942908301, 6.825656063747176 ], [ 79.864315836811684, 6.825976583023767 ], [ 79.864251620721035, 6.826327339306204 ], [ 79.864230179084828, 6.826463414825706 ], [ 79.864219516722684, 6.826469308982359 ], [ 79.864194139653137, 6.826460800496471 ], [ 79.864108085325242, 6.826449883626219 ], [ 79.864011271508289, 6.826438946071523 ], [ 79.863922532704066, 6.826425335731638 ], [ 79.863833793899815, 6.826411725391891 ], [ 79.863780007246859, 6.826406246721944 ], [ 79.863534756728896, 6.826380242825063 ], [ 79.863530765537703, 6.826379819244383 ], [ 79.864384302198118, 6.82238011861831 ], [ 79.864388243027349, 6.822366966932741 ], [ 79.864393272935587, 6.822368773670697 ], [ 79.864420395589164, 6.822378513328458 ], [ 79.864561430869728, 6.82240846884644 ], [ 79.864713583569397, 6.822449579555109 ], [ 79.864754375018819, 6.822459254461707 ], [ 79.864745350322096, 6.822489115550908 ], [ 79.864703454505246, 6.822643490475368 ], [ 79.864631538419331, 6.822958202829525 ], [ 79.864619325625924, 6.823130455376943 ], [ 79.864616244548642, 6.823242312153685 ], [ 79.864616200481862, 6.823242302261192 ], [ 79.864612944036736, 6.823360537029891 ], [ 79.864611303673357, 6.823408532948188 ], [ 79.864611303673357, 6.823410119352221 ], [ 79.864606651480429, 6.823546267716813 ] ], [ [ 79.864973028088187, 6.826547955594452 ], [ 79.864960809898861, 6.826572265168716 ], [ 79.86494862588377, 6.826578324800612 ], [ 79.86493706869615, 6.826585995118353 ], [ 79.864855616199122, 6.826578760072524 ], [ 79.8645490454075, 6.826540541583607 ], [ 79.864430753981466, 6.82650805537334 ], [ 79.864274784559015, 6.826486252209681 ], [ 79.864260519512726, 6.826481469615111 ], [ 79.864281597822824, 6.826397868637653 ], [ 79.86430870788584, 6.82616469061889 ], [ 79.864362446874637, 6.825951553092569 ], [ 79.864382826411571, 6.825751681465814 ], [ 79.864398897296439, 6.825687943814447 ], [ 79.864579004522653, 6.825716866910668 ], [ 79.86472196435237, 6.825750595084719 ], [ 79.86486492867877, 6.825781280852201 ], [ 79.865050473205997, 6.825824212687967 ], [ 79.86512347207578, 6.825842600226486 ], [ 79.865071210673122, 6.826122324456438 ], [ 79.864997596667124, 6.826429381781336 ], [ 79.864973028088187, 6.826547955594452 ] ], [ [ 79.867607789873404, 6.827761530440427 ], [ 79.867582634037092, 6.827738095007306 ], [ 79.868012099884325, 6.827922710534784 ], [ 79.867914168210106, 6.827901911014492 ], [ 79.867849652645177, 6.827880281419948 ], [ 79.867785137080233, 6.827858651825455 ], [ 79.867682983089011, 6.827826197091459 ], [ 79.867607789873404, 6.827761530440427 ] ], [ [ 79.867404249012651, 6.827661411615093 ], [ 79.867412530869359, 6.827661887356478 ], [ 79.867405518855335, 6.827658872828941 ], [ 79.867361785723602, 6.827656361921797 ], [ 79.86718427573949, 6.827645273281037 ], [ 79.867044404181684, 6.827645008880369 ], [ 79.867044333135226, 6.827682648205937 ], [ 79.867189564652406, 6.827693676592182 ], [ 79.867437009516152, 6.827704897433252 ], [ 79.867501525081096, 6.827726527027767 ], [ 79.867571350243409, 6.827785806739791 ], [ 79.867630424910018, 6.827839688720832 ], [ 79.867716418983392, 6.827882866970879 ], [ 79.86780242294931, 6.827920668174458 ], [ 79.867866979883033, 6.827920789582892 ], [ 79.867958393271095, 6.827942470438766 ], [ 79.867963682184069, 6.827990873749926 ], [ 79.867947542950589, 6.827990843173015 ], [ 79.867904464525296, 6.828012270420041 ], [ 79.867786091260982, 6.828022801481302 ], [ 79.867640809381683, 6.828038659226927 ], [ 79.867484747329101, 6.828065249481918 ], [ 79.867307176191076, 6.828086423120167 ], [ 79.867124205523538, 6.828118340059699 ], [ 79.86690361801341, 6.828128678665977 ], [ 79.866742226578296, 6.828128373795831 ], [ 79.866462451986436, 6.828143977033372 ], [ 79.866193467460391, 6.828143468916517 ], [ 79.865843797558995, 6.828137431767695 ], [ 79.865752358090631, 6.828129193078419 ], [ 79.865751089147281, 6.828131730965247 ], [ 79.865659649678904, 6.828123493175315 ], [ 79.865541315984785, 6.828112515151172 ], [ 79.865446981598723, 6.82807802705003 ], [ 79.865447043651912, 6.828075046696759 ], [ 79.865424313287193, 6.828066736961039 ], [ 79.865295241687804, 6.828044985058765 ], [ 79.865171498571542, 6.828050128281581 ], [ 79.865004738183856, 6.828044435573052 ], [ 79.864719685470902, 6.828006257553613 ], [ 79.864536816426678, 6.827984403128611 ], [ 79.864316299962951, 6.827957100610691 ], [ 79.864147395591502, 6.82793080083681 ], [ 79.864142534755885, 6.827840247200648 ], [ 79.864125316335901, 6.827643890124437 ], [ 79.864119836766648, 6.827441695548822 ], [ 79.864093806789299, 6.827254112258451 ], [ 79.864079476092442, 6.827081202306656 ], [ 79.864081161421907, 6.827002864161834 ], [ 79.864079950035133, 6.827002698686583 ], [ 79.864099372693303, 6.82674387560037 ], [ 79.864105308218797, 6.826705794707669 ], [ 79.864128844376069, 6.826661885308715 ], [ 79.864167016999588, 6.826629725552332 ], [ 79.864266903799944, 6.826518566649468 ], [ 79.864375352146169, 6.826530492559088 ], [ 79.864495499772872, 6.826557091807202 ], [ 79.864601006436686, 6.826574872303397 ], [ 79.864741691880994, 6.826592719349302 ], [ 79.864844861206763, 6.826610854178392 ], [ 79.864876502953649, 6.826616416485216 ], [ 79.864932170988283, 6.826634102552607 ], [ 79.865064067358261, 6.826649003419536 ], [ 79.865157853157839, 6.826663831441429 ], [ 79.865272153392624, 6.826681629024679 ], [ 79.865348639833314, 6.826694063950534 ], [ 79.865349908776707, 6.826691526063726 ], [ 79.865437545012171, 6.826705773123598 ], [ 79.865502008416442, 6.826723476278062 ], [ 79.865554767144218, 6.82672943608525 ], [ 79.865592839943076, 6.826750019768261 ], [ 79.86563378877382, 6.826799910558039 ], [ 79.86565711448975, 6.826867349818986 ], [ 79.865771226766228, 6.826984774298446 ], [ 79.865820970966567, 6.827034681276132 ], [ 79.865885384008848, 6.82707875615024 ], [ 79.865991657794353, 6.82713583072456 ], [ 79.865999563734505, 6.82716101803708 ], [ 79.866002362424695, 6.827231348618389 ], [ 79.866005072082061, 6.827348562656613 ], [ 79.866001974816939, 6.827436463292742 ], [ 79.866004700662074, 6.827544886457895 ], [ 79.866022113335561, 6.827638685747275 ], [ 79.866039631229725, 6.82767681160613 ], [ 79.866051258564411, 6.827729577528563 ], [ 79.86603657803137, 6.827741270513736 ], [ 79.866010143359205, 6.827767592770746 ], [ 79.866033546416773, 6.8277940085572 ], [ 79.866054106717414, 6.827773536390119 ], [ 79.866074689501033, 6.827741342459576 ], [ 79.866080553080792, 6.827741354150696 ], [ 79.866112806366658, 6.827738484414063 ], [ 79.86618904099717, 6.827732768323113 ], [ 79.866189095855816, 6.827703465712884 ], [ 79.866145115410461, 6.827706312966526 ], [ 79.86609527228471, 6.827709149428217 ], [ 79.866068925746035, 6.82768858822829 ], [ 79.866048470666101, 6.827653386964764 ], [ 79.866033895353723, 6.827609405620136 ], [ 79.866022368742975, 6.827503896258363 ], [ 79.866031529237333, 6.827310519535397 ], [ 79.866037663512913, 6.82716695086463 ], [ 79.866047317735109, 6.827147742245064 ], [ 79.866093398097419, 6.82714947433931 ], [ 79.866237054901745, 6.827146815943318 ], [ 79.866319169299828, 6.827132319771207 ], [ 79.866402862907393, 6.82711691978049 ], [ 79.866403053563644, 6.827116919780456 ], [ 79.866445464692021, 6.827109115463717 ], [ 79.86655088412158, 6.827071290877786 ], [ 79.866550885920248, 6.82707122252929 ], [ 79.866642835304191, 6.827039824498709 ], [ 79.866690074892588, 6.827016110275633 ], [ 79.866733698307115, 6.826986366997634 ], [ 79.866795947580457, 6.826965133104781 ], [ 79.866812018465481, 6.826957436706701 ], [ 79.866891239744476, 6.826922423401404 ], [ 79.866964585752555, 6.826893259286776 ], [ 79.866979172756174, 6.826931379749671 ], [ 79.866979078327418, 6.826981193197783 ], [ 79.866977592647402, 6.827077578937398 ], [ 79.866935952238038, 6.827212415191117 ], [ 79.866910174970229, 6.827261987620957 ], [ 79.866939918248278, 6.827271901747158 ], [ 79.866977592647473, 6.827180688907945 ], [ 79.867005733333542, 6.827088237702276 ], [ 79.867002531747033, 6.826981238163874 ], [ 79.86700264236363, 6.826922633842789 ], [ 79.866999771727649, 6.826890395845361 ], [ 79.867023246730994, 6.826878719047908 ], [ 79.867041694524119, 6.8268736351804 ], [ 79.867041694524147, 6.826873710723416 ], [ 79.867076000062923, 6.826864255251449 ], [ 79.867168222840746, 6.826867908297582 ], [ 79.867168266907527, 6.826867820164003 ], [ 79.86723141100633, 6.826870321178627 ], [ 79.867316423020057, 6.826873412148495 ], [ 79.867372108141836, 6.826882307342818 ], [ 79.867383823610126, 6.826888189808287 ], [ 79.86738052669557, 6.827081578222478 ], [ 79.867368644852689, 6.827163601788982 ], [ 79.86733620900452, 6.827263167531408 ], [ 79.867306749012926, 6.827339297840555 ], [ 79.867294966994805, 6.827368577967768 ], [ 79.867321345909076, 6.827371558321039 ], [ 79.8673625492479, 6.827286659621843 ], [ 79.867386196021826, 6.827184145901811 ], [ 79.867398049985638, 6.827116774090035 ], [ 79.867398260426967, 6.827005425430253 ], [ 79.867404267898252, 6.826929251953629 ], [ 79.867404333548677, 6.826894089360962 ], [ 79.867416076896021, 6.826885320970963 ], [ 79.867492294439401, 6.82688839485375 ], [ 79.867583528862369, 6.826891415676408 ], [ 79.867583560338602, 6.826891416575751 ], [ 79.867586070346448, 6.82689149931339 ], [ 79.867671059877111, 6.826906310248125 ], [ 79.867713140055002, 6.826910937260072 ], [ 79.867713171531236, 6.826910939958021 ], [ 79.867779541498209, 6.826918237956448 ], [ 79.86786453732411, 6.826930118899962 ], [ 79.867917278964853, 6.826944869580126 ], [ 79.867934847221022, 6.826956623719269 ], [ 79.867952386698917, 6.826983028713844 ], [ 79.868086504394313, 6.827006945284342 ], [ 79.868101851325008, 6.827009681921317 ], [ 79.868444733143562, 6.82707479283736 ], [ 79.868614697815758, 6.827113205579895 ], [ 79.868831551340719, 6.827160497328986 ], [ 79.868904810114572, 6.827178216671207 ], [ 79.868979184047802, 6.827196386573834 ], [ 79.868852304995656, 6.827476350922732 ], [ 79.868844926957578, 6.827497363582329 ], [ 79.868602875328421, 6.828113377600287 ], [ 79.868241924331215, 6.827996515197076 ], [ 79.868216548161016, 6.827980596297509 ], [ 79.868162781293208, 6.827964363534621 ], [ 79.868060607516838, 6.827942662893692 ], [ 79.868030369611688, 6.827927479639585 ], [ 79.867576486271616, 6.827732367225124 ], [ 79.867582634037092, 6.827738095007306 ], [ 79.867404249012651, 6.827661411615093 ] ], [ [ 79.868016341986475, 6.827923611655429 ], [ 79.868029099769004, 6.827930018425687 ], [ 79.868012099884325, 6.827922710534784 ], [ 79.868016341986475, 6.827923611655429 ] ], [ [ 79.867086676814978, 6.829878991392744 ], [ 79.867107458348755, 6.82974130968404 ], [ 79.867069363066889, 6.829732447764642 ], [ 79.867072278668999, 6.829741244033588 ], [ 79.867057459640336, 6.829826192195447 ], [ 79.867051469256154, 6.829893575698358 ], [ 79.866972319023589, 6.829890496419675 ], [ 79.866884391407808, 6.829878609180928 ], [ 79.866734920486408, 6.829854885065386 ], [ 79.866485817272846, 6.829807531263115 ], [ 79.866476944561612, 6.829848537650409 ], [ 79.866503318979213, 6.829854447994915 ], [ 79.866608825643056, 6.829872228491014 ], [ 79.866676612941546, 6.829883975435616 ], [ 79.866711400516991, 6.829890003591269 ], [ 79.866875535783663, 6.829910824695227 ], [ 79.867024995013878, 6.829940408793243 ], [ 79.867030797439668, 6.829972652186582 ], [ 79.867027580564738, 6.830042547495992 ], [ 79.867021626153459, 6.830171889791289 ], [ 79.86700374853055, 6.83032422775137 ], [ 79.866980051394663, 6.83045311229171 ], [ 79.866956426204595, 6.830543904248204 ], [ 79.866921058566447, 6.830643464594647 ], [ 79.866904877964188, 6.830657561467746 ], [ 79.86687737579669, 6.830647635650309 ], [ 79.866743297671533, 6.830600603805308 ], [ 79.866531310378093, 6.830503527386437 ], [ 79.866397274521006, 6.830434664498708 ], [ 79.866253889311892, 6.830359547725542 ], [ 79.866091777519841, 6.830287513828337 ], [ 79.866091102129019, 6.830287377131409 ], [ 79.866077472903342, 6.83025215338481 ], [ 79.866089354746236, 6.830170129818279 ], [ 79.866095367613411, 6.830091025451086 ], [ 79.866107233268508, 6.830017791858247 ], [ 79.866113434093947, 6.829839060594805 ], [ 79.866125333023916, 6.829748246155248 ], [ 79.866134321747722, 6.829645705455571 ], [ 79.866131567124256, 6.829551934045156 ], [ 79.866119923601758, 6.829507958995708 ], [ 79.866102384123877, 6.829481553101816 ], [ 79.866073100399419, 6.829463916497182 ], [ 79.866035055479543, 6.829428682858025 ], [ 79.866020518837999, 6.829364189776144 ], [ 79.866029502165887, 6.829264579967028 ], [ 79.866058990935755, 6.82917379880235 ], [ 79.866085397728995, 6.829162128300204 ], [ 79.866129372778431, 6.829162211037784 ], [ 79.866158772515433, 6.829118313330084 ], [ 79.866261901371644, 6.828843067723922 ], [ 79.866349790316576, 6.828875465800632 ], [ 79.86652561766914, 6.828913891133652 ], [ 79.866710257478459, 6.828943541781499 ], [ 79.866845086537566, 6.828958447145031 ], [ 79.866912508711366, 6.828961504839939 ], [ 79.866915517842898, 6.828920487660759 ], [ 79.866780677991969, 6.828911442279674 ], [ 79.866619486206346, 6.828884765689814 ], [ 79.866475895951851, 6.828852262392523 ], [ 79.866402626386119, 6.828840403032691 ], [ 79.866341100167617, 6.828819775282938 ], [ 79.866282511134969, 6.828796222937862 ], [ 79.866267875567956, 6.828784475094013 ], [ 79.866270828941552, 6.828772759625643 ], [ 79.86631508098219, 6.828626332010177 ], [ 79.866336124218677, 6.828554182999669 ], [ 79.86635422577281, 6.828459245168533 ], [ 79.86633804517048, 6.82818227556201 ], [ 79.866450817457149, 6.828178968754907 ], [ 79.866516986875297, 6.828177028917239 ], [ 79.866598115616412, 6.828174063852368 ], [ 79.866679245256833, 6.828171097888271 ], [ 79.867116104430536, 6.828150092423125 ], [ 79.867309581877549, 6.828134864202891 ], [ 79.867415695583787, 6.828119471406751 ], [ 79.867512484219631, 6.828085349329632 ], [ 79.867771490767524, 6.828067126366937 ], [ 79.867974328358429, 6.828051915233826 ], [ 79.868028017884598, 6.828047545427993 ], [ 79.868117465354672, 6.82802137245845 ], [ 79.868606048136527, 6.828151449499757 ], [ 79.8682396112752, 6.82906992081031 ], [ 79.868207884992074, 6.829169858871977 ], [ 79.867896968676519, 6.830043913566001 ], [ 79.867586349137028, 6.829973700795913 ], [ 79.867520419837788, 6.829955994943512 ], [ 79.867388533360455, 6.829935234993403 ], [ 79.867089591517683, 6.829887786762348 ], [ 79.867086676814978, 6.829878991392744 ] ], [ [ 79.866114142759884, 6.830513008039527 ], [ 79.86617980945698, 6.830406803501815 ], [ 79.866314673589699, 6.830492031352788 ], [ 79.86645860108996, 6.830567730886641 ], [ 79.866595707232548, 6.830622846737524 ], [ 79.86672596503773, 6.830671091767964 ], [ 79.866856210252365, 6.830726194129043 ], [ 79.866972799261816, 6.830746985555428 ], [ 79.867082502162219, 6.830781478153145 ], [ 79.86719225722338, 6.830788542327801 ], [ 79.867308129473088, 6.83080920515107 ], [ 79.867308108788706, 6.830809381418214 ], [ 79.867492083099648, 6.83081654002162 ], [ 79.86761553303694, 6.830837344038498 ], [ 79.867547858153756, 6.83105472546555 ], [ 79.867549825870327, 6.831054774928255 ], [ 79.867500175199524, 6.831214260699923 ], [ 79.867473731534176, 6.831359526391374 ], [ 79.867471748529042, 6.831359526391383 ], [ 79.867435800828261, 6.831556995928957 ], [ 79.867434986042454, 6.831560068013116 ], [ 79.867406643008835, 6.831564060103704 ], [ 79.867322128320311, 6.831572790722126 ], [ 79.867219833135479, 6.831577042716781 ], [ 79.867188463883139, 6.831565910908461 ], [ 79.867188464782473, 6.831565207638661 ], [ 79.867146262296828, 6.831550230329302 ], [ 79.867016863344247, 6.831547233788299 ], [ 79.867014880339099, 6.831547233788271 ], [ 79.866935266955679, 6.831545390178128 ], [ 79.866791423991657, 6.831545116784235 ], [ 79.866789440986594, 6.831545112287641 ], [ 79.866772701005985, 6.831545079912078 ], [ 79.866772064285982, 6.831553761967069 ], [ 79.866559232529241, 6.831544677015779 ], [ 79.866399061474112, 6.831541514999548 ], [ 79.866397078469078, 6.831541514999558 ], [ 79.866308211061735, 6.831539761321585 ], [ 79.866161459690289, 6.831535038981566 ], [ 79.866149785590721, 6.83130701677609 ], [ 79.866149782892748, 6.831306976306581 ], [ 79.866145183759826, 6.831217130436864 ], [ 79.866141513626488, 6.831145448174555 ], [ 79.866135564611099, 6.831040751799867 ], [ 79.866113145411859, 6.831040445131059 ], [ 79.86609408967702, 6.831040409158229 ], [ 79.866099080015076, 6.831214452255873 ], [ 79.866105424732169, 6.831343736994568 ], [ 79.866110183944414, 6.831419878994948 ], [ 79.866116529560813, 6.83153250738998 ], [ 79.866070041805642, 6.831539308063343 ], [ 79.865969960751755, 6.831548009004122 ], [ 79.865869880597117, 6.831556709944982 ], [ 79.865776463519595, 6.831569867925845 ], [ 79.865718573260139, 6.831609763650447 ], [ 79.865638505719119, 6.831618502362782 ], [ 79.865536218628264, 6.831618309008621 ], [ 79.865456201449149, 6.831600378325627 ], [ 79.865376293987381, 6.831524660805286 ], [ 79.865327441015168, 6.831489008082124 ], [ 79.865251921345646, 6.831444415198456 ], [ 79.865171913159827, 6.831422038267391 ], [ 79.865165491101067, 6.831420544493454 ], [ 79.865165559449508, 6.831384418726854 ], [ 79.865154060717828, 6.831264258509655 ], [ 79.865146142187271, 6.831152518644738 ], [ 79.865142638428537, 6.831103074817935 ], [ 79.865141364089155, 6.831001980228105 ], [ 79.865140089749744, 6.830900885638254 ], [ 79.865114259421915, 6.830607814569892 ], [ 79.865099678713548, 6.830566764115774 ], [ 79.865088101740909, 6.830487626473644 ], [ 79.865079814488155, 6.830385903257723 ], [ 79.86508031900776, 6.830166775347274 ], [ 79.865324213348018, 6.830184621493913 ], [ 79.865446519347742, 6.830191443750901 ], [ 79.865478254624065, 6.83019559771945 ], [ 79.865677169372148, 6.830216544728476 ], [ 79.865951419428811, 6.830306205337812 ], [ 79.866129661461073, 6.830375112292231 ], [ 79.866156945093294, 6.830392354094474 ], [ 79.866140705135777, 6.830419291487742 ], [ 79.866096591590846, 6.830492463027374 ], [ 79.866049551651855, 6.830562699179894 ], [ 79.86601131247852, 6.830630022428241 ], [ 79.865952495917412, 6.830726607817375 ], [ 79.865990563320238, 6.830750121491617 ], [ 79.866002339942469, 6.830723772254975 ], [ 79.86606413236025, 6.830603749634007 ], [ 79.866114142759884, 6.830513008039527 ] ], [ [ 79.864712275957274, 6.831289798356526 ], [ 79.864683220660609, 6.831152023118412 ], [ 79.864645391577966, 6.831002510828273 ], [ 79.864624969772962, 6.830949727818688 ], [ 79.864605045293047, 6.830934178540563 ], [ 79.864598623234258, 6.830929166618755 ], [ 79.864587210837556, 6.830928153082863 ], [ 79.864531206456476, 6.830923178932605 ], [ 79.864437375690741, 6.83093179173984 ], [ 79.864314234221013, 6.830937418797935 ], [ 79.864322968436639, 6.830969667587216 ], [ 79.864393339487435, 6.830963940704385 ], [ 79.864516475561288, 6.83096124363754 ], [ 79.864586830424315, 6.830964306728438 ], [ 79.864616097061656, 6.830990734206043 ], [ 79.864651015938094, 6.831128520236042 ], [ 79.864694614171654, 6.831327857665496 ], [ 79.864712032241059, 6.831418726963731 ], [ 79.864712000764811, 6.831435316757465 ], [ 79.864667322445527, 6.831456647777125 ], [ 79.864551592288677, 6.831509769831102 ], [ 79.864462563003428, 6.831554051549304 ], [ 79.864378014140641, 6.831580561764597 ], [ 79.864297971780573, 6.831575965329657 ], [ 79.864235819633933, 6.831518061580379 ], [ 79.864151372394431, 6.831491232105833 ], [ 79.86404464624998, 6.831486584409521 ], [ 79.863960148648474, 6.831486424330219 ], [ 79.863786587587498, 6.831548326465352 ], [ 79.863747334878113, 6.831561772229252 ], [ 79.863726761087676, 6.831537000403473 ], [ 79.863721002728639, 6.831481315281686 ], [ 79.863712530215565, 6.831311347012287 ], [ 79.863709932074187, 6.8311355295523 ], [ 79.86370730605374, 6.830974362947696 ], [ 79.863698805661755, 6.830819045533796 ], [ 79.863690115512824, 6.830763355016114 ], [ 79.863672831442344, 6.830602160532523 ], [ 79.863661199610988, 6.830552324601356 ], [ 79.863661260764857, 6.830519688204275 ], [ 79.863664486633056, 6.83052130788329 ], [ 79.863925288227705, 6.830466945664162 ], [ 79.864110585441452, 6.830433010646052 ], [ 79.864131292331578, 6.830426966302596 ], [ 79.864227277872871, 6.830398947024871 ], [ 79.864277167763333, 6.830386580447434 ], [ 79.864337097685222, 6.830371726345174 ], [ 79.864394433062898, 6.830367059763034 ], [ 79.864419436014444, 6.830365025496573 ], [ 79.864542976783227, 6.830337830897186 ], [ 79.864618584586282, 6.830262545950763 ], [ 79.864673676155476, 6.83015293747903 ], [ 79.864721803374778, 6.830098172363734 ], [ 79.864865872967897, 6.830098444858258 ], [ 79.865002131949069, 6.830122191456867 ], [ 79.865013482292696, 6.83014172383237 ], [ 79.86501916780658, 6.830235501538054 ], [ 79.865030772658315, 6.830299988324675 ], [ 79.865033504798774, 6.830405481498663 ], [ 79.865051000209846, 6.830455328221756 ], [ 79.865068273488362, 6.830622382687726 ], [ 79.865097191188866, 6.830833413102432 ], [ 79.865108568512085, 6.831018037623219 ], [ 79.865114204563383, 6.831138187048587 ], [ 79.865131439171108, 6.831325754151168 ], [ 79.865128352697837, 6.831407793905459 ], [ 79.865122531386277, 6.831411011679752 ], [ 79.865112140619345, 6.831408594302087 ], [ 79.865041001547553, 6.831399569605367 ], [ 79.864960976274588, 6.831386083371981 ], [ 79.864858681089828, 6.831390334467342 ], [ 79.864778604555497, 6.83140351852856 ], [ 79.864764901585446, 6.831410060197125 ], [ 79.864744308009932, 6.831404137262125 ], [ 79.864712275957274, 6.831289798356526 ] ], [ [ 79.864569216303025, 6.832269910998692 ], [ 79.864555773237115, 6.832323226406849 ], [ 79.864497891071579, 6.83235867678262 ], [ 79.864430281838821, 6.832359755969077 ], [ 79.864248835522062, 6.832362649987493 ], [ 79.863986446623983, 6.832362153561744 ], [ 79.8639623268067, 6.832359069786493 ], [ 79.86394960229903, 6.832357632669832 ], [ 79.863945028347132, 6.832424299413137 ], [ 79.863954515295404, 6.832424317399574 ], [ 79.864100271117366, 6.832424593491366 ], [ 79.864189628655211, 6.832424762563917 ], [ 79.864327468644547, 6.832438359413879 ], [ 79.864295950104818, 6.832642770818366 ], [ 79.864268777988627, 6.832900531805253 ], [ 79.864258874654226, 6.83297714505042 ], [ 79.864238855745555, 6.833132014601999 ], [ 79.8642371839059, 6.83314494955098 ], [ 79.86420572382211, 6.833318247110626 ], [ 79.864205617702083, 6.833374483516827 ], [ 79.863961016494684, 6.833333261292244 ], [ 79.863941296160874, 6.833333224420033 ], [ 79.863782643161414, 6.833332923147202 ], [ 79.863535665045887, 6.833332455499833 ], [ 79.863295547858215, 6.83333200044289 ], [ 79.863000598106069, 6.833304012641581 ], [ 79.862889778247549, 6.833276098584573 ], [ 79.862753737801626, 6.833241830817405 ], [ 79.862630339125715, 6.833193597478144 ], [ 79.862589254497436, 6.833152377951442 ], [ 79.862548169869015, 6.833111157525502 ], [ 79.862558307926378, 6.833001995117597 ], [ 79.862576184649981, 6.832809499730225 ], [ 79.862748778040356, 6.832240692025827 ], [ 79.862790057821556, 6.832179056989387 ], [ 79.862869199960244, 6.832028143555433 ], [ 79.86287268303451, 6.832021502062128 ], [ 79.862928074077942, 6.831754181281877 ], [ 79.862951648906076, 6.831651408557108 ], [ 79.862962662903087, 6.831603391954448 ], [ 79.862962946189555, 6.831454234896405 ], [ 79.862963105369545, 6.831370253505805 ], [ 79.862964720551844, 6.831307461041915 ], [ 79.863004392345346, 6.831271251638333 ], [ 79.863022257377708, 6.831231280370686 ], [ 79.863057911899574, 6.831191342377959 ], [ 79.863115750897606, 6.831178116947897 ], [ 79.863209151787331, 6.83117384876547 ], [ 79.863338046220321, 6.831214098822937 ], [ 79.863386924373515, 6.831236416398836 ], [ 79.863409017118897, 6.831312024201917 ], [ 79.863390958732253, 6.831454231299064 ], [ 79.863387438785765, 6.831518739669455 ], [ 79.863386350606106, 6.831538677639178 ], [ 79.863412949854279, 6.831583178792013 ], [ 79.863457338591857, 6.831627713219735 ], [ 79.863519583368642, 6.831636721728628 ], [ 79.863604080970148, 6.831636881807927 ], [ 79.863728663153822, 6.831606001786812 ], [ 79.863822115304956, 6.831575064209058 ], [ 79.863893321825884, 6.831548528812796 ], [ 79.864013448768191, 6.831522086046636 ], [ 79.864069842555722, 6.831522195763912 ], [ 79.864090326414001, 6.831522237132732 ], [ 79.864161457391873, 6.831535707178294 ], [ 79.864245888443577, 6.831571427350598 ], [ 79.864285837228195, 6.831611508335533 ], [ 79.864356833307838, 6.831696098567185 ], [ 79.864427661214236, 6.831869589481062 ], [ 79.864502843638036, 6.832091983729158 ], [ 79.864521761776643, 6.83214269739869 ], [ 79.864569216303025, 6.832269910998692 ] ], [ [ 79.862898518758527, 6.833344300470631 ], [ 79.86290447316982, 6.833344973163518 ], [ 79.863026168529785, 6.833365482202722 ], [ 79.863278933782723, 6.833367788064431 ], [ 79.863509742087928, 6.833372547276599 ], [ 79.863776241787093, 6.83337492688266 ], [ 79.863731031968697, 6.8340150013626 ], [ 79.863702478493778, 6.834319572961295 ], [ 79.863653882727803, 6.834682312709975 ], [ 79.863653509509149, 6.834687617810681 ], [ 79.86363705101644, 6.834981596295055 ], [ 79.863347373989455, 6.834943505509869 ], [ 79.863004412131204, 6.834908570445732 ], [ 79.862915265034729, 6.834887829381436 ], [ 79.862874179507102, 6.834846609854745 ], [ 79.862853728024405, 6.83477800057587 ], [ 79.862793465353391, 6.83464684434799 ], [ 79.862771740430702, 6.834599561592146 ], [ 79.862648902931667, 6.834256475627456 ], [ 79.862560393454459, 6.833899741551486 ], [ 79.86252024771828, 6.833649293851463 ], [ 79.862519711722328, 6.833645952870048 ], [ 79.862479278203054, 6.833261881202484 ], [ 79.862719278478821, 6.83332405043614 ], [ 79.862865420109998, 6.833340561089546 ], [ 79.862861892968922, 6.833446895129625 ], [ 79.862863919141532, 6.833457120421301 ], [ 79.862860786802841, 6.83345711412606 ], [ 79.862867600066679, 6.833628352238212 ], [ 79.862901860639354, 6.83363012929853 ], [ 79.862891374544276, 6.833457171682673 ], [ 79.862894881900303, 6.833457178877244 ], [ 79.862898518758527, 6.833344300470631 ] ], [ [ 79.864908578175786, 6.835202656848276 ], [ 79.86497680164554, 6.835211017845303 ], [ 79.86501830445863, 6.835215771661613 ], [ 79.865170203549553, 6.835233169046548 ], [ 79.865246480448207, 6.835241905960214 ], [ 79.865246943599061, 6.835241709008689 ], [ 79.865220171681116, 6.835439529281925 ], [ 79.865204382283963, 6.835437678477142 ], [ 79.865205660220553, 6.835446747240661 ], [ 79.8651762946579, 6.835642312913507 ], [ 79.865168202558081, 6.835656403491283 ], [ 79.865176266778846, 6.835656802790288 ], [ 79.865129178276632, 6.83599494877895 ], [ 79.865119685932456, 6.835993507165686 ], [ 79.865095082279865, 6.835996972253537 ], [ 79.864858390609839, 6.835959055936829 ], [ 79.864796263644237, 6.835949103139735 ], [ 79.86464112789335, 6.835924252173688 ], [ 79.864552017669112, 6.835911355895591 ], [ 79.86448160794744, 6.835901166576791 ], [ 79.864408704405761, 6.835897813904277 ], [ 79.864223290280236, 6.835889285633318 ], [ 79.863908043728784, 6.835846919471158 ], [ 79.86359657522928, 6.835815951316533 ], [ 79.863554621855911, 6.835812377410726 ], [ 79.863368664539777, 6.835796534054359 ], [ 79.86331452715126, 6.835796430632324 ], [ 79.863220953591608, 6.835557031103645 ], [ 79.863073379340349, 6.835245383639134 ], [ 79.862956018712651, 6.835028721669774 ], [ 79.862933332414698, 6.834971720839817 ], [ 79.862956126631261, 6.834971764007263 ], [ 79.863459352174743, 6.835031278442253 ], [ 79.863673997864097, 6.835056663605545 ], [ 79.86430072010954, 6.835126200085337 ], [ 79.864418462949146, 6.835141611767211 ], [ 79.864536206688015, 6.835157023449073 ], [ 79.864584082996544, 6.835162890626098 ], [ 79.864725817949591, 6.835180260132057 ], [ 79.864870027836972, 6.835197932709579 ], [ 79.864908578175786, 6.835202656848276 ] ], [ [ 79.865084875874018, 6.83603304046358 ], [ 79.865127190774899, 6.836042884442684 ], [ 79.865092235925701, 6.836445319367109 ], [ 79.865050983124235, 6.836737387691442 ], [ 79.865049876958111, 6.836745215390502 ], [ 79.865046030557693, 6.83676848534851 ], [ 79.865019131835368, 6.836931219471333 ], [ 79.864957525577324, 6.83736398043456 ], [ 79.864922786565344, 6.837652500034081 ], [ 79.864887945930107, 6.837994180358359 ], [ 79.864869321869861, 6.838092864765156 ], [ 79.864834218632453, 6.838278867047308 ], [ 79.864819676595062, 6.838397404887557 ], [ 79.864807207494863, 6.838499051661172 ], [ 79.864803350302637, 6.838529421766678 ], [ 79.864788124780389, 6.838544581638438 ], [ 79.864751820048738, 6.838562639125768 ], [ 79.864465227696385, 6.83852878144948 ], [ 79.863778933459244, 6.838441380836571 ], [ 79.863631948263986, 6.838422662347559 ], [ 79.863496681234992, 6.838405435833747 ], [ 79.863418299922785, 6.838393677197987 ], [ 79.863438309838216, 6.838227799045281 ], [ 79.863443918909908, 6.838181302296868 ], [ 79.863475981539338, 6.837886732957966 ], [ 79.863498050902308, 6.837683975406696 ], [ 79.863548174616454, 6.837296757910589 ], [ 79.863552442798849, 6.837049949766898 ], [ 79.863530216953748, 6.836749930536365 ], [ 79.863519287492878, 6.836604301518845 ], [ 79.863515143416862, 6.836549089440424 ], [ 79.863511690020147, 6.836503079225237 ], [ 79.863489118835474, 6.836385323795178 ], [ 79.86348720507813, 6.83637780636216 ], [ 79.863483316409614, 6.836341471053568 ], [ 79.863477736116323, 6.836340602308442 ], [ 79.863451408463405, 6.836237163186064 ], [ 79.863443882936551, 6.836199176722106 ], [ 79.863391048665548, 6.836013015259946 ], [ 79.863345718337783, 6.835876231074757 ], [ 79.863330494614161, 6.835837282336235 ], [ 79.86362307465275, 6.835865365465661 ], [ 79.864094055903522, 6.835923215255488 ], [ 79.864356137233528, 6.835954088981302 ], [ 79.864371333078239, 6.835954117759615 ], [ 79.864398399973794, 6.835952652763954 ], [ 79.864521250063277, 6.835972509794752 ], [ 79.864565058738151, 6.835969674232331 ], [ 79.864868909080528, 6.836012017911458 ], [ 79.865051229538295, 6.836031348838783 ], [ 79.865081601442398, 6.836042798107743 ], [ 79.865084875874018, 6.83603304046358 ] ], [ [ 79.864433723545957, 6.83925474927867 ], [ 79.864431431174026, 6.839258383439024 ], [ 79.864394105711895, 6.839295623465675 ], [ 79.864356033812413, 6.839347971203345 ], [ 79.864300830727203, 6.83942506558572 ], [ 79.864223736344783, 6.839438390840543 ], [ 79.863975320213257, 6.839429824798071 ], [ 79.863771200189163, 6.839402663473736 ], [ 79.863739277853767, 6.839398415975678 ], [ 79.863581281359444, 6.839383186856177 ], [ 79.863328836265168, 6.839338652428501 ], [ 79.863291779700248, 6.839328700530759 ], [ 79.863305195786509, 6.839210073657586 ], [ 79.863406617729368, 6.838479363703292 ], [ 79.863576282927298, 6.838500515757749 ], [ 79.864108052053211, 6.838558481560127 ], [ 79.864423307597832, 6.838597050784643 ], [ 79.864780317765764, 6.838654684737228 ], [ 79.864741952687311, 6.838852065241928 ], [ 79.864722095656575, 6.838996160915396 ], [ 79.864720059591448, 6.839010934078622 ], [ 79.864699578431299, 6.83915955693934 ], [ 79.864691757027373, 6.83925458110537 ], [ 79.864482117863844, 6.839242754121183 ], [ 79.864433723545957, 6.83925474927867 ] ], [ [ 79.864672050183444, 6.839494009412356 ], [ 79.864664579515264, 6.839584773489849 ], [ 79.864651591506245, 6.839723246601899 ], [ 79.864440207658021, 6.839702061272519 ], [ 79.863711506789059, 6.839617640113527 ], [ 79.863707132486653, 6.839617133795257 ], [ 79.863690712664734, 6.839615338748469 ], [ 79.863263701966702, 6.839568665732997 ], [ 79.863270419902392, 6.839517578844924 ], [ 79.863287729153782, 6.839364523225843 ], [ 79.863410545968293, 6.839375589383566 ], [ 79.863696697652898, 6.839417001365085 ], [ 79.863740237430491, 6.839422810985539 ], [ 79.864007383742191, 6.839458459212024 ], [ 79.864318131884716, 6.839467222205958 ], [ 79.864321877561068, 6.839460183212315 ], [ 79.864391997700935, 6.839328408250818 ], [ 79.864457498922846, 6.839287663566187 ], [ 79.864559708672076, 6.839296030858497 ], [ 79.864687574280595, 6.839305402693513 ], [ 79.864673134765823, 6.839480832545763 ], [ 79.864672050183444, 6.839494009412356 ] ], [ [ 79.864576306559997, 6.840398979200932 ], [ 79.864573128355872, 6.840441087257784 ], [ 79.864567843939625, 6.840511101277692 ], [ 79.864552438552977, 6.840621189987331 ], [ 79.8645371986416, 6.840643944633722 ], [ 79.864528030053293, 6.840649012313501 ], [ 79.86424095206705, 6.840597816607439 ], [ 79.864003555328537, 6.840571710187784 ], [ 79.8637804308309, 6.840547173085183 ], [ 79.863544456819909, 6.840521223147593 ], [ 79.863397715340966, 6.840505085712839 ], [ 79.863139438143179, 6.84047042044529 ], [ 79.863158607192588, 6.840379324517947 ], [ 79.863169229085258, 6.840302561985347 ], [ 79.863170163480873, 6.840295808976114 ], [ 79.863196948888643, 6.84007840146882 ], [ 79.863201032710009, 6.840045254256836 ], [ 79.863229519635112, 6.839828612072507 ], [ 79.863255581088652, 6.839630423077298 ], [ 79.863490510087459, 6.839654693980549 ], [ 79.863609833035852, 6.839664657569509 ], [ 79.863676638274768, 6.839670236064151 ], [ 79.863787963552156, 6.839682813082884 ], [ 79.863984303541272, 6.839704993961782 ], [ 79.864180734361909, 6.839721165570793 ], [ 79.86431477831286, 6.839732201151597 ], [ 79.864413558947135, 6.839746495875507 ], [ 79.864646252231267, 6.839780170989459 ], [ 79.864629682222656, 6.839956831114233 ], [ 79.86459846045922, 6.840175112762656 ], [ 79.86459289455513, 6.840214021931016 ], [ 79.864587329550332, 6.840252930199931 ], [ 79.864583308681375, 6.840306209635282 ], [ 79.864576306559997, 6.840398979200932 ] ], [ [ 79.864376149848297, 6.841124598992547 ], [ 79.864245158196326, 6.841107981319798 ], [ 79.864216131678006, 6.8411050684157 ], [ 79.863987336055558, 6.841082108723954 ], [ 79.863812863981323, 6.84106460072233 ], [ 79.863744163870905, 6.841058047362591 ], [ 79.863588832067762, 6.841043230132616 ], [ 79.863486683472502, 6.841033485978299 ], [ 79.863357641550735, 6.841021176957489 ], [ 79.863061532572488, 6.840995688372124 ], [ 79.863080091881471, 6.840867580845945 ], [ 79.86312379443622, 6.840518156459491 ], [ 79.863441102233807, 6.840572529470378 ], [ 79.863688533607657, 6.840594506203092 ], [ 79.86381096910965, 6.840617898468819 ], [ 79.863887515804919, 6.840632523243923 ], [ 79.86399509270808, 6.840643481483011 ], [ 79.864291747574867, 6.840679836576705 ], [ 79.864307051338088, 6.840681712562501 ], [ 79.864489934771484, 6.840698189940934 ], [ 79.864506033535378, 6.840719728703942 ], [ 79.864531809903909, 6.840727510537608 ], [ 79.86448429332431, 6.841098613081943 ], [ 79.864477679709992, 6.841131338511901 ], [ 79.864461302156229, 6.841131307934988 ], [ 79.864376149848297, 6.841124598992547 ] ], [ [ 79.864374652477267, 6.841913596706671 ], [ 79.864332069578424, 6.841913516666972 ], [ 79.864299319866774, 6.841910180182217 ], [ 79.864269827499598, 6.841916672388051 ], [ 79.864230483958707, 6.841936240736506 ], [ 79.864194390567732, 6.841968911307782 ], [ 79.864174674730521, 6.842001612456038 ], [ 79.864164649088366, 6.842106356494708 ], [ 79.864141210057952, 6.842374769051935 ], [ 79.864131542346016, 6.842432073852726 ], [ 79.863885659604634, 6.842403749704923 ], [ 79.863871277646496, 6.842402049986267 ], [ 79.863594272966424, 6.842369324556415 ], [ 79.863181566884876, 6.842320566912411 ], [ 79.862922193413567, 6.842283891660153 ], [ 79.862932362947262, 6.842168544614496 ], [ 79.86296950854495, 6.841847273504682 ], [ 79.862987060613278, 6.841695468842643 ], [ 79.863021076570377, 6.841316989159533 ], [ 79.863031029367306, 6.841206241246839 ], [ 79.863053944992359, 6.841048064888079 ], [ 79.863439403414532, 6.841083659155269 ], [ 79.863727612747965, 6.841110273691841 ], [ 79.863757542185695, 6.841113625465101 ], [ 79.863941353719312, 6.841134210946628 ], [ 79.864471010337738, 6.841193529329365 ], [ 79.864467647772599, 6.841239356982223 ], [ 79.86445328829754, 6.841371374760591 ], [ 79.864430977016951, 6.841576495730152 ], [ 79.864417488984955, 6.841779450232916 ], [ 79.864407445356363, 6.841894015767688 ], [ 79.864394311657222, 6.841910360046599 ], [ 79.864374652477267, 6.841913596706671 ] ], [ [ 79.86542392118632, 6.842632478777152 ], [ 79.865562585853965, 6.842648549662083 ], [ 79.865691612487211, 6.842663503589061 ], [ 79.866017494421129, 6.842705710571215 ], [ 79.866128132616538, 6.842718016894096 ], [ 79.866436681916696, 6.842752337721263 ], [ 79.866513044250894, 6.842765207019719 ], [ 79.866454729511531, 6.842933383839622 ], [ 79.866416734054454, 6.843110754428876 ], [ 79.866384414218771, 6.843132201461021 ], [ 79.866368274985334, 6.843132170884043 ], [ 79.866330615874602, 6.843132099837624 ], [ 79.866271447678585, 6.843126611275171 ], [ 79.866228408823403, 6.843126529436949 ], [ 79.866084807777099, 6.843109851509592 ], [ 79.86604015373949, 6.843104665119362 ], [ 79.865975615691511, 6.843093788718549 ], [ 79.865830379677647, 6.843082759432987 ], [ 79.865650275149477, 6.843069784913935 ], [ 79.865523768416594, 6.843060671184347 ], [ 79.865495196955138, 6.843059059599224 ], [ 79.865227906751841, 6.843043979767184 ], [ 79.864749109493133, 6.843037695304876 ], [ 79.864598463157904, 6.843042786366976 ], [ 79.864367180010689, 6.843015463164634 ], [ 79.86434013559807, 6.843014946054502 ], [ 79.864055158428116, 6.84300949436432 ], [ 79.863915997334701, 6.843003948245255 ], [ 79.863630180197916, 6.842992556532969 ], [ 79.863291310255065, 6.842959651238701 ], [ 79.863124566055191, 6.842943203537847 ], [ 79.862930911441623, 6.842932081622144 ], [ 79.862898632075485, 6.842932020468264 ], [ 79.862898642867293, 6.842926643421774 ], [ 79.862898805644534, 6.842840611576888 ], [ 79.862899061951325, 6.842706185414034 ], [ 79.862903188040832, 6.842545758052212 ], [ 79.862904870672338, 6.842480361151642 ], [ 79.862915710200923, 6.842357418432003 ], [ 79.863053997153315, 6.842369363227345 ], [ 79.863132327204255, 6.842376128827111 ], [ 79.86333540041754, 6.842400806223993 ], [ 79.86351548246266, 6.842422690326656 ], [ 79.863671684809603, 6.842436480530822 ], [ 79.864046038403131, 6.842469530615965 ], [ 79.864419684230285, 6.842515713500886 ], [ 79.864422642100479, 6.842516078625645 ], [ 79.864678651207953, 6.842540707459159 ], [ 79.864769791202121, 6.842549475849088 ], [ 79.865162755366129, 6.842605875931784 ], [ 79.865301058506333, 6.842619963811582 ], [ 79.86542392118632, 6.842632478777152 ] ], [ [ 79.864331595635946, 6.843092625895528 ], [ 79.864382502659694, 6.843091956799923 ], [ 79.864616884870699, 6.843088879319851 ], [ 79.864772784146012, 6.843095370626318 ], [ 79.86492868342134, 6.843101861932793 ], [ 79.865156304529194, 6.843111339887781 ], [ 79.865456580066521, 6.843122628178045 ], [ 79.865678866395953, 6.843138884323241 ], [ 79.865901153624748, 6.843155141367882 ], [ 79.865938060902195, 6.843157841132606 ], [ 79.866087561501146, 6.843170727518202 ], [ 79.86611606551341, 6.843173184466044 ], [ 79.866354152931294, 6.843175779010065 ], [ 79.866421711802005, 6.843180194681282 ], [ 79.866402017548495, 6.843245821808325 ], [ 79.866391490983943, 6.843280898066081 ], [ 79.866360476064642, 6.843441138368973 ], [ 79.866352499977395, 6.843482346204412 ], [ 79.866329099617758, 6.843643877034412 ], [ 79.866317725891889, 6.843722391446308 ], [ 79.866312066458278, 6.843761821322126 ], [ 79.866285980723035, 6.8439435842002 ], [ 79.86606886639467, 6.843940336748305 ], [ 79.865743899071276, 6.843935475912734 ], [ 79.865471789401141, 6.843922781982148 ], [ 79.865467650721058, 6.843963369285389 ], [ 79.86602102066314, 6.843980371867841 ], [ 79.866280324886773, 6.843988338961785 ], [ 79.866254624061341, 6.844196062569377 ], [ 79.866254339875539, 6.844199389161628 ], [ 79.866235977518059, 6.844414700349328 ], [ 79.866235040424513, 6.844420069301917 ], [ 79.866221023591095, 6.844429662370193 ], [ 79.866196064706358, 6.84443169303936 ], [ 79.866158620533611, 6.844437857892008 ], [ 79.866096221073505, 6.84444397508058 ], [ 79.865985999264169, 6.844445844771128 ], [ 79.86587993681934, 6.844447722555629 ], [ 79.865704223680652, 6.844441154806785 ], [ 79.865621166793133, 6.844437653746064 ], [ 79.86539439014868, 6.844428096650723 ], [ 79.865192067869287, 6.844422029824218 ], [ 79.864950423632777, 6.844414784885905 ], [ 79.86481515300656, 6.84440728454005 ], [ 79.864717534296389, 6.844401872420022 ], [ 79.864444424580199, 6.844394695830095 ], [ 79.864402532360572, 6.844370560724417 ], [ 79.864400549355537, 6.844291245016546 ], [ 79.864408481375818, 6.843787592295096 ], [ 79.864424344517374, 6.843738020764587 ], [ 79.864464001921633, 6.84371819161282 ], [ 79.864653582606238, 6.84369712769184 ], [ 79.86480515434387, 6.843707824228159 ], [ 79.865372851385501, 6.843723449049287 ], [ 79.865379188008632, 6.84367149971126 ], [ 79.865023596071623, 6.843662511886849 ], [ 79.864714811149099, 6.843645298862955 ], [ 79.864481913718791, 6.843636543063529 ], [ 79.86423238872321, 6.843623599121405 ], [ 79.863975581017655, 6.843612719123395 ], [ 79.863933989171713, 6.843612640882347 ], [ 79.863753081548964, 6.843603983109039 ], [ 79.863549303267163, 6.843593203835052 ], [ 79.863245720922706, 6.843573921471165 ], [ 79.863118882339919, 6.843565366220556 ], [ 79.862887671138481, 6.843561296788379 ], [ 79.862892924078551, 6.843487219631419 ], [ 79.862895621145356, 6.843413137977873 ], [ 79.862900976608103, 6.843285412663588 ], [ 79.862902862486408, 6.843231923686239 ], [ 79.862906379734937, 6.843132140307944 ], [ 79.862906652229498, 6.842989077056179 ], [ 79.863182460811203, 6.843010179647917 ], [ 79.86319526176122, 6.843011159009591 ], [ 79.863226010481256, 6.843013349758077 ], [ 79.863264255050581, 6.843018884185975 ], [ 79.863376117223268, 6.843035072882126 ], [ 79.86352623655587, 6.843050364954165 ], [ 79.863529936366731, 6.843050701300588 ], [ 79.863592529181176, 6.84305639580779 ], [ 79.86374284186796, 6.843070070898798 ], [ 79.86404925437887, 6.843082367329052 ], [ 79.864053531554532, 6.843082539099506 ], [ 79.864058517395961, 6.843082738749014 ], [ 79.864135342881085, 6.843085821624987 ], [ 79.864331595635946, 6.843092625895528 ] ], [ [ 79.863222120014413, 6.84428409090994 ], [ 79.863197757380149, 6.844279985504846 ], [ 79.863193750001088, 6.844251560632891 ], [ 79.863189796581366, 6.844194719882321 ], [ 79.863194806704371, 6.843695406389785 ], [ 79.863211131198156, 6.84365484156958 ], [ 79.8632477399007, 6.843626494039299 ], [ 79.864064059018574, 6.843668638968206 ], [ 79.864295550808507, 6.843681256456393 ], [ 79.864348322126844, 6.843697595339359 ], [ 79.864364468554868, 6.843750399932591 ], [ 79.864364052168838, 6.843969614177932 ], [ 79.864359311842378, 6.84432684467975 ], [ 79.864343003536433, 6.844359290420504 ], [ 79.864310494843082, 6.844367347446751 ], [ 79.863831278500328, 6.844333961914555 ], [ 79.863469867050313, 6.844292680334738 ], [ 79.863222120014413, 6.84428409090994 ] ], [ [ 79.863136828311411, 6.843654483639364 ], [ 79.863126214512633, 6.843915694425653 ], [ 79.863111262384407, 6.8442836628327 ], [ 79.863026204505289, 6.844281037711671 ], [ 79.862861890273578, 6.844275964636043 ], [ 79.862853257681238, 6.844184580925614 ], [ 79.862859272347023, 6.844071870692217 ], [ 79.862867344661737, 6.843920584039648 ], [ 79.862877112198362, 6.843737551318871 ], [ 79.862879852432698, 6.843640477597909 ], [ 79.863136828311411, 6.843654483639364 ] ], [ [ 79.863718099720259, 6.844916889874365 ], [ 79.863687145055437, 6.844929711508775 ], [ 79.863658748961853, 6.844952842971112 ], [ 79.863643230260593, 6.844981150931173 ], [ 79.863627720552643, 6.845004306675236 ], [ 79.863612226133114, 6.845019734544931 ], [ 79.863591586692124, 6.845029999406747 ], [ 79.863416316919242, 6.845029666657655 ], [ 79.863118625134149, 6.845023949667496 ], [ 79.863111348719514, 6.844971897806808 ], [ 79.863108993395059, 6.844971933779639 ], [ 79.863116087247349, 6.845022679824716 ], [ 79.863118616140937, 6.845048446300686 ], [ 79.863239748525359, 6.845053828743147 ], [ 79.86358255570012, 6.845054479852163 ], [ 79.863595380032521, 6.845087993987558 ], [ 79.863597810900018, 6.845165282623542 ], [ 79.863589770061708, 6.845327564387425 ], [ 79.86307167242957, 6.845336884961222 ], [ 79.863071622966828, 6.845362646041231 ], [ 79.863587123356893, 6.845363625402825 ], [ 79.863597404406534, 6.845379101835896 ], [ 79.86359324953871, 6.845531085463039 ], [ 79.863587898572547, 6.845634121689223 ], [ 79.863593013916358, 6.845654740445778 ], [ 79.863598140052005, 6.845670206986334 ], [ 79.863610987766762, 6.845690840132012 ], [ 79.863626429126342, 6.845703749899998 ], [ 79.863649606454089, 6.84571409929809 ], [ 79.863930530379676, 6.845727512686362 ], [ 79.86435449057727, 6.845748926443475 ], [ 79.864692838014022, 6.845768894090793 ], [ 79.86471530217942, 6.845770219691507 ], [ 79.864849758019929, 6.845770475098869 ], [ 79.864955010175549, 6.845770673849025 ], [ 79.865274605848384, 6.845779008765683 ], [ 79.865305526338972, 6.845784219437615 ], [ 79.865300068353491, 6.845943930039746 ], [ 79.865361938112983, 6.845938894735603 ], [ 79.865362358995654, 6.845717347648917 ], [ 79.865128064918224, 6.845712333928562 ], [ 79.86507824967147, 6.845711268231969 ], [ 79.865011477707526, 6.845706072848492 ], [ 79.864929079123641, 6.845707831922432 ], [ 79.86493468190001, 6.845669382307694 ], [ 79.864934846475975, 6.845664085300857 ], [ 79.864934858167132, 6.845657835911904 ], [ 79.86493302714743, 6.845646553916831 ], [ 79.864935016447774, 6.845608254488861 ], [ 79.864917486862495, 6.845519011164917 ], [ 79.864914278980748, 6.845502678577287 ], [ 79.864927615027298, 6.845391288548658 ], [ 79.864927715751378, 6.845338214158732 ], [ 79.864921568885151, 6.845285128077715 ], [ 79.864917323185793, 6.845237453217425 ], [ 79.864915451696618, 6.845216431564563 ], [ 79.8648529721968, 6.845219434400886 ], [ 79.864466385125411, 6.845190115603001 ], [ 79.864329762818144, 6.845197585371894 ], [ 79.864314557080945, 6.84520261887746 ], [ 79.864275600248561, 6.845215515155605 ], [ 79.864249805893621, 6.845225771024242 ], [ 79.864061663225002, 6.845217686119047 ], [ 79.864038490393852, 6.845204761062599 ], [ 79.864033398432397, 6.845171261316392 ], [ 79.864020405926723, 6.844870743861466 ], [ 79.864018584799581, 6.844828607026333 ], [ 79.864021994129416, 6.844776222416399 ], [ 79.864034514490996, 6.844583903296179 ], [ 79.864046347770412, 6.844460271695881 ], [ 79.864048964797504, 6.844439667328463 ], [ 79.864069608735107, 6.844426825908987 ], [ 79.864118581317129, 6.844426918539099 ], [ 79.864360841589189, 6.844440259082314 ], [ 79.864659796921742, 6.8444588588608 ], [ 79.864931713237652, 6.844464526388218 ], [ 79.865094668593756, 6.844472753386293 ], [ 79.865238608684521, 6.844480019908375 ], [ 79.865302839164357, 6.844483262863688 ], [ 79.865645627453461, 6.844494216606142 ], [ 79.865940726493022, 6.844507656074727 ], [ 79.866054131003139, 6.844510446670991 ], [ 79.86614691136063, 6.844515775154108 ], [ 79.86619843711793, 6.844528753270557 ], [ 79.866213739082554, 6.84454410469784 ], [ 79.866192460223616, 6.84474048245849 ], [ 79.866158575567695, 6.845077002472904 ], [ 79.866143145899386, 6.845295645648799 ], [ 79.866141535213615, 6.845311761499814 ], [ 79.866128445581253, 6.845442716279535 ], [ 79.866119112417095, 6.845536089290321 ], [ 79.866100509940594, 6.845722191397241 ], [ 79.866095021378158, 6.845788639605288 ], [ 79.866089533715069, 6.845855088712626 ], [ 79.866067165777181, 6.846038765347996 ], [ 79.866064475904977, 6.846060850898814 ], [ 79.86604926567118, 6.846163727045632 ], [ 79.866049173940411, 6.846212268852426 ], [ 79.866049042639361, 6.846281638058431 ], [ 79.866033861183936, 6.846369507218258 ], [ 79.86601761133393, 6.846455229696436 ], [ 79.866014440324349, 6.846492740418909 ], [ 79.865999625792341, 6.846668018285717 ], [ 79.865997863121123, 6.846688871765332 ], [ 79.865975410646996, 6.846859866161245 ], [ 79.865965216831597, 6.846937496539552 ], [ 79.865962666354278, 6.846994961419668 ], [ 79.865951496774457, 6.84700290333269 ], [ 79.86557991219351, 6.846963904232266 ], [ 79.865524602988373, 6.84695810000775 ], [ 79.865164192483775, 6.846915749134085 ], [ 79.864877676573784, 6.846882082113984 ], [ 79.864838540776276, 6.846877614282064 ], [ 79.864629218174116, 6.846853717496703 ], [ 79.864054709667343, 6.846788131738638 ], [ 79.864041306171544, 6.846786469791534 ], [ 79.864064104884662, 6.846534738758926 ], [ 79.864074823004813, 6.846453808768017 ], [ 79.864036093700875, 6.846450215976437 ], [ 79.864004975359506, 6.846781966886057 ], [ 79.863297771884831, 6.846694305469765 ], [ 79.862816872011152, 6.84663683249588 ], [ 79.862818194014523, 6.846539202094539 ], [ 79.862828804215965, 6.846035418971472 ], [ 79.86284068515937, 6.845605248955109 ], [ 79.862841474764139, 6.845576659507236 ], [ 79.862842463118994, 6.845406587815772 ], [ 79.862844663759915, 6.845027841034029 ], [ 79.862845490236921, 6.844974631745824 ], [ 79.862848049707452, 6.844974593075033 ], [ 79.862854532919968, 6.844557477617482 ], [ 79.862849388797827, 6.84434287599487 ], [ 79.862869708979446, 6.844312477111118 ], [ 79.863081639615601, 6.844321360614241 ], [ 79.863261843968516, 6.844334050947571 ], [ 79.863575298171043, 6.84435435584066 ], [ 79.863826069627024, 6.844388986034628 ], [ 79.864001319614857, 6.844399623215747 ], [ 79.864012908278795, 6.844404797015467 ], [ 79.864020611871425, 6.844420268951935 ], [ 79.863981181096335, 6.844824648210686 ], [ 79.863965618328365, 6.844876140693065 ], [ 79.863942357363626, 6.844909586479938 ], [ 79.863903674824485, 6.844919818066903 ], [ 79.863718099720259, 6.844916889874365 ] ], [ [ 79.864953337436987, 6.847430401463462 ], [ 79.864819528209097, 6.847426627908187 ], [ 79.864794871496471, 6.847430101089917 ], [ 79.864777243885143, 6.847440626755138 ], [ 79.86475942291942, 6.847553219177399 ], [ 79.86478502571876, 6.847550710068858 ], [ 79.864794643968025, 6.847549766680029 ], [ 79.864815926424257, 6.847468856474149 ], [ 79.864830025995275, 6.847461844460159 ], [ 79.864981455640105, 6.847458611397374 ], [ 79.865023706689115, 6.84746221138349 ], [ 79.865020702054153, 6.847452386290173 ], [ 79.865009707842148, 6.847416430495437 ], [ 79.865038541006186, 6.847068045725263 ], [ 79.865048199724939, 6.846954796798003 ], [ 79.865241185242795, 6.846983959113908 ], [ 79.86557918554135, 6.847016276251587 ], [ 79.865592901101834, 6.847017805099079 ], [ 79.865707692366399, 6.847030597955149 ], [ 79.865830916573898, 6.847044909766129 ], [ 79.86591190412139, 6.847048582597341 ], [ 79.865943590834405, 6.847052162798421 ], [ 79.865959491747518, 6.847066520474876 ], [ 79.865955133632895, 6.847164725543004 ], [ 79.865941771506002, 6.847424105309551 ], [ 79.865922839877669, 6.847792812060026 ], [ 79.865916092264385, 6.847957875427011 ], [ 79.865911279092842, 6.848041603208793 ], [ 79.865906835542631, 6.84804867817538 ], [ 79.865886563025029, 6.848064824603328 ], [ 79.865623838679795, 6.848051887855792 ], [ 79.865175692115017, 6.848029820291509 ], [ 79.865117432234271, 6.848026951454197 ], [ 79.864753002659441, 6.848016799007713 ], [ 79.864551222671324, 6.848011177345685 ], [ 79.864494006004094, 6.848009583747069 ], [ 79.864341517857284, 6.848007511709077 ], [ 79.864147874035652, 6.848004880292758 ], [ 79.864010227400541, 6.848004619489456 ], [ 79.863909024892095, 6.848000380984685 ], [ 79.863836160920556, 6.847996196439209 ], [ 79.863794438672898, 6.847987178037701 ], [ 79.863779506329593, 6.847983950370922 ], [ 79.86372689239262, 6.847975757547112 ], [ 79.863652536445841, 6.847913251966935 ], [ 79.863577339632982, 6.847850039519663 ], [ 79.863549054155925, 6.847821662311826 ], [ 79.863508608945594, 6.847801353821383 ], [ 79.863409715896083, 6.847753199622466 ], [ 79.863375134265439, 6.847736360716473 ], [ 79.863330616924827, 6.847728183181109 ], [ 79.863193017054456, 6.847703644279771 ], [ 79.863112087063541, 6.847683259347005 ], [ 79.863051399013187, 6.847662913085062 ], [ 79.862978581806445, 6.84763445044158 ], [ 79.862899699571855, 6.847601930956458 ], [ 79.862855220902077, 6.847573522272346 ], [ 79.862822879482664, 6.847549183020529 ], [ 79.862782456755312, 6.847516736380409 ], [ 79.862770457101249, 6.847502690768679 ], [ 79.862783575511827, 6.847259469121339 ], [ 79.86280129845133, 6.846963651523367 ], [ 79.862815564396954, 6.846725794332015 ], [ 79.862848207988591, 6.846707749435156 ], [ 79.863090256020627, 6.846735706659546 ], [ 79.863141081206095, 6.846744162085417 ], [ 79.863246678701429, 6.846768999561626 ], [ 79.863286126563679, 6.846773292925116 ], [ 79.863429927259546, 6.846788944725929 ], [ 79.863658176094191, 6.846813787598126 ], [ 79.864003638067743, 6.846851387353424 ], [ 79.864299400806942, 6.846873066410636 ], [ 79.864465871612907, 6.846890811833203 ], [ 79.865002496178533, 6.846948015909766 ], [ 79.864974539853492, 6.847391726118817 ], [ 79.864963921558129, 6.847419863207704 ], [ 79.864953337436987, 6.847430401463462 ] ], [ [ 79.864032278777202, 6.848117956550312 ], [ 79.864021731528226, 6.848191691065546 ], [ 79.863987146300317, 6.848433478294265 ], [ 79.863973109681879, 6.848530369452827 ], [ 79.863487084571858, 6.848495556696563 ], [ 79.863517703789512, 6.848170389723699 ], [ 79.863484021480929, 6.848170325871795 ], [ 79.863452977783254, 6.848493114137892 ], [ 79.863241861033615, 6.848477992037749 ], [ 79.863107978960613, 6.848472015143447 ], [ 79.863060163806125, 6.848456475757827 ], [ 79.862995614066904, 6.8484421306719 ], [ 79.862768492082807, 6.848409855802353 ], [ 79.862695574151957, 6.848400293311106 ], [ 79.862665689680355, 6.848383557827073 ], [ 79.862675253070961, 6.848320202387629 ], [ 79.862686011660628, 6.848192297208901 ], [ 79.862708554966289, 6.848054985121634 ], [ 79.862737175890359, 6.847855016368054 ], [ 79.862737188480892, 6.847854910248047 ], [ 79.862762985533649, 6.847563129706825 ], [ 79.862802560200393, 6.847589607546472 ], [ 79.862875346830137, 6.8476342543894 ], [ 79.862952190301698, 6.847674863276387 ], [ 79.863085710847258, 6.847715579182673 ], [ 79.863134276036419, 6.847723763912599 ], [ 79.863182842124843, 6.847731948642537 ], [ 79.863243537369726, 6.847748248854608 ], [ 79.863296136018235, 6.847764533778191 ], [ 79.863364920664949, 6.847784896227955 ], [ 79.863437737871678, 6.847813357972018 ], [ 79.863522639268822, 6.847874213296278 ], [ 79.863603484723527, 6.847939106576444 ], [ 79.863672215410901, 6.847987792274715 ], [ 79.863706713404582, 6.848007033269886 ], [ 79.86370861277274, 6.84800809267125 ], [ 79.863745018228457, 6.848024347017873 ], [ 79.86386647077147, 6.848024577244334 ], [ 79.86388786564298, 6.848025914536155 ], [ 79.864000052470928, 6.84803292385218 ], [ 79.864024320676421, 6.848045108766599 ], [ 79.864036412061353, 6.848073455397497 ], [ 79.864032278777202, 6.848117956550312 ] ], [ [ 79.863945646185257, 6.848626972828462 ], [ 79.863932529573248, 6.84871240482547 ], [ 79.86392725864674, 6.848759007693957 ], [ 79.863914240060822, 6.848792647734391 ], [ 79.8639064123617, 6.848821118471714 ], [ 79.863896028789384, 6.848831457078015 ], [ 79.863771683127368, 6.848819568040573 ], [ 79.863647338364714, 6.848807678103819 ], [ 79.863466022449614, 6.848778848537018 ], [ 79.862626575466692, 6.848665832534313 ], [ 79.862569836339475, 6.848658193692892 ], [ 79.862584820843367, 6.848566836962146 ], [ 79.862599875494411, 6.848484871851545 ], [ 79.862649699734376, 6.848486590455965 ], [ 79.862829181032467, 6.848492782288197 ], [ 79.86291726513025, 6.848498128757776 ], [ 79.863163349319706, 6.848529671579151 ], [ 79.863391292384819, 6.848563769374489 ], [ 79.863494902378534, 6.84857950391298 ], [ 79.863645160206659, 6.84859014738934 ], [ 79.863756553832516, 6.848600718020636 ], [ 79.863807803497949, 6.848607833456655 ], [ 79.863945646185257, 6.848626972828462 ] ], [ [ 79.874068210989222, 6.844343304968859 ], [ 79.874038940754446, 6.844124810181152 ], [ 79.873980137683105, 6.843828053691018 ], [ 79.873899103370704, 6.843471878993292 ], [ 79.873876413475458, 6.843409147683343 ], [ 79.873844349047175, 6.843241886373233 ], [ 79.873844420093661, 6.84320413193444 ], [ 79.873871452815038, 6.843177214326252 ], [ 79.873941666484441, 6.843144984422786 ], [ 79.874206241634468, 6.843064577837243 ], [ 79.874384474673477, 6.842984008474366 ], [ 79.87449793044479, 6.842914105071068 ], [ 79.874684323932073, 6.842798492725329 ], [ 79.874787017516482, 6.842712388035356 ], [ 79.874824801632997, 6.842707064948152 ], [ 79.874956501051301, 6.842679395506726 ], [ 79.875137813369065, 6.842696864837378 ], [ 79.875499057545213, 6.842864742182988 ], [ 79.875693186101415, 6.842940615286007 ], [ 79.8756985217791, 6.84297298728242 ], [ 79.87569843094758, 6.843021529089158 ], [ 79.875676663756934, 6.843118572233178 ], [ 79.875655582748777, 6.843266847955551 ], [ 79.875655582748792, 6.843268434359615 ], [ 79.8756089142299, 6.843622044190862 ], [ 79.875586181167264, 6.84379429493967 ], [ 79.875569186678618, 6.844004406247269 ], [ 79.875552192189971, 6.84421451755488 ], [ 79.875217108392874, 6.844311161399988 ], [ 79.874733541130084, 6.844450629162348 ], [ 79.874733237159234, 6.844449174958583 ], [ 79.874594981683188, 6.844508826090624 ], [ 79.874355795293766, 6.844566583250482 ], [ 79.874153384880898, 6.844627472748991 ], [ 79.874120288930243, 6.844642100222046 ], [ 79.874100072170648, 6.844618436361019 ], [ 79.874100183686565, 6.844559107186355 ], [ 79.874068210989222, 6.844343304968859 ] ], [ [ 79.874155021646629, 6.84304021070641 ], [ 79.873836411630819, 6.843158271006698 ], [ 79.873787833851182, 6.843163573409486 ], [ 79.873728746594097, 6.843017836473315 ], [ 79.873723481962841, 6.842947710038076 ], [ 79.873723644740025, 6.842861413792504 ], [ 79.873745290522351, 6.84282909215819 ], [ 79.873939753626331, 6.842726979535744 ], [ 79.874118056812449, 6.842608655734109 ], [ 79.874479928715331, 6.842442133666671 ], [ 79.874458444810912, 6.84238815725676 ], [ 79.873842617852148, 6.842726796973387 ], [ 79.87374539214575, 6.842775157117134 ], [ 79.873718409786377, 6.842775106755106 ], [ 79.873680868486872, 6.842650984124985 ], [ 79.873621782129092, 6.842505246289386 ], [ 79.873632655831955, 6.842462118401324 ], [ 79.873681274081108, 6.842435242162009 ], [ 79.874070340583245, 6.842155506240818 ], [ 79.874054191457205, 6.842133901827319 ], [ 79.873708347271929, 6.842386750717247 ], [ 79.873638143495043, 6.842413586487106 ], [ 79.873594972439534, 6.842413505548117 ], [ 79.873568051234088, 6.842381093981651 ], [ 79.873509035023403, 6.842197601707312 ], [ 79.873503720030186, 6.842154443242276 ], [ 79.873519969880164, 6.842122112614709 ], [ 79.8736226229951, 6.842057581761258 ], [ 79.873606484660982, 6.84203058411348 ], [ 79.873493008205216, 6.84211127488478 ], [ 79.873304840355487, 6.841848689035191 ], [ 79.872983613312371, 6.841506046436336 ], [ 79.872912105518509, 6.841423206285411 ], [ 79.872987350894775, 6.841326043531486 ], [ 79.873173489873864, 6.841098444906711 ], [ 79.873188263037093, 6.841083491879017 ], [ 79.873427064516548, 6.840841780193258 ], [ 79.873568472116389, 6.84069864859301 ], [ 79.873963458855542, 6.840295595834239 ], [ 79.874137323887368, 6.840076434648836 ], [ 79.874319433903707, 6.839846879998541 ], [ 79.874499347775682, 6.839980056103747 ], [ 79.874716371272555, 6.840140700202098 ], [ 79.874833916261281, 6.840226270694804 ], [ 79.874930583488705, 6.840296641745552 ], [ 79.875048244490031, 6.840382295875153 ], [ 79.875334504093317, 6.84062380611258 ], [ 79.875428793513237, 6.840728187724488 ], [ 79.875442388564593, 6.840762341277865 ], [ 79.875539050396156, 6.841005187907906 ], [ 79.875580157507585, 6.841102195079077 ], [ 79.875818013799758, 6.841663503336803 ], [ 79.875940499663827, 6.841965023535774 ], [ 79.87595505429185, 6.842019493673473 ], [ 79.875989004598409, 6.842146551690757 ], [ 79.876002724655592, 6.842197899382284 ], [ 79.875992682825654, 6.842230629308832 ], [ 79.87593385996928, 6.842298210662623 ], [ 79.875890107052442, 6.842355289733645 ], [ 79.875869002661958, 6.842373301355564 ], [ 79.875821531048459, 6.84237212863964 ], [ 79.875767479095487, 6.842348373047785 ], [ 79.875316034716775, 6.842149961920098 ], [ 79.875116509328862, 6.841759818030139 ], [ 79.874874943333296, 6.841306389747069 ], [ 79.874811665235498, 6.841327340353491 ], [ 79.87522113735514, 6.842170852271959 ], [ 79.875589675033027, 6.842361160508025 ], [ 79.87580027377328, 6.842466898297532 ], [ 79.875698566745172, 6.842910329716794 ], [ 79.875469484239048, 6.842808054317112 ], [ 79.875243037645717, 6.84269975885575 ], [ 79.87516866820917, 6.842662360548448 ], [ 79.875105172475401, 6.842654617385665 ], [ 79.875060261231724, 6.842639131060062 ], [ 79.874961146949019, 6.84263293563049 ], [ 79.874749303547162, 6.842679955784375 ], [ 79.874435887116206, 6.842905897858062 ], [ 79.874327838068965, 6.842970417919627 ], [ 79.874279229712371, 6.842991900924726 ], [ 79.874155021646629, 6.84304021070641 ] ], [ [ 79.868712134861909, 6.823266287179128 ], [ 79.868515829946404, 6.823202835512219 ], [ 79.868406770960434, 6.823157229092692 ], [ 79.868192618998862, 6.823066016253521 ], [ 79.868097441048732, 6.823018426828844 ], [ 79.867907084249183, 6.822935146010095 ], [ 79.86786940895071, 6.822905402732114 ], [ 79.86782975154641, 6.822889539590496 ], [ 79.867792077147286, 6.822873676448973 ], [ 79.867692932287639, 6.822847899181178 ], [ 79.867618987330971, 6.822813742030545 ], [ 79.867612702868556, 6.822813445254271 ], [ 79.867556960190171, 6.822839317850224 ], [ 79.867523459544643, 6.822883788426076 ], [ 79.867497419674777, 6.822909717679339 ], [ 79.867456563474249, 6.822917062442492 ], [ 79.867408295960743, 6.82291697161101 ], [ 79.867270578279175, 6.82292919699492 ], [ 79.867191262571325, 6.822933163005132 ], [ 79.86713772503056, 6.822937129015383 ], [ 79.867153588172101, 6.82280824087773 ], [ 79.867219023743516, 6.82270116579627 ], [ 79.867299830527315, 6.822638146703167 ], [ 79.867562302163066, 6.822605715351518 ], [ 79.867637139247137, 6.822600869804247 ], [ 79.867651464548004, 6.822599942603233 ], [ 79.867663362578668, 6.822594024164863 ], [ 79.867704339288352, 6.82244977200931 ], [ 79.867718219424802, 6.822398217473705 ], [ 79.86774106310412, 6.822362490106761 ], [ 79.867779859857151, 6.822358685974511 ], [ 79.867784337581668, 6.822368430128857 ], [ 79.8679736412751, 6.822398475579094 ], [ 79.867990749078317, 6.822403363394382 ], [ 79.868248251060535, 6.822476927038347 ], [ 79.868437519680327, 6.822525528200302 ], [ 79.868656464129117, 6.822589030229316 ], [ 79.868719556067234, 6.822603993149527 ], [ 79.868853060425053, 6.822689600514382 ], [ 79.869008773540756, 6.822812361570908 ], [ 79.869225195391166, 6.822932352715522 ], [ 79.869220173576849, 6.822938938450858 ], [ 79.869090866355222, 6.823107656662692 ], [ 79.868952064091275, 6.823290082341084 ], [ 79.868898526550566, 6.82332379073007 ], [ 79.868868783272518, 6.823329739745403 ], [ 79.868839039994484, 6.823319825619151 ], [ 79.868805330706223, 6.823301979472512 ], [ 79.868712134861909, 6.823266287179128 ] ], [ [ 79.866609475852158, 6.826996535631991 ], [ 79.866596036383484, 6.82692596493172 ], [ 79.866582748900214, 6.826703297289737 ], [ 79.86657623780853, 6.826521745752349 ], [ 79.866579943015353, 6.826374466478813 ], [ 79.866573205294586, 6.826312799066775 ], [ 79.866569894890134, 6.826251137950007 ], [ 79.866539220813749, 6.8261620232292 ], [ 79.866532483092996, 6.826100355817118 ], [ 79.866515420255809, 6.826062645445155 ], [ 79.8665155560534, 6.825990714969913 ], [ 79.866515639690363, 6.825946186837419 ], [ 79.866525998081642, 6.825905103108354 ], [ 79.866567134870692, 6.825898330314084 ], [ 79.866601475483023, 6.825860717068752 ], [ 79.866642876672699, 6.825713508841688 ], [ 79.866663522408913, 6.82566901938005 ], [ 79.866711479656345, 6.825679384965958 ], [ 79.866738927864517, 6.825662310437571 ], [ 79.866821296770652, 6.825597385681087 ], [ 79.866886583054594, 6.825505027105589 ], [ 79.866958775232476, 6.825385278777848 ], [ 79.866986274701986, 6.825340801906697 ], [ 79.867044681172302, 6.825262131012741 ], [ 79.867109987241307, 6.825159496783546 ], [ 79.86713406658906, 6.825111588099486 ], [ 79.867149146421099, 6.825103403369531 ], [ 79.867237423873163, 6.82515067533356 ], [ 79.867310659264675, 6.825204122942066 ], [ 79.867523800388298, 6.825311144064163 ], [ 79.86765696390303, 6.825404687046765 ], [ 79.867763484102781, 6.825484851714631 ], [ 79.867903401526036, 6.825531761251781 ], [ 79.868009997268828, 6.825571944759443 ], [ 79.868016526346921, 6.825645257492642 ], [ 79.86798943067302, 6.825871772434362 ], [ 79.867975795152205, 6.826031675491437 ], [ 79.867949001650473, 6.82609826219513 ], [ 79.867888722791747, 6.826244750065222 ], [ 79.867886203790746, 6.82625267039451 ], [ 79.8678525133883, 6.826358609632233 ], [ 79.86784848262684, 6.826371284677094 ], [ 79.867814896545738, 6.826504495855865 ], [ 79.867814455877991, 6.826737724236684 ], [ 79.867782610884376, 6.826876561574134 ], [ 79.867679419974849, 6.826863697671601 ], [ 79.867432176559319, 6.826842917037177 ], [ 79.867286764278262, 6.826830695250603 ], [ 79.867090790313284, 6.826830325629275 ], [ 79.867071576297747, 6.826830289656437 ], [ 79.86694779271204, 6.826856941065244 ], [ 79.866646277009664, 6.826990798856643 ], [ 79.866609475852158, 6.826996535631991 ] ], [ [ 79.866045729532061, 6.825728763142362 ], [ 79.86574458435031, 6.825667363728377 ], [ 79.865629000783045, 6.825639771628706 ], [ 79.865282198819557, 6.82558436799484 ], [ 79.865288325001387, 6.825563089135929 ], [ 79.865325145943842, 6.825401956705581 ], [ 79.865337438776876, 6.825338106638956 ], [ 79.865337473850445, 6.82531985759598 ], [ 79.86533446471887, 6.825301603157109 ], [ 79.865261444265386, 6.825295381647186 ], [ 79.865148892312689, 6.82527387795778 ], [ 79.864963324402979, 6.825243112150662 ], [ 79.864944980031893, 6.825288700583759 ], [ 79.865142742748446, 6.825307323744661 ], [ 79.865264417424058, 6.825331886028351 ], [ 79.865279627657813, 6.825334956313836 ], [ 79.865273368376393, 6.825426190736768 ], [ 79.865239567357349, 6.825599495490954 ], [ 79.865196688581577, 6.825745408694343 ], [ 79.86518139830811, 6.82578492040845 ], [ 79.865163117788882, 6.825797052262891 ], [ 79.865138767745123, 6.825800047005239 ], [ 79.864910625929838, 6.825753992723347 ], [ 79.864718990294364, 6.825714090703524 ], [ 79.864451300792069, 6.82566187786422 ], [ 79.864408083871126, 6.825651506882393 ], [ 79.864436565400382, 6.825538544838857 ], [ 79.864483776210378, 6.82525209457936 ], [ 79.864524118898061, 6.825072250854548 ], [ 79.864571166031439, 6.824872429589752 ], [ 79.864604601026471, 6.824819182530029 ], [ 79.864751274156959, 6.824819460420517 ], [ 79.865091249366657, 6.824840093566168 ], [ 79.865131100125154, 6.824845860918405 ], [ 79.865251662339361, 6.824863307766091 ], [ 79.865324529008831, 6.824873853216329 ], [ 79.865497844554881, 6.824887507622949 ], [ 79.865757854746221, 6.824887998652728 ], [ 79.865935225335406, 6.824882221407885 ], [ 79.865951208086827, 6.824881700700399 ], [ 79.866117931602275, 6.824855360456929 ], [ 79.866130519412977, 6.824853287519639 ], [ 79.866277988443443, 6.824829007622952 ], [ 79.866511306756465, 6.824842775344113 ], [ 79.866624606945138, 6.824862980412563 ], [ 79.866723333620001, 6.824890810832553 ], [ 79.866791191964992, 6.824909940311731 ], [ 79.866956953205928, 6.82497747220278 ], [ 79.867037679950059, 6.825010360410046 ], [ 79.867106121055713, 6.825069873945725 ], [ 79.86705246480453, 6.825171789616623 ], [ 79.867044872727817, 6.825186211144935 ], [ 79.866992991738371, 6.825265193204329 ], [ 79.866916709443771, 6.825374545369224 ], [ 79.866858731050826, 6.82545959965111 ], [ 79.866794648959115, 6.825553766763207 ], [ 79.86674282013027, 6.825605375258164 ], [ 79.866697116583865, 6.825635704894165 ], [ 79.866648434482926, 6.82563257165618 ], [ 79.866621035737452, 6.825638602509826 ], [ 79.866593567744218, 6.825681132348691 ], [ 79.866581297394291, 6.825732815487402 ], [ 79.866553691804754, 6.825848342397467 ], [ 79.866548434368084, 6.825852880376499 ], [ 79.866304290016203, 6.825780957995197 ], [ 79.866045729532061, 6.825728763142362 ] ], [ [ 79.866389345197419, 6.825860199059325 ], [ 79.866480595808142, 6.825881662279262 ], [ 79.866506144648127, 6.825888523207141 ], [ 79.866492745648969, 6.825893850790974 ], [ 79.866483449357005, 6.825982038310794 ], [ 79.86649234275275, 6.826106758990083 ], [ 79.866516346557518, 6.826198283894089 ], [ 79.866294367796215, 6.826200673392833 ], [ 79.866060082711982, 6.826185023390616 ], [ 79.865853161299697, 6.8261815906784 ], [ 79.865661478899497, 6.826166021615225 ], [ 79.86550022146335, 6.826153550716437 ], [ 79.865390689434093, 6.826144218451599 ], [ 79.865342018124991, 6.826135002199236 ], [ 79.865217305539545, 6.826107392113129 ], [ 79.865162553914018, 6.826095122662455 ], [ 79.865196309067684, 6.825946150864834 ], [ 79.865211713554984, 6.825845809007554 ], [ 79.865251531937858, 6.825709014030489 ], [ 79.865276015081236, 6.825636062824669 ], [ 79.865297304732024, 6.825642186308515 ], [ 79.86552545733916, 6.825682157576133 ], [ 79.86572015336759, 6.825712940470408 ], [ 79.865869198909664, 6.8257466794362 ], [ 79.866051718117532, 6.825780481354614 ], [ 79.866182516415279, 6.825808102232553 ], [ 79.866292007975076, 6.825838724148249 ], [ 79.866389345197419, 6.825860199059325 ] ], [ [ 79.866549586399756, 6.826411022121383 ], [ 79.866555327671705, 6.826593526040774 ], [ 79.866557893437559, 6.826845980128297 ], [ 79.86657157302524, 6.827002443278541 ], [ 79.866544032186894, 6.827006736642004 ], [ 79.866484784850584, 6.827044264451676 ], [ 79.86640939828078, 6.82708176168438 ], [ 79.866253347019921, 6.827102974892862 ], [ 79.866102705181291, 6.827108067753652 ], [ 79.865989762023474, 6.827091723474761 ], [ 79.865860772262437, 6.827026955200406 ], [ 79.86578565009323, 6.826924649223745 ], [ 79.865731954271794, 6.826870777135234 ], [ 79.865683608517244, 6.826833046078834 ], [ 79.865662171377593, 6.826789989237235 ], [ 79.865651503619489, 6.826741576033508 ], [ 79.865603177649987, 6.826693090884038 ], [ 79.865570940551891, 6.826671522443415 ], [ 79.865366573214189, 6.826638873455944 ], [ 79.865103040378486, 6.826600735905975 ], [ 79.865053555182797, 6.826596340919171 ], [ 79.865052112670256, 6.826566354824178 ], [ 79.865098143569824, 6.826362657481369 ], [ 79.865138071669989, 6.826168073868217 ], [ 79.865153355648133, 6.826131604560561 ], [ 79.865250691971212, 6.826153078572389 ], [ 79.865332819859049, 6.826171483198069 ], [ 79.865411926924196, 6.826177716399174 ], [ 79.865491017801546, 6.826193073222359 ], [ 79.865658372641121, 6.826199472797984 ], [ 79.865907849972686, 6.826227317607178 ], [ 79.865993049045329, 6.826230520092934 ], [ 79.866063027991757, 6.826236735307594 ], [ 79.866203007468187, 6.82623699970824 ], [ 79.866370363207068, 6.826243398384569 ], [ 79.866533241221489, 6.826262703231559 ], [ 79.866534641465933, 6.826268040707866 ], [ 79.866549586399756, 6.826411022121383 ] ], [ [ 79.869726283247942, 6.830743003356698 ], [ 79.869713851020052, 6.830947662074704 ], [ 79.869647631239843, 6.830929477783007 ], [ 79.869545296484901, 6.830899184119887 ], [ 79.869442972521782, 6.83086287129437 ], [ 79.869388810851476, 6.83083868942385 ], [ 79.869202163755403, 6.830802217418299 ], [ 79.869108069488433, 6.830786988298788 ], [ 79.86896060945115, 6.830777683013634 ], [ 79.868901056345237, 6.830777570598404 ], [ 79.868822756871253, 6.830777423109594 ], [ 79.868714353491185, 6.830771198901776 ], [ 79.868630076223582, 6.830746959474673 ], [ 79.868467567830535, 6.830686453087422 ], [ 79.86829564893155, 6.830625114827345 ], [ 79.868125829949619, 6.830569516939864 ], [ 79.867921196412581, 6.830510823585828 ], [ 79.868305081920255, 6.829427376142561 ], [ 79.868590811822727, 6.829529686615786 ], [ 79.869174449347696, 6.829756585567889 ], [ 79.869217625799152, 6.829773370514496 ], [ 79.869219012553728, 6.829769238129708 ], [ 79.869406203739715, 6.829822389861209 ], [ 79.869460852842465, 6.829889407340122 ], [ 79.869855017601438, 6.830244751064131 ], [ 79.869847639563389, 6.830267647803464 ], [ 79.869787057633118, 6.830454155504669 ], [ 79.869750680955704, 6.830580508453484 ], [ 79.869726283247942, 6.830743003356698 ] ], [ [ 79.867875193391782, 6.830074589440948 ], [ 79.86768788889141, 6.83057106827046 ], [ 79.867392991299823, 6.829991908470119 ], [ 79.867875193391782, 6.830074589440948 ] ], [ [ 79.866991501562993, 6.830599644228662 ], [ 79.867006270229609, 6.830541067786504 ], [ 79.867026975321053, 6.830444410451599 ], [ 79.867047667822007, 6.830353612199868 ], [ 79.867059533477075, 6.830280379506332 ], [ 79.867068494321913, 6.830192489662108 ], [ 79.867083512100706, 6.830002053722207 ], [ 79.867095327393713, 6.829955192748363 ], [ 79.867153972184397, 6.829949443382485 ], [ 79.867391404895741, 6.82999349487419 ], [ 79.867686302487357, 6.830572654674556 ], [ 79.867622825639373, 6.830789378697173 ], [ 79.867466853518948, 6.83077037332444 ], [ 79.867339977164718, 6.830757908720916 ], [ 79.867207928809322, 6.830744936000405 ], [ 79.866998978526524, 6.830691525264117 ], [ 79.866980109850672, 6.830684714698251 ], [ 79.866976698722112, 6.830675802416754 ], [ 79.866991501562993, 6.830599644228662 ] ], [ [ 79.868943547513325, 6.831179462332329 ], [ 79.868930059481343, 6.831367590611853 ], [ 79.868930494753272, 6.831421812536644 ], [ 79.868931924675351, 6.831600114823429 ], [ 79.868934936504985, 6.83197562494522 ], [ 79.868940460141062, 6.832240517555869 ], [ 79.868957598521376, 6.832734194097836 ], [ 79.868945325473447, 6.832854572850357 ], [ 79.868758610028863, 6.832854220316122 ], [ 79.868493605902259, 6.832847701130701 ], [ 79.868456127555262, 6.832847630983556 ], [ 79.868482907567056, 6.832444580922814 ], [ 79.868486833107752, 6.83217186241168 ], [ 79.868498191545115, 6.831987540063077 ], [ 79.868445098269518, 6.831988939408169 ], [ 79.868404129653868, 6.8328475329575 ], [ 79.86789732121143, 6.832846576978265 ], [ 79.867707103806794, 6.832851221077382 ], [ 79.867668432958823, 6.832852165365547 ], [ 79.867457602193625, 6.832863807089434 ], [ 79.867445715854132, 6.832779504640873 ], [ 79.867470478686613, 6.832424367760758 ], [ 79.867519243525095, 6.832117437240312 ], [ 79.867543653823347, 6.831948922275312 ], [ 79.867622896686029, 6.831449407334624 ], [ 79.867725982374751, 6.831082378719131 ], [ 79.86784735218005, 6.830601003104023 ], [ 79.867865467224036, 6.830576957031192 ], [ 79.867973882295345, 6.830577161177236 ], [ 79.86831095719144, 6.830692178171576 ], [ 79.868389057015861, 6.83072324705032 ], [ 79.868599847311643, 6.830807103435138 ], [ 79.868864782190556, 6.830849742991272 ], [ 79.868918943860777, 6.830873924861693 ], [ 79.868954968903324, 6.830934193827942 ], [ 79.86894861699173, 6.83110876302898 ], [ 79.868943547513325, 6.831179462332329 ] ], [ [ 79.866504265066439, 6.831593471532068 ], [ 79.866619894499181, 6.831593690067297 ], [ 79.86676662878358, 6.831607302205758 ], [ 79.866767117115472, 6.831600647222597 ], [ 79.866784418272957, 6.831607335480663 ], [ 79.866842190721272, 6.831609597275635 ], [ 79.866842666462588, 6.831609614362746 ], [ 79.866904010118674, 6.831612007458681 ], [ 79.867108575307213, 6.831616838616655 ], [ 79.86704624689348, 6.831652280898548 ], [ 79.866930508642753, 6.831709848301319 ], [ 79.866914834358809, 6.831729125269447 ], [ 79.866915310100183, 6.831729126168762 ], [ 79.866855204810548, 6.831803051340247 ], [ 79.866806167477407, 6.831865189097754 ], [ 79.866788489503961, 6.831930326094204 ], [ 79.866774818010242, 6.831980700719317 ], [ 79.866765903930087, 6.832059524497986 ], [ 79.866765428188756, 6.832059524497996 ], [ 79.866765295988429, 6.832060694515994 ], [ 79.866738844229118, 6.832217497610003 ], [ 79.866724816603821, 6.832300650725043 ], [ 79.866697805466245, 6.832473956378531 ], [ 79.86666298641461, 6.832499167073491 ], [ 79.866335687149132, 6.832463101561554 ], [ 79.866306470873766, 6.832459881988615 ], [ 79.865808196997492, 6.832398559916414 ], [ 79.865808521652752, 6.832392100985475 ], [ 79.865463499447728, 6.832360750619024 ], [ 79.865461913043688, 6.832367095336055 ], [ 79.865377176222538, 6.832360334232952 ], [ 79.865317855141697, 6.832355729704066 ], [ 79.865317855141697, 6.832355692831911 ], [ 79.8650841744019, 6.832337554405608 ], [ 79.864848477382097, 6.832332662993037 ], [ 79.864746198385106, 6.832328024289957 ], [ 79.864715084540279, 6.832319076035554 ], [ 79.864688443023979, 6.832296799828517 ], [ 79.864475917036614, 6.831798552931934 ], [ 79.864436094157028, 6.831691797109824 ], [ 79.864418372116745, 6.831656202842587 ], [ 79.864520811193088, 6.831576386212308 ], [ 79.864539140275653, 6.831566871385051 ], [ 79.864587995046506, 6.831540670536581 ], [ 79.864648274804594, 6.831508945152708 ], [ 79.864713701382811, 6.831478224311628 ], [ 79.864721131581504, 6.831474528997327 ], [ 79.864819047067925, 6.831434708815785 ], [ 79.864943578889594, 6.831430499988545 ], [ 79.865063646476685, 6.831435171966584 ], [ 79.865085848939344, 6.831452993831527 ], [ 79.86519699705039, 6.831470984769027 ], [ 79.865268094753347, 6.831502234411431 ], [ 79.865379133147073, 6.831578009488429 ], [ 79.865476829198968, 6.831653760283673 ], [ 79.865552408223692, 6.831667238423184 ], [ 79.865636905825184, 6.831667398502462 ], [ 79.865681387192922, 6.83166303679048 ], [ 79.865797091269428, 6.831623250783179 ], [ 79.865912745883151, 6.831610134171078 ], [ 79.86601506624902, 6.831592547029128 ], [ 79.866152956600274, 6.831579472685228 ], [ 79.86639308368062, 6.831593261090758 ], [ 79.866429606947435, 6.831593330338545 ], [ 79.866425702990568, 6.831790921284629 ], [ 79.866465297442232, 6.831787038911329 ], [ 79.8664652992409, 6.831786992146619 ], [ 79.866468616839882, 6.831717566283288 ], [ 79.866469092581283, 6.831717560887339 ], [ 79.866475025408732, 6.83159341577417 ], [ 79.866504265066439, 6.831593471532068 ] ], [ [ 79.866007393233687, 6.83323123140697 ], [ 79.866007234952974, 6.83323122421242 ], [ 79.865992586795457, 6.833310894253155 ], [ 79.86600165286103, 6.833311040842649 ], [ 79.866004825669236, 6.833311040842694 ], [ 79.866498153274208, 6.833319016929766 ], [ 79.866490107039979, 6.833451468181364 ], [ 79.866471788749237, 6.833731471201138 ], [ 79.866458387951468, 6.833762560764275 ], [ 79.866422599430635, 6.833873619842392 ], [ 79.866351156387992, 6.834024616013952 ], [ 79.866346457430353, 6.834157958493686 ], [ 79.866350719317523, 6.834255757967632 ], [ 79.866353009890815, 6.834254999839072 ], [ 79.866352127655873, 6.834261519024649 ], [ 79.86636303733161, 6.834287096642981 ], [ 79.866392129500454, 6.834356521606904 ], [ 79.866424811762968, 6.834458812295072 ], [ 79.866482946638058, 6.834623218257612 ], [ 79.86650831021781, 6.834732796152321 ], [ 79.866508158232335, 6.834813119100883 ], [ 79.866497033618685, 6.834900722061368 ], [ 79.866507819187959, 6.834992018537564 ], [ 79.866517673059661, 6.835140601828045 ], [ 79.866397924731956, 6.835162636117535 ], [ 79.866099896600431, 6.835193187886158 ], [ 79.865890865378631, 6.835197237533344 ], [ 79.865793033529144, 6.835192607823512 ], [ 79.865785940576203, 6.835192797580467 ], [ 79.865795363672618, 6.835067343054339 ], [ 79.865806432528245, 6.835008947375936 ], [ 79.865821348683738, 6.83484833115643 ], [ 79.86583627113437, 6.834684062790132 ], [ 79.865840255131005, 6.834508820896256 ], [ 79.865818601254745, 6.834370041115366 ], [ 79.865789764493272, 6.834165528986825 ], [ 79.865764506134283, 6.834001185077528 ], [ 79.865742934096261, 6.833818593024532 ], [ 79.865735697251736, 6.833782069757588 ], [ 79.865688238228771, 6.833767375734659 ], [ 79.865585951137845, 6.83377083362798 ], [ 79.865392348685063, 6.833770466704619 ], [ 79.865357625860909, 6.833771598051758 ], [ 79.865182472999948, 6.83377730335086 ], [ 79.865180468411026, 6.833777368102077 ], [ 79.865023382030557, 6.833784372921506 ], [ 79.864884559082256, 6.833791412814495 ], [ 79.864796869786844, 6.833802199283179 ], [ 79.864751056523176, 6.833796828531944 ], [ 79.864751048429255, 6.833796895981068 ], [ 79.864733791338566, 6.833794872506467 ], [ 79.864629133634693, 6.833643163172574 ], [ 79.864515417959225, 6.833552554677842 ], [ 79.864515358603967, 6.83355247913474 ], [ 79.864439268764286, 6.833491850439715 ], [ 79.864396166956567, 6.833457506230111 ], [ 79.864291389642943, 6.833410724396571 ], [ 79.864288871541163, 6.833358403638634 ], [ 79.864316824268982, 6.833152654942258 ], [ 79.864443544141224, 6.833156620053161 ], [ 79.864561373315695, 6.833162452156564 ], [ 79.864625440118942, 6.833165623166093 ], [ 79.864681770953922, 6.833152742176403 ], [ 79.864720768255822, 6.833144158147444 ], [ 79.864768477290312, 6.833109616087004 ], [ 79.864863912446552, 6.833031873293342 ], [ 79.864920308932042, 6.832984360311047 ], [ 79.864894394967308, 6.832945349519298 ], [ 79.864785916943461, 6.833049042250553 ], [ 79.864694830009356, 6.83311813446542 ], [ 79.864642830309279, 6.833131023548986 ], [ 79.864582176433231, 6.833139566209127 ], [ 79.864569062519223, 6.83313860573316 ], [ 79.86456589061028, 6.833138605733149 ], [ 79.864319465577807, 6.833095420288594 ], [ 79.864395608477409, 6.832581456839886 ], [ 79.864400730116415, 6.832558740864339 ], [ 79.864424795974358, 6.832452013820548 ], [ 79.864485710653796, 6.832391100040353 ], [ 79.864522681783129, 6.832387380444331 ], [ 79.864700179176708, 6.832369526203705 ], [ 79.864919724372612, 6.832391100040248 ], [ 79.864955213419208, 6.83239685929861 ], [ 79.866151726327999, 6.83255079895093 ], [ 79.86640410037586, 6.832571192876943 ], [ 79.866526171652438, 6.832588585765262 ], [ 79.866537258494603, 6.832709240609617 ], [ 79.86653349123462, 6.832761103612676 ], [ 79.866517002164983, 6.833251421186819 ], [ 79.866122225867059, 6.833236093141949 ], [ 79.866010565142531, 6.833231231406965 ], [ 79.866007393233687, 6.83323123140697 ] ], [ [ 79.864719153973226, 6.835117531520029 ], [ 79.864513389988389, 6.835089713690546 ], [ 79.864129304830911, 6.83503412929294 ], [ 79.86371775078095, 6.834992207395833 ], [ 79.863701991960752, 6.834990135357902 ], [ 79.863719454096824, 6.834672795184773 ], [ 79.863727444573158, 6.83452758255325 ], [ 79.863758420821654, 6.834181316585855 ], [ 79.863789338614183, 6.833773264495883 ], [ 79.863807288182855, 6.833536378572344 ], [ 79.863816163592062, 6.833423840109402 ], [ 79.863831332457011, 6.833400354314179 ], [ 79.863899142238608, 6.83340171498845 ], [ 79.864276300817636, 6.833491570750599 ], [ 79.864461274275456, 6.833629061802921 ], [ 79.864577721191949, 6.833725281167936 ], [ 79.864608340409688, 6.833762586845039 ], [ 79.864673547553295, 6.833842032954619 ], [ 79.864778805104962, 6.834068588365753 ], [ 79.864817033486545, 6.834150871836361 ], [ 79.864974241275505, 6.83445973679851 ], [ 79.865144987458564, 6.834864625972788 ], [ 79.865261097129377, 6.835139127839494 ], [ 79.865226742127916, 6.835166491511431 ], [ 79.865130695432725, 6.835166309848387 ], [ 79.864719153973226, 6.835117531520029 ] ], [ [ 79.865756904165352, 6.835510501079685 ], [ 79.8658419764337, 6.835751853935856 ], [ 79.865848077434435, 6.835771688483576 ], [ 79.865891063229682, 6.83591142874032 ], [ 79.865947906678286, 6.83610324873684 ], [ 79.865955237951596, 6.83612798908633 ], [ 79.866041949684075, 6.836481290450092 ], [ 79.866132452958212, 6.836838395946066 ], [ 79.866166407761426, 6.836963767734544 ], [ 79.866234159087242, 6.837298046638436 ], [ 79.866332181593009, 6.837696936435354 ], [ 79.866411352510099, 6.838019846109866 ], [ 79.866506679747829, 6.838410715752757 ], [ 79.866545713022575, 6.83857617662013 ], [ 79.866584747196697, 6.838741637487471 ], [ 79.866601498868476, 6.838799716604495 ], [ 79.866358300603522, 6.838768224145142 ], [ 79.86594329045883, 6.838714484257022 ], [ 79.865551512500616, 6.838671333886062 ], [ 79.86495520802471, 6.838586667212168 ], [ 79.8648526538352, 6.838574551545582 ], [ 79.864852847189368, 6.838472557633725 ], [ 79.864865991680404, 6.838394640371602 ], [ 79.864906639238214, 6.838153696706978 ], [ 79.86497190843491, 6.837793089250903 ], [ 79.865014497628948, 6.83737168312786 ], [ 79.865018455545254, 6.837288152297598 ], [ 79.865099215564172, 6.836771889282416 ], [ 79.865099908941488, 6.836767281156237 ], [ 79.865139430548012, 6.83650473127943 ], [ 79.865156928657058, 6.836388484012454 ], [ 79.865176247893245, 6.836217646997909 ], [ 79.865187961562825, 6.836050593431235 ], [ 79.865189605523554, 6.836040852874155 ], [ 79.8652062097065, 6.836041861014127 ], [ 79.865222303973738, 6.835795860461656 ], [ 79.865244349055075, 6.835795902729785 ], [ 79.865273972723244, 6.835469806757175 ], [ 79.86532213681464, 6.835186139899514 ], [ 79.865368317900973, 6.835101640499313 ], [ 79.865421462438022, 6.835124524648132 ], [ 79.865501178344189, 6.835158849971918 ], [ 79.865509416134145, 6.835164754021194 ], [ 79.865607409861582, 6.835234994670246 ], [ 79.865690781511859, 6.835345270438851 ], [ 79.865699346655049, 6.835365349602184 ], [ 79.865736169396271, 6.835451677323971 ], [ 79.865756904165352, 6.835510501079685 ] ], [ [ 79.866821592651064, 6.840063503298953 ], [ 79.86682696430168, 6.840165476526372 ], [ 79.866817549299199, 6.840192599179964 ], [ 79.866806093734979, 6.840222954896293 ], [ 79.866787083865617, 6.840230513698144 ], [ 79.866741494533059, 6.840230427363221 ], [ 79.866665518008034, 6.840226486533997 ], [ 79.866505989968161, 6.840207198774109 ], [ 79.866171722755524, 6.840176189250725 ], [ 79.865808503668177, 6.840137530993391 ], [ 79.865590569158144, 6.840114334779893 ], [ 79.865272744250376, 6.840075694508921 ], [ 79.865071928335453, 6.840051280613427 ], [ 79.865051213351421, 6.840048761612356 ], [ 79.864871395706984, 6.840027272312081 ], [ 79.864679948929094, 6.840004393559282 ], [ 79.864711191376941, 6.83975110580026 ], [ 79.864736842739575, 6.839543142073696 ], [ 79.864742047116252, 6.839498462855092 ], [ 79.864756656602879, 6.839373041603931 ], [ 79.864778132413278, 6.839188677886467 ], [ 79.864793308472798, 6.839058394900291 ], [ 79.86479477346839, 6.839045821478773 ], [ 79.864825655288044, 6.838787671984741 ], [ 79.86484490347776, 6.838654807044994 ], [ 79.865086030604118, 6.838691424740639 ], [ 79.86520776373564, 6.838709911204624 ], [ 79.8653006690989, 6.838724019768855 ], [ 79.865416679844273, 6.838737736228677 ], [ 79.866032267583464, 6.838810521959042 ], [ 79.866181873403136, 6.838828210724301 ], [ 79.866356781648548, 6.838848979667594 ], [ 79.866474341925709, 6.838862938045073 ], [ 79.866627325599012, 6.838889262100595 ], [ 79.866652686480705, 6.838977190615724 ], [ 79.866668613474218, 6.839057575617512 ], [ 79.866769345637351, 6.839565974061278 ], [ 79.866821592651064, 6.840063503298953 ] ], [ [ 79.866842727618689, 6.840940691230825 ], [ 79.866690933748458, 6.840919777496644 ], [ 79.866451515334077, 6.840886791263386 ], [ 79.866435892311429, 6.84088501150506 ], [ 79.865919733617702, 6.840826206635244 ], [ 79.865570300237991, 6.840786397245625 ], [ 79.865224678185129, 6.840732581814501 ], [ 79.864871205050889, 6.840691295738064 ], [ 79.864596133013904, 6.840659166558702 ], [ 79.864605683813991, 6.84059091431066 ], [ 79.864640380557773, 6.84032517723654 ], [ 79.864670818112401, 6.84007841855551 ], [ 79.864694036808999, 6.840078462622307 ], [ 79.864827953056178, 6.840091619703798 ], [ 79.865009307642097, 6.840109437072196 ], [ 79.865632237446547, 6.840178966357328 ], [ 79.865715663056108, 6.840189157474767 ], [ 79.865916034705933, 6.840213634322849 ], [ 79.866137408223537, 6.840240676936705 ], [ 79.866414688995491, 6.840271578541477 ], [ 79.866595227896198, 6.840288162939297 ], [ 79.866794538346056, 6.840306471337449 ], [ 79.866834504217749, 6.840329874395072 ], [ 79.866839883962271, 6.840491859382634 ], [ 79.86684702278076, 6.840706792855073 ], [ 79.866854160699887, 6.840921727226823 ], [ 79.866842727618689, 6.840940691230825 ] ], [ [ 79.866132132800558, 6.840907729279347 ], [ 79.86638856908607, 6.840938374577311 ], [ 79.866727406653411, 6.840987409212475 ], [ 79.866759393739912, 6.840988698840255 ], [ 79.866867272815313, 6.840993050659599 ], [ 79.866877686065322, 6.84117589002619 ], [ 79.866877631206705, 6.841205091912358 ], [ 79.86687753407989, 6.841256177901206 ], [ 79.866849914101266, 6.841266157677915 ], [ 79.866764083704496, 6.841245560505139 ], [ 79.866678253307725, 6.841224964231643 ], [ 79.866482050015563, 6.841187810540004 ], [ 79.866285824240364, 6.841162918205124 ], [ 79.866115436886815, 6.841141303899125 ], [ 79.866024188974109, 6.841129727825756 ], [ 79.865927657544276, 6.841118970135511 ], [ 79.865725753449681, 6.841096468198581 ], [ 79.865594912883793, 6.841092133466388 ], [ 79.865394621273623, 6.841054972580153 ], [ 79.865243397573579, 6.841017904324128 ], [ 79.864949113319724, 6.840951957038503 ], [ 79.864826450289272, 6.840947637594782 ], [ 79.864764109285048, 6.840924846076175 ], [ 79.864551609378097, 6.840924443179947 ], [ 79.864573379266858, 6.840758299727196 ], [ 79.864583561391044, 6.840738042498063 ], [ 79.864748064480438, 6.840752449637235 ], [ 79.864773254490913, 6.840757534404079 ], [ 79.864936288088003, 6.840790445094309 ], [ 79.865076153350586, 6.840796087440776 ], [ 79.8656624025067, 6.840877852901751 ], [ 79.865737700043667, 6.840888749986994 ], [ 79.865861395495884, 6.840910491996754 ], [ 79.865866805817305, 6.840894371649034 ], [ 79.865899125652959, 6.840872924616903 ], [ 79.865960973828749, 6.840883795621761 ], [ 79.866022821105162, 6.840894666626649 ], [ 79.866130276599861, 6.84090750804608 ], [ 79.866132132800558, 6.840907729279347 ] ], [ [ 79.866837546624453, 6.841319263544066 ], [ 79.86687733982636, 6.84135918624835 ], [ 79.866877299356872, 6.841380216894382 ], [ 79.866881895791948, 6.841611664617517 ], [ 79.866882211453969, 6.841627570027267 ], [ 79.866850998683844, 6.841728280606583 ], [ 79.8668348108869, 6.841780512331665 ], [ 79.86679560494234, 6.841907012769355 ], [ 79.866756340541841, 6.842038917233212 ], [ 79.866725218603165, 6.842143469716298 ], [ 79.866703377667932, 6.842208547357552 ], [ 79.866622421596745, 6.842449767114052 ], [ 79.866605624958922, 6.84249820819675 ], [ 79.866530643084005, 6.84271445288071 ], [ 79.866518651523847, 6.842709932888162 ], [ 79.866394204238418, 6.842696601338162 ], [ 79.866305773901658, 6.842684902956964 ], [ 79.866305773901672, 6.84268014464403 ], [ 79.86609292595702, 6.842651985971534 ], [ 79.866008426556931, 6.842641524158158 ], [ 79.865828391276509, 6.842619786645016 ], [ 79.865803214755829, 6.842616385409067 ], [ 79.865225083779791, 6.842552127050337 ], [ 79.864851755413397, 6.84250558533596 ], [ 79.864376889990723, 6.842455577634344 ], [ 79.864189723985717, 6.842434017287664 ], [ 79.864193569486758, 6.842396300620366 ], [ 79.864213596489407, 6.842199906671888 ], [ 79.864240179549682, 6.842000251781762 ], [ 79.864263189603562, 6.841957734533348 ], [ 79.864289419230374, 6.841944688967732 ], [ 79.864407321249942, 6.841954734394971 ], [ 79.864430255760766, 6.841951504030194 ], [ 79.864436819912342, 6.841944968656886 ], [ 79.864449971597978, 6.841918802881927 ], [ 79.864470029177568, 6.84170603947361 ], [ 79.864498068240152, 6.841393369479898 ], [ 79.864503005518202, 6.841338312084862 ], [ 79.864503492950746, 6.841332881978357 ], [ 79.864520199656369, 6.841159399158422 ], [ 79.864544891442421, 6.84097095341818 ], [ 79.864691459352201, 6.840971231308713 ], [ 79.864773223914028, 6.840979559930139 ], [ 79.864953117101564, 6.840992161230605 ], [ 79.865112503048408, 6.84103741871323 ], [ 79.865378179867989, 6.841095138101386 ], [ 79.865635702534576, 6.841140581743629 ], [ 79.865823796639802, 6.841140937875081 ], [ 79.866015902620703, 6.841182169992226 ], [ 79.866334784231853, 6.841215468290218 ], [ 79.866530994718559, 6.841248534563149 ], [ 79.866697700247684, 6.841265797949153 ], [ 79.866697700247641, 6.841270556262057 ], [ 79.866772200085919, 6.841278270646585 ], [ 79.866837546624453, 6.841319263544066 ] ], [ [ 79.86777044575868, 6.842181860874945 ], [ 79.867850878424591, 6.842187372819688 ], [ 79.867936634177596, 6.842214335393932 ], [ 79.868145635721845, 6.842295131385849 ], [ 79.868217704692583, 6.842293723946793 ], [ 79.868312910521695, 6.842322467178677 ], [ 79.868484368967799, 6.842327551046209 ], [ 79.868617724038032, 6.842332563867235 ], [ 79.868698622552728, 6.842370800342659 ], [ 79.86878902959937, 6.842418575926986 ], [ 79.868869991965951, 6.842423488923344 ], [ 79.869189102904173, 6.842428851580649 ], [ 79.869336747302384, 6.842433890482004 ], [ 79.869507625685756, 6.842428519730712 ], [ 79.869622544654092, 6.842424908053345 ], [ 79.869679068843311, 6.842423302763464 ], [ 79.869779732657904, 6.842420443818674 ], [ 79.869884464106192, 6.842449204137671 ], [ 79.869984379684809, 6.842506518830984 ], [ 79.870023696246008, 6.84253879370055 ], [ 79.870082890522383, 6.842581537578071 ], [ 79.870237962421541, 6.842662875861141 ], [ 79.87031518091031, 6.842716149001172 ], [ 79.87037035611651, 6.842792219055788 ], [ 79.870475845693235, 6.842853450296551 ], [ 79.870566265330396, 6.842897866913091 ], [ 79.870609095542875, 6.842943869933691 ], [ 79.870689996755488, 6.842994632166563 ], [ 79.870846248565087, 6.843106308179558 ], [ 79.871010431495833, 6.843199107422846 ], [ 79.87113654252704, 6.843289526160643 ], [ 79.871062779233526, 6.843391843828498 ], [ 79.870879560353089, 6.843591718153274 ], [ 79.87072002421948, 6.843754655522984 ], [ 79.870658162553909, 6.843819581178822 ], [ 79.870541318137157, 6.843951786016228 ], [ 79.870339506672721, 6.844173879890836 ], [ 79.870068628174536, 6.844485892480239 ], [ 79.869880223803207, 6.844739355607087 ], [ 79.869773328586149, 6.844595683514279 ], [ 79.869602006836999, 6.844410085027774 ], [ 79.869475102603701, 6.84431173426948 ], [ 79.869334736418722, 6.844218544720479 ], [ 79.869334901894007, 6.844217571654037 ], [ 79.869283130621795, 6.844172817791739 ], [ 79.869225761969147, 6.84418128670748 ], [ 79.869164614365232, 6.844175616481973 ], [ 79.869132547239033, 6.844164497264186 ], [ 79.869040768726279, 6.844145004458893 ], [ 79.868808886630561, 6.844105928016686 ], [ 79.868688140954717, 6.844071891375255 ], [ 79.868533564582066, 6.844040205561645 ], [ 79.868403144898934, 6.844010980293117 ], [ 79.868300498978542, 6.843987230097242 ], [ 79.868300459408346, 6.843987830844347 ], [ 79.868202931529737, 6.843935365295565 ], [ 79.867883687491826, 6.843887775870933 ], [ 79.867701261813409, 6.843883809860732 ], [ 79.867485080082005, 6.843854481170174 ], [ 79.867451635194428, 6.843806889946875 ], [ 79.867282376490138, 6.843840315948688 ], [ 79.866984732369119, 6.843865585099606 ], [ 79.866937814737952, 6.843876775363857 ], [ 79.866880816606042, 6.843878056897775 ], [ 79.866831719018251, 6.8438791612653 ], [ 79.866782545887375, 6.84388424063622 ], [ 79.866735944817634, 6.843897082955071 ], [ 79.866711428399313, 6.843901271997142 ], [ 79.86663546356543, 6.843914249214262 ], [ 79.866553258335813, 6.843943072485885 ], [ 79.866466234538677, 6.843964642725193 ], [ 79.86642032684621, 6.843964555490967 ], [ 79.8664102328556, 6.84396520839874 ], [ 79.866428947747366, 6.843806299991826 ], [ 79.866503877461469, 6.843419761483857 ], [ 79.866523010538003, 6.843347502756097 ], [ 79.86655437439434, 6.843353833983311 ], [ 79.866658233500146, 6.843373350170966 ], [ 79.866721026863402, 6.843387957858975 ], [ 79.866786232208327, 6.843404985622605 ], [ 79.866802417307213, 6.843407038774825 ], [ 79.866844207004064, 6.843412340278267 ], [ 79.866952917053027, 6.84342220584108 ], [ 79.867110711199857, 6.843407142196779 ], [ 79.867236029928392, 6.843405556691979 ], [ 79.867334380686643, 6.84341348781309 ], [ 79.867358809870709, 6.843437462839476 ], [ 79.867378084140782, 6.843466477666669 ], [ 79.867465567491536, 6.843464862484259 ], [ 79.867465080958269, 6.843459397304186 ], [ 79.867454940202876, 6.843392865459199 ], [ 79.867404177969917, 6.843378588721738 ], [ 79.867324863161414, 6.843362725580212 ], [ 79.867188440503597, 6.843362725580216 ], [ 79.866969917836911, 6.843376353906549 ], [ 79.866863450697224, 6.84337254527775 ], [ 79.866827371695322, 6.843371254750593 ], [ 79.866728362633282, 6.843342088837323 ], [ 79.86662691460991, 6.843324991825944 ], [ 79.866535094728292, 6.843301864860222 ], [ 79.86664266443681, 6.842895621306862 ], [ 79.866679525848781, 6.842774489821866 ], [ 79.866729997600643, 6.842745652161096 ], [ 79.86682834925827, 6.84277261923193 ], [ 79.86688545620818, 6.84278689686876 ], [ 79.866945735966283, 6.842802759111015 ], [ 79.867082157724781, 6.84283448539411 ], [ 79.867223339594858, 6.842864625273135 ], [ 79.867335967090611, 6.842894765152129 ], [ 79.867435904252972, 6.842897937960264 ], [ 79.867556463769247, 6.842905869081373 ], [ 79.867703990356304, 6.842928077839312 ], [ 79.867781719660059, 6.842947113788961 ], [ 79.867828417856657, 6.84297951456365 ], [ 79.867881656822448, 6.843005807143049 ], [ 79.867916555913752, 6.843050223759519 ], [ 79.867946695792824, 6.843075604426281 ], [ 79.867995870722325, 6.843102571497162 ], [ 79.868028668997368, 6.843134447967061 ], [ 79.868067314664302, 6.843141765750557 ], [ 79.868229135075993, 6.843175879733729 ], [ 79.868298256968501, 6.843221330570597 ], [ 79.868298324417651, 6.843221103042095 ], [ 79.868566988785048, 6.843232631451333 ], [ 79.868805712922807, 6.843228097968887 ], [ 79.86902809997639, 6.843176596493171 ], [ 79.869117526761997, 6.843162275688852 ], [ 79.869190044494474, 6.843145507829381 ], [ 79.86926495082632, 6.843143234343213 ], [ 79.869293926982664, 6.843152948819919 ], [ 79.869326520212255, 6.843165235357688 ], [ 79.869327313414317, 6.843166028559725 ], [ 79.869333351462572, 6.843168303844515 ], [ 79.869362318625633, 6.843182848579927 ], [ 79.869415474853838, 6.843182948404695 ], [ 79.869476740268979, 6.843186404499337 ], [ 79.869476762751972, 6.843185657162705 ], [ 79.869547558282747, 6.843189651051905 ], [ 79.869636952692773, 6.843192233904798 ], [ 79.869682612172383, 6.843187517859964 ], [ 79.869657120888974, 6.843168914484108 ], [ 79.869616064139606, 6.843159177524322 ], [ 79.869497680083398, 6.843154124233794 ], [ 79.869463857480582, 6.843151645702259 ], [ 79.869393802091864, 6.843144268563479 ], [ 79.869314104172105, 6.84312479914052 ], [ 79.869285132512388, 6.843112669984109 ], [ 79.869207824091404, 6.843107694035258 ], [ 79.869116004209772, 6.843109936045137 ], [ 79.86907249410983, 6.843119513824977 ], [ 79.869021703997987, 6.843145981772099 ], [ 79.868941915246722, 6.8431748104396 ], [ 79.868874239464148, 6.843186757933062 ], [ 79.868760660485634, 6.843196202613199 ], [ 79.868671251686465, 6.843200863799398 ], [ 79.868543184629814, 6.84320545214049 ], [ 79.868400417254932, 6.843194117984746 ], [ 79.86827188884611, 6.843142228901384 ], [ 79.868195548994905, 6.84311780061664 ], [ 79.86811325743038, 6.843091467567869 ], [ 79.868006975550912, 6.843050223759497 ], [ 79.867932419055336, 6.842991530405532 ], [ 79.867891174347648, 6.842937595364434 ], [ 79.867835653801819, 6.842910628293581 ], [ 79.867608812406175, 6.842875730101666 ], [ 79.86745018099046, 6.842856694151903 ], [ 79.867323276757205, 6.842853521343792 ], [ 79.867304613126763, 6.842848340349478 ], [ 79.866791863762799, 6.842705994756811 ], [ 79.86671096434884, 6.842671177503873 ], [ 79.866797319949626, 6.842387402727411 ], [ 79.866923302377728, 6.842014463767395 ], [ 79.866950216388545, 6.842024868024129 ], [ 79.86703598203411, 6.84204647063898 ], [ 79.867223621981779, 6.842078985627499 ], [ 79.86723692115622, 6.842083266400421 ], [ 79.8673576137721, 6.842122119810771 ], [ 79.867523803090279, 6.842154594329809 ], [ 79.867598882991345, 6.842154736422725 ], [ 79.86777044575868, 6.842181860874945 ] ], [ [ 79.868954547124432, 6.844162537641472 ], [ 79.869075319779952, 6.844182085305493 ], [ 79.869081831770856, 6.84419352468189 ], [ 79.869030409435638, 6.844197896286348 ], [ 79.868786559162132, 6.84422921787469 ], [ 79.868532109479048, 6.844260519677888 ], [ 79.8683942649931, 6.844286744808056 ], [ 79.868192813257508, 6.844318146436017 ], [ 79.867890624862198, 6.844370545435085 ], [ 79.86764673501861, 6.84442305415142 ], [ 79.867498260546043, 6.844465149617855 ], [ 79.867397524785702, 6.844486147888324 ], [ 79.867217241292408, 6.844533479207641 ], [ 79.867042288080896, 6.844564930298273 ], [ 79.866899124105061, 6.84460173865036 ], [ 79.866655303509233, 6.844617168318747 ], [ 79.866638770372759, 6.844618932788608 ], [ 79.866411463128273, 6.844643192000855 ], [ 79.866369075382309, 6.844637814954342 ], [ 79.866347906240676, 6.844621884363616 ], [ 79.866342655998565, 6.844595389436819 ], [ 79.866357701656341, 6.84447205281417 ], [ 79.866358806923159, 6.844462994842501 ], [ 79.866369696813749, 6.844309402328208 ], [ 79.866373857976868, 6.844274071562307 ], [ 79.866656915993573, 6.844266120656016 ], [ 79.866672249434501, 6.844265689880721 ], [ 79.866663285891633, 6.844214355679041 ], [ 79.866380620878644, 6.844216646252374 ], [ 79.866398249389349, 6.844066966688277 ], [ 79.8664492112717, 6.844022568058175 ], [ 79.866548343540813, 6.843986532223722 ], [ 79.866647845431331, 6.843961571540362 ], [ 79.866660783078288, 6.843961596721347 ], [ 79.866863153021782, 6.843933999225682 ], [ 79.866944722430617, 6.843922078711936 ], [ 79.867057702460656, 6.843910001716174 ], [ 79.867262996999401, 6.843871930715948 ], [ 79.867366106969868, 6.843870344311827 ], [ 79.867462386589509, 6.843885282950293 ], [ 79.86765798733596, 6.843917933736454 ], [ 79.867764270114648, 6.843917933736385 ], [ 79.868018079480436, 6.843946487211336 ], [ 79.868156088542364, 6.843975040686281 ], [ 79.8684425055269, 6.844060144430745 ], [ 79.868676780718587, 6.844111300566635 ], [ 79.868954547124432, 6.844162537641472 ] ], [ [ 79.86822610975716, 6.845201099022243 ], [ 79.868212072239331, 6.845211580620687 ], [ 79.868084728237591, 6.845289217294292 ], [ 79.867993561263802, 6.845324913184997 ], [ 79.867894354350952, 6.845363757602149 ], [ 79.867780234880001, 6.845408441317342 ], [ 79.867521894729677, 6.845500106515633 ], [ 79.86718064248268, 6.845554752920498 ], [ 79.867100318634868, 6.845557887957172 ], [ 79.866836663491213, 6.845568176201442 ], [ 79.866629318498255, 6.845526320854176 ], [ 79.866566533228934, 6.845522109329024 ], [ 79.866553342872464, 6.845521224396147 ], [ 79.866356737583345, 6.845508035838343 ], [ 79.866255988333208, 6.845507845182077 ], [ 79.866293165407114, 6.845121202352818 ], [ 79.866306095859485, 6.844986716834696 ], [ 79.866333383988291, 6.844702920474553 ], [ 79.866407825370644, 6.844689068217049 ], [ 79.866538745076852, 6.84468374872709 ], [ 79.866575168519034, 6.844682268443018 ], [ 79.866599083290851, 6.844681296275865 ], [ 79.866909645273694, 6.844653485640831 ], [ 79.867170635726097, 6.84460341408722 ], [ 79.867447643104043, 6.84453475534562 ], [ 79.867655336134604, 6.844465070477431 ], [ 79.868018995889713, 6.844380173576845 ], [ 79.868590217374404, 6.844294773955247 ], [ 79.868957983434001, 6.844244986587361 ], [ 79.869045729386656, 6.844228293371537 ], [ 79.869201652044367, 6.844216138134702 ], [ 79.869181565686489, 6.844278037571841 ], [ 79.869041738195577, 6.844512612237751 ], [ 79.868961849619538, 6.844639831233756 ], [ 79.868886048462244, 6.844711333631641 ], [ 79.86869857398996, 6.844870192575916 ], [ 79.868500152969588, 6.844988791570132 ], [ 79.868332797230764, 6.845091901540722 ], [ 79.86822610975716, 6.845201099022243 ] ], [ [ 79.867824083124944, 6.845441155056139 ], [ 79.868013949794047, 6.84576053039497 ], [ 79.868087713087647, 6.845862847163457 ], [ 79.868205530570904, 6.845789336579365 ], [ 79.868366109918156, 6.845689145808137 ], [ 79.868655411028485, 6.845534246578874 ], [ 79.869405933946638, 6.844994343984245 ], [ 79.869613515461324, 6.844856602920265 ], [ 79.869660536514473, 6.844825401841212 ], [ 79.869800135577776, 6.844759022880909 ], [ 79.869820064554318, 6.844782093189348 ], [ 79.869832261159857, 6.844796212545472 ], [ 79.869848323051627, 6.844814806928118 ], [ 79.869864385842689, 6.844833401310706 ], [ 79.869877024914743, 6.844855503049358 ], [ 79.86991031332029, 6.844892239455581 ], [ 79.870016850607186, 6.845002462164149 ], [ 79.870044163917086, 6.845023017068888 ], [ 79.870044119850292, 6.845046496568846 ], [ 79.87000269078159, 6.845111294520962 ], [ 79.869955405327744, 6.84515248976587 ], [ 79.869843176231655, 6.845211255965049 ], [ 79.869648167239205, 6.845358333790447 ], [ 79.869405916859705, 6.845523015844959 ], [ 79.869128171138343, 6.845734813381455 ], [ 79.868885854208955, 6.845934881959812 ], [ 79.868779480598775, 6.846017250866071 ], [ 79.868726238935011, 6.846087924089083 ], [ 79.868701503981413, 6.84612661022553 ], [ 79.868643379898302, 6.846217519093894 ], [ 79.868603217974396, 6.846342148042419 ], [ 79.868595893895645, 6.846364874809836 ], [ 79.868524558771682, 6.846641937945752 ], [ 79.868488254939365, 6.84677250601703 ], [ 79.868477027802982, 6.846812884677603 ], [ 79.868445802442281, 6.846963577777638 ], [ 79.8683837806974, 6.847262900033549 ], [ 79.868381742833648, 6.847272734120152 ], [ 79.868336848677174, 6.847483883245402 ], [ 79.868334111140854, 6.847496761537087 ], [ 79.868295504144811, 6.847629389055855 ], [ 79.868277700266233, 6.847682435566739 ], [ 79.86826585439627, 6.847706004998912 ], [ 79.86825362271712, 6.847718183618083 ], [ 79.86816770328744, 6.847706937595966 ], [ 79.868141038388828, 6.847702444582973 ], [ 79.867933230244958, 6.847667424083226 ], [ 79.86771178747955, 6.847627935751581 ], [ 79.867490307841976, 6.847607981594081 ], [ 79.86746645692196, 6.847606233312022 ], [ 79.867417928605036, 6.847602676493292 ], [ 79.86729205139757, 6.847595326334284 ], [ 79.867266050198566, 6.847593808278689 ], [ 79.867266337082341, 6.84759375611798 ], [ 79.867093825530105, 6.847597722128247 ], [ 79.86687769146279, 6.847625482401241 ], [ 79.866630903104209, 6.847566007536402 ], [ 79.866396074829481, 6.847493602219209 ], [ 79.866096266939621, 6.847494644533574 ], [ 79.866076207561363, 6.847486007444609 ], [ 79.86612859666775, 6.846875528753924 ], [ 79.866136141979609, 6.84656670336191 ], [ 79.866220544252798, 6.845836688583514 ], [ 79.866245130818143, 6.845629127753278 ], [ 79.866250296523987, 6.845560657869264 ], [ 79.866442869252978, 6.845572096346356 ], [ 79.866534501176289, 6.845577539942624 ], [ 79.866581909837265, 6.8455847390156 ], [ 79.866830229741325, 6.845589559381717 ], [ 79.867090057370291, 6.845594602779683 ], [ 79.867336923969887, 6.845570143917957 ], [ 79.867511957221083, 6.845552801391544 ], [ 79.867652038320941, 6.845499619083036 ], [ 79.867824083124944, 6.845441155056139 ] ], [ [ 79.864093492031685, 6.848618505711296 ], [ 79.864033525237659, 6.848610898346113 ], [ 79.863985382729837, 6.848592750926596 ], [ 79.863985739760736, 6.848591332695769 ], [ 79.864004150681637, 6.848518320336067 ], [ 79.864027755187308, 6.848368168627911 ], [ 79.864027813643233, 6.848337093453947 ], [ 79.864047566352625, 6.848168806017441 ], [ 79.86405800388431, 6.848129982284687 ], [ 79.864065836079988, 6.848098921499846 ], [ 79.864078840276761, 6.848073050702532 ], [ 79.864094415635321, 6.84805754189388 ], [ 79.864138486912225, 6.848044677991325 ], [ 79.864154037988953, 6.848042117621469 ], [ 79.864251184555044, 6.848039066221673 ], [ 79.864309507388327, 6.848037233403354 ], [ 79.864408993990367, 6.84804120570881 ], [ 79.8647047387432, 6.848053012907881 ], [ 79.864786214622626, 6.848056264856431 ], [ 79.864861699218551, 6.848057835072702 ], [ 79.865334188632474, 6.848067662863858 ], [ 79.865458358926688, 6.848076037350766 ], [ 79.865492219301032, 6.848078320729413 ], [ 79.865704646362929, 6.848096850360816 ], [ 79.865805689691456, 6.848099631064546 ], [ 79.865878222712425, 6.848107537903965 ], [ 79.865898941293707, 6.84811275577045 ], [ 79.865906668268721, 6.848121801151585 ], [ 79.865906109789734, 6.848131507534442 ], [ 79.865906825650086, 6.848253531146965 ], [ 79.865907730368107, 6.848408067050053 ], [ 79.865906383183741, 6.848478028909323 ], [ 79.865904236502018, 6.84858942883046 ], [ 79.8659017831515, 6.84871677013424 ], [ 79.865901484576625, 6.848727969391694 ], [ 79.8658889732083, 6.848741810857306 ], [ 79.865870222343631, 6.84874552235938 ], [ 79.865731485730265, 6.848760246959282 ], [ 79.865589021426899, 6.848763723738397 ], [ 79.865248172975512, 6.848605709257632 ], [ 79.86514701723172, 6.848571795823292 ], [ 79.865083279580332, 6.848575421889834 ], [ 79.865008273423754, 6.84859026699882 ], [ 79.864948269757548, 6.848601393411188 ], [ 79.864835804139716, 6.848601180271923 ], [ 79.864483402997308, 6.848604258651331 ], [ 79.864093492031685, 6.848618505711296 ] ], [ [ 79.87066337862214, 6.845411359616731 ], [ 79.870577344978585, 6.845320250199516 ], [ 79.870496054359549, 6.845253083433236 ], [ 79.870424343318874, 6.845185935552688 ], [ 79.870328649157912, 6.845137888373094 ], [ 79.870223377217158, 6.845089823207015 ], [ 79.870084653194183, 6.845003401955717 ], [ 79.8699986006649, 6.844921865821761 ], [ 79.86992212771402, 6.844840348573552 ], [ 79.869903085468962, 6.84479250823796 ], [ 79.870060504598527, 6.844626165135642 ], [ 79.870266312650088, 6.84435095999901 ], [ 79.87043287428753, 6.844128759105119 ], [ 79.870707850096977, 6.843837719605156 ], [ 79.870906348458945, 6.843627624485267 ], [ 79.871086318088814, 6.8434371408813 ], [ 79.871132063003941, 6.843392790814585 ], [ 79.871166735466105, 6.843352025445562 ], [ 79.871437006022717, 6.843619125891854 ], [ 79.871600780661311, 6.843766138965973 ], [ 79.871639528850977, 6.843822305225044 ], [ 79.871617854290363, 6.843869728275224 ], [ 79.871561585508559, 6.843947289405735 ], [ 79.871444633173169, 6.844154182039778 ], [ 79.871474811723061, 6.844175813432945 ], [ 79.87164373228218, 6.843882720780774 ], [ 79.871678302221696, 6.843865526642614 ], [ 79.871829084354658, 6.844034089271604 ], [ 79.871932516282456, 6.844129210564376 ], [ 79.872053200804459, 6.844232994127149 ], [ 79.872130770928308, 6.844306493019986 ], [ 79.872143633032209, 6.844353979921995 ], [ 79.872126275217397, 6.844401411066034 ], [ 79.872057071486623, 6.844470318919845 ], [ 79.871953249252996, 6.84458230969562 ], [ 79.871910044922643, 6.844599487646061 ], [ 79.871879850184911, 6.84458648614722 ], [ 79.871828085207923, 6.844564814284618 ], [ 79.871776295949317, 6.844556087263441 ], [ 79.871750368494673, 6.844568983541561 ], [ 79.871655164464258, 6.844689620399581 ], [ 79.871698286956374, 6.844715590122248 ], [ 79.871704777363576, 6.844706359480765 ], [ 79.871758888671764, 6.844629407191213 ], [ 79.87178483231412, 6.844607881918082 ], [ 79.871823710905574, 6.844595009921637 ], [ 79.871858223288356, 6.844608019514301 ], [ 79.871914272635536, 6.844646959259618 ], [ 79.871935841975542, 6.844655629623387 ], [ 79.871957428402609, 6.844655670092894 ], [ 79.871970387633297, 6.844651379427419 ], [ 79.871983387333458, 6.844625514925368 ], [ 79.872087259029755, 6.844487634466561 ], [ 79.872186747430376, 6.844384265491176 ], [ 79.872204040494026, 6.844371353025277 ], [ 79.872285894988067, 6.84446211890138 ], [ 79.872298781373686, 6.8444966618612 ], [ 79.872242536873557, 6.844561279049527 ], [ 79.872225203340477, 6.844595765352068 ], [ 79.872229382490019, 6.844669125749315 ], [ 79.872470362127657, 6.845083804943354 ], [ 79.872478915579649, 6.845126969703593 ], [ 79.872472277683627, 6.845148932946596 ], [ 79.872446209934779, 6.845159297633219 ], [ 79.872243688905257, 6.84527839215385 ], [ 79.872091386918171, 6.845384312505802 ], [ 79.872019643501957, 6.845434207792285 ], [ 79.871835519004222, 6.845550273396284 ], [ 79.871755699675987, 6.845617519302989 ], [ 79.871666696471095, 6.845678621041431 ], [ 79.871571533809487, 6.845752310590595 ], [ 79.871500938827509, 6.845806974981866 ], [ 79.871456317165539, 6.845865427317555 ], [ 79.871442557538302, 6.845883452429336 ], [ 79.871399960250258, 6.845920133077663 ], [ 79.871366418235894, 6.845929643408293 ], [ 79.871342489974211, 6.845920025159029 ], [ 79.871265998137574, 6.845848081194035 ], [ 79.871132044118795, 6.845771242219111 ], [ 79.871036377836802, 6.845708835564351 ], [ 79.870840236597871, 6.845593585645541 ], [ 79.870778049377662, 6.845555175601015 ], [ 79.870735027609626, 6.845512014438023 ], [ 79.87066337862214, 6.845411359616731 ] ], [ [ 79.871512596738526, 6.842991525908048 ], [ 79.871666345734837, 6.842781500935295 ], [ 79.871740485844299, 6.842849596701302 ], [ 79.871923587812972, 6.843049503401664 ], [ 79.871950518910936, 6.843076521733865 ], [ 79.871982897202571, 6.843076582887769 ], [ 79.871999096690587, 6.843071219331081 ], [ 79.872263844510456, 6.842899123265583 ], [ 79.872452941359796, 6.842780820148377 ], [ 79.8724853403358, 6.84277009393435 ], [ 79.872506915071639, 6.842775528537428 ], [ 79.872539243001256, 6.842802556762147 ], [ 79.872732924594459, 6.843115747463325 ], [ 79.872765242631502, 6.843148169821733 ], [ 79.872797569661856, 6.843175198046509 ], [ 79.872835314208061, 6.843191449695187 ], [ 79.872873089331307, 6.843191520741599 ], [ 79.872975691184848, 6.843153958757691 ], [ 79.873332147370405, 6.842998214165712 ], [ 79.873569741060393, 6.84291775721805 ], [ 79.873623704879748, 6.842917857942152 ], [ 79.873645249937979, 6.842939473147513 ], [ 79.873674813351656, 6.843001554247676 ], [ 79.873761998127449, 6.843271396726906 ], [ 79.873895844227732, 6.843837972313884 ], [ 79.873974464759684, 6.844178588740203 ], [ 79.874024406810975, 6.844524208095045 ], [ 79.874024102840153, 6.844685717341342 ], [ 79.874013357740353, 6.84469046576171 ], [ 79.873588626823803, 6.844804549259951 ], [ 79.873294240047287, 6.844877519351516 ], [ 79.873231393623996, 6.844811594548952 ], [ 79.873195859611371, 6.844716416598868 ], [ 79.873117178824756, 6.844531135572983 ], [ 79.873082914654816, 6.844411845000148 ], [ 79.873001695981429, 6.844165650194111 ], [ 79.872906517131966, 6.843976562338037 ], [ 79.872784688672311, 6.843751941368555 ], [ 79.8727504245023, 6.843707524752054 ], [ 79.872727638379644, 6.843720794248845 ], [ 79.872706020476286, 6.843738013568043 ], [ 79.872779127264749, 6.843889170718231 ], [ 79.872847925401331, 6.844036004827333 ], [ 79.872903861433969, 6.844135352034459 ], [ 79.872955463633673, 6.84424332014267 ], [ 79.873002643866911, 6.844407372671674 ], [ 79.87301974987156, 6.844493702192125 ], [ 79.873045514548878, 6.844567103058886 ], [ 79.873072798181155, 6.844650679754592 ], [ 79.873139947860395, 6.844856375390952 ], [ 79.873155635634177, 6.844913234127961 ], [ 79.873047005624954, 6.84494970703294 ], [ 79.872944618709326, 6.844984084517485 ], [ 79.872739459968287, 6.845054850370706 ], [ 79.87272378838226, 6.845060256195508 ], [ 79.872559681893989, 6.845125812276097 ], [ 79.872541813264178, 6.845128929326336 ], [ 79.87250490778537, 6.845079554747294 ], [ 79.872466207259791, 6.844997499704577 ], [ 79.872354336093807, 6.844798806189662 ], [ 79.872289789951878, 6.84468649885256 ], [ 79.87226396052337, 6.844647616663896 ], [ 79.872264033368481, 6.844608783038646 ], [ 79.872268383389155, 6.844591531343807 ], [ 79.872311635383653, 6.84454846460971 ], [ 79.87233757902608, 6.844526939336454 ], [ 79.872341969516214, 6.844488113805096 ], [ 79.872342001891838, 6.844470854016428 ], [ 79.872169657613526, 6.84428930607634 ], [ 79.872040354888341, 6.844176877330778 ], [ 79.871923971823705, 6.844081731756292 ], [ 79.871817167438195, 6.843940335847629 ], [ 79.871708108452211, 6.843813430715065 ], [ 79.871581501894553, 6.843657708606219 ], [ 79.871503772590813, 6.843545081110471 ], [ 79.871274650514351, 6.843288957789066 ], [ 79.871512596738526, 6.842991525908048 ] ], [ [ 79.871985661718526, 6.843041530012312 ], [ 79.87195328342689, 6.84304146885847 ], [ 79.871682055991641, 6.842764228556127 ], [ 79.872244244685575, 6.842146146097369 ], [ 79.872497330097076, 6.841854363757452 ], [ 79.872525344878099, 6.841828126036774 ], [ 79.872791753745716, 6.841578613631575 ], [ 79.872866618708755, 6.841481941907567 ], [ 79.873159693374532, 6.841777305347774 ], [ 79.873441697385857, 6.842135449560715 ], [ 79.873549127699661, 6.842399935677836 ], [ 79.873683328132742, 6.842777737272077 ], [ 79.873672413960364, 6.842842439896053 ], [ 79.873639964622342, 6.842880134080263 ], [ 79.873607586330706, 6.842880072926381 ], [ 79.873507738201241, 6.84288797616854 ], [ 79.873070275582407, 6.843075929080355 ], [ 79.872865060184125, 6.843156447181822 ], [ 79.872811106257217, 6.843150952324106 ], [ 79.872784195843636, 6.84311314662398 ], [ 79.872558186320788, 6.842772927698058 ], [ 79.872509720057067, 6.842718900926153 ], [ 79.872498907508103, 6.842729667609687 ], [ 79.872299027787491, 6.842842556808206 ], [ 79.872180175184582, 6.842912450319045 ], [ 79.871985661718526, 6.843041530012312 ] ], [ [ 79.871280855836162, 6.842009106504935 ], [ 79.871157224235787, 6.841899382920054 ], [ 79.87111445607664, 6.84184693625699 ], [ 79.871062799018262, 6.841866806777604 ], [ 79.870892104096683, 6.842055976472105 ], [ 79.870770928544857, 6.84216048308984 ], [ 79.870643432557742, 6.842187452858696 ], [ 79.870541908991257, 6.842201729596173 ], [ 79.870376932858534, 6.842241387000502 ], [ 79.870179976833811, 6.842340269258159 ], [ 79.870165959101115, 6.842344443911088 ], [ 79.870187987994584, 6.842257073874966 ], [ 79.870297331166213, 6.841931265685454 ], [ 79.870365320812141, 6.841752689105387 ], [ 79.870384777644631, 6.841685107751598 ], [ 79.870413817652818, 6.841661013115324 ], [ 79.870440372834182, 6.841673137775132 ], [ 79.870478922273747, 6.84173116832882 ], [ 79.870512672031495, 6.841772286232064 ], [ 79.870553715290967, 6.841789268130261 ], [ 79.8705947900268, 6.841789345471961 ], [ 79.870638336099631, 6.841760447556605 ], [ 79.870660126672774, 6.841736339430539 ], [ 79.870636001459559, 6.841716975228249 ], [ 79.870606938968294, 6.84175314416229 ], [ 79.870558602207026, 6.841760298269196 ], [ 79.870505527817116, 6.841716728813999 ], [ 79.870459738835095, 6.841653855411168 ], [ 79.870442916116872, 6.841605524945082 ], [ 79.870442998854543, 6.841562056213974 ], [ 79.870479391719741, 6.841482432038621 ], [ 79.870515780088354, 6.841405223442326 ], [ 79.870559448468924, 6.841311123779356 ], [ 79.87058129929666, 6.841255621219992 ], [ 79.870625945240292, 6.841127680967717 ], [ 79.87064446048258, 6.841074620966928 ], [ 79.870688170231972, 6.840958787388086 ], [ 79.870724581982884, 6.840869503594631 ], [ 79.87078036333213, 6.840758521858223 ], [ 79.870862804184, 6.840604121752751 ], [ 79.870862945377624, 6.840603824077161 ], [ 79.871053473048391, 6.840715567539297 ], [ 79.871236651459355, 6.840820843077306 ], [ 79.871369651297485, 6.840897280954562 ], [ 79.871409539827496, 6.84092399621528 ], [ 79.871437055484819, 6.840907297603477 ], [ 79.871448383345296, 6.84089601830638 ], [ 79.871485700713606, 6.840858861017368 ], [ 79.871560820184712, 6.840743085894427 ], [ 79.871665024630261, 6.840579066640374 ], [ 79.871938852904663, 6.840154555158227 ], [ 79.872047935272889, 6.839966395402463 ], [ 79.872156998755287, 6.839787896164073 ], [ 79.872261285039102, 6.839580408178804 ], [ 79.872417483788581, 6.839276679244828 ], [ 79.872551349673842, 6.839330490179461 ], [ 79.872678902318242, 6.839366932507382 ], [ 79.8728018405413, 6.839416504037855 ], [ 79.873051684796295, 6.839501767861654 ], [ 79.873008060482434, 6.839652467256881 ], [ 79.872924779663762, 6.839817046788709 ], [ 79.872754252016065, 6.840124393695221 ], [ 79.872629329888696, 6.840364322924638 ], [ 79.872383452543374, 6.840764865675576 ], [ 79.872302153830432, 6.840903667040158 ], [ 79.872319999977137, 6.84093539332333 ], [ 79.872401298690136, 6.840994879879334 ], [ 79.872496476640237, 6.841042469304084 ], [ 79.87260553562615, 6.841103938865214 ], [ 79.872694765460267, 6.841157476405954 ], [ 79.872861327097837, 6.841300244679996 ], [ 79.87280527595199, 6.841393454014187 ], [ 79.872790499191453, 6.841418027989083 ], [ 79.87277608575701, 6.841435397495066 ], [ 79.872666766867084, 6.841567140080981 ], [ 79.872477996471744, 6.841771774517389 ], [ 79.872501004726928, 6.841794296239333 ], [ 79.872461969653543, 6.841836697475175 ], [ 79.872384171101984, 6.84192120406991 ], [ 79.872309784578263, 6.8420217078052 ], [ 79.87205999608139, 6.842310211216968 ], [ 79.871936157636981, 6.842182574935601 ], [ 79.871647450079095, 6.841924007256893 ], [ 79.871534821683952, 6.841847864357227 ], [ 79.871403267056493, 6.841971382643037 ], [ 79.871339756933594, 6.842016542998933 ], [ 79.87132185682762, 6.842035480023224 ], [ 79.871309388626742, 6.842032962820833 ], [ 79.871280855836162, 6.842009106504935 ] ], [ [ 79.872909260063466, 6.840938043625251 ], [ 79.872957521281748, 6.840971340124673 ], [ 79.873105439973259, 6.84110874664075 ], [ 79.873000218394594, 6.841228482378006 ], [ 79.872939126548744, 6.84130517386415 ], [ 79.872758811579104, 6.841167750260936 ], [ 79.872885059307237, 6.840959129129906 ], [ 79.872909260063466, 6.840938043625251 ] ], [ [ 79.873560314365861, 6.839317287232223 ], [ 79.873740276801144, 6.839439455635542 ], [ 79.874041954381582, 6.839657198589952 ], [ 79.87425366558314, 6.839805911382768 ], [ 79.874280114644506, 6.839832446779018 ], [ 79.874242936671152, 6.839874752686754 ], [ 79.874120725100354, 6.840044027578938 ], [ 79.87399321292547, 6.840213292578503 ], [ 79.873780804749387, 6.840435368466708 ], [ 79.873616194640775, 6.840604564218508 ], [ 79.873462212720085, 6.840757887835553 ], [ 79.873287002302462, 6.840927063802314 ], [ 79.873148930288124, 6.841075120090116 ], [ 79.873139201422205, 6.841086190744528 ], [ 79.872966689869997, 6.840929866089906 ], [ 79.872909407552271, 6.840875422032556 ], [ 79.872851870726379, 6.840956817872296 ], [ 79.872728474748499, 6.841148137845757 ], [ 79.87263657392792, 6.841084604340531 ], [ 79.872554330027484, 6.841025206817346 ], [ 79.872376710326066, 6.840896925722131 ], [ 79.873380059650799, 6.839181636192797 ], [ 79.873560314365861, 6.839317287232223 ] ], [ [ 79.873337219545789, 6.839132951393852 ], [ 79.873228161459281, 6.839319343082544 ], [ 79.873146862746296, 6.839462110457359 ], [ 79.873082129545452, 6.839461342436354 ], [ 79.872879173244002, 6.839388743764903 ], [ 79.872768132152331, 6.839337189229293 ], [ 79.8727972000395, 6.839269470279234 ], [ 79.87301491781291, 6.839042108176089 ], [ 79.873094532994983, 6.838978693381318 ], [ 79.873163399480021, 6.838994713904253 ], [ 79.873337219545789, 6.839132951393852 ] ], [ [ 79.872012653070186, 6.839096504569634 ], [ 79.8720055951907, 6.839002489442905 ], [ 79.872027598003839, 6.838843449734996 ], [ 79.872227473227909, 6.838670971457691 ], [ 79.872244992021322, 6.838655853854075 ], [ 79.872172685629479, 6.838634025509398 ], [ 79.872132342042505, 6.838651216949668 ], [ 79.872122002536969, 6.838655622728324 ], [ 79.871977010239462, 6.838814431310561 ], [ 79.871969530578042, 6.838944574002476 ], [ 79.871934726814885, 6.839198391462162 ], [ 79.87163534970027, 6.839149410786352 ], [ 79.871444965921071, 6.839107892684816 ], [ 79.871326619636463, 6.839081945445173 ], [ 79.871162013125016, 6.839019896720688 ], [ 79.871100271069281, 6.839004345643844 ], [ 79.870997376936018, 6.838973282161023 ], [ 79.870832760532053, 6.838916378457923 ], [ 79.870642426215554, 6.838849136148613 ], [ 79.870570447176959, 6.838802696057477 ], [ 79.870596436684693, 6.838668975862451 ], [ 79.870648455270427, 6.838380957185309 ], [ 79.870659070867831, 6.838211193961278 ], [ 79.870664334599766, 6.838149464496038 ], [ 79.870715878343489, 6.838113547372174 ], [ 79.870844645072651, 6.838072630017678 ], [ 79.870988845067529, 6.838036886462905 ], [ 79.871143340501121, 6.838001162693266 ], [ 79.871272079351371, 6.837975679503708 ], [ 79.871364764380743, 6.837960418907852 ], [ 79.871426535214823, 6.837960535819771 ], [ 79.871488297055649, 6.837965796853703 ], [ 79.871601771712761, 6.837948565843233 ], [ 79.871622066713456, 6.837950324917196 ], [ 79.871699618850698, 6.837957048248831 ], [ 79.871743787254388, 6.837916017579757 ], [ 79.871779957087739, 6.837841855886513 ], [ 79.871873239266932, 6.8378665782496 ], [ 79.871986214800316, 6.837866790489531 ], [ 79.87207958960974, 6.837842418862064 ], [ 79.872177931374807, 6.837788598934179 ], [ 79.872234997855244, 6.837730999155734 ], [ 79.87228258727994, 6.83767746161503 ], [ 79.872379960475101, 6.837450223618319 ], [ 79.872453557394095, 6.837494547604702 ], [ 79.872541927476306, 6.837519260974496 ], [ 79.872679251254809, 6.837632437056706 ], [ 79.872826353361901, 6.837770179019892 ], [ 79.872895002210953, 6.837834130709856 ], [ 79.873071576000882, 6.837971928431024 ], [ 79.873272682396845, 6.838124500214744 ], [ 79.873287353936732, 6.838158893887046 ], [ 79.87327746589088, 6.838193241693971 ], [ 79.87324765246575, 6.838374837298175 ], [ 79.873218014408394, 6.838463152521698 ], [ 79.873203111742797, 6.838551495624285 ], [ 79.873183767325585, 6.838618687571658 ], [ 79.873183334751715, 6.838620191238124 ], [ 79.873109294467042, 6.838811522902761 ], [ 79.87310228784898, 6.838831709085416 ], [ 79.873067767372206, 6.838931159714566 ], [ 79.873066797903107, 6.838930866535614 ], [ 79.873020470227161, 6.838930779301378 ], [ 79.872958640937227, 6.838961533417362 ], [ 79.872705944032816, 6.83920801600655 ], [ 79.872613093528187, 6.839310741067318 ], [ 79.872587375615652, 6.839300402461023 ], [ 79.872520485840496, 6.839284842391001 ], [ 79.872458781556247, 6.839248712127826 ], [ 79.872381616127413, 6.839222842229871 ], [ 79.872227178250355, 6.839227696770312 ], [ 79.87198528040507, 6.839206662527054 ], [ 79.871980511300308, 6.839205881915536 ], [ 79.872012653070186, 6.839096504569634 ] ], [ [ 79.870700672606006, 6.836710773153447 ], [ 79.870659889250575, 6.836695400142404 ], [ 79.870583154596986, 6.836807432286955 ], [ 79.870532062312918, 6.836848127508892 ], [ 79.870511627917352, 6.836863385406801 ], [ 79.870470815783577, 6.836863308964386 ], [ 79.870261691032297, 6.836842519336697 ], [ 79.870062769089586, 6.836821749494106 ], [ 79.869970893450017, 6.836847070805675 ], [ 79.86988409088616, 6.836887699477754 ], [ 79.869741122962537, 6.836953716011254 ], [ 79.869674763787415, 6.836973986730162 ], [ 79.869521611940939, 6.837029786965155 ], [ 79.869450200374516, 6.83702455291091 ], [ 79.869414489195421, 6.837024485461747 ], [ 79.869414691542843, 6.836917408581686 ], [ 79.86941507645264, 6.836713452234121 ], [ 79.869440881599388, 6.83655543415605 ], [ 79.869471847056047, 6.836366831933853 ], [ 79.869513149320227, 6.836106864010657 ], [ 79.869518367186757, 6.836072541384698 ], [ 79.869539121740871, 6.83593600181509 ], [ 79.869559639773342, 6.835801015374599 ], [ 79.869560867347886, 6.835790755009397 ], [ 79.869580372743727, 6.835627690835285 ], [ 79.869597919416151, 6.835468280606642 ], [ 79.870189177796036, 6.835434221482022 ], [ 79.870341131745548, 6.835420045468565 ], [ 79.870340464448674, 6.835774360368299 ], [ 79.870345819911577, 6.835926636275068 ], [ 79.870358265629363, 6.835968415180099 ], [ 79.870412456977164, 6.83596250033897 ], [ 79.87039887271753, 6.835492463376317 ], [ 79.870406379358641, 6.835347858686539 ], [ 79.870043948077466, 6.835347177000512 ], [ 79.870056546679834, 6.834658203683039 ], [ 79.870061041491269, 6.834186126158666 ], [ 79.870126396123723, 6.834197613199123 ], [ 79.870209566325855, 6.834212231678976 ], [ 79.870292737427292, 6.834226850158799 ], [ 79.870394007384959, 6.834234271364322 ], [ 79.870451965992856, 6.834190995088115 ], [ 79.870481340548807, 6.833959660679576 ], [ 79.870532241277246, 6.833822368377317 ], [ 79.870575879980208, 6.833699524583104 ], [ 79.870612270147461, 6.833583897848322 ], [ 79.870612393354605, 6.833518819307768 ], [ 79.870489554956265, 6.833439048543007 ], [ 79.870352597201858, 6.833372135385487 ], [ 79.87043471609654, 6.83328709549284 ], [ 79.870570160291877, 6.833134006598817 ], [ 79.870610438228354, 6.83308296827409 ], [ 79.87076010969848, 6.83313436452894 ], [ 79.870935330008706, 6.833196761291089 ], [ 79.871084995183665, 6.833251807894183 ], [ 79.871136121641911, 6.833259205717351 ], [ 79.8711909829847, 6.833222798462882 ], [ 79.871322740859028, 6.833087958611924 ], [ 79.871410581240553, 6.832996847396063 ], [ 79.871527672071593, 6.832891187847506 ], [ 79.871648408754226, 6.832789185841649 ], [ 79.871710623853346, 6.832727235143161 ], [ 79.871736194277091, 6.832727282807241 ], [ 79.871816439883986, 6.832789501503631 ], [ 79.871940521145348, 6.832851802038381 ], [ 79.872039073351715, 6.832892148323309 ], [ 79.872141305583952, 6.832917897712115 ], [ 79.872261821932753, 6.832932727532617 ], [ 79.87238602640123, 6.832929310108814 ], [ 79.872535786904251, 6.832933241944736 ], [ 79.872623442025443, 6.832940708116392 ], [ 79.872674575678346, 6.83294445559131 ], [ 79.872750639437669, 6.832957272729099 ], [ 79.872677072196439, 6.833305672787757 ], [ 79.872671115087201, 6.833333881822344 ], [ 79.872660644280728, 6.833476633009427 ], [ 79.872658253882676, 6.833494429693386 ], [ 79.872501882463268, 6.833480832843419 ], [ 79.87249268419734, 6.833481094546144 ], [ 79.872381331040927, 6.833484257461788 ], [ 79.872322898490282, 6.833476846148796 ], [ 79.872235250563705, 6.833465728729689 ], [ 79.872103781371734, 6.833447226077968 ], [ 79.871935762832535, 6.833439608820252 ], [ 79.871837135982332, 6.833439423559955 ], [ 79.871796995642171, 6.833417442330525 ], [ 79.87177515380759, 6.833377239937088 ], [ 79.871793465803179, 6.833351717177424 ], [ 79.871815445233949, 6.833318899117303 ], [ 79.871852042245266, 6.833282457688635 ], [ 79.871826520384843, 6.833256852191348 ], [ 79.871789902689116, 6.833304246463225 ], [ 79.871756923650423, 6.833358950424621 ], [ 79.871749522229976, 6.833410050802644 ], [ 79.87177503689577, 6.833439306648083 ], [ 79.871796912904529, 6.833461254602634 ], [ 79.871774995527019, 6.833461213233829 ], [ 79.871698285155091, 6.833461069342292 ], [ 79.87162523502387, 6.833457280498576 ], [ 79.871610465457962, 6.833541226815614 ], [ 79.871639750081755, 6.833508422245358 ], [ 79.871676320113409, 6.833486584907376 ], [ 79.871731106812433, 6.833490338677648 ], [ 79.871800531776444, 6.833479516236094 ], [ 79.871818816792242, 6.833468597567093 ], [ 79.871917443642417, 6.833468782827443 ], [ 79.872019717243504, 6.833472625630527 ], [ 79.872143887537689, 6.833487463544924 ], [ 79.872268065026532, 6.833498649312514 ], [ 79.872425117232766, 6.833509897133323 ], [ 79.87254564167543, 6.833521076605617 ], [ 79.872652951479893, 6.833533899139319 ], [ 79.872614079183847, 6.833823273094813 ], [ 79.872556110683462, 6.834214792048288 ], [ 79.872522421180321, 6.834214729095742 ], [ 79.872445710808421, 6.834214585204202 ], [ 79.872321568393176, 6.834185144098432 ], [ 79.872219308281984, 6.834173998800341 ], [ 79.872179160747208, 6.834155667919089 ], [ 79.872102525918365, 6.834115363002925 ], [ 79.872080629225124, 6.834104368790926 ], [ 79.872007578194655, 6.834100580846517 ], [ 79.871901665936591, 6.834089428353817 ], [ 79.871755550385814, 6.834089154060654 ], [ 79.871653263294931, 6.834092612853287 ], [ 79.871621385925721, 6.834092553498034 ], [ 79.87160942853977, 6.834092531014974 ], [ 79.871540031454757, 6.834088749365838 ], [ 79.871543601763264, 6.834132567933161 ], [ 79.871621936310788, 6.834120856062099 ], [ 79.871664181064588, 6.834114539224045 ], [ 79.871795677236193, 6.83411843778509 ], [ 79.871890645644299, 6.83412226709833 ], [ 79.87191256212256, 6.834122308467162 ], [ 79.87196732813716, 6.8341370150806 ], [ 79.87201114940251, 6.834144399413868 ], [ 79.872047663676213, 6.834151770257355 ], [ 79.872062289350666, 6.834144495641304 ], [ 79.872124360558303, 6.834159216643863 ], [ 79.872175466332209, 6.834177567310246 ], [ 79.872248469698633, 6.834206913087907 ], [ 79.872306880665548, 6.834225277244067 ], [ 79.872372612113907, 6.834236354193702 ], [ 79.872420092720617, 6.834240094474087 ], [ 79.872467573327398, 6.834243834754473 ], [ 79.872518706980244, 6.834247581330076 ], [ 79.872550172460038, 6.834254900912197 ], [ 79.872546907021714, 6.834276952288766 ], [ 79.872495144742814, 6.834674572243004 ], [ 79.872494751739097, 6.834883627746543 ], [ 79.872417204098483, 6.835429068366174 ], [ 79.87240212246779, 6.835481454774651 ], [ 79.872356482773313, 6.835675724524427 ], [ 79.872307461627969, 6.835810257706591 ], [ 79.872263152030797, 6.835964166782261 ], [ 79.872259850619557, 6.835974970338029 ], [ 79.872140443134967, 6.836365726666411 ], [ 79.872124557510347, 6.836417711977258 ], [ 79.871958028248514, 6.836784425830071 ], [ 79.871837681871696, 6.837049440748647 ], [ 79.871776252780109, 6.837161501671485 ], [ 79.871740551493446, 6.83715633596571 ], [ 79.871613099573068, 6.837110206140667 ], [ 79.87146523124359, 6.837069136800833 ], [ 79.871347963246066, 6.837033223274288 ], [ 79.87127149748973, 6.837002486245395 ], [ 79.87114915641655, 6.836951267156954 ], [ 79.870930021311523, 6.83682848002006 ], [ 79.870700672606006, 6.836710773153447 ] ], [ [ 79.872407601136246, 6.829329215140239 ], [ 79.872261614188488, 6.829286358847551 ], [ 79.872109540629111, 6.829243491762877 ], [ 79.871951382256825, 6.829200612987084 ], [ 79.871708051791458, 6.829139325089023 ], [ 79.871537674330497, 6.829120755887494 ], [ 79.871452503136794, 6.82910234676521 ], [ 79.871428250219822, 6.829053636785249 ], [ 79.8714283482459, 6.829001125370959 ], [ 79.871440157243669, 6.828976328364171 ], [ 79.871537125743927, 6.828657447652393 ], [ 79.871573558179307, 6.828500994394665 ], [ 79.871772261586742, 6.828531467922106 ], [ 79.872103403655331, 6.828598310033088 ], [ 79.872374349602751, 6.828646978644216 ], [ 79.872530902685199, 6.828671352070316 ], [ 79.87271160526258, 6.828665671052862 ], [ 79.873018768707468, 6.828672266680718 ], [ 79.873145207091852, 6.828696584348823 ], [ 79.873217460423689, 6.828708759370625 ], [ 79.873289669688759, 6.828745015538872 ], [ 79.873379924749969, 6.828793345105624 ], [ 79.873421984243464, 6.828847604801968 ], [ 79.873427917070998, 6.82889577608802 ], [ 79.873403677643978, 6.828973991025694 ], [ 79.873385394426762, 6.829088338025215 ], [ 79.873342939231662, 6.829244780491117 ], [ 79.87329451793407, 6.82937111095694 ], [ 79.873246074153442, 6.829509481546214 ], [ 79.873173740781922, 6.829539446057525 ], [ 79.873131579665113, 6.829539366917171 ], [ 79.87301138617299, 6.829515105906378 ], [ 79.87301116404042, 6.829515060940249 ], [ 79.873008268223444, 6.829515120295548 ], [ 79.872979377502716, 6.829500614230943 ], [ 79.872815767440102, 6.829455685900181 ], [ 79.872778638030127, 6.829445489386853 ], [ 79.872608283052216, 6.82941475505594 ], [ 79.872523180206954, 6.829359846948416 ], [ 79.872407601136246, 6.829329215140239 ] ], [ [ 79.871022347509907, 6.830582228856261 ], [ 79.870976734795164, 6.831076385636209 ], [ 79.870967641749957, 6.831159734803466 ], [ 79.870951213834189, 6.831174047513806 ], [ 79.870839777940134, 6.831154462078345 ], [ 79.870580876612863, 6.831105814151587 ], [ 79.870435609122737, 6.831076491756344 ], [ 79.870340045363506, 6.83105720129846 ], [ 79.870278716096522, 6.831048569605504 ], [ 79.870123271878143, 6.831026693596714 ], [ 79.869864359759049, 6.830984065731814 ], [ 79.869846290580497, 6.830984031557556 ], [ 79.869798196636111, 6.830935781131179 ], [ 79.869798245199476, 6.830909967890509 ], [ 79.869798452942831, 6.83079989177136 ], [ 79.869798548270978, 6.830749160115404 ], [ 79.869823094366851, 6.830508403509785 ], [ 79.869877641846173, 6.830327905078499 ], [ 79.869944246536164, 6.830141408169171 ], [ 79.869992510452462, 6.830099358568266 ], [ 79.870016624873827, 6.83008736341079 ], [ 79.870179190823478, 6.830117769489132 ], [ 79.870197541489787, 6.830117804562745 ], [ 79.870474900502742, 6.830229870881402 ], [ 79.870823151273967, 6.830376416308079 ], [ 79.870963094777593, 6.830409430420384 ], [ 79.871034542316863, 6.830433382963681 ], [ 79.87105235428929, 6.830466167748936 ], [ 79.871022347509907, 6.830582228856261 ] ], [ [ 79.870670275519586, 6.831178373252899 ], [ 79.870746744873117, 6.831194901892795 ], [ 79.871061883505888, 6.831253878533127 ], [ 79.871065849516086, 6.83125387853316 ], [ 79.871107712957354, 6.831260770937277 ], [ 79.871356083223461, 6.831321735978785 ], [ 79.871434646198807, 6.831341020141415 ], [ 79.87144314479211, 6.831386796532846 ], [ 79.871421144676887, 6.831430567436165 ], [ 79.871366173616863, 6.831525391053389 ], [ 79.871329507357771, 6.831598343158446 ], [ 79.871281318085209, 6.831697210127604 ], [ 79.871270835587453, 6.831718716515005 ], [ 79.871230530671355, 6.831784359829803 ], [ 79.87119752465297, 6.831853666982653 ], [ 79.871160906057881, 6.831901061254465 ], [ 79.871124137276041, 6.832028778474842 ], [ 79.871094770814025, 6.832105395317272 ], [ 79.871065320714933, 6.832225823532459 ], [ 79.871039675647538, 6.832265936893022 ], [ 79.871021328578522, 6.832309714990899 ], [ 79.871006668729819, 6.83233524404582 ], [ 79.870970092402885, 6.832360732631265 ], [ 79.870907938457592, 6.832389824800144 ], [ 79.870812868426171, 6.832440759702907 ], [ 79.870798257140919, 6.832440732723282 ], [ 79.870721725734057, 6.832345661792478 ], [ 79.870674347650009, 6.832287156396744 ], [ 79.87065362816935, 6.832268446900922 ], [ 79.870601414430723, 6.832221300841979 ], [ 79.870557641728738, 6.832188358675485 ], [ 79.870513855536956, 6.832162719903251 ], [ 79.870513883415995, 6.83214811581253 ], [ 79.870546958682112, 6.832042297983362 ], [ 79.870583672605349, 6.831943788944341 ], [ 79.87060569250562, 6.831889065197849 ], [ 79.870613673089437, 6.83184487880778 ], [ 79.870609892339587, 6.831843853580606 ], [ 79.870628910302898, 6.831720502568754 ], [ 79.870624335451552, 6.831730577673697 ], [ 79.870598383715262, 6.831724762657309 ], [ 79.870568912931873, 6.8318561437157 ], [ 79.870532151344591, 6.83198020968854 ], [ 79.870510144034839, 6.832027631839373 ], [ 79.870480777572823, 6.832104248681809 ], [ 79.870477995070416, 6.832114597180555 ], [ 79.870466062865475, 6.832158985918183 ], [ 79.870508443416867, 6.832190880374505 ], [ 79.870509835567432, 6.832191928084685 ], [ 79.87056091346237, 6.832224882841749 ], [ 79.870622909126979, 6.832279764868859 ], [ 79.870627706110724, 6.832284578040468 ], [ 79.870604575547773, 6.832316240471759 ], [ 79.870578916091091, 6.832363656327313 ], [ 79.870556903385406, 6.832414728826287 ], [ 79.870520305474756, 6.832451170254994 ], [ 79.870472832062589, 6.832443779626418 ], [ 79.870443602297414, 6.832447375115946 ], [ 79.870410679016686, 6.832472870895971 ], [ 79.870363053619087, 6.832545801417295 ], [ 79.870348366790751, 6.832585935462272 ], [ 79.870330081774938, 6.832596854131245 ], [ 79.870286274898746, 6.832582167302905 ], [ 79.870198647656494, 6.832560096141256 ], [ 79.870089123721115, 6.832527030767635 ], [ 79.86998323214749, 6.832504925431751 ], [ 79.869895618395077, 6.832475552674403 ], [ 79.869727676298169, 6.832427773492826 ], [ 79.869713099187194, 6.832409490275611 ], [ 79.869713229588839, 6.832340121069583 ], [ 79.869717095774291, 6.83222694678599 ], [ 79.86972837776932, 6.832055369629463 ], [ 79.869732189096155, 6.831971402627932 ], [ 79.869717638964744, 6.831938516219378 ], [ 79.869670179941707, 6.831923823095783 ], [ 79.869589823718243, 6.831920020762196 ], [ 79.86950214161736, 6.831927157782016 ], [ 79.869385250435812, 6.831926937448154 ], [ 79.869231836886627, 6.831922997518269 ], [ 79.869122265287132, 6.831915489078554 ], [ 79.868980297409635, 6.831911997011115 ], [ 79.868980619366866, 6.831741175285033 ], [ 79.868981244395655, 6.831409746332761 ], [ 79.868991152226513, 6.831050008521099 ], [ 79.86899219723874, 6.831012049936128 ], [ 79.869002698622253, 6.830854003079769 ], [ 79.86902820609339, 6.830854050743819 ], [ 79.869125143117486, 6.830849135049474 ], [ 79.869298526112701, 6.830885153796708 ], [ 79.869352067250773, 6.830898001511421 ], [ 79.869405609288094, 6.83091085012556 ], [ 79.869466788368257, 6.830931360963417 ], [ 79.869589156421057, 6.83096728348321 ], [ 79.86966819513772, 6.830985278917331 ], [ 79.869747234753746, 6.831003273452082 ], [ 79.869910376269587, 6.831059669038314 ], [ 79.870068464494736, 6.831090559851161 ], [ 79.870190871218441, 6.831106086646298 ], [ 79.870313277942131, 6.83112161434067 ], [ 79.870411877812629, 6.831137290423299 ], [ 79.870539965553661, 6.831157655570959 ], [ 79.870670275519586, 6.831178373252899 ] ], [ [ 79.86968018939622, 6.832427683560609 ], [ 79.869702058210422, 6.832453281863328 ], [ 79.869840791226551, 6.832493704590644 ], [ 79.869935689487519, 6.832534044580341 ], [ 79.8699904617974, 6.832545100845522 ], [ 79.870052547394152, 6.832552519353071 ], [ 79.870136528784812, 6.832570932971942 ], [ 79.870249691377211, 6.832611307135815 ], [ 79.870272570130098, 6.832617069092236 ], [ 79.870322714528712, 6.832629699171025 ], [ 79.870355576655598, 6.832637063719268 ], [ 79.870367094273092, 6.832617413532524 ], [ 79.870406881179662, 6.832549535402474 ], [ 79.870436193682394, 6.832502126741424 ], [ 79.870458179408487, 6.832465657433811 ], [ 79.87053120255996, 6.832484050368286 ], [ 79.870560418835311, 6.832487756474437 ], [ 79.870589799686499, 6.832403838036346 ], [ 79.87063741699022, 6.832334557863203 ], [ 79.870651816035448, 6.832308767105522 ], [ 79.870677598699231, 6.832334633406205 ], [ 79.87071405901365, 6.832371212431152 ], [ 79.870743965069011, 6.83242124441453 ], [ 79.870768679338084, 6.83246259074556 ], [ 79.870797909103302, 6.83249291768361 ], [ 79.870823349125374, 6.832528412126124 ], [ 79.870848863791181, 6.832557667971604 ], [ 79.870892560950054, 6.83263077116274 ], [ 79.870907083202468, 6.832678261662052 ], [ 79.870846700921646, 6.832736564710302 ], [ 79.870786318640825, 6.832794867758582 ], [ 79.870672867366068, 6.83290783609739 ], [ 79.870618431402676, 6.832980718954691 ], [ 79.870582173435722, 6.833031974016056 ], [ 79.870534584011082, 6.833095425683032 ], [ 79.870494387912871, 6.833130642235061 ], [ 79.870438505839573, 6.833214082233821 ], [ 79.870405526800823, 6.833268785295932 ], [ 79.870383766804622, 6.833288904928794 ], [ 79.870354297819816, 6.833316152588137 ], [ 79.870317727788191, 6.83333798992609 ], [ 79.87029054577927, 6.833341819239322 ], [ 79.870222120861413, 6.833308388740938 ], [ 79.870202464379432, 6.833300979226586 ], [ 79.870044842003068, 6.833241561918351 ], [ 79.86999077745962, 6.833221181482189 ], [ 79.869892735168747, 6.833164940579414 ], [ 79.869737840436144, 6.833076086661977 ], [ 79.869583534759428, 6.833007880279387 ], [ 79.869557126167592, 6.83299620617988 ], [ 79.869395405580619, 6.83293119778651 ], [ 79.869376398409159, 6.832923557146413 ], [ 79.869328574261374, 6.832913220338835 ], [ 79.869304980547497, 6.832873749094239 ], [ 79.869253994383413, 6.832858356298085 ], [ 79.869116264111341, 6.832852998137396 ], [ 79.869112828701176, 6.832853134834364 ], [ 79.868993818716802, 6.832857866167601 ], [ 79.868978552725125, 6.832837441664676 ], [ 79.8689838371414, 6.832740572089754 ], [ 79.868984195071562, 6.832728822447235 ], [ 79.868988779815339, 6.832578376660768 ], [ 79.868989274442427, 6.832562119616171 ], [ 79.868999603156169, 6.832495853071179 ], [ 79.868993410424508, 6.832370543335928 ], [ 79.868979946674131, 6.832098100017333 ], [ 79.868980237155057, 6.831943998486797 ], [ 79.869092994153235, 6.831940991153806 ], [ 79.869326721657771, 6.831970640002997 ], [ 79.869418043314965, 6.831970811773473 ], [ 79.869553219512341, 6.831960112539043 ], [ 79.86965551289849, 6.831953003398265 ], [ 79.869695667627823, 6.831967683032 ], [ 79.869688099832814, 6.83210640795421 ], [ 79.869680402535494, 6.832314502082462 ], [ 79.869683917985398, 6.832387529730574 ], [ 79.86968018939622, 6.832427683560609 ] ], [ [ 79.866517907782352, 6.833665041878828 ], [ 79.866525341578367, 6.833634338124881 ], [ 79.866528925376784, 6.833556482016688 ], [ 79.866539254989718, 6.833332101166235 ], [ 79.866553699001045, 6.83315997362454 ], [ 79.866562004240109, 6.833060996038765 ], [ 79.866569154749655, 6.832973250985365 ], [ 79.866568791423589, 6.832973236596254 ], [ 79.866593487706254, 6.832670168663951 ], [ 79.866593555155362, 6.832634326183799 ], [ 79.866586321008782, 6.832633767704832 ], [ 79.866603493563275, 6.83259960246031 ], [ 79.86669090227025, 6.832560547601815 ], [ 79.867131895627381, 6.832595446693012 ], [ 79.867244524022468, 6.832604964218188 ], [ 79.867239805279752, 6.83268006840091 ], [ 79.867246787616111, 6.832680607994136 ], [ 79.867241808969311, 6.832759854454192 ], [ 79.867240807124631, 6.833290514715946 ], [ 79.867241192933818, 6.833290519212589 ], [ 79.867240640750182, 6.833582422960945 ], [ 79.867252811275563, 6.834313927915932 ], [ 79.866391160031228, 6.834086263640875 ], [ 79.866391073696391, 6.834083033276107 ], [ 79.866444727249601, 6.833932003829594 ], [ 79.866498447352669, 6.833745413390819 ], [ 79.866517907782352, 6.833665041878828 ] ], [ [ 79.866666146632937, 6.835105362792915 ], [ 79.866586053011446, 6.8351274366526 ], [ 79.866564686019004, 6.835131368488601 ], [ 79.866541265874204, 6.834944624265681 ], [ 79.866548923601414, 6.834758436723194 ], [ 79.866538144327265, 6.834663489898854 ], [ 79.866490919128069, 6.834524661554623 ], [ 79.866440028292033, 6.834393128510817 ], [ 79.866400066916839, 6.834276219342772 ], [ 79.866389964832265, 6.834240624176205 ], [ 79.866387296543749, 6.834231224462167 ], [ 79.866383531082391, 6.834090143316182 ], [ 79.867245182326627, 6.83431780759125 ], [ 79.867245254272461, 6.834322145021536 ], [ 79.867251494668139, 6.83469718120052 ], [ 79.867253410224194, 6.835013778533619 ], [ 79.867124386288921, 6.835017327258442 ], [ 79.867055772513382, 6.835022472279877 ], [ 79.866893093249132, 6.835034670684087 ], [ 79.866781851608678, 6.835065575886284 ], [ 79.866666146632937, 6.835105362792915 ] ], [ [ 79.866339069500441, 6.8370582172338 ], [ 79.866301172069385, 6.836928190554425 ], [ 79.866300128855784, 6.836924609454043 ], [ 79.866247063459085, 6.836742541705792 ], [ 79.866232990867701, 6.83667217874889 ], [ 79.86618137427881, 6.836414095804725 ], [ 79.866161403034098, 6.836314238682047 ], [ 79.866123923787839, 6.83619054502847 ], [ 79.866083804131961, 6.836058134246368 ], [ 79.86599325409307, 6.835784412091822 ], [ 79.865918698496756, 6.835598814504586 ], [ 79.865907915625399, 6.83556930415098 ], [ 79.865828278859496, 6.835351349855833 ], [ 79.865775040793011, 6.835276817641931 ], [ 79.865896460960442, 6.835263929457675 ], [ 79.866029577710364, 6.835249400909998 ], [ 79.866056596941874, 6.835246452032958 ], [ 79.866238936285413, 6.835246797372615 ], [ 79.866425799218774, 6.835207144464897 ], [ 79.866495943640416, 6.835194697847759 ], [ 79.86648897389459, 6.835373634156672 ], [ 79.866488853385434, 6.835376721529239 ], [ 79.866517913178754, 6.835375135125141 ], [ 79.866525142828579, 6.835189516853469 ], [ 79.866599302723145, 6.835176357073929 ], [ 79.866777269562846, 6.835136687978479 ], [ 79.86682400013504, 6.835118996515136 ], [ 79.866981777194766, 6.835075273275863 ], [ 79.867108681428007, 6.835053462018267 ], [ 79.867295072217331, 6.835051479013095 ], [ 79.867355719798738, 6.837500580258202 ], [ 79.86738782019998, 6.838171383673036 ], [ 79.866504418852031, 6.838066485850458 ], [ 79.866497490475041, 6.838036006926991 ], [ 79.866435833854766, 6.837640391561655 ], [ 79.866397762854533, 6.837410377357868 ], [ 79.866369209379528, 6.83728981784164 ], [ 79.866339069500441, 6.8370582172338 ] ], [ [ 79.866703567424125, 6.83886050358018 ], [ 79.86664967914777, 6.838660705697879 ], [ 79.866603915346715, 6.838491031506766 ], [ 79.866579018515154, 6.838398722393974 ], [ 79.866504408959557, 6.838070473444438 ], [ 79.867387811206825, 6.838175372166343 ], [ 79.867406569266151, 6.838567353371323 ], [ 79.867408746524774, 6.838612859066885 ], [ 79.867411908541172, 6.838740426100459 ], [ 79.867416640773868, 6.838931298211488 ], [ 79.867108154426248, 6.838897820948414 ], [ 79.866988941195117, 6.838886245774368 ], [ 79.866921399411481, 6.83887968701873 ], [ 79.866703567424125, 6.83886050358018 ] ], [ [ 79.869532531509648, 6.838918895660668 ], [ 79.869579358309267, 6.838921447037311 ], [ 79.869573052263007, 6.838645100660968 ], [ 79.869657131679759, 6.838671285321699 ], [ 79.869736860176445, 6.838693583112475 ], [ 79.869793171226362, 6.838707696173339 ], [ 79.869830073107906, 6.8387158368365 ], [ 79.869875661541073, 6.838725894854245 ], [ 79.870180986771629, 6.838756552742709 ], [ 79.870325508723752, 6.838774885422588 ], [ 79.870476030952659, 6.838805269017905 ], [ 79.870572298881029, 6.838859630337587 ], [ 79.870637508722666, 6.838885118023695 ], [ 79.870680636610643, 6.838901974916126 ], [ 79.870737840687383, 6.838924230438793 ], [ 79.870867218056262, 6.838974566392999 ], [ 79.870981590236781, 6.839010901701556 ], [ 79.871095962417371, 6.839047237909485 ], [ 79.871150131282178, 6.83906840974908 ], [ 79.871204300146999, 6.839089581588686 ], [ 79.871348787924887, 6.839125973554602 ], [ 79.871439100542702, 6.839144203711755 ], [ 79.871535415235869, 6.839174484784349 ], [ 79.871480843474899, 6.839367024238491 ], [ 79.871420363167971, 6.839499352283038 ], [ 79.871378053662994, 6.839577533046451 ], [ 79.871323629390787, 6.839691811697516 ], [ 79.871287286887608, 6.839800104461037 ], [ 79.8712329642387, 6.839860202556117 ], [ 79.8712088156432, 6.839890257898892 ], [ 79.871094431771425, 6.839859941752734 ], [ 79.871010118530961, 6.839853763410255 ], [ 79.87089572386742, 6.839829468225217 ], [ 79.870763259125908, 6.839805138865964 ], [ 79.870731998691539, 6.839793855971592 ], [ 79.870631579492539, 6.839757613293179 ], [ 79.870528514488129, 6.839720415534727 ], [ 79.870372026156815, 6.839659920838675 ], [ 79.870239573106616, 6.839629571417618 ], [ 79.870238135989908, 6.839634988933612 ], [ 79.870214569255694, 6.839625966035538 ], [ 79.870067319659825, 6.839566774457164 ], [ 79.869890579495362, 6.839517346818224 ], [ 79.869748168252059, 6.839497440324757 ], [ 79.869591047697355, 6.839462777755169 ], [ 79.869497756524922, 6.839442963891877 ], [ 79.869271849524921, 6.83941799061799 ], [ 79.869080318210777, 6.839397991494388 ], [ 79.868996822453994, 6.839392924714033 ], [ 79.86891331860339, 6.839392767332663 ], [ 79.868878869173116, 6.839427069274208 ], [ 79.868868971234633, 6.839466326480117 ], [ 79.868868878604545, 6.839515420470659 ], [ 79.868839323284831, 6.839559550203421 ], [ 79.868790193321431, 6.839564366972357 ], [ 79.868662518369177, 6.839544488357865 ], [ 79.868436629355585, 6.839509696285892 ], [ 79.868210676490136, 6.839509270007299 ], [ 79.868043658896369, 6.839513863744356 ], [ 79.867972243732694, 6.839518568097987 ], [ 79.867822435565628, 6.839519397272969 ], [ 79.867581316533162, 6.839568573101816 ], [ 79.86758290293713, 6.839268760715411 ], [ 79.867592420462302, 6.83889915104562 ], [ 79.867605110795608, 6.838609492005054 ], [ 79.867605110795594, 6.838377256475784 ], [ 79.867607648682338, 6.838249082399849 ], [ 79.867826867424299, 6.838258470422589 ], [ 79.868170129656079, 6.838289218243256 ], [ 79.868543496693405, 6.838326042783039 ], [ 79.868784297365806, 6.838392717620149 ], [ 79.869085295958072, 6.838477565957134 ], [ 79.869404307071619, 6.838592548777264 ], [ 79.869533072002142, 6.838632649547256 ], [ 79.869532531509648, 6.838918895660668 ] ], [ [ 79.866978551328017, 6.841169728770855 ], [ 79.866937881287086, 6.840909083658146 ], [ 79.866905095602377, 6.84010674540081 ], [ 79.866894226396084, 6.839986944912445 ], [ 79.866871493333349, 6.83973640098495 ], [ 79.866729190008556, 6.838956016078091 ], [ 79.867130239977001, 6.838977873201028 ], [ 79.867418689429456, 6.839013970189247 ], [ 79.867421495314275, 6.839127162459259 ], [ 79.867400381930622, 6.839408261752536 ], [ 79.867344511548652, 6.839929292973192 ], [ 79.867330616123695, 6.839998859130723 ], [ 79.867226766011299, 6.840518776990732 ], [ 79.867136930034178, 6.840861460059146 ], [ 79.867102315128676, 6.841025964047841 ], [ 79.867067856705205, 6.841108183666585 ], [ 79.867033449543058, 6.841162974862258 ], [ 79.866992273183854, 6.841169753951846 ], [ 79.866978551328017, 6.841169728770855 ] ], [ [ 79.867931824603104, 6.841419725010947 ], [ 79.867943796378228, 6.841477101757491 ], [ 79.86798905476013, 6.841501336687963 ], [ 79.868010127674381, 6.841537600050828 ], [ 79.867988740896791, 6.841667361430281 ], [ 79.867987281297133, 6.841712424659311 ], [ 79.867971418155577, 6.841771118013343 ], [ 79.867955555013992, 6.841886918317305 ], [ 79.867897278046186, 6.842119986618787 ], [ 79.867872225631942, 6.84213869251735 ], [ 79.867864584991878, 6.84213722302512 ], [ 79.867716959479353, 6.842122662101875 ], [ 79.867588385205039, 6.842108138050883 ], [ 79.867455067006915, 6.842084083884125 ], [ 79.86736282714196, 6.842073509655549 ], [ 79.8669355943114, 6.841977670703879 ], [ 79.867181007606433, 6.841275758839998 ], [ 79.867309083656195, 6.840809865053975 ], [ 79.867373414860083, 6.840615904671017 ], [ 79.867581199621497, 6.840620878821192 ], [ 79.867585006451748, 6.840622147764616 ], [ 79.867721341875281, 6.840615917261409 ], [ 79.868078429384909, 6.840604953626312 ], [ 79.868059894357557, 6.840773974909601 ], [ 79.868001933951092, 6.841078748855746 ], [ 79.867971429846662, 6.841238680691186 ], [ 79.867931824603104, 6.841419725010947 ] ], [ [ 79.867996677413913, 6.841844214909237 ], [ 79.867999777376951, 6.841801960262878 ], [ 79.868036379784243, 6.841611854374246 ], [ 79.868038432037096, 6.841542731582432 ], [ 79.868060719036023, 6.841518322183464 ], [ 79.868163365855722, 6.841539646008464 ], [ 79.868247915617971, 6.841548861361443 ], [ 79.868314360228666, 6.841548987266536 ], [ 79.86836870176333, 6.841561164087039 ], [ 79.868435118495029, 6.841576383313961 ], [ 79.868537771610022, 6.841594689014229 ], [ 79.868667623820897, 6.841603989802765 ], [ 79.868785435908265, 6.841592137637461 ], [ 79.868888163667009, 6.841571200520884 ], [ 79.869057307258061, 6.841565482631296 ], [ 79.869148966160992, 6.841568066383464 ], [ 79.869150305251566, 6.841578940086351 ], [ 79.869215555562604, 6.841571818355031 ], [ 79.869478965191234, 6.841548165285884 ], [ 79.869558708077079, 6.841543486113255 ], [ 79.869551104309267, 6.841731835625993 ], [ 79.86955057550793, 6.842011965450113 ], [ 79.869540568751631, 6.842383940336898 ], [ 79.869455911970149, 6.842386509699963 ], [ 79.86881768020109, 6.84238054539633 ], [ 79.868765304584485, 6.842370926247731 ], [ 79.868689204852217, 6.842313656520524 ], [ 79.868641637910571, 6.84228024310923 ], [ 79.86859402600281, 6.842270632054567 ], [ 79.86838923508445, 6.842260724223647 ], [ 79.86832294335845, 6.842242568710136 ], [ 79.868227765408321, 6.842217188043366 ], [ 79.86811513791254, 6.842175943335727 ], [ 79.868000923113343, 6.842139458739683 ], [ 79.867973956042448, 6.842118836385857 ], [ 79.867972369638366, 6.842053798314794 ], [ 79.867980301658818, 6.841993518556709 ], [ 79.867994578396278, 6.841906271727741 ], [ 79.868067548487772, 6.841914202848808 ], [ 79.868216661478925, 6.841918962061076 ], [ 79.868354423227217, 6.841924884996018 ], [ 79.868355988047597, 6.841896211011902 ], [ 79.86829597628747, 6.841879304656767 ], [ 79.868227765408236, 6.841874545444492 ], [ 79.868105619487963, 6.841865027020025 ], [ 79.867996677413913, 6.841844214909237 ] ], [ [ 79.869619838593735, 6.841159024139891 ], [ 79.869683285764111, 6.841147069451894 ], [ 79.869767846318155, 6.841150247655992 ], [ 79.869764888447946, 6.841117036592129 ], [ 79.869701463760606, 6.841116916982361 ], [ 79.869656160412546, 6.841116831546785 ], [ 79.869613917457372, 6.841095621935628 ], [ 79.869580837694585, 6.841020093272943 ], [ 79.869583994314894, 6.840947651083421 ], [ 79.869593328378357, 6.84080277299983 ], [ 79.869593493853699, 6.840715232991786 ], [ 79.869591062086755, 6.840575132106854 ], [ 79.869763275963336, 6.840597319281031 ], [ 79.869848072139789, 6.840597479360326 ], [ 79.869869311428559, 6.840576330903124 ], [ 79.869899955827208, 6.840524051513902 ], [ 79.869943747414951, 6.840449343032873 ], [ 79.870008563353409, 6.840322224760985 ], [ 79.870129927762804, 6.840084201194967 ], [ 79.870199083829462, 6.839946609418543 ], [ 79.87023641198958, 6.839824848408042 ], [ 79.870263149733347, 6.839697770605636 ], [ 79.870427341657219, 6.839751050040909 ], [ 79.870633922226531, 6.83980970562334 ], [ 79.870750446484692, 6.839847004105867 ], [ 79.870946477107083, 6.839879154868988 ], [ 79.871100109191531, 6.839911226491729 ], [ 79.87118639914182, 6.839928643661795 ], [ 79.871134553225886, 6.840000902389559 ], [ 79.871054591804835, 6.84012149787866 ], [ 79.870831485293778, 6.840555764307 ], [ 79.870783686327016, 6.840656789649012 ], [ 79.8707732649832, 6.840678815844601 ], [ 79.870712610207818, 6.840811522503686 ], [ 79.870625259057533, 6.841006966768073 ], [ 79.8705965023358, 6.841084690675952 ], [ 79.870564544926907, 6.841171067860477 ], [ 79.870518350350736, 6.841323120735441 ], [ 79.870472265491841, 6.841417215901815 ], [ 79.870431022582807, 6.841506490702005 ], [ 79.870360606565995, 6.841689892144839 ], [ 79.870312005404003, 6.841837111163844 ], [ 79.870256187182562, 6.841967412136487 ], [ 79.870236853557245, 6.841969789943971 ], [ 79.870111262334177, 6.841942989247697 ], [ 79.87010637991483, 6.841969544429042 ], [ 79.870217483059704, 6.841991487886992 ], [ 79.87023921068031, 6.842001188873871 ], [ 79.870241576796616, 6.842027757545068 ], [ 79.870173563768304, 6.842218408422959 ], [ 79.870132247114924, 6.842346321695544 ], [ 79.870130434081616, 6.842358834862468 ], [ 79.870074912636539, 6.842487647457132 ], [ 79.870060632301758, 6.842482860365882 ], [ 79.869998785025274, 6.842444658964036 ], [ 79.869841731919735, 6.84237771612892 ], [ 79.869760752466121, 6.842382324255117 ], [ 79.869614256502075, 6.842382048163253 ], [ 79.869612100827098, 6.842058569217853 ], [ 79.869609558443614, 6.841804997273074 ], [ 79.869607107790912, 6.841503127237759 ], [ 79.86960434957021, 6.841364263819965 ], [ 79.869601671389091, 6.841183139460542 ], [ 79.869619838593735, 6.841159024139891 ] ], [ [ 79.871046805475089, 6.842360943772456 ], [ 79.871132016238931, 6.842268385547475 ], [ 79.87115180671988, 6.842246889052602 ], [ 79.871163740723489, 6.842235356146651 ], [ 79.871314044416962, 6.842090097649787 ], [ 79.871333087561311, 6.842094894633514 ], [ 79.871375917773776, 6.842114016918218 ], [ 79.871613637368924, 6.84234296812327 ], [ 79.871836717799738, 6.842545661822572 ], [ 79.87178401123262, 6.842603389304748 ], [ 79.871679256402103, 6.842712661429977 ], [ 79.87164699861961, 6.842746311362987 ], [ 79.871560982063258, 6.84283603852218 ], [ 79.871471895221362, 6.842939179069742 ], [ 79.871422871378016, 6.843013668116165 ], [ 79.871321346912282, 6.843142158753516 ], [ 79.871251549628909, 6.843224646370235 ], [ 79.871208719416543, 6.843248441532328 ], [ 79.871084987092104, 6.8431596082992 ], [ 79.870788348413143, 6.842983528237234 ], [ 79.870650339351172, 6.842886762983812 ], [ 79.870529779834982, 6.842824896821615 ], [ 79.870423358560629, 6.842756808250219 ], [ 79.870394943581218, 6.842713855729932 ], [ 79.870356346477692, 6.842667928252368 ], [ 79.87019943546504, 6.842592770110407 ], [ 79.870112473721136, 6.842535774676384 ], [ 79.870112926080083, 6.842535324116072 ], [ 79.870127323326713, 6.84247822526005 ], [ 79.87018943050721, 6.84237837173464 ], [ 79.870303841358592, 6.842326221847802 ], [ 79.870408716698279, 6.842278814086112 ], [ 79.870523064597151, 6.842259987678378 ], [ 79.870622810203884, 6.842269940475377 ], [ 79.870846580414778, 6.842455777282306 ], [ 79.870889384546899, 6.842489181700329 ], [ 79.870908454670897, 6.84247969655074 ], [ 79.870941840203173, 6.842455956247366 ], [ 79.871046805475089, 6.842360943772456 ] ], [ [ 79.871580430801643, 6.842271498100954 ], [ 79.87137462634729, 6.842060437109349 ], [ 79.871451562448982, 6.841986566796487 ], [ 79.871520544946577, 6.841920834448727 ], [ 79.871557030441934, 6.841900212094902 ], [ 79.871826702050086, 6.842138158319063 ], [ 79.872034508395302, 6.842333274330827 ], [ 79.871943333327621, 6.842428888452122 ], [ 79.871850452246079, 6.842530617963408 ], [ 79.871580430801643, 6.842271498100954 ] ], [ [ 79.870714630085473, 6.842303949237868 ], [ 79.870683274323056, 6.842274911028349 ], [ 79.870678496224983, 6.842245923180826 ], [ 79.870678551083657, 6.842216944326535 ], [ 79.870712390773576, 6.842209763240014 ], [ 79.870763135919347, 6.842207443888424 ], [ 79.870794573520158, 6.842193013366874 ], [ 79.870913203091206, 6.842067660464119 ], [ 79.871014883139651, 6.841961595321268 ], [ 79.871075410211276, 6.841896506888181 ], [ 79.871087481811102, 6.841901358730626 ], [ 79.871106792953427, 6.84191105522091 ], [ 79.871220194765527, 6.841995791142736 ], [ 79.871261196656206, 6.842034506956828 ], [ 79.871275666747977, 6.84204902381328 ], [ 79.87126836874954, 6.842075573598743 ], [ 79.871251404837835, 6.84210210629705 ], [ 79.871115821247571, 6.842249161639438 ], [ 79.870943935623529, 6.842427542167252 ], [ 79.870897968575875, 6.842458849366372 ], [ 79.870890720040137, 6.842458835876528 ], [ 79.870878648440296, 6.842453983134773 ], [ 79.870853565449153, 6.842419477047188 ], [ 79.870781229379645, 6.84235475553752 ], [ 79.870714630085473, 6.842303949237868 ] ], [ [ 79.871954644100256, 6.839234816703042 ], [ 79.872187802333912, 6.83925114569334 ], [ 79.872379176266705, 6.839266221028809 ], [ 79.872280841696252, 6.839459699375179 ], [ 79.872181428838658, 6.839645461538387 ], [ 79.871951106167515, 6.840062810819711 ], [ 79.871752393766954, 6.840373962757829 ], [ 79.871621524422807, 6.840583815060758 ], [ 79.871524590996145, 6.840735772607566 ], [ 79.871456756033538, 6.840832241984134 ], [ 79.871413206363471, 6.840863554579187 ], [ 79.871376954691812, 6.840868315590127 ], [ 79.871350408503645, 6.840851361570847 ], [ 79.871268344467552, 6.840805323476657 ], [ 79.871152504593454, 6.840732658255432 ], [ 79.870995612466544, 6.840647840495343 ], [ 79.870906332270422, 6.840584884354813 ], [ 79.87088753194304, 6.840551857652007 ], [ 79.870940430965092, 6.840440053035897 ], [ 79.871013190615173, 6.840306695267642 ], [ 79.87106314975351, 6.840206963150692 ], [ 79.871073798625801, 6.840186737397854 ], [ 79.871161062541844, 6.840037175644977 ], [ 79.87124637762706, 6.839924633584733 ], [ 79.871259081450305, 6.839922119080293 ], [ 79.871333497651591, 6.839805725223822 ], [ 79.871365475744895, 6.839710439355073 ], [ 79.871418692227635, 6.839594005029008 ], [ 79.871503827448393, 6.839414067774695 ], [ 79.871541105246507, 6.839318791798529 ], [ 79.871573152587601, 6.839186426881773 ], [ 79.871620869716011, 6.839175922800252 ], [ 79.871758623370468, 6.83919736893309 ], [ 79.871954644100256, 6.839234816703042 ] ], [ [ 79.868214061538552, 6.840540800488085 ], [ 79.868039366432498, 6.840552510560455 ], [ 79.867786393436177, 6.840552033020557 ], [ 79.867757339038818, 6.84055263826429 ], [ 79.867521362329882, 6.840557552160034 ], [ 79.867412922976868, 6.840569388137481 ], [ 79.867413002117175, 6.840527247705067 ], [ 79.867491930217213, 6.840196293594782 ], [ 79.867516270368299, 6.839998716138529 ], [ 79.867516398072027, 6.83999767832088 ], [ 79.867546985813448, 6.839791491654711 ], [ 79.867572955536119, 6.839616434121805 ], [ 79.867768455558448, 6.839582077321624 ], [ 79.867805988764005, 6.839580876726666 ], [ 79.868058283671473, 6.839572805311275 ], [ 79.868333356607792, 6.839573324219996 ], [ 79.868441420943483, 6.839573528366117 ], [ 79.86860839267186, 6.839593481624327 ], [ 79.868809739186801, 6.839618409032702 ], [ 79.868883401756236, 6.839628366326367 ], [ 79.868912910311209, 6.839608784488115 ], [ 79.868932743959618, 6.839510631580714 ], [ 79.868947563887559, 6.839466473968926 ], [ 79.869060540320277, 6.839466687108231 ], [ 79.869232442132102, 6.83947683056153 ], [ 79.869458349132159, 6.839501803835405 ], [ 79.86964986245988, 6.839531621757092 ], [ 79.869811894212233, 6.839566293319897 ], [ 79.869910098381041, 6.839586116176424 ], [ 79.870067199150654, 6.839630597544067 ], [ 79.870227099509776, 6.839676585276223 ], [ 79.870209241671901, 6.839743895034747 ], [ 79.870160795193343, 6.839882264724802 ], [ 79.870136554866932, 6.839960479662451 ], [ 79.870039843572755, 6.840140899852715 ], [ 79.869924972268535, 6.840369445463674 ], [ 79.869840329876254, 6.840537847114111 ], [ 79.869816202864428, 6.840555861433983 ], [ 79.86962351861942, 6.840525398698391 ], [ 79.869292311799626, 6.840488654198293 ], [ 79.868979084226297, 6.84050010346736 ], [ 79.868813707895157, 6.840512504219115 ], [ 79.868694160116291, 6.840521468661282 ], [ 79.868665833270455, 6.840523592859943 ], [ 79.868479104336089, 6.840529260387556 ], [ 79.868214061538552, 6.840540800488085 ] ], [ [ 79.869580649736264, 6.841119708477986 ], [ 79.869538320446225, 6.841143777933289 ], [ 79.869411419810248, 6.841170706333312 ], [ 79.869411368548924, 6.841197873953001 ], [ 79.869541295403579, 6.841167932824065 ], [ 79.869574511863334, 6.841171013901427 ], [ 79.869580977988861, 6.841265811438272 ], [ 79.869578360961711, 6.841372063640088 ], [ 79.869570866911133, 6.841502455444235 ], [ 79.869558785418789, 6.841502432061888 ], [ 79.869515285211406, 6.841507180482285 ], [ 79.869353373968224, 6.841521364589601 ], [ 79.869271494293173, 6.841528821768042 ], [ 79.869129867258749, 6.841526376511402 ], [ 79.868900307212527, 6.841538018235376 ], [ 79.868767382917483, 6.841555879670538 ], [ 79.868658614412681, 6.8415768050959 ], [ 79.86856977398503, 6.841566582502279 ], [ 79.868562041614013, 6.841537379716797 ], [ 79.868553551114559, 6.841235498889671 ], [ 79.868547647964604, 6.841163039613085 ], [ 79.868538848997716, 6.841024165403388 ], [ 79.868548394401799, 6.840767597816829 ], [ 79.868568888152581, 6.84058071419902 ], [ 79.868597361587874, 6.840579230317664 ], [ 79.868862369311785, 6.840569135427664 ], [ 79.869079708470665, 6.840543060484187 ], [ 79.869411516936893, 6.840553736336128 ], [ 79.869429471901555, 6.840554314600179 ], [ 79.869552959610317, 6.840570223607163 ], [ 79.869563319800292, 6.840700082113309 ], [ 79.869557136061985, 6.840833463263964 ], [ 79.869557022747415, 6.840835910319214 ], [ 79.86955362690739, 6.841035135333447 ], [ 79.869580649736264, 6.841119708477986 ] ], [ [ 79.867988324510662, 6.841469886496687 ], [ 79.867979337585453, 6.841430627492094 ], [ 79.86799461616765, 6.841337078214194 ], [ 79.868034306846837, 6.841110753928767 ], [ 79.868067905518359, 6.840911586471103 ], [ 79.868110634107396, 6.840676211408591 ], [ 79.868118694730882, 6.840602332102499 ], [ 79.868205141163202, 6.840599677303848 ], [ 79.868523715206166, 6.840583069523484 ], [ 79.868521435424825, 6.84064981900443 ], [ 79.868508926754544, 6.840876194551229 ], [ 79.868502520883681, 6.841069376121305 ], [ 79.868514191385856, 6.841286741360539 ], [ 79.868525998585056, 6.84143165901436 ], [ 79.86852846632479, 6.841561829585265 ], [ 79.868498577356576, 6.841558390577778 ], [ 79.868371790035198, 6.841524946589542 ], [ 79.868269131524315, 6.841509659014099 ], [ 79.868166466718208, 6.841497390462787 ], [ 79.868088804863547, 6.84148217213516 ], [ 79.868031697913565, 6.841467895397678 ], [ 79.867996118934826, 6.841474948780458 ], [ 79.867988324510662, 6.841469886496687 ] ], [ [ 79.869663500678342, 6.837971289913188 ], [ 79.869714579472515, 6.837739995974133 ], [ 79.869717145238326, 6.837733874288968 ], [ 79.869787253687008, 6.837566590495813 ], [ 79.869808557726998, 6.837505216262743 ], [ 79.869859995350694, 6.837357030472607 ], [ 79.8699618390757, 6.837060754220466 ], [ 79.869974059063694, 6.837002277602998 ], [ 79.869997943258596, 6.836887979166891 ], [ 79.870015879337444, 6.836877985000963 ], [ 79.870130307275943, 6.836884220900024 ], [ 79.870167497839844, 6.836887149991923 ], [ 79.870365175120824, 6.836902722652396 ], [ 79.870515730624547, 6.836915046062357 ], [ 79.870569973233756, 6.836897088399751 ], [ 79.870648477753107, 6.836788874776575 ], [ 79.870702753637204, 6.836752856928613 ], [ 79.870780975769534, 6.836795143950518 ], [ 79.870895290393406, 6.836861579568001 ], [ 79.87101560529409, 6.836940067000197 ], [ 79.871117907673437, 6.836988419949317 ], [ 79.871250280684066, 6.837060908903524 ], [ 79.871358651688567, 6.837085193296706 ], [ 79.871521208645063, 6.837121619436815 ], [ 79.871617522438939, 6.837151900509369 ], [ 79.871743928447742, 6.837194278362855 ], [ 79.871788848684588, 6.83720751818195 ], [ 79.871778934558392, 6.83733838842545 ], [ 79.871771002538026, 6.837411755117947 ], [ 79.871765054421971, 6.837530728230089 ], [ 79.871765054422028, 6.837606077028403 ], [ 79.871767037427148, 6.837655649458226 ], [ 79.871755140295832, 6.837729016150777 ], [ 79.871729362128718, 6.837840058141753 ], [ 79.871681772704008, 6.837893595682534 ], [ 79.871604037105044, 6.837916422274722 ], [ 79.871483563024384, 6.837922215707333 ], [ 79.871375123671442, 6.837934052584165 ], [ 79.871254627107746, 6.837951886140344 ], [ 79.871158234173521, 6.837963744600835 ], [ 79.871001552488053, 6.838005590055702 ], [ 79.870742410142483, 6.838083363426299 ], [ 79.87065804114404, 6.83810728449344 ], [ 79.870621800264274, 6.838161397600305 ], [ 79.870609663013951, 6.838209534712147 ], [ 79.870603356068543, 6.838360024565355 ], [ 79.870591048846279, 6.838498462603832 ], [ 79.870572775521666, 6.838606788642336 ], [ 79.870530318527884, 6.838763230208832 ], [ 79.870476132575988, 6.838751088461888 ], [ 79.870421946624063, 6.838738946714971 ], [ 79.870343646250788, 6.838738799226192 ], [ 79.870156973973678, 6.838714367344177 ], [ 79.869976301973253, 6.838701987276962 ], [ 79.869789640488008, 6.838671535333165 ], [ 79.869548851506806, 6.838598840434285 ], [ 79.869543561694513, 6.838597066971195 ], [ 79.869590636706889, 6.838245927577622 ], [ 79.869663500678342, 6.837971289913188 ] ], [ [ 79.868295293701195, 6.838249582422727 ], [ 79.86809205501261, 6.838228881827927 ], [ 79.868091942597374, 6.838228870136728 ], [ 79.867990054805503, 6.838222035289188 ], [ 79.867874329145266, 6.838214273240673 ], [ 79.867814911837016, 6.838210287445362 ], [ 79.867610137106439, 6.83820388067516 ], [ 79.867580066475185, 6.838179743770764 ], [ 79.867580157306648, 6.838131583276542 ], [ 79.867562657398935, 6.837830547812145 ], [ 79.867545144900674, 6.837535532409478 ], [ 79.867527474121729, 6.83732479697237 ], [ 79.867726282749814, 6.837301092641813 ], [ 79.867782282634295, 6.837298959449967 ], [ 79.867876872427757, 6.837295356765804 ], [ 79.868166051230361, 6.837259782283573 ], [ 79.868358837098725, 6.837236065362523 ], [ 79.868503346460372, 6.837260418104129 ], [ 79.86864185554532, 6.837272719031059 ], [ 79.868864734527975, 6.837261099790178 ], [ 79.868985242782855, 6.83723724617217 ], [ 79.869055612934289, 6.837204585493473 ], [ 79.869075668715283, 6.837195276610956 ], [ 79.869196222835498, 6.837147343645176 ], [ 79.869340891377107, 6.837087415521964 ], [ 79.869425226201301, 6.837081554640133 ], [ 79.869512765309949, 6.837067141205684 ], [ 79.869605977342033, 6.837051794274989 ], [ 79.869865142170653, 6.836961981680122 ], [ 79.869935656213656, 6.836922688501256 ], [ 79.869925788852171, 6.83699560733144 ], [ 79.869882094391244, 6.837147375121255 ], [ 79.869870114522271, 6.837177888219014 ], [ 79.869765781473845, 6.837443624393787 ], [ 79.869627545782933, 6.837855527380778 ], [ 79.869539925735339, 6.838281986794385 ], [ 79.869499296164065, 6.838582227258165 ], [ 79.869440502085979, 6.838562515917551 ], [ 79.869199747278955, 6.83847176173262 ], [ 79.869001107723363, 6.838405166935153 ], [ 79.868874678332148, 6.838374828305928 ], [ 79.868609818996291, 6.838290047418117 ], [ 79.868501459682918, 6.838259742963123 ], [ 79.86833282330943, 6.838253405440749 ], [ 79.868295293701195, 6.838249582422727 ] ], [ [ 79.867773172502012, 6.837249860063502 ], [ 79.867523329146408, 6.837268896013322 ], [ 79.867513810721761, 6.836933392232826 ], [ 79.867514450139709, 6.836656685228371 ], [ 79.86750126338049, 6.836507436439589 ], [ 79.867494603900766, 6.836419246221803 ], [ 79.867486986642973, 6.836340874802092 ], [ 79.867479372083125, 6.836224757037445 ], [ 79.867566840145386, 6.836222770435009 ], [ 79.867713617597161, 6.836214156728439 ], [ 79.867750780282094, 6.836212458808389 ], [ 79.867900421175293, 6.836205619464196 ], [ 79.868118348490825, 6.83620158600482 ], [ 79.868273978868842, 6.836215214331064 ], [ 79.868269648633188, 6.836152975849496 ], [ 79.868220720117947, 6.836157328568182 ], [ 79.867967206629061, 6.836165739927367 ], [ 79.867695047496298, 6.83617759029404 ], [ 79.867455366479788, 6.836183164292187 ], [ 79.867419674186166, 6.835129062626661 ], [ 79.867613552730788, 6.835130522226274 ], [ 79.867721421913657, 6.835158440779839 ], [ 79.867816308483413, 6.835199406697717 ], [ 79.86782059914897, 6.835200272744819 ], [ 79.868025293839821, 6.835248819048158 ], [ 79.868211941835284, 6.835285291053671 ], [ 79.868350439229033, 6.835303612941676 ], [ 79.868600943586301, 6.835356267348137 ], [ 79.868639434569872, 6.835364358548548 ], [ 79.868699460719199, 6.835368221136721 ], [ 79.868928509950493, 6.835382963722995 ], [ 79.869186114455275, 6.835411040557203 ], [ 79.869265735932657, 6.835419719014911 ], [ 79.869542753203206, 6.835444320868755 ], [ 79.869548617682298, 6.835528612525475 ], [ 79.869535178213638, 6.835634455535747 ], [ 79.869511934336145, 6.835817506242956 ], [ 79.869487387340939, 6.836058261949258 ], [ 79.869432668990413, 6.836329061307225 ], [ 79.86937192698079, 6.836599849873293 ], [ 79.869359539718985, 6.836780428344245 ], [ 79.869377154739936, 6.837021263190857 ], [ 79.869298774327063, 6.837063256134502 ], [ 79.869214405328606, 6.837087177201655 ], [ 79.869093840416525, 6.837141130229152 ], [ 79.869087203419809, 6.837143921724818 ], [ 79.868937114664206, 6.837207055931097 ], [ 79.868816583027012, 6.837242948773336 ], [ 79.868738282653723, 6.837242801284527 ], [ 79.868611819987606, 6.837230522840683 ], [ 79.86846728724359, 6.837218209323265 ], [ 79.868395032113114, 6.837206033402075 ], [ 79.868165721179153, 6.837219494454518 ], [ 79.868134850151236, 6.83722130658844 ], [ 79.868041607542196, 6.837231666778465 ], [ 79.867856453320726, 6.837252239669646 ], [ 79.867773172502012, 6.837249860063502 ] ], [ [ 79.86935230916913, 6.834188924849041 ], [ 79.869547642816855, 6.834189292671682 ], [ 79.869786438900476, 6.834160819236343 ], [ 79.869960054820098, 6.834168376239417 ], [ 79.870015578063885, 6.834178135682302 ], [ 79.870014472797266, 6.834764747265133 ], [ 79.870010671362991, 6.834932056239307 ], [ 79.870002264500627, 6.835183151451173 ], [ 79.870001950637203, 6.83534960517005 ], [ 79.86970456821895, 6.835375461578291 ], [ 79.869595994866984, 6.835404181427829 ], [ 79.869559529156646, 6.835411919194757 ], [ 79.86953487244412, 6.8354083515842 ], [ 79.86942266852904, 6.835392843674861 ], [ 79.869096247901155, 6.835351437089258 ], [ 79.868871809494053, 6.835335716939967 ], [ 79.868882147200935, 6.835264351238991 ], [ 79.868877478820195, 6.835034891017554 ], [ 79.86887789250828, 6.834815637202019 ], [ 79.868924382961339, 6.83450978946534 ], [ 79.868934287195088, 6.834431794861555 ], [ 79.868961821738068, 6.834214952128475 ], [ 79.869193161542597, 6.83418139482553 ], [ 79.869239359716104, 6.83418358017813 ], [ 79.86935230916913, 6.834188924849041 ] ], [ [ 79.868972382476827, 6.834152086819452 ], [ 79.869027586461229, 6.833887914565703 ], [ 79.86906188480539, 6.833780873658474 ], [ 79.869063508981057, 6.833775805079406 ], [ 79.869065950640419, 6.833768911775933 ], [ 79.869160956819897, 6.833500646707524 ], [ 79.869227096560437, 6.833318426973837 ], [ 79.869273775871207, 6.833189824820551 ], [ 79.869291133686019, 6.833146687939318 ], [ 79.869325030932572, 6.833062447543929 ], [ 79.869340489379198, 6.832980893423431 ], [ 79.869339088235421, 6.832965160683621 ], [ 79.869571472152856, 6.833061311700068 ], [ 79.869874997840085, 6.83323542584409 ], [ 79.870077415447554, 6.833315346795638 ], [ 79.87034486303223, 6.833438776048422 ], [ 79.870467701430556, 6.833518547712544 ], [ 79.870539952064433, 6.833569300052852 ], [ 79.870539870226168, 6.833612685147017 ], [ 79.870467211300124, 6.833778860076052 ], [ 79.870416378920126, 6.833879997833391 ], [ 79.870416011097447, 6.834075232555705 ], [ 79.870386855076745, 6.834190872780336 ], [ 79.870126504941638, 6.834139766107127 ], [ 79.869880583529508, 6.834110379860078 ], [ 79.869714188266542, 6.834110065996658 ], [ 79.869576716999248, 6.834117038440516 ], [ 79.869403073200672, 6.834123942535911 ], [ 79.869222236624324, 6.83410913969505 ], [ 79.869084738377353, 6.834130573237478 ], [ 79.869012365435694, 6.834144899437657 ], [ 79.868972382476827, 6.834152086819452 ] ], [ [ 79.868730801193152, 6.835328409948385 ], [ 79.86868166493457, 6.835328317318219 ], [ 79.868567271170235, 6.835304021233858 ], [ 79.868440830987154, 6.835279702666425 ], [ 79.868218044634645, 6.835243162312394 ], [ 79.867935060362356, 6.835188448458521 ], [ 79.867824140679119, 6.8351544783669 ], [ 79.867796608834027, 6.835146046323407 ], [ 79.867670192033302, 6.835109687632392 ], [ 79.86756179854568, 6.835097443362837 ], [ 79.867447359815344, 6.835097227525535 ], [ 79.867442247169365, 6.834615613590183 ], [ 79.867425076413468, 6.834139997233598 ], [ 79.867426179881434, 6.833555552117457 ], [ 79.867530303387923, 6.833549035629937 ], [ 79.867634165191731, 6.833542534430851 ], [ 79.867972176282137, 6.833534282251682 ], [ 79.868047779588522, 6.833534425243826 ], [ 79.868092202500335, 6.83356117917534 ], [ 79.868136608325031, 6.833596822905328 ], [ 79.868141173283732, 6.833534601510927 ], [ 79.868070091768487, 6.833494462070044 ], [ 79.86803453887002, 6.833481059473623 ], [ 79.867990074589429, 6.833476530487811 ], [ 79.867714334356251, 6.833480455129309 ], [ 79.867570461714635, 6.833485714364651 ], [ 79.86742658907302, 6.8334909736 ], [ 79.86742835803939, 6.833341017044768 ], [ 79.86742983742414, 6.833215578706405 ], [ 79.867433419423776, 6.832911922617522 ], [ 79.867475603023678, 6.832899961634297 ], [ 79.867517765039835, 6.832900041673998 ], [ 79.867590053445184, 6.832894157409803 ], [ 79.867689884487632, 6.832885478052731 ], [ 79.867861136988878, 6.832870588876916 ], [ 79.868080962773291, 6.832880033557002 ], [ 79.868300787658242, 6.832889478237032 ], [ 79.868860922300783, 6.832896554102763 ], [ 79.869149754864395, 6.83289709819254 ], [ 79.869234353189952, 6.83289725737254 ], [ 79.869276481031889, 6.832915396698204 ], [ 79.869306448241119, 6.832993714158532 ], [ 79.869282299645548, 6.833023768602025 ], [ 79.869245530863694, 6.83311593472258 ], [ 79.869143110673235, 6.833372669583072 ], [ 79.869055095823271, 6.833669699467102 ], [ 79.869052185617122, 6.833679520963155 ], [ 79.869002147338591, 6.833853324841134 ], [ 79.868979431362959, 6.833932225961527 ], [ 79.868918677662236, 6.834209034589415 ], [ 79.868882040181461, 6.834473848059756 ], [ 79.868863652642915, 6.834642374715921 ], [ 79.868833173719494, 6.834834959136208 ], [ 79.868842046430899, 6.835203147877111 ], [ 79.868844345098111, 6.835298523678139 ], [ 79.868820207294377, 6.835322558959152 ], [ 79.868759965307788, 6.835328464807019 ], [ 79.868730801193152, 6.835328409948385 ] ], [ [ 79.871729375617292, 6.832468046932176 ], [ 79.871740252018128, 6.832511879888723 ], [ 79.871740162985247, 6.832559342509025 ], [ 79.871732774155362, 6.832603141291306 ], [ 79.87171075425502, 6.832657865937141 ], [ 79.871663163931032, 6.832712542019587 ], [ 79.871633892797021, 6.832738044094886 ], [ 79.871568011161926, 6.832807290093768 ], [ 79.871550070586451, 6.832822175672316 ], [ 79.871502156506452, 6.832861931102665 ], [ 79.871454586866861, 6.832905654341907 ], [ 79.871399676960706, 6.832967618530246 ], [ 79.871326503622484, 6.833029548544319 ], [ 79.871289898517205, 6.833069641220506 ], [ 79.871224016882095, 6.8331388872194 ], [ 79.871147176108536, 6.83320811253392 ], [ 79.871121585899715, 6.833219017713058 ], [ 79.871070493615619, 6.833193364551721 ], [ 79.87094636469017, 6.833156620950909 ], [ 79.870858750937828, 6.833127247294267 ], [ 79.870771137185443, 6.833097874536937 ], [ 79.870712711829398, 6.833086811976452 ], [ 79.870643341724005, 6.833068426236565 ], [ 79.870621479205084, 6.833039176686297 ], [ 79.870625152935659, 6.833028230138345 ], [ 79.870669118092493, 6.832958943669995 ], [ 79.870724013609518, 6.832904281077341 ], [ 79.870766647769699, 6.832863951879536 ], [ 79.870870389963628, 6.832765817857801 ], [ 79.870939938134725, 6.832689276558425 ], [ 79.871042293574092, 6.832649307988705 ], [ 79.871148337133135, 6.832591090376016 ], [ 79.871279929532193, 6.832543874169936 ], [ 79.871349892290738, 6.832511401449523 ], [ 79.871389610848922, 6.832492966246836 ], [ 79.871462723033332, 6.832463894762355 ], [ 79.871568711733701, 6.832434886230444 ], [ 79.871649087742327, 6.832427734821516 ], [ 79.871696568349023, 6.832431475101854 ], [ 79.871729375617292, 6.832468046932176 ] ], [ [ 79.872140873010082, 6.832892967605687 ], [ 79.872104385716028, 6.832870992671485 ], [ 79.872024063666771, 6.832848935898999 ], [ 79.871943769496525, 6.832812275035786 ], [ 79.871859822280115, 6.83277560697804 ], [ 79.871768595951082, 6.832724321339729 ], [ 79.871757679080744, 6.832702394968969 ], [ 79.871754060208815, 6.832684132436153 ], [ 79.871765135359809, 6.83262208551024 ], [ 79.87178349591872, 6.832571005816601 ], [ 79.871790911728311, 6.832512603842982 ], [ 79.871772770603968, 6.832446850810894 ], [ 79.871732650948132, 6.832413915838946 ], [ 79.87169615016424, 6.832399243399746 ], [ 79.871606440991528, 6.832399075226539 ], [ 79.871603268183392, 6.83239844030514 ], [ 79.871590697459808, 6.832398416922797 ], [ 79.871479627589821, 6.832423265190945 ], [ 79.87148050442876, 6.832424424417099 ], [ 79.871389199858726, 6.832457083297241 ], [ 79.871305115046056, 6.832493435692994 ], [ 79.871199085876157, 6.832544350810694 ], [ 79.871111348916699, 6.832580696011832 ], [ 79.871071136630746, 6.832597050183228 ], [ 79.871030923445474, 6.832613404354651 ], [ 79.870954151919619, 6.83264611899277 ], [ 79.87089572206699, 6.832564685381535 ], [ 79.870888572456721, 6.832554719993939 ], [ 79.870859438919027, 6.83250720251494 ], [ 79.870841215057084, 6.832485261755003 ], [ 79.87084856971272, 6.832459718310947 ], [ 79.870892444937411, 6.832437894462823 ], [ 79.870987508673636, 6.832390609908312 ], [ 79.871024085000613, 6.832365121322839 ], [ 79.87103873135942, 6.832346893863605 ], [ 79.871064370131577, 6.832310431750583 ], [ 79.871086403521758, 6.832248405509024 ], [ 79.871137839346744, 6.832091507986199 ], [ 79.871167247177695, 6.831992985457388 ], [ 79.871189260782685, 6.831941912059068 ], [ 79.871273592009558, 6.83177412374629 ], [ 79.871302907210264, 6.831724888562219 ], [ 79.871332220612373, 6.831675654277483 ], [ 79.871379893674046, 6.831577165922867 ], [ 79.871409246646252, 6.831507851575557 ], [ 79.871438572638823, 6.831453140419508 ], [ 79.87146789773216, 6.831398430162848 ], [ 79.871482550386204, 6.83137655145612 ], [ 79.871505557742154, 6.831359372606352 ], [ 79.871626999493245, 6.831405151695731 ], [ 79.871804859313656, 6.831483595960528 ], [ 79.871835991145005, 6.831497325910185 ], [ 79.871919279158249, 6.831540689420588 ], [ 79.871918977885429, 6.831541550071808 ], [ 79.871957503942497, 6.83156160855065 ], [ 79.872108029768668, 6.831639978171701 ], [ 79.872142401857261, 6.831650022699656 ], [ 79.872145574665467, 6.831650656721657 ], [ 79.872220789464762, 6.831672636152462 ], [ 79.872269262023707, 6.831686800474705 ], [ 79.872428174027931, 6.831731241372913 ], [ 79.872428204604901, 6.831730791711831 ], [ 79.872452189523884, 6.831737499754978 ], [ 79.872646007813927, 6.831758258805735 ], [ 79.872753099982546, 6.831778855079216 ], [ 79.872773267279484, 6.83190636635487 ], [ 79.872779571526991, 6.83194646262825 ], [ 79.872780202851089, 6.831947097549607 ], [ 79.872809187101339, 6.832131420797543 ], [ 79.872824146424293, 6.832315010198679 ], [ 79.872828759946515, 6.832575064456754 ], [ 79.87279267554878, 6.83277385599781 ], [ 79.872761290108684, 6.832922490549656 ], [ 79.872674150299062, 6.832915875136671 ], [ 79.872531709378151, 6.832904654295563 ], [ 79.872407511204912, 6.832904421371223 ], [ 79.872330787343174, 6.83291157907541 ], [ 79.872277465639726, 6.832905556315635 ], [ 79.872277465639726, 6.832905459188879 ], [ 79.872265215074833, 6.832904076031575 ], [ 79.872175399782094, 6.8328959848311 ], [ 79.872175235206157, 6.832896063072152 ], [ 79.872140873010082, 6.832892967605687 ] ], [ [ 79.872090886891712, 6.831045727747396 ], [ 79.872058639901027, 6.830768771630773 ], [ 79.872041006893653, 6.830640711768699 ], [ 79.872041157979751, 6.830560323169603 ], [ 79.872059293708006, 6.830420421034818 ], [ 79.872092358182385, 6.830262682645905 ], [ 79.872113517431444, 6.830098966463314 ], [ 79.872131541643839, 6.830018612038518 ], [ 79.872161463886954, 6.829947211263983 ], [ 79.872212205435417, 6.829893713293398 ], [ 79.872233057116389, 6.829893752863584 ], [ 79.872254054487499, 6.829816380590661 ], [ 79.872272969928048, 6.829674747260951 ], [ 79.872313313514965, 6.829372676676823 ], [ 79.872364884238394, 6.829389966143135 ], [ 79.872481169276966, 6.829430637083343 ], [ 79.872504773782666, 6.829438892859717 ], [ 79.872565406074997, 6.829560669158626 ], [ 79.872571150045019, 6.829743173078055 ], [ 79.872607082457364, 6.829800876278443 ], [ 79.872606684957077, 6.830012609063742 ], [ 79.872606591427626, 6.830062128433569 ], [ 79.872587968266743, 6.830357076387071 ], [ 79.872611563779316, 6.830622003172039 ], [ 79.872611066454269, 6.830886884990881 ], [ 79.872622253121335, 6.831344430370275 ], [ 79.872627620275367, 6.831693603845859 ], [ 79.872567412463027, 6.831681451307117 ], [ 79.872501192682833, 6.831663266116014 ], [ 79.872311201907323, 6.831625169035524 ], [ 79.872194163236912, 6.831584429746895 ], [ 79.872135553519882, 6.831564780459502 ], [ 79.872125704144779, 6.83154003561341 ], [ 79.872113967992092, 6.831444738053452 ], [ 79.872090886891712, 6.831045727747396 ] ], [ [ 79.871078872598488, 6.830621040897801 ], [ 79.871080119958208, 6.830612430788524 ], [ 79.871103016697433, 6.830454353355207 ], [ 79.871076279853, 6.830415597071623 ], [ 79.871001870846214, 6.830382707065752 ], [ 79.87088872983756, 6.830352720071485 ], [ 79.870814320830704, 6.830319829166267 ], [ 79.870659510634411, 6.83027190069724 ], [ 79.870617845943357, 6.830250980667808 ], [ 79.870617896305362, 6.830224184468143 ], [ 79.870638876589354, 6.830155744261762 ], [ 79.870671828648426, 6.830057553582797 ], [ 79.870710750407255, 6.829953418385047 ], [ 79.870675037429478, 6.829935487702147 ], [ 79.870636071603897, 6.830063440544867 ], [ 79.870597077899305, 6.83020628166413 ], [ 79.870576181252233, 6.830230060638338 ], [ 79.870558325213011, 6.830221095296891 ], [ 79.870326170622732, 6.830116451082947 ], [ 79.870230882955354, 6.830069969623034 ], [ 79.870251704958633, 6.829991484888771 ], [ 79.870300319610436, 6.829762814272071 ], [ 79.870366879334355, 6.829600397609881 ], [ 79.870427427090348, 6.829431950093961 ], [ 79.870481702075182, 6.829395932245999 ], [ 79.870559967374916, 6.829414139020842 ], [ 79.870686383276279, 6.82945049681249 ], [ 79.870945238738102, 6.829523224087006 ], [ 79.871017503761223, 6.829529379946383 ], [ 79.871059687361011, 6.829517418963145 ], [ 79.871062214456003, 6.829514903559373 ], [ 79.871083825164789, 6.82949338458147 ], [ 79.871108007934509, 6.829445269053332 ], [ 79.871138507542369, 6.829240644509527 ], [ 79.871156803350019, 6.82912027744822 ], [ 79.87117491749467, 6.829096231375379 ], [ 79.871319413366464, 6.829126603279471 ], [ 79.871349554144871, 6.829116624402069 ], [ 79.871482819282932, 6.829163235364335 ], [ 79.87178089058196, 6.829242874828049 ], [ 79.872270110083832, 6.829353979771512 ], [ 79.872213003134064, 6.829826699411833 ], [ 79.872165413709396, 6.829885392765848 ], [ 79.872119704767087, 6.829976905978613 ], [ 79.872104737350242, 6.830015584021201 ], [ 79.872083689617156, 6.830119752493808 ], [ 79.872059551813436, 6.830283462381149 ], [ 79.87202343593944, 6.830479901295634 ], [ 79.872011364339642, 6.830563244167614 ], [ 79.872045859635421, 6.830792496645635 ], [ 79.872058384493585, 6.831018940540936 ], [ 79.872085815614753, 6.831548106129476 ], [ 79.871708769450947, 6.831361425758513 ], [ 79.871586320459116, 6.831324425850949 ], [ 79.871459903658433, 6.831288068059278 ], [ 79.871357579695342, 6.831251755233712 ], [ 79.871279302704451, 6.831239568520741 ], [ 79.871201025713503, 6.831227380908385 ], [ 79.871013573724213, 6.831186503124097 ], [ 79.87101843276119, 6.831079441532466 ], [ 79.87103661975091, 6.830912743198009 ], [ 79.871049167991345, 6.830817978936083 ], [ 79.871054750083275, 6.830775818718521 ], [ 79.871078872598488, 6.830621040897801 ] ], [ [ 79.868111842797333, 6.845331551980329 ], [ 79.868168614300103, 6.845306052602983 ], [ 79.868200050102288, 6.845279255503962 ], [ 79.868362143907774, 6.845141077369497 ], [ 79.868487462636253, 6.845058588853466 ], [ 79.868615953273576, 6.845034794590698 ], [ 79.86865608821789, 6.84500101965194 ], [ 79.868724420505586, 6.844943516101033 ], [ 79.868845341549203, 6.844841756912101 ], [ 79.868906247235401, 6.844790502750091 ], [ 79.868932801517531, 6.844757870849591 ], [ 79.869005617824882, 6.844668385607988 ], [ 79.86903791068093, 6.844628699425429 ], [ 79.869073575994648, 6.844579421973219 ], [ 79.869141813853474, 6.84448513884854 ], [ 79.869160994594054, 6.84445743433359 ], [ 79.869206059621789, 6.844392339605252 ], [ 79.869282443539745, 6.844275339605646 ], [ 79.869397373299961, 6.844321251794766 ], [ 79.869462412270352, 6.844368841219424 ], [ 79.869522692028497, 6.844424361765286 ], [ 79.869768569373861, 6.844668653605853 ], [ 79.869055153382604, 6.845152572503746 ], [ 79.868955986939298, 6.84522135355316 ], [ 79.868868176235353, 6.845282258340102 ], [ 79.868398441445038, 6.845576083939809 ], [ 79.86828996701847, 6.845643935989611 ], [ 79.868209367978068, 6.845683275933182 ], [ 79.86809009269372, 6.845741494445166 ], [ 79.867894586376138, 6.84542913381828 ], [ 79.868111842797333, 6.845331551980329 ] ], [ [ 79.870551193592831, 6.845348138176213 ], [ 79.870656047348845, 6.845466693103594 ], [ 79.870695976348358, 6.845520112833078 ], [ 79.870717340642926, 6.845550739245381 ], [ 79.870684209618744, 6.845572724971421 ], [ 79.870555741464486, 6.845606454044786 ], [ 79.870449932628503, 6.845640226285659 ], [ 79.870445883880649, 6.845641920608344 ], [ 79.870445866793503, 6.845641861253128 ], [ 79.870378207198669, 6.845670184501651 ], [ 79.870353372420396, 6.845681584307931 ], [ 79.870353285186155, 6.845681686830615 ], [ 79.870328981007901, 6.845692842920617 ], [ 79.870291158220567, 6.845722968410505 ], [ 79.870257090102783, 6.845764425358206 ], [ 79.870223044468162, 6.845794558042679 ], [ 79.8702078378317, 6.845847373427772 ], [ 79.870162397786672, 6.845911456418861 ], [ 79.870124495859017, 6.845983101808987 ], [ 79.870082818577487, 6.84605474090387 ], [ 79.870044981401051, 6.846092415303026 ], [ 79.870014725509463, 6.846115006272845 ], [ 79.869965615331211, 6.846122462551945 ], [ 79.869859891930716, 6.846110939538623 ], [ 79.869807011794407, 6.846114614168481 ], [ 79.869754096584572, 6.846137162870175 ], [ 79.869701181374694, 6.846159710672564 ], [ 79.869659575139565, 6.84619360342248 ], [ 79.869629255396106, 6.846250165383256 ], [ 79.869526994385652, 6.846404730964018 ], [ 79.869439896844113, 6.846529128786763 ], [ 79.869386874614946, 6.846608295207147 ], [ 79.869371703951316, 6.846642238319161 ], [ 79.869363986868905, 6.846729039084401 ], [ 79.869341056854722, 6.846872430588734 ], [ 79.869340906667972, 6.846951697733195 ], [ 79.869314242668636, 6.847072434415835 ], [ 79.869275498076263, 6.847221851377888 ], [ 79.86925385409269, 6.847420503523994 ], [ 79.869247414047507, 6.84746297940356 ], [ 79.869232348604598, 6.847637236539792 ], [ 79.869230942064902, 6.84763754590659 ], [ 79.869222978568274, 6.847729663463769 ], [ 79.869222893132672, 6.847774958717971 ], [ 79.869215303753904, 6.847793817501239 ], [ 79.869212826121696, 6.847797517312182 ], [ 79.869145921957355, 6.84780240512748 ], [ 79.869145833823822, 6.847803773895635 ], [ 79.869075701093351, 6.847808897333364 ], [ 79.868919335969181, 6.847808602355765 ], [ 79.868804688596128, 6.847797966973284 ], [ 79.868772491068228, 6.847792607013894 ], [ 79.868336779429413, 6.847706827878627 ], [ 79.868401415503428, 6.847328575723942 ], [ 79.868402876901783, 6.847328878795494 ], [ 79.86845420750609, 6.847070662751648 ], [ 79.868543349206561, 6.846739079115929 ], [ 79.86859541455712, 6.846510636927037 ], [ 79.868632546664969, 6.846378006710363 ], [ 79.868640906762721, 6.846344849605791 ], [ 79.868639637819285, 6.846343580662397 ], [ 79.868653572814409, 6.846288312826012 ], [ 79.868690621285353, 6.846199914864818 ], [ 79.868733430813407, 6.846132958539825 ], [ 79.868734805876784, 6.846134062007966 ], [ 79.868743676789506, 6.846120187267467 ], [ 79.868817605558263, 6.846031859453373 ], [ 79.868969814015927, 6.845895022208039 ], [ 79.869194384623299, 6.845718511370731 ], [ 79.869513480273028, 6.845483201059314 ], [ 79.869785291368174, 6.845289085093558 ], [ 79.869950728853112, 6.845177338933365 ], [ 79.870029028327053, 6.845128626255395 ], [ 79.870029107467332, 6.845128578591309 ], [ 79.870045164862503, 6.845118576331531 ], [ 79.870074713887036, 6.845095040174224 ], [ 79.870110153470904, 6.845077413462112 ], [ 79.87011899830317, 6.845078234543182 ], [ 79.870141282604166, 6.845094019443692 ], [ 79.870198228575404, 6.84511944327797 ], [ 79.870198318507633, 6.845119406405727 ], [ 79.870231363196936, 6.845134159783931 ], [ 79.870298021846295, 6.845164291569028 ], [ 79.870351324663972, 6.845201065746777 ], [ 79.870394639611035, 6.845227819678319 ], [ 79.870444619433698, 6.845257919987202 ], [ 79.870507904726125, 6.845308049097381 ], [ 79.870551193592831, 6.845348138176213 ] ], [ [ 79.869363280901155, 6.846929712906417 ], [ 79.869382369011561, 6.846821228587328 ], [ 79.869387249632268, 6.846736309203809 ], [ 79.869396834606633, 6.846660835399747 ], [ 79.869429995308494, 6.846599560991433 ], [ 79.869472615978836, 6.846528867084033 ], [ 79.869614657600735, 6.84630737755384 ], [ 79.869677167677423, 6.846203693815814 ], [ 79.869726341707562, 6.846162265646414 ], [ 79.869779256917454, 6.846139717844093 ], [ 79.869885009096137, 6.846136143038964 ], [ 79.869983171896138, 6.846151426117754 ], [ 79.870000102532984, 6.846146384518348 ], [ 79.87002095960986, 6.846140173800286 ], [ 79.870051215501491, 6.846117582830527 ], [ 79.870096626768188, 6.846068598557246 ], [ 79.870138269875525, 6.846015832634853 ], [ 79.870161036213105, 6.845959256284955 ], [ 79.870198902167829, 6.84590648316794 ], [ 79.870229242595741, 6.845838597843294 ], [ 79.870278459793312, 6.845774522046841 ], [ 79.87031424022021, 6.845741864965332 ], [ 79.870323857570199, 6.845733087582167 ], [ 79.870391914665319, 6.845691694486358 ], [ 79.870482645467888, 6.845642795648708 ], [ 79.870584663661489, 6.845616566021896 ], [ 79.870686674660476, 6.845594110849678 ], [ 79.870728224238292, 6.845590413736771 ], [ 79.870765990368355, 6.845590485682496 ], [ 79.870774800127137, 6.845590501870325 ], [ 79.870814631100572, 6.845605753472893 ], [ 79.870907925870313, 6.845662606813979 ], [ 79.871134462395773, 6.845819731865193 ], [ 79.871234435531079, 6.845873264009973 ], [ 79.87134103577047, 6.845950147051647 ], [ 79.871347675465159, 6.845966829475608 ], [ 79.871330965162215, 6.845983467832803 ], [ 79.871264136541001, 6.846043354587162 ], [ 79.871187003487734, 6.846109081538895 ], [ 79.871080063304589, 6.846212234676953 ], [ 79.87097642183474, 6.846335397730535 ], [ 79.870856114128728, 6.846451860834859 ], [ 79.870765822195352, 6.846571715282585 ], [ 79.870628721448782, 6.846748158670811 ], [ 79.870515010269997, 6.846904642505459 ], [ 79.870448117796911, 6.846997868926779 ], [ 79.870310923520805, 6.847169207763015 ], [ 79.870211170719529, 6.847289806849442 ], [ 79.870164648790109, 6.847346050450226 ], [ 79.870158821183267, 6.847352917673368 ], [ 79.869908682850053, 6.847647711842856 ], [ 79.869840766948514, 6.847730934205678 ], [ 79.869783403691741, 6.84774645380624 ], [ 79.869580090359534, 6.847766907986909 ], [ 79.86928294806026, 6.847792393874485 ], [ 79.869268413217384, 6.847793455973808 ], [ 79.869268846690545, 6.847564139643858 ], [ 79.869280494709656, 6.847465646792728 ], [ 79.869298830986779, 6.847310590182113 ], [ 79.869322802415908, 6.847116007468276 ], [ 79.869344219770397, 6.84702404189652 ], [ 79.869363280901155, 6.846929712906417 ] ], [ [ 79.864782275588709, 6.83386976354982 ], [ 79.865001834274381, 6.833842755110154 ], [ 79.865224700666545, 6.833821270306347 ], [ 79.865410982637869, 6.833828924436261 ], [ 79.865535194300975, 6.83382185756362 ], [ 79.865692239312551, 6.833836758430553 ], [ 79.865727850666985, 6.834052834041933 ], [ 79.865731965065336, 6.83407780191992 ], [ 79.865755935595203, 6.834275544851362 ], [ 79.865760738874272, 6.834315172578042 ], [ 79.865796852949714, 6.834534302287128 ], [ 79.865781792003503, 6.834771590207604 ], [ 79.865776131670529, 6.834809092836242 ], [ 79.865755896924583, 6.834943139485206 ], [ 79.865715480492483, 6.835067198263487 ], [ 79.865689778767788, 6.835136518906135 ], [ 79.86567877196525, 6.835162055155659 ], [ 79.86566715722104, 6.835168219109005 ], [ 79.865645261427161, 6.835153569152837 ], [ 79.865473955865838, 6.835043531704598 ], [ 79.865336861414477, 6.834981559422408 ], [ 79.865288889777844, 6.834954040167838 ], [ 79.865273305426129, 6.834920892955866 ], [ 79.865056567014264, 6.834459892381187 ], [ 79.864978846703636, 6.834284215215448 ], [ 79.864919941109576, 6.83415106698922 ], [ 79.864810627615483, 6.833910862567376 ], [ 79.864782275588709, 6.83386976354982 ] ], [ [ 79.867095150227698, 6.831661263327111 ], [ 79.867193023445992, 6.831643668091256 ], [ 79.867317563361567, 6.831635013015815 ], [ 79.867418010439494, 6.831624049380739 ], [ 79.867401252472575, 6.831687215063329 ], [ 79.867384925280831, 6.831784001900522 ], [ 79.86731799413694, 6.832180766599545 ], [ 79.867276235017158, 6.83249611207639 ], [ 79.867274084738128, 6.832509906777208 ], [ 79.867235816786476, 6.832532757651095 ], [ 79.867040321260717, 6.832525802294446 ], [ 79.86684003414716, 6.832518675167292 ], [ 79.86677740625916, 6.832511774669257 ], [ 79.86676003405519, 6.83249185378658 ], [ 79.866751164041858, 6.832478502451498 ], [ 79.866746834705523, 6.832416263969963 ], [ 79.866755546438185, 6.832335015619088 ], [ 79.866793700175933, 6.83210859870343 ], [ 79.866800848886868, 6.832074097112396 ], [ 79.866841202366402, 6.831900816639896 ], [ 79.866948188414852, 6.831767667514358 ], [ 79.867095150227698, 6.831661263327111 ] ], [ [ 79.864884484441333, 6.845518757556148 ], [ 79.86488663292171, 6.84558790013306 ], [ 79.864898479691064, 6.84568040170072 ], [ 79.864892661077391, 6.845703427942394 ], [ 79.86483398930713, 6.845706041372273 ], [ 79.864658876016307, 6.845700586084799 ], [ 79.864423691610014, 6.845693260207465 ], [ 79.86430563041047, 6.8456895819803 ], [ 79.86414712579915, 6.845682841561634 ], [ 79.863988622087163, 6.845676100243606 ], [ 79.863684495652848, 6.845665218446917 ], [ 79.863645833798088, 6.845665144702529 ], [ 79.863625242920506, 6.845649649383663 ], [ 79.863622719422878, 6.845621306350019 ], [ 79.86362839774219, 6.845345670438159 ], [ 79.863625011794639, 6.845093201961511 ], [ 79.863630249446203, 6.845049417568386 ], [ 79.863653510410927, 6.845015972680851 ], [ 79.863674179529582, 6.844990250271612 ], [ 79.863702586414973, 6.844961966593316 ], [ 79.863741277947369, 6.84494658279038 ], [ 79.863895913675265, 6.844954604742938 ], [ 79.863937178167973, 6.844941802893636 ], [ 79.863978412983172, 6.844944456792947 ], [ 79.863996376941046, 6.844985709594513 ], [ 79.863999739506212, 6.845251058161511 ], [ 79.864180159696517, 6.845253976461564 ], [ 79.864492047279995, 6.845249415999366 ], [ 79.864664749488469, 6.845244591136512 ], [ 79.864731759772781, 6.845247294498607 ], [ 79.864818546148811, 6.845253712060754 ], [ 79.864874778058407, 6.845250696633869 ], [ 79.864877801579141, 6.845303777318994 ], [ 79.864884484441333, 6.845518757556148 ] ], [ [ 79.865066713162904, 6.823111437413483 ], [ 79.865012100033042, 6.823282470480247 ], [ 79.86493218627605, 6.823582851238228 ], [ 79.864822787346554, 6.824016746246542 ], [ 79.864647370984144, 6.824012336870592 ], [ 79.864647996912183, 6.823681391753563 ], [ 79.86466004153236, 6.823598247631786 ], [ 79.864684736915621, 6.823111170314939 ], [ 79.864708959255623, 6.82287359551065 ], [ 79.864792762580379, 6.822558905639629 ], [ 79.864811042200301, 6.822495413503172 ], [ 79.865193004957703, 6.822577397499457 ], [ 79.865192973481371, 6.822594093413239 ], [ 79.865163157358324, 6.82290291700659 ], [ 79.865096134483593, 6.823011315890143 ], [ 79.865066713162904, 6.823111437413483 ] ] ] ] } },
{ "type": "Feature", "properties": { "Sub_class": "Roads", "NAME": null, "Land_Exten": 163.92894193000001, "Main_C": "Transport", "Domain": "Built-up", "Area_m2": 12.441 }, "geometry": { "type": "MultiPolygon", "coordinates": [ [ [ [ 79.867852659976464, 6.820857484555112 ], [ 79.867870863351229, 6.820886396168761 ], [ 79.867869940091893, 6.820883010884534 ], [ 79.867868234949498, 6.820875491486105 ], [ 79.867866837291814, 6.820867832321905 ], [ 79.867865747118813, 6.820860033391936 ], [ 79.867864964430495, 6.820852094696198 ], [ 79.867864489226889, 6.820844016234688 ], [ 79.867864321507966, 6.820835798007409 ], [ 79.867864461273726, 6.82082744001436 ], [ 79.867864908524197, 6.82081894225554 ], [ 79.867865132149419, 6.820810346660682 ], [ 79.867865132149419, 6.820801653229785 ], [ 79.867864908524197, 6.820792861962849 ], [ 79.867864461273726, 6.820783972859873 ], [ 79.867863790398033, 6.820774985920859 ], [ 79.867862895897119, 6.820765901145805 ], [ 79.867861777770955, 6.820756718534712 ], [ 79.867860436019541, 6.820747438087581 ], [ 79.86786026710061, 6.82074665698728 ], [ 79.867852659976464, 6.820857484555112 ] ] ] ] } },
{ "type": "Feature", "properties": { "Sub_class": "Roads", "NAME": null, "Land_Exten": 163.92894193000001, "Main_C": "Transport", "Domain": "Built-up", "Area_m2": 0.412 }, "geometry": { "type": "MultiPolygon", "coordinates": [ [ [ [ 79.867886368365433, 6.820911022095859 ], [ 79.867895379572516, 6.820915257590337 ], [ 79.8678805203607, 6.820901222364372 ], [ 79.867878941244427, 6.820899225928635 ], [ 79.867886368365433, 6.820911022095859 ] ] ] ] } },
{ "type": "Feature", "properties": { "Sub_class": "Roads", "NAME": null, "Land_Exten": 163.92894193000001, "Main_C": "Transport", "Domain": "Built-up", "Area_m2": 90.256 }, "geometry": { "type": "MultiPolygon", "coordinates": [ [ [ [ 79.868068794043793, 6.821045858349469 ], [ 79.868144143741432, 6.821103361900434 ], [ 79.868218404360121, 6.821155709638067 ], [ 79.868310960786474, 6.821230743673677 ], [ 79.868362260813939, 6.821277855558309 ], [ 79.868420003384458, 6.821314426891856 ], [ 79.868410931458058, 6.821304949767748 ], [ 79.868399093297342, 6.821291909621402 ], [ 79.86838668209694, 6.821277597606549 ], [ 79.868375375046156, 6.821264585413356 ], [ 79.868365172144934, 6.821252873041826 ], [ 79.868356073393315, 6.821242460491957 ], [ 79.868348078791271, 6.82123334776375 ], [ 79.868341188338803, 6.821225534857203 ], [ 79.868335402035925, 6.821219021772318 ], [ 79.868330719882621, 6.821213808509096 ], [ 79.868327141878908, 6.821209895067535 ], [ 79.868317204532659, 6.821202096137567 ], [ 79.86830090784386, 6.821190411719188 ], [ 79.868278251812541, 6.821174841812405 ], [ 79.868249236438672, 6.821155386417214 ], [ 79.868213861722268, 6.821132045533616 ], [ 79.868172127663343, 6.82110481916161 ], [ 79.868124034261854, 6.821073707301196 ], [ 79.868069581517844, 6.821038709952374 ], [ 79.8680500417004, 6.821025841155183 ], [ 79.868068794043793, 6.821045858349469 ] ] ] ] } },
{ "type": "Feature", "properties": { "Sub_class": "Roads", "NAME": null, "Land_Exten": 163.92894193000001, "Main_C": "Transport", "Domain": "Built-up", "Area_m2": 11.574 }, "geometry": { "type": "MultiPolygon", "coordinates": [ [ [ [ 79.869162699704773, 6.828232549462411 ], [ 79.8692009397775, 6.828255732186134 ], [ 79.869228822356732, 6.828246036918605 ], [ 79.869216275801634, 6.828242377506699 ], [ 79.869192012463955, 6.82823373998211 ], [ 79.869160928556695, 6.828221552406962 ], [ 79.869135662198104, 6.828211062023566 ], [ 79.869162699704773, 6.828232549462411 ] ] ] ] } },
{ "type": "Feature", "properties": { "Sub_class": "Roads", "NAME": null, "Land_Exten": 163.92894193000001, "Main_C": "Transport", "Domain": "Built-up", "Area_m2": 44.89 }, "geometry": { "type": "MultiPolygon", "coordinates": [ [ [ [ 79.86990600646304, 6.828058396647336 ], [ 79.870177042342561, 6.828058906562923 ], [ 79.870231228139048, 6.828063175123157 ], [ 79.870202463075117, 6.828060374520936 ], [ 79.870138059008269, 6.828054560264901 ], [ 79.870077736101905, 6.828049472790871 ], [ 79.870021494356052, 6.828045112098846 ], [ 79.869969333770669, 6.828041478188824 ], [ 79.869921254345769, 6.828038571060808 ], [ 79.869877256081367, 6.828036390714795 ], [ 79.869856942007928, 6.828035650986631 ], [ 79.86990600646304, 6.828058396647336 ] ] ] ] } },
{ "type": "Feature", "properties": { "Sub_class": "Roads", "NAME": null, "Land_Exten": 163.92894193000001, "Main_C": "Transport", "Domain": "Built-up", "Area_m2": 28.283 }, "geometry": { "type": "MultiPolygon", "coordinates": [ [ [ [ 79.867457340489636, 6.827664459417507 ], [ 79.867412530869359, 6.827661887356478 ], [ 79.867576486271616, 6.827732367225124 ], [ 79.867532605651036, 6.827691486742929 ], [ 79.867457340489636, 6.827664459417507 ] ] ] ] } },
{ "type": "Feature", "properties": { "Sub_class": "Retail", "NAME": null, "Land_Exten": 0.045419982515799998, "Main_C": "Commercial", "Domain": "Built-up", "Area_m2": 454.39 }, "geometry": { "type": "MultiPolygon", "coordinates": [ [ [ [ 79.875954939369024, 6.842019493404962 ], [ 79.875767364172589, 6.842348372779213 ], [ 79.875821416125518, 6.842372128371096 ], [ 79.875868887739045, 6.842373301087036 ], [ 79.875889992129487, 6.842355289465104 ], [ 79.875933745046382, 6.842298210394119 ], [ 79.875992567902756, 6.84223062904033 ], [ 79.876002609732723, 6.842197899113785 ], [ 79.875988889675568, 6.842146551422275 ], [ 79.875954939369024, 6.842019493404962 ] ] ] ] } },
{ "type": "Feature", "properties": { "Sub_class": "Low Rise", "NAME": null, "Land_Exten": 0.68950162832499995, "Main_C": "Residential", "Domain": "Built-up", "Area_m2": 6897.895 }, "geometry": { "type": "MultiPolygon", "coordinates": [ [ [ [ 79.875676548833724, 6.843118571964567 ], [ 79.875698316024511, 6.843021528820543 ], [ 79.875698406856031, 6.842972987013809 ], [ 79.875693071178375, 6.842940615017426 ], [ 79.875498942622187, 6.842864741914354 ], [ 79.87513769844611, 6.842696864568666 ], [ 79.87495638612836, 6.842679395237951 ], [ 79.874824686709985, 6.84270706467936 ], [ 79.874786902593542, 6.842712387766539 ], [ 79.874684209009104, 6.842798492456495 ], [ 79.874497815521806, 6.842914104802162 ], [ 79.874384359750479, 6.842984008205462 ], [ 79.874206126711442, 6.843064577568271 ], [ 79.873941551561416, 6.843144984153753 ], [ 79.873871337892012, 6.843177214057221 ], [ 79.873844305170621, 6.843204131665402 ], [ 79.873844234124135, 6.843241886104181 ], [ 79.873876298552375, 6.843409147414263 ], [ 79.873898988447593, 6.843471878724245 ], [ 79.874354861088023, 6.843356077521037 ], [ 79.874378655350711, 6.843132011433227 ], [ 79.874471855691638, 6.843062632334636 ], [ 79.874576944170713, 6.843001141189745 ], [ 79.874922572518756, 6.843039137546214 ], [ 79.874935475092173, 6.843041438011994 ], [ 79.875203459572049, 6.843118406489339 ], [ 79.875655467825652, 6.843266847686948 ], [ 79.875676548833724, 6.843118571964567 ] ] ] ] } },
{ "type": "Feature", "properties": { "Sub_class": "Retail", "NAME": "Cargills Food City - Kawdana", "Land_Exten": 0.16689363335499999, "Main_C": "Commercial", "Domain": "Built-up", "Area_m2": 1669.634 }, "geometry": { "type": "MultiPolygon", "coordinates": [ [ [ [ 79.875246530802826, 6.84354074970588 ], [ 79.87560879930669, 6.84362204392221 ], [ 79.875655467825652, 6.843268434090987 ], [ 79.875367056144796, 6.843170197546613 ], [ 79.875311826979271, 6.843152712927406 ], [ 79.875246530802826, 6.84354074970588 ] ] ] ] } },
{ "type": "Feature", "properties": { "Sub_class": "Playground", "NAME": "Shasthrananda (Nawodya) School", "Land_Exten": 0.66237263902599997, "Main_C": "Public Space", "Domain": "Built-up", "Area_m2": 6626.491 }, "geometry": { "type": "MultiPolygon", "coordinates": [ [ [ [ 79.874648596755378, 6.84404280882859 ], [ 79.874935680137582, 6.844004877223369 ], [ 79.874945595163126, 6.84363011174031 ], [ 79.874943612158006, 6.843415960678101 ], [ 79.874924554624556, 6.843037154541094 ], [ 79.874576944170713, 6.843001141189745 ], [ 79.874473837797439, 6.843060650228892 ], [ 79.874378655350711, 6.843132011433227 ], [ 79.874354861088023, 6.843356077521037 ], [ 79.874468763822449, 6.844062545350255 ], [ 79.874648918712694, 6.844044352065225 ], [ 79.874648596755378, 6.84404280882859 ] ] ] ] } },
{ "type": "Feature", "properties": { "Sub_class": "Under Construction", "NAME": null, "Land_Exten": 0.129673322082, "Main_C": "Under Construction", "Domain": "Built-up", "Area_m2": 4.045 }, "geometry": { "type": "MultiPolygon", "coordinates": [ [ [ [ 79.875650383958089, 6.843644205915439 ], [ 79.875653901830816, 6.84364468042352 ], [ 79.875663461125754, 6.843573774004065 ], [ 79.875677675304559, 6.843477070067764 ], [ 79.875680961336684, 6.843456510989404 ], [ 79.875680266631036, 6.84345644006271 ], [ 79.875650383958089, 6.843644205915439 ] ] ] ] } },
{ "type": "Feature", "properties": { "Sub_class": "Low Rise", "NAME": null, "Land_Exten": 9.4568125760400008, "Main_C": "Residential", "Domain": "Built-up", "Area_m2": 0.204 }, "geometry": { "type": "MultiPolygon", "coordinates": [ [ [ [ 79.875947973220434, 6.842330228057619 ], [ 79.875946868559097, 6.84233282414143 ], [ 79.875951141010233, 6.84232840508658 ], [ 79.875956752605902, 6.842322461547208 ], [ 79.875962273353807, 6.842316472583961 ], [ 79.875966457631577, 6.842311822488909 ], [ 79.875947973220434, 6.842330228057619 ] ] ] ] } },
{ "type": "Feature", "properties": { "Sub_class": "Low Rise", "NAME": null, "Land_Exten": 9.4568125760400008, "Main_C": "Residential", "Domain": "Built-up", "Area_m2": 196.724 }, "geometry": { "type": "MultiPolygon", "coordinates": [ [ [ [ 79.875831521807356, 6.842603902548092 ], [ 79.875767749981719, 6.842888209723128 ], [ 79.875746067327213, 6.842945671905284 ], [ 79.875749718574696, 6.842948811438532 ], [ 79.875716935588173, 6.843164493146901 ], [ 79.875694975942451, 6.843364014038059 ], [ 79.875680266631036, 6.84345644006271 ], [ 79.875680961336684, 6.843456510989404 ], [ 79.875692714101405, 6.843382979751364 ], [ 79.875708577516292, 6.843291503054863 ], [ 79.875725265549249, 6.843202639978264 ], [ 79.875742778200234, 6.843116390521564 ], [ 79.87576111546926, 6.843032754684764 ], [ 79.8757781424342, 6.84295479333823 ], [ 79.87579385909504, 6.842882506481956 ], [ 79.875808265451781, 6.842815894115949 ], [ 79.87582136150445, 6.842754956240206 ], [ 79.875833147253005, 6.842699692854728 ], [ 79.875843622697474, 6.842650103959512 ], [ 79.875852787837857, 6.842606189554561 ], [ 79.875860642674127, 6.842567949639875 ], [ 79.875867550597306, 6.842534203194695 ], [ 79.875873405490296, 6.842505470976643 ], [ 79.875831521807356, 6.842603902548092 ] ] ] ] } },
{ "type": "Feature", "properties": { "Sub_class": "Low Rise", "NAME": null, "Land_Exten": 9.4568125760400008, "Main_C": "Residential", "Domain": "Built-up", "Area_m2": 24.321 }, "geometry": { "type": "MultiPolygon", "coordinates": [ [ [ [ 79.875650383958089, 6.843644205915439 ], [ 79.875634907525011, 6.843741451406913 ], [ 79.875612917302362, 6.843957152900316 ], [ 79.875605280654085, 6.844059815674614 ], [ 79.875614640941635, 6.843992889618609 ], [ 79.875625766297588, 6.843879567532365 ], [ 79.875637506622269, 6.843775022736365 ], [ 79.875650071564991, 6.843673091560264 ], [ 79.875653901830816, 6.84364468042352 ], [ 79.875650383958089, 6.843644205915439 ] ] ] ] } },
{ "type": "Feature", "properties": { "Sub_class": "Barren Land", "NAME": null, "Land_Exten": 0.951582882199, "Main_C": "Barren Land", "Domain": "Non Built-up", "Area_m2": 9519.797 }, "geometry": { "type": "MultiPolygon", "coordinates": [ [ [ [ 79.874509740532176, 6.840964509504545 ], [ 79.874753290432068, 6.841310264657011 ], [ 79.874981223604664, 6.841131104417002 ], [ 79.874736884100002, 6.840767525600882 ], [ 79.874552579737838, 6.840927358510839 ], [ 79.874146256144854, 6.840671287350062 ], [ 79.874267880458376, 6.840515430342862 ], [ 79.87412590268832, 6.840390510014061 ], [ 79.874218207304466, 6.840289026017786 ], [ 79.874363058408449, 6.840392492119861 ], [ 79.874452288242537, 6.84025963887126 ], [ 79.874311869896928, 6.840186049146894 ], [ 79.874137208965067, 6.840076434379966 ], [ 79.873963343933212, 6.840295595565351 ], [ 79.87356835719396, 6.840698648324008 ], [ 79.873426949594091, 6.840841779924233 ], [ 79.873592375387886, 6.8409647882944 ], [ 79.87403759915594, 6.841334725317381 ], [ 79.874177236890034, 6.841252863628824 ], [ 79.874509740532176, 6.840964509504545 ] ] ] ] } },
{ "type": "Feature", "properties": { "Sub_class": "Under Construction", "NAME": null, "Land_Exten": 0.080862123953400006, "Main_C": "Under Construction", "Domain": "Built-up", "Area_m2": 808.958 }, "geometry": { "type": "MultiPolygon", "coordinates": [ [ [ [ 79.872939011626158, 6.841305173594947 ], [ 79.873000103472066, 6.841228482108818 ], [ 79.873105325050744, 6.841108746371617 ], [ 79.872957406359262, 6.840971339855514 ], [ 79.872909145140966, 6.840938043356061 ], [ 79.872884944384737, 6.840959128860732 ], [ 79.872758696656604, 6.841167749991712 ], [ 79.872939011626158, 6.841305173594947 ] ] ] ] } },
{ "type": "Feature", "properties": { "Sub_class": "Low Rise", "NAME": null, "Land_Exten": 6.0553211682099999, "Main_C": "Residential", "Domain": "Built-up", "Area_m2": 60578.482 }, "geometry": { "type": "MultiPolygon", "coordinates": [ [ [ [ 79.874452288242537, 6.84025963887126 ], [ 79.874363058408449, 6.840392492119861 ], [ 79.874218207304466, 6.840289026017786 ], [ 79.874126978277502, 6.840389326506283 ], [ 79.87412590268832, 6.840390510014061 ], [ 79.874267880458376, 6.840515430342862 ], [ 79.874146256144854, 6.840671287350062 ], [ 79.874552579737838, 6.840927358510839 ], [ 79.874736884100002, 6.840767525600882 ], [ 79.874981223604664, 6.841131104417002 ], [ 79.874753290432068, 6.841310264657011 ], [ 79.874509740532176, 6.840964509504545 ], [ 79.874177236890034, 6.841252863628824 ], [ 79.87403759915594, 6.841334725317381 ], [ 79.873592375387886, 6.8409647882944 ], [ 79.873426949594091, 6.840841779924233 ], [ 79.873188148114593, 6.841083491609879 ], [ 79.873173374951364, 6.841098444637566 ], [ 79.872987235972232, 6.841326043262313 ], [ 79.872911990595924, 6.841423206016202 ], [ 79.872983498389772, 6.841506046167126 ], [ 79.873304725432774, 6.841848688766049 ], [ 79.873492893282446, 6.842111274615661 ], [ 79.873606369738241, 6.842030583844405 ], [ 79.873622508072344, 6.842057581492213 ], [ 79.873519854957408, 6.842122112345635 ], [ 79.873503605107373, 6.842154442973197 ], [ 79.873508920100619, 6.842197601438215 ], [ 79.873567936311247, 6.842381093712561 ], [ 79.873594857516707, 6.842413505279069 ], [ 79.873638028572202, 6.842413586218072 ], [ 79.873708232349088, 6.842386750448213 ], [ 79.874054076534435, 6.842133901558384 ], [ 79.874070225660432, 6.842155505971846 ], [ 79.873681159158252, 6.842435241892929 ], [ 79.873632540909114, 6.842462118132289 ], [ 79.873621667206237, 6.842505246020323 ], [ 79.873680753563974, 6.84265098385589 ], [ 79.873718294863465, 6.842775106486044 ], [ 79.873745277222838, 6.842775156848063 ], [ 79.873842502929222, 6.842726796704369 ], [ 79.874458329888057, 6.842388156987909 ], [ 79.874479813792448, 6.84244213339781 ], [ 79.874117941889551, 6.842608655465142 ], [ 79.873939638703405, 6.842726979266729 ], [ 79.873745175599424, 6.842829091889143 ], [ 79.873723529817084, 6.842861413523451 ], [ 79.873723367039815, 6.842947709769021 ], [ 79.873728631671099, 6.84301783620424 ], [ 79.873787718928156, 6.84316357314043 ], [ 79.873836296707793, 6.843158270737661 ], [ 79.874154906723618, 6.843040210437437 ], [ 79.874279114789374, 6.842991900655761 ], [ 79.874327723145939, 6.84297041765069 ], [ 79.874435772193181, 6.842905897589162 ], [ 79.874749188624207, 6.842679955515564 ], [ 79.874961032026079, 6.842632935361735 ], [ 79.875060146308783, 6.842639130791326 ], [ 79.875105057552446, 6.842654617116921 ], [ 79.875168553286187, 6.842662360279746 ], [ 79.875242922722748, 6.842699758587059 ], [ 79.875469369316022, 6.842808054048476 ], [ 79.875698451822132, 6.842910329448216 ], [ 79.875800158850325, 6.842466898028988 ], [ 79.875589560110143, 6.84236116023942 ], [ 79.875221022432299, 6.842170852003278 ], [ 79.87481155031287, 6.841327340084717 ], [ 79.874874828410668, 6.841306389478348 ], [ 79.87511639440612, 6.841759817761442 ], [ 79.875315919793934, 6.842149961651444 ], [ 79.875767364172589, 6.842348372779213 ], [ 79.875954939369024, 6.842019493404962 ], [ 79.875940384741, 6.841965023267278 ], [ 79.875817898877017, 6.841663503068276 ], [ 79.875580042584943, 6.841102194810503 ], [ 79.875538935473571, 6.841005187639325 ], [ 79.875442273642079, 6.840762341009281 ], [ 79.875428678590708, 6.840728187455909 ], [ 79.875334389170803, 6.840623805844018 ], [ 79.875048129567574, 6.840382295606503 ], [ 79.874930468566333, 6.840296641476868 ], [ 79.874833801338923, 6.840226270426115 ], [ 79.874716256350212, 6.840140699933386 ], [ 79.874499232853395, 6.839980055834985 ], [ 79.874319318981463, 6.839846879729748 ], [ 79.874137208965067, 6.840076434379966 ], [ 79.874311869896928, 6.840186049146894 ], [ 79.874452288242537, 6.84025963887126 ] ] ] ] } },
{ "type": "Feature", "properties": { "Sub_class": "School", "NAME": "Shasthrananda (Nawodya) School", "Land_Exten": 0.74790234464799998, "Main_C": "Institutional", "Domain": "Built-up", "Area_m2": 7482.143 }, "geometry": { "type": "MultiPolygon", "coordinates": [ [ [ [ 79.874468763822449, 6.844062545350255 ], [ 79.874354861088023, 6.843356077521037 ], [ 79.873897772564192, 6.843466534053334 ], [ 79.873980022759895, 6.843828053421987 ], [ 79.874038825831178, 6.844124809912103 ], [ 79.874068096065855, 6.844343304699805 ], [ 79.874100068763198, 6.844559106917302 ], [ 79.874099957247267, 6.844618436091991 ], [ 79.874120174006862, 6.844642099952978 ], [ 79.874153269957503, 6.844627472479942 ], [ 79.8743556803704, 6.844566582981486 ], [ 79.874594866759764, 6.84450882582172 ], [ 79.874733426206717, 6.844449043388693 ], [ 79.874648918712694, 6.844044352065225 ], [ 79.874468763822449, 6.844062545350255 ] ] ] ] } },
{ "type": "Feature", "properties": { "Sub_class": "High Rise", "NAME": null, "Land_Exten": 0.044036077602700001, "Main_C": "Residential", "Domain": "Built-up", "Area_m2": 440.544 }, "geometry": { "type": "MultiPolygon", "coordinates": [ [ [ [ 79.873155520710782, 6.844913233858676 ], [ 79.873139832936999, 6.844856375121651 ], [ 79.87307268325776, 6.844650679485312 ], [ 79.872934539297603, 6.844703486776552 ], [ 79.873046890701517, 6.8449497067636 ], [ 79.873155520710782, 6.844913233858676 ] ] ] ] } },
{ "type": "Feature", "properties": { "Sub_class": "Under Construction", "NAME": null, "Land_Exten": 0.089983120821800003, "Main_C": "Under Construction", "Domain": "Built-up", "Area_m2": 4.005 }, "geometry": { "type": "MultiPolygon", "coordinates": [ [ [ [ 79.873019112442137, 6.845018682965872 ], [ 79.873020091051501, 6.845020469968868 ], [ 79.873103972508545, 6.844992522359301 ], [ 79.873181402395005, 6.844967098196284 ], [ 79.873180522762993, 6.844965245249909 ], [ 79.873019112442137, 6.845018682965872 ] ] ] ] } },
{ "type": "Feature", "properties": { "Sub_class": "Low Rise", "NAME": null, "Land_Exten": 0.77306130690800001, "Main_C": "Residential", "Domain": "Built-up", "Area_m2": 7733.842 }, "geometry": { "type": "MultiPolygon", "coordinates": [ [ [ [ 79.875196680482475, 6.843994333571686 ], [ 79.875569071755308, 6.844004405978581 ], [ 79.875586066244011, 6.843794294671 ], [ 79.87560879930669, 6.84362204392221 ], [ 79.875246530802826, 6.84354074970588 ], [ 79.875311826979271, 6.843152712927406 ], [ 79.875122605124204, 6.843092809085931 ], [ 79.874924673335045, 6.843041098068284 ], [ 79.874941392631229, 6.84337343623514 ], [ 79.874944989919413, 6.843566360599084 ], [ 79.874935680137582, 6.844006463627466 ], [ 79.874648596755378, 6.844044395232686 ], [ 79.874733426206717, 6.844450628893469 ], [ 79.875216993469508, 6.844311161131202 ], [ 79.875196680482475, 6.843994333571686 ] ] ] ] } },
{ "type": "Feature", "properties": { "Sub_class": "Retail", "NAME": null, "Land_Exten": 0.113963694144, "Main_C": "Commercial", "Domain": "Built-up", "Area_m2": 1140.113 }, "geometry": { "type": "MultiPolygon", "coordinates": [ [ [ [ 79.875196680482475, 6.843994333571686 ], [ 79.875216993469508, 6.844311161131202 ], [ 79.875552077266605, 6.844214517286218 ], [ 79.875569071755308, 6.844004405978581 ], [ 79.875196680482475, 6.843994333571686 ] ] ] ] } },
{ "type": "Feature", "properties": { "Sub_class": "Low Rise", "NAME": null, "Land_Exten": 8.7952682730999996, "Main_C": "Residential", "Domain": "Built-up", "Area_m2": 4.033 }, "geometry": { "type": "MultiPolygon", "coordinates": [ [ [ [ 79.87328572725454, 6.844930414507076 ], [ 79.873180522762993, 6.844965245249909 ], [ 79.873181402395005, 6.844967098196284 ], [ 79.873216176468759, 6.844955680102315 ], [ 79.873319183841289, 6.844922443802195 ], [ 79.873341843689701, 6.844915286639109 ], [ 79.87328572725454, 6.844930414507076 ] ] ] ] } },
{ "type": "Feature", "properties": { "Sub_class": "Low Rise", "NAME": null, "Land_Exten": 8.7952682730999996, "Main_C": "Residential", "Domain": "Built-up", "Area_m2": 38.144 }, "geometry": { "type": "MultiPolygon", "coordinates": [ [ [ [ 79.873019112442137, 6.845018682965872 ], [ 79.872798015915748, 6.845091881485189 ], [ 79.872724850671375, 6.845114231436696 ], [ 79.872605895545689, 6.845150568543943 ], [ 79.872602483517881, 6.845151755649056 ], [ 79.872609044239923, 6.845171551338445 ], [ 79.872726269491565, 6.845123706511073 ], [ 79.872851974825153, 6.845077024743874 ], [ 79.872982571960677, 6.845032970573154 ], [ 79.873020091051501, 6.845020469968868 ], [ 79.873019112442137, 6.845018682965872 ] ] ] ] } }
]
}
