{"type":"FeatureCollection","features":[{"type":"Feature","properties":{},"geometry":{"type":"MultiPolygon","coordinates":[[[[79.872287,6.831081],[79.872192,6.831083],[79.872194,6.831161],[79.872276,6.831159],[79.872287,6.831081]]]]}},{"type":"Feature","properties":{},"geometry":{"type":"MultiPolygon","coordinates":[[[[79.870136,6.830489],[79.870207,6.830491],[79.870213,6.830334],[79.870142,6.830332],[79.870136,6.830489]]]]}},{"type":"Feature","properties":{},"geometry":{"type":"MultiPolygon","coordinates":[[[[79.868723,6.829951],[79.868707,6.830034],[79.868769,6.830046],[79.868785,6.829963],[79.868723,6.829951]]]]}},{"type":"Feature","properties":{},"geometry":{"type":"MultiPolygon","coordinates":[[[[79.870097,6.830818],[79.870094,6.830938],[79.870178,6.83094],[79.870181,6.83082],[79.870097,6.830818]]]]}},{"type":"Feature","properties":{},"geometry":{"type":"MultiPolygon","coordinates":[[[[79.868519,6.829297],[79.868439,6.82928],[79.868403,6.829448],[79.868483,6.829465],[79.868519,6.829297]]]]}},{"type":"Feature","properties":{},"geometry":{"type":"MultiPolygon","coordinates":[[[[79.86921,6.826183],[79.869174,6.826172],[79.869169,6.826215],[79.869237,6.826223],[79.86924,6.8262],[79.869268,6.826203],[79.86921,6.826183]]]]}},{"type":"Feature","properties":{},"geometry":{"type":"MultiPolygon","coordinates":[[[[79.867664,6.828812],[79.86761,6.828813],[79.867612,6.828885],[79.867666,6.828884],[79.867664,6.828812]]]]}},{"type":"Feature","properties":{},"geometry":{"type":"MultiPolygon","coordinates":[[[[79.868224,6.832811],[79.868358,6.83283],[79.868375,6.83271],[79.868241,6.832691],[79.868224,6.832811]]]]}},{"type":"Feature","properties":{},"geometry":{"type":"MultiPolygon","coordinates":[[[[79.868472,6.832928],[79.868317,6.832924],[79.868314,6.833022],[79.868338,6.833023],[79.868336,6.83309],[79.868435,6.833093],[79.868437,6.833029],[79.868469,6.83303],[79.868472,6.832928]]]]}},{"type":"Feature","properties":{},"geometry":{"type":"MultiPolygon","coordinates":[[[[79.871295,6.827605],[79.871281,6.827589],[79.871284,6.827675],[79.871349,6.827673],[79.871295,6.827605]]]]}},{"type":"Feature","properties":{},"geometry":{"type":"MultiPolygon","coordinates":[[[[79.868474,6.834122],[79.868541,6.834126],[79.868544,6.834065],[79.868477,6.834061],[79.868474,6.834122]]]]}},{"type":"Feature","properties":{},"geometry":{"type":"MultiPolygon","coordinates":[[[[79.868293,6.83102],[79.868264,6.831075],[79.868327,6.831109],[79.868357,6.831054],[79.868293,6.83102]]]]}},{"type":"Feature","properties":{},"geometry":{"type":"MultiPolygon","coordinates":[[[[79.867793,6.826872],[79.867802,6.826819],[79.867699,6.826802],[79.86769,6.826856],[79.867793,6.826872]]]]}},{"type":"Feature","properties":{},"geometry":{"type":"MultiPolygon","coordinates":[[[[79.867561,6.831757],[79.867564,6.831853],[79.867778,6.831847],[79.867776,6.831751],[79.867561,6.831757]]]]}},{"type":"Feature","properties":{},"geometry":{"type":"MultiPolygon","coordinates":[[[[79.868921,6.834733],[79.868996,6.834736],[79.868998,6.83469],[79.868923,6.834688],[79.868921,6.834733]]]]}},{"type":"Feature","properties":{},"geometry":{"type":"MultiPolygon","coordinates":[[[[79.870209,6.830607],[79.870208,6.830676],[79.870311,6.830678],[79.870312,6.830608],[79.870209,6.830607]]]]}},{"type":"Feature","properties":{},"geometry":{"type":"MultiPolygon","coordinates":[[[[79.867199,6.831566],[79.867414,6.831573],[79.86742,6.831392],[79.867346,6.83139],[79.867343,6.831483],[79.867201,6.831478],[79.867199,6.831566]]]]}},{"type":"Feature","properties":{},"geometry":{"type":"MultiPolygon","coordinates":[[[[79.868494,6.830323],[79.868522,6.830248],[79.868323,6.830176],[79.868295,6.83025],[79.868302,6.830253],[79.868282,6.830308],[79.868323,6.830322],[79.868342,6.830268],[79.868494,6.830323]]]]}},{"type":"Feature","properties":{},"geometry":{"type":"MultiPolygon","coordinates":[[[[79.86928,6.833268],[79.869226,6.833438],[79.869327,6.833469],[79.869381,6.833299],[79.86928,6.833268]]]]}},{"type":"Feature","properties":{},"geometry":{"type":"MultiPolygon","coordinates":[[[[79.865272,6.827757],[79.86527,6.827813],[79.865413,6.82782],[79.86542,6.827662],[79.865277,6.827655],[79.865272,6.827757]]]]}},{"type":"Feature","properties":{},"geometry":{"type":"MultiPolygon","coordinates":[[[[79.868297,6.828525],[79.868396,6.828543],[79.868403,6.828505],[79.868464,6.828516],[79.868495,6.828343],[79.868376,6.828321],[79.868372,6.828343],[79.868268,6.828324],[79.868246,6.828447],[79.86831,6.828458],[79.868297,6.828525]]]]}},{"type":"Feature","properties":{},"geometry":{"type":"MultiPolygon","coordinates":[[[[79.867007,6.832156],[79.867087,6.832159],[79.867091,6.832054],[79.867011,6.832051],[79.867007,6.832156]]]]}},{"type":"Feature","properties":{},"geometry":{"type":"MultiPolygon","coordinates":[[[[79.867745,6.826023],[79.867602,6.826017],[79.867599,6.826088],[79.867742,6.826094],[79.867745,6.826023]]]]}},{"type":"Feature","properties":{},"geometry":{"type":"MultiPolygon","coordinates":[[[[79.867216,6.827122],[79.867211,6.827303],[79.867316,6.827306],[79.867321,6.827125],[79.867216,6.827122]]]]}},{"type":"Feature","properties":{},"geometry":{"type":"MultiPolygon","coordinates":[[[[79.869398,6.832605],[79.869389,6.832678],[79.869433,6.832683],[79.869442,6.83261],[79.869398,6.832605]]]]}},{"type":"Feature","properties":{},"geometry":{"type":"MultiPolygon","coordinates":[[[[79.868259,6.828711],[79.868373,6.828731],[79.868392,6.828625],[79.86832,6.828612],[79.868308,6.828674],[79.868267,6.828667],[79.868259,6.828711]]]]}},{"type":"Feature","properties":{},"geometry":{"type":"MultiPolygon","coordinates":[[[[79.868238,6.828655],[79.867952,6.828616],[79.867965,6.828523],[79.867873,6.82851],[79.867853,6.828651],[79.868231,6.828703],[79.868238,6.828655]]]]}},{"type":"Feature","properties":{},"geometry":{"type":"MultiPolygon","coordinates":[[[[79.867205,6.826388],[79.867201,6.826472],[79.867386,6.82648],[79.86739,6.826396],[79.867205,6.826388]]]]}},{"type":"Feature","properties":{},"geometry":{"type":"MultiPolygon","coordinates":[[[[79.86817,6.829848],[79.868259,6.829868],[79.868275,6.8298],[79.868186,6.829779],[79.86817,6.829848]]]]}},{"type":"Feature","properties":{},"geometry":{"type":"MultiPolygon","coordinates":[[[[79.866824,6.828636],[79.866741,6.82864],[79.866745,6.828704],[79.866827,6.8287],[79.866824,6.828636]]]]}},{"type":"Feature","properties":{},"geometry":{"type":"MultiPolygon","coordinates":[[[[79.867813,6.825959],[79.867775,6.82596],[79.867774,6.825983],[79.867928,6.825989],[79.867929,6.825961],[79.867813,6.825959]]]]}},{"type":"Feature","properties":{},"geometry":{"type":"MultiPolygon","coordinates":[[[[79.863653,6.831571],[79.863651,6.831462],[79.863645,6.831462],[79.863643,6.83135],[79.863536,6.831353],[79.863537,6.831417],[79.86343,6.831419],[79.863434,6.831576],[79.863653,6.831571]]]]}},{"type":"Feature","properties":{},"geometry":{"type":"MultiPolygon","coordinates":[[[[79.864933,6.830789],[79.865065,6.830739],[79.86502,6.830623],[79.864787,6.830712],[79.864801,6.830749],[79.864758,6.830765],[79.864788,6.830843],[79.864864,6.830814],[79.864883,6.830864],[79.864952,6.830838],[79.864933,6.830789]]]]}},{"type":"Feature","properties":{},"geometry":{"type":"MultiPolygon","coordinates":[[[[79.867886,6.831401],[79.867888,6.831328],[79.86769,6.831323],[79.867688,6.831396],[79.867886,6.831401]]]]}},{"type":"Feature","properties":{},"geometry":{"type":"MultiPolygon","coordinates":[[[[79.863282,6.830424],[79.863474,6.830427],[79.863476,6.830337],[79.863283,6.830333],[79.863282,6.830424]]]]}},{"type":"Feature","properties":{},"geometry":{"type":"MultiPolygon","coordinates":[[[[79.868101,6.834111],[79.868227,6.834109],[79.868225,6.834024],[79.868099,6.834026],[79.868101,6.834111]]]]}},{"type":"Feature","properties":{},"geometry":{"type":"MultiPolygon","coordinates":[[[[79.869502,6.833511],[79.869366,6.833505],[79.869362,6.833587],[79.869499,6.833593],[79.869502,6.833511]]]]}},{"type":"Feature","properties":{},"geometry":{"type":"MultiPolygon","coordinates":[[[[79.86691,6.827161],[79.866714,6.827165],[79.866715,6.827234],[79.866911,6.82723],[79.86691,6.827161]]]]}},{"type":"Feature","properties":{},"geometry":{"type":"MultiPolygon","coordinates":[[[[79.868174,6.834715],[79.868164,6.834513],[79.868073,6.834517],[79.868083,6.834719],[79.868174,6.834715]]]]}},{"type":"Feature","properties":{},"geometry":{"type":"MultiPolygon","coordinates":[[[[79.866214,6.828631],[79.86608,6.828604],[79.86606,6.828703],[79.866194,6.828729],[79.866214,6.828631]]]]}},{"type":"Feature","properties":{},"geometry":{"type":"MultiPolygon","coordinates":[[[[79.865415,6.828088],[79.865562,6.828097],[79.86558,6.827781],[79.865546,6.827779],[79.865556,6.827608],[79.865443,6.827601],[79.865415,6.828088]]]]}},{"type":"Feature","properties":{},"geometry":{"type":"MultiPolygon","coordinates":[[[[79.870044,6.830802],[79.870188,6.83081],[79.870195,6.830691],[79.870096,6.830685],[79.870091,6.83077],[79.870005,6.830765],[79.87,6.830855],[79.870041,6.830858],[79.870044,6.830802]]]]}},{"type":"Feature","properties":{},"geometry":{"type":"MultiPolygon","coordinates":[[[[79.871237,6.828992],[79.87134,6.829003],[79.871346,6.828951],[79.871242,6.82894],[79.871237,6.828992]]]]}},{"type":"Feature","properties":{},"geometry":{"type":"MultiPolygon","coordinates":[[[[79.868332,6.834801],[79.868334,6.834734],[79.868239,6.834732],[79.868237,6.834799],[79.868332,6.834801]]]]}},{"type":"Feature","properties":{},"geometry":{"type":"MultiPolygon","coordinates":[[[[79.86562,6.831889],[79.865618,6.83178],[79.865543,6.831781],[79.865544,6.831805],[79.865479,6.831806],[79.86548,6.831891],[79.86562,6.831889]]]]}},{"type":"Feature","properties":{},"geometry":{"type":"MultiPolygon","coordinates":[[[[79.86399,6.832082],[79.86404,6.83208],[79.864042,6.832106],[79.864127,6.832103],[79.864122,6.831966],[79.863985,6.831971],[79.86399,6.832082]]]]}},{"type":"Feature","properties":{},"geometry":{"type":"MultiPolygon","coordinates":[[[[79.868276,6.832113],[79.868273,6.832187],[79.86839,6.832192],[79.868394,6.832118],[79.868276,6.832113]]]]}},{"type":"Feature","properties":{},"geometry":{"type":"MultiPolygon","coordinates":[[[[79.867511,6.829902],[79.8675,6.829901],[79.867493,6.829948],[79.867575,6.82996],[79.86759,6.829856],[79.867519,6.829845],[79.867511,6.829902]]]]}},{"type":"Feature","properties":{},"geometry":{"type":"MultiPolygon","coordinates":[[[[79.868463,6.831748],[79.868471,6.831932],[79.868544,6.831928],[79.868536,6.831745],[79.868463,6.831748]]]]}},{"type":"Feature","properties":{},"geometry":{"type":"MultiPolygon","coordinates":[[[[79.870759,6.830732],[79.870933,6.83077],[79.870962,6.83064],[79.870788,6.830602],[79.870759,6.830732]]]]}},{"type":"Feature","properties":{},"geometry":{"type":"MultiPolygon","coordinates":[[[[79.871541,6.833029],[79.871562,6.832996],[79.871534,6.832972],[79.871504,6.833007],[79.871536,6.833035],[79.871541,6.833029]]]]}},{"type":"Feature","properties":{},"geometry":{"type":"MultiPolygon","coordinates":[[[[79.868743,6.828722],[79.868595,6.828696],[79.868576,6.828798],[79.868724,6.828824],[79.868743,6.828722]]]]}},{"type":"Feature","properties":{},"geometry":{"type":"MultiPolygon","coordinates":[[[[79.87068,6.832483],[79.870646,6.83254],[79.870707,6.832576],[79.870741,6.832519],[79.87068,6.832483]]]]}},{"type":"Feature","properties":{},"geometry":{"type":"MultiPolygon","coordinates":[[[[79.869888,6.827481],[79.869885,6.827431],[79.869769,6.827437],[79.869777,6.827596],[79.869872,6.827591],[79.869867,6.827483],[79.869888,6.827481]]]]}},{"type":"Feature","properties":{},"geometry":{"type":"MultiPolygon","coordinates":[[[[79.866964,6.827587],[79.866962,6.827651],[79.867046,6.827654],[79.867048,6.82759],[79.866964,6.827587]]]]}},{"type":"Feature","properties":{},"geometry":{"type":"MultiPolygon","coordinates":[[[[79.869074,6.826698],[79.869127,6.82672],[79.869171,6.826613],[79.869118,6.826591],[79.869074,6.826698]]]]}},{"type":"Feature","properties":{},"geometry":{"type":"MultiPolygon","coordinates":[[[[79.866315,6.830462],[79.866247,6.830613],[79.866312,6.830641],[79.866287,6.830697],[79.866354,6.830726],[79.866446,6.83052],[79.866315,6.830462]]]]}},{"type":"Feature","properties":{},"geometry":{"type":"MultiPolygon","coordinates":[[[[79.868934,6.834414],[79.868935,6.834442],[79.869002,6.83444],[79.869001,6.834412],[79.868934,6.834414]]]]}},{"type":"Feature","properties":{},"geometry":{"type":"MultiPolygon","coordinates":[[[[79.865997,6.827803],[79.865845,6.827806],[79.865847,6.827915],[79.865999,6.827912],[79.865997,6.827803]]]]}},{"type":"Feature","properties":{},"geometry":{"type":"MultiPolygon","coordinates":[[[[79.868186,6.828232],[79.868308,6.828245],[79.868318,6.828143],[79.868196,6.828131],[79.868186,6.828232]]]]}},{"type":"Feature","properties":{},"geometry":{"type":"MultiPolygon","coordinates":[[[[79.869795,6.827072],[79.869905,6.827067],[79.8699,6.826945],[79.86979,6.826949],[79.869795,6.827072]]]]}},{"type":"Feature","properties":{},"geometry":{"type":"MultiPolygon","coordinates":[[[[79.868545,6.827522],[79.8685,6.82768],[79.868713,6.82774],[79.868758,6.827582],[79.868545,6.827522]]]]}},{"type":"Feature","properties":{},"geometry":{"type":"MultiPolygon","coordinates":[[[[79.865722,6.83062],[79.865826,6.830629],[79.865823,6.830663],[79.865863,6.830667],[79.865867,6.830622],[79.865877,6.830623],[79.865892,6.830462],[79.865737,6.830448],[79.865722,6.83062]]]]}},{"type":"Feature","properties":{},"geometry":{"type":"MultiPolygon","coordinates":[[[[79.868462,6.833946],[79.868463,6.833906],[79.868404,6.833904],[79.868403,6.833944],[79.868371,6.833943],[79.868368,6.834017],[79.868408,6.834019],[79.868411,6.833944],[79.868462,6.833946]]]]}},{"type":"Feature","properties":{},"geometry":{"type":"MultiPolygon","coordinates":[[[[79.87126,6.829569],[79.871433,6.829566],[79.871432,6.829503],[79.871258,6.829506],[79.87126,6.829569]]]]}},{"type":"Feature","properties":{},"geometry":{"type":"MultiPolygon","coordinates":[[[[79.870793,6.833242],[79.870785,6.833318],[79.870864,6.833327],[79.870873,6.833251],[79.870793,6.833242]]]]}},{"type":"Feature","properties":{},"geometry":{"type":"MultiPolygon","coordinates":[[[[79.870452,6.82934],[79.870548,6.829349],[79.870566,6.829159],[79.87047,6.82915],[79.870452,6.82934]]]]}},{"type":"Feature","properties":{},"geometry":{"type":"MultiPolygon","coordinates":[[[[79.864068,6.831377],[79.864026,6.831376],[79.864023,6.831464],[79.864066,6.831465],[79.864068,6.831377]]]]}},{"type":"Feature","properties":{},"geometry":{"type":"MultiPolygon","coordinates":[[[[79.866494,6.830147],[79.866486,6.830193],[79.866561,6.830206],[79.866569,6.83016],[79.866494,6.830147]]]]}},{"type":"Feature","properties":{},"geometry":{"type":"MultiPolygon","coordinates":[[[[79.866903,6.828933],[79.867151,6.828945],[79.867158,6.828821],[79.86691,6.828808],[79.866903,6.828933]]]]}},{"type":"Feature","properties":{},"geometry":{"type":"MultiPolygon","coordinates":[[[[79.869351,6.826858],[79.869346,6.826903],[79.86951,6.826921],[79.869515,6.826876],[79.869351,6.826858]]]]}},{"type":"Feature","properties":{},"geometry":{"type":"MultiPolygon","coordinates":[[[[79.869232,6.833805],[79.86923,6.833862],[79.869337,6.833866],[79.869339,6.83381],[79.869232,6.833805]]]]}},{"type":"Feature","properties":{},"geometry":{"type":"MultiPolygon","coordinates":[[[[79.866075,6.827932],[79.865948,6.827935],[79.865952,6.828122],[79.866079,6.82812],[79.866075,6.827932]]]]}},{"type":"Feature","properties":{},"geometry":{"type":"MultiPolygon","coordinates":[[[[79.866625,6.827141],[79.866627,6.827225],[79.866675,6.827224],[79.866673,6.82714],[79.866625,6.827141]]]]}},{"type":"Feature","properties":{},"geometry":{"type":"MultiPolygon","coordinates":[[[[79.870619,6.828622],[79.870615,6.828709],[79.870688,6.828712],[79.870691,6.828625],[79.870619,6.828622]]]]}},{"type":"Feature","properties":{},"geometry":{"type":"MultiPolygon","coordinates":[[[[79.867055,6.831292],[79.867001,6.831298],[79.867006,6.83134],[79.86706,6.831334],[79.867055,6.831292]]]]}},{"type":"Feature","properties":{},"geometry":{"type":"MultiPolygon","coordinates":[[[[79.870359,6.832685],[79.870236,6.832651],[79.870189,6.83282],[79.870312,6.832854],[79.870359,6.832685]]]]}},{"type":"Feature","properties":{},"geometry":{"type":"MultiPolygon","coordinates":[[[[79.866269,6.831409],[79.866131,6.831406],[79.866129,6.831505],[79.866266,6.831508],[79.866269,6.831409]]]]}},{"type":"Feature","properties":{},"geometry":{"type":"MultiPolygon","coordinates":[[[[79.869544,6.828579],[79.869541,6.828502],[79.869496,6.828504],[79.869499,6.828581],[79.869544,6.828579]]]]}},{"type":"Feature","properties":{},"geometry":{"type":"MultiPolygon","coordinates":[[[[79.866056,6.82663],[79.866059,6.826731],[79.866177,6.826728],[79.866174,6.826627],[79.866056,6.82663]]]]}},{"type":"Feature","properties":{},"geometry":{"type":"MultiPolygon","coordinates":[[[[79.872306,6.830922],[79.872252,6.830929],[79.872264,6.831023],[79.872295,6.83102],[79.872306,6.830922]]]]}},{"type":"Feature","properties":{},"geometry":{"type":"MultiPolygon","coordinates":[[[[79.86804,6.834986],[79.868134,6.834982],[79.86813,6.834882],[79.868036,6.834886],[79.86804,6.834986]]]]}},{"type":"Feature","properties":{},"geometry":{"type":"MultiPolygon","coordinates":[[[[79.864189,6.829629],[79.864119,6.829633],[79.86412,6.82965],[79.864013,6.829656],[79.864017,6.829723],[79.864194,6.829713],[79.864189,6.829629]]]]}},{"type":"Feature","properties":{},"geometry":{"type":"MultiPolygon","coordinates":[[[[79.86845,6.834955],[79.868451,6.834881],[79.868368,6.83488],[79.868366,6.834966],[79.86845,6.834955]]]]}},{"type":"Feature","properties":{},"geometry":{"type":"MultiPolygon","coordinates":[[[[79.871952,6.832284],[79.87197,6.832242],[79.871833,6.832324],[79.871878,6.832397],[79.871909,6.832378],[79.871952,6.832284]]]]}},{"type":"Feature","properties":{},"geometry":{"type":"MultiPolygon","coordinates":[[[[79.866373,6.830769],[79.866265,6.830755],[79.866255,6.830824],[79.866363,6.830839],[79.866373,6.830769]]]]}},{"type":"Feature","properties":{},"geometry":{"type":"MultiPolygon","coordinates":[[[[79.865888,6.830593],[79.865991,6.830638],[79.866032,6.830547],[79.865929,6.830502],[79.865888,6.830593]]]]}},{"type":"Feature","properties":{},"geometry":{"type":"MultiPolygon","coordinates":[[[[79.86564,6.833862],[79.865517,6.83387],[79.865528,6.834029],[79.865506,6.83403],[79.865497,6.833898],[79.865337,6.833908],[79.865344,6.834012],[79.86536,6.834011],[79.865365,6.834086],[79.865497,6.834077],[79.86551,6.834262],[79.865686,6.83425],[79.865682,6.834188],[79.86563,6.834191],[79.865627,6.834149],[79.865659,6.834147],[79.86564,6.833862]]]]}},{"type":"Feature","properties":{},"geometry":{"type":"MultiPolygon","coordinates":[[[[79.871692,6.830365],[79.871796,6.830393],[79.87181,6.830341],[79.871706,6.830314],[79.871692,6.830365]]]]}},{"type":"Feature","properties":{},"geometry":{"type":"MultiPolygon","coordinates":[[[[79.869445,6.834304],[79.869442,6.834163],[79.869317,6.834166],[79.86932,6.834307],[79.869445,6.834304]]]]}},{"type":"Feature","properties":{},"geometry":{"type":"MultiPolygon","coordinates":[[[[79.86633,6.829939],[79.866333,6.829844],[79.866172,6.82984],[79.86617,6.829935],[79.86633,6.829939]]]]}},{"type":"Feature","properties":{},"geometry":{"type":"MultiPolygon","coordinates":[[[[79.865425,6.831864],[79.865457,6.831863],[79.865456,6.831802],[79.865424,6.831803],[79.865425,6.831864]]]]}},{"type":"Feature","properties":{},"geometry":{"type":"MultiPolygon","coordinates":[[[[79.87047,6.826828],[79.870448,6.826812],[79.870404,6.826815],[79.870412,6.826958],[79.870553,6.826951],[79.87055,6.826888],[79.87047,6.826828]]]]}},{"type":"Feature","properties":{},"geometry":{"type":"MultiPolygon","coordinates":[[[[79.865271,6.830351],[79.865108,6.830355],[79.86511,6.830435],[79.865273,6.83043],[79.865271,6.830351]]]]}},{"type":"Feature","properties":{},"geometry":{"type":"MultiPolygon","coordinates":[[[[79.867598,6.82611],[79.867588,6.826228],[79.867688,6.826236],[79.867694,6.826165],[79.867659,6.826162],[79.867663,6.826115],[79.867598,6.82611]]]]}},{"type":"Feature","properties":{},"geometry":{"type":"MultiPolygon","coordinates":[[[[79.864308,6.832196],[79.864307,6.832334],[79.864393,6.832335],[79.864394,6.832196],[79.864308,6.832196]]]]}},{"type":"Feature","properties":{},"geometry":{"type":"MultiPolygon","coordinates":[[[[79.867911,6.834277],[79.868029,6.834275],[79.868028,6.834155],[79.86791,6.834156],[79.867911,6.834277]]]]}},{"type":"Feature","properties":{},"geometry":{"type":"MultiPolygon","coordinates":[[[[79.865914,6.827192],[79.865818,6.827195],[79.86582,6.827272],[79.865917,6.827269],[79.865914,6.827192]]]]}},{"type":"Feature","properties":{},"geometry":{"type":"MultiPolygon","coordinates":[[[[79.868113,6.827558],[79.868095,6.827655],[79.868356,6.827702],[79.868374,6.827605],[79.868113,6.827558]]]]}},{"type":"Feature","properties":{},"geometry":{"type":"MultiPolygon","coordinates":[[[[79.863318,6.829905],[79.863311,6.829966],[79.863418,6.829963],[79.863415,6.829835],[79.863327,6.829838],[79.863318,6.829905]]]]}},{"type":"Feature","properties":{},"geometry":{"type":"MultiPolygon","coordinates":[[[[79.868824,6.828118],[79.86877,6.828254],[79.868905,6.828307],[79.868919,6.828271],[79.868897,6.828263],[79.868937,6.828163],[79.868824,6.828118]]]]}},{"type":"Feature","properties":{},"geometry":{"type":"MultiPolygon","coordinates":[[[[79.866623,6.830033],[79.867005,6.830069],[79.867017,6.829947],[79.866759,6.829923],[79.866762,6.829888],[79.866707,6.829883],[79.866704,6.829915],[79.866634,6.829908],[79.866623,6.830033]]]]}},{"type":"Feature","properties":{},"geometry":{"type":"MultiPolygon","coordinates":[[[[79.866717,6.828547],[79.866718,6.828466],[79.866651,6.828465],[79.866652,6.828409],[79.866507,6.828407],[79.866506,6.828476],[79.866455,6.828475],[79.866453,6.828607],[79.866616,6.82861],[79.866616,6.828618],[79.866823,6.82862],[79.866824,6.828549],[79.866717,6.828547]]]]}},{"type":"Feature","properties":{},"geometry":{"type":"MultiPolygon","coordinates":[[[[79.866172,6.831135],[79.866128,6.831134],[79.866127,6.831153],[79.866171,6.831153],[79.866172,6.831135]]]]}},{"type":"Feature","properties":{},"geometry":{"type":"MultiPolygon","coordinates":[[[[79.870315,6.833863],[79.870412,6.833903],[79.870438,6.833842],[79.87034,6.833802],[79.870315,6.833863]]]]}},{"type":"Feature","properties":{},"geometry":{"type":"MultiPolygon","coordinates":[[[[79.868643,6.830997],[79.868638,6.831134],[79.868937,6.831144],[79.868941,6.831006],[79.868643,6.830997]]]]}},{"type":"Feature","properties":{},"geometry":{"type":"MultiPolygon","coordinates":[[[[79.870759,6.83032],[79.870883,6.830336],[79.870891,6.830273],[79.870767,6.830258],[79.870759,6.83032]]]]}},{"type":"Feature","properties":{},"geometry":{"type":"MultiPolygon","coordinates":[[[[79.866972,6.826641],[79.86697,6.826529],[79.866868,6.826532],[79.866869,6.826566],[79.866914,6.826565],[79.866916,6.826643],[79.866972,6.826641]]]]}},{"type":"Feature","properties":{},"geometry":{"type":"MultiPolygon","coordinates":[[[[79.864359,6.827869],[79.864357,6.827919],[79.864441,6.827922],[79.864443,6.827872],[79.864359,6.827869]]]]}},{"type":"Feature","properties":{},"geometry":{"type":"MultiPolygon","coordinates":[[[[79.868714,6.826395],[79.868582,6.826391],[79.868577,6.826551],[79.868709,6.826555],[79.868714,6.826395]]]]}},{"type":"Feature","properties":{},"geometry":{"type":"MultiPolygon","coordinates":[[[[79.870674,6.833636],[79.870653,6.833725],[79.870783,6.833754],[79.870803,6.833666],[79.870674,6.833636]]]]}},{"type":"Feature","properties":{},"geometry":{"type":"MultiPolygon","coordinates":[[[[79.864495,6.83119],[79.86449,6.831126],[79.864389,6.831133],[79.864393,6.831197],[79.864495,6.83119]]]]}},{"type":"Feature","properties":{},"geometry":{"type":"MultiPolygon","coordinates":[[[[79.87073,6.830752],[79.870733,6.830613],[79.870639,6.830612],[79.870636,6.83075],[79.87073,6.830752]]]]}},{"type":"Feature","properties":{},"geometry":{"type":"MultiPolygon","coordinates":[[[[79.869976,6.834446],[79.869977,6.834446],[79.869978,6.834418],[79.869858,6.834416],[79.869856,6.834509],[79.869976,6.834446]]]]}},{"type":"Feature","properties":{},"geometry":{"type":"MultiPolygon","coordinates":[[[[79.869238,6.829861],[79.869126,6.829842],[79.869101,6.82999],[79.869158,6.829999],[79.869163,6.82997],[79.869239,6.829983],[79.869243,6.829954],[79.869379,6.829977],[79.86939,6.829911],[79.869234,6.829884],[79.869238,6.829861]]]]}},{"type":"Feature","properties":{},"geometry":{"type":"MultiPolygon","coordinates":[[[[79.864753,6.827458],[79.864758,6.827336],[79.864662,6.827332],[79.864657,6.827454],[79.864753,6.827458]]]]}},{"type":"Feature","properties":{},"geometry":{"type":"MultiPolygon","coordinates":[[[[79.870881,6.828067],[79.870768,6.828069],[79.87077,6.828152],[79.870883,6.828149],[79.870881,6.828067]]]]}},{"type":"Feature","properties":{},"geometry":{"type":"MultiPolygon","coordinates":[[[[79.86661,6.83041],[79.866734,6.830429],[79.866741,6.830381],[79.866617,6.830362],[79.86661,6.83041]]]]}},{"type":"Feature","properties":{},"geometry":{"type":"MultiPolygon","coordinates":[[[[79.866285,6.832307],[79.866284,6.832204],[79.866187,6.832206],[79.866189,6.832308],[79.866285,6.832307]]]]}},{"type":"Feature","properties":{},"geometry":{"type":"MultiPolygon","coordinates":[[[[79.870816,6.831071],[79.870864,6.83108],[79.870877,6.831008],[79.870829,6.830999],[79.870816,6.831071]]]]}},{"type":"Feature","properties":{},"geometry":{"type":"MultiPolygon","coordinates":[[[[79.869571,6.834421],[79.869568,6.834357],[79.869535,6.834358],[79.869532,6.834277],[79.869444,6.83428],[79.869451,6.834426],[79.869571,6.834421]]]]}},{"type":"Feature","properties":{},"geometry":{"type":"MultiPolygon","coordinates":[[[[79.86589,6.832751],[79.865896,6.832571],[79.865752,6.832567],[79.865747,6.832747],[79.86589,6.832751]]]]}},{"type":"Feature","properties":{},"geometry":{"type":"MultiPolygon","coordinates":[[[[79.864054,6.830008],[79.864066,6.830076],[79.864198,6.830054],[79.864186,6.829985],[79.864054,6.830008]]]]}},{"type":"Feature","properties":{},"geometry":{"type":"MultiPolygon","coordinates":[[[[79.869778,6.827101],[79.869776,6.827171],[79.869888,6.827174],[79.86989,6.827139],[79.869927,6.827141],[79.869928,6.827106],[79.869778,6.827101]]]]}},{"type":"Feature","properties":{},"geometry":{"type":"MultiPolygon","coordinates":[[[[79.870271,6.82918],[79.87026,6.829269],[79.8704,6.829286],[79.870411,6.829197],[79.870271,6.82918]]]]}},{"type":"Feature","properties":{},"geometry":{"type":"MultiPolygon","coordinates":[[[[79.868815,6.827339],[79.868577,6.827283],[79.868548,6.827403],[79.868787,6.827459],[79.868815,6.827339]]]]}},{"type":"Feature","properties":{},"geometry":{"type":"MultiPolygon","coordinates":[[[[79.870913,6.828285],[79.870821,6.828264],[79.870807,6.828321],[79.870898,6.828343],[79.870913,6.828285]]]]}},{"type":"Feature","properties":{},"geometry":{"type":"MultiPolygon","coordinates":[[[[79.869003,6.830383],[79.869157,6.830398],[79.869167,6.830306],[79.868941,6.830283],[79.868938,6.830317],[79.869009,6.830325],[79.869003,6.830383]]]]}},{"type":"Feature","properties":{},"geometry":{"type":"MultiPolygon","coordinates":[[[[79.868607,6.828107],[79.868632,6.828043],[79.868578,6.828022],[79.868553,6.828087],[79.868607,6.828107]]]]}},{"type":"Feature","properties":{},"geometry":{"type":"MultiPolygon","coordinates":[[[[79.870717,6.83265],[79.87065,6.832744],[79.870757,6.83282],[79.870878,6.832652],[79.870761,6.83257],[79.870708,6.832644],[79.870717,6.83265]]]]}},{"type":"Feature","properties":{},"geometry":{"type":"MultiPolygon","coordinates":[[[[79.870594,6.828627],[79.870595,6.828491],[79.870502,6.82849],[79.8705,6.828626],[79.870594,6.828627]]]]}},{"type":"Feature","properties":{},"geometry":{"type":"MultiPolygon","coordinates":[[[[79.872056,6.830764],[79.872067,6.830831],[79.872165,6.830815],[79.872154,6.830748],[79.872056,6.830764]]]]}},{"type":"Feature","properties":{},"geometry":{"type":"MultiPolygon","coordinates":[[[[79.869222,6.833773],[79.869119,6.833769],[79.869115,6.833852],[79.869219,6.833856],[79.869222,6.833773]]]]}},{"type":"Feature","properties":{},"geometry":{"type":"MultiPolygon","coordinates":[[[[79.867084,6.831031],[79.867045,6.831038],[79.867068,6.83115],[79.867106,6.831142],[79.867084,6.831031]]]]}},{"type":"Feature","properties":{},"geometry":{"type":"MultiPolygon","coordinates":[[[[79.869979,6.831004],[79.870001,6.830811],[79.869825,6.830791],[79.869803,6.830984],[79.869979,6.831004]]]]}},{"type":"Feature","properties":{},"geometry":{"type":"MultiPolygon","coordinates":[[[[79.870881,6.832113],[79.870913,6.832025],[79.870861,6.832006],[79.87085,6.832037],[79.870772,6.832008],[79.870728,6.832128],[79.871041,6.832242],[79.871064,6.83218],[79.870881,6.832113]]]]}},{"type":"Feature","properties":{},"geometry":{"type":"MultiPolygon","coordinates":[[[[79.865626,6.832719],[79.865619,6.832758],[79.865653,6.832763],[79.86566,6.832725],[79.865626,6.832719]]]]}},{"type":"Feature","properties":{},"geometry":{"type":"MultiPolygon","coordinates":[[[[79.87061,6.826935],[79.87061,6.826962],[79.870645,6.826963],[79.87061,6.826935]]]]}},{"type":"Feature","properties":{},"geometry":{"type":"MultiPolygon","coordinates":[[[[79.871486,6.829011],[79.871599,6.829025],[79.87161,6.828941],[79.871496,6.828927],[79.871486,6.829011]]]]}},{"type":"Feature","properties":{},"geometry":{"type":"MultiPolygon","coordinates":[[[[79.871373,6.833258],[79.871435,6.833176],[79.871359,6.833095],[79.871223,6.83322],[79.87132,6.833324],[79.871373,6.833258]]]]}},{"type":"Feature","properties":{},"geometry":{"type":"MultiPolygon","coordinates":[[[[79.866716,6.827116],[79.866659,6.8271],[79.866651,6.827128],[79.866708,6.827144],[79.866716,6.827116]]]]}},{"type":"Feature","properties":{},"geometry":{"type":"MultiPolygon","coordinates":[[[[79.867754,6.826727],[79.867628,6.826727],[79.867628,6.826728],[79.86758,6.826728],[79.86758,6.826839],[79.86769,6.826839],[79.86769,6.826807],[79.86773,6.826807],[79.86773,6.826778],[79.867803,6.826778],[79.867803,6.826698],[79.867754,6.826698],[79.867754,6.826727]]]]}},{"type":"Feature","properties":{},"geometry":{"type":"MultiPolygon","coordinates":[[[[79.864313,6.829907],[79.864319,6.830066],[79.86447,6.83006],[79.864467,6.829962],[79.86437,6.829965],[79.864368,6.829905],[79.864313,6.829907]]]]}},{"type":"Feature","properties":{},"geometry":{"type":"MultiPolygon","coordinates":[[[[79.865453,6.827044],[79.865527,6.827052],[79.865531,6.827013],[79.865457,6.827005],[79.865453,6.827044]]]]}},{"type":"Feature","properties":{},"geometry":{"type":"MultiPolygon","coordinates":[[[[79.8695,6.833115],[79.86949,6.833242],[79.8696,6.83325],[79.86961,6.833123],[79.8695,6.833115]]]]}},{"type":"Feature","properties":{},"geometry":{"type":"MultiPolygon","coordinates":[[[[79.868291,6.830493],[79.868352,6.830513],[79.868378,6.830431],[79.868317,6.830411],[79.868291,6.830493]]]]}},{"type":"Feature","properties":{},"geometry":{"type":"MultiPolygon","coordinates":[[[[79.863856,6.831469],[79.863857,6.831506],[79.863896,6.831505],[79.863886,6.831257],[79.863729,6.831264],[79.863738,6.831474],[79.863856,6.831469]]]]}},{"type":"Feature","properties":{},"geometry":{"type":"MultiPolygon","coordinates":[[[[79.869053,6.831648],[79.869054,6.831717],[79.869239,6.831713],[79.869238,6.831644],[79.869053,6.831648]]]]}},{"type":"Feature","properties":{},"geometry":{"type":"MultiPolygon","coordinates":[[[[79.871079,6.832832],[79.870927,6.83277],[79.87092,6.832786],[79.870884,6.832771],[79.870851,6.832851],[79.870815,6.832836],[79.870788,6.8329],[79.871013,6.832992],[79.871079,6.832832]]]]}},{"type":"Feature","properties":{},"geometry":{"type":"MultiPolygon","coordinates":[[[[79.869093,6.8343],[79.869208,6.834305],[79.869213,6.834178],[79.869098,6.834173],[79.869093,6.8343]]]]}},{"type":"Feature","properties":{},"geometry":{"type":"MultiPolygon","coordinates":[[[[79.864058,6.833014],[79.86414,6.833131],[79.864225,6.833245],[79.864237,6.833259],[79.864261,6.833028],[79.864053,6.833007],[79.864058,6.833014]]]]}},{"type":"Feature","properties":{},"geometry":{"type":"MultiPolygon","coordinates":[[[[79.863453,6.831129],[79.863449,6.831269],[79.863533,6.831271],[79.863531,6.831318],[79.863639,6.83132],[79.863643,6.831134],[79.863453,6.831129]]]]}},{"type":"Feature","properties":{},"geometry":{"type":"MultiPolygon","coordinates":[[[[79.867896,6.833714],[79.867955,6.833711],[79.867954,6.833675],[79.868036,6.833671],[79.868032,6.833577],[79.86789,6.833583],[79.867896,6.833714]]]]}},{"type":"Feature","properties":{},"geometry":{"type":"MultiPolygon","coordinates":[[[[79.869615,6.828704],[79.869612,6.828794],[79.86973,6.828798],[79.869733,6.828708],[79.869615,6.828704]]]]}},{"type":"Feature","properties":{},"geometry":{"type":"MultiPolygon","coordinates":[[[[79.868071,6.83435],[79.868073,6.834415],[79.868121,6.834414],[79.868123,6.834484],[79.868212,6.834482],[79.868208,6.834346],[79.868071,6.83435]]]]}},{"type":"Feature","properties":{},"geometry":{"type":"MultiPolygon","coordinates":[[[[79.867198,6.831474],[79.867155,6.831473],[79.867152,6.831561],[79.867195,6.831562],[79.867198,6.831474]]]]}},{"type":"Feature","properties":{},"geometry":{"type":"MultiPolygon","coordinates":[[[[79.868611,6.830916],[79.868489,6.830913],[79.868485,6.83108],[79.868607,6.831083],[79.868611,6.830916]]]]}},{"type":"Feature","properties":{},"geometry":{"type":"MultiPolygon","coordinates":[[[[79.867644,6.829511],[79.867591,6.829651],[79.867679,6.829683],[79.867749,6.829495],[79.867694,6.829474],[79.867676,6.829523],[79.867644,6.829511]]]]}},{"type":"Feature","properties":{},"geometry":{"type":"MultiPolygon","coordinates":[[[[79.864749,6.830502],[79.864754,6.830629],[79.864831,6.830626],[79.864826,6.830499],[79.864749,6.830502]]]]}},{"type":"Feature","properties":{},"geometry":{"type":"MultiPolygon","coordinates":[[[[79.868127,6.83076],[79.868099,6.830884],[79.868368,6.830942],[79.868384,6.830869],[79.868313,6.830853],[79.868324,6.830803],[79.868127,6.83076]]]]}},{"type":"Feature","properties":{},"geometry":{"type":"MultiPolygon","coordinates":[[[[79.866374,6.828799],[79.866385,6.828734],[79.866431,6.828741],[79.866413,6.828853],[79.866485,6.828864],[79.866517,6.828657],[79.866435,6.828645],[79.866438,6.828624],[79.866337,6.828608],[79.866309,6.828789],[79.866374,6.828799]]]]}},{"type":"Feature","properties":{},"geometry":{"type":"MultiPolygon","coordinates":[[[[79.867054,6.834255],[79.866805,6.834265],[79.866807,6.83433],[79.867056,6.83432],[79.867054,6.834255]]]]}},{"type":"Feature","properties":{},"geometry":{"type":"MultiPolygon","coordinates":[[[[79.869808,6.827961],[79.869929,6.827958],[79.869925,6.827823],[79.869804,6.827826],[79.869808,6.827961]]]]}},{"type":"Feature","properties":{},"geometry":{"type":"MultiPolygon","coordinates":[[[[79.867938,6.834999],[79.868022,6.834996],[79.868025,6.834903],[79.867875,6.834898],[79.867872,6.835],[79.867938,6.834999]]]]}},{"type":"Feature","properties":{},"geometry":{"type":"MultiPolygon","coordinates":[[[[79.869805,6.827696],[79.869808,6.82779],[79.869907,6.827786],[79.869904,6.827693],[79.869805,6.827696]]]]}},{"type":"Feature","properties":{},"geometry":{"type":"MultiPolygon","coordinates":[[[[79.866597,6.830095],[79.866709,6.830112],[79.866717,6.830057],[79.866605,6.830041],[79.866597,6.830095]]]]}},{"type":"Feature","properties":{},"geometry":{"type":"MultiPolygon","coordinates":[[[[79.86548,6.827525],[79.865574,6.827528],[79.865578,6.827381],[79.865484,6.827379],[79.86548,6.827525]]]]}},{"type":"Feature","properties":{},"geometry":{"type":"MultiPolygon","coordinates":[[[[79.86829,6.827386],[79.868181,6.827374],[79.868167,6.827502],[79.868275,6.827514],[79.86829,6.827386]]]]}},{"type":"Feature","properties":{},"geometry":{"type":"MultiPolygon","coordinates":[[[[79.86497,6.831556],[79.865045,6.831557],[79.865046,6.831488],[79.864971,6.831487],[79.86497,6.831556]]]]}},{"type":"Feature","properties":{},"geometry":{"type":"MultiPolygon","coordinates":[[[[79.867651,6.828799],[79.867646,6.828691],[79.8676,6.828693],[79.867606,6.828801],[79.867651,6.828799]]]]}},{"type":"Feature","properties":{},"geometry":{"type":"MultiPolygon","coordinates":[[[[79.870468,6.832198],[79.870443,6.832234],[79.870504,6.832275],[79.870529,6.832238],[79.870468,6.832198]]]]}},{"type":"Feature","properties":{},"geometry":{"type":"MultiPolygon","coordinates":[[[[79.865616,6.830393],[79.865622,6.830249],[79.86551,6.830244],[79.865503,6.830388],[79.865616,6.830393]]]]}},{"type":"Feature","properties":{},"geometry":{"type":"MultiPolygon","coordinates":[[[[79.871046,6.831745],[79.87106,6.831589],[79.870968,6.831581],[79.870954,6.831737],[79.871046,6.831745]]]]}},{"type":"Feature","properties":{},"geometry":{"type":"MultiPolygon","coordinates":[[[[79.87057,6.831761],[79.870482,6.831757],[79.870476,6.831896],[79.870564,6.8319],[79.87057,6.831761]]]]}},{"type":"Feature","properties":{},"geometry":{"type":"MultiPolygon","coordinates":[[[[79.87224,6.830342],[79.872117,6.830338],[79.872115,6.830413],[79.872238,6.830416],[79.87224,6.830342]]]]}},{"type":"Feature","properties":{},"geometry":{"type":"MultiPolygon","coordinates":[[[[79.869527,6.83171],[79.869426,6.831714],[79.86943,6.831797],[79.86953,6.831793],[79.869527,6.83171]]]]}},{"type":"Feature","properties":{},"geometry":{"type":"MultiPolygon","coordinates":[[[[79.866117,6.827548],[79.866123,6.827422],[79.866051,6.827418],[79.866045,6.827545],[79.866117,6.827548]]]]}},{"type":"Feature","properties":{},"geometry":{"type":"MultiPolygon","coordinates":[[[[79.867417,6.833607],[79.867419,6.83372],[79.867497,6.833719],[79.867495,6.833605],[79.867417,6.833607]]]]}},{"type":"Feature","properties":{},"geometry":{"type":"MultiPolygon","coordinates":[[[[79.868219,6.834146],[79.868215,6.834284],[79.868328,6.834287],[79.868332,6.83415],[79.868219,6.834146]]]]}},{"type":"Feature","properties":{},"geometry":{"type":"MultiPolygon","coordinates":[[[[79.870709,6.829012],[79.870907,6.829017],[79.87091,6.828881],[79.870712,6.828876],[79.870709,6.829012]]]]}},{"type":"Feature","properties":{},"geometry":{"type":"MultiPolygon","coordinates":[[[[79.867214,6.826895],[79.867164,6.826894],[79.86716,6.827088],[79.86721,6.827089],[79.867214,6.826895]]]]}},{"type":"Feature","properties":{},"geometry":{"type":"MultiPolygon","coordinates":[[[[79.866857,6.83146],[79.866875,6.831544],[79.866997,6.831519],[79.866979,6.831435],[79.866857,6.83146]]]]}},{"type":"Feature","properties":{},"geometry":{"type":"MultiPolygon","coordinates":[[[[79.870292,6.826884],[79.870285,6.826759],[79.870213,6.826763],[79.87022,6.826888],[79.870292,6.826884]]]]}},{"type":"Feature","properties":{},"geometry":{"type":"MultiPolygon","coordinates":[[[[79.865183,6.831196],[79.86518,6.831277],[79.865303,6.831281],[79.865306,6.8312],[79.865183,6.831196]]]]}},{"type":"Feature","properties":{},"geometry":{"type":"MultiPolygon","coordinates":[[[[79.866281,6.831022],[79.866279,6.831155],[79.866365,6.831156],[79.866367,6.831023],[79.866281,6.831022]]]]}},{"type":"Feature","properties":{},"geometry":{"type":"MultiPolygon","coordinates":[[[[79.869142,6.82622],[79.86913,6.826294],[79.869236,6.82631],[79.869248,6.826236],[79.869142,6.82622]]]]}},{"type":"Feature","properties":{},"geometry":{"type":"MultiPolygon","coordinates":[[[[79.867222,6.82866],[79.867222,6.828681],[79.867273,6.828679],[79.867273,6.828658],[79.867222,6.82866]]]]}},{"type":"Feature","properties":{},"geometry":{"type":"MultiPolygon","coordinates":[[[[79.869722,6.828532],[79.86965,6.828534],[79.869655,6.828669],[79.869727,6.828667],[79.869722,6.828532]]]]}},{"type":"Feature","properties":{},"geometry":{"type":"MultiPolygon","coordinates":[[[[79.869654,6.832248],[79.869661,6.832127],[79.869553,6.83212],[79.869546,6.832242],[79.869654,6.832248]]]]}},{"type":"Feature","properties":{},"geometry":{"type":"MultiPolygon","coordinates":[[[[79.864094,6.827978],[79.864092,6.828074],[79.864167,6.828075],[79.864169,6.82798],[79.864094,6.827978]]]]}},{"type":"Feature","properties":{},"geometry":{"type":"MultiPolygon","coordinates":[[[[79.870427,6.830618],[79.87043,6.830748],[79.870529,6.830746],[79.870526,6.830616],[79.870427,6.830618]]]]}},{"type":"Feature","properties":{},"geometry":{"type":"MultiPolygon","coordinates":[[[[79.864493,6.832466],[79.86449,6.83258],[79.864584,6.832583],[79.864587,6.832468],[79.864493,6.832466]]]]}},{"type":"Feature","properties":{},"geometry":{"type":"MultiPolygon","coordinates":[[[[79.871133,6.829941],[79.871136,6.830053],[79.871237,6.830051],[79.871234,6.829939],[79.871133,6.829941]]]]}},{"type":"Feature","properties":{},"geometry":{"type":"MultiPolygon","coordinates":[[[[79.871225,6.830615],[79.871102,6.830604],[79.87109,6.830725],[79.871214,6.830736],[79.871225,6.830615]]]]}},{"type":"Feature","properties":{},"geometry":{"type":"MultiPolygon","coordinates":[[[[79.864905,6.832448],[79.864617,6.832434],[79.864612,6.832538],[79.864774,6.832546],[79.864769,6.832636],[79.864657,6.832631],[79.864652,6.832726],[79.86489,6.832738],[79.864905,6.832448]]]]}},{"type":"Feature","properties":{},"geometry":{"type":"MultiPolygon","coordinates":[[[[79.864965,6.83156],[79.864931,6.831899],[79.865179,6.831923],[79.865187,6.831841],[79.865057,6.831829],[79.865065,6.831745],[79.865042,6.831743],[79.865059,6.831569],[79.864965,6.83156]]]]}},{"type":"Feature","properties":{},"geometry":{"type":"MultiPolygon","coordinates":[[[[79.868117,6.834436],[79.868055,6.834438],[79.868057,6.834494],[79.868118,6.834492],[79.868117,6.834436]]]]}},{"type":"Feature","properties":{},"geometry":{"type":"MultiPolygon","coordinates":[[[[79.864563,6.829586],[79.864654,6.829621],[79.864713,6.829471],[79.864622,6.829436],[79.864563,6.829586]]]]}},{"type":"Feature","properties":{},"geometry":{"type":"MultiPolygon","coordinates":[[[[79.866036,6.82875],[79.866011,6.828833],[79.86616,6.828876],[79.866184,6.828792],[79.866036,6.82875]]]]}},{"type":"Feature","properties":{},"geometry":{"type":"MultiPolygon","coordinates":[[[[79.867924,6.832697],[79.867917,6.832516],[79.867775,6.832522],[79.86778,6.832644],[79.867763,6.832645],[79.867765,6.832703],[79.867924,6.832697]]]]}},{"type":"Feature","properties":{},"geometry":{"type":"MultiPolygon","coordinates":[[[[79.869318,6.827983],[79.86928,6.828128],[79.869339,6.828143],[79.869349,6.828106],[79.869425,6.828125],[79.869448,6.828035],[79.869401,6.828022],[79.869405,6.828006],[79.869318,6.827983]]]]}},{"type":"Feature","properties":{},"geometry":{"type":"MultiPolygon","coordinates":[[[[79.866848,6.826458],[79.866762,6.826455],[79.866757,6.826574],[79.866843,6.826578],[79.866848,6.826458]]]]}},{"type":"Feature","properties":{},"geometry":{"type":"MultiPolygon","coordinates":[[[[79.869149,6.827366],[79.869386,6.82744],[79.869438,6.827278],[79.869355,6.827252],[79.869344,6.827288],[79.869189,6.82724],[79.869149,6.827366]]]]}},{"type":"Feature","properties":{},"geometry":{"type":"MultiPolygon","coordinates":[[[[79.867127,6.826907],[79.867116,6.82698],[79.86715,6.826985],[79.86716,6.826912],[79.867127,6.826907]]]]}},{"type":"Feature","properties":{},"geometry":{"type":"MultiPolygon","coordinates":[[[[79.8633,6.830897],[79.863303,6.830921],[79.863316,6.830923],[79.86333,6.830788],[79.863292,6.830784],[79.8633,6.830897]]]]}},{"type":"Feature","properties":{},"geometry":{"type":"MultiPolygon","coordinates":[[[[79.866913,6.833696],[79.866915,6.8336],[79.866772,6.833597],[79.86677,6.833693],[79.866913,6.833696]]]]}},{"type":"Feature","properties":{},"geometry":{"type":"MultiPolygon","coordinates":[[[[79.864717,6.833474],[79.864758,6.833474],[79.864757,6.833391],[79.864715,6.833392],[79.864717,6.833474]]]]}},{"type":"Feature","properties":{},"geometry":{"type":"MultiPolygon","coordinates":[[[[79.867989,6.828989],[79.868217,6.829016],[79.868235,6.828869],[79.868006,6.828842],[79.867989,6.828989]]]]}},{"type":"Feature","properties":{},"geometry":{"type":"MultiPolygon","coordinates":[[[[79.869985,6.827788],[79.869991,6.827958],[79.870103,6.827954],[79.870098,6.827784],[79.869985,6.827788]]]]}},{"type":"Feature","properties":{},"geometry":{"type":"MultiPolygon","coordinates":[[[[79.869846,6.828456],[79.869844,6.828366],[79.869778,6.828368],[79.86978,6.828457],[79.869846,6.828456]]]]}},{"type":"Feature","properties":{},"geometry":{"type":"MultiPolygon","coordinates":[[[[79.867616,6.833327],[79.867614,6.833242],[79.867435,6.833247],[79.867437,6.833332],[79.867616,6.833327]]]]}},{"type":"Feature","properties":{},"geometry":{"type":"MultiPolygon","coordinates":[[[[79.864783,6.832871],[79.864787,6.832813],[79.864728,6.832809],[79.864724,6.832867],[79.864783,6.832871]]]]}},{"type":"Feature","properties":{},"geometry":{"type":"MultiPolygon","coordinates":[[[[79.86375,6.830165],[79.863838,6.830163],[79.863836,6.830036],[79.863748,6.830037],[79.86375,6.830165]]]]}},{"type":"Feature","properties":{},"geometry":{"type":"MultiPolygon","coordinates":[[[[79.866668,6.834685],[79.866549,6.834688],[79.866552,6.8348],[79.866671,6.834797],[79.866668,6.834685]]]]}},{"type":"Feature","properties":{},"geometry":{"type":"MultiPolygon","coordinates":[[[[79.867114,6.826912],[79.866999,6.826908],[79.866995,6.827015],[79.86711,6.827019],[79.867114,6.826912]]]]}},{"type":"Feature","properties":{},"geometry":{"type":"MultiPolygon","coordinates":[[[[79.871233,6.833428],[79.871252,6.833325],[79.871167,6.83331],[79.871147,6.833424],[79.871225,6.833437],[79.871233,6.833428]]]]}},{"type":"Feature","properties":{},"geometry":{"type":"MultiPolygon","coordinates":[[[[79.869534,6.830515],[79.869597,6.830525],[79.869609,6.830454],[79.869442,6.830426],[79.869425,6.830527],[79.869529,6.830545],[79.869534,6.830515]]]]}},{"type":"Feature","properties":{},"geometry":{"type":"MultiPolygon","coordinates":[[[[79.865994,6.831967],[79.865863,6.831962],[79.865859,6.832039],[79.86581,6.832037],[79.865806,6.832117],[79.865987,6.832124],[79.865994,6.831967]]]]}},{"type":"Feature","properties":{},"geometry":{"type":"MultiPolygon","coordinates":[[[[79.866371,6.82739],[79.866376,6.827496],[79.866501,6.82749],[79.866496,6.827384],[79.866371,6.82739]]]]}},{"type":"Feature","properties":{},"geometry":{"type":"MultiPolygon","coordinates":[[[[79.867108,6.82806],[79.867202,6.828067],[79.867209,6.827977],[79.867115,6.82797],[79.867108,6.82806]]]]}},{"type":"Feature","properties":{},"geometry":{"type":"MultiPolygon","coordinates":[[[[79.866706,6.828992],[79.866602,6.828966],[79.866586,6.829028],[79.866691,6.829054],[79.866706,6.828992]]]]}},{"type":"Feature","properties":{},"geometry":{"type":"MultiPolygon","coordinates":[[[[79.87067,6.829998],[79.870629,6.83011],[79.870754,6.830155],[79.870795,6.830043],[79.87067,6.829998]]]]}},{"type":"Feature","properties":{},"geometry":{"type":"MultiPolygon","coordinates":[[[[79.864722,6.829226],[79.864726,6.829327],[79.86483,6.829323],[79.864825,6.829222],[79.864722,6.829226]]]]}},{"type":"Feature","properties":{},"geometry":{"type":"MultiPolygon","coordinates":[[[[79.865695,6.831984],[79.865676,6.83211],[79.865764,6.832124],[79.865783,6.831997],[79.865695,6.831984]]]]}},{"type":"Feature","properties":{},"geometry":{"type":"MultiPolygon","coordinates":[[[[79.863911,6.831041],[79.863906,6.830815],[79.863804,6.830817],[79.863805,6.830881],[79.863703,6.830883],[79.863707,6.831046],[79.863911,6.831041]]]]}},{"type":"Feature","properties":{},"geometry":{"type":"MultiPolygon","coordinates":[[[[79.865308,6.830613],[79.865311,6.830715],[79.865426,6.830711],[79.865423,6.83061],[79.865308,6.830613]]]]}},{"type":"Feature","properties":{},"geometry":{"type":"MultiPolygon","coordinates":[[[[79.868811,6.833339],[79.868812,6.83331],[79.868898,6.833313],[79.8689,6.833233],[79.868608,6.833224],[79.868605,6.833315],[79.868718,6.833318],[79.868717,6.833337],[79.868811,6.833339]]]]}},{"type":"Feature","properties":{},"geometry":{"type":"MultiPolygon","coordinates":[[[[79.865434,6.833755],[79.865439,6.833579],[79.865313,6.833576],[79.865308,6.833751],[79.865434,6.833755]]]]}},{"type":"Feature","properties":{},"geometry":{"type":"MultiPolygon","coordinates":[[[[79.866402,6.828803],[79.86641,6.828747],[79.866388,6.828744],[79.86638,6.8288],[79.866402,6.828803]]]]}},{"type":"Feature","properties":{},"geometry":{"type":"MultiPolygon","coordinates":[[[[79.868916,6.83411],[79.868917,6.83406],[79.868692,6.834055],[79.868691,6.834122],[79.868868,6.834125],[79.868868,6.834109],[79.868916,6.83411]]]]}},{"type":"Feature","properties":{},"geometry":{"type":"MultiPolygon","coordinates":[[[[79.864812,6.833184],[79.864808,6.833274],[79.864855,6.833276],[79.864854,6.833313],[79.864949,6.833317],[79.864954,6.833189],[79.864812,6.833184]]]]}},{"type":"Feature","properties":{},"geometry":{"type":"MultiPolygon","coordinates":[[[[79.870461,6.828008],[79.870464,6.827897],[79.870319,6.827893],[79.870316,6.828004],[79.870461,6.828008]]]]}},{"type":"Feature","properties":{},"geometry":{"type":"MultiPolygon","coordinates":[[[[79.871022,6.82797],[79.871171,6.827993],[79.871185,6.82791],[79.871287,6.827926],[79.871294,6.827877],[79.871043,6.827837],[79.871022,6.82797]]]]}},{"type":"Feature","properties":{},"geometry":{"type":"MultiPolygon","coordinates":[[[[79.867945,6.831274],[79.868131,6.831278],[79.868133,6.831193],[79.867947,6.831189],[79.867945,6.831274]]]]}},{"type":"Feature","properties":{},"geometry":{"type":"MultiPolygon","coordinates":[[[[79.863907,6.832774],[79.863949,6.832844],[79.864026,6.83285],[79.86404,6.832675],[79.864064,6.832677],[79.864069,6.832608],[79.863897,6.832595],[79.86389,6.832682],[79.863883,6.832681],[79.86388,6.832727],[79.863907,6.832774]]]]}},{"type":"Feature","properties":{},"geometry":{"type":"MultiPolygon","coordinates":[[[[79.866362,6.828586],[79.866431,6.828588],[79.866435,6.828427],[79.866366,6.828425],[79.866362,6.828586]]]]}},{"type":"Feature","properties":{},"geometry":{"type":"MultiPolygon","coordinates":[[[[79.868291,6.829614],[79.868555,6.82968],[79.868577,6.829593],[79.868376,6.829543],[79.868386,6.829502],[79.868301,6.82948],[79.868288,6.829528],[79.868311,6.829533],[79.868291,6.829614]]]]}},{"type":"Feature","properties":{},"geometry":{"type":"MultiPolygon","coordinates":[[[[79.867302,6.830474],[79.867539,6.830506],[79.867532,6.830557],[79.867619,6.830568],[79.867627,6.830508],[79.867589,6.830503],[79.867616,6.830304],[79.867464,6.830284],[79.86748,6.830168],[79.867346,6.83015],[79.867302,6.830474]]]]}},{"type":"Feature","properties":{},"geometry":{"type":"MultiPolygon","coordinates":[[[[79.866084,6.831099],[79.866091,6.831159],[79.86612,6.831156],[79.866113,6.831096],[79.866084,6.831099]]]]}},{"type":"Feature","properties":{},"geometry":{"type":"MultiPolygon","coordinates":[[[[79.869611,6.829201],[79.869614,6.829105],[79.869504,6.829103],[79.869502,6.829198],[79.869611,6.829201]]]]}},{"type":"Feature","properties":{},"geometry":{"type":"MultiPolygon","coordinates":[[[[79.869651,6.826473],[79.869747,6.826502],[79.869759,6.826462],[79.869664,6.826433],[79.869651,6.826473]]]]}},{"type":"Feature","properties":{},"geometry":{"type":"MultiPolygon","coordinates":[[[[79.866421,6.834245],[79.866684,6.834245],[79.866684,6.834172],[79.866534,6.834172],[79.866534,6.834146],[79.866421,6.834146],[79.866421,6.834245]]]]}},{"type":"Feature","properties":{},"geometry":{"type":"MultiPolygon","coordinates":[[[[79.869654,6.83035],[79.869529,6.830309],[79.869505,6.830381],[79.86963,6.830422],[79.869654,6.83035]]]]}},{"type":"Feature","properties":{},"geometry":{"type":"MultiPolygon","coordinates":[[[[79.865056,6.83059],[79.865054,6.830453],[79.864973,6.830455],[79.864974,6.830496],[79.86484,6.830499],[79.864842,6.830572],[79.864912,6.83057],[79.864913,6.830593],[79.865056,6.83059]]]]}},{"type":"Feature","properties":{},"geometry":{"type":"MultiPolygon","coordinates":[[[[79.866778,6.828091],[79.867048,6.828089],[79.867048,6.82798],[79.866777,6.827982],[79.866778,6.828091]]]]}},{"type":"Feature","properties":{},"geometry":{"type":"MultiPolygon","coordinates":[[[[79.867939,6.832715],[79.867869,6.832713],[79.867866,6.832787],[79.868006,6.832792],[79.868011,6.832653],[79.867941,6.832651],[79.867939,6.832715]]]]}},{"type":"Feature","properties":{},"geometry":{"type":"MultiPolygon","coordinates":[[[[79.86939,6.834077],[79.86955,6.834084],[79.869558,6.833907],[79.869397,6.8339],[79.86939,6.834077]]]]}},{"type":"Feature","properties":{},"geometry":{"type":"MultiPolygon","coordinates":[[[[79.871781,6.83165],[79.87171,6.831654],[79.871713,6.831712],[79.871784,6.831709],[79.871781,6.83165]]]]}},{"type":"Feature","properties":{},"geometry":{"type":"MultiPolygon","coordinates":[[[[79.867996,6.83331],[79.867999,6.833438],[79.868139,6.833435],[79.868137,6.833364],[79.868217,6.833362],[79.868216,6.833305],[79.867996,6.83331]]]]}},{"type":"Feature","properties":{},"geometry":{"type":"MultiPolygon","coordinates":[[[[79.869788,6.830091],[79.869781,6.83024],[79.869882,6.830244],[79.869889,6.830096],[79.869788,6.830091]]]]}},{"type":"Feature","properties":{},"geometry":{"type":"MultiPolygon","coordinates":[[[[79.866195,6.831767],[79.866431,6.831768],[79.866432,6.831592],[79.866196,6.831591],[79.866195,6.831767]]]]}},{"type":"Feature","properties":{},"geometry":{"type":"MultiPolygon","coordinates":[[[[79.867399,6.827384],[79.86749,6.827385],[79.867491,6.827236],[79.8674,6.827235],[79.867399,6.827384]]]]}},{"type":"Feature","properties":{},"geometry":{"type":"MultiPolygon","coordinates":[[[[79.866965,6.826038],[79.866944,6.826042],[79.866938,6.826164],[79.867051,6.826169],[79.867057,6.826022],[79.866965,6.826038]]]]}},{"type":"Feature","properties":{},"geometry":{"type":"MultiPolygon","coordinates":[[[[79.867068,6.826565],[79.866982,6.826563],[79.866977,6.826784],[79.867063,6.826786],[79.867068,6.826565]]]]}},{"type":"Feature","properties":{},"geometry":{"type":"MultiPolygon","coordinates":[[[[79.864706,6.828115],[79.864546,6.828087],[79.864534,6.828155],[79.864693,6.828184],[79.864706,6.828115]]]]}},{"type":"Feature","properties":{},"geometry":{"type":"MultiPolygon","coordinates":[[[[79.870139,6.827216],[79.870203,6.827213],[79.870204,6.82724],[79.870365,6.827235],[79.870362,6.827147],[79.870137,6.827154],[79.870139,6.827216]]]]}},{"type":"Feature","properties":{},"geometry":{"type":"MultiPolygon","coordinates":[[[[79.866214,6.8312],[79.866213,6.831156],[79.86612,6.831159],[79.866122,6.831203],[79.866214,6.8312]]]]}},{"type":"Feature","properties":{},"geometry":{"type":"MultiPolygon","coordinates":[[[[79.867239,6.827424],[79.867113,6.827427],[79.867117,6.827577],[79.867269,6.827574],[79.867267,6.827487],[79.867241,6.827488],[79.867239,6.827424]]]]}},{"type":"Feature","properties":{},"geometry":{"type":"MultiPolygon","coordinates":[[[[79.864312,6.832433],[79.864137,6.832429],[79.864134,6.832534],[79.864098,6.832533],[79.864095,6.832647],[79.864307,6.832653],[79.864312,6.832433]]]]}},{"type":"Feature","properties":{},"geometry":{"type":"MultiPolygon","coordinates":[[[[79.868531,6.827448],[79.868439,6.827425],[79.868414,6.827525],[79.868471,6.827539],[79.868463,6.827569],[79.868516,6.827582],[79.868532,6.827519],[79.86857,6.827528],[79.868574,6.827511],[79.868518,6.827497],[79.868531,6.827448]]]]}},{"type":"Feature","properties":{},"geometry":{"type":"MultiPolygon","coordinates":[[[[79.867647,6.826469],[79.867683,6.826477],[79.867688,6.826451],[79.867786,6.826472],[79.86781,6.826358],[79.867677,6.826329],[79.867647,6.826469]]]]}},{"type":"Feature","properties":{},"geometry":{"type":"MultiPolygon","coordinates":[[[[79.865475,6.830928],[79.86547,6.831071],[79.865587,6.831075],[79.865592,6.830932],[79.865475,6.830928]]]]}},{"type":"Feature","properties":{},"geometry":{"type":"MultiPolygon","coordinates":[[[[79.869568,6.83106],[79.869388,6.831018],[79.869362,6.831124],[79.869543,6.831166],[79.869568,6.83106]]]]}},{"type":"Feature","properties":{},"geometry":{"type":"MultiPolygon","coordinates":[[[[79.867045,6.833779],[79.867044,6.833726],[79.866965,6.833728],[79.866969,6.833856],[79.867211,6.833849],[79.867209,6.833774],[79.867045,6.833779]]]]}},{"type":"Feature","properties":{},"geometry":{"type":"MultiPolygon","coordinates":[[[[79.866135,6.829403],[79.866505,6.829438],[79.866515,6.829328],[79.866366,6.829314],[79.866363,6.829349],[79.866142,6.829328],[79.866135,6.829403]]]]}},{"type":"Feature","properties":{},"geometry":{"type":"MultiPolygon","coordinates":[[[[79.871619,6.83291],[79.871623,6.832903],[79.871614,6.832893],[79.87154,6.832962],[79.871566,6.83299],[79.871619,6.83291]]]]}},{"type":"Feature","properties":{},"geometry":{"type":"MultiPolygon","coordinates":[[[[79.865825,6.826416],[79.865824,6.826498],[79.865808,6.826498],[79.865807,6.826548],[79.865903,6.826549],[79.865905,6.826414],[79.865831,6.826413],[79.865825,6.826416]]]]}},{"type":"Feature","properties":{},"geometry":{"type":"MultiPolygon","coordinates":[[[[79.866421,6.83202],[79.866418,6.831896],[79.86632,6.831899],[79.866323,6.832023],[79.866421,6.83202]]]]}},{"type":"Feature","properties":{},"geometry":{"type":"MultiPolygon","coordinates":[[[[79.869481,6.828586],[79.869483,6.828682],[79.869624,6.82868],[79.86962,6.828482],[79.869546,6.828483],[79.869548,6.828585],[79.869481,6.828586]]]]}},{"type":"Feature","properties":{},"geometry":{"type":"MultiPolygon","coordinates":[[[[79.869177,6.833618],[79.869164,6.833706],[79.869379,6.833738],[79.869392,6.833651],[79.869177,6.833618]]]]}},{"type":"Feature","properties":{},"geometry":{"type":"MultiPolygon","coordinates":[[[[79.870443,6.82913],[79.870399,6.829116],[79.870377,6.829183],[79.87042,6.829197],[79.870443,6.82913]]]]}},{"type":"Feature","properties":{},"geometry":{"type":"MultiPolygon","coordinates":[[[[79.86902,6.833168],[79.869023,6.833098],[79.868953,6.833096],[79.86895,6.833166],[79.86902,6.833168]]]]}},{"type":"Feature","properties":{},"geometry":{"type":"MultiPolygon","coordinates":[[[[79.868541,6.83153],[79.868544,6.831435],[79.868423,6.831431],[79.868421,6.831527],[79.868541,6.83153]]]]}},{"type":"Feature","properties":{},"geometry":{"type":"MultiPolygon","coordinates":[[[[79.869469,6.833109],[79.869355,6.833085],[79.869316,6.833265],[79.869431,6.833289],[79.869469,6.833109]]]]}},{"type":"Feature","properties":{},"geometry":{"type":"MultiPolygon","coordinates":[[[[79.865254,6.827984],[79.865255,6.827819],[79.865169,6.827819],[79.865169,6.827984],[79.865254,6.827984]]]]}},{"type":"Feature","properties":{},"geometry":{"type":"MultiPolygon","coordinates":[[[[79.869285,6.831722],[79.869277,6.831933],[79.869392,6.831938],[79.869401,6.831726],[79.869285,6.831722]]]]}},{"type":"Feature","properties":{},"geometry":{"type":"MultiPolygon","coordinates":[[[[79.866092,6.832189],[79.866087,6.832404],[79.86628,6.832409],[79.866282,6.832327],[79.866179,6.832325],[79.866182,6.832191],[79.866092,6.832189]]]]}},{"type":"Feature","properties":{},"geometry":{"type":"MultiPolygon","coordinates":[[[[79.871693,6.832789],[79.871719,6.832745],[79.87171,6.832738],[79.871617,6.832865],[79.871637,6.83288],[79.871693,6.832789]]]]}},{"type":"Feature","properties":{},"geometry":{"type":"MultiPolygon","coordinates":[[[[79.868749,6.82847],[79.86868,6.828444],[79.868657,6.828501],[79.868726,6.828528],[79.868749,6.82847]]]]}},{"type":"Feature","properties":{},"geometry":{"type":"MultiPolygon","coordinates":[[[[79.870379,6.827843],[79.870376,6.827735],[79.870186,6.827741],[79.870189,6.827849],[79.870379,6.827843]]]]}},{"type":"Feature","properties":{},"geometry":{"type":"MultiPolygon","coordinates":[[[[79.863889,6.832568],[79.863967,6.832581],[79.863971,6.832554],[79.86408,6.832571],[79.864095,6.832481],[79.863908,6.83245],[79.863889,6.832568]]]]}},{"type":"Feature","properties":{},"geometry":{"type":"MultiPolygon","coordinates":[[[[79.871033,6.829099],[79.870895,6.829092],[79.870891,6.829168],[79.870916,6.829169],[79.87091,6.829278],[79.871022,6.829284],[79.871033,6.829099]]]]}},{"type":"Feature","properties":{},"geometry":{"type":"MultiPolygon","coordinates":[[[[79.866479,6.829823],[79.866562,6.829826],[79.866566,6.829671],[79.866483,6.829669],[79.866479,6.829823]]]]}},{"type":"Feature","properties":{},"geometry":{"type":"MultiPolygon","coordinates":[[[[79.868667,6.826312],[79.868605,6.826311],[79.868604,6.826363],[79.868666,6.826364],[79.868667,6.826312]]]]}},{"type":"Feature","properties":{},"geometry":{"type":"MultiPolygon","coordinates":[[[[79.870852,6.830485],[79.870775,6.830482],[79.87077,6.830595],[79.870848,6.830598],[79.870852,6.830485]]]]}},{"type":"Feature","properties":{},"geometry":{"type":"MultiPolygon","coordinates":[[[[79.868831,6.833197],[79.868838,6.833025],[79.868789,6.833023],[79.868787,6.833066],[79.868707,6.833062],[79.868701,6.833192],[79.868831,6.833197]]]]}},{"type":"Feature","properties":{},"geometry":{"type":"MultiPolygon","coordinates":[[[[79.868579,6.833111],[79.868577,6.83302],[79.868503,6.833022],[79.868505,6.833112],[79.868579,6.833111]]]]}},{"type":"Feature","properties":{},"geometry":{"type":"MultiPolygon","coordinates":[[[[79.869911,6.827512],[79.869949,6.82772],[79.87001,6.827709],[79.870003,6.827673],[79.870052,6.827664],[79.87002,6.827493],[79.869911,6.827512]]]]}},{"type":"Feature","properties":{},"geometry":{"type":"MultiPolygon","coordinates":[[[[79.868116,6.827553],[79.867984,6.827504],[79.867939,6.827621],[79.868071,6.827671],[79.868116,6.827553]]]]}},{"type":"Feature","properties":{},"geometry":{"type":"MultiPolygon","coordinates":[[[[79.869556,6.831233],[79.869454,6.831236],[79.869457,6.831313],[79.869489,6.831312],[79.869492,6.831417],[79.869562,6.831415],[79.869556,6.831233]]]]}},{"type":"Feature","properties":{},"geometry":{"type":"MultiPolygon","coordinates":[[[[79.867846,6.828801],[79.868194,6.828846],[79.868212,6.828705],[79.867864,6.82866],[79.867846,6.828801]]]]}},{"type":"Feature","properties":{},"geometry":{"type":"MultiPolygon","coordinates":[[[[79.864209,6.829943],[79.864212,6.830009],[79.864291,6.830005],[79.864288,6.829939],[79.864209,6.829943]]]]}},{"type":"Feature","properties":{},"geometry":{"type":"MultiPolygon","coordinates":[[[[79.869212,6.834327],[79.868938,6.83433],[79.868939,6.834366],[79.869003,6.834365],[79.869004,6.834408],[79.869213,6.834405],[79.869212,6.834327]]]]}},{"type":"Feature","properties":{},"geometry":{"type":"MultiPolygon","coordinates":[[[[79.870608,6.831925],[79.870773,6.831955],[79.87079,6.83186],[79.870625,6.83183],[79.870608,6.831925]]]]}},{"type":"Feature","properties":{},"geometry":{"type":"MultiPolygon","coordinates":[[[[79.867633,6.83249],[79.867635,6.83243],[79.867538,6.832426],[79.867534,6.832523],[79.867576,6.832525],[79.867578,6.832487],[79.867633,6.83249]]]]}},{"type":"Feature","properties":{},"geometry":{"type":"MultiPolygon","coordinates":[[[[79.868577,6.833404],[79.868571,6.83353],[79.868795,6.83354],[79.8688,6.833413],[79.868577,6.833404]]]]}},{"type":"Feature","properties":{},"geometry":{"type":"MultiPolygon","coordinates":[[[[79.867709,6.833643],[79.867647,6.83364],[79.867642,6.833729],[79.867705,6.833732],[79.867709,6.833643]]]]}},{"type":"Feature","properties":{},"geometry":{"type":"MultiPolygon","coordinates":[[[[79.869496,6.828803],[79.8695,6.828925],[79.869624,6.82892],[79.869619,6.828798],[79.869496,6.828803]]]]}},{"type":"Feature","properties":{},"geometry":{"type":"MultiPolygon","coordinates":[[[[79.871331,6.832236],[79.87127,6.832129],[79.871205,6.832166],[79.871266,6.832273],[79.871331,6.832236]]]]}},{"type":"Feature","properties":{},"geometry":{"type":"MultiPolygon","coordinates":[[[[79.869053,6.833066],[79.869059,6.832939],[79.868983,6.832935],[79.868977,6.833062],[79.869053,6.833066]]]]}},{"type":"Feature","properties":{},"geometry":{"type":"MultiPolygon","coordinates":[[[[79.870986,6.827623],[79.870985,6.827514],[79.870867,6.827514],[79.870868,6.827551],[79.870727,6.827552],[79.870728,6.82765],[79.870871,6.82765],[79.870871,6.827623],[79.870986,6.827623]]]]}},{"type":"Feature","properties":{},"geometry":{"type":"MultiPolygon","coordinates":[[[[79.867789,6.831629],[79.867614,6.831632],[79.867614,6.831686],[79.867592,6.831687],[79.867593,6.831747],[79.867751,6.831744],[79.86775,6.8317],[79.86779,6.8317],[79.867789,6.831629]]]]}},{"type":"Feature","properties":{},"geometry":{"type":"MultiPolygon","coordinates":[[[[79.870512,6.832366],[79.870549,6.832384],[79.870582,6.832314],[79.870435,6.832245],[79.870377,6.832367],[79.870487,6.832419],[79.870512,6.832366]]]]}},{"type":"Feature","properties":{},"geometry":{"type":"MultiPolygon","coordinates":[[[[79.86561,6.830542],[79.865475,6.830537],[79.865472,6.830641],[79.865607,6.830646],[79.86561,6.830542]]]]}},{"type":"Feature","properties":{},"geometry":{"type":"MultiPolygon","coordinates":[[[[79.867539,6.833033],[79.867539,6.833076],[79.867607,6.833078],[79.867608,6.833035],[79.867539,6.833033]]]]}},{"type":"Feature","properties":{},"geometry":{"type":"MultiPolygon","coordinates":[[[[79.864514,6.830245],[79.86451,6.830138],[79.86442,6.830141],[79.864421,6.830172],[79.864357,6.830174],[79.864362,6.830286],[79.864425,6.830284],[79.864423,6.830249],[79.864514,6.830245]]]]}},{"type":"Feature","properties":{},"geometry":{"type":"MultiPolygon","coordinates":[[[[79.868056,6.832985],[79.868029,6.832986],[79.868031,6.833038],[79.86821,6.833032],[79.868207,6.832923],[79.868054,6.832928],[79.868056,6.832985]]]]}},{"type":"Feature","properties":{},"geometry":{"type":"MultiPolygon","coordinates":[[[[79.870104,6.833521],[79.870095,6.833576],[79.870069,6.833572],[79.870059,6.833637],[79.870213,6.83366],[79.870231,6.83354],[79.870104,6.833521]]]]}},{"type":"Feature","properties":{},"geometry":{"type":"MultiPolygon","coordinates":[[[[79.867395,6.827913],[79.867402,6.827741],[79.867202,6.827733],[79.8672,6.827787],[79.867173,6.827786],[79.867168,6.827903],[79.867395,6.827913]]]]}},{"type":"Feature","properties":{},"geometry":{"type":"MultiPolygon","coordinates":[[[[79.86938,6.830677],[79.869388,6.830545],[79.869192,6.830533],[79.869183,6.830666],[79.86938,6.830677]]]]}},{"type":"Feature","properties":{},"geometry":{"type":"MultiPolygon","coordinates":[[[[79.864014,6.831953],[79.864083,6.831962],[79.864094,6.831887],[79.864024,6.831877],[79.864014,6.831953]]]]}},{"type":"Feature","properties":{},"geometry":{"type":"MultiPolygon","coordinates":[[[[79.866187,6.826956],[79.866005,6.826949],[79.866,6.827073],[79.866183,6.82708],[79.866187,6.826956]]]]}},{"type":"Feature","properties":{},"geometry":{"type":"MultiPolygon","coordinates":[[[[79.866625,6.827782],[79.866622,6.827669],[79.866532,6.827672],[79.866536,6.827785],[79.866625,6.827782]]]]}},{"type":"Feature","properties":{},"geometry":{"type":"MultiPolygon","coordinates":[[[[79.868686,6.834029],[79.868834,6.834032],[79.868836,6.833931],[79.868689,6.833927],[79.868686,6.834029]]]]}},{"type":"Feature","properties":{},"geometry":{"type":"MultiPolygon","coordinates":[[[[79.864352,6.829769],[79.864349,6.829686],[79.864202,6.82969],[79.864204,6.829774],[79.864352,6.829769]]]]}},{"type":"Feature","properties":{},"geometry":{"type":"MultiPolygon","coordinates":[[[[79.866278,6.828547],[79.866271,6.828432],[79.866168,6.828438],[79.866175,6.828552],[79.866278,6.828547]]]]}},{"type":"Feature","properties":{},"geometry":{"type":"MultiPolygon","coordinates":[[[[79.867833,6.827747],[79.867804,6.827867],[79.867889,6.827887],[79.867918,6.827767],[79.867833,6.827747]]]]}},{"type":"Feature","properties":{},"geometry":{"type":"MultiPolygon","coordinates":[[[[79.866878,6.827571],[79.866876,6.827644],[79.866956,6.827647],[79.866959,6.827574],[79.866878,6.827571]]]]}},{"type":"Feature","properties":{},"geometry":{"type":"MultiPolygon","coordinates":[[[[79.866234,6.828572],[79.866147,6.828563],[79.866141,6.828615],[79.866229,6.828625],[79.866234,6.828572]]]]}},{"type":"Feature","properties":{},"geometry":{"type":"MultiPolygon","coordinates":[[[[79.866517,6.827576],[79.866518,6.827541],[79.866409,6.827536],[79.866407,6.82757],[79.866517,6.827576]]]]}},{"type":"Feature","properties":{},"geometry":{"type":"MultiPolygon","coordinates":[[[[79.867186,6.834225],[79.867086,6.834243],[79.8671,6.834323],[79.8672,6.834305],[79.867186,6.834225]]]]}},{"type":"Feature","properties":{},"geometry":{"type":"MultiPolygon","coordinates":[[[[79.870179,6.827448],[79.87027,6.827654],[79.870321,6.827647],[79.870318,6.827621],[79.870396,6.827611],[79.870432,6.827595],[79.870413,6.827451],[79.870313,6.827465],[79.870323,6.827543],[79.870296,6.827482],[79.870288,6.827425],[79.870204,6.827436],[79.870179,6.827448]]]]}},{"type":"Feature","properties":{},"geometry":{"type":"MultiPolygon","coordinates":[[[[79.87012,6.82719],[79.870028,6.827194],[79.87003,6.827227],[79.870122,6.827223],[79.87012,6.82719]]]]}},{"type":"Feature","properties":{},"geometry":{"type":"MultiPolygon","coordinates":[[[[79.869668,6.831925],[79.869957,6.831917],[79.869954,6.831819],[79.869666,6.831827],[79.869668,6.831925]]]]}},{"type":"Feature","properties":{},"geometry":{"type":"MultiPolygon","coordinates":[[[[79.870867,6.830607],[79.870939,6.83062],[79.870967,6.830472],[79.870894,6.830459],[79.870867,6.830607]]]]}},{"type":"Feature","properties":{},"geometry":{"type":"MultiPolygon","coordinates":[[[[79.864822,6.830376],[79.864968,6.830386],[79.864978,6.830251],[79.864831,6.830241],[79.864822,6.830376]]]]}},{"type":"Feature","properties":{},"geometry":{"type":"MultiPolygon","coordinates":[[[[79.866356,6.83304],[79.86636,6.832928],[79.866142,6.832921],[79.866138,6.833032],[79.866356,6.83304]]]]}},{"type":"Feature","properties":{},"geometry":{"type":"MultiPolygon","coordinates":[[[[79.871626,6.831555],[79.871605,6.831615],[79.871687,6.831643],[79.871707,6.831583],[79.871626,6.831555]]]]}},{"type":"Feature","properties":{},"geometry":{"type":"MultiPolygon","coordinates":[[[[79.871877,6.830264],[79.871746,6.830223],[79.871718,6.83031],[79.871814,6.83034],[79.871823,6.830313],[79.871858,6.830325],[79.871877,6.830264]]]]}},{"type":"Feature","properties":{},"geometry":{"type":"MultiPolygon","coordinates":[[[[79.867474,6.830541],[79.867454,6.830622],[79.867649,6.830669],[79.867669,6.830589],[79.867474,6.830541]]]]}},{"type":"Feature","properties":{},"geometry":{"type":"MultiPolygon","coordinates":[[[[79.86616,6.832595],[79.866155,6.832718],[79.866294,6.832724],[79.866293,6.832745],[79.866396,6.832749],[79.866402,6.832606],[79.86616,6.832595]]]]}},{"type":"Feature","properties":{},"geometry":{"type":"MultiPolygon","coordinates":[[[[79.865751,6.831377],[79.865691,6.831379],[79.865701,6.831599],[79.865761,6.831596],[79.865751,6.831377]]]]}},{"type":"Feature","properties":{},"geometry":{"type":"MultiPolygon","coordinates":[[[[79.865786,6.82935],[79.865966,6.829368],[79.865989,6.829149],[79.865808,6.829131],[79.865786,6.82935]]]]}},{"type":"Feature","properties":{},"geometry":{"type":"MultiPolygon","coordinates":[[[[79.867195,6.832512],[79.867195,6.832467],[79.867283,6.832467],[79.867284,6.832358],[79.867109,6.832357],[79.867109,6.832512],[79.867195,6.832512]]]]}},{"type":"Feature","properties":{},"geometry":{"type":"MultiPolygon","coordinates":[[[[79.868082,6.830083],[79.868063,6.830149],[79.868217,6.830194],[79.868236,6.830128],[79.868082,6.830083]]]]}},{"type":"Feature","properties":{},"geometry":{"type":"MultiPolygon","coordinates":[[[[79.868562,6.82627],[79.868326,6.826234],[79.868272,6.826588],[79.868469,6.826618],[79.868485,6.826511],[79.868523,6.826517],[79.868532,6.826457],[79.868533,6.826457],[79.868562,6.82627]]]]}},{"type":"Feature","properties":{},"geometry":{"type":"MultiPolygon","coordinates":[[[[79.871596,6.829924],[79.871856,6.829964],[79.871869,6.829875],[79.87161,6.829836],[79.871596,6.829924]]]]}},{"type":"Feature","properties":{},"geometry":{"type":"MultiPolygon","coordinates":[[[[79.863387,6.830105],[79.863386,6.830182],[79.863593,6.830185],[79.863594,6.830108],[79.863387,6.830105]]]]}},{"type":"Feature","properties":{},"geometry":{"type":"MultiPolygon","coordinates":[[[[79.865234,6.831609],[79.86524,6.831544],[79.865134,6.831534],[79.865128,6.831598],[79.865234,6.831609]]]]}},{"type":"Feature","properties":{},"geometry":{"type":"MultiPolygon","coordinates":[[[[79.86874,6.828335],[79.868858,6.828391],[79.86889,6.828325],[79.868771,6.828269],[79.86874,6.828335]]]]}},{"type":"Feature","properties":{},"geometry":{"type":"MultiPolygon","coordinates":[[[[79.869041,6.831901],[79.869125,6.831903],[79.86913,6.831738],[79.868997,6.831734],[79.868994,6.83186],[79.869042,6.831861],[79.869041,6.831901]]]]}},{"type":"Feature","properties":{},"geometry":{"type":"MultiPolygon","coordinates":[[[[79.864524,6.833469],[79.864709,6.833474],[79.864711,6.833401],[79.864526,6.833395],[79.864524,6.833469]]]]}},{"type":"Feature","properties":{},"geometry":{"type":"MultiPolygon","coordinates":[[[[79.867226,6.830913],[79.867547,6.830929],[79.867548,6.830901],[79.867583,6.830902],[79.867587,6.83082],[79.867338,6.830808],[79.867334,6.830884],[79.867298,6.830882],[79.867301,6.830816],[79.867231,6.830812],[79.867226,6.830913]]]]}},{"type":"Feature","properties":{},"geometry":{"type":"MultiPolygon","coordinates":[[[[79.869581,6.830085],[79.869585,6.829978],[79.869446,6.829974],[79.869442,6.83008],[79.869581,6.830085]]]]}},{"type":"Feature","properties":{},"geometry":{"type":"MultiPolygon","coordinates":[[[[79.866217,6.826247],[79.866215,6.826331],[79.86636,6.826333],[79.866362,6.826248],[79.866222,6.826245],[79.866217,6.826247]]]]}},{"type":"Feature","properties":{},"geometry":{"type":"MultiPolygon","coordinates":[[[[79.866985,6.830701],[79.867378,6.830752],[79.867385,6.830694],[79.86724,6.830675],[79.867249,6.830605],[79.867159,6.830593],[79.867157,6.830612],[79.866999,6.830591],[79.866985,6.830701]]]]}},{"type":"Feature","properties":{},"geometry":{"type":"MultiPolygon","coordinates":[[[[79.866455,6.832473],[79.866702,6.832483],[79.866709,6.832314],[79.866586,6.832309],[79.866586,6.832305],[79.866516,6.832302],[79.866511,6.832403],[79.866458,6.832401],[79.866455,6.832473]]]]}},{"type":"Feature","properties":{},"geometry":{"type":"MultiPolygon","coordinates":[[[[79.871264,6.832845],[79.871112,6.832959],[79.87118,6.833049],[79.871241,6.833003],[79.871272,6.833044],[79.871363,6.832976],[79.871264,6.832845]]]]}},{"type":"Feature","properties":{},"geometry":{"type":"MultiPolygon","coordinates":[[[[79.869207,6.827184],[79.869313,6.827221],[79.869338,6.827151],[79.869232,6.827114],[79.869207,6.827184]]]]}},{"type":"Feature","properties":{},"geometry":{"type":"MultiPolygon","coordinates":[[[[79.870621,6.830886],[79.870628,6.830734],[79.870566,6.830731],[79.870559,6.830883],[79.870621,6.830886]]]]}},{"type":"Feature","properties":{},"geometry":{"type":"MultiPolygon","coordinates":[[[[79.86402,6.829954],[79.864021,6.829988],[79.864189,6.829984],[79.864189,6.829949],[79.86402,6.829954]]]]}},{"type":"Feature","properties":{},"geometry":{"type":"MultiPolygon","coordinates":[[[[79.866965,6.833995],[79.867043,6.833994],[79.867041,6.833891],[79.866963,6.833893],[79.866965,6.833995]]]]}},{"type":"Feature","properties":{},"geometry":{"type":"MultiPolygon","coordinates":[[[[79.868699,6.831673],[79.868854,6.831694],[79.868867,6.831597],[79.868601,6.831562],[79.868593,6.831622],[79.868704,6.831637],[79.868699,6.831673]]]]}},{"type":"Feature","properties":{},"geometry":{"type":"MultiPolygon","coordinates":[[[[79.870718,6.831425],[79.870693,6.831512],[79.870763,6.831531],[79.870788,6.831444],[79.870718,6.831425]]]]}},{"type":"Feature","properties":{},"geometry":{"type":"MultiPolygon","coordinates":[[[[79.865196,6.828751],[79.865109,6.828749],[79.865105,6.82889],[79.865192,6.828892],[79.865196,6.828751]]]]}},{"type":"Feature","properties":{},"geometry":{"type":"MultiPolygon","coordinates":[[[[79.869798,6.831682],[79.870003,6.831691],[79.870009,6.831555],[79.869804,6.831547],[79.869798,6.831682]]]]}},{"type":"Feature","properties":{},"geometry":{"type":"MultiPolygon","coordinates":[[[[79.86546,6.82966],[79.865342,6.829665],[79.865349,6.829804],[79.865467,6.829799],[79.86546,6.82966]]]]}},{"type":"Feature","properties":{},"geometry":{"type":"MultiPolygon","coordinates":[[[[79.865494,6.834367],[79.865496,6.834368],[79.865517,6.834365],[79.86552,6.834382],[79.865612,6.834435],[79.865638,6.834431],[79.865616,6.834293],[79.865456,6.834319],[79.865461,6.834347],[79.865494,6.834367]]]]}},{"type":"Feature","properties":{},"geometry":{"type":"MultiPolygon","coordinates":[[[[79.869814,6.828905],[79.869801,6.828808],[79.869623,6.828832],[79.869636,6.828929],[79.869814,6.828905]]]]}},{"type":"Feature","properties":{},"geometry":{"type":"MultiPolygon","coordinates":[[[[79.863294,6.830147],[79.863294,6.830162],[79.863377,6.830161],[79.863375,6.830056],[79.863301,6.830057],[79.863294,6.830147]]]]}},{"type":"Feature","properties":{},"geometry":{"type":"MultiPolygon","coordinates":[[[[79.869769,6.83144],[79.869984,6.83145],[79.870003,6.831445],[79.870071,6.831449],[79.870085,6.831506],[79.870083,6.831532],[79.870164,6.831535],[79.870165,6.831496],[79.870139,6.831384],[79.870078,6.831381],[79.87008,6.83134],[79.870151,6.831323],[79.870139,6.831271],[79.870031,6.831266],[79.870122,6.831245],[79.870119,6.831231],[79.870122,6.831165],[79.870112,6.831125],[79.869863,6.831113],[79.869862,6.831138],[79.869779,6.831134],[79.869765,6.831425],[79.869769,6.83144]]]]}},{"type":"Feature","properties":{},"geometry":{"type":"MultiPolygon","coordinates":[[[[79.869239,6.831909],[79.869244,6.831757],[79.869148,6.831754],[79.869143,6.831906],[79.869239,6.831909]]]]}},{"type":"Feature","properties":{},"geometry":{"type":"MultiPolygon","coordinates":[[[[79.865158,6.831157],[79.865305,6.831161],[79.865312,6.830893],[79.865131,6.830889],[79.865129,6.830938],[79.865163,6.830939],[79.865158,6.831157]]]]}},{"type":"Feature","properties":{},"geometry":{"type":"MultiPolygon","coordinates":[[[[79.86546,6.827409],[79.865484,6.827286],[79.865375,6.827265],[79.865352,6.827388],[79.86546,6.827409]]]]}},{"type":"Feature","properties":{},"geometry":{"type":"MultiPolygon","coordinates":[[[[79.867144,6.831476],[79.867134,6.831385],[79.867028,6.831397],[79.867038,6.831488],[79.867144,6.831476]]]]}},{"type":"Feature","properties":{},"geometry":{"type":"MultiPolygon","coordinates":[[[[79.864647,6.832878],[79.864646,6.832931],[79.864611,6.832931],[79.86461,6.833013],[79.864776,6.833016],[79.864778,6.83288],[79.864647,6.832878]]]]}},{"type":"Feature","properties":{},"geometry":{"type":"MultiPolygon","coordinates":[[[[79.86892,6.833544],[79.868919,6.833661],[79.869042,6.833662],[79.869044,6.833545],[79.86892,6.833544]]]]}},{"type":"Feature","properties":{},"geometry":{"type":"MultiPolygon","coordinates":[[[[79.86761,6.827518],[79.867695,6.827558],[79.867683,6.827584],[79.867718,6.8276],[79.867698,6.827641],[79.867919,6.827745],[79.867977,6.827625],[79.867636,6.827463],[79.86761,6.827518]]]]}},{"type":"Feature","properties":{},"geometry":{"type":"MultiPolygon","coordinates":[[[[79.866577,6.833075],[79.866576,6.833119],[79.866618,6.83312],[79.86662,6.833076],[79.866577,6.833075]]]]}},{"type":"Feature","properties":{},"geometry":{"type":"MultiPolygon","coordinates":[[[[79.865098,6.827557],[79.865004,6.827559],[79.865005,6.827623],[79.865099,6.827621],[79.865098,6.827557]]]]}},{"type":"Feature","properties":{},"geometry":{"type":"MultiPolygon","coordinates":[[[[79.870047,6.830864],[79.870092,6.830868],[79.870096,6.830821],[79.870051,6.830817],[79.870047,6.830864]]]]}},{"type":"Feature","properties":{},"geometry":{"type":"MultiPolygon","coordinates":[[[[79.866594,6.828959],[79.86651,6.828947],[79.866501,6.829003],[79.866585,6.829015],[79.866594,6.828959]]]]}},{"type":"Feature","properties":{},"geometry":{"type":"MultiPolygon","coordinates":[[[[79.86987,6.826884],[79.870098,6.826888],[79.8701,6.826808],[79.869872,6.826804],[79.86987,6.826884]]]]}},{"type":"Feature","properties":{},"geometry":{"type":"MultiPolygon","coordinates":[[[[79.864995,6.827751],[79.864998,6.82785],[79.865121,6.827846],[79.86512,6.827803],[79.865248,6.827799],[79.865247,6.827746],[79.865134,6.827749],[79.865134,6.827747],[79.864995,6.827751]]]]}},{"type":"Feature","properties":{},"geometry":{"type":"MultiPolygon","coordinates":[[[[79.865133,6.830207],[79.86513,6.830344],[79.865282,6.830347],[79.865284,6.83021],[79.865133,6.830207]]]]}},{"type":"Feature","properties":{},"geometry":{"type":"MultiPolygon","coordinates":[[[[79.869604,6.833334],[79.869768,6.833405],[79.869837,6.833249],[79.869636,6.833162],[79.869607,6.833229],[79.869643,6.833244],[79.869604,6.833334]]]]}},{"type":"Feature","properties":{},"geometry":{"type":"MultiPolygon","coordinates":[[[[79.867615,6.833792],[79.867578,6.833793],[79.867577,6.833742],[79.867519,6.833743],[79.86752,6.833783],[79.867481,6.833784],[79.867482,6.833836],[79.867616,6.833833],[79.867615,6.833792]]]]}},{"type":"Feature","properties":{},"geometry":{"type":"MultiPolygon","coordinates":[[[[79.869489,6.831815],[79.869486,6.831933],[79.869661,6.831938],[79.869665,6.83182],[79.869489,6.831815]]]]}},{"type":"Feature","properties":{},"geometry":{"type":"MultiPolygon","coordinates":[[[[79.871365,6.832269],[79.871303,6.8323],[79.871384,6.832459],[79.871578,6.832362],[79.871516,6.832239],[79.871383,6.832305],[79.871365,6.832269]]]]}},{"type":"Feature","properties":{},"geometry":{"type":"MultiPolygon","coordinates":[[[[79.868368,6.827402],[79.868288,6.8274],[79.868285,6.827522],[79.868365,6.827524],[79.868368,6.827402]]]]}},{"type":"Feature","properties":{},"geometry":{"type":"MultiPolygon","coordinates":[[[[79.866893,6.828326],[79.867075,6.828321],[79.867072,6.82822],[79.866976,6.828222],[79.866975,6.828193],[79.866889,6.828195],[79.866893,6.828326]]]]}},{"type":"Feature","properties":{},"geometry":{"type":"MultiPolygon","coordinates":[[[[79.868733,6.831137],[79.868654,6.831135],[79.868651,6.831323],[79.86873,6.831325],[79.868733,6.831137]]]]}},{"type":"Feature","properties":{},"geometry":{"type":"MultiPolygon","coordinates":[[[[79.86335,6.831033],[79.863347,6.831101],[79.863623,6.831111],[79.863626,6.831043],[79.86335,6.831033]]]]}},{"type":"Feature","properties":{},"geometry":{"type":"MultiPolygon","coordinates":[[[[79.87206,6.830152],[79.872071,6.830076],[79.871919,6.830055],[79.871908,6.830131],[79.87206,6.830152]]]]}},{"type":"Feature","properties":{},"geometry":{"type":"MultiPolygon","coordinates":[[[[79.866288,6.828968],[79.86634,6.828974],[79.866354,6.828872],[79.866301,6.828865],[79.866288,6.828968]]]]}},{"type":"Feature","properties":{},"geometry":{"type":"MultiPolygon","coordinates":[[[[79.865867,6.83436],[79.865877,6.834448],[79.865991,6.834435],[79.86598,6.834347],[79.865867,6.83436]]]]}},{"type":"Feature","properties":{},"geometry":{"type":"MultiPolygon","coordinates":[[[[79.865791,6.831],[79.8658,6.83135],[79.866053,6.831343],[79.866048,6.83112],[79.86608,6.831119],[79.866076,6.830986],[79.865941,6.830989],[79.86594,6.830937],[79.865873,6.830939],[79.865871,6.830878],[79.865913,6.830877],[79.865912,6.830825],[79.865737,6.830829],[79.865742,6.831001],[79.865791,6.831]]]]}},{"type":"Feature","properties":{},"geometry":{"type":"MultiPolygon","coordinates":[[[[79.871285,6.830312],[79.871288,6.830399],[79.871428,6.830393],[79.871424,6.830306],[79.871285,6.830312]]]]}},{"type":"Feature","properties":{},"geometry":{"type":"MultiPolygon","coordinates":[[[[79.868988,6.827759],[79.868934,6.827915],[79.869036,6.82795],[79.869091,6.827794],[79.868988,6.827759]]]]}},{"type":"Feature","properties":{},"geometry":{"type":"MultiPolygon","coordinates":[[[[79.870802,6.829993],[79.870914,6.830011],[79.870941,6.829848],[79.870829,6.829829],[79.870802,6.829993]]]]}},{"type":"Feature","properties":{},"geometry":{"type":"MultiPolygon","coordinates":[[[[79.868,6.827769],[79.867911,6.827766],[79.867907,6.827886],[79.867995,6.827889],[79.868,6.827769]]]]}},{"type":"Feature","properties":{},"geometry":{"type":"MultiPolygon","coordinates":[[[[79.869566,6.832673],[79.869572,6.832475],[79.869456,6.832472],[79.869451,6.83267],[79.869566,6.832673]]]]}},{"type":"Feature","properties":{},"geometry":{"type":"MultiPolygon","coordinates":[[[[79.86933,6.830309],[79.869404,6.830317],[79.869419,6.830183],[79.869345,6.830175],[79.86933,6.830309]]]]}},{"type":"Feature","properties":{},"geometry":{"type":"MultiPolygon","coordinates":[[[[79.867735,6.827913],[79.867738,6.827999],[79.867893,6.827995],[79.86789,6.827908],[79.867735,6.827913]]]]}},{"type":"Feature","properties":{},"geometry":{"type":"MultiPolygon","coordinates":[[[[79.866034,6.82874],[79.865859,6.828674],[79.865836,6.828734],[79.866011,6.8288],[79.866034,6.82874]]]]}},{"type":"Feature","properties":{},"geometry":{"type":"MultiPolygon","coordinates":[[[[79.869435,6.832173],[79.86942,6.832173],[79.869417,6.832266],[79.869538,6.83227],[79.869545,6.832043],[79.86944,6.832039],[79.869435,6.832173]]]]}},{"type":"Feature","properties":{},"geometry":{"type":"MultiPolygon","coordinates":[[[[79.86746,6.833209],[79.867723,6.833197],[79.867719,6.833104],[79.867456,6.833116],[79.86746,6.833209]]]]}},{"type":"Feature","properties":{},"geometry":{"type":"MultiPolygon","coordinates":[[[[79.865727,6.82709],[79.865731,6.826985],[79.865641,6.826982],[79.865643,6.826922],[79.865594,6.82692],[79.86559,6.827022],[79.865573,6.827021],[79.86557,6.827085],[79.865727,6.82709]]]]}},{"type":"Feature","properties":{},"geometry":{"type":"MultiPolygon","coordinates":[[[[79.866389,6.831154],[79.866389,6.831257],[79.866456,6.831257],[79.866456,6.831166],[79.866574,6.831166],[79.866575,6.831101],[79.866426,6.8311],[79.866426,6.831155],[79.866389,6.831154]]]]}},{"type":"Feature","properties":{},"geometry":{"type":"MultiPolygon","coordinates":[[[[79.866171,6.832131],[79.866169,6.832051],[79.866048,6.832054],[79.86605,6.832133],[79.866171,6.832131]]]]}},{"type":"Feature","properties":{},"geometry":{"type":"MultiPolygon","coordinates":[[[[79.870614,6.832757],[79.870573,6.832731],[79.870505,6.83284],[79.870666,6.832939],[79.87071,6.83287],[79.87059,6.832796],[79.870614,6.832757]]]]}},{"type":"Feature","properties":{},"geometry":{"type":"MultiPolygon","coordinates":[[[[79.864299,6.827723],[79.8643,6.827776],[79.864426,6.827773],[79.864425,6.82772],[79.864299,6.827723]]]]}},{"type":"Feature","properties":{},"geometry":{"type":"MultiPolygon","coordinates":[[[[79.864005,6.829849],[79.864007,6.829739],[79.86386,6.829736],[79.863857,6.829846],[79.864005,6.829849]]]]}},{"type":"Feature","properties":{},"geometry":{"type":"MultiPolygon","coordinates":[[[[79.866496,6.826638],[79.866355,6.826641],[79.866357,6.82671],[79.866386,6.82671],[79.866387,6.826754],[79.866499,6.826751],[79.866496,6.826638]]]]}},{"type":"Feature","properties":{},"geometry":{"type":"MultiPolygon","coordinates":[[[[79.869585,6.83389],[79.869764,6.833909],[79.869787,6.833696],[79.869608,6.833677],[79.869585,6.83389]]]]}},{"type":"Feature","properties":{},"geometry":{"type":"MultiPolygon","coordinates":[[[[79.864089,6.831439],[79.864244,6.831433],[79.864239,6.831286],[79.864119,6.83129],[79.864121,6.831346],[79.864086,6.831347],[79.864089,6.831439]]]]}},{"type":"Feature","properties":{},"geometry":{"type":"MultiPolygon","coordinates":[[[[79.866541,6.82649],[79.866542,6.826371],[79.866432,6.82637],[79.866431,6.826488],[79.866541,6.82649]]]]}},{"type":"Feature","properties":{},"geometry":{"type":"MultiPolygon","coordinates":[[[[79.868299,6.832058],[79.868444,6.832061],[79.868446,6.831977],[79.868301,6.831974],[79.868299,6.832058]]]]}},{"type":"Feature","properties":{},"geometry":{"type":"MultiPolygon","coordinates":[[[[79.869841,6.828652],[79.869752,6.82865],[79.86975,6.828759],[79.869838,6.828761],[79.869841,6.828652]]]]}},{"type":"Feature","properties":{},"geometry":{"type":"MultiPolygon","coordinates":[[[[79.867787,6.829234],[79.867743,6.829393],[79.867957,6.829451],[79.867998,6.829305],[79.867893,6.829277],[79.867897,6.829264],[79.867787,6.829234]]]]}},{"type":"Feature","properties":{},"geometry":{"type":"MultiPolygon","coordinates":[[[[79.871006,6.830217],[79.871171,6.830224],[79.871176,6.83013],[79.87101,6.830122],[79.871006,6.830217]]]]}},{"type":"Feature","properties":{},"geometry":{"type":"MultiPolygon","coordinates":[[[[79.869837,6.834149],[79.869743,6.834152],[79.869748,6.834303],[79.869841,6.834301],[79.869837,6.834149]]]]}},{"type":"Feature","properties":{},"geometry":{"type":"MultiPolygon","coordinates":[[[[79.866683,6.83122],[79.866672,6.831158],[79.866464,6.831192],[79.866475,6.831254],[79.866683,6.83122]]]]}},{"type":"Feature","properties":{},"geometry":{"type":"MultiPolygon","coordinates":[[[[79.867545,6.827228],[79.867625,6.827225],[79.867624,6.82719],[79.867544,6.827193],[79.867545,6.827228]]]]}},{"type":"Feature","properties":{},"geometry":{"type":"MultiPolygon","coordinates":[[[[79.867048,6.834824],[79.867195,6.834827],[79.867197,6.834728],[79.86705,6.834725],[79.867048,6.834824]]]]}},{"type":"Feature","properties":{},"geometry":{"type":"MultiPolygon","coordinates":[[[[79.865269,6.830738],[79.865271,6.830616],[79.865135,6.830613],[79.865132,6.830736],[79.865269,6.830738]]]]}},{"type":"Feature","properties":{},"geometry":{"type":"MultiPolygon","coordinates":[[[[79.868022,6.832443],[79.868197,6.832413],[79.868174,6.832276],[79.868029,6.8323],[79.868038,6.832352],[79.868008,6.832357],[79.868022,6.832443]]]]}},{"type":"Feature","properties":{},"geometry":{"type":"MultiPolygon","coordinates":[[[[79.868985,6.831364],[79.868983,6.831437],[79.869086,6.831441],[79.869089,6.831368],[79.868985,6.831364]]]]}},{"type":"Feature","properties":{},"geometry":{"type":"MultiPolygon","coordinates":[[[[79.868159,6.82819],[79.868165,6.828072],[79.868069,6.828067],[79.868063,6.828185],[79.868159,6.82819]]]]}},{"type":"Feature","properties":{},"geometry":{"type":"MultiPolygon","coordinates":[[[[79.867796,6.835001],[79.867829,6.835001],[79.867834,6.834883],[79.867722,6.834877],[79.867716,6.835],[79.867796,6.835001]]]]}},{"type":"Feature","properties":{},"geometry":{"type":"MultiPolygon","coordinates":[[[[79.86532,6.832678],[79.865325,6.832547],[79.865213,6.832543],[79.865208,6.832674],[79.86532,6.832678]]]]}},{"type":"Feature","properties":{},"geometry":{"type":"MultiPolygon","coordinates":[[[[79.870217,6.829831],[79.870113,6.829824],[79.870106,6.829925],[79.87021,6.829931],[79.870217,6.829831]]]]}},{"type":"Feature","properties":{},"geometry":{"type":"MultiPolygon","coordinates":[[[[79.868536,6.833746],[79.868534,6.833679],[79.868398,6.833684],[79.868401,6.833751],[79.868536,6.833746]]]]}},{"type":"Feature","properties":{},"geometry":{"type":"MultiPolygon","coordinates":[[[[79.867655,6.831473],[79.868092,6.831473],[79.868092,6.831404],[79.867655,6.831404],[79.867655,6.831473]]]]}},{"type":"Feature","properties":{},"geometry":{"type":"MultiPolygon","coordinates":[[[[79.867606,6.834954],[79.867607,6.834895],[79.867717,6.834897],[79.867717,6.834849],[79.867468,6.834845],[79.867469,6.834789],[79.867399,6.834787],[79.867398,6.834881],[79.867433,6.834881],[79.867431,6.834951],[79.867606,6.834954]]]]}},{"type":"Feature","properties":{},"geometry":{"type":"MultiPolygon","coordinates":[[[[79.866089,6.834267],[79.866088,6.834223],[79.866015,6.834224],[79.866016,6.834268],[79.866089,6.834267]]]]}},{"type":"Feature","properties":{},"geometry":{"type":"MultiPolygon","coordinates":[[[[79.86683,6.833304],[79.867185,6.833321],[79.867197,6.833069],[79.866841,6.833053],[79.86683,6.833304]]]]}},{"type":"Feature","properties":{},"geometry":{"type":"MultiPolygon","coordinates":[[[[79.86852,6.833742],[79.868523,6.833808],[79.868581,6.833805],[79.868574,6.833675],[79.868544,6.833676],[79.868547,6.833741],[79.86852,6.833742]]]]}},{"type":"Feature","properties":{},"geometry":{"type":"MultiPolygon","coordinates":[[[[79.865349,6.832231],[79.865353,6.832119],[79.865138,6.832112],[79.865134,6.832241],[79.86521,6.832243],[79.865208,6.832317],[79.865336,6.832321],[79.865335,6.832352],[79.865438,6.832355],[79.865443,6.832234],[79.865349,6.832231]]]]}},{"type":"Feature","properties":{},"geometry":{"type":"MultiPolygon","coordinates":[[[[79.864988,6.831361],[79.864984,6.831265],[79.864878,6.83127],[79.864873,6.831163],[79.864723,6.83117],[79.864733,6.831373],[79.864988,6.831361]]]]}},{"type":"Feature","properties":{},"geometry":{"type":"MultiPolygon","coordinates":[[[[79.868113,6.826455],[79.868201,6.826478],[79.868242,6.826318],[79.868153,6.826296],[79.868113,6.826455]]]]}},{"type":"Feature","properties":{},"geometry":{"type":"MultiPolygon","coordinates":[[[[79.866991,6.828347],[79.866993,6.82841],[79.867172,6.828405],[79.867171,6.828342],[79.866991,6.828347]]]]}},{"type":"Feature","properties":{},"geometry":{"type":"MultiPolygon","coordinates":[[[[79.865365,6.828013],[79.865359,6.827896],[79.86527,6.827901],[79.865276,6.828018],[79.865365,6.828013]]]]}},{"type":"Feature","properties":{},"geometry":{"type":"MultiPolygon","coordinates":[[[[79.864332,6.833295],[79.864508,6.833307],[79.864518,6.833171],[79.864464,6.833167],[79.864462,6.833204],[79.864339,6.833196],[79.864332,6.833295]]]]}},{"type":"Feature","properties":{},"geometry":{"type":"MultiPolygon","coordinates":[[[[79.868699,6.834531],[79.868837,6.834527],[79.868835,6.834461],[79.868697,6.834464],[79.868699,6.834531]]]]}},{"type":"Feature","properties":{},"geometry":{"type":"MultiPolygon","coordinates":[[[[79.871915,6.830875],[79.871919,6.830765],[79.871738,6.830759],[79.871735,6.830869],[79.871915,6.830875]]]]}},{"type":"Feature","properties":{},"geometry":{"type":"MultiPolygon","coordinates":[[[[79.864174,6.827784],[79.864263,6.827781],[79.864261,6.827704],[79.864234,6.827705],[79.864174,6.827784]]]]}},{"type":"Feature","properties":{},"geometry":{"type":"MultiPolygon","coordinates":[[[[79.869048,6.831712],[79.869046,6.83164],[79.869,6.831641],[79.869002,6.831713],[79.869048,6.831712]]]]}},{"type":"Feature","properties":{},"geometry":{"type":"MultiPolygon","coordinates":[[[[79.865267,6.826988],[79.86544,6.827033],[79.865476,6.826894],[79.865376,6.826868],[79.86539,6.826816],[79.865473,6.826837],[79.865493,6.826757],[79.865338,6.826717],[79.865267,6.826988]]]]}},{"type":"Feature","properties":{},"geometry":{"type":"MultiPolygon","coordinates":[[[[79.868289,6.827718],[79.868244,6.82771],[79.868229,6.827789],[79.868274,6.827797],[79.868289,6.827718]]]]}},{"type":"Feature","properties":{},"geometry":{"type":"MultiPolygon","coordinates":[[[[79.869004,6.829136],[79.868842,6.82911],[79.86882,6.829245],[79.868904,6.829258],[79.868918,6.829173],[79.868996,6.829185],[79.869004,6.829136]]]]}},{"type":"Feature","properties":{},"geometry":{"type":"MultiPolygon","coordinates":[[[[79.87069,6.830411],[79.870684,6.830565],[79.870773,6.830568],[79.870778,6.830414],[79.87069,6.830411]]]]}},{"type":"Feature","properties":{},"geometry":{"type":"MultiPolygon","coordinates":[[[[79.866268,6.833751],[79.866407,6.833757],[79.866424,6.833396],[79.866285,6.83339],[79.866268,6.833751]]]]}},{"type":"Feature","properties":{},"geometry":{"type":"MultiPolygon","coordinates":[[[[79.866826,6.826066],[79.866732,6.826089],[79.866731,6.82617],[79.866825,6.826171],[79.866826,6.826066],[79.866826,6.826066]]]]}},{"type":"Feature","properties":{},"geometry":{"type":"MultiPolygon","coordinates":[[[[79.869324,6.834739],[79.869326,6.83468],[79.86923,6.834676],[79.869227,6.834751],[79.869282,6.834753],[79.869324,6.834739]]]]}},{"type":"Feature","properties":{},"geometry":{"type":"MultiPolygon","coordinates":[[[[79.868476,6.832554],[79.868589,6.83256],[79.868595,6.832443],[79.868483,6.832437],[79.868476,6.832554]]]]}},{"type":"Feature","properties":{},"geometry":{"type":"MultiPolygon","coordinates":[[[[79.86625,6.827522],[79.866367,6.82752],[79.866364,6.827379],[79.866247,6.827381],[79.86625,6.827522]]]]}},{"type":"Feature","properties":{},"geometry":{"type":"MultiPolygon","coordinates":[[[[79.871254,6.830796],[79.871069,6.830764],[79.871054,6.830852],[79.871239,6.830884],[79.871254,6.830796]]]]}},{"type":"Feature","properties":{},"geometry":{"type":"MultiPolygon","coordinates":[[[[79.865352,6.834279],[79.865394,6.834277],[79.865395,6.834307],[79.865503,6.834302],[79.865497,6.834158],[79.865324,6.834164],[79.865328,6.834263],[79.865352,6.834279]]]]}},{"type":"Feature","properties":{},"geometry":{"type":"MultiPolygon","coordinates":[[[[79.870774,6.828251],[79.870662,6.828255],[79.870665,6.828363],[79.870649,6.828363],[79.870654,6.828512],[79.870732,6.82851],[79.870728,6.82839],[79.870766,6.828389],[79.870762,6.828293],[79.870776,6.828293],[79.870774,6.828251]]]]}},{"type":"Feature","properties":{},"geometry":{"type":"MultiPolygon","coordinates":[[[[79.865652,6.831361],[79.865521,6.831366],[79.865529,6.831564],[79.865593,6.831562],[79.865594,6.831579],[79.865661,6.831576],[79.865652,6.831361]]]]}},{"type":"Feature","properties":{},"geometry":{"type":"MultiPolygon","coordinates":[[[[79.868472,6.833455],[79.868467,6.833621],[79.868565,6.833624],[79.86857,6.833458],[79.868472,6.833455]]]]}},{"type":"Feature","properties":{},"geometry":{"type":"MultiPolygon","coordinates":[[[[79.864709,6.833661],[79.864742,6.833619],[79.864633,6.833534],[79.864559,6.833628],[79.864716,6.83375],[79.864757,6.833699],[79.864709,6.833661]]]]}},{"type":"Feature","properties":{},"geometry":{"type":"MultiPolygon","coordinates":[[[[79.866841,6.827345],[79.86682,6.827544],[79.866853,6.827547],[79.866861,6.827471],[79.866913,6.827477],[79.866926,6.827354],[79.866841,6.827345]]]]}},{"type":"Feature","properties":{},"geometry":{"type":"MultiPolygon","coordinates":[[[[79.864273,6.827655],[79.864282,6.827655],[79.864282,6.827645],[79.864273,6.827655]]]]}},{"type":"Feature","properties":{},"geometry":{"type":"MultiPolygon","coordinates":[[[[79.870332,6.827267],[79.870153,6.827264],[79.870151,6.827362],[79.87033,6.827366],[79.870332,6.827267]]]]}},{"type":"Feature","properties":{},"geometry":{"type":"MultiPolygon","coordinates":[[[[79.86947,6.83011],[79.869455,6.830249],[79.869594,6.830264],[79.869609,6.830125],[79.86947,6.83011]]]]}},{"type":"Feature","properties":{},"geometry":{"type":"MultiPolygon","coordinates":[[[[79.87021,6.828779],[79.870173,6.828781],[79.87017,6.828691],[79.870055,6.828695],[79.870062,6.828864],[79.870213,6.828858],[79.87021,6.828779]]]]}},{"type":"Feature","properties":{},"geometry":{"type":"MultiPolygon","coordinates":[[[[79.868327,6.828128],[79.868316,6.828179],[79.868399,6.828198],[79.868411,6.828148],[79.868327,6.828128]]]]}},{"type":"Feature","properties":{},"geometry":{"type":"MultiPolygon","coordinates":[[[[79.869094,6.82821],[79.868955,6.828208],[79.868954,6.828261],[79.869093,6.828263],[79.869094,6.82821]]]]}},{"type":"Feature","properties":{},"geometry":{"type":"MultiPolygon","coordinates":[[[[79.865303,6.830245],[79.865303,6.830411],[79.865364,6.830411],[79.865364,6.830389],[79.865442,6.830389],[79.865442,6.830245],[79.865303,6.830245]]]]}},{"type":"Feature","properties":{},"geometry":{"type":"MultiPolygon","coordinates":[[[[79.869607,6.828184],[79.869457,6.82819],[79.869463,6.828338],[79.869613,6.828333],[79.869607,6.828184]]]]}},{"type":"Feature","properties":{},"geometry":{"type":"MultiPolygon","coordinates":[[[[79.866346,6.827069],[79.86634,6.826947],[79.866221,6.826952],[79.866227,6.827074],[79.866346,6.827069]]]]}},{"type":"Feature","properties":{},"geometry":{"type":"MultiPolygon","coordinates":[[[[79.870236,6.833107],[79.87006,6.833188],[79.870105,6.833285],[79.870281,6.833204],[79.870236,6.833107]]]]}},{"type":"Feature","properties":{},"geometry":{"type":"MultiPolygon","coordinates":[[[[79.870341,6.830114],[79.870336,6.83015],[79.870439,6.830166],[79.870462,6.830023],[79.870293,6.829997],[79.870276,6.830104],[79.870341,6.830114]]]]}},{"type":"Feature","properties":{},"geometry":{"type":"MultiPolygon","coordinates":[[[[79.869563,6.827282],[79.869511,6.827273],[79.8695,6.827336],[79.869553,6.827344],[79.869563,6.827282]]]]}},{"type":"Feature","properties":{},"geometry":{"type":"MultiPolygon","coordinates":[[[[79.865894,6.828374],[79.865977,6.828371],[79.865973,6.828259],[79.86589,6.828263],[79.865894,6.828374]]]]}},{"type":"Feature","properties":{},"geometry":{"type":"MultiPolygon","coordinates":[[[[79.868725,6.828351],[79.868703,6.82843],[79.868843,6.828468],[79.868865,6.828388],[79.868725,6.828351]]]]}},{"type":"Feature","properties":{},"geometry":{"type":"MultiPolygon","coordinates":[[[[79.869518,6.826552],[79.869633,6.826571],[79.869629,6.826595],[79.869725,6.826611],[79.869744,6.826499],[79.86958,6.826472],[79.869572,6.826519],[79.869525,6.826511],[79.869518,6.826552]]]]}},{"type":"Feature","properties":{},"geometry":{"type":"MultiPolygon","coordinates":[[[[79.870879,6.827316],[79.870884,6.827492],[79.870989,6.827489],[79.870984,6.827313],[79.870879,6.827316]]]]}},{"type":"Feature","properties":{},"geometry":{"type":"MultiPolygon","coordinates":[[[[79.866129,6.8342],[79.866125,6.834064],[79.866006,6.834067],[79.866009,6.834203],[79.866129,6.8342]]]]}},{"type":"Feature","properties":{},"geometry":{"type":"MultiPolygon","coordinates":[[[[79.864157,6.827807],[79.864155,6.827852],[79.864258,6.827855],[79.864261,6.827792],[79.864171,6.827788],[79.864157,6.827807]]]]}},{"type":"Feature","properties":{},"geometry":{"type":"MultiPolygon","coordinates":[[[[79.868505,6.826194],[79.868502,6.826242],[79.868569,6.826245],[79.868572,6.826198],[79.868505,6.826194]]]]}},{"type":"Feature","properties":{},"geometry":{"type":"MultiPolygon","coordinates":[[[[79.865217,6.828504],[79.865285,6.828506],[79.86529,6.828375],[79.865222,6.828372],[79.865217,6.828504]]]]}},{"type":"Feature","properties":{},"geometry":{"type":"MultiPolygon","coordinates":[[[[79.864783,6.833174],[79.864547,6.833171],[79.864544,6.833385],[79.864719,6.833388],[79.86472,6.833309],[79.864782,6.83331],[79.864783,6.833174]]]]}},{"type":"Feature","properties":{},"geometry":{"type":"MultiPolygon","coordinates":[[[[79.866129,6.831132],[79.866228,6.831131],[79.866227,6.831011],[79.866128,6.831012],[79.866129,6.831132]]]]}},{"type":"Feature","properties":{},"geometry":{"type":"MultiPolygon","coordinates":[[[[79.864483,6.829824],[79.864487,6.829671],[79.864364,6.829668],[79.86436,6.829821],[79.864483,6.829824]]]]}},{"type":"Feature","properties":{},"geometry":{"type":"MultiPolygon","coordinates":[[[[79.86466,6.833133],[79.864659,6.833098],[79.864749,6.833096],[79.864748,6.83304],[79.864599,6.833043],[79.864601,6.833134],[79.86466,6.833133]]]]}},{"type":"Feature","properties":{},"geometry":{"type":"MultiPolygon","coordinates":[[[[79.870958,6.828909],[79.87094,6.829033],[79.871094,6.829055],[79.871112,6.828931],[79.870958,6.828909]]]]}},{"type":"Feature","properties":{},"geometry":{"type":"MultiPolygon","coordinates":[[[[79.869633,6.829875],[79.869614,6.829971],[79.869752,6.829998],[79.869771,6.829901],[79.869633,6.829875]]]]}},{"type":"Feature","properties":{},"geometry":{"type":"MultiPolygon","coordinates":[[[[79.865759,6.834084],[79.865955,6.834052],[79.865941,6.833969],[79.865889,6.833978],[79.865882,6.833933],[79.865738,6.833957],[79.865759,6.834084]]]]}},{"type":"Feature","properties":{},"geometry":{"type":"MultiPolygon","coordinates":[[[[79.868645,6.831305],[79.868645,6.831249],[79.868578,6.831249],[79.868578,6.831305],[79.868645,6.831305]]]]}},{"type":"Feature","properties":{},"geometry":{"type":"MultiPolygon","coordinates":[[[[79.870422,6.830248],[79.870406,6.830303],[79.870416,6.830418],[79.870361,6.830401],[79.870356,6.83035],[79.870377,6.830284],[79.870259,6.830295],[79.870254,6.830313],[79.870262,6.830404],[79.870221,6.830407],[79.870208,6.83045],[79.870212,6.830499],[79.870377,6.830483],[79.870384,6.830461],[79.870434,6.830475],[79.870586,6.830461],[79.870599,6.83042],[79.870588,6.830299],[79.870532,6.830282],[79.870535,6.830282],[79.870422,6.830248]]]]}},{"type":"Feature","properties":{},"geometry":{"type":"MultiPolygon","coordinates":[[[[79.869855,6.830777],[79.869981,6.830782],[79.869986,6.830649],[79.86986,6.830644],[79.869855,6.830777]]]]}},{"type":"Feature","properties":{},"geometry":{"type":"MultiPolygon","coordinates":[[[[79.868102,6.827966],[79.868173,6.827974],[79.868182,6.827895],[79.868111,6.827887],[79.868102,6.827966]]]]}},{"type":"Feature","properties":{},"geometry":{"type":"MultiPolygon","coordinates":[[[[79.866442,6.832214],[79.866437,6.832065],[79.866184,6.832073],[79.866188,6.83218],[79.866354,6.832174],[79.866355,6.832217],[79.866442,6.832214]]]]}},{"type":"Feature","properties":{},"geometry":{"type":"MultiPolygon","coordinates":[[[[79.86404,6.830351],[79.864036,6.830092],[79.863879,6.830094],[79.863881,6.83025],[79.863953,6.830249],[79.863954,6.830353],[79.86404,6.830351]]]]}},{"type":"Feature","properties":{},"geometry":{"type":"MultiPolygon","coordinates":[[[[79.869533,6.829639],[79.869632,6.829635],[79.869629,6.829569],[79.86953,6.829573],[79.869533,6.829639]]]]}},{"type":"Feature","properties":{},"geometry":{"type":"MultiPolygon","coordinates":[[[[79.866147,6.826274],[79.866095,6.826295],[79.866091,6.826403],[79.86619,6.826407],[79.866193,6.826336],[79.866183,6.826336],[79.866186,6.826259],[79.866147,6.826274]]]]}},{"type":"Feature","properties":{},"geometry":{"type":"MultiPolygon","coordinates":[[[[79.866631,6.830434],[79.866615,6.830503],[79.866728,6.830528],[79.866743,6.830459],[79.866631,6.830434]]]]}},{"type":"Feature","properties":{},"geometry":{"type":"MultiPolygon","coordinates":[[[[79.870091,6.82859],[79.869936,6.828599],[79.869939,6.828649],[79.870094,6.82864],[79.870091,6.82859]]]]}},{"type":"Feature","properties":{},"geometry":{"type":"MultiPolygon","coordinates":[[[[79.865669,6.833524],[79.865559,6.833527],[79.865565,6.833727],[79.865674,6.833724],[79.865669,6.833524]]]]}},{"type":"Feature","properties":{},"geometry":{"type":"MultiPolygon","coordinates":[[[[79.870551,6.827685],[79.870382,6.827688],[79.870385,6.827842],[79.870498,6.82784],[79.870499,6.827883],[79.870555,6.827882],[79.870551,6.827685]]]]}},{"type":"Feature","properties":{},"geometry":{"type":"MultiPolygon","coordinates":[[[[79.866724,6.830242],[79.866575,6.830245],[79.866577,6.830314],[79.866725,6.830311],[79.866724,6.830242]]]]}},{"type":"Feature","properties":{},"geometry":{"type":"MultiPolygon","coordinates":[[[[79.867593,6.827947],[79.86759,6.828003],[79.867641,6.828006],[79.867644,6.82795],[79.867593,6.827947]]]]}},{"type":"Feature","properties":{},"geometry":{"type":"MultiPolygon","coordinates":[[[[79.865067,6.828325],[79.86496,6.82832],[79.864957,6.82839],[79.864986,6.828391],[79.864982,6.82849],[79.86506,6.828494],[79.865067,6.828325]]]]}},{"type":"Feature","properties":{},"geometry":{"type":"MultiPolygon","coordinates":[[[[79.867123,6.826156],[79.867132,6.826092],[79.867099,6.826088],[79.86709,6.826152],[79.867123,6.826156]]]]}},{"type":"Feature","properties":{},"geometry":{"type":"MultiPolygon","coordinates":[[[[79.867091,6.827336],[79.866954,6.827337],[79.866955,6.827417],[79.867092,6.827416],[79.867091,6.827336]]]]}},{"type":"Feature","properties":{},"geometry":{"type":"MultiPolygon","coordinates":[[[[79.863471,6.831026],[79.863473,6.830962],[79.863349,6.830959],[79.863348,6.831022],[79.863471,6.831026]]]]}},{"type":"Feature","properties":{},"geometry":{"type":"MultiPolygon","coordinates":[[[[79.870173,6.827026],[79.870177,6.827114],[79.870287,6.82711],[79.870284,6.827023],[79.870173,6.827026]]]]}},{"type":"Feature","properties":{},"geometry":{"type":"MultiPolygon","coordinates":[[[[79.869025,6.834552],[79.869181,6.834553],[79.869181,6.834578],[79.869402,6.834579],[79.869402,6.834464],[79.869026,6.834463],[79.869025,6.834552]]]]}},{"type":"Feature","properties":{},"geometry":{"type":"MultiPolygon","coordinates":[[[[79.865869,6.834566],[79.865959,6.834563],[79.86596,6.83459],[79.866024,6.834588],[79.86602,6.83446],[79.865851,6.834466],[79.865854,6.834559],[79.865869,6.834566]]]]}},{"type":"Feature","properties":{},"geometry":{"type":"MultiPolygon","coordinates":[[[[79.867002,6.82863],[79.867143,6.828626],[79.86714,6.82853],[79.866999,6.828535],[79.867002,6.82863]]]]}},{"type":"Feature","properties":{},"geometry":{"type":"MultiPolygon","coordinates":[[[[79.867725,6.830327],[79.867744,6.83027],[79.867677,6.830247],[79.867657,6.830304],[79.867725,6.830327]]]]}},{"type":"Feature","properties":{},"geometry":{"type":"MultiPolygon","coordinates":[[[[79.869099,6.834642],[79.869098,6.834716],[79.869221,6.834718],[79.869222,6.834643],[79.869099,6.834642]]]]}},{"type":"Feature","properties":{},"geometry":{"type":"MultiPolygon","coordinates":[[[[79.868787,6.833836],[79.868591,6.833846],[79.868599,6.834005],[79.868659,6.834002],[79.868654,6.833896],[79.86879,6.833889],[79.868787,6.833836]]]]}},{"type":"Feature","properties":{},"geometry":{"type":"MultiPolygon","coordinates":[[[[79.866781,6.830814],[79.866875,6.830816],[79.866877,6.83072],[79.866783,6.830718],[79.866781,6.830814]]]]}},{"type":"Feature","properties":{},"geometry":{"type":"MultiPolygon","coordinates":[[[[79.871435,6.830692],[79.871341,6.830676],[79.87132,6.830803],[79.871414,6.830818],[79.871435,6.830692]]]]}},{"type":"Feature","properties":{},"geometry":{"type":"MultiPolygon","coordinates":[[[[79.866611,6.828657],[79.866613,6.828689],[79.866692,6.828687],[79.866691,6.828655],[79.866611,6.828657]]]]}},{"type":"Feature","properties":{},"geometry":{"type":"MultiPolygon","coordinates":[[[[79.865741,6.833176],[79.86574,6.833208],[79.865844,6.833211],[79.865849,6.833086],[79.865597,6.833078],[79.865594,6.833171],[79.865741,6.833176]]]]}},{"type":"Feature","properties":{},"geometry":{"type":"MultiPolygon","coordinates":[[[[79.868897,6.829306],[79.868976,6.829318],[79.868988,6.829244],[79.868909,6.829232],[79.868897,6.829306]]]]}},{"type":"Feature","properties":{},"geometry":{"type":"MultiPolygon","coordinates":[[[[79.864672,6.832094],[79.864818,6.832101],[79.864822,6.832013],[79.864676,6.832006],[79.864672,6.832094]]]]}},{"type":"Feature","properties":{},"geometry":{"type":"MultiPolygon","coordinates":[[[[79.867729,6.826123],[79.867699,6.82622],[79.867871,6.826272],[79.867901,6.826175],[79.867729,6.826123]]]]}},{"type":"Feature","properties":{},"geometry":{"type":"MultiPolygon","coordinates":[[[[79.865806,6.831776],[79.865819,6.831853],[79.865956,6.831829],[79.865943,6.831753],[79.865806,6.831776]]]]}},{"type":"Feature","properties":{},"geometry":{"type":"MultiPolygon","coordinates":[[[[79.865519,6.827212],[79.865515,6.827347],[79.865603,6.82735],[79.865607,6.827214],[79.865519,6.827212]]]]}},{"type":"Feature","properties":{},"geometry":{"type":"MultiPolygon","coordinates":[[[[79.868139,6.831217],[79.868135,6.831267],[79.868286,6.831281],[79.868291,6.831231],[79.868139,6.831217]]]]}},{"type":"Feature","properties":{},"geometry":{"type":"MultiPolygon","coordinates":[[[[79.868227,6.828836],[79.868335,6.82885],[79.868348,6.828753],[79.86824,6.828739],[79.868227,6.828836]]]]}},{"type":"Feature","properties":{},"geometry":{"type":"MultiPolygon","coordinates":[[[[79.869715,6.832583],[79.869623,6.832556],[79.869592,6.83266],[79.869685,6.832687],[79.869715,6.832583]]]]}},{"type":"Feature","properties":{},"geometry":{"type":"MultiPolygon","coordinates":[[[[79.867236,6.83411],[79.867185,6.834112],[79.867182,6.83404],[79.867,6.834047],[79.867005,6.834199],[79.867238,6.834191],[79.867236,6.83411]]]]}},{"type":"Feature","properties":{},"geometry":{"type":"MultiPolygon","coordinates":[[[[79.86936,6.830707],[79.869218,6.830704],[79.869216,6.830788],[79.869358,6.830791],[79.86936,6.830707]]]]}},{"type":"Feature","properties":{},"geometry":{"type":"MultiPolygon","coordinates":[[[[79.869075,6.833918],[79.869037,6.834104],[79.869162,6.834129],[79.8692,6.833943],[79.869075,6.833918]]]]}},{"type":"Feature","properties":{},"geometry":{"type":"MultiPolygon","coordinates":[[[[79.867073,6.830326],[79.867271,6.830331],[79.867274,6.830236],[79.867076,6.83023],[79.867073,6.830326]]]]}},{"type":"Feature","properties":{},"geometry":{"type":"MultiPolygon","coordinates":[[[[79.869689,6.834493],[79.869692,6.834424],[79.869582,6.83442],[79.869579,6.834489],[79.869689,6.834493]]]]}},{"type":"Feature","properties":{},"geometry":{"type":"MultiPolygon","coordinates":[[[[79.868584,6.827966],[79.868524,6.827949],[79.8685,6.828034],[79.868559,6.828051],[79.868584,6.827966]]]]}},{"type":"Feature","properties":{},"geometry":{"type":"MultiPolygon","coordinates":[[[[79.866675,6.830915],[79.866673,6.830976],[79.866729,6.830977],[79.866728,6.831044],[79.866851,6.831047],[79.866854,6.830919],[79.866675,6.830915]]]]}},{"type":"Feature","properties":{},"geometry":{"type":"MultiPolygon","coordinates":[[[[79.869415,6.828576],[79.869267,6.828546],[79.86925,6.828626],[79.869398,6.828656],[79.869415,6.828576]]]]}},{"type":"Feature","properties":{},"geometry":{"type":"MultiPolygon","coordinates":[[[[79.869742,6.832031],[79.869901,6.832036],[79.8699,6.832066],[79.869979,6.832068],[79.869983,6.831943],[79.869745,6.831936],[79.869742,6.832031]]]]}},{"type":"Feature","properties":{},"geometry":{"type":"MultiPolygon","coordinates":[[[[79.865374,6.831194],[79.865379,6.831106],[79.865334,6.831104],[79.865329,6.831191],[79.865374,6.831194]]]]}},{"type":"Feature","properties":{},"geometry":{"type":"MultiPolygon","coordinates":[[[[79.868886,6.827908],[79.868836,6.828045],[79.869014,6.828109],[79.869042,6.828031],[79.869012,6.82802],[79.869033,6.827961],[79.868886,6.827908]]]]}},{"type":"Feature","properties":{},"geometry":{"type":"MultiPolygon","coordinates":[[[[79.867084,6.831898],[79.867082,6.831937],[79.867251,6.831946],[79.86726,6.831802],[79.866951,6.831784],[79.866945,6.83189],[79.867084,6.831898]]]]}},{"type":"Feature","properties":{},"geometry":{"type":"MultiPolygon","coordinates":[[[[79.868341,6.827993],[79.868354,6.827864],[79.868261,6.827855],[79.868248,6.827984],[79.868341,6.827993]]]]}},{"type":"Feature","properties":{},"geometry":{"type":"MultiPolygon","coordinates":[[[[79.871801,6.830709],[79.871878,6.830713],[79.871881,6.830646],[79.871954,6.83065],[79.871958,6.830577],[79.871808,6.83057],[79.871801,6.830709]]]]}},{"type":"Feature","properties":{},"geometry":{"type":"MultiPolygon","coordinates":[[[[79.866955,6.830488],[79.866869,6.830467],[79.866866,6.83048],[79.866752,6.830452],[79.866731,6.830535],[79.866681,6.830522],[79.866671,6.830563],[79.866722,6.830575],[79.866721,6.830578],[79.866921,6.830626],[79.866955,6.830488]]]]}},{"type":"Feature","properties":{},"geometry":{"type":"MultiPolygon","coordinates":[[[[79.865619,6.830103],[79.86561,6.829945],[79.865311,6.829962],[79.865316,6.830049],[79.86536,6.830047],[79.865364,6.830117],[79.865619,6.830103]]]]}},{"type":"Feature","properties":{},"geometry":{"type":"MultiPolygon","coordinates":[[[[79.865848,6.82675],[79.865832,6.826658],[79.865699,6.826681],[79.865715,6.826773],[79.865848,6.82675]]]]}},{"type":"Feature","properties":{},"geometry":{"type":"MultiPolygon","coordinates":[[[[79.866639,6.826181],[79.866596,6.826181],[79.866596,6.826235],[79.866639,6.826235],[79.866639,6.826181]]]]}},{"type":"Feature","properties":{},"geometry":{"type":"MultiPolygon","coordinates":[[[[79.871516,6.829673],[79.871428,6.829672],[79.871429,6.8296],[79.871247,6.829598],[79.871246,6.829675],[79.871292,6.829676],[79.871291,6.829758],[79.871515,6.829761],[79.871516,6.829673]]]]}},{"type":"Feature","properties":{},"geometry":{"type":"MultiPolygon","coordinates":[[[[79.86706,6.833715],[79.867187,6.833719],[79.867188,6.833675],[79.867061,6.833671],[79.86706,6.833715]]]]}},{"type":"Feature","properties":{},"geometry":{"type":"MultiPolygon","coordinates":[[[[79.868608,6.830079],[79.868501,6.830055],[79.868491,6.830096],[79.868598,6.830121],[79.868608,6.830079]]]]}},{"type":"Feature","properties":{},"geometry":{"type":"MultiPolygon","coordinates":[[[[79.86649,6.833925],[79.866546,6.833923],[79.866548,6.833972],[79.866631,6.833968],[79.866624,6.833816],[79.866485,6.833823],[79.86649,6.833925]]]]}},{"type":"Feature","properties":{},"geometry":{"type":"MultiPolygon","coordinates":[[[[79.865617,6.833391],[79.865618,6.833306],[79.865506,6.833304],[79.865505,6.83339],[79.865617,6.833391]]]]}},{"type":"Feature","properties":{},"geometry":{"type":"MultiPolygon","coordinates":[[[[79.8661,6.829019],[79.86612,6.829024],[79.86615,6.828919],[79.866032,6.828885],[79.865983,6.829053],[79.866082,6.829081],[79.8661,6.829019]]]]}},{"type":"Feature","properties":{},"geometry":{"type":"MultiPolygon","coordinates":[[[[79.868766,6.830315],[79.868579,6.830274],[79.868565,6.830339],[79.868746,6.830379],[79.86874,6.830403],[79.868842,6.830426],[79.868883,6.830246],[79.868786,6.830224],[79.868766,6.830315]]]]}},{"type":"Feature","properties":{},"geometry":{"type":"MultiPolygon","coordinates":[[[[79.864332,6.831985],[79.864335,6.831862],[79.864162,6.831859],[79.864159,6.831981],[79.864332,6.831985]]]]}},{"type":"Feature","properties":{},"geometry":{"type":"MultiPolygon","coordinates":[[[[79.870982,6.831188],[79.871058,6.8312],[79.871061,6.831184],[79.871131,6.831195],[79.871153,6.831055],[79.871007,6.831032],[79.870982,6.831188]]]]}},{"type":"Feature","properties":{},"geometry":{"type":"MultiPolygon","coordinates":[[[[79.870602,6.828834],[79.870603,6.828725],[79.870536,6.828724],[79.870534,6.828918],[79.870617,6.828919],[79.870617,6.828962],[79.870703,6.828963],[79.870704,6.828835],[79.870602,6.828834]]]]}},{"type":"Feature","properties":{},"geometry":{"type":"MultiPolygon","coordinates":[[[[79.871096,6.833581],[79.871112,6.833564],[79.871012,6.833534],[79.87099,6.833607],[79.871053,6.833626],[79.871096,6.833581]]]]}},{"type":"Feature","properties":{},"geometry":{"type":"MultiPolygon","coordinates":[[[[79.868148,6.833574],[79.868345,6.833581],[79.868349,6.833485],[79.868152,6.833478],[79.868148,6.833574]]]]}},{"type":"Feature","properties":{},"geometry":{"type":"MultiPolygon","coordinates":[[[[79.868481,6.832136],[79.868614,6.832134],[79.868613,6.832057],[79.86848,6.832059],[79.868481,6.832136]]]]}},{"type":"Feature","properties":{},"geometry":{"type":"MultiPolygon","coordinates":[[[[79.870894,6.833782],[79.870972,6.833707],[79.870845,6.833684],[79.870823,6.833801],[79.870865,6.833809],[79.870894,6.833782]]]]}},{"type":"Feature","properties":{},"geometry":{"type":"MultiPolygon","coordinates":[[[[79.870867,6.833479],[79.870597,6.833385],[79.870562,6.833485],[79.870832,6.833579],[79.870867,6.833479]]]]}},{"type":"Feature","properties":{},"geometry":{"type":"MultiPolygon","coordinates":[[[[79.867501,6.826662],[79.867505,6.826827],[79.867577,6.826826],[79.867574,6.826661],[79.867501,6.826662]]]]}},{"type":"Feature","properties":{},"geometry":{"type":"MultiPolygon","coordinates":[[[[79.865892,6.828938],[79.865732,6.82892],[79.86572,6.829021],[79.86588,6.829039],[79.865892,6.828938]]]]}},{"type":"Feature","properties":{},"geometry":{"type":"MultiPolygon","coordinates":[[[[79.871043,6.82858],[79.871018,6.82869],[79.87107,6.828702],[79.871064,6.828724],[79.871198,6.828754],[79.871224,6.828633],[79.871169,6.82862],[79.871202,6.828472],[79.871107,6.828451],[79.871077,6.828587],[79.871043,6.82858]]]]}},{"type":"Feature","properties":{},"geometry":{"type":"MultiPolygon","coordinates":[[[[79.870528,6.827065],[79.870578,6.827058],[79.870573,6.827024],[79.870523,6.827031],[79.870528,6.827065]]]]}},{"type":"Feature","properties":{},"geometry":{"type":"MultiPolygon","coordinates":[[[[79.869252,6.834356],[79.869254,6.834446],[79.869437,6.834442],[79.869435,6.834352],[79.869252,6.834356]]]]}},{"type":"Feature","properties":{},"geometry":{"type":"MultiPolygon","coordinates":[[[[79.865638,6.827757],[79.865582,6.827755],[79.865581,6.827793],[79.865637,6.827794],[79.865638,6.827757]]]]}},{"type":"Feature","properties":{},"geometry":{"type":"MultiPolygon","coordinates":[[[[79.864401,6.83234],[79.864472,6.832343],[79.864475,6.832277],[79.864508,6.832279],[79.864511,6.8322],[79.864407,6.832196],[79.864401,6.83234]]]]}},{"type":"Feature","properties":{},"geometry":{"type":"MultiPolygon","coordinates":[[[[79.868817,6.829799],[79.868992,6.829824],[79.869005,6.829735],[79.86883,6.82971],[79.868817,6.829799]]]]}},{"type":"Feature","properties":{},"geometry":{"type":"MultiPolygon","coordinates":[[[[79.869723,6.834575],[79.869793,6.834541],[79.869695,6.834539],[79.869694,6.834588],[79.869723,6.834575]]]]}},{"type":"Feature","properties":{},"geometry":{"type":"MultiPolygon","coordinates":[[[[79.87064,6.828285],[79.870189,6.828299],[79.870192,6.828381],[79.870302,6.828378],[79.870302,6.828397],[79.870605,6.828388],[79.870605,6.828397],[79.870643,6.828396],[79.87064,6.828285]]]]}},{"type":"Feature","properties":{},"geometry":{"type":"MultiPolygon","coordinates":[[[[79.869188,6.833478],[79.869176,6.833561],[79.869328,6.833583],[79.869341,6.8335],[79.869188,6.833478]]]]}},{"type":"Feature","properties":{},"geometry":{"type":"MultiPolygon","coordinates":[[[[79.865028,6.832767],[79.864832,6.832765],[79.864832,6.83284],[79.865027,6.832841],[79.865028,6.832767]]]]}},{"type":"Feature","properties":{},"geometry":{"type":"MultiPolygon","coordinates":[[[[79.86646,6.831317],[79.866361,6.831322],[79.866369,6.831489],[79.866468,6.831485],[79.86646,6.831317]]]]}},{"type":"Feature","properties":{},"geometry":{"type":"MultiPolygon","coordinates":[[[[79.86382,6.830007],[79.863825,6.829877],[79.863742,6.829874],[79.863737,6.830004],[79.86382,6.830007]]]]}},{"type":"Feature","properties":{},"geometry":{"type":"MultiPolygon","coordinates":[[[[79.863747,6.830293],[79.863701,6.830294],[79.863704,6.830397],[79.863749,6.830396],[79.863747,6.830293]]]]}},{"type":"Feature","properties":{},"geometry":{"type":"MultiPolygon","coordinates":[[[[79.871866,6.831598],[79.871858,6.831676],[79.871911,6.831681],[79.871903,6.831767],[79.871982,6.831775],[79.871977,6.831826],[79.872058,6.831834],[79.87208,6.831619],[79.871866,6.831598]]]]}},{"type":"Feature","properties":{},"geometry":{"type":"MultiPolygon","coordinates":[[[[79.870312,6.833192],[79.870203,6.833244],[79.870241,6.833324],[79.87035,6.833273],[79.870312,6.833192]]]]}},{"type":"Feature","properties":{},"geometry":{"type":"MultiPolygon","coordinates":[[[[79.868646,6.831449],[79.868642,6.83156],[79.868854,6.831567],[79.868856,6.831482],[79.868752,6.831479],[79.868753,6.831452],[79.868646,6.831449]]]]}},{"type":"Feature","properties":{},"geometry":{"type":"MultiPolygon","coordinates":[[[[79.867914,6.829567],[79.867934,6.82951],[79.867849,6.829482],[79.86783,6.829539],[79.867914,6.829567]]]]}},{"type":"Feature","properties":{},"geometry":{"type":"MultiPolygon","coordinates":[[[[79.867395,6.830677],[79.867392,6.830592],[79.867271,6.830596],[79.867274,6.830681],[79.867395,6.830677]]]]}},{"type":"Feature","properties":{},"geometry":{"type":"MultiPolygon","coordinates":[[[[79.865096,6.827522],[79.865116,6.827608],[79.865161,6.827598],[79.865141,6.827512],[79.865096,6.827522]]]]}},{"type":"Feature","properties":{},"geometry":{"type":"MultiPolygon","coordinates":[[[[79.867559,6.826571],[79.867566,6.826473],[79.867426,6.826463],[79.867423,6.826509],[79.867515,6.826515],[79.867511,6.826567],[79.867559,6.826571]]]]}},{"type":"Feature","properties":{},"geometry":{"type":"MultiPolygon","coordinates":[[[[79.871542,6.829669],[79.87154,6.829391],[79.871462,6.829391],[79.871464,6.82967],[79.871542,6.829669]]]]}},{"type":"Feature","properties":{},"geometry":{"type":"MultiPolygon","coordinates":[[[[79.864065,6.830918],[79.864068,6.830807],[79.863952,6.830804],[79.86395,6.830916],[79.864065,6.830918]]]]}},{"type":"Feature","properties":{},"geometry":{"type":"MultiPolygon","coordinates":[[[[79.868779,6.829502],[79.868924,6.829561],[79.868967,6.829454],[79.868822,6.829396],[79.868779,6.829502]]]]}},{"type":"Feature","properties":{},"geometry":{"type":"MultiPolygon","coordinates":[[[[79.863285,6.830295],[79.863466,6.830287],[79.863462,6.830189],[79.86329,6.830196],[79.863285,6.830295]]]]}},{"type":"Feature","properties":{},"geometry":{"type":"MultiPolygon","coordinates":[[[[79.871255,6.828808],[79.871231,6.828904],[79.871388,6.828942],[79.871412,6.828846],[79.871255,6.828808]]]]}},{"type":"Feature","properties":{},"geometry":{"type":"MultiPolygon","coordinates":[[[[79.868866,6.830359],[79.86886,6.83049],[79.86893,6.830492],[79.868935,6.830362],[79.868866,6.830359]]]]}},{"type":"Feature","properties":{},"geometry":{"type":"MultiPolygon","coordinates":[[[[79.866125,6.831081],[79.866129,6.830998],[79.866086,6.830997],[79.866082,6.831079],[79.866125,6.831081]]]]}},{"type":"Feature","properties":{},"geometry":{"type":"MultiPolygon","coordinates":[[[[79.870123,6.827178],[79.87011,6.827057],[79.870009,6.827067],[79.870022,6.827188],[79.870123,6.827178]]]]}},{"type":"Feature","properties":{},"geometry":{"type":"MultiPolygon","coordinates":[[[[79.866905,6.831904],[79.866902,6.831987],[79.867068,6.831994],[79.867071,6.831911],[79.866905,6.831904]]]]}},{"type":"Feature","properties":{},"geometry":{"type":"MultiPolygon","coordinates":[[[[79.864223,6.828465],[79.864221,6.828558],[79.864361,6.828561],[79.864363,6.828467],[79.864223,6.828465]]]]}},{"type":"Feature","properties":{},"geometry":{"type":"MultiPolygon","coordinates":[[[[79.870141,6.829353],[79.869933,6.829347],[79.86993,6.829419],[79.870058,6.829423],[79.870056,6.829476],[79.870137,6.829478],[79.870141,6.829353]]]]}},{"type":"Feature","properties":{},"geometry":{"type":"MultiPolygon","coordinates":[[[[79.864535,6.831954],[79.864567,6.832035],[79.864651,6.832003],[79.864619,6.831922],[79.864535,6.831954]]]]}},{"type":"Feature","properties":{},"geometry":{"type":"MultiPolygon","coordinates":[[[[79.866938,6.826528],[79.86694,6.826437],[79.866886,6.826436],[79.866884,6.826527],[79.866938,6.826528]]]]}},{"type":"Feature","properties":{},"geometry":{"type":"MultiPolygon","coordinates":[[[[79.864965,6.831965],[79.864919,6.831962],[79.864915,6.83205],[79.86496,6.832052],[79.864965,6.831965]]]]}},{"type":"Feature","properties":{},"geometry":{"type":"MultiPolygon","coordinates":[[[[79.866335,6.828985],[79.86642,6.829012],[79.866447,6.828926],[79.866362,6.828899],[79.866335,6.828985]]]]}},{"type":"Feature","properties":{},"geometry":{"type":"MultiPolygon","coordinates":[[[[79.86676,6.830829],[79.866764,6.83091],[79.866873,6.830905],[79.86687,6.830824],[79.86676,6.830829]]]]}},{"type":"Feature","properties":{},"geometry":{"type":"MultiPolygon","coordinates":[[[[79.869952,6.832896],[79.870009,6.8328],[79.869944,6.832762],[79.869853,6.832917],[79.869931,6.832962],[79.869965,6.832904],[79.869952,6.832896]]]]}},{"type":"Feature","properties":{},"geometry":{"type":"MultiPolygon","coordinates":[[[[79.871783,6.829148],[79.871893,6.829174],[79.871885,6.829212],[79.872008,6.82924],[79.872033,6.829134],[79.871799,6.82908],[79.871783,6.829148]]]]}},{"type":"Feature","properties":{},"geometry":{"type":"MultiPolygon","coordinates":[[[[79.866473,6.829629],[79.866579,6.829642],[79.866588,6.829566],[79.866686,6.829579],[79.866678,6.829639],[79.866755,6.829649],[79.866771,6.829525],[79.866491,6.82949],[79.866473,6.829629]]]]}},{"type":"Feature","properties":{},"geometry":{"type":"MultiPolygon","coordinates":[[[[79.870416,6.834047],[79.870162,6.833977],[79.870131,6.834089],[79.870213,6.834111],[79.870225,6.834069],[79.870397,6.834116],[79.870416,6.834047]]]]}},{"type":"Feature","properties":{},"geometry":{"type":"MultiPolygon","coordinates":[[[[79.869731,6.834144],[79.869639,6.834146],[79.869643,6.834316],[79.869735,6.834313],[79.869731,6.834144]]]]}},{"type":"Feature","properties":{},"geometry":{"type":"MultiPolygon","coordinates":[[[[79.868,6.831852],[79.867898,6.831856],[79.867903,6.831982],[79.868005,6.831978],[79.868,6.831852]]]]}},{"type":"Feature","properties":{},"geometry":{"type":"MultiPolygon","coordinates":[[[[79.866791,6.83447],[79.866788,6.834364],[79.866587,6.834371],[79.86659,6.834477],[79.866791,6.83447]]]]}},{"type":"Feature","properties":{},"geometry":{"type":"MultiPolygon","coordinates":[[[[79.869868,6.833394],[79.869865,6.833399],[79.869896,6.833416],[79.869969,6.83329],[79.869869,6.833233],[79.869799,6.833355],[79.869868,6.833394]]]]}},{"type":"Feature","properties":{},"geometry":{"type":"MultiPolygon","coordinates":[[[[79.868393,6.829793],[79.868502,6.829829],[79.868536,6.829728],[79.868427,6.829692],[79.868393,6.829793]]]]}},{"type":"Feature","properties":{},"geometry":{"type":"MultiPolygon","coordinates":[[[[79.870061,6.831586],[79.870063,6.831615],[79.870129,6.831612],[79.870128,6.831583],[79.870061,6.831586]]]]}},{"type":"Feature","properties":{},"geometry":{"type":"MultiPolygon","coordinates":[[[[79.864874,6.828256],[79.864862,6.828309],[79.864818,6.8283],[79.864804,6.828365],[79.864924,6.82839],[79.86495,6.828272],[79.864874,6.828256]]]]}},{"type":"Feature","properties":{},"geometry":{"type":"MultiPolygon","coordinates":[[[[79.870331,6.833291],[79.870364,6.833313],[79.870388,6.833277],[79.870354,6.833255],[79.870331,6.833291]]]]}},{"type":"Feature","properties":{},"geometry":{"type":"MultiPolygon","coordinates":[[[[79.865183,6.829008],[79.865177,6.829105],[79.865343,6.829114],[79.865348,6.829017],[79.865183,6.829008]]]]}},{"type":"Feature","properties":{},"geometry":{"type":"MultiPolygon","coordinates":[[[[79.864375,6.829846],[79.86438,6.829956],[79.864469,6.829953],[79.864465,6.829842],[79.864375,6.829846]]]]}},{"type":"Feature","properties":{},"geometry":{"type":"MultiPolygon","coordinates":[[[[79.864475,6.829955],[79.86449,6.830081],[79.86467,6.830059],[79.864654,6.829934],[79.864475,6.829955]]]]}},{"type":"Feature","properties":{},"geometry":{"type":"MultiPolygon","coordinates":[[[[79.86502,6.828679],[79.865381,6.828712],[79.865378,6.828753],[79.865449,6.82876],[79.865465,6.828592],[79.865032,6.828552],[79.86502,6.828679]]]]}},{"type":"Feature","properties":{},"geometry":{"type":"MultiPolygon","coordinates":[[[[79.871403,6.830833],[79.871297,6.830806],[79.871271,6.830908],[79.871377,6.830935],[79.871403,6.830833]]]]}},{"type":"Feature","properties":{},"geometry":{"type":"MultiPolygon","coordinates":[[[[79.871792,6.830207],[79.871854,6.830222],[79.871866,6.830175],[79.871804,6.830159],[79.871792,6.830207]]]]}},{"type":"Feature","properties":{},"geometry":{"type":"MultiPolygon","coordinates":[[[[79.865643,6.827943],[79.865692,6.827959],[79.865749,6.827778],[79.865657,6.827749],[79.865636,6.827815],[79.86568,6.827828],[79.865643,6.827943]]]]}},{"type":"Feature","properties":{},"geometry":{"type":"MultiPolygon","coordinates":[[[[79.866707,6.831487],[79.866704,6.831421],[79.866648,6.831423],[79.866652,6.831541],[79.866695,6.831539],[79.866693,6.831488],[79.866707,6.831487]]]]}},{"type":"Feature","properties":{},"geometry":{"type":"MultiPolygon","coordinates":[[[[79.868564,6.826897],[79.868561,6.826839],[79.868543,6.82684],[79.868541,6.826813],[79.868431,6.826819],[79.868435,6.826904],[79.868564,6.826897]]]]}},{"type":"Feature","properties":{},"geometry":{"type":"MultiPolygon","coordinates":[[[[79.871119,6.833411],[79.871145,6.833415],[79.871157,6.833318],[79.871131,6.833315],[79.871119,6.833411]]]]}},{"type":"Feature","properties":{},"geometry":{"type":"MultiPolygon","coordinates":[[[[79.866074,6.827287],[79.866076,6.827364],[79.866146,6.827362],[79.866144,6.827285],[79.866074,6.827287]]]]}},{"type":"Feature","properties":{},"geometry":{"type":"MultiPolygon","coordinates":[[[[79.865706,6.8281],[79.865828,6.8281],[79.865827,6.827996],[79.865706,6.827996],[79.865706,6.8281]]]]}},{"type":"Feature","properties":{},"geometry":{"type":"MultiPolygon","coordinates":[[[[79.870337,6.831446],[79.87034,6.831543],[79.870492,6.831539],[79.870489,6.831441],[79.870337,6.831446]]]]}},{"type":"Feature","properties":{},"geometry":{"type":"MultiPolygon","coordinates":[[[[79.867807,6.827275],[79.867667,6.827263],[79.867657,6.827371],[79.867797,6.827383],[79.867807,6.827275]]]]}},{"type":"Feature","properties":{},"geometry":{"type":"MultiPolygon","coordinates":[[[[79.865807,6.834232],[79.865909,6.834207],[79.865917,6.83424],[79.865995,6.83422],[79.865958,6.834072],[79.865778,6.834117],[79.865807,6.834232]]]]}},{"type":"Feature","properties":{},"geometry":{"type":"MultiPolygon","coordinates":[[[[79.866613,6.829941],[79.866548,6.829921],[79.866531,6.829976],[79.866597,6.829996],[79.866613,6.829941]]]]}},{"type":"Feature","properties":{},"geometry":{"type":"MultiPolygon","coordinates":[[[[79.866086,6.833427],[79.866026,6.833429],[79.866028,6.833532],[79.866088,6.833531],[79.866086,6.833427]]]]}},{"type":"Feature","properties":{},"geometry":{"type":"MultiPolygon","coordinates":[[[[79.870594,6.832611],[79.870659,6.832681],[79.870732,6.832615],[79.870667,6.832545],[79.870594,6.832611]]]]}},{"type":"Feature","properties":{},"geometry":{"type":"MultiPolygon","coordinates":[[[[79.86793,6.829849],[79.867844,6.829818],[79.86781,6.82991],[79.867607,6.829837],[79.867581,6.829909],[79.867644,6.829931],[79.867618,6.830004],[79.867806,6.830072],[79.867827,6.830015],[79.867865,6.830029],[79.86793,6.829849]]]]}},{"type":"Feature","properties":{},"geometry":{"type":"MultiPolygon","coordinates":[[[[79.870788,6.830791],[79.870648,6.830786],[79.870644,6.830901],[79.870703,6.830903],[79.870704,6.830865],[79.870785,6.830868],[79.870788,6.830791]]]]}},{"type":"Feature","properties":{},"geometry":{"type":"MultiPolygon","coordinates":[[[[79.868466,6.833606],[79.868463,6.833464],[79.868425,6.833464],[79.868425,6.833504],[79.868372,6.833505],[79.868373,6.833607],[79.868466,6.833606]]]]}},{"type":"Feature","properties":{},"geometry":{"type":"MultiPolygon","coordinates":[[[[79.871988,6.83202],[79.8718,6.831985],[79.871778,6.832102],[79.871966,6.832138],[79.871988,6.83202]]]]}},{"type":"Feature","properties":{},"geometry":{"type":"MultiPolygon","coordinates":[[[[79.871504,6.830078],[79.871623,6.830084],[79.871627,6.830004],[79.871508,6.829998],[79.871504,6.830078]]]]}},{"type":"Feature","properties":{},"geometry":{"type":"MultiPolygon","coordinates":[[[[79.871742,6.829163],[79.871755,6.829055],[79.871602,6.829036],[79.871588,6.829143],[79.871742,6.829163]]]]}},{"type":"Feature","properties":{},"geometry":{"type":"MultiPolygon","coordinates":[[[[79.865287,6.827208],[79.865269,6.827389],[79.865346,6.827396],[79.865365,6.827216],[79.865287,6.827208]]]]}},{"type":"Feature","properties":{},"geometry":{"type":"MultiPolygon","coordinates":[[[[79.867476,6.832364],[79.867561,6.832367],[79.867562,6.832332],[79.867476,6.83233],[79.867476,6.832364]]]]}},{"type":"Feature","properties":{},"geometry":{"type":"MultiPolygon","coordinates":[[[[79.872242,6.831354],[79.872152,6.831357],[79.872154,6.831417],[79.872229,6.831415],[79.872242,6.831354]]]]}},{"type":"Feature","properties":{},"geometry":{"type":"MultiPolygon","coordinates":[[[[79.864467,6.83144],[79.864461,6.831291],[79.864361,6.831294],[79.864366,6.831443],[79.864467,6.83144]]]]}},{"type":"Feature","properties":{},"geometry":{"type":"MultiPolygon","coordinates":[[[[79.865025,6.834047],[79.865139,6.834133],[79.865151,6.834141],[79.865161,6.83404],[79.864996,6.834024],[79.865025,6.834047]]]]}},{"type":"Feature","properties":{},"geometry":{"type":"MultiPolygon","coordinates":[[[[79.868333,6.833911],[79.868392,6.833908],[79.868386,6.833819],[79.868327,6.833823],[79.868333,6.833911]]]]}},{"type":"Feature","properties":{},"geometry":{"type":"MultiPolygon","coordinates":[[[[79.868783,6.834894],[79.868812,6.834887],[79.868812,6.834869],[79.868729,6.834867],[79.868728,6.834906],[79.868783,6.834894]]]]}},{"type":"Feature","properties":{},"geometry":{"type":"MultiPolygon","coordinates":[[[[79.866192,6.826548],[79.866279,6.826557],[79.866291,6.826449],[79.866204,6.82644],[79.866192,6.826548]]]]}},{"type":"Feature","properties":{},"geometry":{"type":"MultiPolygon","coordinates":[[[[79.866766,6.83182],[79.866689,6.831811],[79.866673,6.83195],[79.866749,6.831959],[79.866766,6.83182]]]]}},{"type":"Feature","properties":{},"geometry":{"type":"MultiPolygon","coordinates":[[[[79.865058,6.83354],[79.865073,6.833634],[79.865164,6.83362],[79.86515,6.833526],[79.865058,6.83354]]]]}},{"type":"Feature","properties":{},"geometry":{"type":"MultiPolygon","coordinates":[[[[79.870188,6.83204],[79.870171,6.83211],[79.870274,6.832134],[79.870291,6.832065],[79.870188,6.83204]]]]}},{"type":"Feature","properties":{},"geometry":{"type":"MultiPolygon","coordinates":[[[[79.869517,6.833516],[79.869514,6.833593],[79.869656,6.833599],[79.869659,6.833522],[79.869517,6.833516]]]]}},{"type":"Feature","properties":{},"geometry":{"type":"MultiPolygon","coordinates":[[[[79.86937,6.82769],[79.869317,6.827672],[79.869305,6.827707],[79.869358,6.827724],[79.86937,6.82769]]]]}},{"type":"Feature","properties":{},"geometry":{"type":"MultiPolygon","coordinates":[[[[79.86483,6.833499],[79.864755,6.833497],[79.864752,6.833646],[79.864827,6.833648],[79.86483,6.833499]]]]}},{"type":"Feature","properties":{},"geometry":{"type":"MultiPolygon","coordinates":[[[[79.8652,6.826906],[79.865114,6.826886],[79.865061,6.827116],[79.865146,6.827136],[79.8652,6.826906]]]]}},{"type":"Feature","properties":{},"geometry":{"type":"MultiPolygon","coordinates":[[[[79.867589,6.832524],[79.867632,6.832522],[79.867631,6.832493],[79.867588,6.832494],[79.867589,6.832524]]]]}},{"type":"Feature","properties":{},"geometry":{"type":"MultiPolygon","coordinates":[[[[79.869932,6.829351],[79.869839,6.829341],[79.869826,6.829452],[79.869797,6.829449],[79.869791,6.8295],[79.869801,6.829501],[79.869781,6.829672],[79.869892,6.829685],[79.869932,6.829351]]]]}},{"type":"Feature","properties":{},"geometry":{"type":"MultiPolygon","coordinates":[[[[79.872188,6.829364],[79.871633,6.829281],[79.871619,6.829372],[79.871992,6.829428],[79.871987,6.829459],[79.872191,6.82949],[79.872202,6.829423],[79.872188,6.829364]]]]}},{"type":"Feature","properties":{},"geometry":{"type":"MultiPolygon","coordinates":[[[[79.869364,6.833435],[79.869472,6.833463],[79.869505,6.833338],[79.869397,6.83331],[79.869364,6.833435]]]]}},{"type":"Feature","properties":{},"geometry":{"type":"MultiPolygon","coordinates":[[[[79.871868,6.829726],[79.871669,6.82972],[79.871667,6.829786],[79.871793,6.82979],[79.871792,6.829843],[79.871864,6.829846],[79.871868,6.829726]]]]}},{"type":"Feature","properties":{},"geometry":{"type":"MultiPolygon","coordinates":[[[[79.86548,6.832087],[79.865477,6.832174],[79.865635,6.83218],[79.865638,6.832092],[79.86548,6.832087]]]]}},{"type":"Feature","properties":{},"geometry":{"type":"MultiPolygon","coordinates":[[[[79.86856,6.827268],[79.868841,6.827322],[79.868867,6.827187],[79.86872,6.827159],[79.868721,6.82715],[79.868588,6.827124],[79.86856,6.827268]]]]}},{"type":"Feature","properties":{},"geometry":{"type":"MultiPolygon","coordinates":[[[[79.872308,6.830063],[79.872308,6.830057],[79.872287,6.830057],[79.872289,6.830169],[79.872316,6.830168],[79.872308,6.830063]]]]}},{"type":"Feature","properties":{},"geometry":{"type":"MultiPolygon","coordinates":[[[[79.867644,6.829175],[79.867643,6.829222],[79.867605,6.829221],[79.867602,6.829299],[79.867674,6.829302],[79.867675,6.829282],[79.867767,6.829286],[79.867771,6.829179],[79.867644,6.829175]]]]}},{"type":"Feature","properties":{},"geometry":{"type":"MultiPolygon","coordinates":[[[[79.864841,6.830488],[79.864965,6.830493],[79.864969,6.830395],[79.864846,6.83039],[79.864841,6.830488]]]]}},{"type":"Feature","properties":{},"geometry":{"type":"MultiPolygon","coordinates":[[[[79.869778,6.82704],[79.86978,6.826939],[79.869726,6.826938],[79.869725,6.827039],[79.869778,6.82704]]]]}},{"type":"Feature","properties":{},"geometry":{"type":"MultiPolygon","coordinates":[[[[79.868322,6.831749],[79.868328,6.831872],[79.868421,6.831868],[79.868416,6.831745],[79.868322,6.831749]]]]}},{"type":"Feature","properties":{},"geometry":{"type":"MultiPolygon","coordinates":[[[[79.869272,6.833985],[79.869269,6.834073],[79.869374,6.834076],[79.869377,6.833988],[79.869272,6.833985]]]]}},{"type":"Feature","properties":{},"geometry":{"type":"MultiPolygon","coordinates":[[[[79.864405,6.829042],[79.864526,6.829041],[79.864525,6.82897],[79.864404,6.828972],[79.864405,6.829042]]]]}},{"type":"Feature","properties":{},"geometry":{"type":"MultiPolygon","coordinates":[[[[79.871996,6.829982],[79.872007,6.829939],[79.871907,6.829913],[79.87188,6.830015],[79.872063,6.830063],[79.872079,6.830003],[79.871996,6.829982]]]]}},{"type":"Feature","properties":{},"geometry":{"type":"MultiPolygon","coordinates":[[[[79.865485,6.828207],[79.865405,6.828206],[79.865402,6.828307],[79.865483,6.828309],[79.865485,6.828207]]]]}},{"type":"Feature","properties":{},"geometry":{"type":"MultiPolygon","coordinates":[[[[79.87104,6.830881],[79.871038,6.830963],[79.87116,6.830966],[79.871162,6.830883],[79.87104,6.830881]]]]}},{"type":"Feature","properties":{},"geometry":{"type":"MultiPolygon","coordinates":[[[[79.866723,6.82704],[79.866721,6.827143],[79.866837,6.827146],[79.86684,6.827043],[79.866723,6.82704]]]]}},{"type":"Feature","properties":{},"geometry":{"type":"MultiPolygon","coordinates":[[[[79.865785,6.828778],[79.865771,6.828858],[79.865807,6.828865],[79.8658,6.828905],[79.865909,6.828924],[79.865931,6.828804],[79.865785,6.828778]]]]}},{"type":"Feature","properties":{},"geometry":{"type":"MultiPolygon","coordinates":[[[[79.866988,6.83142],[79.866969,6.831306],[79.86685,6.831325],[79.866869,6.83144],[79.866988,6.83142]]]]}},{"type":"Feature","properties":{},"geometry":{"type":"MultiPolygon","coordinates":[[[[79.868074,6.827799],[79.868159,6.827815],[79.868181,6.8277],[79.86806,6.827678],[79.868049,6.827734],[79.868085,6.827741],[79.868074,6.827799]]]]}},{"type":"Feature","properties":{},"geometry":{"type":"MultiPolygon","coordinates":[[[[79.864976,6.828169],[79.864978,6.828263],[79.865057,6.828261],[79.865055,6.828168],[79.864976,6.828169]]]]}},{"type":"Feature","properties":{},"geometry":{"type":"MultiPolygon","coordinates":[[[[79.864019,6.831717],[79.864116,6.831719],[79.86412,6.831554],[79.864023,6.831552],[79.864019,6.831717]]]]}},{"type":"Feature","properties":{},"geometry":{"type":"MultiPolygon","coordinates":[[[[79.870242,6.834288],[79.870246,6.834203],[79.870152,6.834199],[79.870148,6.834297],[79.870225,6.8343],[79.870242,6.834288]]]]}},{"type":"Feature","properties":{},"geometry":{"type":"MultiPolygon","coordinates":[[[[79.869752,6.827643],[79.86975,6.827593],[79.869635,6.827599],[79.869637,6.827648],[79.869752,6.827643]]]]}},{"type":"Feature","properties":{},"geometry":{"type":"MultiPolygon","coordinates":[[[[79.868291,6.831468],[79.86829,6.83142],[79.868103,6.831422],[79.868103,6.83147],[79.868291,6.831468]]]]}},{"type":"Feature","properties":{},"geometry":{"type":"MultiPolygon","coordinates":[[[[79.871939,6.828649],[79.871807,6.828634],[79.871784,6.82884],[79.871829,6.828845],[79.871822,6.828906],[79.871875,6.828912],[79.871889,6.828791],[79.871931,6.828795],[79.871946,6.828664],[79.871939,6.828649]]]]}},{"type":"Feature","properties":{},"geometry":{"type":"MultiPolygon","coordinates":[[[[79.868346,6.830953],[79.868279,6.83093],[79.868264,6.830973],[79.868331,6.830996],[79.868346,6.830953]]]]}},{"type":"Feature","properties":{},"geometry":{"type":"MultiPolygon","coordinates":[[[[79.871547,6.830793],[79.871445,6.830769],[79.871422,6.830866],[79.871523,6.83089],[79.871547,6.830793]]]]}},{"type":"Feature","properties":{},"geometry":{"type":"MultiPolygon","coordinates":[[[[79.866877,6.830979],[79.867088,6.830984],[79.867092,6.830806],[79.86702,6.830804],[79.867018,6.830863],[79.86688,6.83086],[79.866877,6.830979]]]]}},{"type":"Feature","properties":{},"geometry":{"type":"MultiPolygon","coordinates":[[[[79.870319,6.832075],[79.870277,6.832174],[79.870418,6.832233],[79.87046,6.832134],[79.870319,6.832075]]]]}},{"type":"Feature","properties":{},"geometry":{"type":"MultiPolygon","coordinates":[[[[79.872246,6.831336],[79.87227,6.831199],[79.872226,6.831201],[79.872232,6.83134],[79.872245,6.83134],[79.872246,6.831336]]]]}},{"type":"Feature","properties":{},"geometry":{"type":"MultiPolygon","coordinates":[[[[79.865749,6.829818],[79.865745,6.829949],[79.865818,6.829951],[79.865822,6.82982],[79.865749,6.829818]]]]}},{"type":"Feature","properties":{},"geometry":{"type":"MultiPolygon","coordinates":[[[[79.870972,6.833305],[79.870947,6.83343],[79.871006,6.833442],[79.871031,6.833317],[79.870972,6.833305]]]]}},{"type":"Feature","properties":{},"geometry":{"type":"MultiPolygon","coordinates":[[[[79.86836,6.833493],[79.868419,6.833494],[79.868421,6.833381],[79.868362,6.83338],[79.86836,6.833493]]]]}},{"type":"Feature","properties":{},"geometry":{"type":"MultiPolygon","coordinates":[[[[79.869594,6.827097],[79.869495,6.827079],[79.869486,6.827128],[79.869585,6.827146],[79.869594,6.827097]]]]}},{"type":"Feature","properties":{},"geometry":{"type":"MultiPolygon","coordinates":[[[[79.868868,6.829808],[79.868839,6.829927],[79.868938,6.829951],[79.868967,6.829831],[79.868868,6.829808]]]]}},{"type":"Feature","properties":{},"geometry":{"type":"MultiPolygon","coordinates":[[[[79.872229,6.829545],[79.872124,6.829529],[79.872089,6.829759],[79.872215,6.829778],[79.872241,6.829604],[79.872229,6.829545]]]]}},{"type":"Feature","properties":{},"geometry":{"type":"MultiPolygon","coordinates":[[[[79.866787,6.833478],[79.866791,6.833582],[79.867003,6.833575],[79.866999,6.833471],[79.866787,6.833478]]]]}},{"type":"Feature","properties":{},"geometry":{"type":"MultiPolygon","coordinates":[[[[79.864657,6.829627],[79.86455,6.829622],[79.864546,6.829718],[79.864509,6.829717],[79.864505,6.829794],[79.86465,6.8298],[79.864657,6.829627]]]]}},{"type":"Feature","properties":{},"geometry":{"type":"MultiPolygon","coordinates":[[[[79.86852,6.826016],[79.86843,6.826003],[79.868419,6.826074],[79.868562,6.826095],[79.868572,6.826025],[79.86852,6.826016]]]]}},{"type":"Feature","properties":{},"geometry":{"type":"MultiPolygon","coordinates":[[[[79.868842,6.833943],[79.868841,6.833989],[79.868877,6.83399],[79.868879,6.833945],[79.868842,6.833943]]]]}},{"type":"Feature","properties":{},"geometry":{"type":"MultiPolygon","coordinates":[[[[79.867455,6.832757],[79.867456,6.832863],[79.867568,6.832862],[79.867567,6.832756],[79.867455,6.832757]]]]}},{"type":"Feature","properties":{},"geometry":{"type":"MultiPolygon","coordinates":[[[[79.86399,6.828051],[79.863967,6.828088],[79.863965,6.828139],[79.863936,6.828138],[79.863915,6.828172],[79.863906,6.828187],[79.864024,6.828192],[79.864026,6.828145],[79.864048,6.828146],[79.864053,6.828019],[79.864012,6.828017],[79.86399,6.828051]]]]}},{"type":"Feature","properties":{},"geometry":{"type":"MultiPolygon","coordinates":[[[[79.864991,6.831186],[79.864997,6.831368],[79.865126,6.831363],[79.865122,6.831252],[79.865079,6.831253],[79.865076,6.831183],[79.864991,6.831186]]]]}},{"type":"Feature","properties":{},"geometry":{"type":"MultiPolygon","coordinates":[[[[79.865996,6.833137],[79.8659,6.83314],[79.865904,6.833255],[79.866,6.833251],[79.865996,6.833137]]]]}},{"type":"Feature","properties":{},"geometry":{"type":"MultiPolygon","coordinates":[[[[79.871146,6.83205],[79.871134,6.832115],[79.871247,6.832135],[79.871259,6.832071],[79.871146,6.83205]]]]}},{"type":"Feature","properties":{},"geometry":{"type":"MultiPolygon","coordinates":[[[[79.866721,6.830259],[79.86677,6.830268],[79.866777,6.830226],[79.866728,6.830218],[79.866721,6.830259]]]]}},{"type":"Feature","properties":{},"geometry":{"type":"MultiPolygon","coordinates":[[[[79.871253,6.827556],[79.871024,6.827517],[79.871007,6.827613],[79.87126,6.827657],[79.871273,6.82758],[79.871253,6.827556]]]]}},{"type":"Feature","properties":{},"geometry":{"type":"MultiPolygon","coordinates":[[[[79.870007,6.82742],[79.870013,6.827484],[79.87011,6.827474],[79.870101,6.827386],[79.870035,6.827393],[79.870037,6.827417],[79.870007,6.82742]]]]}},{"type":"Feature","properties":{},"geometry":{"type":"MultiPolygon","coordinates":[[[[79.868746,6.832697],[79.868922,6.832691],[79.86892,6.83262],[79.868744,6.832625],[79.868746,6.832697]]]]}},{"type":"Feature","properties":{},"geometry":{"type":"MultiPolygon","coordinates":[[[[79.86674,6.826547],[79.866743,6.826459],[79.866591,6.826454],[79.866587,6.826542],[79.86674,6.826547]]]]}},{"type":"Feature","properties":{},"geometry":{"type":"MultiPolygon","coordinates":[[[[79.871492,6.831753],[79.871463,6.831846],[79.871584,6.831882],[79.87163,6.831732],[79.871594,6.831721],[79.871576,6.831779],[79.871492,6.831753]]]]}},{"type":"Feature","properties":{},"geometry":{"type":"MultiPolygon","coordinates":[[[[79.871587,6.828065],[79.871453,6.828069],[79.871457,6.828192],[79.871591,6.828187],[79.871587,6.828065]]]]}},{"type":"Feature","properties":{},"geometry":{"type":"MultiPolygon","coordinates":[[[[79.866891,6.826342],[79.866897,6.826432],[79.866962,6.826428],[79.866957,6.826338],[79.866891,6.826342]]]]}},{"type":"Feature","properties":{},"geometry":{"type":"MultiPolygon","coordinates":[[[[79.870431,6.832923],[79.870536,6.833008],[79.8706,6.83293],[79.870496,6.832845],[79.870431,6.832923]]]]}},{"type":"Feature","properties":{},"geometry":{"type":"MultiPolygon","coordinates":[[[[79.866599,6.827991],[79.866411,6.827996],[79.866415,6.828123],[79.866602,6.828119],[79.866599,6.827991]]]]}},{"type":"Feature","properties":{},"geometry":{"type":"MultiPolygon","coordinates":[[[[79.866046,6.832203],[79.86596,6.832206],[79.865967,6.8324],[79.866052,6.832398],[79.866046,6.832203]]]]}},{"type":"Feature","properties":{},"geometry":{"type":"MultiPolygon","coordinates":[[[[79.869283,6.83248],[79.869278,6.832605],[79.86942,6.83261],[79.869424,6.832509],[79.869354,6.832506],[79.869355,6.832483],[79.869283,6.83248]]]]}},{"type":"Feature","properties":{},"geometry":{"type":"MultiPolygon","coordinates":[[[[79.864779,6.829427],[79.864776,6.829502],[79.864849,6.829505],[79.864852,6.82943],[79.864779,6.829427]]]]}},{"type":"Feature","properties":{},"geometry":{"type":"MultiPolygon","coordinates":[[[[79.868702,6.832129],[79.868897,6.832123],[79.868893,6.831991],[79.868698,6.831997],[79.868702,6.832129]]]]}},{"type":"Feature","properties":{},"geometry":{"type":"MultiPolygon","coordinates":[[[[79.867504,6.829555],[79.867632,6.82956],[79.867635,6.829459],[79.867508,6.829454],[79.867504,6.829555]]]]}},{"type":"Feature","properties":{},"geometry":{"type":"MultiPolygon","coordinates":[[[[79.865584,6.82677],[79.865509,6.826751],[79.865476,6.826874],[79.865552,6.826893],[79.865584,6.82677]]]]}},{"type":"Feature","properties":{},"geometry":{"type":"MultiPolygon","coordinates":[[[[79.869419,6.833882],[79.869506,6.833886],[79.869511,6.833785],[79.869473,6.833783],[79.869479,6.833664],[79.869401,6.83366],[79.869395,6.833785],[79.869423,6.833786],[79.869419,6.833882]]]]}},{"type":"Feature","properties":{},"geometry":{"type":"MultiPolygon","coordinates":[[[[79.871549,6.830465],[79.871522,6.83057],[79.871725,6.830621],[79.871751,6.830516],[79.871549,6.830465]]]]}},{"type":"Feature","properties":{},"geometry":{"type":"MultiPolygon","coordinates":[[[[79.871234,6.832377],[79.871298,6.832467],[79.871365,6.83242],[79.8713,6.83233],[79.871234,6.832377]]]]}},{"type":"Feature","properties":{},"geometry":{"type":"MultiPolygon","coordinates":[[[[79.86677,6.829775],[79.866735,6.829777],[79.866738,6.829823],[79.866671,6.829827],[79.866673,6.829859],[79.866774,6.829853],[79.86677,6.829775]]]]}},{"type":"Feature","properties":{},"geometry":{"type":"MultiPolygon","coordinates":[[[[79.868903,6.830533],[79.868847,6.83053],[79.868845,6.830564],[79.868794,6.830561],[79.868792,6.830603],[79.86867,6.830597],[79.868663,6.830722],[79.868781,6.830728],[79.868778,6.830776],[79.86889,6.830782],[79.868903,6.830533]]]]}},{"type":"Feature","properties":{},"geometry":{"type":"MultiPolygon","coordinates":[[[[79.866489,6.826281],[79.866386,6.826279],[79.866384,6.826356],[79.866488,6.826358],[79.866489,6.826281]]]]}},{"type":"Feature","properties":{},"geometry":{"type":"MultiPolygon","coordinates":[[[[79.8676,6.829856],[79.867789,6.829868],[79.867795,6.82979],[79.867605,6.829777],[79.8676,6.829856]]]]}},{"type":"Feature","properties":{},"geometry":{"type":"MultiPolygon","coordinates":[[[[79.865923,6.827184],[79.865918,6.827285],[79.866002,6.827289],[79.866008,6.82716],[79.865948,6.827157],[79.86595,6.827111],[79.865899,6.827108],[79.865896,6.827183],[79.865923,6.827184]]]]}},{"type":"Feature","properties":{},"geometry":{"type":"MultiPolygon","coordinates":[[[[79.868046,6.833198],[79.868049,6.833287],[79.868197,6.833282],[79.868194,6.833193],[79.868046,6.833198]]]]}},{"type":"Feature","properties":{},"geometry":{"type":"MultiPolygon","coordinates":[[[[79.8701,6.834376],[79.87019,6.834321],[79.870069,6.834318],[79.870066,6.834395],[79.8701,6.834376]]]]}},{"type":"Feature","properties":{},"geometry":{"type":"MultiPolygon","coordinates":[[[[79.866621,6.8278],[79.866621,6.827832],[79.866685,6.82783],[79.866684,6.827798],[79.866621,6.8278]]]]}},{"type":"Feature","properties":{},"geometry":{"type":"MultiPolygon","coordinates":[[[[79.866389,6.826959],[79.866526,6.826964],[79.866532,6.826769],[79.866469,6.826767],[79.866467,6.826814],[79.866394,6.826812],[79.866389,6.826959]]]]}},{"type":"Feature","properties":{},"geometry":{"type":"MultiPolygon","coordinates":[[[[79.867441,6.829107],[79.867628,6.829109],[79.867629,6.828984],[79.867603,6.828984],[79.867604,6.828949],[79.867365,6.828946],[79.867364,6.829044],[79.867442,6.829045],[79.867441,6.829107]]]]}},{"type":"Feature","properties":{},"geometry":{"type":"MultiPolygon","coordinates":[[[[79.871367,6.827899],[79.871333,6.828078],[79.871414,6.828093],[79.871432,6.827998],[79.871469,6.828005],[79.871485,6.827922],[79.871367,6.827899]]]]}},{"type":"Feature","properties":{},"geometry":{"type":"MultiPolygon","coordinates":[[[[79.869615,6.826633],[79.869612,6.826685],[79.86974,6.826693],[79.869736,6.826743],[79.869803,6.826748],[79.86981,6.826646],[79.869615,6.826633]]]]}},{"type":"Feature","properties":{},"geometry":{"type":"MultiPolygon","coordinates":[[[[79.863764,6.830263],[79.863759,6.830375],[79.863913,6.830381],[79.863917,6.830269],[79.863764,6.830263]]]]}},{"type":"Feature","properties":{},"geometry":{"type":"MultiPolygon","coordinates":[[[[79.86816,6.831638],[79.86809,6.831639],[79.868093,6.831779],[79.868163,6.831777],[79.86816,6.831638]]]]}},{"type":"Feature","properties":{},"geometry":{"type":"MultiPolygon","coordinates":[[[[79.871676,6.830129],[79.87186,6.830145],[79.871868,6.83005],[79.871806,6.830044],[79.871808,6.830021],[79.871686,6.83001],[79.871676,6.830129]]]]}},{"type":"Feature","properties":{},"geometry":{"type":"MultiPolygon","coordinates":[[[[79.86479,6.830212],[79.864956,6.830216],[79.864958,6.830134],[79.864792,6.83013],[79.86479,6.830212]]]]}},{"type":"Feature","properties":{},"geometry":{"type":"MultiPolygon","coordinates":[[[[79.867091,6.827945],[79.867088,6.827853],[79.866874,6.82786],[79.866877,6.827952],[79.867091,6.827945]]]]}},{"type":"Feature","properties":{},"geometry":{"type":"MultiPolygon","coordinates":[[[[79.868503,6.834947],[79.868643,6.834923],[79.868644,6.834923],[79.868646,6.834874],[79.868458,6.834867],[79.868455,6.834954],[79.868503,6.834947]]]]}},{"type":"Feature","properties":{},"geometry":{"type":"MultiPolygon","coordinates":[[[[79.868539,6.831652],[79.868536,6.831555],[79.868264,6.831561],[79.868266,6.831658],[79.868539,6.831652]]]]}},{"type":"Feature","properties":{},"geometry":{"type":"MultiPolygon","coordinates":[[[[79.866288,6.830042],[79.86635,6.830045],[79.866354,6.829964],[79.866159,6.829954],[79.866153,6.830062],[79.866287,6.830069],[79.866288,6.830042]]]]}},{"type":"Feature","properties":{},"geometry":{"type":"MultiPolygon","coordinates":[[[[79.868067,6.831966],[79.868069,6.831845],[79.86801,6.831844],[79.868008,6.831965],[79.868067,6.831966]]]]}},{"type":"Feature","properties":{},"geometry":{"type":"MultiPolygon","coordinates":[[[[79.866941,6.826165],[79.866935,6.826207],[79.867024,6.826219],[79.867029,6.826177],[79.866941,6.826165]]]]}},{"type":"Feature","properties":{},"geometry":{"type":"MultiPolygon","coordinates":[[[[79.869093,6.830943],[79.869083,6.831091],[79.868992,6.831085],[79.868978,6.831287],[79.869008,6.831289],[79.869005,6.831331],[79.869256,6.831348],[79.869264,6.831231],[79.869165,6.831225],[79.869168,6.831188],[79.869117,6.831184],[79.869119,6.831155],[79.869258,6.831164],[79.869272,6.830955],[79.869093,6.830943]]]]}},{"type":"Feature","properties":{},"geometry":{"type":"MultiPolygon","coordinates":[[[[79.86606,6.826812],[79.865975,6.826758],[79.865915,6.82685],[79.86589,6.826834],[79.865819,6.826944],[79.865891,6.82699],[79.865961,6.826882],[79.865999,6.826906],[79.86606,6.826812]]]]}},{"type":"Feature","properties":{},"geometry":{"type":"MultiPolygon","coordinates":[[[[79.871665,6.831871],[79.871591,6.831909],[79.871688,6.832096],[79.871762,6.832058],[79.871665,6.831871]]]]}},{"type":"Feature","properties":{},"geometry":{"type":"MultiPolygon","coordinates":[[[[79.870337,6.834143],[79.870341,6.834097],[79.870229,6.834085],[79.870224,6.834132],[79.870337,6.834143]]]]}},{"type":"Feature","properties":{},"geometry":{"type":"MultiPolygon","coordinates":[[[[79.867856,6.828365],[79.867853,6.828261],[79.867864,6.828261],[79.86786,6.828131],[79.867814,6.828132],[79.867813,6.8281],[79.867741,6.828102],[79.867746,6.828275],[79.867537,6.828281],[79.86754,6.828369],[79.867722,6.828364],[79.867722,6.828369],[79.867856,6.828365]]]]}},{"type":"Feature","properties":{},"geometry":{"type":"MultiPolygon","coordinates":[[[[79.866512,6.827839],[79.866406,6.827841],[79.866409,6.827969],[79.866515,6.827967],[79.866512,6.827839]]]]}},{"type":"Feature","properties":{},"geometry":{"type":"MultiPolygon","coordinates":[[[[79.867928,6.828168],[79.868048,6.828189],[79.868067,6.82808],[79.867947,6.82806],[79.867928,6.828168]]]]}},{"type":"Feature","properties":{},"geometry":{"type":"MultiPolygon","coordinates":[[[[79.871772,6.82831],[79.871742,6.828257],[79.871732,6.828402],[79.871778,6.828406],[79.87178,6.828387],[79.871814,6.82839],[79.871772,6.82831]]]]}},{"type":"Feature","properties":{},"geometry":{"type":"MultiPolygon","coordinates":[[[[79.871268,6.8312],[79.871511,6.831278],[79.871589,6.831039],[79.871317,6.830952],[79.871317,6.830952],[79.871242,6.830927],[79.871206,6.831038],[79.871309,6.831071],[79.871295,6.831113],[79.871296,6.831114],[79.871268,6.8312]]]]}},{"type":"Feature","properties":{},"geometry":{"type":"MultiPolygon","coordinates":[[[[79.863283,6.830614],[79.863287,6.830696],[79.863307,6.830696],[79.863304,6.83061],[79.863283,6.830611],[79.863283,6.830614]]]]}},{"type":"Feature","properties":{},"geometry":{"type":"MultiPolygon","coordinates":[[[[79.866092,6.828031],[79.866093,6.828117],[79.866201,6.828116],[79.8662,6.828029],[79.866092,6.828031]]]]}},{"type":"Feature","properties":{},"geometry":{"type":"MultiPolygon","coordinates":[[[[79.86678,6.826267],[79.866775,6.82644],[79.866874,6.826443],[79.866879,6.82627],[79.86678,6.826267]]]]}},{"type":"Feature","properties":{},"geometry":{"type":"MultiPolygon","coordinates":[[[[79.868266,6.831377],[79.868268,6.831414],[79.868341,6.83141],[79.868339,6.831373],[79.868266,6.831377]]]]}},{"type":"Feature","properties":{},"geometry":{"type":"MultiPolygon","coordinates":[[[[79.867284,6.831],[79.867281,6.830925],[79.867233,6.830928],[79.867236,6.831002],[79.867284,6.831]]]]}},{"type":"Feature","properties":{},"geometry":{"type":"MultiPolygon","coordinates":[[[[79.869116,6.832001],[79.869115,6.832067],[79.869225,6.832068],[79.869223,6.832263],[79.869301,6.832263],[79.869302,6.832189],[79.869353,6.832189],[79.869354,6.832003],[79.869116,6.832001]]]]}},{"type":"Feature","properties":{},"geometry":{"type":"MultiPolygon","coordinates":[[[[79.865996,6.829625],[79.865997,6.829521],[79.865828,6.82952],[79.865827,6.829623],[79.865996,6.829625]]]]}},{"type":"Feature","properties":{},"geometry":{"type":"MultiPolygon","coordinates":[[[[79.866182,6.826634],[79.866188,6.826768],[79.866277,6.826764],[79.866271,6.82663],[79.866182,6.826634]]]]}},{"type":"Feature","properties":{},"geometry":{"type":"MultiPolygon","coordinates":[[[[79.8703,6.828184],[79.870299,6.828261],[79.870358,6.828262],[79.870359,6.828185],[79.8703,6.828184]]]]}},{"type":"Feature","properties":{},"geometry":{"type":"MultiPolygon","coordinates":[[[[79.864195,6.829944],[79.864194,6.82989],[79.86416,6.82989],[79.86416,6.829846],[79.864189,6.829846],[79.864188,6.829739],[79.864034,6.829741],[79.864036,6.829898],[79.864018,6.829898],[79.864019,6.829946],[79.864195,6.829944]]]]}},{"type":"Feature","properties":{},"geometry":{"type":"MultiPolygon","coordinates":[[[[79.868862,6.834597],[79.868675,6.834574],[79.868661,6.834691],[79.868847,6.834713],[79.868862,6.834597]]]]}},{"type":"Feature","properties":{},"geometry":{"type":"MultiPolygon","coordinates":[[[[79.866423,6.8265],[79.866421,6.826394],[79.866346,6.826395],[79.866348,6.826501],[79.866423,6.8265]]]]}},{"type":"Feature","properties":{},"geometry":{"type":"MultiPolygon","coordinates":[[[[79.865846,6.833721],[79.865949,6.833724],[79.865954,6.833555],[79.865851,6.833552],[79.865846,6.833721]]]]}},{"type":"Feature","properties":{},"geometry":{"type":"MultiPolygon","coordinates":[[[[79.869802,6.83366],[79.869955,6.833667],[79.869961,6.833546],[79.869808,6.833539],[79.869802,6.83366]]]]}},{"type":"Feature","properties":{},"geometry":{"type":"MultiPolygon","coordinates":[[[[79.866255,6.827232],[79.866259,6.827357],[79.866369,6.827353],[79.866365,6.827228],[79.866255,6.827232]]]]}},{"type":"Feature","properties":{},"geometry":{"type":"MultiPolygon","coordinates":[[[[79.866257,6.834357],[79.866263,6.83448],[79.866378,6.834474],[79.866372,6.834352],[79.866257,6.834357]]]]}},{"type":"Feature","properties":{},"geometry":{"type":"MultiPolygon","coordinates":[[[[79.864798,6.832256],[79.864795,6.832137],[79.864699,6.832139],[79.864701,6.832257],[79.864798,6.832256]]]]}},{"type":"Feature","properties":{},"geometry":{"type":"MultiPolygon","coordinates":[[[[79.869398,6.827636],[79.869331,6.827623],[79.869322,6.827669],[79.86939,6.827682],[79.869398,6.827636]]]]}},{"type":"Feature","properties":{},"geometry":{"type":"MultiPolygon","coordinates":[[[[79.865026,6.833611],[79.864919,6.833616],[79.864925,6.833749],[79.865032,6.833744],[79.865026,6.833611]]]]}},{"type":"Feature","properties":{},"geometry":{"type":"MultiPolygon","coordinates":[[[[79.87022,6.831515],[79.870332,6.83151],[79.870328,6.831401],[79.870215,6.831406],[79.87022,6.831515]]]]}},{"type":"Feature","properties":{},"geometry":{"type":"MultiPolygon","coordinates":[[[[79.86704,6.834936],[79.867041,6.834867],[79.867,6.834866],[79.866999,6.834929],[79.86704,6.834936]]]]}},{"type":"Feature","properties":{},"geometry":{"type":"MultiPolygon","coordinates":[[[[79.868355,6.834719],[79.86835,6.834833],[79.868505,6.834839],[79.868509,6.834725],[79.868355,6.834719]]]]}},{"type":"Feature","properties":{},"geometry":{"type":"MultiPolygon","coordinates":[[[[79.871791,6.830425],[79.871679,6.830378],[79.871644,6.830462],[79.871756,6.830509],[79.871791,6.830425]]]]}},{"type":"Feature","properties":{},"geometry":{"type":"MultiPolygon","coordinates":[[[[79.869433,6.827682],[79.869434,6.827821],[79.869587,6.82782],[79.869585,6.82761],[79.869518,6.82761],[79.869519,6.827682],[79.869433,6.827682]]]]}},{"type":"Feature","properties":{},"geometry":{"type":"MultiPolygon","coordinates":[[[[79.866707,6.830154],[79.866641,6.83015],[79.866637,6.830235],[79.866702,6.830239],[79.866707,6.830154]]]]}},{"type":"Feature","properties":{},"geometry":{"type":"MultiPolygon","coordinates":[[[[79.867755,6.83188],[79.867755,6.831853],[79.867663,6.831856],[79.867664,6.831882],[79.867755,6.83188]]]]}},{"type":"Feature","properties":{},"geometry":{"type":"MultiPolygon","coordinates":[[[[79.867609,6.83388],[79.867682,6.833878],[79.867681,6.833835],[79.86744,6.833841],[79.867442,6.83395],[79.867611,6.833946],[79.867609,6.83388]]]]}},{"type":"Feature","properties":{},"geometry":{"type":"MultiPolygon","coordinates":[[[[79.870811,6.827103],[79.870811,6.827118],[79.870827,6.827118],[79.870811,6.827103]]]]}},{"type":"Feature","properties":{},"geometry":{"type":"MultiPolygon","coordinates":[[[[79.871063,6.833177],[79.871139,6.833209],[79.871204,6.833061],[79.87104,6.832991],[79.870993,6.833099],[79.871081,6.833136],[79.871063,6.833177]]]]}},{"type":"Feature","properties":{},"geometry":{"type":"MultiPolygon","coordinates":[[[[79.866146,6.834134],[79.866295,6.834128],[79.866292,6.834035],[79.866143,6.83404],[79.866146,6.834134]]]]}},{"type":"Feature","properties":{},"geometry":{"type":"MultiPolygon","coordinates":[[[[79.865474,6.831414],[79.865479,6.831219],[79.865407,6.831217],[79.865405,6.831274],[79.865336,6.831272],[79.865332,6.831411],[79.865474,6.831414]]]]}},{"type":"Feature","properties":{},"geometry":{"type":"MultiPolygon","coordinates":[[[[79.866572,6.832999],[79.867139,6.833023],[79.867154,6.832683],[79.866587,6.832659],[79.866572,6.832999]]]]}},{"type":"Feature","properties":{},"geometry":{"type":"MultiPolygon","coordinates":[[[[79.864361,6.832981],[79.864359,6.833119],[79.86453,6.833122],[79.864533,6.832983],[79.864361,6.832981]]]]}},{"type":"Feature","properties":{},"geometry":{"type":"MultiPolygon","coordinates":[[[[79.866277,6.831511],[79.86636,6.83151],[79.866359,6.831426],[79.866276,6.831427],[79.866277,6.831511]]]]}},{"type":"Feature","properties":{},"geometry":{"type":"MultiPolygon","coordinates":[[[[79.869488,6.82906],[79.869748,6.829055],[79.869746,6.828941],[79.869486,6.828945],[79.869488,6.82906]]]]}},{"type":"Feature","properties":{},"geometry":{"type":"MultiPolygon","coordinates":[[[[79.870422,6.832026],[79.870504,6.832044],[79.870526,6.831943],[79.870444,6.831925],[79.870422,6.832026]]]]}},{"type":"Feature","properties":{},"geometry":{"type":"MultiPolygon","coordinates":[[[[79.87087,6.833493],[79.870838,6.833581],[79.870941,6.833618],[79.870973,6.83353],[79.87087,6.833493]]]]}},{"type":"Feature","properties":{},"geometry":{"type":"MultiPolygon","coordinates":[[[[79.866912,6.828738],[79.866917,6.82867],[79.866836,6.828664],[79.866831,6.828732],[79.866912,6.828738]]]]}},{"type":"Feature","properties":{},"geometry":{"type":"MultiPolygon","coordinates":[[[[79.866783,6.831613],[79.866636,6.831616],[79.866639,6.831737],[79.866785,6.831734],[79.866783,6.831613]]]]}},{"type":"Feature","properties":{},"geometry":{"type":"MultiPolygon","coordinates":[[[[79.867163,6.828577],[79.867164,6.828633],[79.867239,6.828632],[79.867238,6.828577],[79.867163,6.828577]]]]}},{"type":"Feature","properties":{},"geometry":{"type":"MultiPolygon","coordinates":[[[[79.868651,6.832522],[79.868648,6.832599],[79.868825,6.832605],[79.868826,6.832571],[79.868845,6.832571],[79.868843,6.832615],[79.868913,6.832618],[79.868916,6.832531],[79.868651,6.832522]]]]}},{"type":"Feature","properties":{},"geometry":{"type":"MultiPolygon","coordinates":[[[[79.865536,6.832207],[79.865471,6.832208],[79.865473,6.832373],[79.865539,6.832372],[79.865536,6.832207]]]]}},{"type":"Feature","properties":{},"geometry":{"type":"MultiPolygon","coordinates":[[[[79.865342,6.828307],[79.865346,6.828179],[79.865268,6.828177],[79.865265,6.828305],[79.865342,6.828307]]]]}},{"type":"Feature","properties":{},"geometry":{"type":"MultiPolygon","coordinates":[[[[79.869649,6.828382],[79.869652,6.828484],[79.869706,6.828482],[79.869707,6.828519],[79.869771,6.828517],[79.869767,6.828378],[79.869649,6.828382]]]]}},{"type":"Feature","properties":{},"geometry":{"type":"MultiPolygon","coordinates":[[[[79.864593,6.830284],[79.864667,6.83035],[79.864689,6.830326],[79.864615,6.83026],[79.864593,6.830284]]]]}},{"type":"Feature","properties":{},"geometry":{"type":"MultiPolygon","coordinates":[[[[79.867114,6.828422],[79.867118,6.828541],[79.867246,6.828538],[79.867243,6.828418],[79.867114,6.828422]]]]}},{"type":"Feature","properties":{},"geometry":{"type":"MultiPolygon","coordinates":[[[[79.866431,6.833993],[79.866429,6.834078],[79.86662,6.834082],[79.866621,6.833997],[79.866431,6.833993]]]]}},{"type":"Feature","properties":{},"geometry":{"type":"MultiPolygon","coordinates":[[[[79.863542,6.830066],[79.863575,6.830068],[79.863578,6.830021],[79.863402,6.830012],[79.863398,6.830087],[79.86354,6.830095],[79.863542,6.830066]]]]}},{"type":"Feature","properties":{},"geometry":{"type":"MultiPolygon","coordinates":[[[[79.870378,6.833644],[79.870252,6.833599],[79.870199,6.833746],[79.870324,6.833791],[79.870378,6.833644]]]]}},{"type":"Feature","properties":{},"geometry":{"type":"MultiPolygon","coordinates":[[[[79.8655,6.833586],[79.865504,6.833677],[79.865442,6.833679],[79.865443,6.833711],[79.865505,6.833708],[79.865504,6.833679],[79.865557,6.833677],[79.865553,6.833584],[79.8655,6.833586]]]]}},{"type":"Feature","properties":{},"geometry":{"type":"MultiPolygon","coordinates":[[[[79.865373,6.828421],[79.865542,6.828452],[79.865555,6.828383],[79.86557,6.828385],[79.865598,6.828234],[79.865502,6.828216],[79.865474,6.828368],[79.865386,6.828352],[79.865373,6.828421]]]]}},{"type":"Feature","properties":{},"geometry":{"type":"MultiPolygon","coordinates":[[[[79.8662,6.833049],[79.866194,6.833165],[79.866266,6.833168],[79.866265,6.833199],[79.866316,6.833202],[79.866323,6.833055],[79.8662,6.833049]]]]}},{"type":"Feature","properties":{},"geometry":{"type":"MultiPolygon","coordinates":[[[[79.865171,6.830883],[79.8653,6.830886],[79.865303,6.830767],[79.865174,6.830764],[79.865171,6.830883]]]]}},{"type":"Feature","properties":{},"geometry":{"type":"MultiPolygon","coordinates":[[[[79.867671,6.825961],[79.867612,6.825964],[79.867609,6.825998],[79.867751,6.826013],[79.867757,6.82596],[79.867671,6.825961]]]]}},{"type":"Feature","properties":{},"geometry":{"type":"MultiPolygon","coordinates":[[[[79.86855,6.827789],[79.868415,6.827758],[79.86838,6.827905],[79.868515,6.827936],[79.86855,6.827789]]]]}},{"type":"Feature","properties":{},"geometry":{"type":"MultiPolygon","coordinates":[[[[79.869588,6.833877],[79.869595,6.833704],[79.869525,6.833701],[79.869518,6.833875],[79.869588,6.833877]]]]}},{"type":"Feature","properties":{},"geometry":{"type":"MultiPolygon","coordinates":[[[[79.864982,6.827771],[79.864874,6.827767],[79.86487,6.827873],[79.864978,6.827877],[79.864982,6.827771]]]]}},{"type":"Feature","properties":{},"geometry":{"type":"MultiPolygon","coordinates":[[[[79.867999,6.826732],[79.867975,6.826907],[79.868326,6.826953],[79.868349,6.826778],[79.867999,6.826732]]]]}},{"type":"Feature","properties":{},"geometry":{"type":"MultiPolygon","coordinates":[[[[79.868584,6.83378],[79.868791,6.833776],[79.868789,6.833659],[79.868582,6.833663],[79.868584,6.83378]]]]}},{"type":"Feature","properties":{},"geometry":{"type":"MultiPolygon","coordinates":[[[[79.871194,6.832178],[79.871113,6.832246],[79.87119,6.832335],[79.871271,6.832267],[79.871194,6.832178]]]]}},{"type":"Feature","properties":{},"geometry":{"type":"MultiPolygon","coordinates":[[[[79.868424,6.832354],[79.868417,6.832245],[79.868326,6.832251],[79.868333,6.83236],[79.868424,6.832354]]]]}},{"type":"Feature","properties":{},"geometry":{"type":"MultiPolygon","coordinates":[[[[79.866433,6.829476],[79.866163,6.829478],[79.866163,6.829507],[79.866195,6.829507],[79.866195,6.829564],[79.866433,6.829563],[79.866433,6.829476]]]]}},{"type":"Feature","properties":{},"geometry":{"type":"MultiPolygon","coordinates":[[[[79.870342,6.829759],[79.870302,6.829967],[79.870468,6.829998],[79.870483,6.829918],[79.870398,6.829902],[79.870402,6.82988],[79.870568,6.829911],[79.870578,6.829859],[79.870549,6.829853],[79.870559,6.829799],[79.870342,6.829759]]]]}},{"type":"Feature","properties":{},"geometry":{"type":"MultiPolygon","coordinates":[[[[79.863321,6.831074],[79.863326,6.831075],[79.863331,6.831041],[79.863316,6.831039],[79.863321,6.831074]]]]}},{"type":"Feature","properties":{},"geometry":{"type":"MultiPolygon","coordinates":[[[[79.864837,6.829216],[79.864843,6.829086],[79.864741,6.829081],[79.864736,6.829211],[79.864837,6.829216]]]]}},{"type":"Feature","properties":{},"geometry":{"type":"MultiPolygon","coordinates":[[[[79.868642,6.833536],[79.868578,6.833533],[79.868573,6.833631],[79.868638,6.833634],[79.868642,6.833536]]]]}},{"type":"Feature","properties":{},"geometry":{"type":"MultiPolygon","coordinates":[[[[79.87017,6.833905],[79.87018,6.833797],[79.870016,6.833781],[79.870003,6.833913],[79.870117,6.833924],[79.870119,6.8339],[79.87017,6.833905]]]]}},{"type":"Feature","properties":{},"geometry":{"type":"MultiPolygon","coordinates":[[[[79.871607,6.831522],[79.871494,6.831464],[79.871502,6.831449],[79.87144,6.831417],[79.871274,6.831733],[79.871449,6.831824],[79.871607,6.831522]]]]}},{"type":"Feature","properties":{},"geometry":{"type":"MultiPolygon","coordinates":[[[[79.865353,6.831027],[79.86545,6.83103],[79.865453,6.830926],[79.865356,6.830923],[79.865353,6.831027]]]]}},{"type":"Feature","properties":{},"geometry":{"type":"MultiPolygon","coordinates":[[[[79.869449,6.826624],[79.869404,6.826781],[79.869572,6.826828],[79.869585,6.826781],[79.869523,6.826763],[79.869554,6.826653],[79.869449,6.826624]]]]}},{"type":"Feature","properties":{},"geometry":{"type":"MultiPolygon","coordinates":[[[[79.867183,6.827238],[79.867186,6.827127],[79.867109,6.827125],[79.867106,6.827236],[79.867183,6.827238]]]]}},{"type":"Feature","properties":{},"geometry":{"type":"MultiPolygon","coordinates":[[[[79.870029,6.834082],[79.870141,6.834084],[79.870144,6.833941],[79.870031,6.833939],[79.870029,6.834082]]]]}},{"type":"Feature","properties":{},"geometry":{"type":"MultiPolygon","coordinates":[[[[79.866221,6.833756],[79.866048,6.833759],[79.86605,6.833829],[79.866223,6.833825],[79.866221,6.833756]]]]}},{"type":"Feature","properties":{},"geometry":{"type":"MultiPolygon","coordinates":[[[[79.864433,6.827697],[79.864435,6.827633],[79.864328,6.827629],[79.864326,6.827693],[79.864433,6.827697]]]]}},{"type":"Feature","properties":{},"geometry":{"type":"MultiPolygon","coordinates":[[[[79.866882,6.828181],[79.866793,6.828184],[79.866798,6.82833],[79.866887,6.828327],[79.866882,6.828181]]]]}},{"type":"Feature","properties":{},"geometry":{"type":"MultiPolygon","coordinates":[[[[79.870539,6.828103],[79.870597,6.828116],[79.870608,6.828071],[79.87055,6.828057],[79.870539,6.828103]]]]}},{"type":"Feature","properties":{},"geometry":{"type":"MultiPolygon","coordinates":[[[[79.864451,6.828635],[79.864301,6.828664],[79.864321,6.828764],[79.864471,6.828735],[79.864451,6.828635]]]]}},{"type":"Feature","properties":{},"geometry":{"type":"MultiPolygon","coordinates":[[[[79.866391,6.829974],[79.866533,6.829973],[79.866533,6.829912],[79.866391,6.829913],[79.866391,6.829974]]]]}},{"type":"Feature","properties":{},"geometry":{"type":"MultiPolygon","coordinates":[[[[79.870732,6.833173],[79.870634,6.833132],[79.870562,6.833303],[79.87066,6.833344],[79.870732,6.833173]]]]}},{"type":"Feature","properties":{},"geometry":{"type":"MultiPolygon","coordinates":[[[[79.869666,6.827241],[79.869724,6.827249],[79.869735,6.827165],[79.869677,6.827158],[79.869666,6.827241]]]]}},{"type":"Feature","properties":{},"geometry":{"type":"MultiPolygon","coordinates":[[[[79.865641,6.828119],[79.865686,6.828119],[79.865685,6.827968],[79.86564,6.827969],[79.865641,6.828119]]]]}},{"type":"Feature","properties":{},"geometry":{"type":"MultiPolygon","coordinates":[[[[79.870671,6.829889],[79.870799,6.82991],[79.870808,6.829856],[79.87068,6.829835],[79.870671,6.829889]]]]}},{"type":"Feature","properties":{},"geometry":{"type":"MultiPolygon","coordinates":[[[[79.868403,6.827753],[79.868286,6.827739],[79.868276,6.827826],[79.868392,6.82784],[79.868403,6.827753]]]]}},{"type":"Feature","properties":{},"geometry":{"type":"MultiPolygon","coordinates":[[[[79.870844,6.832344],[79.870776,6.832279],[79.870709,6.832349],[79.870793,6.832429],[79.870844,6.832377],[79.870828,6.832361],[79.870844,6.832344]]]]}},{"type":"Feature","properties":{},"geometry":{"type":"MultiPolygon","coordinates":[[[[79.864526,6.832938],[79.864532,6.832764],[79.864371,6.832759],[79.864366,6.832933],[79.864526,6.832938]]]]}},{"type":"Feature","properties":{},"geometry":{"type":"MultiPolygon","coordinates":[[[[79.865836,6.831532],[79.865825,6.831469],[79.865794,6.831475],[79.865805,6.831538],[79.865836,6.831532]]]]}},{"type":"Feature","properties":{},"geometry":{"type":"MultiPolygon","coordinates":[[[[79.870412,6.831678],[79.870407,6.831868],[79.870477,6.83187],[79.870481,6.831679],[79.870412,6.831678]]]]}},{"type":"Feature","properties":{},"geometry":{"type":"MultiPolygon","coordinates":[[[[79.866083,6.827931],[79.866085,6.828026],[79.866187,6.828024],[79.866184,6.827928],[79.866083,6.827931]]]]}},{"type":"Feature","properties":{},"geometry":{"type":"MultiPolygon","coordinates":[[[[79.86517,6.833759],[79.865167,6.83365],[79.865064,6.833653],[79.865067,6.833762],[79.86517,6.833759]]]]}},{"type":"Feature","properties":{},"geometry":{"type":"MultiPolygon","coordinates":[[[[79.869523,6.831524],[79.869363,6.831529],[79.869364,6.831589],[79.869525,6.831584],[79.869523,6.831524]]]]}},{"type":"Feature","properties":{},"geometry":{"type":"MultiPolygon","coordinates":[[[[79.86606,6.826813],[79.866059,6.826919],[79.866147,6.82692],[79.866149,6.826814],[79.86606,6.826813]]]]}},{"type":"Feature","properties":{},"geometry":{"type":"MultiPolygon","coordinates":[[[[79.868652,6.828566],[79.868622,6.828678],[79.86873,6.828706],[79.86876,6.828594],[79.868652,6.828566]]]]}},{"type":"Feature","properties":{},"geometry":{"type":"MultiPolygon","coordinates":[[[[79.869354,6.827857],[79.869347,6.827989],[79.86947,6.827995],[79.869477,6.827863],[79.869354,6.827857]]]]}},{"type":"Feature","properties":{},"geometry":{"type":"MultiPolygon","coordinates":[[[[79.868348,6.830524],[79.8683,6.830505],[79.868278,6.830557],[79.868327,6.830577],[79.868348,6.830524]]]]}},{"type":"Feature","properties":{},"geometry":{"type":"MultiPolygon","coordinates":[[[[79.865236,6.831346],[79.865168,6.831349],[79.86517,6.831411],[79.865238,6.831409],[79.865236,6.831346]]]]}},{"type":"Feature","properties":{},"geometry":{"type":"MultiPolygon","coordinates":[[[[79.865069,6.828195],[79.865069,6.828349],[79.865179,6.828349],[79.865179,6.828272],[79.865187,6.828272],[79.865187,6.828149],[79.865107,6.828149],[79.865107,6.828195],[79.865069,6.828195]]]]}},{"type":"Feature","properties":{},"geometry":{"type":"MultiPolygon","coordinates":[[[[79.868682,6.829499],[79.868668,6.829571],[79.868854,6.829607],[79.868868,6.829536],[79.868682,6.829499]]]]}},{"type":"Feature","properties":{},"geometry":{"type":"MultiPolygon","coordinates":[[[[79.863953,6.830968],[79.864018,6.830973],[79.86402,6.830943],[79.863955,6.830938],[79.863953,6.830968]]]]}},{"type":"Feature","properties":{},"geometry":{"type":"MultiPolygon","coordinates":[[[[79.864687,6.831649],[79.864681,6.831793],[79.864783,6.831798],[79.864789,6.831653],[79.864687,6.831649]]]]}},{"type":"Feature","properties":{},"geometry":{"type":"MultiPolygon","coordinates":[[[[79.87043,6.826972],[79.870434,6.827125],[79.870516,6.827123],[79.870513,6.827018],[79.870556,6.827017],[79.870555,6.826969],[79.87043,6.826972]]]]}},{"type":"Feature","properties":{},"geometry":{"type":"MultiPolygon","coordinates":[[[[79.867548,6.828637],[79.867551,6.828469],[79.867441,6.828468],[79.867438,6.828635],[79.867548,6.828637]]]]}},{"type":"Feature","properties":{},"geometry":{"type":"MultiPolygon","coordinates":[[[[79.868773,6.833554],[79.868645,6.833558],[79.868648,6.833646],[79.868776,6.833642],[79.868773,6.833554]]]]}},{"type":"Feature","properties":{},"geometry":{"type":"MultiPolygon","coordinates":[[[[79.869778,6.832389],[79.869897,6.832415],[79.869892,6.832438],[79.86997,6.832454],[79.870001,6.832314],[79.869923,6.832298],[79.869931,6.832259],[79.869812,6.832234],[79.869778,6.832389]]]]}},{"type":"Feature","properties":{},"geometry":{"type":"MultiPolygon","coordinates":[[[[79.864249,6.832792],[79.864246,6.832672],[79.864088,6.832676],[79.864091,6.832796],[79.864249,6.832792]]]]}},{"type":"Feature","properties":{},"geometry":{"type":"MultiPolygon","coordinates":[[[[79.866846,6.828626],[79.866974,6.828624],[79.866972,6.828536],[79.866845,6.828538],[79.866846,6.828626]]]]}},{"type":"Feature","properties":{},"geometry":{"type":"MultiPolygon","coordinates":[[[[79.869413,6.82898],[79.869319,6.828984],[79.869324,6.829085],[79.869418,6.829081],[79.869413,6.82898]]]]}},{"type":"Feature","properties":{},"geometry":{"type":"MultiPolygon","coordinates":[[[[79.865111,6.832773],[79.86511,6.832813],[79.865035,6.83281],[79.865032,6.832885],[79.865241,6.832891],[79.865245,6.832777],[79.865111,6.832773]]]]}},{"type":"Feature","properties":{},"geometry":{"type":"MultiPolygon","coordinates":[[[[79.866462,6.83177],[79.866614,6.831778],[79.866622,6.831635],[79.866469,6.831627],[79.866462,6.83177]]]]}},{"type":"Feature","properties":{},"geometry":{"type":"MultiPolygon","coordinates":[[[[79.865946,6.826903],[79.865896,6.827002],[79.865975,6.827042],[79.866025,6.826942],[79.865946,6.826903]]]]}},{"type":"Feature","properties":{},"geometry":{"type":"MultiPolygon","coordinates":[[[[79.866078,6.83319],[79.866011,6.833187],[79.866008,6.83328],[79.866075,6.833283],[79.866078,6.83319]]]]}},{"type":"Feature","properties":{},"geometry":{"type":"MultiPolygon","coordinates":[[[[79.87035,6.831561],[79.870333,6.831634],[79.870422,6.831655],[79.870439,6.831582],[79.87035,6.831561]]]]}},{"type":"Feature","properties":{},"geometry":{"type":"MultiPolygon","coordinates":[[[[79.864295,6.831175],[79.864296,6.831203],[79.864387,6.8312],[79.864386,6.831172],[79.864295,6.831175]]]]}},{"type":"Feature","properties":{},"geometry":{"type":"MultiPolygon","coordinates":[[[[79.866161,6.833556],[79.866162,6.833604],[79.866221,6.833602],[79.86622,6.833554],[79.866161,6.833556]]]]}},{"type":"Feature","properties":{},"geometry":{"type":"MultiPolygon","coordinates":[[[[79.86423,6.828159],[79.864174,6.828155],[79.864168,6.828248],[79.864224,6.828251],[79.86423,6.828159]]]]}},{"type":"Feature","properties":{},"geometry":{"type":"MultiPolygon","coordinates":[[[[79.868561,6.829774],[79.868534,6.829841],[79.868612,6.829871],[79.868639,6.829804],[79.868561,6.829774]]]]}},{"type":"Feature","properties":{},"geometry":{"type":"MultiPolygon","coordinates":[[[[79.867674,6.826284],[79.867571,6.826243],[79.867526,6.826356],[79.867629,6.826397],[79.867674,6.826284]]]]}},{"type":"Feature","properties":{},"geometry":{"type":"MultiPolygon","coordinates":[[[[79.869551,6.827059],[79.869708,6.827085],[79.869727,6.826967],[79.869659,6.826956],[79.869667,6.826908],[79.869612,6.826899],[79.869605,6.826946],[79.869521,6.826932],[79.869517,6.826955],[79.869415,6.826939],[79.869404,6.827009],[79.869555,6.827033],[79.869551,6.827059]]]]}},{"type":"Feature","properties":{},"geometry":{"type":"MultiPolygon","coordinates":[[[[79.866138,6.833134],[79.86614,6.833202],[79.86626,6.833199],[79.86626,6.833171],[79.866187,6.833173],[79.866186,6.833133],[79.866138,6.833134]]]]}},{"type":"Feature","properties":{},"geometry":{"type":"MultiPolygon","coordinates":[[[[79.867616,6.834382],[79.867615,6.834312],[79.867419,6.834316],[79.86742,6.834385],[79.867616,6.834382]]]]}},{"type":"Feature","properties":{},"geometry":{"type":"MultiPolygon","coordinates":[[[[79.870583,6.826913],[79.870568,6.826902],[79.870568,6.826964],[79.870605,6.826964],[79.870605,6.826931],[79.870583,6.826913]]]]}},{"type":"Feature","properties":{},"geometry":{"type":"MultiPolygon","coordinates":[[[[79.865625,6.830409],[79.865828,6.83044],[79.865829,6.830435],[79.865922,6.830449],[79.865942,6.83032],[79.865913,6.830316],[79.865921,6.830261],[79.865857,6.830251],[79.865857,6.830255],[79.865653,6.830224],[79.865625,6.830409]]]]}},{"type":"Feature","properties":{},"geometry":{"type":"MultiPolygon","coordinates":[[[[79.865622,6.832009],[79.865453,6.832015],[79.865455,6.832055],[79.865512,6.832053],[79.865514,6.832087],[79.865625,6.832083],[79.865622,6.832009]]]]}},{"type":"Feature","properties":{},"geometry":{"type":"MultiPolygon","coordinates":[[[[79.867212,6.833476],[79.867032,6.833471],[79.867031,6.833528],[79.86721,6.833533],[79.867212,6.833476]]]]}},{"type":"Feature","properties":{},"geometry":{"type":"MultiPolygon","coordinates":[[[[79.864356,6.831743],[79.864331,6.831702],[79.864299,6.831721],[79.864324,6.831762],[79.864356,6.831743]]]]}},{"type":"Feature","properties":{},"geometry":{"type":"MultiPolygon","coordinates":[[[[79.864277,6.832059],[79.864183,6.832057],[79.864181,6.832134],[79.864275,6.832136],[79.864277,6.832059]]]]}},{"type":"Feature","properties":{},"geometry":{"type":"MultiPolygon","coordinates":[[[[79.864456,6.827441],[79.864456,6.827478],[79.864547,6.827479],[79.864545,6.827567],[79.864623,6.827568],[79.864626,6.827408],[79.864488,6.827406],[79.864456,6.827441]]]]}},{"type":"Feature","properties":{},"geometry":{"type":"MultiPolygon","coordinates":[[[[79.867715,6.828092],[79.867551,6.828096],[79.867554,6.828221],[79.867718,6.828217],[79.867715,6.828092]]]]}},{"type":"Feature","properties":{},"geometry":{"type":"MultiPolygon","coordinates":[[[[79.865451,6.82662],[79.865466,6.826621],[79.865466,6.826611],[79.865451,6.82662]]]]}},{"type":"Feature","properties":{},"geometry":{"type":"MultiPolygon","coordinates":[[[[79.86441,6.831655],[79.864526,6.831942],[79.864659,6.831889],[79.864617,6.831786],[79.864571,6.831804],[79.864535,6.831716],[79.864499,6.83173],[79.864461,6.831635],[79.86441,6.831655]]]]}},{"type":"Feature","properties":{},"geometry":{"type":"MultiPolygon","coordinates":[[[[79.86487,6.830954],[79.864888,6.831012],[79.86501,6.830974],[79.864992,6.830916],[79.86487,6.830954]]]]}},{"type":"Feature","properties":{},"geometry":{"type":"MultiPolygon","coordinates":[[[[79.868233,6.830021],[79.868095,6.82999],[79.868077,6.830069],[79.868215,6.830099],[79.868233,6.830021]]]]}},{"type":"Feature","properties":{},"geometry":{"type":"MultiPolygon","coordinates":[[[[79.865727,6.830985],[79.865662,6.830986],[79.865663,6.83101],[79.865598,6.831011],[79.8656,6.83109],[79.865729,6.831087],[79.865727,6.830985]]]]}},{"type":"Feature","properties":{},"geometry":{"type":"MultiPolygon","coordinates":[[[[79.86966,6.827184],[79.869534,6.827158],[79.869525,6.827201],[79.869337,6.827162],[79.869328,6.827205],[79.869641,6.827271],[79.86966,6.827184]]]]}},{"type":"Feature","properties":{},"geometry":{"type":"MultiPolygon","coordinates":[[[[79.864896,6.833664],[79.864769,6.833668],[79.864772,6.833767],[79.864899,6.833763],[79.864896,6.833664]]]]}},{"type":"Feature","properties":{},"geometry":{"type":"MultiPolygon","coordinates":[[[[79.866838,6.832079],[79.866837,6.832122],[79.867002,6.832127],[79.867006,6.832018],[79.866819,6.832012],[79.866817,6.832078],[79.866838,6.832079]]]]}},{"type":"Feature","properties":{},"geometry":{"type":"MultiPolygon","coordinates":[[[[79.864916,6.833505],[79.864918,6.833604],[79.86506,6.833602],[79.865058,6.833503],[79.864916,6.833505]]]]}},{"type":"Feature","properties":{},"geometry":{"type":"MultiPolygon","coordinates":[[[[79.8666,6.826123],[79.866611,6.82618],[79.866686,6.826165],[79.866673,6.826103],[79.8666,6.826123]]]]}},{"type":"Feature","properties":{},"geometry":{"type":"MultiPolygon","coordinates":[[[[79.868865,6.829047],[79.868879,6.82895],[79.868926,6.828956],[79.868938,6.828873],[79.868727,6.828843],[79.868701,6.829024],[79.868865,6.829047]]]]}},{"type":"Feature","properties":{},"geometry":{"type":"MultiPolygon","coordinates":[[[[79.86797,6.828589],[79.868038,6.828598],[79.868046,6.828536],[79.867978,6.828528],[79.86797,6.828589]]]]}},{"type":"Feature","properties":{},"geometry":{"type":"MultiPolygon","coordinates":[[[[79.870249,6.831239],[79.870243,6.831351],[79.870338,6.831356],[79.870344,6.831244],[79.870249,6.831239]]]]}},{"type":"Feature","properties":{},"geometry":{"type":"MultiPolygon","coordinates":[[[[79.870907,6.82719],[79.870858,6.827146],[79.870792,6.827148],[79.870795,6.827255],[79.870951,6.82725],[79.87095,6.827232],[79.870907,6.82719]]]]}},{"type":"Feature","properties":{},"geometry":{"type":"MultiPolygon","coordinates":[[[[79.868834,6.833204],[79.868932,6.833207],[79.868937,6.833069],[79.868839,6.833066],[79.868834,6.833204]]]]}},{"type":"Feature","properties":{},"geometry":{"type":"MultiPolygon","coordinates":[[[[79.866147,6.833569],[79.866013,6.833572],[79.866017,6.833742],[79.866151,6.833739],[79.866147,6.833569]]]]}},{"type":"Feature","properties":{},"geometry":{"type":"MultiPolygon","coordinates":[[[[79.867467,6.832623],[79.867473,6.832737],[79.867759,6.832721],[79.867755,6.832643],[79.867757,6.832643],[79.867756,6.832613],[79.867577,6.832623],[79.867574,6.832573],[79.867518,6.832576],[79.86752,6.83262],[79.867467,6.832623]]]]}},{"type":"Feature","properties":{},"geometry":{"type":"MultiPolygon","coordinates":[[[[79.866163,6.826567],[79.866158,6.826458],[79.866065,6.826462],[79.866069,6.826571],[79.866163,6.826567]]]]}},{"type":"Feature","properties":{},"geometry":{"type":"MultiPolygon","coordinates":[[[[79.864433,6.831786],[79.864446,6.83183],[79.864478,6.83182],[79.864465,6.831776],[79.864433,6.831786]]]]}},{"type":"Feature","properties":{},"geometry":{"type":"MultiPolygon","coordinates":[[[[79.867867,6.833738],[79.867869,6.83384],[79.868312,6.833832],[79.86831,6.833744],[79.868377,6.833743],[79.868374,6.833594],[79.868082,6.833599],[79.868085,6.833734],[79.867867,6.833738]]]]}},{"type":"Feature","properties":{},"geometry":{"type":"MultiPolygon","coordinates":[[[[79.872254,6.829925],[79.872151,6.82992],[79.87214,6.830119],[79.872243,6.830124],[79.872254,6.829925]]]]}},{"type":"Feature","properties":{},"geometry":{"type":"MultiPolygon","coordinates":[[[[79.866091,6.830341],[79.866006,6.830319],[79.865971,6.830451],[79.866016,6.830462],[79.866,6.830526],[79.86604,6.830536],[79.866051,6.830493],[79.866051,6.830493],[79.866091,6.830341]]]]}},{"type":"Feature","properties":{},"geometry":{"type":"MultiPolygon","coordinates":[[[[79.864321,6.830921],[79.864318,6.83074],[79.864203,6.830743],[79.864206,6.830924],[79.864321,6.830921]]]]}},{"type":"Feature","properties":{},"geometry":{"type":"MultiPolygon","coordinates":[[[[79.865636,6.829868],[79.865639,6.829953],[79.865714,6.82995],[79.865711,6.829865],[79.865636,6.829868]]]]}},{"type":"Feature","properties":{},"geometry":{"type":"MultiPolygon","coordinates":[[[[79.86999,6.830278],[79.870223,6.830313],[79.870239,6.830208],[79.870006,6.830173],[79.86999,6.830278]]]]}},{"type":"Feature","properties":{},"geometry":{"type":"MultiPolygon","coordinates":[[[[79.871461,6.832065],[79.871373,6.831969],[79.871253,6.832079],[79.871341,6.832174],[79.871461,6.832065]]]]}},{"type":"Feature","properties":{},"geometry":{"type":"MultiPolygon","coordinates":[[[[79.870261,6.833519],[79.870246,6.833604],[79.870391,6.833629],[79.870396,6.833601],[79.870339,6.833591],[79.870349,6.833534],[79.870261,6.833519]]]]}},{"type":"Feature","properties":{},"geometry":{"type":"MultiPolygon","coordinates":[[[[79.865758,6.826448],[79.865677,6.826491],[79.865675,6.826546],[79.86578,6.82655],[79.865782,6.826495],[79.865818,6.826496],[79.865821,6.826418],[79.865758,6.826448]]]]}},{"type":"Feature","properties":{},"geometry":{"type":"MultiPolygon","coordinates":[[[[79.866871,6.830153],[79.866866,6.830243],[79.866987,6.830249],[79.866991,6.830159],[79.866871,6.830153]]]]}},{"type":"Feature","properties":{},"geometry":{"type":"MultiPolygon","coordinates":[[[[79.866743,6.830425],[79.866884,6.830428],[79.866883,6.830461],[79.866962,6.830463],[79.866966,6.830292],[79.866782,6.830288],[79.86678,6.830374],[79.866744,6.830373],[79.866743,6.830425]]]]}},{"type":"Feature","properties":{},"geometry":{"type":"MultiPolygon","coordinates":[[[[79.866981,6.826341],[79.866986,6.826546],[79.867042,6.826545],[79.867037,6.82634],[79.866981,6.826341]]]]}},{"type":"Feature","properties":{},"geometry":{"type":"MultiPolygon","coordinates":[[[[79.870919,6.832974],[79.870741,6.832905],[79.870687,6.833043],[79.870793,6.833084],[79.870807,6.833047],[79.870879,6.833075],[79.870919,6.832974]]]]}},{"type":"Feature","properties":{},"geometry":{"type":"MultiPolygon","coordinates":[[[[79.868744,6.834151],[79.86874,6.83429],[79.86885,6.834293],[79.868853,6.834154],[79.868744,6.834151]]]]}},{"type":"Feature","properties":{},"geometry":{"type":"MultiPolygon","coordinates":[[[[79.869415,6.829272],[79.869162,6.829188],[79.869124,6.829301],[79.869278,6.829352],[79.869268,6.829381],[79.869367,6.829414],[79.869415,6.829272]]]]}},{"type":"Feature","properties":{},"geometry":{"type":"MultiPolygon","coordinates":[[[[79.867176,6.834014],[79.867172,6.83389],[79.867055,6.833894],[79.867059,6.834018],[79.867176,6.834014]]]]}},{"type":"Feature","properties":{},"geometry":{"type":"MultiPolygon","coordinates":[[[[79.866301,6.831987],[79.866304,6.831852],[79.866195,6.831849],[79.866191,6.831985],[79.866301,6.831987]]]]}},{"type":"Feature","properties":{},"geometry":{"type":"MultiPolygon","coordinates":[[[[79.865947,6.8266],[79.865944,6.826728],[79.866048,6.826731],[79.866052,6.826603],[79.865947,6.8266]]]]}},{"type":"Feature","properties":{},"geometry":{"type":"MultiPolygon","coordinates":[[[[79.869404,6.831811],[79.869399,6.831917],[79.869479,6.831921],[79.869484,6.831815],[79.869404,6.831811]]]]}},{"type":"Feature","properties":{},"geometry":{"type":"MultiPolygon","coordinates":[[[[79.869671,6.833048],[79.86969,6.832984],[79.869581,6.832953],[79.869562,6.833017],[79.869671,6.833048]]]]}},{"type":"Feature","properties":{},"geometry":{"type":"MultiPolygon","coordinates":[[[[79.868957,6.830785],[79.869042,6.830803],[79.86908,6.830625],[79.868996,6.830607],[79.868957,6.830785]]]]}},{"type":"Feature","properties":{},"geometry":{"type":"MultiPolygon","coordinates":[[[[79.869033,6.830492],[79.869019,6.830605],[79.869089,6.830613],[79.869103,6.8305],[79.869033,6.830492]]]]}},{"type":"Feature","properties":{},"geometry":{"type":"MultiPolygon","coordinates":[[[[79.868683,6.827766],[79.868662,6.827816],[79.868715,6.827838],[79.868735,6.827788],[79.868683,6.827766]]]]}},{"type":"Feature","properties":{},"geometry":{"type":"MultiPolygon","coordinates":[[[[79.867419,6.827093],[79.867522,6.827097],[79.867527,6.826944],[79.867424,6.82694],[79.867419,6.827093]]]]}},{"type":"Feature","properties":{},"geometry":{"type":"MultiPolygon","coordinates":[[[[79.870607,6.831714],[79.870609,6.831619],[79.870507,6.831617],[79.870505,6.831713],[79.870607,6.831714]]]]}},{"type":"Feature","properties":{},"geometry":{"type":"MultiPolygon","coordinates":[[[[79.866649,6.827989],[79.866652,6.828117],[79.866759,6.828114],[79.866756,6.827986],[79.866649,6.827989]]]]}},{"type":"Feature","properties":{},"geometry":{"type":"MultiPolygon","coordinates":[[[[79.867432,6.833042],[79.867491,6.833041],[79.867491,6.833022],[79.867577,6.83302],[79.867576,6.832996],[79.867705,6.832993],[79.867704,6.832955],[79.86743,6.832961],[79.867432,6.833042]]]]}},{"type":"Feature","properties":{},"geometry":{"type":"MultiPolygon","coordinates":[[[[79.86924,6.830456],[79.869289,6.830467],[79.869282,6.830496],[79.869412,6.830526],[79.86944,6.830404],[79.869262,6.830364],[79.86924,6.830456]]]]}},{"type":"Feature","properties":{},"geometry":{"type":"MultiPolygon","coordinates":[[[[79.865875,6.834264],[79.865891,6.834352],[79.866007,6.834331],[79.865991,6.834244],[79.865875,6.834264]]]]}},{"type":"Feature","properties":{},"geometry":{"type":"MultiPolygon","coordinates":[[[[79.86662,6.833495],[79.86654,6.833492],[79.866536,6.833559],[79.866697,6.833567],[79.866703,6.833446],[79.866622,6.833442],[79.86662,6.833495]]]]}},{"type":"Feature","properties":{},"geometry":{"type":"MultiPolygon","coordinates":[[[[79.868158,6.826038],[79.86802,6.826025],[79.868008,6.826145],[79.867987,6.826143],[79.867973,6.826286],[79.868117,6.8263],[79.868122,6.826245],[79.868087,6.826241],[79.868093,6.826178],[79.868043,6.826173],[79.868047,6.826136],[79.868148,6.826146],[79.868158,6.826038]]]]}},{"type":"Feature","properties":{},"geometry":{"type":"MultiPolygon","coordinates":[[[[79.868305,6.833836],[79.867727,6.833846],[79.867728,6.833908],[79.867937,6.833905],[79.867938,6.833938],[79.868034,6.833937],[79.868034,6.833905],[79.868306,6.8339],[79.868305,6.833836]]]]}},{"type":"Feature","properties":{},"geometry":{"type":"MultiPolygon","coordinates":[[[[79.866856,6.833887],[79.86686,6.834037],[79.866937,6.834035],[79.866933,6.833885],[79.866856,6.833887]]]]}},{"type":"Feature","properties":{},"geometry":{"type":"MultiPolygon","coordinates":[[[[79.871517,6.830249],[79.871352,6.830216],[79.871338,6.830282],[79.871503,6.830315],[79.871517,6.830249]]]]}},{"type":"Feature","properties":{},"geometry":{"type":"MultiPolygon","coordinates":[[[[79.868807,6.832261],[79.868804,6.832162],[79.86867,6.832166],[79.868671,6.83219],[79.86859,6.832192],[79.868592,6.832266],[79.868807,6.832261]]]]}},{"type":"Feature","properties":{},"geometry":{"type":"MultiPolygon","coordinates":[[[[79.868394,6.829827],[79.868275,6.829804],[79.868261,6.829873],[79.868157,6.829853],[79.868133,6.829974],[79.868356,6.830017],[79.868394,6.829827]]]]}},{"type":"Feature","properties":{},"geometry":{"type":"MultiPolygon","coordinates":[[[[79.868596,6.834527],[79.868638,6.834529],[79.868641,6.834453],[79.86842,6.834446],[79.868417,6.834539],[79.868595,6.834545],[79.868596,6.834527]]]]}},{"type":"Feature","properties":{},"geometry":{"type":"MultiPolygon","coordinates":[[[[79.865292,6.828427],[79.865288,6.828519],[79.865377,6.828522],[79.86538,6.82843],[79.865292,6.828427]]]]}},{"type":"Feature","properties":{},"geometry":{"type":"MultiPolygon","coordinates":[[[[79.866154,6.83051],[79.866116,6.830591],[79.866186,6.830624],[79.866224,6.830543],[79.866154,6.83051]]]]}},{"type":"Feature","properties":{},"geometry":{"type":"MultiPolygon","coordinates":[[[[79.86549,6.833397],[79.86549,6.833371],[79.865291,6.833373],[79.865293,6.833491],[79.865621,6.833486],[79.86562,6.833395],[79.86549,6.833397]]]]}},{"type":"Feature","properties":{},"geometry":{"type":"MultiPolygon","coordinates":[[[[79.864899,6.833533],[79.864832,6.833535],[79.864834,6.833622],[79.864901,6.833621],[79.864899,6.833533]]]]}},{"type":"Feature","properties":{},"geometry":{"type":"MultiPolygon","coordinates":[[[[79.864012,6.829877],[79.863943,6.829876],[79.863942,6.829938],[79.86401,6.829939],[79.864012,6.829877]]]]}},{"type":"Feature","properties":{},"geometry":{"type":"MultiPolygon","coordinates":[[[[79.86664,6.833083],[79.866762,6.833088],[79.866764,6.833034],[79.866642,6.833029],[79.86664,6.833083]]]]}},{"type":"Feature","properties":{},"geometry":{"type":"MultiPolygon","coordinates":[[[[79.869268,6.826329],[79.869149,6.826304],[79.869123,6.826432],[79.869241,6.826456],[79.869268,6.826329]]]]}},{"type":"Feature","properties":{},"geometry":{"type":"MultiPolygon","coordinates":[[[[79.864325,6.830984],[79.864327,6.831114],[79.864476,6.831112],[79.864474,6.830981],[79.864325,6.830984]]]]}},{"type":"Feature","properties":{},"geometry":{"type":"MultiPolygon","coordinates":[[[[79.868324,6.834113],[79.868322,6.834029],[79.868363,6.834028],[79.868361,6.833943],[79.868242,6.833946],[79.868246,6.834115],[79.868324,6.834113]]]]}},{"type":"Feature","properties":{},"geometry":{"type":"MultiPolygon","coordinates":[[[[79.871764,6.832666],[79.871793,6.832611],[79.871769,6.832602],[79.871721,6.832717],[79.871732,6.832722],[79.871764,6.832666]]]]}},{"type":"Feature","properties":{},"geometry":{"type":"MultiPolygon","coordinates":[[[[79.864998,6.832715],[79.865,6.83266],[79.865037,6.832661],[79.865042,6.832494],[79.864921,6.832491],[79.864915,6.832713],[79.864998,6.832715]]]]}},{"type":"Feature","properties":{},"geometry":{"type":"MultiPolygon","coordinates":[[[[79.870694,6.827002],[79.870668,6.826981],[79.870665,6.826981],[79.870664,6.827081],[79.870758,6.827082],[79.870758,6.827057],[79.870694,6.827002]]]]}},{"type":"Feature","properties":{},"geometry":{"type":"MultiPolygon","coordinates":[[[[79.870528,6.827263],[79.870508,6.827142],[79.870424,6.827156],[79.870444,6.827276],[79.870528,6.827263]]]]}},{"type":"Feature","properties":{},"geometry":{"type":"MultiPolygon","coordinates":[[[[79.871277,6.832836],[79.871365,6.832915],[79.871488,6.832781],[79.871519,6.832809],[79.871543,6.832782],[79.871419,6.832671],[79.871379,6.832715],[79.871384,6.832719],[79.871277,6.832836]]]]}},{"type":"Feature","properties":{},"geometry":{"type":"MultiPolygon","coordinates":[[[[79.867938,6.829611],[79.867933,6.829626],[79.86782,6.829586],[79.867776,6.82971],[79.867942,6.829769],[79.867992,6.82963],[79.867938,6.829611]]]]}},{"type":"Feature","properties":{},"geometry":{"type":"MultiPolygon","coordinates":[[[[79.868002,6.832181],[79.868262,6.832177],[79.868261,6.832108],[79.868001,6.832112],[79.868002,6.832181]]]]}},{"type":"Feature","properties":{},"geometry":{"type":"MultiPolygon","coordinates":[[[[79.86861,6.830249],[79.86876,6.83028],[79.868775,6.830206],[79.868625,6.830175],[79.86861,6.830249]]]]}},{"type":"Feature","properties":{},"geometry":{"type":"MultiPolygon","coordinates":[[[[79.871459,6.833145],[79.871533,6.83304],[79.87148,6.832982],[79.871369,6.833082],[79.871444,6.833165],[79.871459,6.833145]]]]}},{"type":"Feature","properties":{},"geometry":{"type":"MultiPolygon","coordinates":[[[[79.867261,6.826492],[79.867256,6.826636],[79.867332,6.826639],[79.867338,6.826495],[79.867261,6.826492]]]]}},{"type":"Feature","properties":{},"geometry":{"type":"MultiPolygon","coordinates":[[[[79.871104,6.829052],[79.871188,6.829065],[79.871216,6.828897],[79.871131,6.828883],[79.871104,6.829052]]]]}},{"type":"Feature","properties":{},"geometry":{"type":"MultiPolygon","coordinates":[[[[79.865761,6.832188],[79.865555,6.832182],[79.865552,6.832273],[79.865758,6.832278],[79.865761,6.832188]]]]}},{"type":"Feature","properties":{},"geometry":{"type":"MultiPolygon","coordinates":[[[[79.871313,6.829763],[79.871296,6.829964],[79.871566,6.829987],[79.871583,6.829786],[79.871313,6.829763]]]]}},{"type":"Feature","properties":{},"geometry":{"type":"MultiPolygon","coordinates":[[[[79.869521,6.830696],[79.869536,6.830585],[79.869401,6.830566],[79.869385,6.830677],[79.869521,6.830696]]]]}},{"type":"Feature","properties":{},"geometry":{"type":"MultiPolygon","coordinates":[[[[79.863598,6.829621],[79.863486,6.829611],[79.863469,6.829804],[79.863581,6.829814],[79.863598,6.829621]]]]}},{"type":"Feature","properties":{},"geometry":{"type":"MultiPolygon","coordinates":[[[[79.86597,6.829087],[79.865989,6.828994],[79.865906,6.828977],[79.865887,6.82907],[79.86597,6.829087]]]]}},{"type":"Feature","properties":{},"geometry":{"type":"MultiPolygon","coordinates":[[[[79.867088,6.832156],[79.866822,6.832152],[79.86682,6.832241],[79.866753,6.83224],[79.866751,6.832376],[79.866802,6.832376],[79.8668,6.832479],[79.866969,6.832482],[79.866971,6.832381],[79.867093,6.832383],[79.867095,6.832256],[79.867086,6.832256],[79.867088,6.832156]]]]}},{"type":"Feature","properties":{},"geometry":{"type":"MultiPolygon","coordinates":[[[[79.865976,6.833374],[79.866249,6.833383],[79.866252,6.833301],[79.865979,6.833291],[79.865976,6.833374]]]]}},{"type":"Feature","properties":{},"geometry":{"type":"MultiPolygon","coordinates":[[[[79.866363,6.829674],[79.866364,6.829592],[79.866243,6.829591],[79.866243,6.829673],[79.866363,6.829674]]]]}},{"type":"Feature","properties":{},"geometry":{"type":"MultiPolygon","coordinates":[[[[79.866336,6.833164],[79.866472,6.833169],[79.866476,6.83306],[79.86634,6.833055],[79.866336,6.833164]]]]}},{"type":"Feature","properties":{},"geometry":{"type":"MultiPolygon","coordinates":[[[[79.86429,6.831816],[79.864293,6.831699],[79.864191,6.831697],[79.864188,6.831814],[79.86429,6.831816]]]]}},{"type":"Feature","properties":{},"geometry":{"type":"MultiPolygon","coordinates":[[[[79.869952,6.829964],[79.869771,6.829932],[79.869755,6.830018],[79.869936,6.830051],[79.869952,6.829964]]]]}},{"type":"Feature","properties":{},"geometry":{"type":"MultiPolygon","coordinates":[[[[79.868351,6.833207],[79.868355,6.833356],[79.868436,6.833355],[79.868436,6.833331],[79.868506,6.833329],[79.868503,6.833204],[79.868351,6.833207]]]]}},{"type":"Feature","properties":{},"geometry":{"type":"MultiPolygon","coordinates":[[[[79.868803,6.833416],[79.868805,6.833597],[79.868898,6.833595],[79.868895,6.833414],[79.868803,6.833416]]]]}},{"type":"Feature","properties":{},"geometry":{"type":"MultiPolygon","coordinates":[[[[79.868548,6.829293],[79.868517,6.829495],[79.868638,6.829513],[79.868668,6.829311],[79.868548,6.829293]]]]}},{"type":"Feature","properties":{},"geometry":{"type":"MultiPolygon","coordinates":[[[[79.869756,6.829199],[79.869751,6.829117],[79.869616,6.829125],[79.86962,6.829207],[79.869756,6.829199]]]]}},{"type":"Feature","properties":{},"geometry":{"type":"MultiPolygon","coordinates":[[[[79.868744,6.831301],[79.868894,6.831299],[79.868893,6.831215],[79.868929,6.831215],[79.868928,6.831154],[79.868742,6.831156],[79.868744,6.831301]]]]}},{"type":"Feature","properties":{},"geometry":{"type":"MultiPolygon","coordinates":[[[[79.869973,6.829785],[79.869791,6.829746],[79.869765,6.829866],[79.869894,6.829893],[79.86989,6.829911],[79.86999,6.829932],[79.870013,6.829825],[79.869967,6.829815],[79.869973,6.829785]]]]}},{"type":"Feature","properties":{},"geometry":{"type":"MultiPolygon","coordinates":[[[[79.869019,6.82773],[79.869225,6.827785],[79.86926,6.82766],[79.869315,6.827675],[79.869348,6.827551],[79.869373,6.827557],[79.869391,6.827494],[79.869252,6.827457],[79.869238,6.827507],[79.86925,6.82751],[79.869227,6.827592],[79.869068,6.827549],[79.869019,6.82773]]]]}},{"type":"Feature","properties":{},"geometry":{"type":"MultiPolygon","coordinates":[[[[79.863681,6.830508],[79.863684,6.83058],[79.863909,6.83057],[79.863906,6.830499],[79.863681,6.830508]]]]}},{"type":"Feature","properties":{},"geometry":{"type":"MultiPolygon","coordinates":[[[[79.867563,6.833494],[79.867561,6.833425],[79.867413,6.833429],[79.867415,6.833499],[79.867563,6.833494]]]]}},{"type":"Feature","properties":{},"geometry":{"type":"MultiPolygon","coordinates":[[[[79.86918,6.834787],[79.869181,6.834774],[79.869061,6.834769],[79.869059,6.834824],[79.86918,6.834787]]]]}},{"type":"Feature","properties":{},"geometry":{"type":"MultiPolygon","coordinates":[[[[79.868455,6.830074],[79.868262,6.830049],[79.868253,6.830123],[79.868351,6.830135],[79.868347,6.830164],[79.868516,6.830186],[79.868524,6.830124],[79.86845,6.830115],[79.868455,6.830074]]]]}},{"type":"Feature","properties":{},"geometry":{"type":"MultiPolygon","coordinates":[[[[79.867857,6.83318],[79.867854,6.833098],[79.867748,6.833101],[79.867751,6.833184],[79.867857,6.83318]]]]}},{"type":"Feature","properties":{},"geometry":{"type":"MultiPolygon","coordinates":[[[[79.869233,6.832636],[79.869048,6.832631],[79.869045,6.832716],[79.86923,6.832721],[79.869233,6.832636]]]]}},{"type":"Feature","properties":{},"geometry":{"type":"MultiPolygon","coordinates":[[[[79.867638,6.832421],[79.867642,6.832499],[79.867901,6.832487],[79.867898,6.832408],[79.867638,6.832421]]]]}},{"type":"Feature","properties":{},"geometry":{"type":"MultiPolygon","coordinates":[[[[79.870081,6.829102],[79.870077,6.828912],[79.86998,6.828914],[79.869984,6.829104],[79.870081,6.829102]]]]}},{"type":"Feature","properties":{},"geometry":{"type":"MultiPolygon","coordinates":[[[[79.868549,6.834714],[79.868547,6.834757],[79.8687,6.834763],[79.868702,6.83472],[79.868549,6.834714]]]]}},{"type":"Feature","properties":{},"geometry":{"type":"MultiPolygon","coordinates":[[[[79.867031,6.833565],[79.867029,6.833647],[79.867229,6.833651],[79.86723,6.83357],[79.867031,6.833565]]]]}},{"type":"Feature","properties":{},"geometry":{"type":"MultiPolygon","coordinates":[[[[79.866073,6.831373],[79.865963,6.831376],[79.865968,6.831525],[79.866078,6.831522],[79.866073,6.831373]]]]}},{"type":"Feature","properties":{},"geometry":{"type":"MultiPolygon","coordinates":[[[[79.867939,6.826282],[79.867904,6.826414],[79.867955,6.826427],[79.867989,6.826295],[79.867939,6.826282]]]]}},{"type":"Feature","properties":{},"geometry":{"type":"MultiPolygon","coordinates":[[[[79.864034,6.829247],[79.864033,6.829311],[79.864172,6.829313],[79.864174,6.82925],[79.864034,6.829247]]]]}},{"type":"Feature","properties":{},"geometry":{"type":"MultiPolygon","coordinates":[[[[79.871117,6.829743],[79.871111,6.829581],[79.871009,6.829585],[79.871015,6.829747],[79.871117,6.829743]]]]}},{"type":"Feature","properties":{},"geometry":{"type":"MultiPolygon","coordinates":[[[[79.867236,6.831769],[79.867239,6.831703],[79.867073,6.831695],[79.86707,6.831762],[79.867236,6.831769]]]]}},{"type":"Feature","properties":{},"geometry":{"type":"MultiPolygon","coordinates":[[[[79.863937,6.830768],[79.863932,6.830679],[79.863864,6.830682],[79.863862,6.830649],[79.863687,6.830658],[79.863693,6.83078],[79.863937,6.830768]]]]}},{"type":"Feature","properties":{},"geometry":{"type":"MultiPolygon","coordinates":[[[[79.868623,6.832024],[79.868668,6.832023],[79.868666,6.831961],[79.868478,6.831969],[79.868482,6.832054],[79.868624,6.832048],[79.868623,6.832024]]]]}},{"type":"Feature","properties":{},"geometry":{"type":"MultiPolygon","coordinates":[[[[79.871747,6.83173],[79.871672,6.831838],[79.871796,6.831922],[79.87187,6.831815],[79.871747,6.83173]]]]}},{"type":"Feature","properties":{},"geometry":{"type":"MultiPolygon","coordinates":[[[[79.864622,6.8316],[79.864553,6.831603],[79.864559,6.831757],[79.864659,6.831753],[79.864655,6.831652],[79.864624,6.831653],[79.864622,6.8316]]]]}},{"type":"Feature","properties":{},"geometry":{"type":"MultiPolygon","coordinates":[[[[79.869699,6.833927],[79.869575,6.833921],[79.869569,6.834032],[79.869693,6.834039],[79.869699,6.833927]]]]}},{"type":"Feature","properties":{},"geometry":{"type":"MultiPolygon","coordinates":[[[[79.864504,6.829915],[79.864565,6.829919],[79.86457,6.829834],[79.864509,6.82983],[79.864504,6.829915]]]]}},{"type":"Feature","properties":{},"geometry":{"type":"MultiPolygon","coordinates":[[[[79.866536,6.833421],[79.866777,6.833425],[79.866779,6.833324],[79.86671,6.833323],[79.86671,6.833332],[79.866675,6.833331],[79.866676,6.833291],[79.866786,6.833293],[79.866788,6.833197],[79.866578,6.833194],[79.866576,6.833322],[79.866538,6.833321],[79.866536,6.833421]]]]}},{"type":"Feature","properties":{},"geometry":{"type":"MultiPolygon","coordinates":[[[[79.866524,6.827575],[79.866407,6.827582],[79.866411,6.827656],[79.866528,6.82765],[79.866524,6.827575]]]]}},{"type":"Feature","properties":{},"geometry":{"type":"MultiPolygon","coordinates":[[[[79.870877,6.830165],[79.870799,6.830155],[79.870786,6.830254],[79.870864,6.830264],[79.870877,6.830165]]]]}},{"type":"Feature","properties":{},"geometry":{"type":"MultiPolygon","coordinates":[[[[79.86999,6.833426],[79.869945,6.83341],[79.869937,6.833431],[79.869852,6.833401],[79.869813,6.83351],[79.869944,6.833556],[79.86999,6.833426]]]]}},{"type":"Feature","properties":{},"geometry":{"type":"MultiPolygon","coordinates":[[[[79.870527,6.828133],[79.870524,6.828236],[79.87064,6.828239],[79.870643,6.828137],[79.870527,6.828133]]]]}},{"type":"Feature","properties":{},"geometry":{"type":"MultiPolygon","coordinates":[[[[79.868214,6.83022],[79.868261,6.830234],[79.868284,6.830158],[79.868238,6.830144],[79.868214,6.83022]]]]}},{"type":"Feature","properties":{},"geometry":{"type":"MultiPolygon","coordinates":[[[[79.868681,6.83272],[79.86855,6.832711],[79.868557,6.832609],[79.868454,6.832602],[79.868442,6.832776],[79.868548,6.832783],[79.868546,6.832811],[79.868674,6.83282],[79.868681,6.83272]]]]}},{"type":"Feature","properties":{},"geometry":{"type":"MultiPolygon","coordinates":[[[[79.868332,6.834558],[79.868335,6.83447],[79.868268,6.834467],[79.868265,6.834555],[79.868332,6.834558]]]]}},{"type":"Feature","properties":{},"geometry":{"type":"MultiPolygon","coordinates":[[[[79.8695,6.829331],[79.869754,6.829348],[79.869758,6.82929],[79.869504,6.829273],[79.8695,6.829331]]]]}},{"type":"Feature","properties":{},"geometry":{"type":"MultiPolygon","coordinates":[[[[79.869596,6.829823],[79.869727,6.829863],[79.869759,6.829759],[79.869628,6.829719],[79.869596,6.829823]]]]}},{"type":"Feature","properties":{},"geometry":{"type":"MultiPolygon","coordinates":[[[[79.865435,6.827043],[79.865315,6.82704],[79.865311,6.827205],[79.865351,6.827206],[79.865352,6.827201],[79.865432,6.827202],[79.865433,6.827141],[79.865433,6.827141],[79.865435,6.827043]]]]}},{"type":"Feature","properties":{},"geometry":{"type":"MultiPolygon","coordinates":[[[[79.866504,6.82661],[79.866503,6.826525],[79.86633,6.826526],[79.866331,6.826612],[79.866504,6.82661]]]]}},{"type":"Feature","properties":{},"geometry":{"type":"MultiPolygon","coordinates":[[[[79.865564,6.828638],[79.865538,6.828717],[79.865745,6.828783],[79.865771,6.828704],[79.865564,6.828638]]]]}},{"type":"Feature","properties":{},"geometry":{"type":"MultiPolygon","coordinates":[[[[79.864854,6.832126],[79.864798,6.832128],[79.864799,6.832181],[79.864856,6.83218],[79.864854,6.832126]]]]}},{"type":"Feature","properties":{},"geometry":{"type":"MultiPolygon","coordinates":[[[[79.870648,6.831632],[79.870613,6.831767],[79.870659,6.831779],[79.870649,6.831818],[79.870869,6.831872],[79.870891,6.831783],[79.870942,6.831796],[79.870949,6.831765],[79.870783,6.831724],[79.870797,6.831669],[79.870648,6.831632]]]]}},{"type":"Feature","properties":{},"geometry":{"type":"MultiPolygon","coordinates":[[[[79.867293,6.829918],[79.86737,6.829921],[79.867376,6.829813],[79.867298,6.829809],[79.867293,6.829918]]]]}},{"type":"Feature","properties":{},"geometry":{"type":"MultiPolygon","coordinates":[[[[79.869646,6.83049],[79.869624,6.830595],[79.869727,6.830616],[79.869749,6.830511],[79.869646,6.83049]]]]}},{"type":"Feature","properties":{},"geometry":{"type":"MultiPolygon","coordinates":[[[[79.870062,6.829466],[79.869942,6.829447],[79.869902,6.829699],[79.870023,6.829718],[79.870062,6.829466]]]]}},{"type":"Feature","properties":{},"geometry":{"type":"MultiPolygon","coordinates":[[[[79.866722,6.830156],[79.866724,6.830199],[79.866802,6.830196],[79.8668,6.830154],[79.866722,6.830156]]]]}},{"type":"Feature","properties":{},"geometry":{"type":"MultiPolygon","coordinates":[[[[79.867961,6.826529],[79.867965,6.826431],[79.867879,6.826428],[79.867875,6.826526],[79.867961,6.826529]]]]}},{"type":"Feature","properties":{},"geometry":{"type":"MultiPolygon","coordinates":[[[[79.871155,6.831085],[79.871136,6.831201],[79.871251,6.83122],[79.87127,6.831104],[79.871155,6.831085]]]]}},{"type":"Feature","properties":{},"geometry":{"type":"MultiPolygon","coordinates":[[[[79.863353,6.830807],[79.863352,6.830874],[79.863492,6.830877],[79.863492,6.830903],[79.863639,6.830906],[79.863641,6.830813],[79.863353,6.830807]]]]}},{"type":"Feature","properties":{},"geometry":{"type":"MultiPolygon","coordinates":[[[[79.865751,6.829476],[79.865915,6.829481],[79.865917,6.829388],[79.865754,6.829383],[79.865751,6.829476]]]]}},{"type":"Feature","properties":{},"geometry":{"type":"MultiPolygon","coordinates":[[[[79.866632,6.83023],[79.866634,6.830153],[79.866582,6.830152],[79.86658,6.830229],[79.866632,6.83023]]]]}},{"type":"Feature","properties":{},"geometry":{"type":"MultiPolygon","coordinates":[[[[79.86768,6.83125],[79.867678,6.83131],[79.867874,6.831316],[79.867876,6.831255],[79.86768,6.83125]]]]}},{"type":"Feature","properties":{},"geometry":{"type":"MultiPolygon","coordinates":[[[[79.86577,6.831664],[79.865767,6.831741],[79.866008,6.831749],[79.866006,6.831796],[79.866148,6.831801],[79.866153,6.83168],[79.866045,6.831676],[79.866047,6.83162],[79.865943,6.831617],[79.865941,6.83167],[79.86577,6.831664]]]]}},{"type":"Feature","properties":{},"geometry":{"type":"MultiPolygon","coordinates":[[[[79.872319,6.830205],[79.872318,6.830186],[79.872294,6.830186],[79.872293,6.830252],[79.872321,6.830252],[79.872319,6.830205]]]]}},{"type":"Feature","properties":{},"geometry":{"type":"MultiPolygon","coordinates":[[[[79.865044,6.827863],[79.865041,6.828027],[79.865129,6.828029],[79.865133,6.827865],[79.865044,6.827863]]]]}},{"type":"Feature","properties":{},"geometry":{"type":"MultiPolygon","coordinates":[[[[79.864655,6.830729],[79.864543,6.830744],[79.864541,6.830731],[79.864447,6.830744],[79.864466,6.830883],[79.864521,6.830875],[79.864526,6.830912],[79.864608,6.8309],[79.864603,6.830865],[79.864673,6.830856],[79.864655,6.830729]]]]}},{"type":"Feature","properties":{},"geometry":{"type":"MultiPolygon","coordinates":[[[[79.869326,6.826939],[79.869322,6.826993],[79.869403,6.826998],[79.869406,6.826944],[79.869326,6.826939]]]]}},{"type":"Feature","properties":{},"geometry":{"type":"MultiPolygon","coordinates":[[[[79.864198,6.830902],[79.864195,6.83078],[79.864147,6.830781],[79.86415,6.830903],[79.864198,6.830902]]]]}},{"type":"Feature","properties":{},"geometry":{"type":"MultiPolygon","coordinates":[[[[79.864019,6.832955],[79.864021,6.832922],[79.863997,6.832921],[79.864019,6.832955]]]]}},{"type":"Feature","properties":{},"geometry":{"type":"MultiPolygon","coordinates":[[[[79.865702,6.829848],[79.865694,6.829707],[79.865598,6.829712],[79.865606,6.829853],[79.865702,6.829848]]]]}},{"type":"Feature","properties":{},"geometry":{"type":"MultiPolygon","coordinates":[[[[79.870038,6.831717],[79.870112,6.831719],[79.870114,6.831658],[79.87004,6.831656],[79.870038,6.831717]]]]}},{"type":"Feature","properties":{},"geometry":{"type":"MultiPolygon","coordinates":[[[[79.864504,6.827802],[79.864587,6.827801],[79.864586,6.827713],[79.864503,6.827714],[79.864504,6.827802]]]]}},{"type":"Feature","properties":{},"geometry":{"type":"MultiPolygon","coordinates":[[[[79.869738,6.826393],[79.869697,6.826375],[79.869694,6.826389],[79.869746,6.826397],[79.869738,6.826393]]]]}},{"type":"Feature","properties":{},"geometry":{"type":"MultiPolygon","coordinates":[[[[79.871756,6.832188],[79.871706,6.832321],[79.87181,6.832359],[79.87186,6.832226],[79.871756,6.832188]]]]}},{"type":"Feature","properties":{},"geometry":{"type":"MultiPolygon","coordinates":[[[[79.866779,6.828327],[79.866773,6.8282],[79.866421,6.828217],[79.866421,6.828208],[79.866379,6.82821],[79.866382,6.82827],[79.866371,6.82827],[79.866373,6.828317],[79.866403,6.828315],[79.866404,6.828346],[79.866779,6.828327]]]]}},{"type":"Feature","properties":{},"geometry":{"type":"MultiPolygon","coordinates":[[[[79.870025,6.830739],[79.87008,6.830748],[79.870091,6.830683],[79.870036,6.830674],[79.870025,6.830739]]]]}},{"type":"Feature","properties":{},"geometry":{"type":"MultiPolygon","coordinates":[[[[79.865614,6.830842],[79.865609,6.830967],[79.865713,6.830971],[79.865718,6.830846],[79.865614,6.830842]]]]}},{"type":"Feature","properties":{},"geometry":{"type":"MultiPolygon","coordinates":[[[[79.86658,6.832006],[79.866445,6.832003],[79.866444,6.832088],[79.866578,6.832091],[79.86658,6.832006]]]]}},{"type":"Feature","properties":{},"geometry":{"type":"MultiPolygon","coordinates":[[[[79.870197,6.829245],[79.870193,6.829152],[79.8701,6.829156],[79.870103,6.829249],[79.870197,6.829245]]]]}},{"type":"Feature","properties":{},"geometry":{"type":"MultiPolygon","coordinates":[[[[79.869118,6.832945],[79.869076,6.833127],[79.869206,6.833157],[79.869248,6.832975],[79.869118,6.832945]]]]}},{"type":"Feature","properties":{},"geometry":{"type":"MultiPolygon","coordinates":[[[[79.869888,6.833878],[79.869891,6.83383],[79.869806,6.833826],[79.869804,6.833874],[79.869888,6.833878]]]]}},{"type":"Feature","properties":{},"geometry":{"type":"MultiPolygon","coordinates":[[[[79.871042,6.832727],[79.871095,6.832853],[79.871232,6.832796],[79.871178,6.83267],[79.871042,6.832727]]]]}},{"type":"Feature","properties":{},"geometry":{"type":"MultiPolygon","coordinates":[[[[79.868192,6.827889],[79.868198,6.827837],[79.868071,6.827823],[79.868074,6.827794],[79.868024,6.827788],[79.868008,6.827929],[79.868095,6.827939],[79.868102,6.827878],[79.868192,6.827889]]]]}},{"type":"Feature","properties":{},"geometry":{"type":"MultiPolygon","coordinates":[[[[79.869991,6.826523],[79.869945,6.826498],[79.869919,6.826497],[79.869913,6.826606],[79.869998,6.82661],[79.870003,6.826529],[79.869991,6.826523]]]]}},{"type":"Feature","properties":{},"geometry":{"type":"MultiPolygon","coordinates":[[[[79.864773,6.827141],[79.864757,6.827473],[79.864928,6.827481],[79.864934,6.827373],[79.864859,6.827369],[79.864865,6.827239],[79.864919,6.827241],[79.864921,6.827196],[79.864889,6.827195],[79.864891,6.827147],[79.864773,6.827141]]]]}},{"type":"Feature","properties":{},"geometry":{"type":"MultiPolygon","coordinates":[[[[79.868547,6.827929],[79.868623,6.827945],[79.868648,6.827819],[79.868572,6.827804],[79.868547,6.827929]]]]}},{"type":"Feature","properties":{},"geometry":{"type":"MultiPolygon","coordinates":[[[[79.86603,6.83073],[79.866144,6.830748],[79.866164,6.830625],[79.86605,6.830607],[79.86603,6.83073]]]]}},{"type":"Feature","properties":{},"geometry":{"type":"MultiPolygon","coordinates":[[[[79.868212,6.829768],[79.868373,6.829815],[79.868414,6.829675],[79.868253,6.829629],[79.868212,6.829768]]]]}},{"type":"Feature","properties":{},"geometry":{"type":"MultiPolygon","coordinates":[[[[79.867143,6.831193],[79.867145,6.831354],[79.867437,6.831352],[79.867436,6.831219],[79.867216,6.831221],[79.867215,6.831193],[79.867143,6.831193]]]]}},{"type":"Feature","properties":{},"geometry":{"type":"MultiPolygon","coordinates":[[[[79.868721,6.834907],[79.868722,6.834877],[79.868649,6.834875],[79.868648,6.834922],[79.868721,6.834907]]]]}},{"type":"Feature","properties":{},"geometry":{"type":"MultiPolygon","coordinates":[[[[79.866141,6.834204],[79.866197,6.834202],[79.866195,6.834136],[79.866139,6.834137],[79.866141,6.834204]]]]}},{"type":"Feature","properties":{},"geometry":{"type":"MultiPolygon","coordinates":[[[[79.868105,6.828383],[79.86797,6.828351],[79.867956,6.828411],[79.86809,6.828443],[79.868105,6.828383]]]]}},{"type":"Feature","properties":{},"geometry":{"type":"MultiPolygon","coordinates":[[[[79.866155,6.829586],[79.866159,6.829688],[79.866237,6.829685],[79.866233,6.829583],[79.866155,6.829586]]]]}},{"type":"Feature","properties":{},"geometry":{"type":"MultiPolygon","coordinates":[[[[79.867053,6.831261],[79.867064,6.831338],[79.867133,6.831328],[79.867109,6.831168],[79.866975,6.831187],[79.866987,6.831271],[79.867053,6.831261]]]]}},{"type":"Feature","properties":{},"geometry":{"type":"MultiPolygon","coordinates":[[[[79.869811,6.830381],[79.869664,6.830376],[79.86966,6.830488],[79.869807,6.830493],[79.869811,6.830381]]]]}},{"type":"Feature","properties":{},"geometry":{"type":"MultiPolygon","coordinates":[[[[79.870506,6.829041],[79.870503,6.829111],[79.870641,6.829118],[79.870645,6.829048],[79.870506,6.829041]]]]}},{"type":"Feature","properties":{},"geometry":{"type":"MultiPolygon","coordinates":[[[[79.866362,6.834765],[79.866353,6.834723],[79.866282,6.834737],[79.866362,6.834765]]]]}},{"type":"Feature","properties":{},"geometry":{"type":"MultiPolygon","coordinates":[[[[79.870137,6.827372],[79.870133,6.82723],[79.870039,6.827232],[79.870043,6.827374],[79.870137,6.827372]]]]}},{"type":"Feature","properties":{},"geometry":{"type":"MultiPolygon","coordinates":[[[[79.867222,6.834441],[79.867224,6.834371],[79.867195,6.83437],[79.867196,6.834329],[79.867074,6.834325],[79.86707,6.834436],[79.867222,6.834441]]]]}},{"type":"Feature","properties":{},"geometry":{"type":"MultiPolygon","coordinates":[[[[79.869808,6.833442],[79.869704,6.833436],[79.869697,6.833545],[79.869663,6.833543],[79.869659,6.833599],[79.869762,6.833605],[79.869761,6.833629],[79.869797,6.833631],[79.869808,6.833442]]]]}},{"type":"Feature","properties":{},"geometry":{"type":"MultiPolygon","coordinates":[[[[79.866964,6.827585],[79.867084,6.827583],[79.867082,6.827442],[79.866961,6.827444],[79.866964,6.827585]]]]}},{"type":"Feature","properties":{},"geometry":{"type":"MultiPolygon","coordinates":[[[[79.86847,6.830851],[79.868398,6.830834],[79.868379,6.830919],[79.86845,6.830935],[79.86847,6.830851]]]]}},{"type":"Feature","properties":{},"geometry":{"type":"MultiPolygon","coordinates":[[[[79.872217,6.831475],[79.872228,6.83142],[79.87216,6.831422],[79.872164,6.831533],[79.872203,6.831532],[79.872217,6.831475]]]]}},{"type":"Feature","properties":{},"geometry":{"type":"MultiPolygon","coordinates":[[[[79.870764,6.828589],[79.870871,6.828589],[79.870871,6.828501],[79.870764,6.828501],[79.870764,6.828589]]]]}},{"type":"Feature","properties":{},"geometry":{"type":"MultiPolygon","coordinates":[[[[79.869395,6.831391],[79.869434,6.831391],[79.869433,6.83133],[79.869329,6.831331],[79.869331,6.831443],[79.869396,6.831442],[79.869395,6.831391]]]]}},{"type":"Feature","properties":{},"geometry":{"type":"MultiPolygon","coordinates":[[[[79.866839,6.834048],[79.866832,6.833888],[79.866736,6.833892],[79.866742,6.834052],[79.866839,6.834048]]]]}},{"type":"Feature","properties":{},"geometry":{"type":"MultiPolygon","coordinates":[[[[79.867371,6.8267],[79.867276,6.826698],[79.867274,6.826802],[79.867369,6.826803],[79.867371,6.8267]]]]}},{"type":"Feature","properties":{},"geometry":{"type":"MultiPolygon","coordinates":[[[[79.869611,6.831667],[79.869752,6.831661],[79.869749,6.831586],[79.869699,6.831588],[79.869696,6.8315],[79.869604,6.831504],[79.869611,6.831667]]]]}},{"type":"Feature","properties":{},"geometry":{"type":"MultiPolygon","coordinates":[[[[79.866379,6.83453],[79.866382,6.834482],[79.866334,6.834479],[79.866331,6.834527],[79.866379,6.83453]]]]}},{"type":"Feature","properties":{},"geometry":{"type":"MultiPolygon","coordinates":[[[[79.871462,6.829126],[79.871587,6.82913],[79.871591,6.829036],[79.871466,6.829032],[79.871462,6.829126]]]]}},{"type":"Feature","properties":{},"geometry":{"type":"MultiPolygon","coordinates":[[[[79.869255,6.827088],[79.869478,6.827134],[79.869496,6.82705],[79.869273,6.827004],[79.869255,6.827088]]]]}},{"type":"Feature","properties":{},"geometry":{"type":"MultiPolygon","coordinates":[[[[79.866823,6.831239],[79.866756,6.831251],[79.866769,6.831331],[79.866837,6.83132],[79.866823,6.831239]]]]}},{"type":"Feature","properties":{},"geometry":{"type":"MultiPolygon","coordinates":[[[[79.865993,6.832635],[79.865982,6.832899],[79.86603,6.832901],[79.866034,6.832806],[79.866074,6.832808],[79.866081,6.832639],[79.865993,6.832635]]]]}},{"type":"Feature","properties":{},"geometry":{"type":"MultiPolygon","coordinates":[[[[79.869706,6.833039],[79.869782,6.833068],[79.869799,6.833023],[79.869723,6.832995],[79.869706,6.833039]]]]}},{"type":"Feature","properties":{},"geometry":{"type":"MultiPolygon","coordinates":[[[[79.864614,6.827591],[79.864513,6.827588],[79.864511,6.827672],[79.864611,6.827675],[79.864614,6.827591]]]]}},{"type":"Feature","properties":{},"geometry":{"type":"MultiPolygon","coordinates":[[[[79.87228,6.830603],[79.872087,6.830633],[79.872101,6.830721],[79.872294,6.830691],[79.87228,6.830603]]]]}},{"type":"Feature","properties":{},"geometry":{"type":"MultiPolygon","coordinates":[[[[79.868914,6.828343],[79.869036,6.828381],[79.869061,6.828301],[79.868939,6.828263],[79.868914,6.828343]]]]}},{"type":"Feature","properties":{},"geometry":{"type":"MultiPolygon","coordinates":[[[[79.864902,6.83352],[79.864901,6.83348],[79.864838,6.833482],[79.864839,6.833521],[79.864902,6.83352]]]]}},{"type":"Feature","properties":{},"geometry":{"type":"MultiPolygon","coordinates":[[[[79.8655,6.831133],[79.865502,6.831238],[79.865725,6.831234],[79.865723,6.831129],[79.8655,6.831133]]]]}},{"type":"Feature","properties":{},"geometry":{"type":"MultiPolygon","coordinates":[[[[79.867667,6.834386],[79.86743,6.834392],[79.867431,6.834438],[79.867668,6.834432],[79.867667,6.834386]]]]}},{"type":"Feature","properties":{},"geometry":{"type":"MultiPolygon","coordinates":[[[[79.869609,6.826335],[79.86959,6.826327],[79.869583,6.826386],[79.869681,6.826398],[79.869685,6.826369],[79.869609,6.826335]]]]}},{"type":"Feature","properties":{},"geometry":{"type":"MultiPolygon","coordinates":[[[[79.87116,6.829454],[79.871153,6.829692],[79.871221,6.829694],[79.871229,6.829456],[79.87116,6.829454]]]]}},{"type":"Feature","properties":{},"geometry":{"type":"MultiPolygon","coordinates":[[[[79.865939,6.828912],[79.865927,6.828976],[79.865997,6.82899],[79.866009,6.828925],[79.865939,6.828912]]]]}},{"type":"Feature","properties":{},"geometry":{"type":"MultiPolygon","coordinates":[[[[79.867716,6.834903],[79.867611,6.834898],[79.86761,6.834925],[79.867715,6.834929],[79.867716,6.834903]]]]}},{"type":"Feature","properties":{},"geometry":{"type":"MultiPolygon","coordinates":[[[[79.869149,6.830305],[79.869171,6.830237],[79.869008,6.830185],[79.868986,6.830253],[79.869149,6.830305]]]]}},{"type":"Feature","properties":{},"geometry":{"type":"MultiPolygon","coordinates":[[[[79.870035,6.831784],[79.870033,6.831892],[79.870114,6.831893],[79.870115,6.831784],[79.870035,6.831784]]]]}},{"type":"Feature","properties":{},"geometry":{"type":"MultiPolygon","coordinates":[[[[79.871335,6.828151],[79.871178,6.828128],[79.871168,6.828195],[79.871197,6.8282],[79.871173,6.828359],[79.871301,6.828377],[79.871335,6.828151]]]]}},{"type":"Feature","properties":{},"geometry":{"type":"MultiPolygon","coordinates":[[[[79.863852,6.829835],[79.863857,6.829686],[79.863763,6.829683],[79.863759,6.829832],[79.863852,6.829835]]]]}},{"type":"Feature","properties":{},"geometry":{"type":"MultiPolygon","coordinates":[[[[79.86971,6.830248],[79.869705,6.830355],[79.869848,6.830361],[79.869853,6.830254],[79.86971,6.830248]]]]}},{"type":"Feature","properties":{},"geometry":{"type":"MultiPolygon","coordinates":[[[[79.865509,6.826585],[79.865484,6.8266],[79.865552,6.82661],[79.865561,6.826555],[79.865509,6.826585]]]]}},{"type":"Feature","properties":{},"geometry":{"type":"MultiPolygon","coordinates":[[[[79.872061,6.829042],[79.871967,6.829028],[79.871958,6.829091],[79.872052,6.829104],[79.872061,6.829042]]]]}},{"type":"Feature","properties":{},"geometry":{"type":"MultiPolygon","coordinates":[[[[79.870681,6.833969],[79.870767,6.833896],[79.870695,6.833884],[79.87068,6.83397],[79.870681,6.833969]]]]}},{"type":"Feature","properties":{},"geometry":{"type":"MultiPolygon","coordinates":[[[[79.866054,6.83098],[79.866061,6.830776],[79.865962,6.830772],[79.865955,6.830977],[79.866054,6.83098]]]]}},{"type":"Feature","properties":{},"geometry":{"type":"MultiPolygon","coordinates":[[[[79.865786,6.829999],[79.865779,6.830048],[79.865711,6.83004],[79.865698,6.830141],[79.865991,6.830177],[79.866003,6.830087],[79.865851,6.830068],[79.865858,6.830008],[79.865786,6.829999]]]]}},{"type":"Feature","properties":{},"geometry":{"type":"MultiPolygon","coordinates":[[[[79.865993,6.833822],[79.865744,6.833829],[79.865747,6.833929],[79.865996,6.833921],[79.865993,6.833822]]]]}},{"type":"Feature","properties":{},"geometry":{"type":"MultiPolygon","coordinates":[[[[79.867488,6.827117],[79.86744,6.827113],[79.867432,6.827204],[79.86748,6.827208],[79.867488,6.827117]]]]}},{"type":"Feature","properties":{},"geometry":{"type":"MultiPolygon","coordinates":[[[[79.869423,6.829809],[79.869391,6.829908],[79.869444,6.829925],[79.869498,6.829758],[79.869369,6.829717],[79.869347,6.829785],[79.869423,6.829809]]]]}},{"type":"Feature","properties":{},"geometry":{"type":"MultiPolygon","coordinates":[[[[79.865027,6.827659],[79.865029,6.827711],[79.865122,6.827707],[79.865119,6.827655],[79.865027,6.827659]]]]}},{"type":"Feature","properties":{},"geometry":{"type":"MultiPolygon","coordinates":[[[[79.868027,6.83025],[79.8682,6.830305],[79.868229,6.830217],[79.868056,6.830162],[79.868027,6.83025]]]]}},{"type":"Feature","properties":{},"geometry":{"type":"MultiPolygon","coordinates":[[[[79.866177,6.83451],[79.866182,6.83464],[79.866269,6.834637],[79.866264,6.834506],[79.866177,6.83451]]]]}},{"type":"Feature","properties":{},"geometry":{"type":"MultiPolygon","coordinates":[[[[79.868895,6.828475],[79.869045,6.828515],[79.869066,6.828439],[79.868916,6.828399],[79.868895,6.828475]]]]}},{"type":"Feature","properties":{},"geometry":{"type":"MultiPolygon","coordinates":[[[[79.867966,6.831726],[79.867781,6.831731],[79.867784,6.831856],[79.867969,6.831851],[79.867966,6.831726]]]]}},{"type":"Feature","properties":{},"geometry":{"type":"MultiPolygon","coordinates":[[[[79.866831,6.831071],[79.866716,6.831073],[79.866719,6.831221],[79.866834,6.831219],[79.866831,6.831071]]]]}},{"type":"Feature","properties":{},"geometry":{"type":"MultiPolygon","coordinates":[[[[79.870612,6.830462],[79.870545,6.830463],[79.870549,6.830599],[79.870616,6.830597],[79.870612,6.830462]]]]}},{"type":"Feature","properties":{},"geometry":{"type":"MultiPolygon","coordinates":[[[[79.869815,6.828206],[79.869813,6.828131],[79.869698,6.828135],[79.8697,6.828209],[79.869815,6.828206]]]]}},{"type":"Feature","properties":{},"geometry":{"type":"MultiPolygon","coordinates":[[[[79.867771,6.826002],[79.86777,6.826076],[79.867914,6.826079],[79.867916,6.826006],[79.867771,6.826002]]]]}},{"type":"Feature","properties":{},"geometry":{"type":"MultiPolygon","coordinates":[[[[79.865663,6.830566],[79.865662,6.830614],[79.865716,6.830615],[79.865719,6.830487],[79.865628,6.830485],[79.865626,6.830565],[79.865663,6.830566]]]]}},{"type":"Feature","properties":{},"geometry":{"type":"MultiPolygon","coordinates":[[[[79.86705,6.827192],[79.867049,6.82721],[79.867097,6.827213],[79.867108,6.827034],[79.866995,6.827027],[79.866986,6.827188],[79.86705,6.827192]]]]}},{"type":"Feature","properties":{},"geometry":{"type":"MultiPolygon","coordinates":[[[[79.871241,6.832488],[79.871197,6.83238],[79.871064,6.832434],[79.871108,6.832541],[79.871241,6.832488]]]]}},{"type":"Feature","properties":{},"geometry":{"type":"MultiPolygon","coordinates":[[[[79.870786,6.827723],[79.870764,6.82795],[79.870901,6.827963],[79.870922,6.827736],[79.870786,6.827723]]]]}},{"type":"Feature","properties":{},"geometry":{"type":"MultiPolygon","coordinates":[[[[79.865474,6.829094],[79.865371,6.829091],[79.865366,6.829234],[79.865469,6.829238],[79.865474,6.829094]]]]}},{"type":"Feature","properties":{},"geometry":{"type":"MultiPolygon","coordinates":[[[[79.866525,6.831829],[79.866526,6.831783],[79.866463,6.831782],[79.866462,6.831828],[79.866525,6.831829]]]]}},{"type":"Feature","properties":{},"geometry":{"type":"MultiPolygon","coordinates":[[[[79.867758,6.831888],[79.867658,6.831885],[79.867657,6.83192],[79.867757,6.831922],[79.867758,6.831888]]]]}},{"type":"Feature","properties":{},"geometry":{"type":"MultiPolygon","coordinates":[[[[79.867999,6.833059],[79.867995,6.832988],[79.867733,6.833003],[79.867737,6.833074],[79.867999,6.833059]]]]}},{"type":"Feature","properties":{},"geometry":{"type":"MultiPolygon","coordinates":[[[[79.868594,6.832302],[79.868593,6.832374],[79.868641,6.832375],[79.86864,6.832431],[79.868929,6.832436],[79.868931,6.832336],[79.868808,6.832334],[79.868808,6.832306],[79.868594,6.832302]]]]}},{"type":"Feature","properties":{},"geometry":{"type":"MultiPolygon","coordinates":[[[[79.863885,6.828682],[79.863889,6.82857],[79.863741,6.828565],[79.863737,6.828676],[79.863885,6.828682]]]]}},{"type":"Feature","properties":{},"geometry":{"type":"MultiPolygon","coordinates":[[[[79.865715,6.829561],[79.865579,6.829555],[79.865574,6.829665],[79.86571,6.829671],[79.865715,6.829561]]]]}},{"type":"Feature","properties":{},"geometry":{"type":"MultiPolygon","coordinates":[[[[79.868949,6.833323],[79.869052,6.833346],[79.869059,6.833316],[79.869157,6.833338],[79.869187,6.833208],[79.869046,6.833177],[79.869033,6.833238],[79.868971,6.833224],[79.868949,6.833323]]]]}},{"type":"Feature","properties":{},"geometry":{"type":"MultiPolygon","coordinates":[[[[79.871357,6.828313],[79.871434,6.828334],[79.871454,6.828261],[79.871444,6.828258],[79.871464,6.828185],[79.871397,6.828167],[79.871357,6.828313]]]]}},{"type":"Feature","properties":{},"geometry":{"type":"MultiPolygon","coordinates":[[[[79.87137,6.829391],[79.871322,6.82939],[79.871321,6.829414],[79.871248,6.829412],[79.871247,6.829488],[79.871437,6.829492],[79.871438,6.829417],[79.87137,6.829416],[79.87137,6.829391]]]]}},{"type":"Feature","properties":{},"geometry":{"type":"MultiPolygon","coordinates":[[[[79.86856,6.834671],[79.868654,6.834676],[79.868659,6.834584],[79.868565,6.834579],[79.86856,6.834671]]]]}},{"type":"Feature","properties":{},"geometry":{"type":"MultiPolygon","coordinates":[[[[79.866641,6.826283],[79.866643,6.826379],[79.866758,6.826376],[79.866755,6.82628],[79.866641,6.826283]]]]}},{"type":"Feature","properties":{},"geometry":{"type":"MultiPolygon","coordinates":[[[[79.867596,6.82767],[79.867536,6.82761],[79.867492,6.827653],[79.867552,6.827713],[79.867596,6.82767]]]]}},{"type":"Feature","properties":{},"geometry":{"type":"MultiPolygon","coordinates":[[[[79.863748,6.831197],[79.863747,6.831242],[79.863882,6.831246],[79.863887,6.831109],[79.863702,6.831103],[79.863699,6.831195],[79.863748,6.831197]]]]}},{"type":"Feature","properties":{},"geometry":{"type":"MultiPolygon","coordinates":[[[[79.865383,6.833198],[79.865535,6.833193],[79.865533,6.833119],[79.86538,6.833125],[79.865383,6.833198]]]]}},{"type":"Feature","properties":{},"geometry":{"type":"MultiPolygon","coordinates":[[[[79.866255,6.834728],[79.866455,6.834677],[79.866428,6.834572],[79.866337,6.834595],[79.866343,6.834619],[79.866183,6.834659],[79.866166,6.834593],[79.86612,6.834605],[79.86614,6.834684],[79.866255,6.834728]]]]}},{"type":"Feature","properties":{},"geometry":{"type":"MultiPolygon","coordinates":[[[[79.865732,6.832699],[79.865727,6.832567],[79.865639,6.832571],[79.865644,6.832702],[79.865732,6.832699]]]]}},{"type":"Feature","properties":{},"geometry":{"type":"MultiPolygon","coordinates":[[[[79.864384,6.831204],[79.864313,6.831207],[79.864315,6.831246],[79.864386,6.831244],[79.864384,6.831204]]]]}},{"type":"Feature","properties":{},"geometry":{"type":"MultiPolygon","coordinates":[[[[79.868913,6.832714],[79.868737,6.832718],[79.86874,6.832838],[79.868915,6.832834],[79.868913,6.832714]]]]}},{"type":"Feature","properties":{},"geometry":{"type":"MultiPolygon","coordinates":[[[[79.866543,6.83128],[79.866469,6.831283],[79.866474,6.831403],[79.866548,6.8314],[79.866543,6.83128]]]]}},{"type":"Feature","properties":{},"geometry":{"type":"MultiPolygon","coordinates":[[[[79.870623,6.828521],[79.870621,6.828616],[79.870709,6.828618],[79.870711,6.828523],[79.870623,6.828521]]]]}},{"type":"Feature","properties":{},"geometry":{"type":"MultiPolygon","coordinates":[[[[79.864796,6.827882],[79.8648,6.828003],[79.864913,6.827999],[79.864909,6.827878],[79.864796,6.827882]]]]}},{"type":"Feature","properties":{},"geometry":{"type":"MultiPolygon","coordinates":[[[[79.867057,6.829171],[79.867052,6.829036],[79.866934,6.829039],[79.866939,6.829175],[79.867057,6.829171]]]]}},{"type":"Feature","properties":{},"geometry":{"type":"MultiPolygon","coordinates":[[[[79.868836,6.833792],[79.868976,6.833787],[79.868972,6.833681],[79.868831,6.833687],[79.868836,6.833792]]]]}},{"type":"Feature","properties":{},"geometry":{"type":"MultiPolygon","coordinates":[[[[79.871775,6.828987],[79.871839,6.829017],[79.871858,6.828978],[79.871793,6.828948],[79.871775,6.828987]]]]}},{"type":"Feature","properties":{},"geometry":{"type":"MultiPolygon","coordinates":[[[[79.866244,6.827811],[79.866203,6.827813],[79.8662,6.827755],[79.866079,6.827762],[79.866081,6.827791],[79.865999,6.827795],[79.866005,6.827892],[79.866248,6.827879],[79.866244,6.827811]]]]}},{"type":"Feature","properties":{},"geometry":{"type":"MultiPolygon","coordinates":[[[[79.8652,6.833691],[79.865195,6.833757],[79.865291,6.833765],[79.865296,6.833699],[79.8652,6.833691]]]]}},{"type":"Feature","properties":{},"geometry":{"type":"MultiPolygon","coordinates":[[[[79.865078,6.833875],[79.865082,6.833997],[79.865259,6.833992],[79.865254,6.833843],[79.865132,6.833847],[79.865133,6.833873],[79.865078,6.833875]]]]}},{"type":"Feature","properties":{},"geometry":{"type":"MultiPolygon","coordinates":[[[[79.865175,6.833676],[79.865301,6.833674],[79.865299,6.833589],[79.865173,6.833591],[79.865175,6.833676]]]]}},{"type":"Feature","properties":{},"geometry":{"type":"MultiPolygon","coordinates":[[[[79.864457,6.827783],[79.864355,6.82778],[79.864353,6.827863],[79.864455,6.827866],[79.864457,6.827783]]]]}},{"type":"Feature","properties":{},"geometry":{"type":"MultiPolygon","coordinates":[[[[79.869755,6.828263],[79.869675,6.828265],[79.869677,6.828355],[79.869757,6.828354],[79.869755,6.828263]]]]}},{"type":"Feature","properties":{},"geometry":{"type":"MultiPolygon","coordinates":[[[[79.86684,6.831209],[79.866844,6.831299],[79.866967,6.831295],[79.866964,6.831204],[79.86684,6.831209]]]]}},{"type":"Feature","properties":{},"geometry":{"type":"MultiPolygon","coordinates":[[[[79.870738,6.832271],[79.87093,6.832341],[79.870963,6.832252],[79.870709,6.83216],[79.870688,6.832218],[79.870636,6.8322],[79.870606,6.832279],[79.87072,6.832321],[79.870738,6.832271]]]]}},{"type":"Feature","properties":{},"geometry":{"type":"MultiPolygon","coordinates":[[[[79.864885,6.828088],[79.864751,6.828071],[79.864732,6.828216],[79.86478,6.828222],[79.864784,6.828187],[79.864871,6.828198],[79.864885,6.828088]]]]}},{"type":"Feature","properties":{},"geometry":{"type":"MultiPolygon","coordinates":[[[[79.869171,6.828869],[79.86923,6.828866],[79.869226,6.828801],[79.869167,6.828804],[79.869171,6.828869]]]]}},{"type":"Feature","properties":{},"geometry":{"type":"MultiPolygon","coordinates":[[[[79.866917,6.826734],[79.866912,6.826571],[79.866848,6.826573],[79.866853,6.826736],[79.866917,6.826734]]]]}},{"type":"Feature","properties":{},"geometry":{"type":"MultiPolygon","coordinates":[[[[79.867239,6.833448],[79.867232,6.833344],[79.867069,6.833354],[79.867068,6.83333],[79.86683,6.833345],[79.866833,6.8334],[79.867084,6.833384],[79.867089,6.833457],[79.867239,6.833448]]]]}},{"type":"Feature","properties":{},"geometry":{"type":"MultiPolygon","coordinates":[[[[79.8692,6.829756],[79.869321,6.8298],[79.869371,6.829667],[79.86925,6.829622],[79.8692,6.829756]]]]}},{"type":"Feature","properties":{},"geometry":{"type":"MultiPolygon","coordinates":[[[[79.866687,6.829743],[79.866693,6.82968],[79.866598,6.82967],[79.866583,6.829807],[79.866729,6.829822],[79.866737,6.829748],[79.866687,6.829743]]]]}},{"type":"Feature","properties":{},"geometry":{"type":"MultiPolygon","coordinates":[[[[79.86684,6.826785],[79.8668,6.826783],[79.866801,6.826739],[79.866699,6.826736],[79.866695,6.82687],[79.866837,6.826875],[79.86684,6.826785]]]]}},{"type":"Feature","properties":{},"geometry":{"type":"MultiPolygon","coordinates":[[[[79.868726,6.834358],[79.868722,6.834436],[79.868863,6.834443],[79.868866,6.834365],[79.868726,6.834358]]]]}},{"type":"Feature","properties":{},"geometry":{"type":"MultiPolygon","coordinates":[[[[79.871222,6.830462],[79.871153,6.830441],[79.87112,6.830548],[79.871266,6.830592],[79.871287,6.830524],[79.871277,6.830521],[79.871302,6.830439],[79.871235,6.830419],[79.871222,6.830462]]]]}},{"type":"Feature","properties":{},"geometry":{"type":"MultiPolygon","coordinates":[[[[79.870257,6.832336],[79.8703,6.832345],[79.870304,6.832329],[79.870371,6.832343],[79.870394,6.832234],[79.870263,6.832207],[79.87025,6.832266],[79.870271,6.83227],[79.870257,6.832336]]]]}},{"type":"Feature","properties":{},"geometry":{"type":"MultiPolygon","coordinates":[[[[79.86694,6.834733],[79.866937,6.834827],[79.867033,6.83483],[79.867036,6.834736],[79.86694,6.834733]]]]}},{"type":"Feature","properties":{},"geometry":{"type":"MultiPolygon","coordinates":[[[[79.864684,6.831626],[79.864805,6.831623],[79.864802,6.831514],[79.864682,6.831517],[79.864684,6.831626]]]]}},{"type":"Feature","properties":{},"geometry":{"type":"MultiPolygon","coordinates":[[[[79.870943,6.83256],[79.871001,6.832537],[79.871021,6.832585],[79.871097,6.832554],[79.871047,6.832432],[79.870913,6.832485],[79.870943,6.83256]]]]}},{"type":"Feature","properties":{},"geometry":{"type":"MultiPolygon","coordinates":[[[[79.86739,6.828518],[79.867386,6.828432],[79.867254,6.828438],[79.867258,6.828524],[79.86739,6.828518]]]]}},{"type":"Feature","properties":{},"geometry":{"type":"MultiPolygon","coordinates":[[[[79.869199,6.82999],[79.869179,6.830094],[79.869205,6.830099],[79.869185,6.830198],[79.869338,6.830227],[79.86937,6.830063],[79.869231,6.830036],[79.869238,6.829998],[79.869199,6.82999]]]]}},{"type":"Feature","properties":{},"geometry":{"type":"MultiPolygon","coordinates":[[[[79.868333,6.834307],[79.868236,6.83431],[79.868241,6.834442],[79.868337,6.834438],[79.868333,6.834307]]]]}},{"type":"Feature","properties":{},"geometry":{"type":"MultiPolygon","coordinates":[[[[79.865373,6.829271],[79.865318,6.829269],[79.865319,6.829233],[79.865153,6.829228],[79.865151,6.829312],[79.865371,6.829319],[79.865373,6.829271]]]]}},{"type":"Feature","properties":{},"geometry":{"type":"MultiPolygon","coordinates":[[[[79.871822,6.830413],[79.871817,6.830508],[79.871983,6.830516],[79.871988,6.830421],[79.871822,6.830413]]]]}},{"type":"Feature","properties":{},"geometry":{"type":"MultiPolygon","coordinates":[[[[79.869746,6.832191],[79.869961,6.832184],[79.869957,6.832073],[79.869898,6.832074],[79.869897,6.832056],[79.869742,6.832061],[79.869746,6.832191]]]]}},{"type":"Feature","properties":{},"geometry":{"type":"MultiPolygon","coordinates":[[[[79.869137,6.827926],[79.869313,6.827958],[79.86934,6.827815],[79.869239,6.827797],[79.869232,6.827838],[79.869267,6.827845],[79.869261,6.827877],[79.86915,6.827857],[79.869137,6.827926]]]]}},{"type":"Feature","properties":{},"geometry":{"type":"MultiPolygon","coordinates":[[[[79.869185,6.832273],[79.869087,6.832261],[79.86908,6.832316],[79.869178,6.832328],[79.869185,6.832273]]]]}},{"type":"Feature","properties":{},"geometry":{"type":"MultiPolygon","coordinates":[[[[79.866302,6.829251],[79.866217,6.829249],[79.866216,6.829299],[79.866301,6.829301],[79.866302,6.829251]]]]}},{"type":"Feature","properties":{},"geometry":{"type":"MultiPolygon","coordinates":[[[[79.867292,6.831165],[79.867503,6.831194],[79.867521,6.831062],[79.867302,6.831032],[79.867294,6.831086],[79.867303,6.831088],[79.867292,6.831165]]]]}},{"type":"Feature","properties":{},"geometry":{"type":"MultiPolygon","coordinates":[[[[79.868366,6.83101],[79.868432,6.831019],[79.868443,6.83094],[79.868378,6.83093],[79.868366,6.83101]]]]}},{"type":"Feature","properties":{},"geometry":{"type":"MultiPolygon","coordinates":[[[[79.867835,6.827179],[79.867837,6.827017],[79.867799,6.827016],[79.8678,6.826944],[79.867642,6.826942],[79.867642,6.82691],[79.867565,6.826909],[79.867563,6.827058],[79.867565,6.827058],[79.867564,6.827176],[79.867635,6.827176],[79.867636,6.827075],[79.867675,6.827076],[79.867674,6.827177],[79.867835,6.827179]]]]}},{"type":"Feature","properties":{},"geometry":{"type":"MultiPolygon","coordinates":[[[[79.868943,6.826823],[79.868691,6.826772],[79.868665,6.8269],[79.868639,6.826895],[79.868627,6.826954],[79.868699,6.826969],[79.86869,6.827011],[79.869031,6.827081],[79.869064,6.826923],[79.869091,6.826928],[79.86911,6.826837],[79.868947,6.826804],[79.868943,6.826823]]]]}},{"type":"Feature","properties":{},"geometry":{"type":"MultiPolygon","coordinates":[[[[79.864321,6.829289],[79.864259,6.8295],[79.864281,6.829507],[79.864264,6.829563],[79.864371,6.829594],[79.864425,6.829407],[79.864459,6.829417],[79.864482,6.829336],[79.864321,6.829289]]]]}},{"type":"Feature","properties":{},"geometry":{"type":"MultiPolygon","coordinates":[[[[79.863497,6.831028],[79.863636,6.831033],[79.863639,6.830939],[79.8635,6.830935],[79.863497,6.831028]]]]}},{"type":"Feature","properties":{},"geometry":{"type":"MultiPolygon","coordinates":[[[[79.864992,6.831259],[79.86499,6.831155],[79.864884,6.831157],[79.864886,6.831261],[79.864992,6.831259]]]]}},{"type":"Feature","properties":{},"geometry":{"type":"MultiPolygon","coordinates":[[[[79.87182,6.831917],[79.871784,6.831935],[79.871816,6.831997],[79.871933,6.831938],[79.871888,6.831851],[79.871807,6.831892],[79.87182,6.831917]]]]}},{"type":"Feature","properties":{},"geometry":{"type":"MultiPolygon","coordinates":[[[[79.864141,6.82889],[79.864093,6.82884],[79.864041,6.828889],[79.864089,6.828939],[79.864141,6.82889]]]]}},{"type":"Feature","properties":{},"geometry":{"type":"MultiPolygon","coordinates":[[[[79.870918,6.831747],[79.870952,6.831532],[79.870881,6.831521],[79.870864,6.831632],[79.87081,6.831623],[79.870794,6.831728],[79.870918,6.831747]]]]}},{"type":"Feature","properties":{},"geometry":{"type":"MultiPolygon","coordinates":[[[[79.863501,6.830584],[79.863336,6.830582],[79.863334,6.830778],[79.86345,6.830779],[79.863451,6.830687],[79.8635,6.830688],[79.863501,6.830584]]]]}},{"type":"Feature","properties":{},"geometry":{"type":"MultiPolygon","coordinates":[[[[79.866379,6.827362],[79.866481,6.827365],[79.866486,6.827152],[79.866385,6.827149],[79.866379,6.827362]]]]}},{"type":"Feature","properties":{},"geometry":{"type":"MultiPolygon","coordinates":[[[[79.870664,6.829928],[79.870768,6.829958],[79.870778,6.829921],[79.870674,6.829891],[79.870664,6.829928]]]]}},{"type":"Feature","properties":{},"geometry":{"type":"MultiPolygon","coordinates":[[[[79.869372,6.829453],[79.869276,6.829433],[79.869259,6.829517],[79.869354,6.829537],[79.869372,6.829453]]]]}},{"type":"Feature","properties":{},"geometry":{"type":"MultiPolygon","coordinates":[[[[79.86486,6.827871],[79.864863,6.827772],[79.864782,6.82777],[79.864779,6.827868],[79.86486,6.827871]]]]}},{"type":"Feature","properties":{},"geometry":{"type":"MultiPolygon","coordinates":[[[[79.86446,6.828264],[79.864463,6.828179],[79.864364,6.828175],[79.864362,6.828227],[79.864357,6.828226],[79.864355,6.82826],[79.86446,6.828264]]]]}},{"type":"Feature","properties":{},"geometry":{"type":"MultiPolygon","coordinates":[[[[79.866924,6.834915],[79.866923,6.834885],[79.866821,6.834889],[79.866821,6.834893],[79.866924,6.834915]]]]}},{"type":"Feature","properties":{},"geometry":{"type":"MultiPolygon","coordinates":[[[[79.870546,6.827163],[79.870549,6.827253],[79.870745,6.827247],[79.870741,6.827156],[79.870546,6.827163]]]]}},{"type":"Feature","properties":{},"geometry":{"type":"MultiPolygon","coordinates":[[[[79.864759,6.828951],[79.864753,6.829072],[79.864871,6.829077],[79.864877,6.828956],[79.864759,6.828951]]]]}},{"type":"Feature","properties":{},"geometry":{"type":"MultiPolygon","coordinates":[[[[79.8671,6.832236],[79.867219,6.832246],[79.867219,6.832251],[79.8673,6.832258],[79.86731,6.832139],[79.867285,6.832137],[79.867293,6.832039],[79.867098,6.832023],[79.867091,6.832113],[79.86711,6.832114],[79.8671,6.832236]]]]}},{"type":"Feature","properties":{},"geometry":{"type":"MultiPolygon","coordinates":[[[[79.866442,6.830997],[79.866542,6.830984],[79.86655,6.831044],[79.866653,6.83103],[79.866634,6.830897],[79.866431,6.830924],[79.866442,6.830997]]]]}},{"type":"Feature","properties":{},"geometry":{"type":"MultiPolygon","coordinates":[[[[79.867344,6.831367],[79.867197,6.831358],[79.867191,6.831456],[79.867338,6.831465],[79.867344,6.831367]]]]}},{"type":"Feature","properties":{},"geometry":{"type":"MultiPolygon","coordinates":[[[[79.866217,6.827313],[79.866178,6.827319],[79.866186,6.827364],[79.866225,6.827358],[79.866217,6.827313]]]]}},{"type":"Feature","properties":{},"geometry":{"type":"MultiPolygon","coordinates":[[[[79.867512,6.834992],[79.867654,6.834999],[79.86769,6.835],[79.867691,6.83499],[79.867429,6.834975],[79.867428,6.834985],[79.867512,6.834992]]]]}},{"type":"Feature","properties":{},"geometry":{"type":"MultiPolygon","coordinates":[[[[79.869291,6.828651],[79.869258,6.828922],[79.869425,6.828942],[79.86944,6.828815],[79.869388,6.828809],[79.869405,6.828664],[79.869291,6.828651]]]]}},{"type":"Feature","properties":{},"geometry":{"type":"MultiPolygon","coordinates":[[[[79.867968,6.826539],[79.868102,6.826544],[79.868111,6.826308],[79.867977,6.826303],[79.867968,6.826539]]]]}},{"type":"Feature","properties":{},"geometry":{"type":"MultiPolygon","coordinates":[[[[79.868691,6.834157],[79.868617,6.834159],[79.868621,6.834297],[79.868695,6.834295],[79.868691,6.834157]]]]}},{"type":"Feature","properties":{},"geometry":{"type":"MultiPolygon","coordinates":[[[[79.866632,6.82787],[79.866634,6.827961],[79.866798,6.827957],[79.866797,6.8279],[79.866831,6.827899],[79.86683,6.827839],[79.866696,6.827842],[79.866696,6.827869],[79.866632,6.82787]]]]}},{"type":"Feature","properties":{},"geometry":{"type":"MultiPolygon","coordinates":[[[[79.871535,6.831397],[79.871471,6.831375],[79.871462,6.8314],[79.871527,6.831422],[79.871535,6.831397]]]]}},{"type":"Feature","properties":{},"geometry":{"type":"MultiPolygon","coordinates":[[[[79.864881,6.830051],[79.864884,6.82993],[79.864766,6.829927],[79.864764,6.830018],[79.864833,6.830019],[79.864832,6.83005],[79.864881,6.830051]]]]}},{"type":"Feature","properties":{},"geometry":{"type":"MultiPolygon","coordinates":[[[[79.865307,6.833587],[79.865309,6.833507],[79.865245,6.833506],[79.865247,6.833394],[79.865064,6.833389],[79.865061,6.833493],[79.865159,6.833496],[79.865158,6.833537],[79.865206,6.833538],[79.865205,6.833585],[79.865307,6.833587]]]]}},{"type":"Feature","properties":{},"geometry":{"type":"MultiPolygon","coordinates":[[[[79.867625,6.827376],[79.867622,6.827229],[79.867509,6.827232],[79.867512,6.827378],[79.867625,6.827376]]]]}},{"type":"Feature","properties":{},"geometry":{"type":"MultiPolygon","coordinates":[[[[79.866619,6.827226],[79.86662,6.82713],[79.86654,6.827129],[79.866539,6.827225],[79.866619,6.827226]]]]}},{"type":"Feature","properties":{},"geometry":{"type":"MultiPolygon","coordinates":[[[[79.8683,6.828282],[79.868396,6.828308],[79.868397,6.828303],[79.868516,6.828335],[79.868561,6.828172],[79.868439,6.828139],[79.868425,6.828188],[79.868429,6.828189],[79.868413,6.828246],[79.868317,6.82822],[79.8683,6.828282]]]]}},{"type":"Feature","properties":{},"geometry":{"type":"MultiPolygon","coordinates":[[[[79.870023,6.832852],[79.869919,6.833023],[79.870004,6.833074],[79.870108,6.832903],[79.870023,6.832852]]]]}},{"type":"Feature","properties":{},"geometry":{"type":"MultiPolygon","coordinates":[[[[79.871659,6.832668],[79.871634,6.832599],[79.871477,6.832654],[79.871501,6.832723],[79.871659,6.832668]]]]}},{"type":"Feature","properties":{},"geometry":{"type":"MultiPolygon","coordinates":[[[[79.871556,6.831226],[79.871531,6.831294],[79.871593,6.831316],[79.871618,6.831247],[79.871556,6.831226]]]]}},{"type":"Feature","properties":{},"geometry":{"type":"MultiPolygon","coordinates":[[[[79.869883,6.827275],[79.869746,6.827279],[79.86975,6.827398],[79.869886,6.827395],[79.869883,6.827275]]]]}},{"type":"Feature","properties":{},"geometry":{"type":"MultiPolygon","coordinates":[[[[79.865494,6.832793],[79.865456,6.832793],[79.865458,6.832839],[79.865495,6.832838],[79.865494,6.832793]]]]}},{"type":"Feature","properties":{},"geometry":{"type":"MultiPolygon","coordinates":[[[[79.864592,6.832697],[79.864595,6.832603],[79.864408,6.832598],[79.864406,6.832691],[79.864592,6.832697]]]]}},{"type":"Feature","properties":{},"geometry":{"type":"MultiPolygon","coordinates":[[[[79.864967,6.828969],[79.864959,6.82903],[79.864986,6.829033],[79.864993,6.828972],[79.864967,6.828969]]]]}},{"type":"Feature","properties":{},"geometry":{"type":"MultiPolygon","coordinates":[[[[79.866836,6.826064],[79.866829,6.826194],[79.866926,6.826199],[79.866934,6.826044],[79.866836,6.826064]]]]}},{"type":"Feature","properties":{},"geometry":{"type":"MultiPolygon","coordinates":[[[[79.866455,6.834276],[79.866461,6.834465],[79.866584,6.834462],[79.866579,6.834273],[79.866455,6.834276]]]]}},{"type":"Feature","properties":{},"geometry":{"type":"MultiPolygon","coordinates":[[[[79.864084,6.83299],[79.864239,6.832995],[79.864243,6.832858],[79.864089,6.832853],[79.864084,6.83299]]]]}},{"type":"Feature","properties":{},"geometry":{"type":"MultiPolygon","coordinates":[[[[79.864079,6.830223],[79.864187,6.830219],[79.864192,6.830338],[79.864361,6.830332],[79.864355,6.830196],[79.86431,6.830198],[79.864307,6.830134],[79.864225,6.830137],[79.864223,6.83007],[79.864073,6.830075],[79.864079,6.830223]]]]}},{"type":"Feature","properties":{},"geometry":{"type":"MultiPolygon","coordinates":[[[[79.866485,6.827799],[79.86648,6.827675],[79.866407,6.827678],[79.866412,6.827802],[79.866485,6.827799]]]]}},{"type":"Feature","properties":{},"geometry":{"type":"MultiPolygon","coordinates":[[[[79.870358,6.829015],[79.870357,6.829057],[79.870449,6.829061],[79.870454,6.828952],[79.87032,6.828947],[79.870317,6.829013],[79.870358,6.829015]]]]}},{"type":"Feature","properties":{},"geometry":{"type":"MultiPolygon","coordinates":[[[[79.868388,6.833754],[79.868387,6.833826],[79.868511,6.833828],[79.868512,6.833756],[79.868388,6.833754]]]]}},{"type":"Feature","properties":{},"geometry":{"type":"MultiPolygon","coordinates":[[[[79.863338,6.829765],[79.863331,6.82981],[79.863419,6.829812],[79.86342,6.829745],[79.863342,6.829743],[79.863338,6.829765]]]]}},{"type":"Feature","properties":{},"geometry":{"type":"MultiPolygon","coordinates":[[[[79.869918,6.828529],[79.869886,6.828531],[79.86989,6.82859],[79.870086,6.828579],[79.870078,6.828435],[79.869913,6.828445],[79.869918,6.828529]]]]}},{"type":"Feature","properties":{},"geometry":{"type":"MultiPolygon","coordinates":[[[[79.867256,6.831031],[79.867144,6.831026],[79.867137,6.831181],[79.86725,6.831185],[79.867253,6.831108],[79.867253,6.831108],[79.867256,6.831031]]]]}},{"type":"Feature","properties":{},"geometry":{"type":"MultiPolygon","coordinates":[[[[79.866504,6.83265],[79.86644,6.83265],[79.86644,6.832735],[79.866504,6.832735],[79.866504,6.83265]]]]}},{"type":"Feature","properties":{},"geometry":{"type":"MultiPolygon","coordinates":[[[[79.867269,6.82817],[79.867272,6.82826],[79.867251,6.828261],[79.867249,6.828211],[79.867166,6.828214],[79.867171,6.828344],[79.867257,6.828341],[79.867259,6.828397],[79.867446,6.82839],[79.867443,6.828304],[79.867418,6.828305],[79.867412,6.828164],[79.867269,6.82817]]]]}},{"type":"Feature","properties":{},"geometry":{"type":"MultiPolygon","coordinates":[[[[79.867608,6.830674],[79.867408,6.830647],[79.867401,6.8307],[79.867393,6.830699],[79.867384,6.830766],[79.867553,6.830788],[79.867557,6.830759],[79.867596,6.830764],[79.867608,6.830674]]]]}},{"type":"Feature","properties":{},"geometry":{"type":"MultiPolygon","coordinates":[[[[79.86944,6.831395],[79.86948,6.831395],[79.869479,6.831331],[79.869438,6.831331],[79.86944,6.831395]]]]}},{"type":"Feature","properties":{},"geometry":{"type":"MultiPolygon","coordinates":[[[[79.870579,6.827128],[79.87058,6.827069],[79.870518,6.827068],[79.870517,6.827127],[79.870579,6.827128]]]]}},{"type":"Feature","properties":{},"geometry":{"type":"MultiPolygon","coordinates":[[[[79.871351,6.828414],[79.871426,6.828412],[79.871424,6.828348],[79.871349,6.82835],[79.871351,6.828414]]]]}},{"type":"Feature","properties":{},"geometry":{"type":"MultiPolygon","coordinates":[[[[79.870814,6.830998],[79.870905,6.831001],[79.870906,6.830959],[79.870946,6.83096],[79.870952,6.830817],[79.870821,6.830812],[79.870814,6.830998]]]]}},{"type":"Feature","properties":{},"geometry":{"type":"MultiPolygon","coordinates":[[[[79.868123,6.828374],[79.868116,6.828413],[79.868212,6.82843],[79.868219,6.828392],[79.868123,6.828374]]]]}},{"type":"Feature","properties":{},"geometry":{"type":"MultiPolygon","coordinates":[[[[79.866098,6.832971],[79.866007,6.832967],[79.866003,6.833051],[79.866094,6.833055],[79.866098,6.832971]]]]}},{"type":"Feature","properties":{},"geometry":{"type":"MultiPolygon","coordinates":[[[[79.867751,6.831001],[79.867854,6.831021],[79.867876,6.830908],[79.867773,6.830888],[79.867751,6.831001]]]]}},{"type":"Feature","properties":{},"geometry":{"type":"MultiPolygon","coordinates":[[[[79.869807,6.833814],[79.869904,6.833818],[79.869909,6.833715],[79.869812,6.83371],[79.869807,6.833814]]]]}},{"type":"Feature","properties":{},"geometry":{"type":"MultiPolygon","coordinates":[[[[79.869561,6.827286],[79.869568,6.82747],[79.869726,6.827464],[79.869719,6.827281],[79.869561,6.827286]]]]}},{"type":"Feature","properties":{},"geometry":{"type":"MultiPolygon","coordinates":[[[[79.86696,6.827668],[79.866773,6.82766],[79.866769,6.827771],[79.866955,6.827778],[79.86696,6.827668]]]]}},{"type":"Feature","properties":{},"geometry":{"type":"MultiPolygon","coordinates":[[[[79.866355,6.830978],[79.866374,6.830883],[79.866315,6.830871],[79.866305,6.830922],[79.866261,6.830913],[79.866252,6.830957],[79.866355,6.830978]]]]}},{"type":"Feature","properties":{},"geometry":{"type":"MultiPolygon","coordinates":[[[[79.868358,6.834409],[79.868681,6.83441],[79.868681,6.83432],[79.868491,6.834319],[79.868491,6.834265],[79.868358,6.834264],[79.868358,6.834409]]]]}},{"type":"Feature","properties":{},"geometry":{"type":"MultiPolygon","coordinates":[[[[79.867387,6.825979],[79.867381,6.825979],[79.867392,6.825982],[79.867393,6.825978],[79.867387,6.825979]]]]}},{"type":"Feature","properties":{},"geometry":{"type":"MultiPolygon","coordinates":[[[[79.867718,6.833576],[79.867659,6.833574],[79.867657,6.83363],[79.867716,6.833631],[79.867718,6.833576]]]]}},{"type":"Feature","properties":{},"geometry":{"type":"MultiPolygon","coordinates":[[[[79.864231,6.828248],[79.864348,6.828255],[79.864353,6.828186],[79.864235,6.828179],[79.864231,6.828248]]]]}},{"type":"Feature","properties":{},"geometry":{"type":"MultiPolygon","coordinates":[[[[79.868445,6.829158],[79.868811,6.829243],[79.868837,6.829133],[79.868667,6.829093],[79.868676,6.829054],[79.868481,6.829008],[79.868445,6.829158]]]]}},{"type":"Feature","properties":{},"geometry":{"type":"MultiPolygon","coordinates":[[[[79.865546,6.832298],[79.865548,6.832386],[79.865752,6.832382],[79.86575,6.832294],[79.865546,6.832298]]]]}},{"type":"Feature","properties":{},"geometry":{"type":"MultiPolygon","coordinates":[[[[79.867088,6.834944],[79.867229,6.834965],[79.867231,6.834965],[79.867231,6.834898],[79.867164,6.834898],[79.867164,6.834845],[79.867047,6.834845],[79.867047,6.834937],[79.867088,6.834944]]]]}},{"type":"Feature","properties":{},"geometry":{"type":"MultiPolygon","coordinates":[[[[79.869975,6.826955],[79.869997,6.826956],[79.869993,6.827049],[79.870103,6.827053],[79.870108,6.826923],[79.869977,6.826918],[79.869975,6.826955]]]]}},{"type":"Feature","properties":{},"geometry":{"type":"MultiPolygon","coordinates":[[[[79.868786,6.83004],[79.868776,6.830081],[79.868765,6.830079],[79.86874,6.830184],[79.868847,6.830208],[79.868871,6.830107],[79.868856,6.830104],[79.868866,6.830058],[79.868786,6.83004]]]]}},{"type":"Feature","properties":{},"geometry":{"type":"MultiPolygon","coordinates":[[[[79.864453,6.8306],[79.864406,6.830611],[79.864432,6.830718],[79.864479,6.830707],[79.864453,6.8306]]]]}},{"type":"Feature","properties":{},"geometry":{"type":"MultiPolygon","coordinates":[[[[79.863492,6.830562],[79.863613,6.830559],[79.863611,6.830462],[79.86349,6.830464],[79.863492,6.830562]]]]}},{"type":"Feature","properties":{},"geometry":{"type":"MultiPolygon","coordinates":[[[[79.8642,6.82978],[79.864195,6.829936],[79.864251,6.829937],[79.864253,6.829837],[79.86433,6.82984],[79.864331,6.829784],[79.8642,6.82978]]]]}},{"type":"Feature","properties":{},"geometry":{"type":"MultiPolygon","coordinates":[[[[79.867581,6.826575],[79.867508,6.826578],[79.867506,6.826521],[79.867427,6.826524],[79.86743,6.826606],[79.867512,6.826603],[79.867514,6.826649],[79.867583,6.826647],[79.867581,6.826575]]]]}},{"type":"Feature","properties":{},"geometry":{"type":"MultiPolygon","coordinates":[[[[79.86493,6.83217],[79.865047,6.832171],[79.865048,6.832074],[79.864931,6.832073],[79.86493,6.83217]]]]}},{"type":"Feature","properties":{},"geometry":{"type":"MultiPolygon","coordinates":[[[[79.864029,6.83052],[79.864026,6.830606],[79.864041,6.830607],[79.864038,6.830724],[79.864113,6.830726],[79.864119,6.830522],[79.864029,6.83052]]]]}},{"type":"Feature","properties":{},"geometry":{"type":"MultiPolygon","coordinates":[[[[79.871329,6.831998],[79.871274,6.831898],[79.871163,6.831958],[79.871218,6.832057],[79.871329,6.831998]]]]}},{"type":"Feature","properties":{},"geometry":{"type":"MultiPolygon","coordinates":[[[[79.868168,6.834515],[79.868175,6.834662],[79.86823,6.834659],[79.868223,6.834513],[79.868168,6.834515]]]]}},{"type":"Feature","properties":{},"geometry":{"type":"MultiPolygon","coordinates":[[[[79.864026,6.830514],[79.863938,6.830514],[79.863938,6.830719],[79.864027,6.830719],[79.864026,6.830514]]]]}},{"type":"Feature","properties":{},"geometry":{"type":"MultiPolygon","coordinates":[[[[79.868046,6.828552],[79.868045,6.828613],[79.868157,6.828616],[79.868159,6.828555],[79.868046,6.828552]]]]}},{"type":"Feature","properties":{},"geometry":{"type":"MultiPolygon","coordinates":[[[[79.86671,6.833677],[79.866706,6.833603],[79.866513,6.833613],[79.866521,6.833753],[79.866722,6.833742],[79.866718,6.833677],[79.86671,6.833677]]]]}},{"type":"Feature","properties":{},"geometry":{"type":"MultiPolygon","coordinates":[[[[79.864554,6.829234],[79.86454,6.829333],[79.864646,6.829349],[79.86466,6.82925],[79.864554,6.829234]]]]}},{"type":"Feature","properties":{},"geometry":{"type":"MultiPolygon","coordinates":[[[[79.867163,6.83448],[79.866771,6.834478],[79.866771,6.834578],[79.867162,6.83458],[79.867163,6.83448]]]]}},{"type":"Feature","properties":{},"geometry":{"type":"MultiPolygon","coordinates":[[[[79.863472,6.830203],[79.86347,6.830347],[79.863526,6.830348],[79.863525,6.83038],[79.863607,6.830381],[79.86361,6.830206],[79.863472,6.830203]]]]}},{"type":"Feature","properties":{},"geometry":{"type":"MultiPolygon","coordinates":[[[[79.870315,6.827008],[79.870317,6.826957],[79.870159,6.826952],[79.870157,6.827002],[79.870315,6.827008]]]]}},{"type":"Feature","properties":{},"geometry":{"type":"MultiPolygon","coordinates":[[[[79.865593,6.829229],[79.865626,6.829135],[79.865524,6.829099],[79.865474,6.829239],[79.865558,6.829268],[79.865574,6.829223],[79.865593,6.829229]]]]}},{"type":"Feature","properties":{},"geometry":{"type":"MultiPolygon","coordinates":[[[[79.86915,6.827468],[79.869129,6.827523],[79.86923,6.827562],[79.869248,6.827513],[79.869227,6.827505],[79.869252,6.827442],[79.869146,6.827402],[79.869125,6.827458],[79.86915,6.827468]]]]}},{"type":"Feature","properties":{},"geometry":{"type":"MultiPolygon","coordinates":[[[[79.864501,6.833569],[79.864505,6.833573],[79.864607,6.833581],[79.864615,6.83348],[79.864512,6.833472],[79.864517,6.833411],[79.864572,6.833416],[79.864574,6.833385],[79.864513,6.83338],[79.864515,6.833351],[79.864467,6.833347],[79.864459,6.833448],[79.864507,6.833452],[79.864498,6.833566],[79.864501,6.833569]]]]}},{"type":"Feature","properties":{},"geometry":{"type":"MultiPolygon","coordinates":[[[[79.869013,6.832822],[79.869135,6.832827],[79.869139,6.832741],[79.869017,6.832736],[79.869013,6.832822]]]]}},{"type":"Feature","properties":{},"geometry":{"type":"MultiPolygon","coordinates":[[[[79.865316,6.833195],[79.865321,6.833066],[79.865021,6.833056],[79.865016,6.833185],[79.865316,6.833195]]]]}},{"type":"Feature","properties":{},"geometry":{"type":"MultiPolygon","coordinates":[[[[79.867045,6.826316],[79.867052,6.826542],[79.867161,6.826539],[79.867155,6.826312],[79.867045,6.826316]]]]}},{"type":"Feature","properties":{},"geometry":{"type":"MultiPolygon","coordinates":[[[[79.86855,6.826611],[79.868547,6.826663],[79.868625,6.826668],[79.868629,6.826616],[79.86855,6.826611]]]]}},{"type":"Feature","properties":{},"geometry":{"type":"MultiPolygon","coordinates":[[[[79.864918,6.827902],[79.864921,6.827992],[79.864993,6.82799],[79.864991,6.8279],[79.864918,6.827902]]]]}},{"type":"Feature","properties":{},"geometry":{"type":"MultiPolygon","coordinates":[[[[79.866009,6.829928],[79.866005,6.8298],[79.865823,6.829806],[79.865827,6.829934],[79.866009,6.829928]]]]}},{"type":"Feature","properties":{},"geometry":{"type":"MultiPolygon","coordinates":[[[[79.867752,6.826723],[79.867755,6.826633],[79.86759,6.826627],[79.867587,6.826718],[79.867752,6.826723]]]]}},{"type":"Feature","properties":{},"geometry":{"type":"MultiPolygon","coordinates":[[[[79.866952,6.826222],[79.866926,6.826273],[79.866999,6.82631],[79.867025,6.826258],[79.866952,6.826222]]]]}},{"type":"Feature","properties":{},"geometry":{"type":"MultiPolygon","coordinates":[[[[79.866549,6.834624],[79.86655,6.834662],[79.866607,6.83466],[79.866603,6.834538],[79.866617,6.834537],[79.866616,6.8345],[79.866503,6.834503],[79.866506,6.834625],[79.866549,6.834624]]]]}},{"type":"Feature","properties":{},"geometry":{"type":"MultiPolygon","coordinates":[[[[79.864954,6.832922],[79.864957,6.83285],[79.864872,6.832846],[79.864869,6.832918],[79.864954,6.832922]]]]}},{"type":"Feature","properties":{},"geometry":{"type":"MultiPolygon","coordinates":[[[[79.868306,6.830391],[79.867988,6.830306],[79.867947,6.830456],[79.868265,6.830541],[79.868306,6.830391]]]]}},{"type":"Feature","properties":{},"geometry":{"type":"MultiPolygon","coordinates":[[[[79.868355,6.831359],[79.868551,6.83139],[79.868575,6.831245],[79.868379,6.831213],[79.868368,6.831278],[79.868368,6.831278],[79.868355,6.831359]]]]}},{"type":"Feature","properties":{},"geometry":{"type":"MultiPolygon","coordinates":[[[[79.867447,6.825974],[79.867436,6.826047],[79.867546,6.826063],[79.867559,6.825978],[79.867506,6.825969],[79.867447,6.825974]]]]}},{"type":"Feature","properties":{},"geometry":{"type":"MultiPolygon","coordinates":[[[[79.8663,6.831282],[79.866298,6.831226],[79.86614,6.83123],[79.866142,6.831278],[79.866101,6.831279],[79.866103,6.831356],[79.866218,6.831353],[79.866217,6.831284],[79.8663,6.831282]]]]}},{"type":"Feature","properties":{},"geometry":{"type":"MultiPolygon","coordinates":[[[[79.866584,6.82885],[79.866586,6.828887],[79.86666,6.828884],[79.866656,6.8288],[79.866538,6.828806],[79.86654,6.828852],[79.866584,6.82885]]]]}},{"type":"Feature","properties":{},"geometry":{"type":"MultiPolygon","coordinates":[[[[79.867443,6.826665],[79.867503,6.826668],[79.867506,6.82662],[79.867446,6.826617],[79.867443,6.826665]]]]}},{"type":"Feature","properties":{},"geometry":{"type":"MultiPolygon","coordinates":[[[[79.871067,6.829322],[79.870898,6.829285],[79.870862,6.829451],[79.871031,6.829487],[79.871067,6.829322]]]]}},{"type":"Feature","properties":{},"geometry":{"type":"MultiPolygon","coordinates":[[[[79.870021,6.833941],[79.869953,6.833943],[79.869957,6.834076],[79.870025,6.834074],[79.870021,6.833941]]]]}},{"type":"Feature","properties":{},"geometry":{"type":"MultiPolygon","coordinates":[[[[79.867758,6.831552],[79.867762,6.831511],[79.86764,6.831499],[79.867636,6.83154],[79.867758,6.831552]]]]}},{"type":"Feature","properties":{},"geometry":{"type":"MultiPolygon","coordinates":[[[[79.864477,6.829089],[79.86448,6.82906],[79.864396,6.829052],[79.864386,6.829154],[79.864519,6.829167],[79.864526,6.829094],[79.864477,6.829089]]]]}},{"type":"Feature","properties":{},"geometry":{"type":"MultiPolygon","coordinates":[[[[79.866967,6.834211],[79.866962,6.834128],[79.866843,6.834135],[79.86684,6.834077],[79.866767,6.834081],[79.866768,6.834114],[79.866708,6.834117],[79.866714,6.834225],[79.866967,6.834211]]]]}},{"type":"Feature","properties":{},"geometry":{"type":"MultiPolygon","coordinates":[[[[79.868551,6.830023],[79.86858,6.829869],[79.868489,6.829852],[79.86846,6.830007],[79.868551,6.830023]]]]}},{"type":"Feature","properties":{},"geometry":{"type":"MultiPolygon","coordinates":[[[[79.866249,6.834499],[79.866245,6.834398],[79.866041,6.834406],[79.866044,6.83447],[79.866069,6.834469],[79.866071,6.834506],[79.866249,6.834499]]]]}},{"type":"Feature","properties":{},"geometry":{"type":"MultiPolygon","coordinates":[[[[79.869373,6.830804],[79.869462,6.830818],[79.869477,6.83072],[79.869389,6.830705],[79.869373,6.830804]]]]}},{"type":"Feature","properties":{},"geometry":{"type":"MultiPolygon","coordinates":[[[[79.868248,6.834643],[79.868247,6.834698],[79.868368,6.8347],[79.868368,6.8347],[79.868445,6.834701],[79.868446,6.834562],[79.868323,6.834561],[79.868322,6.834643],[79.868248,6.834643]]]]}},{"type":"Feature","properties":{},"geometry":{"type":"MultiPolygon","coordinates":[[[[79.867453,6.834495],[79.867461,6.834596],[79.867428,6.834599],[79.867435,6.834678],[79.867458,6.834676],[79.867546,6.834709],[79.867552,6.834777],[79.867881,6.834749],[79.867886,6.834737],[79.868068,6.834722],[79.868062,6.834661],[79.868029,6.834664],[79.867963,6.834638],[79.868065,6.83463],[79.868057,6.834535],[79.867969,6.834542],[79.867958,6.83457],[79.867911,6.834574],[79.867852,6.834551],[79.867862,6.834526],[79.867914,6.834522],[79.867908,6.834457],[79.867453,6.834495]]]]}},{"type":"Feature","properties":{},"geometry":{"type":"MultiPolygon","coordinates":[[[[79.866303,6.831845],[79.866306,6.831765],[79.866194,6.83176],[79.86619,6.83184],[79.866303,6.831845]]]]}},{"type":"Feature","properties":{},"geometry":{"type":"MultiPolygon","coordinates":[[[[79.867233,6.834684],[79.867235,6.834602],[79.866819,6.834596],[79.866818,6.834677],[79.867233,6.834684]]]]}},{"type":"Feature","properties":{},"geometry":{"type":"MultiPolygon","coordinates":[[[[79.867083,6.827653],[79.8674,6.827659],[79.867401,6.827585],[79.867085,6.827578],[79.867083,6.827653]]]]}},{"type":"Feature","properties":{},"geometry":{"type":"MultiPolygon","coordinates":[[[[79.867169,6.830896],[79.867167,6.830799],[79.867103,6.8308],[79.867105,6.830898],[79.867169,6.830896]]]]}},{"type":"Feature","properties":{},"geometry":{"type":"MultiPolygon","coordinates":[[[[79.870293,6.828247],[79.87029,6.828138],[79.870166,6.828142],[79.870169,6.828251],[79.870293,6.828247]]]]}},{"type":"Feature","properties":{},"geometry":{"type":"MultiPolygon","coordinates":[[[[79.867955,6.831157],[79.867962,6.831093],[79.867729,6.831069],[79.867723,6.831134],[79.867955,6.831157]]]]}},{"type":"Feature","properties":{},"geometry":{"type":"MultiPolygon","coordinates":[[[[79.871573,6.829254],[79.871316,6.829246],[79.871313,6.829324],[79.87157,6.829333],[79.871573,6.829254]]]]}},{"type":"Feature","properties":{},"geometry":{"type":"MultiPolygon","coordinates":[[[[79.864902,6.829708],[79.864939,6.829706],[79.864943,6.829775],[79.865037,6.82977],[79.865027,6.829592],[79.864896,6.829599],[79.864902,6.829708]]]]}},{"type":"Feature","properties":{},"geometry":{"type":"MultiPolygon","coordinates":[[[[79.86851,6.828992],[79.868603,6.829012],[79.868636,6.828859],[79.868543,6.828839],[79.86851,6.828992]]]]}},{"type":"Feature","properties":{},"geometry":{"type":"MultiPolygon","coordinates":[[[[79.869944,6.832766],[79.870016,6.832776],[79.870025,6.83271],[79.869953,6.8327],[79.869944,6.832766]]]]}},{"type":"Feature","properties":{},"geometry":{"type":"MultiPolygon","coordinates":[[[[79.864015,6.83003],[79.863911,6.830035],[79.863913,6.830086],[79.864018,6.83008],[79.864015,6.83003]]]]}},{"type":"Feature","properties":{},"geometry":{"type":"MultiPolygon","coordinates":[[[[79.871928,6.830144],[79.871911,6.830278],[79.872025,6.830292],[79.872041,6.830158],[79.871928,6.830144]]]]}},{"type":"Feature","properties":{},"geometry":{"type":"MultiPolygon","coordinates":[[[[79.867059,6.831395],[79.867058,6.831356],[79.867018,6.831357],[79.867019,6.831397],[79.867059,6.831395]]]]}},{"type":"Feature","properties":{},"geometry":{"type":"MultiPolygon","coordinates":[[[[79.867943,6.831317],[79.868123,6.83135],[79.868132,6.8313],[79.867952,6.831266],[79.867943,6.831317]]]]}},{"type":"Feature","properties":{},"geometry":{"type":"MultiPolygon","coordinates":[[[[79.867878,6.834281],[79.867878,6.834227],[79.867453,6.834226],[79.867453,6.834281],[79.867878,6.834281]]]]}},{"type":"Feature","properties":{},"geometry":{"type":"MultiPolygon","coordinates":[[[[79.866941,6.828985],[79.866823,6.828975],[79.866819,6.829024],[79.866937,6.829034],[79.866941,6.828985]]]]}},{"type":"Feature","properties":{},"geometry":{"type":"MultiPolygon","coordinates":[[[[79.866789,6.834264],[79.866652,6.834268],[79.866654,6.834329],[79.866791,6.834325],[79.866789,6.834264]]]]}},{"type":"Feature","properties":{},"geometry":{"type":"MultiPolygon","coordinates":[[[[79.868329,6.832352],[79.868321,6.832263],[79.868236,6.832271],[79.868244,6.83236],[79.868329,6.832352]]]]}},{"type":"Feature","properties":{},"geometry":{"type":"MultiPolygon","coordinates":[[[[79.865719,6.827548],[79.865728,6.827159],[79.865622,6.827157],[79.865613,6.827546],[79.865719,6.827548]]]]}},{"type":"Feature","properties":{},"geometry":{"type":"MultiPolygon","coordinates":[[[[79.86802,6.831059],[79.868047,6.830963],[79.867919,6.830927],[79.867892,6.831023],[79.86802,6.831059]]]]}},{"type":"Feature","properties":{},"geometry":{"type":"MultiPolygon","coordinates":[[[[79.866608,6.831977],[79.86661,6.831862],[79.866478,6.831859],[79.866476,6.831975],[79.866608,6.831977]]]]}},{"type":"Feature","properties":{},"geometry":{"type":"MultiPolygon","coordinates":[[[[79.867759,6.832322],[79.867761,6.8324],[79.868006,6.832393],[79.868004,6.832314],[79.867759,6.832322]]]]}},{"type":"Feature","properties":{},"geometry":{"type":"MultiPolygon","coordinates":[[[[79.86727,6.827462],[79.867275,6.827555],[79.867401,6.827549],[79.867396,6.827456],[79.86727,6.827462]]]]}},{"type":"Feature","properties":{},"geometry":{"type":"MultiPolygon","coordinates":[[[[79.864932,6.831636],[79.864937,6.831497],[79.864857,6.831494],[79.864851,6.831633],[79.864932,6.831636]]]]}},{"type":"Feature","properties":{},"geometry":{"type":"MultiPolygon","coordinates":[[[[79.870204,6.830529],[79.870198,6.83059],[79.870305,6.830599],[79.87031,6.830538],[79.870204,6.830529]]]]}},{"type":"Feature","properties":{},"geometry":{"type":"MultiPolygon","coordinates":[[[[79.869736,6.830136],[79.86962,6.830118],[79.869607,6.830197],[79.869724,6.830215],[79.869736,6.830136]]]]}},{"type":"Feature","properties":{},"geometry":{"type":"MultiPolygon","coordinates":[[[[79.867947,6.827465],[79.867815,6.827447],[79.867801,6.827548],[79.867932,6.827567],[79.867947,6.827465]]]]}},{"type":"Feature","properties":{},"geometry":{"type":"MultiPolygon","coordinates":[[[[79.865115,6.831159],[79.865105,6.831057],[79.86502,6.831065],[79.86503,6.831166],[79.865115,6.831159]]]]}},{"type":"Feature","properties":{},"geometry":{"type":"MultiPolygon","coordinates":[[[[79.871363,6.831429],[79.871316,6.831418],[79.871306,6.831462],[79.871242,6.831447],[79.871258,6.831383],[79.871179,6.831364],[79.871127,6.831583],[79.871227,6.831607],[79.871216,6.831652],[79.871305,6.831673],[79.871363,6.831429]]]]}},{"type":"Feature","properties":{},"geometry":{"type":"MultiPolygon","coordinates":[[[[79.870199,6.830902],[79.870193,6.83104],[79.870315,6.831045],[79.870321,6.830907],[79.870199,6.830902]]]]}},{"type":"Feature","properties":{},"geometry":{"type":"MultiPolygon","coordinates":[[[[79.864269,6.832199],[79.864167,6.832202],[79.86417,6.832328],[79.864272,6.832326],[79.864269,6.832199]]]]}},{"type":"Feature","properties":{},"geometry":{"type":"MultiPolygon","coordinates":[[[[79.864687,6.830925],[79.864731,6.831141],[79.864829,6.831121],[79.864785,6.830905],[79.864687,6.830925]]]]}},{"type":"Feature","properties":{},"geometry":{"type":"MultiPolygon","coordinates":[[[[79.867578,6.832346],[79.867578,6.832418],[79.867754,6.832415],[79.867753,6.832343],[79.867578,6.832346]]]]}},{"type":"Feature","properties":{},"geometry":{"type":"MultiPolygon","coordinates":[[[[79.864258,6.830589],[79.864192,6.830606],[79.864219,6.830707],[79.864284,6.83069],[79.864258,6.830589]]]]}},{"type":"Feature","properties":{},"geometry":{"type":"MultiPolygon","coordinates":[[[[79.865348,6.832732],[79.86557,6.832735],[79.865572,6.832534],[79.865351,6.832531],[79.865348,6.832732]]]]}},{"type":"Feature","properties":{},"geometry":{"type":"MultiPolygon","coordinates":[[[[79.871703,6.830304],[79.871613,6.830269],[79.871604,6.83029],[79.871527,6.83026],[79.871502,6.830322],[79.87167,6.830388],[79.871703,6.830304]]]]}},{"type":"Feature","properties":{},"geometry":{"type":"MultiPolygon","coordinates":[[[[79.863905,6.831374],[79.8639,6.831462],[79.863998,6.831468],[79.864004,6.831381],[79.863905,6.831374]]]]}},{"type":"Feature","properties":{},"geometry":{"type":"MultiPolygon","coordinates":[[[[79.870037,6.829903],[79.870001,6.830041],[79.870079,6.830061],[79.870115,6.829923],[79.870037,6.829903]]]]}},{"type":"Feature","properties":{},"geometry":{"type":"MultiPolygon","coordinates":[[[[79.867137,6.83045],[79.86712,6.830526],[79.867277,6.830563],[79.867295,6.830487],[79.867137,6.83045]]]]}},{"type":"Feature","properties":{},"geometry":{"type":"MultiPolygon","coordinates":[[[[79.864819,6.827611],[79.864823,6.827478],[79.86463,6.827472],[79.864626,6.827605],[79.864819,6.827611]]]]}},{"type":"Feature","properties":{},"geometry":{"type":"MultiPolygon","coordinates":[[[[79.868947,6.828539],[79.868831,6.82851],[79.868803,6.82862],[79.868919,6.828649],[79.868947,6.828539]]]]}},{"type":"Feature","properties":{},"geometry":{"type":"MultiPolygon","coordinates":[[[[79.867684,6.833742],[79.867688,6.833841],[79.867865,6.833834],[79.867861,6.833736],[79.867684,6.833742]]]]}},{"type":"Feature","properties":{},"geometry":{"type":"MultiPolygon","coordinates":[[[[79.870734,6.829493],[79.870633,6.829471],[79.870627,6.829496],[79.870494,6.829467],[79.87047,6.829576],[79.870595,6.829603],[79.870603,6.829568],[79.870644,6.829577],[79.870635,6.829615],[79.870703,6.82963],[79.870734,6.829493]]]]}},{"type":"Feature","properties":{},"geometry":{"type":"MultiPolygon","coordinates":[[[[79.866385,6.828031],[79.866245,6.828035],[79.866247,6.828106],[79.866386,6.828103],[79.866385,6.828031]]]]}},{"type":"Feature","properties":{},"geometry":{"type":"MultiPolygon","coordinates":[[[[79.866499,6.830134],[79.866582,6.830138],[79.866587,6.830015],[79.866391,6.830006],[79.866388,6.830078],[79.866501,6.830083],[79.866499,6.830134]]]]}},{"type":"Feature","properties":{},"geometry":{"type":"MultiPolygon","coordinates":[[[[79.866952,6.826851],[79.866948,6.826745],[79.866846,6.826749],[79.866851,6.826855],[79.866952,6.826851]]]]}},{"type":"Feature","properties":{},"geometry":{"type":"MultiPolygon","coordinates":[[[[79.864982,6.830049],[79.864976,6.829919],[79.864897,6.829923],[79.864903,6.830053],[79.864982,6.830049]]]]}},{"type":"Feature","properties":{},"geometry":{"type":"MultiPolygon","coordinates":[[[[79.865388,6.832981],[79.865511,6.832974],[79.865504,6.832845],[79.865454,6.832848],[79.865453,6.832824],[79.865379,6.832828],[79.865388,6.832981]]]]}},{"type":"Feature","properties":{},"geometry":{"type":"MultiPolygon","coordinates":[[[[79.869194,6.834783],[79.869197,6.834782],[79.869189,6.834781],[79.869188,6.834784],[79.869194,6.834783]]]]}},{"type":"Feature","properties":{},"geometry":{"type":"MultiPolygon","coordinates":[[[[79.865613,6.832949],[79.865589,6.832949],[79.86559,6.833013],[79.865742,6.833011],[79.86574,6.832822],[79.865611,6.832824],[79.865613,6.832949]]]]}},{"type":"Feature","properties":{},"geometry":{"type":"MultiPolygon","coordinates":[[[[79.871002,6.829585],[79.8709,6.829582],[79.870896,6.829728],[79.870997,6.829731],[79.871002,6.829585]]]]}},{"type":"Feature","properties":{},"geometry":{"type":"MultiPolygon","coordinates":[[[[79.869432,6.834124],[79.869477,6.834129],[79.869481,6.834092],[79.869436,6.834088],[79.869432,6.834124]]]]}},{"type":"Feature","properties":{},"geometry":{"type":"MultiPolygon","coordinates":[[[[79.868701,6.829919],[79.868653,6.829908],[79.868634,6.829989],[79.868683,6.83],[79.868701,6.829919]]]]}},{"type":"Feature","properties":{},"geometry":{"type":"MultiPolygon","coordinates":[[[[79.869222,6.828804],[79.869259,6.8287],[79.869142,6.828659],[79.869105,6.828763],[79.869222,6.828804]]]]}},{"type":"Feature","properties":{},"geometry":{"type":"MultiPolygon","coordinates":[[[[79.869005,6.828756],[79.869103,6.828777],[79.869141,6.828599],[79.868944,6.828558],[79.86893,6.828625],[79.869028,6.828645],[79.869005,6.828756]]]]}},{"type":"Feature","properties":{},"geometry":{"type":"MultiPolygon","coordinates":[[[[79.869381,6.829619],[79.869375,6.829711],[79.86949,6.829718],[79.869496,6.829625],[79.869381,6.829619]]]]}},{"type":"Feature","properties":{},"geometry":{"type":"MultiPolygon","coordinates":[[[[79.864325,6.830751],[79.86433,6.830894],[79.864455,6.830889],[79.864449,6.830747],[79.864325,6.830751]]]]}},{"type":"Feature","properties":{},"geometry":{"type":"MultiPolygon","coordinates":[[[[79.868105,6.83103],[79.868104,6.831063],[79.868182,6.831066],[79.868185,6.830986],[79.868045,6.830981],[79.868044,6.831027],[79.868105,6.83103]]]]}},{"type":"Feature","properties":{},"geometry":{"type":"MultiPolygon","coordinates":[[[[79.864634,6.829064],[79.864633,6.829096],[79.864696,6.829097],[79.864698,6.828969],[79.864572,6.828967],[79.86457,6.829063],[79.864634,6.829064]]]]}},{"type":"Feature","properties":{},"geometry":{"type":"MultiPolygon","coordinates":[[[[79.869582,6.832721],[79.869464,6.832715],[79.86946,6.832805],[79.869578,6.832811],[79.869582,6.832721]]]]}},{"type":"Feature","properties":{},"geometry":{"type":"MultiPolygon","coordinates":[[[[79.871337,6.830569],[79.871444,6.830598],[79.87147,6.830503],[79.871362,6.830474],[79.871337,6.830569]]]]}},{"type":"Feature","properties":{},"geometry":{"type":"MultiPolygon","coordinates":[[[[79.871685,6.830682],[79.8716,6.830666],[79.87158,6.830776],[79.871664,6.830792],[79.871685,6.830682]]]]}},{"type":"Feature","properties":{},"geometry":{"type":"MultiPolygon","coordinates":[[[[79.864128,6.82808],[79.864113,6.828148],[79.864186,6.828164],[79.864201,6.828096],[79.864128,6.82808]]]]}},{"type":"Feature","properties":{},"geometry":{"type":"MultiPolygon","coordinates":[[[[79.867863,6.827271],[79.867963,6.827298],[79.868017,6.827101],[79.867917,6.827074],[79.867863,6.827271]]]]}},{"type":"Feature","properties":{},"geometry":{"type":"MultiPolygon","coordinates":[[[[79.86623,6.827918],[79.866233,6.828017],[79.866399,6.828012],[79.866396,6.827913],[79.86623,6.827918]]]]}},{"type":"Feature","properties":{},"geometry":{"type":"MultiPolygon","coordinates":[[[[79.868501,6.834564],[79.868499,6.834684],[79.868556,6.834685],[79.868558,6.834565],[79.868501,6.834564]]]]}},{"type":"Feature","properties":{},"geometry":{"type":"MultiPolygon","coordinates":[[[[79.866427,6.832353],[79.866426,6.832251],[79.866298,6.832252],[79.866299,6.832308],[79.866355,6.832308],[79.866356,6.832353],[79.866427,6.832353]]]]}},{"type":"Feature","properties":{},"geometry":{"type":"MultiPolygon","coordinates":[[[[79.870486,6.828666],[79.870483,6.828527],[79.870389,6.82853],[79.870392,6.828668],[79.870486,6.828666]]]]}},{"type":"Feature","properties":{},"geometry":{"type":"MultiPolygon","coordinates":[[[[79.870029,6.83377],[79.870262,6.833816],[79.870268,6.833786],[79.870182,6.833769],[79.870193,6.833715],[79.870045,6.833686],[79.870029,6.83377]]]]}},{"type":"Feature","properties":{},"geometry":{"type":"MultiPolygon","coordinates":[[[[79.865438,6.830598],[79.865433,6.830414],[79.865314,6.830418],[79.865318,6.83055],[79.865339,6.830549],[79.865341,6.830601],[79.865438,6.830598]]]]}},{"type":"Feature","properties":{},"geometry":{"type":"MultiPolygon","coordinates":[[[[79.863971,6.832881],[79.863972,6.832869],[79.863964,6.832868],[79.863971,6.832881]]]]}},{"type":"Feature","properties":{},"geometry":{"type":"MultiPolygon","coordinates":[[[[79.870193,6.826949],[79.870191,6.82692],[79.870146,6.826923],[79.870148,6.826952],[79.870193,6.826949]]]]}},{"type":"Feature","properties":{},"geometry":{"type":"MultiPolygon","coordinates":[[[[79.869616,6.82784],[79.869615,6.827789],[79.869584,6.82779],[79.869585,6.827841],[79.869616,6.82784]]]]}},{"type":"Feature","properties":{},"geometry":{"type":"MultiPolygon","coordinates":[[[[79.863345,6.829728],[79.863433,6.829746],[79.863463,6.829605],[79.863387,6.829589],[79.863378,6.829628],[79.863363,6.829625],[79.863345,6.829728]]]]}},{"type":"Feature","properties":{},"geometry":{"type":"MultiPolygon","coordinates":[[[[79.869938,6.827173],[79.869779,6.827181],[79.869783,6.827255],[79.869942,6.827247],[79.869938,6.827173]]]]}},{"type":"Feature","properties":{},"geometry":{"type":"MultiPolygon","coordinates":[[[[79.867595,6.832236],[79.867731,6.832239],[79.867734,6.832107],[79.867785,6.832108],[79.867784,6.832147],[79.867837,6.832148],[79.867839,6.832033],[79.867689,6.83203],[79.867688,6.83207],[79.867611,6.832068],[79.867609,6.832132],[79.867561,6.832131],[79.86756,6.832175],[79.867596,6.832176],[79.867595,6.832236]]]]}},{"type":"Feature","properties":{},"geometry":{"type":"MultiPolygon","coordinates":[[[[79.865039,6.828839],[79.865039,6.82887],[79.865099,6.828871],[79.865101,6.828723],[79.864985,6.828721],[79.864983,6.828838],[79.865039,6.828839]]]]}},{"type":"Feature","properties":{},"geometry":{"type":"MultiPolygon","coordinates":[[[[79.863289,6.830756],[79.86329,6.830765],[79.863317,6.830765],[79.863316,6.83072],[79.863288,6.83072],[79.863289,6.830756]]]]}},{"type":"Feature","properties":{},"geometry":{"type":"MultiPolygon","coordinates":[[[[79.864367,6.829288],[79.864536,6.829298],[79.864539,6.829246],[79.864503,6.829244],[79.864506,6.829195],[79.864372,6.829188],[79.864367,6.829288]]]]}},{"type":"Feature","properties":{},"geometry":{"type":"MultiPolygon","coordinates":[[[[79.867082,6.830446],[79.867269,6.830453],[79.867273,6.830352],[79.867086,6.830345],[79.867082,6.830446]]]]}},{"type":"Feature","properties":{},"geometry":{"type":"MultiPolygon","coordinates":[[[[79.865477,6.83189],[79.865474,6.83198],[79.865564,6.831983],[79.865567,6.831894],[79.865477,6.83189]]]]}},{"type":"Feature","properties":{},"geometry":{"type":"MultiPolygon","coordinates":[[[[79.863849,6.82988],[79.863849,6.829952],[79.863935,6.829951],[79.863934,6.829879],[79.863849,6.82988]]]]}},{"type":"Feature","properties":{},"geometry":{"type":"MultiPolygon","coordinates":[[[[79.865347,6.831938],[79.865395,6.831939],[79.865396,6.831902],[79.865348,6.8319],[79.865347,6.831938]]]]}},{"type":"Feature","properties":{},"geometry":{"type":"MultiPolygon","coordinates":[[[[79.870017,6.830545],[79.870014,6.830653],[79.870168,6.830657],[79.870171,6.830549],[79.870017,6.830545]]]]}},{"type":"Feature","properties":{},"geometry":{"type":"MultiPolygon","coordinates":[[[[79.864926,6.831795],[79.864932,6.831678],[79.864813,6.831672],[79.864808,6.831789],[79.864926,6.831795]]]]}},{"type":"Feature","properties":{},"geometry":{"type":"MultiPolygon","coordinates":[[[[79.868256,6.828287],[79.868037,6.828236],[79.868017,6.828323],[79.868235,6.828374],[79.868256,6.828287]]]]}},{"type":"Feature","properties":{},"geometry":{"type":"MultiPolygon","coordinates":[[[[79.870376,6.826762],[79.870377,6.826774],[79.870393,6.826773],[79.870376,6.826762]]]]}},{"type":"Feature","properties":{},"geometry":{"type":"MultiPolygon","coordinates":[[[[79.868858,6.833049],[79.868947,6.833051],[79.86895,6.832936],[79.868862,6.832933],[79.868858,6.833049]]]]}},{"type":"Feature","properties":{},"geometry":{"type":"MultiPolygon","coordinates":[[[[79.866016,6.826328],[79.865965,6.826351],[79.865964,6.826368],[79.866074,6.826371],[79.866076,6.826303],[79.866016,6.826328]]]]}},{"type":"Feature","properties":{},"geometry":{"type":"MultiPolygon","coordinates":[[[[79.866108,6.830241],[79.866262,6.830266],[79.866273,6.830196],[79.866305,6.830201],[79.866313,6.830146],[79.866128,6.830116],[79.866108,6.830241]]]]}},{"type":"Feature","properties":{},"geometry":{"type":"MultiPolygon","coordinates":[[[[79.864657,6.8314],[79.864636,6.831262],[79.864672,6.831256],[79.864664,6.831203],[79.864513,6.831226],[79.864543,6.831417],[79.864657,6.8314]]]]}},{"type":"Feature","properties":{},"geometry":{"type":"MultiPolygon","coordinates":[[[[79.870466,6.827893],[79.870468,6.828008],[79.870552,6.828007],[79.870551,6.827892],[79.870466,6.827893]]]]}},{"type":"Feature","properties":{},"geometry":{"type":"MultiPolygon","coordinates":[[[[79.86909,6.833539],[79.869092,6.833429],[79.868923,6.833425],[79.868921,6.833536],[79.86909,6.833539]]]]}},{"type":"Feature","properties":{},"geometry":{"type":"MultiPolygon","coordinates":[[[[79.87,6.828156],[79.86988,6.82816],[79.869884,6.828261],[79.869916,6.82826],[79.869919,6.828328],[79.870007,6.828325],[79.87,6.828156]]]]}},{"type":"Feature","properties":{},"geometry":{"type":"MultiPolygon","coordinates":[[[[79.869777,6.832777],[79.869891,6.832775],[79.869887,6.832612],[79.869773,6.832615],[79.869777,6.832777]]]]}},{"type":"Feature","properties":{},"geometry":{"type":"MultiPolygon","coordinates":[[[[79.866121,6.834676],[79.866121,6.834634],[79.866075,6.834634],[79.866075,6.834657],[79.866121,6.834676]]]]}},{"type":"Feature","properties":{},"geometry":{"type":"MultiPolygon","coordinates":[[[[79.867857,6.830644],[79.867817,6.830819],[79.868052,6.830872],[79.868092,6.830697],[79.867857,6.830644]]]]}},{"type":"Feature","properties":{},"geometry":{"type":"MultiPolygon","coordinates":[[[[79.866549,6.83126],[79.866553,6.831388],[79.866668,6.831385],[79.866665,6.831257],[79.866549,6.83126]]]]}},{"type":"Feature","properties":{},"geometry":{"type":"MultiPolygon","coordinates":[[[[79.864507,6.827845],[79.864514,6.827979],[79.864572,6.827976],[79.864565,6.827842],[79.864507,6.827845]]]]}},{"type":"Feature","properties":{},"geometry":{"type":"MultiPolygon","coordinates":[[[[79.869688,6.83459],[79.869686,6.83452],[79.869613,6.834521],[79.869614,6.834605],[79.869658,6.834604],[79.869688,6.83459]]]]}},{"type":"Feature","properties":{},"geometry":{"type":"MultiPolygon","coordinates":[[[[79.869636,6.827664],[79.869631,6.82785],[79.869741,6.827854],[79.869747,6.827667],[79.869636,6.827664]]]]}},{"type":"Feature","properties":{},"geometry":{"type":"MultiPolygon","coordinates":[[[[79.869924,6.826774],[79.870082,6.826777],[79.870084,6.826681],[79.869925,6.826678],[79.869924,6.826774]]]]}},{"type":"Feature","properties":{},"geometry":{"type":"MultiPolygon","coordinates":[[[[79.86773,6.833566],[79.867732,6.833638],[79.867853,6.833634],[79.867851,6.833563],[79.86773,6.833566]]]]}},{"type":"Feature","properties":{},"geometry":{"type":"MultiPolygon","coordinates":[[[[79.868763,6.830087],[79.868658,6.830047],[79.86862,6.830144],[79.868726,6.830184],[79.868763,6.830087]]]]}},{"type":"Feature","properties":{},"geometry":{"type":"MultiPolygon","coordinates":[[[[79.866631,6.831527],[79.866629,6.831393],[79.866543,6.831394],[79.866545,6.831529],[79.866631,6.831527]]]]}},{"type":"Feature","properties":{},"geometry":{"type":"MultiPolygon","coordinates":[[[[79.867499,6.830954],[79.86731,6.830936],[79.867303,6.831009],[79.867492,6.831027],[79.867499,6.830954]]]]}},{"type":"Feature","properties":{},"geometry":{"type":"MultiPolygon","coordinates":[[[[79.871844,6.82905],[79.871918,6.829063],[79.871932,6.828988],[79.871857,6.828975],[79.871844,6.82905]]]]}},{"type":"Feature","properties":{},"geometry":{"type":"MultiPolygon","coordinates":[[[[79.868657,6.832442],[79.868655,6.832509],[79.868832,6.832513],[79.868834,6.832446],[79.868657,6.832442]]]]}},{"type":"Feature","properties":{},"geometry":{"type":"MultiPolygon","coordinates":[[[[79.868594,6.833025],[79.868698,6.833028],[79.8687,6.832932],[79.868597,6.83293],[79.868594,6.833025]]]]}},{"type":"Feature","properties":{},"geometry":{"type":"MultiPolygon","coordinates":[[[[79.864867,6.827251],[79.864865,6.827366],[79.864905,6.827367],[79.864907,6.827251],[79.864867,6.827251]]]]}},{"type":"Feature","properties":{},"geometry":{"type":"MultiPolygon","coordinates":[[[[79.87011,6.8328],[79.870155,6.832813],[79.870201,6.832665],[79.870074,6.832626],[79.870016,6.832813],[79.870098,6.832838],[79.87011,6.8328]]]]}},{"type":"Feature","properties":{},"geometry":{"type":"MultiPolygon","coordinates":[[[[79.864493,6.830986],[79.864521,6.831203],[79.864604,6.831193],[79.8646,6.831168],[79.864637,6.831163],[79.864613,6.83097],[79.864493,6.830986]]]]}},{"type":"Feature","properties":{},"geometry":{"type":"MultiPolygon","coordinates":[[[[79.868801,6.829955],[79.868783,6.830017],[79.868891,6.830047],[79.868908,6.829986],[79.868801,6.829955]]]]}},{"type":"Feature","properties":{},"geometry":{"type":"MultiPolygon","coordinates":[[[[79.867634,6.833717],[79.867635,6.833648],[79.86753,6.833646],[79.867529,6.833715],[79.867634,6.833717]]]]}},{"type":"Feature","properties":{},"geometry":{"type":"MultiPolygon","coordinates":[[[[79.867181,6.833893],[79.86718,6.834011],[79.867228,6.834011],[79.867229,6.833894],[79.867181,6.833893]]]]}},{"type":"Feature","properties":{},"geometry":{"type":"MultiPolygon","coordinates":[[[[79.867454,6.826195],[79.867483,6.82608],[79.867367,6.826051],[79.867325,6.826216],[79.86729,6.826207],[79.867273,6.826272],[79.867467,6.826321],[79.867497,6.826206],[79.867454,6.826195]]]]}},{"type":"Feature","properties":{},"geometry":{"type":"MultiPolygon","coordinates":[[[[79.868495,6.827658],[79.868377,6.827632],[79.868357,6.82772],[79.868476,6.827746],[79.868495,6.827658]]]]}},{"type":"Feature","properties":{},"geometry":{"type":"MultiPolygon","coordinates":[[[[79.866848,6.827029],[79.866851,6.82713],[79.866942,6.827128],[79.866939,6.827027],[79.866848,6.827029]]]]}},{"type":"Feature","properties":{},"geometry":{"type":"MultiPolygon","coordinates":[[[[79.866159,6.834226],[79.866163,6.834288],[79.866016,6.834299],[79.866021,6.834368],[79.866315,6.834347],[79.866311,6.834298],[79.86625,6.834302],[79.866244,6.83422],[79.866159,6.834226]]]]}},{"type":"Feature","properties":{},"geometry":{"type":"MultiPolygon","coordinates":[[[[79.869145,6.832744],[79.869141,6.832849],[79.869277,6.832855],[79.869282,6.83275],[79.869145,6.832744]]]]}},{"type":"Feature","properties":{},"geometry":{"type":"MultiPolygon","coordinates":[[[[79.871681,6.828663],[79.871611,6.82865],[79.871601,6.828701],[79.871695,6.828719],[79.8717,6.828693],[79.871772,6.828707],[79.871802,6.82855],[79.871706,6.828532],[79.871681,6.828663]]]]}},{"type":"Feature","properties":{},"geometry":{"type":"MultiPolygon","coordinates":[[[[79.864972,6.829398],[79.865061,6.829399],[79.865062,6.82931],[79.8649,6.829308],[79.864899,6.829431],[79.864971,6.829432],[79.864972,6.829398]]]]}},{"type":"Feature","properties":{},"geometry":{"type":"MultiPolygon","coordinates":[[[[79.8702,6.829939],[79.870111,6.829936],[79.870106,6.830066],[79.870195,6.830069],[79.8702,6.829939]]]]}},{"type":"Feature","properties":{},"geometry":{"type":"MultiPolygon","coordinates":[[[[79.870051,6.826557],[79.870006,6.826556],[79.870004,6.826622],[79.870075,6.826624],[79.870076,6.826572],[79.870051,6.826557]]]]}},{"type":"Feature","properties":{},"geometry":{"type":"MultiPolygon","coordinates":[[[[79.870897,6.831898],[79.871149,6.831957],[79.871197,6.831752],[79.871104,6.831731],[79.871096,6.831764],[79.871034,6.831749],[79.87103,6.831766],[79.870979,6.831754],[79.870965,6.831813],[79.870919,6.831803],[79.870897,6.831898]]]]}},{"type":"Feature","properties":{},"geometry":{"type":"MultiPolygon","coordinates":[[[[79.866005,6.832017],[79.866188,6.832014],[79.866186,6.831929],[79.866004,6.831932],[79.866005,6.832017]]]]}},{"type":"Feature","properties":{},"geometry":{"type":"MultiPolygon","coordinates":[[[[79.865828,6.827298],[79.865827,6.827497],[79.86597,6.827497],[79.86597,6.827299],[79.865828,6.827298]]]]}},{"type":"Feature","properties":{},"geometry":{"type":"MultiPolygon","coordinates":[[[[79.864766,6.83255],[79.864649,6.832547],[79.864644,6.832696],[79.86465,6.832696],[79.864652,6.832627],[79.864764,6.83263],[79.864766,6.83255]]]]}},{"type":"Feature","properties":{},"geometry":{"type":"MultiPolygon","coordinates":[[[[79.871251,6.828746],[79.871333,6.828748],[79.871335,6.828696],[79.871253,6.828694],[79.871251,6.828746]]]]}},{"type":"Feature","properties":{},"geometry":{"type":"MultiPolygon","coordinates":[[[[79.866375,6.830408],[79.866499,6.830419],[79.866506,6.830344],[79.866472,6.830341],[79.866479,6.830262],[79.866357,6.830251],[79.866348,6.830355],[79.866379,6.830358],[79.866375,6.830408]]]]}},{"type":"Feature","properties":{},"geometry":{"type":"MultiPolygon","coordinates":[[[[79.865975,6.827585],[79.865973,6.827533],[79.865894,6.827536],[79.865898,6.827657],[79.866007,6.827653],[79.866005,6.827584],[79.865975,6.827585]]]]}},{"type":"Feature","properties":{},"geometry":{"type":"MultiPolygon","coordinates":[[[[79.870392,6.830532],[79.870385,6.830496],[79.870323,6.830508],[79.87033,6.830544],[79.870392,6.830532]]]]}},{"type":"Feature","properties":{},"geometry":{"type":"MultiPolygon","coordinates":[[[[79.866302,6.826785],[79.866211,6.826789],[79.866217,6.82694],[79.866308,6.826937],[79.866302,6.826785]]]]}},{"type":"Feature","properties":{},"geometry":{"type":"MultiPolygon","coordinates":[[[[79.871186,6.832627],[79.871229,6.832741],[79.871613,6.832597],[79.87157,6.832483],[79.871186,6.832627]]]]}},{"type":"Feature","properties":{},"geometry":{"type":"MultiPolygon","coordinates":[[[[79.867975,6.829209],[79.868037,6.829232],[79.868005,6.829318],[79.868095,6.82935],[79.868158,6.82918],[79.868007,6.829125],[79.867975,6.829209]]]]}},{"type":"Feature","properties":{},"geometry":{"type":"MultiPolygon","coordinates":[[[[79.872318,6.830773],[79.87232,6.830733],[79.872228,6.830732],[79.872227,6.830807],[79.872315,6.830808],[79.872318,6.830773]]]]}},{"type":"Feature","properties":{},"geometry":{"type":"MultiPolygon","coordinates":[[[[79.869538,6.831607],[79.869292,6.831619],[79.869296,6.831704],[79.869542,6.831692],[79.869538,6.831607]]]]}},{"type":"Feature","properties":{},"geometry":{"type":"MultiPolygon","coordinates":[[[[79.870603,6.829963],[79.870507,6.829962],[79.870505,6.830059],[79.870549,6.83006],[79.87055,6.830042],[79.870602,6.830043],[79.870603,6.829963]]]]}},{"type":"Feature","properties":{},"geometry":{"type":"MultiPolygon","coordinates":[[[[79.870608,6.82766],[79.870723,6.827659],[79.870721,6.827526],[79.870606,6.827527],[79.870608,6.82766]]]]}},{"type":"Feature","properties":{},"geometry":{"type":"MultiPolygon","coordinates":[[[[79.867182,6.829771],[79.867156,6.829918],[79.86725,6.829934],[79.867276,6.829787],[79.867182,6.829771]]]]}},{"type":"Feature","properties":{},"geometry":{"type":"MultiPolygon","coordinates":[[[[79.865845,6.827968],[79.86585,6.828098],[79.865935,6.828095],[79.865931,6.827965],[79.865845,6.827968]]]]}},{"type":"Feature","properties":{},"geometry":{"type":"MultiPolygon","coordinates":[[[[79.868094,6.834003],[79.867895,6.833999],[79.867893,6.834127],[79.868091,6.834131],[79.868094,6.834003]]]]}},{"type":"Feature","properties":{},"geometry":{"type":"MultiPolygon","coordinates":[[[[79.866398,6.834777],[79.866424,6.834785],[79.86646,6.834784],[79.866457,6.834698],[79.866371,6.834701],[79.866374,6.834769],[79.866398,6.834777]]]]}},{"type":"Feature","properties":{},"geometry":{"type":"MultiPolygon","coordinates":[[[[79.86897,6.830193],[79.869012,6.830199],[79.869022,6.830128],[79.868889,6.830109],[79.868876,6.8302],[79.868898,6.830203],[79.868891,6.830253],[79.868959,6.830263],[79.86897,6.830193]]]]}},{"type":"Feature","properties":{},"geometry":{"type":"MultiPolygon","coordinates":[[[[79.869683,6.83084],[79.869749,6.830851],[79.86978,6.830673],[79.869686,6.830658],[79.869679,6.830698],[79.869706,6.830703],[79.869683,6.83084]]]]}},{"type":"Feature","properties":{},"geometry":{"type":"MultiPolygon","coordinates":[[[[79.870385,6.831436],[79.870496,6.831444],[79.870513,6.831222],[79.870362,6.831211],[79.870356,6.831293],[79.870396,6.831296],[79.870385,6.831436]]]]}},{"type":"Feature","properties":{},"geometry":{"type":"MultiPolygon","coordinates":[[[[79.870618,6.829208],[79.870582,6.829201],[79.870563,6.829302],[79.870676,6.829324],[79.870702,6.829192],[79.870624,6.829177],[79.870618,6.829208]]]]}},{"type":"Feature","properties":{},"geometry":{"type":"MultiPolygon","coordinates":[[[[79.867163,6.82942],[79.867121,6.829605],[79.867243,6.829632],[79.867286,6.829448],[79.867163,6.82942]]]]}},{"type":"Feature","properties":{},"geometry":{"type":"MultiPolygon","coordinates":[[[[79.869878,6.834404],[79.869981,6.834403],[79.86998,6.834342],[79.869958,6.834342],[79.869957,6.834289],[79.869876,6.83429],[79.869878,6.834404]]]]}},{"type":"Feature","properties":{},"geometry":{"type":"MultiPolygon","coordinates":[[[[79.870448,6.828191],[79.870365,6.828193],[79.870366,6.828246],[79.870449,6.828244],[79.870448,6.828191]]]]}},{"type":"Feature","properties":{},"geometry":{"type":"MultiPolygon","coordinates":[[[[79.866555,6.827353],[79.866664,6.827363],[79.866659,6.827421],[79.866805,6.827434],[79.866816,6.82731],[79.866774,6.827306],[79.866779,6.827246],[79.866599,6.827229],[79.866597,6.82725],[79.866565,6.827247],[79.866555,6.827353]]]]}},{"type":"Feature","properties":{},"geometry":{"type":"MultiPolygon","coordinates":[[[[79.865271,6.827547],[79.865222,6.827545],[79.865219,6.827627],[79.865347,6.827632],[79.865347,6.827615],[79.865425,6.827618],[79.865427,6.827565],[79.865326,6.827561],[79.865328,6.827513],[79.865272,6.827511],[79.865271,6.827547]]]]}},{"type":"Feature","properties":{},"geometry":{"type":"MultiPolygon","coordinates":[[[[79.867707,6.830376],[79.86764,6.830367],[79.867631,6.830435],[79.867697,6.830444],[79.867707,6.830376]]]]}},{"type":"Feature","properties":{},"geometry":{"type":"MultiPolygon","coordinates":[[[[79.867162,6.828998],[79.867156,6.829173],[79.867239,6.829176],[79.867241,6.829136],[79.867306,6.829138],[79.86731,6.829002],[79.867162,6.828998]]]]}},{"type":"Feature","properties":{},"geometry":{"type":"MultiPolygon","coordinates":[[[[79.865661,6.830698],[79.865809,6.830705],[79.865813,6.830627],[79.865605,6.830616],[79.865603,6.830647],[79.865663,6.83065],[79.865661,6.830698]]]]}},{"type":"Feature","properties":{},"geometry":{"type":"MultiPolygon","coordinates":[[[[79.871609,6.831022],[79.871586,6.831225],[79.871719,6.83124],[79.871741,6.831037],[79.871609,6.831022]]]]}},{"type":"Feature","properties":{},"geometry":{"type":"MultiPolygon","coordinates":[[[[79.864686,6.829657],[79.864684,6.829866],[79.864865,6.829868],[79.864867,6.829659],[79.864686,6.829657]]]]}},{"type":"Feature","properties":{},"geometry":{"type":"MultiPolygon","coordinates":[[[[79.866359,6.827801],[79.866386,6.8278],[79.866383,6.827739],[79.866285,6.827743],[79.866288,6.827817],[79.866261,6.827818],[79.866263,6.827874],[79.866362,6.82787],[79.866359,6.827801]]]]}},{"type":"Feature","properties":{},"geometry":{"type":"MultiPolygon","coordinates":[[[[79.866807,6.828084],[79.866771,6.828085],[79.866772,6.828128],[79.866808,6.828127],[79.866807,6.828084]]]]}},{"type":"Feature","properties":{},"geometry":{"type":"MultiPolygon","coordinates":[[[[79.868011,6.834356],[79.868009,6.834302],[79.867897,6.834307],[79.867902,6.834432],[79.868068,6.834425],[79.868065,6.834354],[79.868011,6.834356]]]]}},{"type":"Feature","properties":{},"geometry":{"type":"MultiPolygon","coordinates":[[[[79.871621,6.832155],[79.871565,6.832047],[79.871452,6.832104],[79.871507,6.832212],[79.871621,6.832155]]]]}},{"type":"Feature","properties":{},"geometry":{"type":"MultiPolygon","coordinates":[[[[79.869158,6.831614],[79.86916,6.831528],[79.869216,6.831529],[79.869218,6.83145],[79.869116,6.831448],[79.869114,6.831528],[79.869004,6.831526],[79.869003,6.831611],[79.869158,6.831614]]]]}},{"type":"Feature","properties":{},"geometry":{"type":"MultiPolygon","coordinates":[[[[79.865831,6.828197],[79.865743,6.828182],[79.865738,6.828209],[79.865675,6.828199],[79.865665,6.82826],[79.865689,6.828264],[79.865685,6.82829],[79.865679,6.828289],[79.865661,6.828392],[79.865699,6.828398],[79.865693,6.82843],[79.865789,6.828446],[79.865831,6.828197]]]]}},{"type":"Feature","properties":{},"geometry":{"type":"MultiPolygon","coordinates":[[[[79.871174,6.832378],[79.871148,6.832305],[79.871063,6.832335],[79.871089,6.832407],[79.871174,6.832378]]]]}},{"type":"Feature","properties":{},"geometry":{"type":"MultiPolygon","coordinates":[[[[79.865118,6.830575],[79.865281,6.830567],[79.865275,6.830453],[79.865112,6.830461],[79.865118,6.830575]]]]}},{"type":"Feature","properties":{},"geometry":{"type":"MultiPolygon","coordinates":[[[[79.869729,6.834077],[79.869829,6.834076],[79.869828,6.833936],[79.869727,6.833938],[79.869729,6.834077]]]]}},{"type":"Feature","properties":{},"geometry":{"type":"MultiPolygon","coordinates":[[[[79.868927,6.834683],[79.869088,6.834686],[79.869089,6.834619],[79.868928,6.834616],[79.868927,6.834683]]]]}},{"type":"Feature","properties":{},"geometry":{"type":"MultiPolygon","coordinates":[[[[79.869131,6.826496],[79.869177,6.826505],[79.869187,6.826457],[79.869096,6.826439],[79.869069,6.826574],[79.869113,6.826583],[79.869131,6.826496]]]]}},{"type":"Feature","properties":{},"geometry":{"type":"MultiPolygon","coordinates":[[[[79.870191,6.82789],[79.870194,6.828033],[79.870284,6.828031],[79.870281,6.827887],[79.870191,6.82789]]]]}},{"type":"Feature","properties":{},"geometry":{"type":"MultiPolygon","coordinates":[[[[79.865449,6.830755],[79.865451,6.83072],[79.865359,6.830715],[79.865357,6.83075],[79.865449,6.830755]]]]}},{"type":"Feature","properties":{},"geometry":{"type":"MultiPolygon","coordinates":[[[[79.872077,6.830302],[79.872267,6.830308],[79.872271,6.830172],[79.872169,6.830169],[79.872168,6.830216],[79.872114,6.830215],[79.872113,6.830263],[79.872078,6.830263],[79.872077,6.830302]]]]}},{"type":"Feature","properties":{},"geometry":{"type":"MultiPolygon","coordinates":[[[[79.866677,6.830762],[79.866772,6.830769],[79.866778,6.830683],[79.866684,6.830676],[79.866677,6.830762]]]]}},{"type":"Feature","properties":{},"geometry":{"type":"MultiPolygon","coordinates":[[[[79.866358,6.829144],[79.866381,6.829029],[79.866236,6.829],[79.866214,6.829116],[79.866358,6.829144]]]]}},{"type":"Feature","properties":{},"geometry":{"type":"MultiPolygon","coordinates":[[[[79.865171,6.829223],[79.865316,6.829229],[79.86532,6.829141],[79.865175,6.829135],[79.865171,6.829223]]]]}},{"type":"Feature","properties":{},"geometry":{"type":"MultiPolygon","coordinates":[[[[79.872104,6.831886],[79.872146,6.83175],[79.872153,6.831725],[79.872092,6.831726],[79.872095,6.831907],[79.872096,6.831907],[79.872104,6.831886]]]]}},{"type":"Feature","properties":{},"geometry":{"type":"MultiPolygon","coordinates":[[[[79.863878,6.829414],[79.863901,6.829216],[79.863729,6.829196],[79.863706,6.829395],[79.863878,6.829414]]]]}},{"type":"Feature","properties":{},"geometry":{"type":"MultiPolygon","coordinates":[[[[79.864716,6.827792],[79.864573,6.827796],[79.864578,6.827989],[79.86479,6.827984],[79.864787,6.827884],[79.864719,6.827885],[79.864716,6.827792]]]]}},{"type":"Feature","properties":{},"geometry":{"type":"MultiPolygon","coordinates":[[[[79.87122,6.827518],[79.871221,6.827538],[79.871237,6.827537],[79.87122,6.827518]]],[[[79.871203,6.827497],[79.871168,6.827459],[79.871169,6.827507],[79.871211,6.827506],[79.871203,6.827497]]],[[[79.871107,6.827392],[79.87108,6.827364],[79.871082,6.827442],[79.871152,6.827441],[79.871107,6.827392]]]]}},{"type":"Feature","properties":{},"geometry":{"type":"MultiPolygon","coordinates":[[[[79.866303,6.828409],[79.866302,6.828204],[79.86615,6.828205],[79.866151,6.828432],[79.86622,6.828432],[79.86622,6.828409],[79.866303,6.828409]]]]}},{"type":"Feature","properties":{},"geometry":{"type":"MultiPolygon","coordinates":[[[[79.864199,6.82811],[79.864335,6.828132],[79.864353,6.828027],[79.864216,6.828005],[79.864199,6.82811]]]]}},{"type":"Feature","properties":{},"geometry":{"type":"MultiPolygon","coordinates":[[[[79.867105,6.830905],[79.867108,6.830995],[79.867191,6.830992],[79.867188,6.830902],[79.867105,6.830905]]]]}},{"type":"Feature","properties":{},"geometry":{"type":"MultiPolygon","coordinates":[[[[79.869117,6.828956],[79.869117,6.829154],[79.869297,6.829154],[79.869297,6.828956],[79.869117,6.828956]]]]}},{"type":"Feature","properties":{},"geometry":{"type":"MultiPolygon","coordinates":[[[[79.863747,6.83014],[79.863744,6.830023],[79.863618,6.830026],[79.863621,6.830143],[79.863747,6.83014]]]]}},{"type":"Feature","properties":{},"geometry":{"type":"MultiPolygon","coordinates":[[[[79.870171,6.832887],[79.870238,6.833104],[79.870292,6.833088],[79.870266,6.833003],[79.870328,6.833021],[79.870371,6.833008],[79.870388,6.833063],[79.870532,6.832584],[79.870591,6.832566],[79.870615,6.832485],[79.870677,6.832503],[79.870696,6.83244],[79.870681,6.832391],[79.870616,6.832411],[79.870593,6.832489],[79.870432,6.832441],[79.870412,6.83251],[79.870429,6.832515],[79.870318,6.832886],[79.870243,6.832908],[79.870171,6.832887]]]]}},{"type":"Feature","properties":{},"geometry":{"type":"MultiPolygon","coordinates":[[[[79.866142,6.827408],[79.866144,6.827522],[79.866242,6.82752],[79.86624,6.827406],[79.866142,6.827408]]]]}},{"type":"Feature","properties":{},"geometry":{"type":"MultiPolygon","coordinates":[[[[79.867794,6.831709],[79.867863,6.831711],[79.867866,6.831615],[79.867796,6.831613],[79.867794,6.831709]]]]}},{"type":"Feature","properties":{},"geometry":{"type":"MultiPolygon","coordinates":[[[[79.86946,6.834687],[79.869458,6.834638],[79.869359,6.834643],[79.869363,6.834724],[79.86946,6.834687]]]]}},{"type":"Feature","properties":{},"geometry":{"type":"MultiPolygon","coordinates":[[[[79.870145,6.828889],[79.870141,6.82896],[79.870299,6.828969],[79.870302,6.828897],[79.870145,6.828889]]]]}},{"type":"Feature","properties":{},"geometry":{"type":"MultiPolygon","coordinates":[[[[79.86633,6.833993],[79.866328,6.833924],[79.866119,6.83393],[79.866121,6.833999],[79.86633,6.833993]]]]}},{"type":"Feature","properties":{},"geometry":{"type":"MultiPolygon","coordinates":[[[[79.869105,6.829935],[79.869118,6.829878],[79.869054,6.829863],[79.869072,6.829786],[79.869017,6.829773],[79.868974,6.829953],[79.869054,6.829972],[79.869065,6.829926],[79.869105,6.829935]]]]}},{"type":"Feature","properties":{},"geometry":{"type":"MultiPolygon","coordinates":[[[[79.864036,6.831341],[79.864033,6.831163],[79.863907,6.831164],[79.86391,6.831343],[79.864036,6.831341]]]]}},{"type":"Feature","properties":{},"geometry":{"type":"MultiPolygon","coordinates":[[[[79.867761,6.829087],[79.867769,6.828907],[79.867648,6.828901],[79.86764,6.829081],[79.867761,6.829087]]]]}},{"type":"Feature","properties":{},"geometry":{"type":"MultiPolygon","coordinates":[[[[79.866637,6.830783],[79.866642,6.830783],[79.866648,6.830655],[79.866568,6.830652],[79.866568,6.830648],[79.86644,6.830642],[79.866428,6.830877],[79.866632,6.830886],[79.866637,6.830783]]]]}},{"type":"Feature","properties":{},"geometry":{"type":"MultiPolygon","coordinates":[[[[79.867006,6.831055],[79.867016,6.831168],[79.867058,6.831165],[79.867048,6.831051],[79.867006,6.831055]]]]}},{"type":"Feature","properties":{},"geometry":{"type":"MultiPolygon","coordinates":[[[[79.871269,6.828639],[79.871262,6.828683],[79.871346,6.828696],[79.871341,6.828725],[79.871417,6.828737],[79.871437,6.828611],[79.871329,6.828595],[79.871321,6.828647],[79.871269,6.828639]]]]}},{"type":"Feature","properties":{},"geometry":{"type":"MultiPolygon","coordinates":[[[[79.87218,6.829774],[79.871922,6.829739],[79.871911,6.829816],[79.872169,6.829851],[79.87218,6.829774]]]]}},{"type":"Feature","properties":{},"geometry":{"type":"MultiPolygon","coordinates":[[[[79.870687,6.82977],[79.870602,6.829758],[79.870579,6.829927],[79.870663,6.829938],[79.870687,6.82977]]]]}},{"type":"Feature","properties":{},"geometry":{"type":"MultiPolygon","coordinates":[[[[79.866117,6.828305],[79.865998,6.828302],[79.865995,6.828424],[79.866114,6.828427],[79.866117,6.828305]]]]}},{"type":"Feature","properties":{},"geometry":{"type":"MultiPolygon","coordinates":[[[[79.864013,6.831715],[79.864003,6.831774],[79.864092,6.831789],[79.864102,6.831729],[79.864013,6.831715]]]]}},{"type":"Feature","properties":{},"geometry":{"type":"MultiPolygon","coordinates":[[[[79.87073,6.828734],[79.8707,6.828733],[79.870695,6.828816],[79.870811,6.828823],[79.870822,6.828629],[79.870737,6.828624],[79.87073,6.828734]]]]}},{"type":"Feature","properties":{},"geometry":{"type":"MultiPolygon","coordinates":[[[[79.866382,6.827567],[79.866269,6.827571],[79.866274,6.827721],[79.866387,6.827717],[79.866382,6.827567]]]]}},{"type":"Feature","properties":{},"geometry":{"type":"MultiPolygon","coordinates":[[[[79.863954,6.832332],[79.864091,6.832337],[79.864097,6.832177],[79.86396,6.832171],[79.863954,6.832332]]]]}},{"type":"Feature","properties":{},"geometry":{"type":"MultiPolygon","coordinates":[[[[79.870482,6.831064],[79.870488,6.830969],[79.8704,6.830964],[79.870414,6.83074],[79.8703,6.830733],[79.870297,6.830791],[79.870279,6.83079],[79.870272,6.8309],[79.870331,6.830903],[79.870321,6.831054],[79.870482,6.831064]]]]}},{"type":"Feature","properties":{},"geometry":{"type":"MultiPolygon","coordinates":[[[[79.869789,6.82903],[79.869787,6.829139],[79.869945,6.829142],[79.869948,6.829033],[79.869789,6.82903]]]]}},{"type":"Feature","properties":{},"geometry":{"type":"MultiPolygon","coordinates":[[[[79.867642,6.834158],[79.86743,6.834149],[79.867428,6.834213],[79.867819,6.834229],[79.867829,6.83399],[79.867577,6.83398],[79.867575,6.83402],[79.867629,6.834022],[79.867626,6.83408],[79.867645,6.834081],[79.867642,6.834158]]]]}},{"type":"Feature","properties":{},"geometry":{"type":"MultiPolygon","coordinates":[[[[79.87045,6.830184],[79.870575,6.830219],[79.870611,6.830091],[79.870486,6.830056],[79.87045,6.830184]]]]}},{"type":"Feature","properties":{},"geometry":{"type":"MultiPolygon","coordinates":[[[[79.869107,6.831989],[79.869005,6.831993],[79.86901,6.832115],[79.869034,6.832114],[79.869036,6.832178],[79.869074,6.832177],[79.869076,6.832243],[79.869183,6.832239],[79.869179,6.83212],[79.869112,6.832122],[79.869107,6.831989]]]]}},{"type":"Feature","properties":{},"geometry":{"type":"MultiPolygon","coordinates":[[[[79.865174,6.832519],[79.86507,6.832516],[79.865065,6.832718],[79.865168,6.832721],[79.865174,6.832519]]]]}},{"type":"Feature","properties":{},"geometry":{"type":"MultiPolygon","coordinates":[[[[79.866204,6.834148],[79.866202,6.8342],[79.866261,6.834201],[79.866263,6.834149],[79.866204,6.834148]]]]}},{"type":"Feature","properties":{},"geometry":{"type":"MultiPolygon","coordinates":[[[[79.868719,6.830904],[79.868673,6.830901],[79.868667,6.830991],[79.868714,6.830994],[79.868719,6.830904]]]]}},{"type":"Feature","properties":{},"geometry":{"type":"MultiPolygon","coordinates":[[[[79.87028,6.831924],[79.870376,6.831926],[79.870383,6.83166],[79.870287,6.831657],[79.87028,6.831924]]]]}},{"type":"Feature","properties":{},"geometry":{"type":"MultiPolygon","coordinates":[[[[79.867096,6.829641],[79.867015,6.82964],[79.867014,6.82969],[79.866955,6.829689],[79.866955,6.82966],[79.866915,6.829659],[79.866916,6.82959],[79.866756,6.829587],[79.866754,6.829747],[79.866782,6.829748],[79.86678,6.829846],[79.866858,6.829847],[79.866858,6.829825],[79.866904,6.829826],[79.866903,6.829852],[79.866987,6.829854],[79.866987,6.829812],[79.867093,6.829814],[79.867096,6.829641]]]]}},{"type":"Feature","properties":{},"geometry":{"type":"MultiPolygon","coordinates":[[[[79.868481,6.834021],[79.868578,6.834016],[79.868571,6.833888],[79.868475,6.833893],[79.868481,6.834021]]]]}},{"type":"Feature","properties":{},"geometry":{"type":"MultiPolygon","coordinates":[[[[79.869264,6.83155],[79.869307,6.831551],[79.869309,6.831466],[79.869266,6.831465],[79.869264,6.83155]]]]}},{"type":"Feature","properties":{},"geometry":{"type":"MultiPolygon","coordinates":[[[[79.869982,6.828673],[79.869884,6.828675],[79.869886,6.828768],[79.869984,6.828766],[79.869982,6.828673]]]]}},{"type":"Feature","properties":{},"geometry":{"type":"MultiPolygon","coordinates":[[[[79.865953,6.83219],[79.865834,6.832186],[79.865831,6.832263],[79.865851,6.832264],[79.865849,6.832326],[79.865802,6.832324],[79.8658,6.83239],[79.865919,6.832394],[79.865921,6.832344],[79.865947,6.832345],[79.865953,6.83219]]]]}},{"type":"Feature","properties":{},"geometry":{"type":"MultiPolygon","coordinates":[[[[79.867647,6.831964],[79.867649,6.831866],[79.867569,6.831865],[79.867567,6.831962],[79.867647,6.831964]]]]}},{"type":"Feature","properties":{},"geometry":{"type":"MultiPolygon","coordinates":[[[[79.868756,6.829754],[79.868689,6.829721],[79.86867,6.829758],[79.868738,6.829792],[79.868756,6.829754]]]]}},{"type":"Feature","properties":{},"geometry":{"type":"MultiPolygon","coordinates":[[[[79.864242,6.830487],[79.864178,6.830497],[79.86419,6.830583],[79.864254,6.830573],[79.864242,6.830487]]]]}},{"type":"Feature","properties":{},"geometry":{"type":"MultiPolygon","coordinates":[[[[79.865359,6.827437],[79.865347,6.827512],[79.865465,6.827531],[79.865477,6.827456],[79.865359,6.827437]]]]}},{"type":"Feature","properties":{},"geometry":{"type":"MultiPolygon","coordinates":[[[[79.865241,6.828787],[79.865237,6.828931],[79.865478,6.828938],[79.865482,6.828795],[79.865241,6.828787]]]]}},{"type":"Feature","properties":{},"geometry":{"type":"MultiPolygon","coordinates":[[[[79.870676,6.831376],[79.870679,6.831313],[79.870578,6.831308],[79.870573,6.831411],[79.870634,6.831414],[79.870636,6.831374],[79.870676,6.831376]]]]}},{"type":"Feature","properties":{},"geometry":{"type":"MultiPolygon","coordinates":[[[[79.865316,6.834008],[79.865158,6.834003],[79.865156,6.834062],[79.865274,6.834065],[79.865273,6.834108],[79.865313,6.834109],[79.865316,6.834008]]]]}},{"type":"Feature","properties":{},"geometry":{"type":"MultiPolygon","coordinates":[[[[79.870979,6.833011],[79.870926,6.832985],[79.87088,6.83308],[79.870933,6.833105],[79.870979,6.833011]]]]}},{"type":"Feature","properties":{},"geometry":{"type":"MultiPolygon","coordinates":[[[[79.866415,6.826178],[79.866374,6.826192],[79.866374,6.826199],[79.866484,6.826204],[79.866486,6.826156],[79.866415,6.826178]]]]}},{"type":"Feature","properties":{},"geometry":{"type":"MultiPolygon","coordinates":[[[[79.866853,6.831509],[79.866846,6.831328],[79.866725,6.831333],[79.866731,6.831475],[79.866778,6.831473],[79.86678,6.831512],[79.866853,6.831509]]]]}},{"type":"Feature","properties":{},"geometry":{"type":"MultiPolygon","coordinates":[[[[79.872029,6.830359],[79.871986,6.83035],[79.871993,6.830316],[79.871882,6.830293],[79.871863,6.830381],[79.872018,6.830413],[79.872029,6.830359]]]]}},{"type":"Feature","properties":{},"geometry":{"type":"MultiPolygon","coordinates":[[[[79.869535,6.830786],[79.869559,6.830787],[79.869563,6.83072],[79.869539,6.830719],[79.869535,6.830786]]]]}},{"type":"Feature","properties":{},"geometry":{"type":"MultiPolygon","coordinates":[[[[79.86753,6.828263],[79.867439,6.828268],[79.867444,6.828363],[79.867535,6.828359],[79.86753,6.828263]]]]}},{"type":"Feature","properties":{},"geometry":{"type":"MultiPolygon","coordinates":[[[[79.865454,6.830759],[79.865349,6.830759],[79.865349,6.830895],[79.865453,6.830895],[79.865454,6.830759]]]]}},{"type":"Feature","properties":{},"geometry":{"type":"MultiPolygon","coordinates":[[[[79.869438,6.834451],[79.869436,6.83455],[79.869481,6.834551],[79.869481,6.834585],[79.869569,6.834587],[79.869572,6.834454],[79.869438,6.834451]]]]}},{"type":"Feature","properties":{},"geometry":{"type":"MultiPolygon","coordinates":[[[[79.866582,6.829344],[79.866565,6.82943],[79.866731,6.829462],[79.866748,6.829376],[79.866582,6.829344]]]]}},{"type":"Feature","properties":{},"geometry":{"type":"MultiPolygon","coordinates":[[[[79.867403,6.828621],[79.867299,6.828662],[79.867338,6.828761],[79.867442,6.828721],[79.867403,6.828621]]]]}},{"type":"Feature","properties":{},"geometry":{"type":"MultiPolygon","coordinates":[[[[79.864503,6.828163],[79.864511,6.828048],[79.864364,6.828038],[79.864356,6.828153],[79.864503,6.828163]]]]}},{"type":"Feature","properties":{},"geometry":{"type":"MultiPolygon","coordinates":[[[[79.869922,6.829213],[79.869916,6.829327],[79.870026,6.829332],[79.870031,6.829218],[79.869922,6.829213]]]]}},{"type":"Feature","properties":{},"geometry":{"type":"MultiPolygon","coordinates":[[[[79.869604,6.831463],[79.86971,6.831474],[79.86973,6.831276],[79.869761,6.831279],[79.869778,6.831118],[79.869641,6.831104],[79.869604,6.831463]]]]}},{"type":"Feature","properties":{},"geometry":{"type":"MultiPolygon","coordinates":[[[[79.866757,6.827634],[79.86676,6.827535],[79.866637,6.827532],[79.866634,6.82763],[79.866757,6.827634]]]]}},{"type":"Feature","properties":{},"geometry":{"type":"MultiPolygon","coordinates":[[[[79.871289,6.829234],[79.871287,6.829163],[79.871151,6.829167],[79.871153,6.829237],[79.871289,6.829234]]]]}},{"type":"Feature","properties":{},"geometry":{"type":"MultiPolygon","coordinates":[[[[79.8676,6.834115],[79.867602,6.834061],[79.867404,6.834056],[79.867402,6.834109],[79.8676,6.834115]]]]}},{"type":"Feature","properties":{},"geometry":{"type":"MultiPolygon","coordinates":[[[[79.869835,6.828907],[79.869839,6.829005],[79.869978,6.829],[79.869974,6.828902],[79.869835,6.828907]]]]}},{"type":"Feature","properties":{},"geometry":{"type":"MultiPolygon","coordinates":[[[[79.866605,6.827993],[79.866609,6.828115],[79.866647,6.828114],[79.866642,6.827992],[79.866605,6.827993]]]]}},{"type":"Feature","properties":{},"geometry":{"type":"MultiPolygon","coordinates":[[[[79.867436,6.829103],[79.867434,6.82905],[79.867358,6.829052],[79.867357,6.829001],[79.86731,6.829002],[79.867312,6.829075],[79.867348,6.829074],[79.867349,6.829105],[79.867436,6.829103]]]]}},{"type":"Feature","properties":{},"geometry":{"type":"MultiPolygon","coordinates":[[[[79.865837,6.833586],[79.8657,6.833584],[79.865698,6.833746],[79.865835,6.833748],[79.865837,6.833586]]]]}},{"type":"Feature","properties":{},"geometry":{"type":"MultiPolygon","coordinates":[[[[79.868576,6.831828],[79.868877,6.831843],[79.868884,6.831703],[79.868582,6.831688],[79.868576,6.831828]]]]}},{"type":"Feature","properties":{},"geometry":{"type":"MultiPolygon","coordinates":[[[[79.867687,6.826253],[79.867678,6.826319],[79.86786,6.826344],[79.867869,6.826278],[79.867687,6.826253]]]]}},{"type":"Feature","properties":{},"geometry":{"type":"MultiPolygon","coordinates":[[[[79.865515,6.828775],[79.865469,6.828923],[79.865599,6.828963],[79.865645,6.828815],[79.865515,6.828775]]]]}},{"type":"Feature","properties":{},"geometry":{"type":"MultiPolygon","coordinates":[[[[79.865306,6.831799],[79.865275,6.831919],[79.865333,6.831934],[79.865364,6.831813],[79.865306,6.831799]]]]}},{"type":"Feature","properties":{},"geometry":{"type":"MultiPolygon","coordinates":[[[[79.865136,6.830773],[79.865134,6.830888],[79.865166,6.830888],[79.865168,6.830774],[79.865136,6.830773]]]]}},{"type":"Feature","properties":{},"geometry":{"type":"MultiPolygon","coordinates":[[[[79.870292,6.832487],[79.870316,6.832489],[79.870321,6.832393],[79.870206,6.832387],[79.870198,6.832533],[79.870289,6.832538],[79.870292,6.832487]]]]}},{"type":"Feature","properties":{},"geometry":{"type":"MultiPolygon","coordinates":[[[[79.867875,6.833309],[79.867873,6.833224],[79.867637,6.833231],[79.86764,6.833316],[79.867875,6.833309]]]]}},{"type":"Feature","properties":{},"geometry":{"type":"MultiPolygon","coordinates":[[[[79.866183,6.829702],[79.866186,6.829835],[79.866363,6.829831],[79.86636,6.829697],[79.866183,6.829702]]]]}},{"type":"Feature","properties":{},"geometry":{"type":"MultiPolygon","coordinates":[[[[79.863501,6.830587],[79.863506,6.830789],[79.863608,6.830787],[79.863603,6.830584],[79.863501,6.830587]]]]}},{"type":"Feature","properties":{},"geometry":{"type":"MultiPolygon","coordinates":[[[[79.872057,6.83202],[79.872077,6.831962],[79.872025,6.831895],[79.87204,6.831882],[79.871908,6.831715],[79.871838,6.831769],[79.872023,6.832003],[79.871975,6.83204],[79.872004,6.832077],[79.872049,6.832042],[79.872057,6.83202]]]]}},{"type":"Feature","properties":{},"geometry":{"type":"MultiPolygon","coordinates":[[[[79.868082,6.831714],[79.868079,6.831602],[79.868019,6.831604],[79.86802,6.831629],[79.86797,6.83163],[79.867971,6.831669],[79.868033,6.831667],[79.868034,6.831715],[79.868082,6.831714]]]]}},{"type":"Feature","properties":{},"geometry":{"type":"MultiPolygon","coordinates":[[[[79.868476,6.833859],[79.868404,6.833855],[79.868402,6.833899],[79.868474,6.833903],[79.868476,6.833859]]]]}},{"type":"Feature","properties":{},"geometry":{"type":"MultiPolygon","coordinates":[[[[79.870158,6.832491],[79.870179,6.832344],[79.870116,6.832335],[79.870125,6.83227],[79.870076,6.832263],[79.870045,6.832475],[79.870158,6.832491]]]]}}]}