{"type":"FeatureCollection","features":[{"type":"Feature","properties":{"node_id":1,"degree":1,"jtype":"culdesac","gn_name":"Mount Lavinia","inside_primary":true,"inside_gn":true,"in_corridor":false,"stub_length_m":63.407,"neighbor_node_id":3,"neighbor_jtype":"three_way","dist_to_junction_m":63.407,"depth_class":"medium","hex_id":159,"outside_grid":false,"access_score":1.0,"access_tier":"high","analysis_ok":true,"snap_ok":true},"geometry":{"type":"Point","coordinates":[79.86201640564084,6.833173274884289]}},{"type":"Feature","properties":{"node_id":4,"degree":1,"jtype":"culdesac","gn_name":"Mount Lavinia","inside_primary":true,"inside_gn":true,"in_corridor":false,"stub_length_m":154.175,"neighbor_node_id":72,"neighbor_jtype":"four_way","dist_to_junction_m":154.175,"depth_class":"long","hex_id":431,"outside_grid":false,"access_score":0.8333,"access_tier":"high","analysis_ok":true,"snap_ok":true},"geometry":{"type":"Point","coordinates":[79.86268115895109,6.848469704295054]}},{"type":"Feature","properties":{"node_id":6,"degree":1,"jtype":"culdesac","gn_name":"Mount Lavinia","inside_primary":true,"inside_gn":true,"in_corridor":false,"stub_length_m":130.136,"neighbor_node_id":16,"neighbor_jtype":"three_way","dist_to_junction_m":130.136,"depth_class":"medium","hex_id":177,"outside_grid":false,"access_score":0.6667,"access_tier":"medium","analysis_ok":true,"snap_ok":true},"geometry":{"type":"Point","coordinates":[79.86286082200793,6.83382438652378]}},{"type":"Feature","properties":{"node_id":7,"degree":1,"jtype":"culdesac","gn_name":"Mount Lavinia","inside_primary":true,"inside_gn":true,"in_corridor":false,"stub_length_m":17.263,"neighbor_node_id":16,"neighbor_jtype":"three_way","dist_to_junction_m":17.263,"depth_class":"short","hex_id":192,"outside_grid":false,"access_score":0.8333,"access_tier":"high","analysis_ok":true,"snap_ok":true},"geometry":{"type":"Point","coordinates":[79.86289675461929,6.8349214630338215]}},{"type":"Feature","properties":{"node_id":8,"degree":1,"jtype":"culdesac","gn_name":"Mount Lavinia","inside_primary":true,"inside_gn":true,"in_corridor":false,"stub_length_m":28.071,"neighbor_node_id":24,"neighbor_jtype":"three_way","dist_to_junction_m":28.071,"depth_class":"short","hex_id":371,"outside_grid":false,"access_score":0.8333,"access_tier":"high","analysis_ok":true,"snap_ok":true},"geometry":{"type":"Point","coordinates":[79.86289675461929,6.844304486057538]}},{"type":"Feature","properties":{"node_id":9,"degree":1,"jtype":"culdesac","gn_name":"Mount Lavinia","inside_primary":true,"inside_gn":true,"in_corridor":false,"stub_length_m":151.554,"neighbor_node_id":72,"neighbor_jtype":"four_way","dist_to_junction_m":151.554,"depth_class":"long","hex_id":441,"outside_grid":false,"access_score":1.0,"access_tier":"high","analysis_ok":true,"snap_ok":true},"geometry":{"type":"Point","coordinates":[79.86290573777212,6.84875511406377]}},{"type":"Feature","properties":{"node_id":10,"degree":1,"jtype":"culdesac","gn_name":"Mount Lavinia","inside_primary":true,"inside_gn":true,"in_corridor":false,"stub_length_m":32.0,"neighbor_node_id":25,"neighbor_jtype":"three_way","dist_to_junction_m":32.0,"depth_class":"short","hex_id":352,"outside_grid":false,"access_score":0.8333,"access_tier":"high","analysis_ok":true,"snap_ok":true},"geometry":{"type":"Point","coordinates":[79.86291472092498,6.843590954661193]}},{"type":"Feature","properties":{"node_id":12,"degree":1,"jtype":"culdesac","gn_name":"Mount Lavinia","inside_primary":true,"inside_gn":true,"in_corridor":false,"stub_length_m":99.511,"neighbor_node_id":39,"neighbor_jtype":"three_way","dist_to_junction_m":99.511,"depth_class":"medium","hex_id":432,"outside_grid":false,"access_score":1.0,"access_tier":"high","analysis_ok":true,"snap_ok":true},"geometry":{"type":"Point","coordinates":[79.86292370407782,6.847658069332086]}},{"type":"Feature","properties":{"node_id":13,"degree":1,"jtype":"culdesac","gn_name":"Mount Lavinia","inside_primary":true,"inside_gn":true,"in_corridor":false,"stub_length_m":64.382,"neighbor_node_id":38,"neighbor_jtype":"three_way","dist_to_junction_m":64.382,"depth_class":"medium","hex_id":333,"outside_grid":false,"access_score":0.8333,"access_tier":"high","analysis_ok":true,"snap_ok":true},"geometry":{"type":"Point","coordinates":[79.8629865861477,6.8423244338063]}},{"type":"Feature","properties":{"node_id":14,"degree":1,"jtype":"culdesac","gn_name":"Mount Lavinia","inside_primary":true,"inside_gn":true,"in_corridor":false,"stub_length_m":161.009,"neighbor_node_id":88,"neighbor_jtype":"three_way","dist_to_junction_m":161.009,"depth_class":"long","hex_id":314,"outside_grid":false,"access_score":0.8333,"access_tier":"high","analysis_ok":true,"snap_ok":true},"geometry":{"type":"Point","coordinates":[79.8630315019119,6.841548465144014]}},{"type":"Feature","properties":{"node_id":15,"degree":1,"jtype":"culdesac","gn_name":"Mount Lavinia","inside_primary":true,"inside_gn":true,"in_corridor":false,"stub_length_m":21.213,"neighbor_node_id":19,"neighbor_jtype":"three_way","dist_to_junction_m":21.213,"depth_class":"short","hex_id":432,"outside_grid":false,"access_score":1.0,"access_tier":"high","analysis_ok":true,"snap_ok":true},"geometry":{"type":"Point","coordinates":[79.8630315019119,6.847497525989033]}},{"type":"Feature","properties":{"node_id":18,"degree":1,"jtype":"culdesac","gn_name":"Mount Lavinia","inside_primary":true,"inside_gn":true,"in_corridor":false,"stub_length_m":381.473,"neighbor_node_id":251,"neighbor_jtype":"three_way","dist_to_junction_m":381.473,"depth_class":"long","hex_id":333,"outside_grid":false,"access_score":0.8333,"access_tier":"high","analysis_ok":true,"snap_ok":true},"geometry":{"type":"Point","coordinates":[79.86305845137042,6.843002290456372]}},{"type":"Feature","properties":{"node_id":20,"degree":1,"jtype":"culdesac","gn_name":"Mount Lavinia","inside_primary":true,"inside_gn":true,"in_corridor":false,"stub_length_m":157.715,"neighbor_node_id":92,"neighbor_jtype":"three_way","dist_to_junction_m":157.715,"depth_class":"long","hex_id":296,"outside_grid":false,"access_score":0.8333,"access_tier":"high","analysis_ok":true,"snap_ok":true},"geometry":{"type":"Point","coordinates":[79.86309438398179,6.841040071198851]}},{"type":"Feature","properties":{"node_id":21,"degree":1,"jtype":"culdesac","gn_name":"Mount Lavinia","inside_primary":true,"inside_gn":true,"in_corridor":false,"stub_length_m":67.222,"neighbor_node_id":32,"neighbor_jtype":"three_way","dist_to_junction_m":67.222,"depth_class":"medium","hex_id":371,"outside_grid":false,"access_score":0.8333,"access_tier":"high","analysis_ok":true,"snap_ok":true},"geometry":{"type":"Point","coordinates":[79.86309438398179,6.844688008742378]}},{"type":"Feature","properties":{"node_id":22,"degree":1,"jtype":"culdesac","gn_name":"Mount Lavinia","inside_primary":true,"inside_gn":true,"in_corridor":false,"stub_length_m":51.352,"neighbor_node_id":39,"neighbor_jtype":"three_way","dist_to_junction_m":51.352,"depth_class":"medium","hex_id":432,"outside_grid":false,"access_score":1.0,"access_tier":"high","analysis_ok":true,"snap_ok":true},"geometry":{"type":"Point","coordinates":[79.86311235028748,6.847898884245379]}},{"type":"Feature","properties":{"node_id":26,"degree":1,"jtype":"culdesac","gn_name":"Wedikanda","inside_primary":true,"inside_gn":true,"in_corridor":false,"stub_length_m":62.617,"neighbor_node_id":49,"neighbor_jtype":"four_way","dist_to_junction_m":62.617,"depth_class":"medium","hex_id":98,"outside_grid":false,"access_score":1.0,"access_tier":"high","analysis_ok":true,"snap_ok":true},"geometry":{"type":"Point","coordinates":[79.86324709758009,6.829141714583826]}},{"type":"Feature","properties":{"node_id":27,"degree":1,"jtype":"culdesac","gn_name":"Mount Lavinia","inside_primary":true,"inside_gn":true,"in_corridor":false,"stub_length_m":147.363,"neighbor_node_id":97,"neighbor_jtype":"three_way","dist_to_junction_m":147.363,"depth_class":"medium","hex_id":279,"outside_grid":false,"access_score":1.0,"access_tier":"high","analysis_ok":true,"snap_ok":true},"geometry":{"type":"Point","coordinates":[79.8632920133443,6.8402730196608665]}},{"type":"Feature","properties":{"node_id":28,"degree":1,"jtype":"culdesac","gn_name":"Mount Lavinia","inside_primary":true,"inside_gn":true,"in_corridor":false,"stub_length_m":201.318,"neighbor_node_id":140,"neighbor_jtype":"three_way","dist_to_junction_m":201.318,"depth_class":"long","hex_id":206,"outside_grid":false,"access_score":0.8333,"access_tier":"high","analysis_ok":true,"snap_ok":true},"geometry":{"type":"Point","coordinates":[79.86334591226135,6.835813393300189]}},{"type":"Feature","properties":{"node_id":29,"degree":1,"jtype":"culdesac","gn_name":"Mount Lavinia","inside_primary":true,"inside_gn":true,"in_corridor":false,"stub_length_m":160.574,"neighbor_node_id":100,"neighbor_jtype":"three_way","dist_to_junction_m":160.574,"depth_class":"long","hex_id":279,"outside_grid":false,"access_score":1.0,"access_tier":"high","analysis_ok":true,"snap_ok":true},"geometry":{"type":"Point","coordinates":[79.86336387856703,6.839853816555584]}},{"type":"Feature","properties":{"node_id":30,"degree":1,"jtype":"culdesac","gn_name":"Mount Lavinia","inside_primary":true,"inside_gn":true,"in_corridor":false,"stub_length_m":135.34,"neighbor_node_id":96,"neighbor_jtype":"four_way","dist_to_junction_m":135.34,"depth_class":"medium","hex_id":296,"outside_grid":false,"access_score":0.8333,"access_tier":"high","analysis_ok":true,"snap_ok":true},"geometry":{"type":"Point","coordinates":[79.86338184487272,6.840540595918678]}},{"type":"Feature","properties":{"node_id":31,"degree":1,"jtype":"culdesac","gn_name":"Mount Lavinia","inside_primary":true,"inside_gn":true,"in_corridor":false,"stub_length_m":82.826,"neighbor_node_id":38,"neighbor_jtype":"three_way","dist_to_junction_m":82.826,"depth_class":"medium","hex_id":314,"outside_grid":false,"access_score":0.8333,"access_tier":"high","analysis_ok":true,"snap_ok":true},"geometry":{"type":"Point","coordinates":[79.86338184487272,6.841842798233315]}},{"type":"Feature","properties":{"node_id":34,"degree":1,"jtype":"culdesac","gn_name":"Mount Lavinia","inside_primary":true,"inside_gn":true,"in_corridor":false,"stub_length_m":54.452,"neighbor_node_id":60,"neighbor_jtype":"three_way","dist_to_junction_m":54.452,"depth_class":"medium","hex_id":249,"outside_grid":false,"access_score":1.0,"access_tier":"high","analysis_ok":true,"snap_ok":true},"geometry":{"type":"Point","coordinates":[79.86343574378976,6.838453497132754]}},{"type":"Feature","properties":{"node_id":35,"degree":1,"jtype":"culdesac","gn_name":"Mount Lavinia","inside_primary":true,"inside_gn":true,"in_corridor":false,"stub_length_m":139.043,"neighbor_node_id":106,"neighbor_jtype":"three_way","dist_to_junction_m":139.043,"depth_class":"medium","hex_id":279,"outside_grid":false,"access_score":1.0,"access_tier":"high","analysis_ok":true,"snap_ok":true},"geometry":{"type":"Point","coordinates":[79.86346269324828,6.839639755253543]}},{"type":"Feature","properties":{"node_id":40,"degree":1,"jtype":"culdesac","gn_name":"Wedikanda","inside_primary":true,"inside_gn":true,"in_corridor":false,"stub_length_m":34.366,"neighbor_node_id":57,"neighbor_jtype":"three_way","dist_to_junction_m":34.366,"depth_class":"short","hex_id":56,"outside_grid":false,"access_score":0.3333,"access_tier":"low","analysis_ok":true,"snap_ok":true},"geometry":{"type":"Point","coordinates":[79.86360642369374,6.826421284121378]}},{"type":"Feature","properties":{"node_id":41,"degree":1,"jtype":"culdesac","gn_name":"Wedikanda","inside_primary":true,"inside_gn":true,"in_corridor":false,"stub_length_m":42.166,"neighbor_node_id":63,"neighbor_jtype":"three_way","dist_to_junction_m":42.166,"depth_class":"short","hex_id":73,"outside_grid":false,"access_score":0.3333,"access_tier":"low","analysis_ok":true,"snap_ok":true},"geometry":{"type":"Point","coordinates":[79.86360642369374,6.827919752650024]}},{"type":"Feature","properties":{"node_id":51,"degree":1,"jtype":"culdesac","gn_name":"Mount Lavinia","inside_primary":true,"inside_gn":true,"in_corridor":false,"stub_length_m":66.902,"neighbor_node_id":61,"neighbor_jtype":"three_way","dist_to_junction_m":66.902,"depth_class":"medium","hex_id":353,"outside_grid":false,"access_score":0.8333,"access_tier":"high","analysis_ok":true,"snap_ok":true},"geometry":{"type":"Point","coordinates":[79.8637501541392,6.843983397061162]}},{"type":"Feature","properties":{"node_id":52,"degree":1,"jtype":"culdesac","gn_name":"Mount Lavinia","inside_primary":true,"inside_gn":true,"in_corridor":false,"stub_length_m":36.126,"neighbor_node_id":53,"neighbor_jtype":"three_way","dist_to_junction_m":36.126,"depth_class":"short","hex_id":372,"outside_grid":false,"access_score":1.0,"access_tier":"high","analysis_ok":true,"snap_ok":true},"geometry":{"type":"Point","coordinates":[79.86375913729204,6.844688008742378]}},{"type":"Feature","properties":{"node_id":55,"degree":1,"jtype":"culdesac","gn_name":"Mount Lavinia","inside_primary":true,"inside_gn":true,"in_corridor":false,"stub_length_m":85.0,"neighbor_node_id":19,"neighbor_jtype":"three_way","dist_to_junction_m":85.0,"depth_class":"medium","hex_id":420,"outside_grid":false,"access_score":0.8333,"access_tier":"high","analysis_ok":true,"snap_ok":true},"geometry":{"type":"Point","coordinates":[79.86381303620908,6.847426173374781]}},{"type":"Feature","properties":{"node_id":56,"degree":1,"jtype":"culdesac","gn_name":"Wedikanda","inside_primary":true,"inside_gn":true,"in_corridor":false,"stub_length_m":74.525,"neighbor_node_id":90,"neighbor_jtype":"four_way","dist_to_junction_m":74.525,"depth_class":"medium","hex_id":47,"outside_grid":false,"access_score":0.1667,"access_tier":"low","analysis_ok":true,"snap_ok":true},"geometry":{"type":"Point","coordinates":[79.86383998566762,6.825092281322151]}},{"type":"Feature","properties":{"node_id":58,"degree":1,"jtype":"culdesac","gn_name":"Mount Lavinia","inside_primary":true,"inside_gn":true,"in_corridor":false,"stub_length_m":31.257,"neighbor_node_id":62,"neighbor_jtype":"three_way","dist_to_junction_m":31.257,"depth_class":"short","hex_id":193,"outside_grid":false,"access_score":1.0,"access_tier":"high","analysis_ok":true,"snap_ok":true},"geometry":{"type":"Point","coordinates":[79.86391185089035,6.8353406704663096]}},{"type":"Feature","properties":{"node_id":59,"degree":1,"jtype":"culdesac","gn_name":"Wedikanda","inside_primary":true,"inside_gn":true,"in_corridor":false,"stub_length_m":74.168,"neighbor_node_id":95,"neighbor_jtype":"three_way","dist_to_junction_m":74.168,"depth_class":"medium","hex_id":47,"outside_grid":false,"access_score":0.1667,"access_tier":"low","analysis_ok":true,"snap_ok":true},"geometry":{"type":"Point","coordinates":[79.86392083404318,6.8247890184213915]}},{"type":"Feature","properties":{"node_id":64,"degree":1,"jtype":"culdesac","gn_name":"Mount Lavinia","inside_primary":true,"inside_gn":true,"in_corridor":false,"stub_length_m":51.039,"neighbor_node_id":87,"neighbor_jtype":"three_way","dist_to_junction_m":51.039,"depth_class":"medium","hex_id":144,"outside_grid":false,"access_score":1.0,"access_tier":"high","analysis_ok":true,"snap_ok":true},"geometry":{"type":"Point","coordinates":[79.86396574980739,6.832388372003242]}},{"type":"Feature","properties":{"node_id":65,"degree":1,"jtype":"culdesac","gn_name":"Mount Lavinia","inside_primary":true,"inside_gn":true,"in_corridor":false,"stub_length_m":98.592,"neighbor_node_id":123,"neighbor_jtype":"three_way","dist_to_junction_m":98.592,"depth_class":"medium","hex_id":249,"outside_grid":false,"access_score":1.0,"access_tier":"high","analysis_ok":true,"snap_ok":true},"geometry":{"type":"Point","coordinates":[79.86402863187728,6.8381145657000895]}},{"type":"Feature","properties":{"node_id":68,"degree":1,"jtype":"culdesac","gn_name":"Wedikanda","inside_primary":true,"inside_gn":true,"in_corridor":false,"stub_length_m":76.295,"neighbor_node_id":57,"neighbor_jtype":"three_way","dist_to_junction_m":76.295,"depth_class":"medium","hex_id":56,"outside_grid":false,"access_score":0.3333,"access_tier":"low","analysis_ok":true,"snap_ok":true},"geometry":{"type":"Point","coordinates":[79.86403761503013,6.825796920849758]}},{"type":"Feature","properties":{"node_id":77,"degree":1,"jtype":"culdesac","gn_name":"Mount Lavinia","inside_primary":true,"inside_gn":true,"in_corridor":false,"stub_length_m":67.602,"neighbor_node_id":117,"neighbor_jtype":"three_way","dist_to_junction_m":67.602,"depth_class":"medium","hex_id":420,"outside_grid":false,"access_score":0.8333,"access_tier":"high","analysis_ok":true,"snap_ok":true},"geometry":{"type":"Point","coordinates":[79.86419032862842,6.847497525989033]}},{"type":"Feature","properties":{"node_id":78,"degree":1,"jtype":"culdesac","gn_name":"Mount Lavinia","inside_primary":true,"inside_gn":true,"in_corridor":false,"stub_length_m":19.235,"neighbor_node_id":72,"neighbor_jtype":"four_way","dist_to_junction_m":19.235,"depth_class":"short","hex_id":443,"outside_grid":false,"access_score":1.0,"access_tier":"high","analysis_ok":true,"snap_ok":true},"geometry":{"type":"Point","coordinates":[79.86422626123978,6.8486659235293885]}},{"type":"Feature","properties":{"node_id":80,"degree":1,"jtype":"culdesac","gn_name":"Wedikanda","inside_primary":true,"inside_gn":true,"in_corridor":false,"stub_length_m":69.463,"neighbor_node_id":49,"neighbor_jtype":"four_way","dist_to_junction_m":69.463,"depth_class":"medium","hex_id":99,"outside_grid":false,"access_score":1.0,"access_tier":"high","analysis_ok":true,"snap_ok":true},"geometry":{"type":"Point","coordinates":[79.86424422754547,6.8296322823654165]}},{"type":"Feature","properties":{"node_id":85,"degree":1,"jtype":"culdesac","gn_name":"Mount Lavinia","inside_primary":true,"inside_gn":true,"in_corridor":false,"stub_length_m":81.405,"neighbor_node_id":108,"neighbor_jtype":"three_way","dist_to_junction_m":81.405,"depth_class":"medium","hex_id":130,"outside_grid":false,"access_score":1.0,"access_tier":"high","analysis_ok":true,"snap_ok":true},"geometry":{"type":"Point","coordinates":[79.86439694114377,6.830970191940091]}},{"type":"Feature","properties":{"node_id":91,"degree":1,"jtype":"culdesac","gn_name":"Wedikanda","inside_primary":true,"inside_gn":true,"in_corridor":false,"stub_length_m":32.066,"neighbor_node_id":94,"neighbor_jtype":"three_way","dist_to_junction_m":32.066,"depth_class":"short","hex_id":85,"outside_grid":false,"access_score":0.8333,"access_tier":"high","analysis_ok":true,"snap_ok":true},"geometry":{"type":"Point","coordinates":[79.86449575582502,6.828668985154741]}},{"type":"Feature","properties":{"node_id":101,"degree":1,"jtype":"culdesac","gn_name":"Mount Lavinia","inside_primary":true,"inside_gn":true,"in_corridor":false,"stub_length_m":35.228,"neighbor_node_id":98,"neighbor_jtype":"three_way","dist_to_junction_m":35.228,"depth_class":"short","hex_id":408,"outside_grid":false,"access_score":1.0,"access_tier":"high","analysis_ok":true,"snap_ok":true},"geometry":{"type":"Point","coordinates":[79.86463948627048,6.84655210298426]}},{"type":"Feature","properties":{"node_id":105,"degree":1,"jtype":"culdesac","gn_name":"Wedikanda","inside_primary":true,"inside_gn":true,"in_corridor":false,"stub_length_m":79.26,"neighbor_node_id":69,"neighbor_jtype":"three_way","dist_to_junction_m":79.26,"depth_class":"medium","hex_id":74,"outside_grid":false,"access_score":0.3333,"access_tier":"low","analysis_ok":true,"snap_ok":true},"geometry":{"type":"Point","coordinates":[79.86470236834036,6.827215116247755]}},{"type":"Feature","properties":{"node_id":107,"degree":1,"jtype":"culdesac","gn_name":"Mount Lavinia","inside_primary":true,"inside_gn":true,"in_corridor":false,"stub_length_m":99.942,"neighbor_node_id":166,"neighbor_jtype":"three_way","dist_to_junction_m":99.942,"depth_class":"medium","hex_id":443,"outside_grid":false,"access_score":1.0,"access_tier":"high","analysis_ok":true,"snap_ok":true},"geometry":{"type":"Point","coordinates":[79.86470236834036,6.848871061733535]}},{"type":"Feature","properties":{"node_id":109,"degree":1,"jtype":"culdesac","gn_name":"Mount Lavinia","inside_primary":true,"inside_gn":true,"in_corridor":false,"stub_length_m":49.163,"neighbor_node_id":82,"neighbor_jtype":"three_way","dist_to_junction_m":49.163,"depth_class":"short","hex_id":162,"outside_grid":false,"access_score":1.0,"access_tier":"high","analysis_ok":true,"snap_ok":true},"geometry":{"type":"Point","coordinates":[79.86473830095173,6.833146516852739]}},{"type":"Feature","properties":{"node_id":118,"degree":1,"jtype":"culdesac","gn_name":"Mount Lavinia","inside_primary":true,"inside_gn":true,"in_corridor":false,"stub_length_m":80.399,"neighbor_node_id":74,"neighbor_jtype":"three_way","dist_to_junction_m":80.399,"depth_class":"medium","hex_id":408,"outside_grid":false,"access_score":1.0,"access_tier":"high","analysis_ok":true,"snap_ok":true},"geometry":{"type":"Point","coordinates":[79.86481016617446,6.84629344919436]}},{"type":"Feature","properties":{"node_id":119,"degree":1,"jtype":"culdesac","gn_name":"Mount Lavinia","inside_primary":true,"inside_gn":true,"in_corridor":false,"stub_length_m":48.26,"neighbor_node_id":114,"neighbor_jtype":"three_way","dist_to_junction_m":48.26,"depth_class":"short","hex_id":316,"outside_grid":false,"access_score":1.0,"access_tier":"high","analysis_ok":true,"snap_ok":true},"geometry":{"type":"Point","coordinates":[79.8648191493273,6.842101454434753]}},{"type":"Feature","properties":{"node_id":121,"degree":1,"jtype":"culdesac","gn_name":"Mount Lavinia","inside_primary":true,"inside_gn":true,"in_corridor":false,"stub_length_m":97.793,"neighbor_node_id":166,"neighbor_jtype":"three_way","dist_to_junction_m":97.793,"depth_class":"medium","hex_id":443,"outside_grid":false,"access_score":1.0,"access_tier":"high","analysis_ok":true,"snap_ok":true},"geometry":{"type":"Point","coordinates":[79.86486406509151,6.848380513707313]}},{"type":"Feature","properties":{"node_id":124,"degree":1,"jtype":"culdesac","gn_name":"Mount Lavinia","inside_primary":true,"inside_gn":true,"in_corridor":false,"stub_length_m":29.155,"neighbor_node_id":129,"neighbor_jtype":"three_way","dist_to_junction_m":29.155,"depth_class":"short","hex_id":316,"outside_grid":false,"access_score":1.0,"access_tier":"high","analysis_ok":true,"snap_ok":true},"geometry":{"type":"Point","coordinates":[79.86490898085572,6.841798202322354]}},{"type":"Feature","properties":{"node_id":126,"degree":1,"jtype":"culdesac","gn_name":"Wedikanda","inside_primary":true,"inside_gn":true,"in_corridor":false,"stub_length_m":25.179,"neighbor_node_id":122,"neighbor_jtype":"three_way","dist_to_junction_m":25.179,"depth_class":"short","hex_id":39,"outside_grid":false,"access_score":0.3333,"access_tier":"low","analysis_ok":true,"snap_ok":true},"geometry":{"type":"Point","coordinates":[79.8649269471614,6.823790033389641]}},{"type":"Feature","properties":{"node_id":127,"degree":1,"jtype":"culdesac","gn_name":"Wedikanda","inside_primary":true,"inside_gn":true,"in_corridor":false,"stub_length_m":48.094,"neighbor_node_id":90,"neighbor_jtype":"four_way","dist_to_junction_m":48.094,"depth_class":"short","hex_id":57,"outside_grid":false,"access_score":0.3333,"access_tier":"low","analysis_ok":true,"snap_ok":true},"geometry":{"type":"Point","coordinates":[79.8649269471614,6.825252832191834]}},{"type":"Feature","properties":{"node_id":130,"degree":1,"jtype":"culdesac","gn_name":"Wedikanda","inside_primary":true,"inside_gn":true,"in_corridor":false,"stub_length_m":40.162,"neighbor_node_id":154,"neighbor_jtype":"three_way","dist_to_junction_m":40.162,"depth_class":"short","hex_id":11,"outside_grid":false,"access_score":0.3333,"access_tier":"excluded","analysis_ok":false,"snap_ok":true},"geometry":{"type":"Point","coordinates":[79.86495389661992,6.8209179398142155]}},{"type":"Feature","properties":{"node_id":132,"degree":1,"jtype":"culdesac","gn_name":"Mount Lavinia","inside_primary":true,"inside_gn":true,"in_corridor":false,"stub_length_m":31.953,"neighbor_node_id":150,"neighbor_jtype":"three_way","dist_to_junction_m":31.953,"depth_class":"short","hex_id":208,"outside_grid":false,"access_score":1.0,"access_tier":"high","analysis_ok":true,"snap_ok":true},"geometry":{"type":"Point","coordinates":[79.86497186292561,6.835313912556071]}},{"type":"Feature","properties":{"node_id":135,"degree":1,"jtype":"culdesac","gn_name":"Wedikanda","inside_primary":true,"inside_gn":true,"in_corridor":false,"stub_length_m":42.379,"neighbor_node_id":158,"neighbor_jtype":"three_way","dist_to_junction_m":42.379,"depth_class":"short","hex_id":6,"outside_grid":false,"access_score":0.3333,"access_tier":"low","analysis_ok":true,"snap_ok":true},"geometry":{"type":"Point","coordinates":[79.86502576184266,6.8206592721561]}},{"type":"Feature","properties":{"node_id":138,"degree":1,"jtype":"culdesac","gn_name":"Wedikanda","inside_primary":true,"inside_gn":true,"in_corridor":false,"stub_length_m":125.153,"neighbor_node_id":178,"neighbor_jtype":"three_way","dist_to_junction_m":125.153,"depth_class":"medium","hex_id":101,"outside_grid":false,"access_score":1.0,"access_tier":"high","analysis_ok":true,"snap_ok":true},"geometry":{"type":"Point","coordinates":[79.86506169445401,6.8295876853151505]}},{"type":"Feature","properties":{"node_id":139,"degree":1,"jtype":"culdesac","gn_name":"Wedikanda","inside_primary":true,"inside_gn":true,"in_corridor":false,"stub_length_m":43.081,"neighbor_node_id":162,"neighbor_jtype":"three_way","dist_to_junction_m":43.081,"depth_class":"short","hex_id":6,"outside_grid":false,"access_score":0.3333,"access_tier":"low","analysis_ok":true,"snap_ok":true},"geometry":{"type":"Point","coordinates":[79.86511559337107,6.82041844352126]}},{"type":"Feature","properties":{"node_id":141,"degree":1,"jtype":"culdesac","gn_name":"Mount Lavinia","inside_primary":true,"inside_gn":true,"in_corridor":false,"stub_length_m":23.022,"neighbor_node_id":129,"neighbor_jtype":"three_way","dist_to_junction_m":23.022,"depth_class":"short","hex_id":299,"outside_grid":false,"access_score":1.0,"access_tier":"high","analysis_ok":true,"snap_ok":true},"geometry":{"type":"Point","coordinates":[79.86514254282959,6.841548465144014]}},{"type":"Feature","properties":{"node_id":145,"degree":1,"jtype":"culdesac","gn_name":"Mount Lavinia","inside_primary":true,"inside_gn":true,"in_corridor":false,"stub_length_m":79.427,"neighbor_node_id":116,"neighbor_jtype":"three_way","dist_to_junction_m":79.427,"depth_class":"medium","hex_id":266,"outside_grid":false,"access_score":0.0,"access_tier":"low","analysis_ok":true,"snap_ok":true},"geometry":{"type":"Point","coordinates":[79.86516050913526,6.839461370761901]}},{"type":"Feature","properties":{"node_id":149,"degree":1,"jtype":"culdesac","gn_name":"Mount Lavinia","inside_primary":true,"inside_gn":true,"in_corridor":false,"stub_length_m":90.139,"neighbor_node_id":86,"neighbor_jtype":"three_way","dist_to_junction_m":90.139,"depth_class":"medium","hex_id":355,"outside_grid":false,"access_score":1.0,"access_tier":"high","analysis_ok":true,"snap_ok":true},"geometry":{"type":"Point","coordinates":[79.86522339120516,6.84370690358567]}},{"type":"Feature","properties":{"node_id":153,"degree":1,"jtype":"culdesac","gn_name":"Mount Lavinia","inside_primary":true,"inside_gn":true,"in_corridor":false,"stub_length_m":43.292,"neighbor_node_id":156,"neighbor_jtype":"three_way","dist_to_junction_m":43.292,"depth_class":"short","hex_id":422,"outside_grid":false,"access_score":1.0,"access_tier":"high","analysis_ok":true,"snap_ok":true},"geometry":{"type":"Point","coordinates":[79.86528627327505,6.847328063512761]}},{"type":"Feature","properties":{"node_id":155,"degree":1,"jtype":"culdesac","gn_name":"Wedikanda","inside_primary":true,"inside_gn":true,"in_corridor":false,"stub_length_m":144.554,"neighbor_node_id":133,"neighbor_jtype":"three_way","dist_to_junction_m":144.554,"depth_class":"medium","hex_id":49,"outside_grid":false,"access_score":0.3333,"access_tier":"low","analysis_ok":true,"snap_ok":true},"geometry":{"type":"Point","coordinates":[79.86533118903925,6.825359866075042]}},{"type":"Feature","properties":{"node_id":159,"degree":1,"jtype":"culdesac","gn_name":"Mount Lavinia","inside_primary":true,"inside_gn":true,"in_corridor":false,"stub_length_m":52.799,"neighbor_node_id":174,"neighbor_jtype":"three_way","dist_to_junction_m":52.799,"depth_class":"medium","hex_id":355,"outside_grid":false,"access_score":1.0,"access_tier":"high","analysis_ok":true,"snap_ok":true},"geometry":{"type":"Point","coordinates":[79.86542102056767,6.84416177986359]}},{"type":"Feature","properties":{"node_id":160,"degree":1,"jtype":"culdesac","gn_name":"Mount Lavinia","inside_primary":true,"inside_gn":true,"in_corridor":false,"stub_length_m":162.924,"neighbor_node_id":298,"neighbor_jtype":"three_way","dist_to_junction_m":162.924,"depth_class":"long","hex_id":317,"outside_grid":false,"access_score":1.0,"access_tier":"high","analysis_ok":true,"snap_ok":true},"geometry":{"type":"Point","coordinates":[79.8654300037205,6.8416911721190585]}},{"type":"Feature","properties":{"node_id":163,"degree":1,"jtype":"culdesac","gn_name":"Mount Lavinia","inside_primary":true,"inside_gn":true,"in_corridor":false,"stub_length_m":81.194,"neighbor_node_id":170,"neighbor_jtype":"four_way","dist_to_junction_m":81.194,"depth_class":"medium","hex_id":266,"outside_grid":false,"access_score":0.0,"access_tier":"low","analysis_ok":true,"snap_ok":true},"geometry":{"type":"Point","coordinates":[79.86549288579039,6.839630836030543]}},{"type":"Feature","properties":{"node_id":165,"degree":1,"jtype":"culdesac","gn_name":"Mount Lavinia","inside_primary":true,"inside_gn":true,"in_corridor":false,"stub_length_m":44.911,"neighbor_node_id":170,"neighbor_jtype":"four_way","dist_to_junction_m":44.911,"depth_class":"short","hex_id":282,"outside_grid":false,"access_score":0.0,"access_tier":"low","analysis_ok":true,"snap_ok":true},"geometry":{"type":"Point","coordinates":[79.86550186894323,6.840549515124691]}},{"type":"Feature","properties":{"node_id":167,"degree":1,"jtype":"culdesac","gn_name":"Mount Lavinia","inside_primary":true,"inside_gn":true,"in_corridor":false,"stub_length_m":92.021,"neighbor_node_id":237,"neighbor_jtype":"three_way","dist_to_junction_m":92.021,"depth_class":"medium","hex_id":355,"outside_grid":false,"access_score":1.0,"access_tier":"high","analysis_ok":true,"snap_ok":true},"geometry":{"type":"Point","coordinates":[79.86551085209607,6.8439655587772545]}},{"type":"Feature","properties":{"node_id":169,"degree":1,"jtype":"culdesac","gn_name":"Wedikanda","inside_primary":true,"inside_gn":true,"in_corridor":false,"stub_length_m":87.842,"neighbor_node_id":187,"neighbor_jtype":"three_way","dist_to_junction_m":87.842,"depth_class":"medium","hex_id":75,"outside_grid":false,"access_score":0.8333,"access_tier":"high","analysis_ok":true,"snap_ok":true},"geometry":{"type":"Point","coordinates":[79.86554678470745,6.8275808137505924]}},{"type":"Feature","properties":{"node_id":172,"degree":1,"jtype":"culdesac","gn_name":"Mount Lavinia","inside_primary":true,"inside_gn":true,"in_corridor":false,"stub_length_m":89.342,"neighbor_node_id":228,"neighbor_jtype":"three_way","dist_to_junction_m":89.342,"depth_class":"medium","hex_id":116,"outside_grid":false,"access_score":1.0,"access_tier":"high","analysis_ok":true,"snap_ok":true},"geometry":{"type":"Point","coordinates":[79.86561864993017,6.830702610324527]}},{"type":"Feature","properties":{"node_id":175,"degree":1,"jtype":"culdesac","gn_name":"Mount Lavinia","inside_primary":true,"inside_gn":true,"in_corridor":false,"stub_length_m":69.147,"neighbor_node_id":226,"neighbor_jtype":"three_way","dist_to_junction_m":69.147,"depth_class":"medium","hex_id":393,"outside_grid":false,"access_score":1.0,"access_tier":"high","analysis_ok":true,"snap_ok":true},"geometry":{"type":"Point","coordinates":[79.86562763308301,6.845428295843971]}},{"type":"Feature","properties":{"node_id":176,"degree":1,"jtype":"culdesac","gn_name":"Mount Lavinia","inside_primary":true,"inside_gn":true,"in_corridor":false,"stub_length_m":48.166,"neighbor_node_id":171,"neighbor_jtype":"three_way","dist_to_junction_m":48.166,"depth_class":"short","hex_id":317,"outside_grid":false,"access_score":1.0,"access_tier":"high","analysis_ok":true,"snap_ok":true},"geometry":{"type":"Point","coordinates":[79.8656455993887,6.8422084845460915]}},{"type":"Feature","properties":{"node_id":177,"degree":1,"jtype":"culdesac","gn_name":"Mount Lavinia","inside_primary":true,"inside_gn":true,"in_corridor":false,"stub_length_m":82.219,"neighbor_node_id":242,"neighbor_jtype":"three_way","dist_to_junction_m":82.219,"depth_class":"medium","hex_id":355,"outside_grid":false,"access_score":1.0,"access_tier":"high","analysis_ok":true,"snap_ok":true},"geometry":{"type":"Point","coordinates":[79.8656455993887,6.843590954661193]}},{"type":"Feature","properties":{"node_id":180,"degree":1,"jtype":"culdesac","gn_name":"Mount Lavinia","inside_primary":true,"inside_gn":true,"in_corridor":false,"stub_length_m":78.16,"neighbor_node_id":245,"neighbor_jtype":"three_way","dist_to_junction_m":78.16,"depth_class":"medium","hex_id":317,"outside_grid":false,"access_score":1.0,"access_tier":"high","analysis_ok":true,"snap_ok":true},"geometry":{"type":"Point","coordinates":[79.86569949830574,6.84195874758232]}},{"type":"Feature","properties":{"node_id":183,"degree":1,"jtype":"culdesac","gn_name":"Wedikanda","inside_primary":true,"inside_gn":true,"in_corridor":false,"stub_length_m":130.863,"neighbor_node_id":263,"neighbor_jtype":"three_way","dist_to_junction_m":130.863,"depth_class":"medium","hex_id":59,"outside_grid":false,"access_score":0.6667,"access_tier":"medium","analysis_ok":true,"snap_ok":true},"geometry":{"type":"Point","coordinates":[79.86574441406995,6.825672048097701]}},{"type":"Feature","properties":{"node_id":185,"degree":1,"jtype":"culdesac","gn_name":"Wedikanda","inside_primary":true,"inside_gn":true,"in_corridor":false,"stub_length_m":92.347,"neighbor_node_id":263,"neighbor_jtype":"three_way","dist_to_junction_m":92.347,"depth_class":"medium","hex_id":58,"outside_grid":false,"access_score":0.6667,"access_tier":"medium","analysis_ok":true,"snap_ok":true},"geometry":{"type":"Point","coordinates":[79.86575339722279,6.826180458384526]}},{"type":"Feature","properties":{"node_id":186,"degree":1,"jtype":"culdesac","gn_name":"Mount Lavinia","inside_primary":true,"inside_gn":true,"in_corridor":false,"stub_length_m":70.178,"neighbor_node_id":143,"neighbor_jtype":"three_way","dist_to_junction_m":70.178,"depth_class":"medium","hex_id":374,"outside_grid":false,"access_score":1.0,"access_tier":"high","analysis_ok":true,"snap_ok":true},"geometry":{"type":"Point","coordinates":[79.8657803466813,6.84481287652676]}},{"type":"Feature","properties":{"node_id":188,"degree":1,"jtype":"culdesac","gn_name":"Wedikanda","inside_primary":true,"inside_gn":true,"in_corridor":false,"stub_length_m":41.0,"neighbor_node_id":196,"neighbor_jtype":"three_way","dist_to_junction_m":41.0,"depth_class":"short","hex_id":13,"outside_grid":false,"access_score":0.3333,"access_tier":"low","analysis_ok":true,"snap_ok":true},"geometry":{"type":"Point","coordinates":[79.86590611082109,6.821016055096272]}},{"type":"Feature","properties":{"node_id":189,"degree":1,"jtype":"culdesac","gn_name":"Mount Lavinia","inside_primary":true,"inside_gn":true,"in_corridor":false,"stub_length_m":101.287,"neighbor_node_id":173,"neighbor_jtype":"three_way","dist_to_junction_m":101.287,"depth_class":"medium","hex_id":164,"outside_grid":false,"access_score":1.0,"access_tier":"high","analysis_ok":true,"snap_ok":true},"geometry":{"type":"Point","coordinates":[79.86591509397392,6.8330305653653856]}},{"type":"Feature","properties":{"node_id":198,"degree":1,"jtype":"culdesac","gn_name":"Wedikanda","inside_primary":true,"inside_gn":true,"in_corridor":false,"stub_length_m":126.436,"neighbor_node_id":122,"neighbor_jtype":"three_way","dist_to_junction_m":126.436,"depth_class":"medium","hex_id":41,"outside_grid":false,"access_score":0.6667,"access_tier":"medium","analysis_ok":true,"snap_ok":true},"geometry":{"type":"Point","coordinates":[79.86602289180802,6.824182492043562]}},{"type":"Feature","properties":{"node_id":199,"degree":1,"jtype":"culdesac","gn_name":"Wedikanda","inside_primary":true,"inside_gn":true,"in_corridor":false,"stub_length_m":58.009,"neighbor_node_id":203,"neighbor_jtype":"three_way","dist_to_junction_m":58.009,"depth_class":"medium","hex_id":76,"outside_grid":false,"access_score":0.6667,"access_tier":"medium","analysis_ok":true,"snap_ok":true},"geometry":{"type":"Point","coordinates":[79.86602289180802,6.827661088774786]}},{"type":"Feature","properties":{"node_id":200,"degree":1,"jtype":"culdesac","gn_name":"Mount Lavinia","inside_primary":true,"inside_gn":true,"in_corridor":false,"stub_length_m":85.0,"neighbor_node_id":287,"neighbor_jtype":"three_way","dist_to_junction_m":85.0,"depth_class":"medium","hex_id":267,"outside_grid":false,"access_score":1.0,"access_tier":"high","analysis_ok":true,"snap_ok":true},"geometry":{"type":"Point","coordinates":[79.86602289180802,6.839220551592518]}},{"type":"Feature","properties":{"node_id":204,"degree":1,"jtype":"culdesac","gn_name":"Mount Lavinia","inside_primary":true,"inside_gn":true,"in_corridor":false,"stub_length_m":125.312,"neighbor_node_id":125,"neighbor_jtype":"three_way","dist_to_junction_m":125.312,"depth_class":"medium","hex_id":252,"outside_grid":false,"access_score":1.0,"access_tier":"high","analysis_ok":true,"snap_ok":true},"geometry":{"type":"Point","coordinates":[79.86603187496085,6.838185919705895]}},{"type":"Feature","properties":{"node_id":217,"degree":1,"jtype":"culdesac","gn_name":"Wedikanda","inside_primary":true,"inside_gn":true,"in_corridor":false,"stub_length_m":109.673,"neighbor_node_id":142,"neighbor_jtype":"three_way","dist_to_junction_m":109.673,"depth_class":"medium","hex_id":32,"outside_grid":false,"access_score":0.6667,"access_tier":"medium","analysis_ok":true,"snap_ok":true},"geometry":{"type":"Point","coordinates":[79.86611272333644,6.823281620564229]}},{"type":"Feature","properties":{"node_id":218,"degree":1,"jtype":"culdesac","gn_name":"Mount Lavinia","inside_primary":true,"inside_gn":true,"in_corridor":false,"stub_length_m":43.012,"neighbor_node_id":222,"neighbor_jtype":"three_way","dist_to_junction_m":43.012,"depth_class":"short","hex_id":132,"outside_grid":false,"access_score":1.0,"access_tier":"high","analysis_ok":true,"snap_ok":true},"geometry":{"type":"Point","coordinates":[79.86611272333644,6.83116641836303]}},{"type":"Feature","properties":{"node_id":219,"degree":1,"jtype":"culdesac","gn_name":"Mount Lavinia","inside_primary":true,"inside_gn":true,"in_corridor":false,"stub_length_m":35.136,"neighbor_node_id":215,"neighbor_jtype":"three_way","dist_to_junction_m":35.136,"depth_class":"short","hex_id":147,"outside_grid":false,"access_score":1.0,"access_tier":"high","analysis_ok":true,"snap_ok":true},"geometry":{"type":"Point","coordinates":[79.86611272333644,6.832156468632737]}},{"type":"Feature","properties":{"node_id":223,"degree":1,"jtype":"culdesac","gn_name":"Wedikanda","inside_primary":true,"inside_gn":true,"in_corridor":false,"stub_length_m":131.411,"neighbor_node_id":147,"neighbor_jtype":"three_way","dist_to_junction_m":131.411,"depth_class":"medium","hex_id":32,"outside_grid":false,"access_score":0.6667,"access_tier":"medium","analysis_ok":true,"snap_ok":true},"geometry":{"type":"Point","coordinates":[79.86613068964212,6.822621575038214]}},{"type":"Feature","properties":{"node_id":234,"degree":1,"jtype":"culdesac","gn_name":"Wedikanda","inside_primary":true,"inside_gn":true,"in_corridor":false,"stub_length_m":93.079,"neighbor_node_id":179,"neighbor_jtype":"three_way","dist_to_junction_m":93.079,"depth_class":"medium","hex_id":22,"outside_grid":false,"access_score":0.6667,"access_tier":"medium","analysis_ok":true,"snap_ok":true},"geometry":{"type":"Point","coordinates":[79.86631933585178,6.821845574404947]}},{"type":"Feature","properties":{"node_id":239,"degree":1,"jtype":"culdesac","gn_name":"Mount Lavinia","inside_primary":true,"inside_gn":true,"in_corridor":false,"stub_length_m":46.395,"neighbor_node_id":233,"neighbor_jtype":"three_way","dist_to_junction_m":46.395,"depth_class":"short","hex_id":210,"outside_grid":false,"access_score":1.0,"access_tier":"high","analysis_ok":true,"snap_ok":true},"geometry":{"type":"Point","coordinates":[79.86636425161599,6.835608249486304]}},{"type":"Feature","properties":{"node_id":241,"degree":1,"jtype":"culdesac","gn_name":"Mount Lavinia","inside_primary":true,"inside_gn":true,"in_corridor":true,"stub_length_m":24.187,"neighbor_node_id":245,"neighbor_jtype":"three_way","dist_to_junction_m":24.187,"depth_class":"short","hex_id":337,"outside_grid":false,"access_score":1.0,"access_tier":"high","analysis_ok":true,"snap_ok":true},"geometry":{"type":"Point","coordinates":[79.86637323476883,6.842217403720952]}},{"type":"Feature","properties":{"node_id":248,"degree":1,"jtype":"culdesac","gn_name":"Kawdana West","inside_primary":true,"inside_gn":true,"in_corridor":true,"stub_length_m":23.087,"neighbor_node_id":247,"neighbor_jtype":"three_way","dist_to_junction_m":23.087,"depth_class":"short","hex_id":423,"outside_grid":false,"access_score":1.0,"access_tier":"high","analysis_ok":true,"snap_ok":true},"geometry":{"type":"Point","coordinates":[79.8664540831444,6.847015895635762]}},{"type":"Feature","properties":{"node_id":249,"degree":1,"jtype":"culdesac","gn_name":"Wedikanda","inside_primary":true,"inside_gn":true,"in_corridor":false,"stub_length_m":70.036,"neighbor_node_id":317,"neighbor_jtype":"three_way","dist_to_junction_m":70.036,"depth_class":"medium","hex_id":117,"outside_grid":false,"access_score":1.0,"access_tier":"high","analysis_ok":true,"snap_ok":true},"geometry":{"type":"Point","coordinates":[79.86646306629724,6.8298374287430965]}},{"type":"Feature","properties":{"node_id":258,"degree":1,"jtype":"culdesac","gn_name":"Wedikanda","inside_primary":true,"inside_gn":true,"in_corridor":false,"stub_length_m":38.013,"neighbor_node_id":256,"neighbor_jtype":"three_way","dist_to_junction_m":38.013,"depth_class":"short","hex_id":76,"outside_grid":false,"access_score":0.6667,"access_tier":"medium","analysis_ok":true,"snap_ok":true},"geometry":{"type":"Point","coordinates":[79.8665439146728,6.827411344210852]}},{"type":"Feature","properties":{"node_id":259,"degree":1,"jtype":"culdesac","gn_name":"Kawdana West","inside_primary":true,"inside_gn":true,"in_corridor":true,"stub_length_m":43.186,"neighbor_node_id":264,"neighbor_jtype":"three_way","dist_to_junction_m":43.186,"depth_class":"short","hex_id":423,"outside_grid":false,"access_score":1.0,"access_tier":"high","analysis_ok":true,"snap_ok":true},"geometry":{"type":"Point","coordinates":[79.8665439146728,6.847212115468002]}},{"type":"Feature","properties":{"node_id":267,"degree":1,"jtype":"culdesac","gn_name":"Kawdana West","inside_primary":true,"inside_gn":true,"in_corridor":false,"stub_length_m":22.091,"neighbor_node_id":262,"neighbor_jtype":"three_way","dist_to_junction_m":22.091,"depth_class":"short","hex_id":423,"outside_grid":false,"access_score":1.0,"access_tier":"high","analysis_ok":true,"snap_ok":true},"geometry":{"type":"Point","coordinates":[79.86658883043701,6.846998057465194]}},{"type":"Feature","properties":{"node_id":269,"degree":1,"jtype":"culdesac","gn_name":"Wedikanda","inside_primary":true,"inside_gn":true,"in_corridor":false,"stub_length_m":82.841,"neighbor_node_id":265,"neighbor_jtype":"three_way","dist_to_junction_m":82.841,"depth_class":"medium","hex_id":13,"outside_grid":false,"access_score":0.3333,"access_tier":"low","analysis_ok":true,"snap_ok":true},"geometry":{"type":"Point","coordinates":[79.86662476304838,6.8212568834306575]}},{"type":"Feature","properties":{"node_id":270,"degree":1,"jtype":"culdesac","gn_name":"Mount Lavinia","inside_primary":true,"inside_gn":true,"in_corridor":true,"stub_length_m":22.136,"neighbor_node_id":277,"neighbor_jtype":"three_way","dist_to_junction_m":22.136,"depth_class":"short","hex_id":319,"outside_grid":false,"access_score":1.0,"access_tier":"high","analysis_ok":true,"snap_ok":true},"geometry":{"type":"Point","coordinates":[79.86663374620122,6.842235242070177]}},{"type":"Feature","properties":{"node_id":271,"degree":1,"jtype":"culdesac","gn_name":"Wedikanda","inside_primary":true,"inside_gn":true,"in_corridor":false,"stub_length_m":186.82,"neighbor_node_id":415,"neighbor_jtype":"three_way","dist_to_junction_m":186.82,"depth_class":"long","hex_id":77,"outside_grid":false,"access_score":1.0,"access_tier":"high","analysis_ok":true,"snap_ok":true},"geometry":{"type":"Point","coordinates":[79.86664272935406,6.827830558226081]}},{"type":"Feature","properties":{"node_id":273,"degree":1,"jtype":"culdesac","gn_name":"Mount Lavinia","inside_primary":true,"inside_gn":true,"in_corridor":false,"stub_length_m":73.773,"neighbor_node_id":285,"neighbor_jtype":"three_way","dist_to_junction_m":73.773,"depth_class":"medium","hex_id":132,"outside_grid":false,"access_score":1.0,"access_tier":"high","analysis_ok":true,"snap_ok":true},"geometry":{"type":"Point","coordinates":[79.8666696788126,6.830925595014559]}},{"type":"Feature","properties":{"node_id":279,"degree":1,"jtype":"culdesac","gn_name":"Mount Lavinia","inside_primary":true,"inside_gn":true,"in_corridor":false,"stub_length_m":53.848,"neighbor_node_id":284,"neighbor_jtype":"three_way","dist_to_junction_m":53.848,"depth_class":"medium","hex_id":211,"outside_grid":false,"access_score":1.0,"access_tier":"high","analysis_ok":true,"snap_ok":true},"geometry":{"type":"Point","coordinates":[79.8667145945768,6.8355636529933745]}},{"type":"Feature","properties":{"node_id":280,"degree":1,"jtype":"culdesac","gn_name":"Kawdana West","inside_primary":true,"inside_gn":true,"in_corridor":false,"stub_length_m":23.087,"neighbor_node_id":278,"neighbor_jtype":"three_way","dist_to_junction_m":23.087,"depth_class":"short","hex_id":411,"outside_grid":false,"access_score":1.0,"access_tier":"high","analysis_ok":true,"snap_ok":true},"geometry":{"type":"Point","coordinates":[79.8667145945768,6.8469891383796595]}},{"type":"Feature","properties":{"node_id":282,"degree":1,"jtype":"culdesac","gn_name":"Kawdana West","inside_primary":true,"inside_gn":true,"in_corridor":true,"stub_length_m":39.952,"neighbor_node_id":244,"neighbor_jtype":"three_way","dist_to_junction_m":39.952,"depth_class":"short","hex_id":357,"outside_grid":false,"access_score":1.0,"access_tier":"high","analysis_ok":true,"snap_ok":true},"geometry":{"type":"Point","coordinates":[79.86674154403532,6.844179618140167]}},{"type":"Feature","properties":{"node_id":286,"degree":1,"jtype":"culdesac","gn_name":"Kawdana West","inside_primary":true,"inside_gn":true,"in_corridor":false,"stub_length_m":35.244,"neighbor_node_id":281,"neighbor_jtype":"three_way","dist_to_junction_m":35.244,"depth_class":"short","hex_id":395,"outside_grid":false,"access_score":1.0,"access_tier":"high","analysis_ok":true,"snap_ok":true},"geometry":{"type":"Point","coordinates":[79.86676849349385,6.845285589986011]}},{"type":"Feature","properties":{"node_id":288,"degree":1,"jtype":"culdesac","gn_name":"Kawdana West","inside_primary":true,"inside_gn":true,"in_corridor":false,"stub_length_m":67.186,"neighbor_node_id":224,"neighbor_jtype":"three_way","dist_to_junction_m":67.186,"depth_class":"medium","hex_id":411,"outside_grid":false,"access_score":1.0,"access_tier":"high","analysis_ok":true,"snap_ok":true},"geometry":{"type":"Point","coordinates":[79.86677747664669,6.846284530095655]}},{"type":"Feature","properties":{"node_id":289,"degree":1,"jtype":"culdesac","gn_name":"Wedikanda","inside_primary":true,"inside_gn":true,"in_corridor":false,"stub_length_m":84.865,"neighbor_node_id":253,"neighbor_jtype":"three_way","dist_to_junction_m":84.865,"depth_class":"medium","hex_id":42,"outside_grid":false,"access_score":0.8333,"access_tier":"high","analysis_ok":true,"snap_ok":true},"geometry":{"type":"Point","coordinates":[79.86678645979953,6.824128974973333]}},{"type":"Feature","properties":{"node_id":291,"degree":1,"jtype":"culdesac","gn_name":"Wedikanda","inside_primary":true,"inside_gn":true,"in_corridor":false,"stub_length_m":68.242,"neighbor_node_id":321,"neighbor_jtype":"three_way","dist_to_junction_m":68.242,"depth_class":"medium","hex_id":51,"outside_grid":false,"access_score":0.8333,"access_tier":"high","analysis_ok":true,"snap_ok":true},"geometry":{"type":"Point","coordinates":[79.8668044261052,6.825600692224757]}},{"type":"Feature","properties":{"node_id":293,"degree":1,"jtype":"culdesac","gn_name":"Wedikanda","inside_primary":true,"inside_gn":true,"in_corridor":false,"stub_length_m":59.416,"neighbor_node_id":243,"neighbor_jtype":"three_way","dist_to_junction_m":59.416,"depth_class":"medium","hex_id":33,"outside_grid":false,"access_score":0.6667,"access_tier":"medium","analysis_ok":true,"snap_ok":true},"geometry":{"type":"Point","coordinates":[79.86683137556373,6.823798952908075]}},{"type":"Feature","properties":{"node_id":294,"degree":1,"jtype":"culdesac","gn_name":"Kawdana West","inside_primary":true,"inside_gn":true,"in_corridor":false,"stub_length_m":17.029,"neighbor_node_id":278,"neighbor_jtype":"three_way","dist_to_junction_m":17.029,"depth_class":"short","hex_id":411,"outside_grid":false,"access_score":1.0,"access_tier":"high","analysis_ok":true,"snap_ok":true},"geometry":{"type":"Point","coordinates":[79.86684934186941,6.846775080276823]}},{"type":"Feature","properties":{"node_id":304,"degree":1,"jtype":"culdesac","gn_name":"Wedikanda","inside_primary":true,"inside_gn":true,"in_corridor":false,"stub_length_m":60.328,"neighbor_node_id":310,"neighbor_jtype":"three_way","dist_to_junction_m":60.328,"depth_class":"medium","hex_id":77,"outside_grid":false,"access_score":1.0,"access_tier":"high","analysis_ok":true,"snap_ok":true},"geometry":{"type":"Point","coordinates":[79.86693917339782,6.827438102563223]}},{"type":"Feature","properties":{"node_id":314,"degree":1,"jtype":"culdesac","gn_name":"Kawdana West","inside_primary":true,"inside_gn":true,"in_corridor":false,"stub_length_m":48.177,"neighbor_node_id":318,"neighbor_jtype":"three_way","dist_to_junction_m":48.177,"depth_class":"short","hex_id":357,"outside_grid":false,"access_score":1.0,"access_tier":"high","analysis_ok":true,"snap_ok":true},"geometry":{"type":"Point","coordinates":[79.8670649375376,6.844197456416077]}},{"type":"Feature","properties":{"node_id":315,"degree":1,"jtype":"culdesac","gn_name":"Wedikanda","inside_primary":true,"inside_gn":true,"in_corridor":false,"stub_length_m":95.752,"neighbor_node_id":229,"neighbor_jtype":"three_way","dist_to_junction_m":95.752,"depth_class":"medium","hex_id":88,"outside_grid":false,"access_score":1.0,"access_tier":"high","analysis_ok":true,"snap_ok":true},"geometry":{"type":"Point","coordinates":[79.86707392069044,6.828981165018779]}},{"type":"Feature","properties":{"node_id":316,"degree":1,"jtype":"culdesac","gn_name":"Kawdana West","inside_primary":true,"inside_gn":true,"in_corridor":false,"stub_length_m":36.688,"neighbor_node_id":309,"neighbor_jtype":"three_way","dist_to_junction_m":36.688,"depth_class":"short","hex_id":411,"outside_grid":false,"access_score":1.0,"access_tier":"high","analysis_ok":true,"snap_ok":true},"geometry":{"type":"Point","coordinates":[79.86707392069044,6.846525345702151]}},{"type":"Feature","properties":{"node_id":319,"degree":1,"jtype":"culdesac","gn_name":"Wedikanda","inside_primary":true,"inside_gn":true,"in_corridor":false,"stub_length_m":89.808,"neighbor_node_id":235,"neighbor_jtype":"three_way","dist_to_junction_m":89.808,"depth_class":"medium","hex_id":88,"outside_grid":false,"access_score":1.0,"access_tier":"high","analysis_ok":true,"snap_ok":true},"geometry":{"type":"Point","coordinates":[79.86711883645465,6.828651146299216]}},{"type":"Feature","properties":{"node_id":325,"degree":1,"jtype":"culdesac","gn_name":"Wedikanda","inside_primary":true,"inside_gn":true,"in_corridor":false,"stub_length_m":66.14,"neighbor_node_id":389,"neighbor_jtype":"four_way","dist_to_junction_m":66.14,"depth_class":"medium","hex_id":88,"outside_grid":false,"access_score":1.0,"access_tier":"high","analysis_ok":true,"snap_ok":true},"geometry":{"type":"Point","coordinates":[79.86727155005296,6.828401402252019]}},{"type":"Feature","properties":{"node_id":326,"degree":1,"jtype":"culdesac","gn_name":"Wedikanda","inside_primary":true,"inside_gn":true,"in_corridor":false,"stub_length_m":84.202,"neighbor_node_id":403,"neighbor_jtype":"three_way","dist_to_junction_m":84.202,"depth_class":"medium","hex_id":103,"outside_grid":false,"access_score":1.0,"access_tier":"high","analysis_ok":true,"snap_ok":true},"geometry":{"type":"Point","coordinates":[79.8672805332058,6.829614443545808]}},{"type":"Feature","properties":{"node_id":327,"degree":1,"jtype":"culdesac","gn_name":"Mount Lavinia","inside_primary":true,"inside_gn":true,"in_corridor":true,"stub_length_m":101.84,"neighbor_node_id":240,"neighbor_jtype":"four_way","dist_to_junction_m":101.84,"depth_class":"medium","hex_id":182,"outside_grid":false,"access_score":1.0,"access_tier":"high","analysis_ok":true,"snap_ok":true},"geometry":{"type":"Point","coordinates":[79.8672805332058,6.834020611775497]}},{"type":"Feature","properties":{"node_id":328,"degree":1,"jtype":"culdesac","gn_name":"Kawdana West","inside_primary":true,"inside_gn":true,"in_corridor":false,"stub_length_m":31.048,"neighbor_node_id":323,"neighbor_jtype":"three_way","dist_to_junction_m":31.048,"depth_class":"short","hex_id":411,"outside_grid":false,"access_score":1.0,"access_tier":"high","analysis_ok":true,"snap_ok":true},"geometry":{"type":"Point","coordinates":[79.8672805332058,6.846409397462342]}},{"type":"Feature","properties":{"node_id":334,"degree":1,"jtype":"culdesac","gn_name":"Wedikanda","inside_primary":true,"inside_gn":true,"in_corridor":false,"stub_length_m":57.706,"neighbor_node_id":346,"neighbor_jtype":"three_way","dist_to_junction_m":57.706,"depth_class":"medium","hex_id":78,"outside_grid":false,"access_score":1.0,"access_tier":"high","analysis_ok":true,"snap_ok":true},"geometry":{"type":"Point","coordinates":[79.86735239842852,6.827384585856986]}},{"type":"Feature","properties":{"node_id":335,"degree":1,"jtype":"culdesac","gn_name":"Kawdana West","inside_primary":true,"inside_gn":true,"in_corridor":false,"stub_length_m":65.256,"neighbor_node_id":392,"neighbor_jtype":"three_way","dist_to_junction_m":65.256,"depth_class":"medium","hex_id":411,"outside_grid":false,"access_score":1.0,"access_tier":"high","analysis_ok":true,"snap_ok":true},"geometry":{"type":"Point","coordinates":[79.86735239842852,6.846694808463503]}},{"type":"Feature","properties":{"node_id":336,"degree":1,"jtype":"culdesac","gn_name":"Wedikanda","inside_primary":true,"inside_gn":true,"in_corridor":false,"stub_length_m":45.239,"neighbor_node_id":369,"neighbor_jtype":"three_way","dist_to_junction_m":45.239,"depth_class":"short","hex_id":61,"outside_grid":false,"access_score":0.8333,"access_tier":"excluded","analysis_ok":false,"snap_ok":true},"geometry":{"type":"Point","coordinates":[79.86736138158136,6.825663128614165]}},{"type":"Feature","properties":{"node_id":337,"degree":1,"jtype":"culdesac","gn_name":"Kawdana West","inside_primary":true,"inside_gn":true,"in_corridor":false,"stub_length_m":108.361,"neighbor_node_id":246,"neighbor_jtype":"three_way","dist_to_junction_m":108.361,"depth_class":"medium","hex_id":357,"outside_grid":false,"access_score":1.0,"access_tier":"high","analysis_ok":true,"snap_ok":true},"geometry":{"type":"Point","coordinates":[79.86736138158136,6.843849609915598]}},{"type":"Feature","properties":{"node_id":341,"degree":1,"jtype":"culdesac","gn_name":"Wedikanda","inside_primary":true,"inside_gn":true,"in_corridor":false,"stub_length_m":37.947,"neighbor_node_id":376,"neighbor_jtype":"three_way","dist_to_junction_m":37.947,"depth_class":"short","hex_id":43,"outside_grid":false,"access_score":0.8333,"access_tier":"high","analysis_ok":true,"snap_ok":true},"geometry":{"type":"Point","coordinates":[79.86740629734557,6.823620562507818]}},{"type":"Feature","properties":{"node_id":349,"degree":1,"jtype":"culdesac","gn_name":"Kawdana West","inside_primary":true,"inside_gn":true,"in_corridor":false,"stub_length_m":85.693,"neighbor_node_id":373,"neighbor_jtype":"three_way","dist_to_junction_m":85.693,"depth_class":"medium","hex_id":425,"outside_grid":false,"access_score":1.0,"access_tier":"high","analysis_ok":true,"snap_ok":true},"geometry":{"type":"Point","coordinates":[79.86746019626261,6.847140762811069]}},{"type":"Feature","properties":{"node_id":350,"degree":1,"jtype":"culdesac","gn_name":"Kawdana West","inside_primary":true,"inside_gn":true,"in_corridor":false,"stub_length_m":77.379,"neighbor_node_id":331,"neighbor_jtype":"three_way","dist_to_junction_m":77.379,"depth_class":"medium","hex_id":396,"outside_grid":false,"access_score":1.0,"access_tier":"high","analysis_ok":true,"snap_ok":true},"geometry":{"type":"Point","coordinates":[79.86746917941545,6.844946663402349]}},{"type":"Feature","properties":{"node_id":356,"degree":1,"jtype":"culdesac","gn_name":"Wedikanda","inside_primary":true,"inside_gn":true,"in_corridor":false,"stub_length_m":79.224,"neighbor_node_id":389,"neighbor_jtype":"four_way","dist_to_junction_m":79.224,"depth_class":"medium","hex_id":104,"outside_grid":false,"access_score":0.1667,"access_tier":"low","analysis_ok":true,"snap_ok":true},"geometry":{"type":"Point","coordinates":[79.86750511202682,6.828883051369173]}},{"type":"Feature","properties":{"node_id":359,"degree":1,"jtype":"culdesac","gn_name":"Kawdana West","inside_primary":true,"inside_gn":true,"in_corridor":false,"stub_length_m":33.615,"neighbor_node_id":340,"neighbor_jtype":"three_way","dist_to_junction_m":33.615,"depth_class":"short","hex_id":412,"outside_grid":false,"access_score":1.0,"access_tier":"high","analysis_ok":true,"snap_ok":true},"geometry":{"type":"Point","coordinates":[79.86751409517966,6.846355882880618]}},{"type":"Feature","properties":{"node_id":362,"degree":1,"jtype":"culdesac","gn_name":"Wedikanda","inside_primary":true,"inside_gn":true,"in_corridor":false,"stub_length_m":45.657,"neighbor_node_id":383,"neighbor_jtype":"three_way","dist_to_junction_m":45.657,"depth_class":"short","hex_id":61,"outside_grid":false,"access_score":0.8333,"access_tier":"excluded","analysis_ok":false,"snap_ok":true},"geometry":{"type":"Point","coordinates":[79.86755002779103,6.825788001368547]}},{"type":"Feature","properties":{"node_id":365,"degree":1,"jtype":"culdesac","gn_name":"Kawdana West","inside_primary":true,"inside_gn":true,"in_corridor":false,"stub_length_m":129.423,"neighbor_node_id":393,"neighbor_jtype":"three_way","dist_to_junction_m":129.423,"depth_class":"medium","hex_id":425,"outside_grid":false,"access_score":1.0,"access_tier":"high","analysis_ok":true,"snap_ok":true},"geometry":{"type":"Point","coordinates":[79.86755002779103,6.846891028427779]}},{"type":"Feature","properties":{"node_id":374,"degree":1,"jtype":"culdesac","gn_name":"Wedikanda","inside_primary":true,"inside_gn":true,"in_corridor":false,"stub_length_m":55.344,"neighbor_node_id":409,"neighbor_jtype":"three_way","dist_to_junction_m":55.344,"depth_class":"medium","hex_id":104,"outside_grid":false,"access_score":0.1667,"access_tier":"low","analysis_ok":true,"snap_ok":true},"geometry":{"type":"Point","coordinates":[79.86770274138932,6.829302264094994]}},{"type":"Feature","properties":{"node_id":379,"degree":1,"jtype":"culdesac","gn_name":"Watarappala","inside_primary":true,"inside_gn":true,"in_corridor":true,"stub_length_m":36.346,"neighbor_node_id":345,"neighbor_jtype":"three_way","dist_to_junction_m":36.346,"depth_class":"short","hex_id":285,"outside_grid":false,"access_score":1.0,"access_tier":"high","analysis_ok":true,"snap_ok":true},"geometry":{"type":"Point","coordinates":[79.86774765715353,6.840219504391314]}},{"type":"Feature","properties":{"node_id":381,"degree":1,"jtype":"culdesac","gn_name":"Kawdana West","inside_primary":true,"inside_gn":true,"in_corridor":false,"stub_length_m":160.674,"neighbor_node_id":252,"neighbor_jtype":"three_way","dist_to_junction_m":160.674,"depth_class":"long","hex_id":358,"outside_grid":false,"access_score":1.0,"access_tier":"high","analysis_ok":true,"snap_ok":true},"geometry":{"type":"Point","coordinates":[79.8677656234592,6.843751499318356]}},{"type":"Feature","properties":{"node_id":382,"degree":1,"jtype":"culdesac","gn_name":"Wedikanda","inside_primary":true,"inside_gn":true,"in_corridor":false,"stub_length_m":21.84,"neighbor_node_id":376,"neighbor_jtype":"three_way","dist_to_junction_m":21.84,"depth_class":"short","hex_id":43,"outside_grid":false,"access_score":0.8333,"access_tier":"high","analysis_ok":true,"snap_ok":true},"geometry":{"type":"Point","coordinates":[79.86777460661204,6.82354028680602]}},{"type":"Feature","properties":{"node_id":387,"degree":1,"jtype":"culdesac","gn_name":"Wedikanda","inside_primary":true,"inside_gn":true,"in_corridor":false,"stub_length_m":69.642,"neighbor_node_id":435,"neighbor_jtype":"three_way","dist_to_junction_m":69.642,"depth_class":"medium","hex_id":89,"outside_grid":false,"access_score":1.0,"access_tier":"high","analysis_ok":true,"snap_ok":true},"geometry":{"type":"Point","coordinates":[79.8678464718348,6.828535193722085]}},{"type":"Feature","properties":{"node_id":388,"degree":1,"jtype":"culdesac","gn_name":"Kawdana West","inside_primary":true,"inside_gn":true,"in_corridor":false,"stub_length_m":52.198,"neighbor_node_id":390,"neighbor_jtype":"three_way","dist_to_junction_m":52.198,"depth_class":"medium","hex_id":339,"outside_grid":false,"access_score":1.0,"access_tier":"high","analysis_ok":true,"snap_ok":true},"geometry":{"type":"Point","coordinates":[79.8678464718348,6.842574170578814]}},{"type":"Feature","properties":{"node_id":396,"degree":1,"jtype":"culdesac","gn_name":"Wedikanda","inside_primary":true,"inside_gn":true,"in_corridor":false,"stub_length_m":29.614,"neighbor_node_id":402,"neighbor_jtype":"three_way","dist_to_junction_m":29.614,"depth_class":"short","hex_id":24,"outside_grid":false,"access_score":0.6667,"access_tier":"medium","analysis_ok":true,"snap_ok":true},"geometry":{"type":"Point","coordinates":[79.86792732021036,6.8224521037428625]}},{"type":"Feature","properties":{"node_id":397,"degree":1,"jtype":"culdesac","gn_name":"Wathumulla","inside_primary":true,"inside_gn":true,"in_corridor":false,"stub_length_m":57.777,"neighbor_node_id":347,"neighbor_jtype":"three_way","dist_to_junction_m":57.777,"depth_class":"medium","hex_id":226,"outside_grid":false,"access_score":1.0,"access_tier":"high","analysis_ok":true,"snap_ok":true},"geometry":{"type":"Point","coordinates":[79.86795426966889,6.836642886954147]}},{"type":"Feature","properties":{"node_id":399,"degree":1,"jtype":"culdesac","gn_name":"Wedikanda","inside_primary":true,"inside_gn":true,"in_corridor":false,"stub_length_m":51.264,"neighbor_node_id":410,"neighbor_jtype":"three_way","dist_to_junction_m":51.264,"depth_class":"medium","hex_id":15,"outside_grid":false,"access_score":0.6667,"access_tier":"excluded","analysis_ok":false,"snap_ok":true},"geometry":{"type":"Point","coordinates":[79.86797223597456,6.821515550766052]}},{"type":"Feature","properties":{"node_id":401,"degree":1,"jtype":"culdesac","gn_name":"Kawdana West","inside_primary":true,"inside_gn":true,"in_corridor":false,"stub_length_m":52.598,"neighbor_node_id":370,"neighbor_jtype":"three_way","dist_to_junction_m":52.598,"depth_class":"medium","hex_id":377,"outside_grid":false,"access_score":1.0,"access_tier":"high","analysis_ok":true,"snap_ok":true},"geometry":{"type":"Point","coordinates":[79.86797223597456,6.844714766127495]}},{"type":"Feature","properties":{"node_id":405,"degree":1,"jtype":"culdesac","gn_name":"Wedikanda","inside_primary":true,"inside_gn":true,"in_corridor":false,"stub_length_m":26.683,"neighbor_node_id":402,"neighbor_jtype":"three_way","dist_to_junction_m":26.683,"depth_class":"short","hex_id":24,"outside_grid":false,"access_score":0.6667,"access_tier":"medium","analysis_ok":true,"snap_ok":true},"geometry":{"type":"Point","coordinates":[79.86803511804445,6.821961528602467]}},{"type":"Feature","properties":{"node_id":407,"degree":1,"jtype":"culdesac","gn_name":"Wathumulla","inside_primary":true,"inside_gn":true,"in_corridor":false,"stub_length_m":40.324,"neighbor_node_id":408,"neighbor_jtype":"three_way","dist_to_junction_m":40.324,"depth_class":"short","hex_id":212,"outside_grid":false,"access_score":1.0,"access_tier":"high","analysis_ok":true,"snap_ok":true},"geometry":{"type":"Point","coordinates":[79.86805308435014,6.835599330188052]}},{"type":"Feature","properties":{"node_id":411,"degree":1,"jtype":"culdesac","gn_name":"Wathumulla","inside_primary":true,"inside_gn":true,"in_corridor":false,"stub_length_m":66.601,"neighbor_node_id":363,"neighbor_jtype":"three_way","dist_to_junction_m":66.601,"depth_class":"medium","hex_id":135,"outside_grid":false,"access_score":1.0,"access_tier":"high","analysis_ok":true,"snap_ok":true},"geometry":{"type":"Point","coordinates":[79.86814291587855,6.831585629087776]}},{"type":"Feature","properties":{"node_id":414,"degree":1,"jtype":"culdesac","gn_name":"Kawdana West","inside_primary":true,"inside_gn":true,"in_corridor":false,"stub_length_m":117.731,"neighbor_node_id":488,"neighbor_jtype":"three_way","dist_to_junction_m":117.731,"depth_class":"medium","hex_id":359,"outside_grid":false,"access_score":0.8333,"access_tier":"high","analysis_ok":true,"snap_ok":true},"geometry":{"type":"Point","coordinates":[79.86816986533707,6.843956639635048]}},{"type":"Feature","properties":{"node_id":417,"degree":1,"jtype":"culdesac","gn_name":"Kawdana West","inside_primary":true,"inside_gn":true,"in_corridor":false,"stub_length_m":257.258,"neighbor_node_id":534,"neighbor_jtype":"three_way","dist_to_junction_m":257.258,"depth_class":"long","hex_id":412,"outside_grid":false,"access_score":1.0,"access_tier":"high","analysis_ok":true,"snap_ok":true},"geometry":{"type":"Point","coordinates":[79.8681788484899,6.846284530095655]}},{"type":"Feature","properties":{"node_id":423,"degree":1,"jtype":"culdesac","gn_name":"Wedikanda","inside_primary":true,"inside_gn":true,"in_corridor":false,"stub_length_m":46.909,"neighbor_node_id":434,"neighbor_jtype":"three_way","dist_to_junction_m":46.909,"depth_class":"short","hex_id":16,"outside_grid":false,"access_score":0.6667,"access_tier":"excluded","analysis_ok":false,"snap_ok":true},"geometry":{"type":"Point","coordinates":[79.86829562947685,6.821765298405605]}},{"type":"Feature","properties":{"node_id":426,"degree":1,"jtype":"culdesac","gn_name":"Wathumulla","inside_primary":true,"inside_gn":true,"in_corridor":false,"stub_length_m":99.081,"neighbor_node_id":490,"neighbor_jtype":"three_way","dist_to_junction_m":99.081,"depth_class":"medium","hex_id":167,"outside_grid":false,"access_score":1.0,"access_tier":"high","analysis_ok":true,"snap_ok":true},"geometry":{"type":"Point","coordinates":[79.86831359578252,6.83337841974309]}},{"type":"Feature","properties":{"node_id":427,"degree":1,"jtype":"culdesac","gn_name":"Watarappala","inside_primary":true,"inside_gn":true,"in_corridor":false,"stub_length_m":92.684,"neighbor_node_id":357,"neighbor_jtype":"three_way","dist_to_junction_m":92.684,"depth_class":"medium","hex_id":240,"outside_grid":false,"access_score":1.0,"access_tier":"high","analysis_ok":true,"snap_ok":true},"geometry":{"type":"Point","coordinates":[79.86834054524104,6.837383186526225]}},{"type":"Feature","properties":{"node_id":429,"degree":1,"jtype":"culdesac","gn_name":"Watarappala","inside_primary":true,"inside_gn":true,"in_corridor":false,"stub_length_m":44.181,"neighbor_node_id":398,"neighbor_jtype":"three_way","dist_to_junction_m":44.181,"depth_class":"short","hex_id":321,"outside_grid":false,"access_score":1.0,"access_tier":"high","analysis_ok":true,"snap_ok":true},"geometry":{"type":"Point","coordinates":[79.86835851154675,6.841914151682188]}},{"type":"Feature","properties":{"node_id":430,"degree":1,"jtype":"culdesac","gn_name":"Wedikanda","inside_primary":true,"inside_gn":true,"in_corridor":false,"stub_length_m":63.906,"neighbor_node_id":418,"neighbor_jtype":"three_way","dist_to_junction_m":63.906,"depth_class":"medium","hex_id":25,"outside_grid":false,"access_score":0.6667,"access_tier":"medium","analysis_ok":true,"snap_ok":true},"geometry":{"type":"Point","coordinates":[79.8683944441581,6.82259481641662]}},{"type":"Feature","properties":{"node_id":431,"degree":1,"jtype":"culdesac","gn_name":"Wedikanda","inside_primary":true,"inside_gn":true,"in_corridor":false,"stub_length_m":87.379,"neighbor_node_id":421,"neighbor_jtype":"three_way","dist_to_junction_m":87.379,"depth_class":"medium","hex_id":79,"outside_grid":false,"access_score":1.0,"access_tier":"high","analysis_ok":true,"snap_ok":true},"geometry":{"type":"Point","coordinates":[79.8683944441581,6.827607572093487]}},{"type":"Feature","properties":{"node_id":433,"degree":1,"jtype":"culdesac","gn_name":"Watarappala","inside_primary":true,"inside_gn":true,"in_corridor":false,"stub_length_m":25.02,"neighbor_node_id":432,"neighbor_jtype":"three_way","dist_to_junction_m":25.02,"depth_class":"short","hex_id":270,"outside_grid":false,"access_score":1.0,"access_tier":"high","analysis_ok":true,"snap_ok":true},"geometry":{"type":"Point","coordinates":[79.86843037676947,6.839800301239066]}},{"type":"Feature","properties":{"node_id":439,"degree":1,"jtype":"culdesac","gn_name":"Wathumulla","inside_primary":true,"inside_gn":true,"in_corridor":false,"stub_length_m":120.663,"neighbor_node_id":348,"neighbor_jtype":"three_way","dist_to_junction_m":120.663,"depth_class":"medium","hex_id":227,"outside_grid":false,"access_score":1.0,"access_tier":"high","analysis_ok":true,"snap_ok":true},"geometry":{"type":"Point","coordinates":[79.86852919145072,6.836794514670735]}},{"type":"Feature","properties":{"node_id":441,"degree":1,"jtype":"culdesac","gn_name":"Watarappala","inside_primary":true,"inside_gn":true,"in_corridor":false,"stub_length_m":81.154,"neighbor_node_id":443,"neighbor_jtype":"three_way","dist_to_junction_m":81.154,"depth_class":"medium","hex_id":303,"outside_grid":false,"access_score":1.0,"access_tier":"high","analysis_ok":true,"snap_ok":true},"geometry":{"type":"Point","coordinates":[79.8685471577564,6.841298727835074]}},{"type":"Feature","properties":{"node_id":445,"degree":1,"jtype":"culdesac","gn_name":"Wedikanda","inside_primary":true,"inside_gn":true,"in_corridor":false,"stub_length_m":101.244,"neighbor_node_id":483,"neighbor_jtype":"four_way","dist_to_junction_m":101.244,"depth_class":"medium","hex_id":25,"outside_grid":false,"access_score":0.6667,"access_tier":"medium","analysis_ok":true,"snap_ok":true},"geometry":{"type":"Point","coordinates":[79.86861902297913,6.822692931355157]}},{"type":"Feature","properties":{"node_id":450,"degree":1,"jtype":"culdesac","gn_name":"Wathumulla","inside_primary":true,"inside_gn":true,"in_corridor":false,"stub_length_m":60.983,"neighbor_node_id":416,"neighbor_jtype":"three_way","dist_to_junction_m":60.983,"depth_class":"medium","hex_id":105,"outside_grid":false,"access_score":1.0,"access_tier":"high","analysis_ok":true,"snap_ok":true},"geometry":{"type":"Point","coordinates":[79.86868190504902,6.829783912305228]}},{"type":"Feature","properties":{"node_id":451,"degree":1,"jtype":"culdesac","gn_name":"Watarappala","inside_primary":true,"inside_gn":true,"in_corridor":false,"stub_length_m":173.186,"neighbor_node_id":368,"neighbor_jtype":"three_way","dist_to_junction_m":173.186,"depth_class":"long","hex_id":270,"outside_grid":false,"access_score":1.0,"access_tier":"high","analysis_ok":true,"snap_ok":true},"geometry":{"type":"Point","coordinates":[79.86868190504902,6.8391670362050565]}},{"type":"Feature","properties":{"node_id":453,"degree":1,"jtype":"culdesac","gn_name":"Kawdana West","inside_primary":true,"inside_gn":true,"in_corridor":false,"stub_length_m":40.2,"neighbor_node_id":454,"neighbor_jtype":"three_way","dist_to_junction_m":40.2,"depth_class":"short","hex_id":340,"outside_grid":false,"access_score":1.0,"access_tier":"high","analysis_ok":true,"snap_ok":true},"geometry":{"type":"Point","coordinates":[79.86872682081322,6.842725796412685]}},{"type":"Feature","properties":{"node_id":459,"degree":1,"jtype":"culdesac","gn_name":"Kawdana West","inside_primary":true,"inside_gn":true,"in_corridor":false,"stub_length_m":50.488,"neighbor_node_id":468,"neighbor_jtype":"three_way","dist_to_junction_m":50.488,"depth_class":"medium","hex_id":340,"outside_grid":false,"access_score":1.0,"access_tier":"high","analysis_ok":true,"snap_ok":true},"geometry":{"type":"Point","coordinates":[79.86885258495299,6.8428328263840745]}},{"type":"Feature","properties":{"node_id":464,"degree":1,"jtype":"culdesac","gn_name":"Wathumulla","inside_primary":true,"inside_gn":true,"in_corridor":false,"stub_length_m":164.245,"neighbor_node_id":343,"neighbor_jtype":"three_way","dist_to_junction_m":164.245,"depth_class":"long","hex_id":228,"outside_grid":false,"access_score":0.8333,"access_tier":"high","analysis_ok":true,"snap_ok":true},"geometry":{"type":"Point","coordinates":[79.86887953441152,6.836196922803001]}},{"type":"Feature","properties":{"node_id":465,"degree":1,"jtype":"culdesac","gn_name":"Kawdana West","inside_primary":true,"inside_gn":true,"in_corridor":true,"stub_length_m":49.366,"neighbor_node_id":458,"neighbor_jtype":"three_way","dist_to_junction_m":49.366,"depth_class":"short","hex_id":426,"outside_grid":false,"access_score":1.0,"access_tier":"excluded","analysis_ok":false,"snap_ok":true},"geometry":{"type":"Point","coordinates":[79.86888851756436,6.8473815779854545]}},{"type":"Feature","properties":{"node_id":474,"degree":1,"jtype":"culdesac","gn_name":"Wathumulla","inside_primary":true,"inside_gn":true,"in_corridor":false,"stub_length_m":77.833,"neighbor_node_id":428,"neighbor_jtype":"three_way","dist_to_junction_m":77.833,"depth_class":"medium","hex_id":106,"outside_grid":false,"access_score":1.0,"access_tier":"high","analysis_ok":true,"snap_ok":true},"geometry":{"type":"Point","coordinates":[79.8690052985513,6.829409297072507]}},{"type":"Feature","properties":{"node_id":477,"degree":1,"jtype":"culdesac","gn_name":"Wedikanda","inside_primary":true,"inside_gn":true,"in_corridor":false,"stub_length_m":82.006,"neighbor_node_id":499,"neighbor_jtype":"three_way","dist_to_junction_m":82.006,"depth_class":"medium","hex_id":26,"outside_grid":false,"access_score":0.6667,"access_tier":"medium","analysis_ok":true,"snap_ok":true},"geometry":{"type":"Point","coordinates":[79.86905919746835,6.822345069209636]}},{"type":"Feature","properties":{"node_id":478,"degree":1,"jtype":"culdesac","gn_name":"Wathumulla","inside_primary":true,"inside_gn":true,"in_corridor":false,"stub_length_m":60.083,"neighbor_node_id":442,"neighbor_jtype":"three_way","dist_to_junction_m":60.083,"depth_class":"medium","hex_id":106,"outside_grid":false,"access_score":1.0,"access_tier":"high","analysis_ok":true,"snap_ok":true},"geometry":{"type":"Point","coordinates":[79.8690681806212,6.828820615399857]}},{"type":"Feature","properties":{"node_id":480,"degree":1,"jtype":"culdesac","gn_name":"Wathumulla","inside_primary":true,"inside_gn":true,"in_corridor":false,"stub_length_m":77.918,"neighbor_node_id":497,"neighbor_jtype":"three_way","dist_to_junction_m":77.918,"depth_class":"medium","hex_id":228,"outside_grid":false,"access_score":0.8333,"access_tier":"high","analysis_ok":true,"snap_ok":true},"geometry":{"type":"Point","coordinates":[79.86908614692688,6.83608097205554]}},{"type":"Feature","properties":{"node_id":484,"degree":1,"jtype":"culdesac","gn_name":"Wathumulla","inside_primary":true,"inside_gn":true,"in_corridor":false,"stub_length_m":80.688,"neighbor_node_id":479,"neighbor_jtype":"three_way","dist_to_junction_m":80.688,"depth_class":"medium","hex_id":121,"outside_grid":false,"access_score":1.0,"access_tier":"high","analysis_ok":true,"snap_ok":true},"geometry":{"type":"Point","coordinates":[79.86913106269108,6.83021204364055]}},{"type":"Feature","properties":{"node_id":486,"degree":1,"jtype":"culdesac","gn_name":"Watarappala","inside_primary":true,"inside_gn":true,"in_corridor":false,"stub_length_m":33.51,"neighbor_node_id":481,"neighbor_jtype":"three_way","dist_to_junction_m":33.51,"depth_class":"short","hex_id":304,"outside_grid":false,"access_score":1.0,"access_tier":"high","analysis_ok":true,"snap_ok":true},"geometry":{"type":"Point","coordinates":[79.8691580121496,6.8408260104284535]}},{"type":"Feature","properties":{"node_id":491,"degree":1,"jtype":"culdesac","gn_name":"Watarappala","inside_primary":true,"inside_gn":true,"in_corridor":false,"stub_length_m":33.136,"neighbor_node_id":487,"neighbor_jtype":"three_way","dist_to_junction_m":33.136,"depth_class":"short","hex_id":271,"outside_grid":false,"access_score":1.0,"access_tier":"high","analysis_ok":true,"snap_ok":true},"geometry":{"type":"Point","coordinates":[79.8692029279138,6.8391670362050565]}},{"type":"Feature","properties":{"node_id":493,"degree":1,"jtype":"culdesac","gn_name":"Watarappala","inside_primary":true,"inside_gn":true,"in_corridor":false,"stub_length_m":46.69,"neighbor_node_id":503,"neighbor_jtype":"three_way","dist_to_junction_m":46.69,"depth_class":"short","hex_id":271,"outside_grid":false,"access_score":1.0,"access_tier":"high","analysis_ok":true,"snap_ok":true},"geometry":{"type":"Point","coordinates":[79.86921191106664,6.838970813066413]}},{"type":"Feature","properties":{"node_id":494,"degree":1,"jtype":"culdesac","gn_name":"Watarappala","inside_primary":true,"inside_gn":true,"in_corridor":false,"stub_length_m":35.057,"neighbor_node_id":492,"neighbor_jtype":"three_way","dist_to_junction_m":35.057,"depth_class":"short","hex_id":322,"outside_grid":false,"access_score":1.0,"access_tier":"high","analysis_ok":true,"snap_ok":true},"geometry":{"type":"Point","coordinates":[79.8692208942195,6.842074696903171]}},{"type":"Feature","properties":{"node_id":496,"degree":1,"jtype":"culdesac","gn_name":"Wathumulla","inside_primary":true,"inside_gn":true,"in_corridor":false,"stub_length_m":87.856,"neighbor_node_id":438,"neighbor_jtype":"three_way","dist_to_junction_m":87.856,"depth_class":"medium","hex_id":106,"outside_grid":false,"access_score":1.0,"access_tier":"high","analysis_ok":true,"snap_ok":true},"geometry":{"type":"Point","coordinates":[79.86923886052517,6.8289365679078164]}},{"type":"Feature","properties":{"node_id":501,"degree":1,"jtype":"culdesac","gn_name":"Wathumulla","inside_primary":true,"inside_gn":true,"in_corridor":false,"stub_length_m":45.1,"neighbor_node_id":462,"neighbor_jtype":"three_way","dist_to_junction_m":45.1,"depth_class":"short","hex_id":214,"outside_grid":false,"access_score":1.0,"access_tier":"high","analysis_ok":true,"snap_ok":true},"geometry":{"type":"Point","coordinates":[79.86927479313654,6.835073091296523]}},{"type":"Feature","properties":{"node_id":504,"degree":1,"jtype":"culdesac","gn_name":"Wathumulla","inside_primary":true,"inside_gn":true,"in_corridor":false,"stub_length_m":127.619,"neighbor_node_id":419,"neighbor_jtype":"three_way","dist_to_junction_m":127.619,"depth_class":"medium","hex_id":121,"outside_grid":false,"access_score":1.0,"access_tier":"high","analysis_ok":true,"snap_ok":true},"geometry":{"type":"Point","coordinates":[79.86930174259506,6.82985526755439]}},{"type":"Feature","properties":{"node_id":511,"degree":1,"jtype":"culdesac","gn_name":"Wedikanda","inside_primary":true,"inside_gn":true,"in_corridor":false,"stub_length_m":32.238,"neighbor_node_id":520,"neighbor_jtype":"three_way","dist_to_junction_m":32.238,"depth_class":"short","hex_id":26,"outside_grid":false,"access_score":0.6667,"access_tier":"medium","analysis_ok":true,"snap_ok":true},"geometry":{"type":"Point","coordinates":[79.86938259097063,6.822416425567778]}},{"type":"Feature","properties":{"node_id":522,"degree":1,"jtype":"culdesac","gn_name":"Watarappala","inside_primary":true,"inside_gn":true,"in_corridor":false,"stub_length_m":91.933,"neighbor_node_id":508,"neighbor_jtype":"three_way","dist_to_junction_m":91.933,"depth_class":"medium","hex_id":287,"outside_grid":false,"access_score":1.0,"access_tier":"high","analysis_ok":true,"snap_ok":true},"geometry":{"type":"Point","coordinates":[79.86964310240303,6.83997868560414]}},{"type":"Feature","properties":{"node_id":523,"degree":1,"jtype":"culdesac","gn_name":"Wathumulla","inside_primary":true,"inside_gn":true,"in_corridor":false,"stub_length_m":63.072,"neighbor_node_id":519,"neighbor_jtype":"three_way","dist_to_junction_m":63.072,"depth_class":"medium","hex_id":92,"outside_grid":false,"access_score":1.0,"access_tier":"high","analysis_ok":true,"snap_ok":true},"geometry":{"type":"Point","coordinates":[79.86965208555587,6.828651146299216]}},{"type":"Feature","properties":{"node_id":533,"degree":1,"jtype":"culdesac","gn_name":"Watarappala","inside_primary":true,"inside_gn":true,"in_corridor":false,"stub_length_m":47.265,"neighbor_node_id":530,"neighbor_jtype":"three_way","dist_to_junction_m":47.265,"depth_class":"short","hex_id":257,"outside_grid":false,"access_score":1.0,"access_tier":"high","analysis_ok":true,"snap_ok":true},"geometry":{"type":"Point","coordinates":[79.869813782307,6.838275112198166]}},{"type":"Feature","properties":{"node_id":538,"degree":1,"jtype":"culdesac","gn_name":"Wathumulla","inside_primary":true,"inside_gn":true,"in_corridor":false,"stub_length_m":63.969,"neighbor_node_id":560,"neighbor_jtype":"three_way","dist_to_junction_m":63.969,"depth_class":"medium","hex_id":229,"outside_grid":false,"access_score":1.0,"access_tier":"high","analysis_ok":true,"snap_ok":true},"geometry":{"type":"Point","coordinates":[79.8699215801411,6.836535855595826]}},{"type":"Feature","properties":{"node_id":543,"degree":1,"jtype":"culdesac","gn_name":"Wathumulla","inside_primary":true,"inside_gn":true,"in_corridor":false,"stub_length_m":90.934,"neighbor_node_id":485,"neighbor_jtype":"three_way","dist_to_junction_m":90.934,"depth_class":"medium","hex_id":186,"outside_grid":false,"access_score":1.0,"access_tier":"high","analysis_ok":true,"snap_ok":true},"geometry":{"type":"Point","coordinates":[79.86993954644679,6.833717354534352]}},{"type":"Feature","properties":{"node_id":544,"degree":1,"jtype":"culdesac","gn_name":"Kawdana West","inside_primary":true,"inside_gn":true,"in_corridor":false,"stub_length_m":59.641,"neighbor_node_id":524,"neighbor_jtype":"three_way","dist_to_junction_m":59.641,"depth_class":"medium","hex_id":361,"outside_grid":false,"access_score":0.8333,"access_tier":"high","analysis_ok":true,"snap_ok":true},"geometry":{"type":"Point","coordinates":[79.8699664959053,6.8440993458903225]}},{"type":"Feature","properties":{"node_id":545,"degree":1,"jtype":"culdesac","gn_name":"Watarappala","inside_primary":true,"inside_gn":true,"in_corridor":false,"stub_length_m":36.346,"neighbor_node_id":540,"neighbor_jtype":"three_way","dist_to_junction_m":36.346,"depth_class":"short","hex_id":272,"outside_grid":false,"access_score":1.0,"access_tier":"high","analysis_ok":true,"snap_ok":true},"geometry":{"type":"Point","coordinates":[79.86997547905814,6.8392473092840005]}},{"type":"Feature","properties":{"node_id":547,"degree":1,"jtype":"culdesac","gn_name":"Wathumulla","inside_primary":true,"inside_gn":true,"in_corridor":false,"stub_length_m":51.088,"neighbor_node_id":515,"neighbor_jtype":"three_way","dist_to_junction_m":51.088,"depth_class":"medium","hex_id":215,"outside_grid":false,"access_score":0.8333,"access_tier":"high","analysis_ok":true,"snap_ok":true},"geometry":{"type":"Point","coordinates":[79.86999344536383,6.835733119644373]}},{"type":"Feature","properties":{"node_id":552,"degree":1,"jtype":"culdesac","gn_name":"Watarappala","inside_primary":true,"inside_gn":true,"in_corridor":false,"stub_length_m":53.141,"neighbor_node_id":587,"neighbor_jtype":"three_way","dist_to_junction_m":53.141,"depth_class":"medium","hex_id":305,"outside_grid":false,"access_score":1.0,"access_tier":"high","analysis_ok":true,"snap_ok":true},"geometry":{"type":"Point","coordinates":[79.87012819265645,6.8411114247676625]}},{"type":"Feature","properties":{"node_id":558,"degree":1,"jtype":"culdesac","gn_name":"Watarappala","inside_primary":true,"inside_gn":true,"in_corridor":false,"stub_length_m":55.649,"neighbor_node_id":528,"neighbor_jtype":"three_way","dist_to_junction_m":55.649,"depth_class":"medium","hex_id":242,"outside_grid":false,"access_score":1.0,"access_tier":"high","analysis_ok":true,"snap_ok":true},"geometry":{"type":"Point","coordinates":[79.87019107472634,6.837829149570313]}},{"type":"Feature","properties":{"node_id":564,"degree":1,"jtype":"culdesac","gn_name":"Wathumulla","inside_primary":true,"inside_gn":true,"in_corridor":false,"stub_length_m":27.295,"neighbor_node_id":557,"neighbor_jtype":"three_way","dist_to_junction_m":27.295,"depth_class":"short","hex_id":92,"outside_grid":false,"access_score":1.0,"access_tier":"high","analysis_ok":true,"snap_ok":true},"geometry":{"type":"Point","coordinates":[79.87021802418487,6.828677904582255]}},{"type":"Feature","properties":{"node_id":567,"degree":1,"jtype":"culdesac","gn_name":"Kawdana West","inside_primary":true,"inside_gn":true,"in_corridor":false,"stub_length_m":38.833,"neighbor_node_id":580,"neighbor_jtype":"four_way","dist_to_junction_m":38.833,"depth_class":"short","hex_id":342,"outside_grid":false,"access_score":1.0,"access_tier":"high","analysis_ok":true,"snap_ok":true},"geometry":{"type":"Point","coordinates":[79.87031683886612,6.843136077839382]}},{"type":"Feature","properties":{"node_id":569,"degree":1,"jtype":"culdesac","gn_name":"Wathumulla","inside_primary":true,"inside_gn":true,"in_corridor":false,"stub_length_m":132.405,"neighbor_node_id":529,"neighbor_jtype":"three_way","dist_to_junction_m":132.405,"depth_class":"medium","hex_id":152,"outside_grid":false,"access_score":1.0,"access_tier":"high","analysis_ok":true,"snap_ok":true},"geometry":{"type":"Point","coordinates":[79.870379720936,6.832647033322282]}},{"type":"Feature","properties":{"node_id":571,"degree":1,"jtype":"culdesac","gn_name":"Watarappala","inside_primary":true,"inside_gn":true,"in_corridor":false,"stub_length_m":31.765,"neighbor_node_id":553,"neighbor_jtype":"three_way","dist_to_junction_m":31.765,"depth_class":"short","hex_id":288,"outside_grid":false,"access_score":1.0,"access_tier":"high","analysis_ok":true,"snap_ok":true},"geometry":{"type":"Point","coordinates":[79.87038870408884,6.840255181238348]}},{"type":"Feature","properties":{"node_id":574,"degree":1,"jtype":"culdesac","gn_name":"Wathumulla","inside_primary":true,"inside_gn":true,"in_corridor":false,"stub_length_m":140.1,"neighbor_node_id":549,"neighbor_jtype":"three_way","dist_to_junction_m":140.1,"depth_class":"medium","hex_id":230,"outside_grid":false,"access_score":1.0,"access_tier":"high","analysis_ok":true,"snap_ok":true},"geometry":{"type":"Point","coordinates":[79.8704246367002,6.836259357809214]}},{"type":"Feature","properties":{"node_id":575,"degree":1,"jtype":"culdesac","gn_name":"Kawdana West","inside_primary":true,"inside_gn":true,"in_corridor":false,"stub_length_m":30.0,"neighbor_node_id":596,"neighbor_jtype":"three_way","dist_to_junction_m":30.0,"depth_class":"short","hex_id":361,"outside_grid":false,"access_score":0.8333,"access_tier":"high","analysis_ok":true,"snap_ok":true},"geometry":{"type":"Point","coordinates":[79.8704246367002,6.843796095046875]}},{"type":"Feature","properties":{"node_id":576,"degree":1,"jtype":"culdesac","gn_name":"Watarappala","inside_primary":true,"inside_gn":true,"in_corridor":false,"stub_length_m":37.121,"neighbor_node_id":595,"neighbor_jtype":"three_way","dist_to_junction_m":37.121,"depth_class":"short","hex_id":273,"outside_grid":false,"access_score":1.0,"access_tier":"high","analysis_ok":true,"snap_ok":true},"geometry":{"type":"Point","coordinates":[79.87048751877009,6.839175955436717]}},{"type":"Feature","properties":{"node_id":578,"degree":1,"jtype":"culdesac","gn_name":"Watarappala","inside_primary":true,"inside_gn":true,"in_corridor":false,"stub_length_m":65.329,"neighbor_node_id":541,"neighbor_jtype":"three_way","dist_to_junction_m":65.329,"depth_class":"medium","hex_id":306,"outside_grid":false,"access_score":1.0,"access_tier":"high","analysis_ok":true,"snap_ok":true},"geometry":{"type":"Point","coordinates":[79.87050548507578,6.840718980007274]}},{"type":"Feature","properties":{"node_id":582,"degree":1,"jtype":"culdesac","gn_name":"Kawdana West","inside_primary":true,"inside_gn":true,"in_corridor":true,"stub_length_m":43.417,"neighbor_node_id":610,"neighbor_jtype":"three_way","dist_to_junction_m":43.417,"depth_class":"short","hex_id":416,"outside_grid":false,"access_score":0.8333,"access_tier":"excluded","analysis_ok":false,"snap_ok":true},"geometry":{"type":"Point","coordinates":[79.8705324345343,6.84629344919436]}},{"type":"Feature","properties":{"node_id":583,"degree":1,"jtype":"culdesac","gn_name":"Wathumulla","inside_primary":true,"inside_gn":true,"in_corridor":false,"stub_length_m":95.472,"neighbor_node_id":636,"neighbor_jtype":"three_way","dist_to_junction_m":95.472,"depth_class":"medium","hex_id":202,"outside_grid":false,"access_score":0.5,"access_tier":"medium","analysis_ok":true,"snap_ok":true},"geometry":{"type":"Point","coordinates":[79.87054141768714,6.834778754036756]}},{"type":"Feature","properties":{"node_id":584,"degree":1,"jtype":"culdesac","gn_name":"Kawdana West","inside_primary":true,"inside_gn":true,"in_corridor":false,"stub_length_m":7.071,"neighbor_node_id":577,"neighbor_jtype":"three_way","dist_to_junction_m":7.071,"depth_class":"short","hex_id":381,"outside_grid":false,"access_score":0.8333,"access_tier":"high","analysis_ok":true,"snap_ok":true},"geometry":{"type":"Point","coordinates":[79.87054141768714,6.844634493967643]}},{"type":"Feature","properties":{"node_id":590,"degree":1,"jtype":"culdesac","gn_name":"Kawdana West","inside_primary":true,"inside_gn":true,"in_corridor":false,"stub_length_m":16.303,"neighbor_node_id":577,"neighbor_jtype":"three_way","dist_to_junction_m":16.303,"depth_class":"short","hex_id":381,"outside_grid":false,"access_score":0.8333,"access_tier":"high","analysis_ok":true,"snap_ok":true},"geometry":{"type":"Point","coordinates":[79.87059531660418,6.84448286873998]}},{"type":"Feature","properties":{"node_id":592,"degree":1,"jtype":"culdesac","gn_name":"Wathumulla","inside_primary":true,"inside_gn":true,"in_corridor":false,"stub_length_m":48.042,"neighbor_node_id":557,"neighbor_jtype":"three_way","dist_to_junction_m":48.042,"depth_class":"short","hex_id":93,"outside_grid":false,"access_score":1.0,"access_tier":"excluded","analysis_ok":false,"snap_ok":true},"geometry":{"type":"Point","coordinates":[79.87061328290987,6.8284549188445345]}},{"type":"Feature","properties":{"node_id":597,"degree":1,"jtype":"culdesac","gn_name":"Watarappala","inside_primary":true,"inside_gn":true,"in_corridor":false,"stub_length_m":34.132,"neighbor_node_id":580,"neighbor_jtype":"four_way","dist_to_junction_m":34.132,"depth_class":"short","hex_id":343,"outside_grid":false,"access_score":1.0,"access_tier":"high","analysis_ok":true,"snap_ok":true},"geometry":{"type":"Point","coordinates":[79.87067616497977,6.8425920089147105]}},{"type":"Feature","properties":{"node_id":598,"degree":1,"jtype":"culdesac","gn_name":"Wathumulla","inside_primary":true,"inside_gn":true,"in_corridor":false,"stub_length_m":68.659,"neighbor_node_id":608,"neighbor_jtype":"three_way","dist_to_junction_m":68.659,"depth_class":"medium","hex_id":108,"outside_grid":false,"access_score":1.0,"access_tier":"high","analysis_ok":true,"snap_ok":true},"geometry":{"type":"Point","coordinates":[79.87068514813261,6.828784937699447]}},{"type":"Feature","properties":{"node_id":600,"degree":1,"jtype":"culdesac","gn_name":"Watarappala","inside_primary":true,"inside_gn":true,"in_corridor":false,"stub_length_m":38.013,"neighbor_node_id":601,"neighbor_jtype":"three_way","dist_to_junction_m":38.013,"depth_class":"short","hex_id":258,"outside_grid":false,"access_score":1.0,"access_tier":"high","analysis_ok":true,"snap_ok":true},"geometry":{"type":"Point","coordinates":[79.87070311443829,6.837784553284634]}},{"type":"Feature","properties":{"node_id":603,"degree":1,"jtype":"culdesac","gn_name":"Kawdana West","inside_primary":true,"inside_gn":true,"in_corridor":false,"stub_length_m":48.918,"neighbor_node_id":616,"neighbor_jtype":"three_way","dist_to_junction_m":48.918,"depth_class":"short","hex_id":362,"outside_grid":false,"access_score":1.0,"access_tier":"high","analysis_ok":true,"snap_ok":true},"geometry":{"type":"Point","coordinates":[79.87074803020249,6.843528520613272]}},{"type":"Feature","properties":{"node_id":606,"degree":1,"jtype":"culdesac","gn_name":"Watarappala","inside_primary":true,"inside_gn":true,"in_corridor":false,"stub_length_m":27.313,"neighbor_node_id":585,"neighbor_jtype":"three_way","dist_to_junction_m":27.313,"depth_class":"short","hex_id":243,"outside_grid":false,"access_score":0.8333,"access_tier":"high","analysis_ok":true,"snap_ok":true},"geometry":{"type":"Point","coordinates":[79.8707929459667,6.837026415791282]}},{"type":"Feature","properties":{"node_id":612,"degree":1,"jtype":"culdesac","gn_name":"Watarappala","inside_primary":true,"inside_gn":true,"in_corridor":false,"stub_length_m":117.462,"neighbor_node_id":535,"neighbor_jtype":"three_way","dist_to_junction_m":117.462,"depth_class":"medium","hex_id":243,"outside_grid":false,"access_score":0.8333,"access_tier":"high","analysis_ok":true,"snap_ok":true},"geometry":{"type":"Point","coordinates":[79.87090972695363,6.837427782849363]}},{"type":"Feature","properties":{"node_id":617,"degree":1,"jtype":"culdesac","gn_name":"Wathumulla","inside_primary":true,"inside_gn":true,"in_corridor":false,"stub_length_m":61.351,"neighbor_node_id":581,"neighbor_jtype":"three_way","dist_to_junction_m":61.351,"depth_class":"medium","hex_id":187,"outside_grid":false,"access_score":1.0,"access_tier":"high","analysis_ok":true,"snap_ok":true},"geometry":{"type":"Point","coordinates":[79.87104447424625,6.833949257147826]}},{"type":"Feature","properties":{"node_id":618,"degree":1,"jtype":"culdesac","gn_name":"Watarappala","inside_primary":true,"inside_gn":true,"in_corridor":false,"stub_length_m":40.0,"neighbor_node_id":599,"neighbor_jtype":"three_way","dist_to_junction_m":40.0,"depth_class":"short","hex_id":258,"outside_grid":false,"access_score":1.0,"access_tier":"high","analysis_ok":true,"snap_ok":true},"geometry":{"type":"Point","coordinates":[79.87104447424625,6.838346466179994]}},{"type":"Feature","properties":{"node_id":619,"degree":1,"jtype":"culdesac","gn_name":"Wathumulla","inside_primary":true,"inside_gn":true,"in_corridor":false,"stub_length_m":89.863,"neighbor_node_id":581,"neighbor_jtype":"three_way","dist_to_junction_m":89.863,"depth_class":"medium","hex_id":202,"outside_grid":false,"access_score":0.5,"access_tier":"medium","analysis_ok":true,"snap_ok":true},"geometry":{"type":"Point","coordinates":[79.87105345739909,6.834154401673672]}},{"type":"Feature","properties":{"node_id":620,"degree":1,"jtype":"culdesac","gn_name":"Watarappala","inside_primary":true,"inside_gn":true,"in_corridor":false,"stub_length_m":85.31,"neighbor_node_id":572,"neighbor_jtype":"three_way","dist_to_junction_m":85.31,"depth_class":"medium","hex_id":324,"outside_grid":false,"access_score":1.0,"access_tier":"high","analysis_ok":true,"snap_ok":true},"geometry":{"type":"Point","coordinates":[79.87105345739909,6.8414949500173785]}},{"type":"Feature","properties":{"node_id":621,"degree":1,"jtype":"culdesac","gn_name":"Kawdana West","inside_primary":true,"inside_gn":true,"in_corridor":false,"stub_length_m":52.402,"neighbor_node_id":646,"neighbor_jtype":"three_way","dist_to_junction_m":52.402,"depth_class":"medium","hex_id":362,"outside_grid":false,"access_score":1.0,"access_tier":"high","analysis_ok":true,"snap_ok":true},"geometry":{"type":"Point","coordinates":[79.87110735631613,6.843885286491415]}},{"type":"Feature","properties":{"node_id":628,"degree":1,"jtype":"culdesac","gn_name":"Kawdana West","inside_primary":true,"inside_gn":true,"in_corridor":false,"stub_length_m":136.817,"neighbor_node_id":692,"neighbor_jtype":"three_way","dist_to_junction_m":136.817,"depth_class":"medium","hex_id":381,"outside_grid":false,"access_score":0.8333,"access_tier":"high","analysis_ok":true,"snap_ok":true},"geometry":{"type":"Point","coordinates":[79.87123312045593,6.84448286873998]}},{"type":"Feature","properties":{"node_id":633,"degree":1,"jtype":"culdesac","gn_name":"Kawdana West","inside_primary":true,"inside_gn":true,"in_corridor":false,"stub_length_m":70.214,"neighbor_node_id":674,"neighbor_jtype":"four_way","dist_to_junction_m":70.214,"depth_class":"medium","hex_id":400,"outside_grid":false,"access_score":0.8333,"access_tier":"high","analysis_ok":true,"snap_ok":true},"geometry":{"type":"Point","coordinates":[79.87132295198433,6.845276670868471]}},{"type":"Feature","properties":{"node_id":635,"degree":1,"jtype":"culdesac","gn_name":"Wathumulla","inside_primary":true,"inside_gn":true,"in_corridor":false,"stub_length_m":64.882,"neighbor_node_id":615,"neighbor_jtype":"three_way","dist_to_junction_m":64.882,"depth_class":"medium","hex_id":123,"outside_grid":false,"access_score":1.0,"access_tier":"high","analysis_ok":true,"snap_ok":true},"geometry":{"type":"Point","coordinates":[79.87134990144285,6.830122849643956]}},{"type":"Feature","properties":{"node_id":638,"degree":1,"jtype":"culdesac","gn_name":"Watarappala","inside_primary":true,"inside_gn":true,"in_corridor":false,"stub_length_m":49.506,"neighbor_node_id":629,"neighbor_jtype":"four_way","dist_to_junction_m":49.506,"depth_class":"short","hex_id":307,"outside_grid":false,"access_score":0.8333,"access_tier":"high","analysis_ok":true,"snap_ok":true},"geometry":{"type":"Point","coordinates":[79.87134990144285,6.841129263158201]}},{"type":"Feature","properties":{"node_id":640,"degree":1,"jtype":"culdesac","gn_name":"Wathumulla","inside_primary":true,"inside_gn":true,"in_corridor":false,"stub_length_m":14.56,"neighbor_node_id":636,"neighbor_jtype":"three_way","dist_to_junction_m":14.56,"depth_class":"short","hex_id":203,"outside_grid":false,"access_score":0.8333,"access_tier":"high","analysis_ok":true,"snap_ok":true},"geometry":{"type":"Point","coordinates":[79.87138583405422,6.834930382344723]}},{"type":"Feature","properties":{"node_id":641,"degree":1,"jtype":"culdesac","gn_name":"Watarappala","inside_primary":true,"inside_gn":true,"in_corridor":false,"stub_length_m":26.627,"neighbor_node_id":629,"neighbor_jtype":"four_way","dist_to_junction_m":26.627,"depth_class":"short","hex_id":290,"outside_grid":false,"access_score":0.6667,"access_tier":"medium","analysis_ok":true,"snap_ok":true},"geometry":{"type":"Point","coordinates":[79.87138583405422,6.840620868766792]}},{"type":"Feature","properties":{"node_id":642,"degree":1,"jtype":"culdesac","gn_name":"Wathumulla","inside_primary":true,"inside_gn":true,"in_corridor":false,"stub_length_m":56.671,"neighbor_node_id":624,"neighbor_jtype":"three_way","dist_to_junction_m":56.671,"depth_class":"medium","hex_id":231,"outside_grid":false,"access_score":1.0,"access_tier":"high","analysis_ok":true,"snap_ok":true},"geometry":{"type":"Point","coordinates":[79.87139481720706,6.836500178471058]}},{"type":"Feature","properties":{"node_id":647,"degree":1,"jtype":"culdesac","gn_name":"Watarappala","inside_primary":true,"inside_gn":true,"in_corridor":false,"stub_length_m":27.659,"neighbor_node_id":661,"neighbor_jtype":"three_way","dist_to_junction_m":27.659,"depth_class":"short","hex_id":307,"outside_grid":false,"access_score":0.8333,"access_tier":"high","analysis_ok":true,"snap_ok":true},"geometry":{"type":"Point","coordinates":[79.87145769927695,6.841584141891773]}},{"type":"Feature","properties":{"node_id":648,"degree":1,"jtype":"culdesac","gn_name":"Wathumulla","inside_primary":true,"inside_gn":true,"in_corridor":false,"stub_length_m":41.11,"neighbor_node_id":637,"neighbor_jtype":"three_way","dist_to_junction_m":41.11,"depth_class":"short","hex_id":231,"outside_grid":false,"access_score":1.0,"access_tier":"high","analysis_ok":true,"snap_ok":true},"geometry":{"type":"Point","coordinates":[79.87146668242978,6.836705321902097]}},{"type":"Feature","properties":{"node_id":650,"degree":1,"jtype":"culdesac","gn_name":"Kawdana West","inside_primary":true,"inside_gn":true,"in_corridor":false,"stub_length_m":36.235,"neighbor_node_id":665,"neighbor_jtype":"three_way","dist_to_junction_m":36.235,"depth_class":"short","hex_id":363,"outside_grid":false,"access_score":1.0,"access_tier":"high","analysis_ok":true,"snap_ok":true},"geometry":{"type":"Point","coordinates":[79.87149363188831,6.8440993458903225]}},{"type":"Feature","properties":{"node_id":653,"degree":1,"jtype":"culdesac","gn_name":"Watarappala","inside_primary":true,"inside_gn":true,"in_corridor":false,"stub_length_m":36.77,"neighbor_node_id":627,"neighbor_jtype":"four_way","dist_to_junction_m":36.77,"depth_class":"short","hex_id":290,"outside_grid":false,"access_score":0.6667,"access_tier":"medium","analysis_ok":true,"snap_ok":true},"geometry":{"type":"Point","coordinates":[79.87153854765252,6.840067877761694]}},{"type":"Feature","properties":{"node_id":654,"degree":1,"jtype":"culdesac","gn_name":"Wathumulla","inside_primary":true,"inside_gn":true,"in_corridor":false,"stub_length_m":69.37,"neighbor_node_id":689,"neighbor_jtype":"three_way","dist_to_junction_m":69.37,"depth_class":"medium","hex_id":231,"outside_grid":false,"access_score":1.0,"access_tier":"high","analysis_ok":true,"snap_ok":true},"geometry":{"type":"Point","coordinates":[79.8715565139582,6.836339631376646]}},{"type":"Feature","properties":{"node_id":655,"degree":1,"jtype":"culdesac","gn_name":"Wathumulla","inside_primary":true,"inside_gn":true,"in_corridor":false,"stub_length_m":41.11,"neighbor_node_id":677,"neighbor_jtype":"three_way","dist_to_junction_m":41.11,"depth_class":"short","hex_id":188,"outside_grid":false,"access_score":0.8333,"access_tier":"high","analysis_ok":true,"snap_ok":true},"geometry":{"type":"Point","coordinates":[79.87156549711104,6.834136563022746]}},{"type":"Feature","properties":{"node_id":656,"degree":1,"jtype":"culdesac","gn_name":"Wathumulla","inside_primary":true,"inside_gn":true,"in_corridor":false,"stub_length_m":103.368,"neighbor_node_id":707,"neighbor_jtype":"three_way","dist_to_junction_m":103.368,"depth_class":"medium","hex_id":203,"outside_grid":false,"access_score":0.8333,"access_tier":"high","analysis_ok":true,"snap_ok":true},"geometry":{"type":"Point","coordinates":[79.87156549711104,6.835108768527815]}},{"type":"Feature","properties":{"node_id":668,"degree":1,"jtype":"culdesac","gn_name":"Watarappala","inside_primary":true,"inside_gn":true,"in_corridor":false,"stub_length_m":148.607,"neighbor_node_id":704,"neighbor_jtype":"three_way","dist_to_junction_m":148.607,"depth_class":"medium","hex_id":290,"outside_grid":false,"access_score":0.6667,"access_tier":"medium","analysis_ok":true,"snap_ok":true},"geometry":{"type":"Point","coordinates":[79.8717541433207,6.840451403849396]}},{"type":"Feature","properties":{"node_id":670,"degree":1,"jtype":"culdesac","gn_name":"Watarappala","inside_primary":true,"inside_gn":true,"in_corridor":false,"stub_length_m":17.692,"neighbor_node_id":664,"neighbor_jtype":"three_way","dist_to_junction_m":17.692,"depth_class":"short","hex_id":307,"outside_grid":false,"access_score":0.8333,"access_tier":"high","analysis_ok":true,"snap_ok":true},"geometry":{"type":"Point","coordinates":[79.87179007593208,6.841593061078297]}},{"type":"Feature","properties":{"node_id":671,"degree":1,"jtype":"culdesac","gn_name":"Wathumulla","inside_primary":true,"inside_gn":true,"in_corridor":false,"stub_length_m":92.451,"neighbor_node_id":649,"neighbor_jtype":"four_way","dist_to_junction_m":92.451,"depth_class":"medium","hex_id":124,"outside_grid":false,"access_score":1.0,"access_tier":"high","analysis_ok":true,"snap_ok":true},"geometry":{"type":"Point","coordinates":[79.87179905908492,6.830604497027982]}},{"type":"Feature","properties":{"node_id":672,"degree":1,"jtype":"culdesac","gn_name":"Watarappala","inside_primary":true,"inside_gn":true,"in_corridor":false,"stub_length_m":25.71,"neighbor_node_id":684,"neighbor_jtype":"four_way","dist_to_junction_m":25.71,"depth_class":"short","hex_id":259,"outside_grid":false,"access_score":1.0,"access_tier":"high","analysis_ok":true,"snap_ok":true},"geometry":{"type":"Point","coordinates":[79.87180804223776,6.838721074409755]}},{"type":"Feature","properties":{"node_id":673,"degree":1,"jtype":"culdesac","gn_name":"Wathumulla","inside_primary":true,"inside_gn":true,"in_corridor":false,"stub_length_m":114.906,"neighbor_node_id":734,"neighbor_jtype":"three_way","dist_to_junction_m":114.906,"depth_class":"medium","hex_id":154,"outside_grid":false,"access_score":1.0,"access_tier":"high","analysis_ok":true,"snap_ok":true},"geometry":{"type":"Point","coordinates":[79.8718170253906,6.832138629907272]}},{"type":"Feature","properties":{"node_id":676,"degree":1,"jtype":"culdesac","gn_name":"Kawdana West","inside_primary":true,"inside_gn":true,"in_corridor":false,"stub_length_m":19.849,"neighbor_node_id":683,"neighbor_jtype":"three_way","dist_to_junction_m":19.849,"depth_class":"short","hex_id":363,"outside_grid":false,"access_score":1.0,"access_tier":"high","analysis_ok":true,"snap_ok":true},"geometry":{"type":"Point","coordinates":[79.8718619411548,6.8442777286494225]}},{"type":"Feature","properties":{"node_id":678,"degree":1,"jtype":"culdesac","gn_name":"Wathumulla","inside_primary":true,"inside_gn":true,"in_corridor":false,"stub_length_m":28.018,"neighbor_node_id":677,"neighbor_jtype":"three_way","dist_to_junction_m":28.018,"depth_class":"short","hex_id":188,"outside_grid":false,"access_score":0.8333,"access_tier":"high","analysis_ok":true,"snap_ok":true},"geometry":{"type":"Point","coordinates":[79.87194278953038,6.833860063848264]}},{"type":"Feature","properties":{"node_id":679,"degree":1,"jtype":"culdesac","gn_name":"Wathumulla","inside_primary":true,"inside_gn":true,"in_corridor":false,"stub_length_m":72.007,"neighbor_node_id":685,"neighbor_jtype":"three_way","dist_to_junction_m":72.007,"depth_class":"medium","hex_id":203,"outside_grid":false,"access_score":0.8333,"access_tier":"high","analysis_ok":true,"snap_ok":true},"geometry":{"type":"Point","coordinates":[79.87194278953038,6.834778754036756]}},{"type":"Feature","properties":{"node_id":687,"degree":1,"jtype":"culdesac","gn_name":"Watarappala","inside_primary":true,"inside_gn":true,"in_corridor":false,"stub_length_m":31.623,"neighbor_node_id":682,"neighbor_jtype":"three_way","dist_to_junction_m":31.623,"depth_class":"short","hex_id":244,"outside_grid":false,"access_score":1.0,"access_tier":"high","analysis_ok":true,"snap_ok":true},"geometry":{"type":"Point","coordinates":[79.87206855367015,6.837615087361096]}},{"type":"Feature","properties":{"node_id":688,"degree":1,"jtype":"culdesac","gn_name":"Kawdana West","inside_primary":true,"inside_gn":true,"in_corridor":true,"stub_length_m":37.736,"neighbor_node_id":698,"neighbor_jtype":"three_way","dist_to_junction_m":37.736,"depth_class":"short","hex_id":402,"outside_grid":false,"access_score":0.3333,"access_tier":"excluded","analysis_ok":false,"snap_ok":true},"geometry":{"type":"Point","coordinates":[79.87209550312868,6.845044773753949]}},{"type":"Feature","properties":{"node_id":691,"degree":1,"jtype":"culdesac","gn_name":"Watarappala","inside_primary":true,"inside_gn":true,"in_corridor":false,"stub_length_m":26.926,"neighbor_node_id":706,"neighbor_jtype":"three_way","dist_to_junction_m":26.926,"depth_class":"short","hex_id":308,"outside_grid":false,"access_score":0.5,"access_tier":"medium","analysis_ok":true,"snap_ok":true},"geometry":{"type":"Point","coordinates":[79.8722122841156,6.840647626379831]}},{"type":"Feature","properties":{"node_id":696,"degree":1,"jtype":"culdesac","gn_name":"Watarappala","inside_primary":true,"inside_gn":true,"in_corridor":false,"stub_length_m":37.935,"neighbor_node_id":684,"neighbor_jtype":"four_way","dist_to_junction_m":37.935,"depth_class":"short","hex_id":275,"outside_grid":false,"access_score":0.8333,"access_tier":"high","analysis_ok":true,"snap_ok":true},"geometry":{"type":"Point","coordinates":[79.87227516618549,6.838622962758923]}},{"type":"Feature","properties":{"node_id":699,"degree":1,"jtype":"culdesac","gn_name":"Watarappala","inside_primary":true,"inside_gn":true,"in_corridor":false,"stub_length_m":31.401,"neighbor_node_id":684,"neighbor_jtype":"four_way","dist_to_junction_m":31.401,"depth_class":"short","hex_id":275,"outside_grid":false,"access_score":0.8333,"access_tier":"high","analysis_ok":true,"snap_ok":true},"geometry":{"type":"Point","coordinates":[79.87231109879686,6.83881918604044]}},{"type":"Feature","properties":{"node_id":700,"degree":1,"jtype":"culdesac","gn_name":"Watarappala","inside_primary":true,"inside_gn":true,"in_corridor":false,"stub_length_m":75.349,"neighbor_node_id":667,"neighbor_jtype":"three_way","dist_to_junction_m":75.349,"depth_class":"medium","hex_id":326,"outside_grid":false,"access_score":0.5,"access_tier":"medium","analysis_ok":true,"snap_ok":true},"geometry":{"type":"Point","coordinates":[79.87231109879686,6.841405758126326]}},{"type":"Feature","properties":{"node_id":701,"degree":1,"jtype":"culdesac","gn_name":"Watarappala","inside_primary":true,"inside_gn":true,"in_corridor":false,"stub_length_m":73.21,"neighbor_node_id":731,"neighbor_jtype":"four_way","dist_to_junction_m":73.21,"depth_class":"medium","hex_id":326,"outside_grid":false,"access_score":0.5,"access_tier":"medium","analysis_ok":true,"snap_ok":true},"geometry":{"type":"Point","coordinates":[79.87235601456108,6.84170901048794]}},{"type":"Feature","properties":{"node_id":705,"degree":1,"jtype":"culdesac","gn_name":"Watarappala","inside_primary":true,"inside_gn":true,"in_corridor":false,"stub_length_m":48.703,"neighbor_node_id":717,"neighbor_jtype":"three_way","dist_to_junction_m":48.703,"depth_class":"short","hex_id":260,"outside_grid":false,"access_score":0.8333,"access_tier":"high","analysis_ok":true,"snap_ok":true},"geometry":{"type":"Point","coordinates":[79.87241889663096,6.837936180638959]}},{"type":"Feature","properties":{"node_id":709,"degree":1,"jtype":"culdesac","gn_name":"Watarappala","inside_primary":true,"inside_gn":true,"in_corridor":false,"stub_length_m":70.425,"neighbor_node_id":729,"neighbor_jtype":"three_way","dist_to_junction_m":70.425,"depth_class":"medium","hex_id":291,"outside_grid":false,"access_score":0.6667,"access_tier":"medium","analysis_ok":true,"snap_ok":true},"geometry":{"type":"Point","coordinates":[79.87250872815937,6.83996084717063]}},{"type":"Feature","properties":{"node_id":710,"degree":1,"jtype":"culdesac","gn_name":"Kawdana West","inside_primary":true,"inside_gn":true,"in_corridor":false,"stub_length_m":188.67,"neighbor_node_id":758,"neighbor_jtype":"three_way","dist_to_junction_m":188.67,"depth_class":"long","hex_id":364,"outside_grid":false,"access_score":0.3333,"access_tier":"low","analysis_ok":true,"snap_ok":true},"geometry":{"type":"Point","coordinates":[79.87250872815937,6.843385814187364]}},{"type":"Feature","properties":{"node_id":720,"degree":1,"jtype":"culdesac","gn_name":"Kawdana West","inside_primary":true,"inside_gn":true,"in_corridor":false,"stub_length_m":56.358,"neighbor_node_id":741,"neighbor_jtype":"three_way","dist_to_junction_m":56.358,"depth_class":"medium","hex_id":383,"outside_grid":false,"access_score":0.6667,"access_tier":"medium","analysis_ok":true,"snap_ok":true},"geometry":{"type":"Point","coordinates":[79.87266144175767,6.844572060056203]}},{"type":"Feature","properties":{"node_id":721,"degree":1,"jtype":"culdesac","gn_name":"Watarappala","inside_primary":true,"inside_gn":true,"in_corridor":false,"stub_length_m":35.745,"neighbor_node_id":706,"neighbor_jtype":"three_way","dist_to_junction_m":35.745,"depth_class":"short","hex_id":308,"outside_grid":false,"access_score":0.5,"access_tier":"medium","analysis_ok":true,"snap_ok":true},"geometry":{"type":"Point","coordinates":[79.87267042491051,6.840959798421195]}},{"type":"Feature","properties":{"node_id":732,"degree":1,"jtype":"culdesac","gn_name":"Wathumulla","inside_primary":true,"inside_gn":true,"in_corridor":false,"stub_length_m":38.118,"neighbor_node_id":738,"neighbor_jtype":"three_way","dist_to_junction_m":38.118,"depth_class":"short","hex_id":110,"outside_grid":false,"access_score":1.0,"access_tier":"high","analysis_ok":true,"snap_ok":true},"geometry":{"type":"Point","coordinates":[79.87281415535597,6.829016842704555]}},{"type":"Feature","properties":{"node_id":737,"degree":1,"jtype":"culdesac","gn_name":"Watarappala","inside_primary":true,"inside_gn":true,"in_corridor":false,"stub_length_m":58.833,"neighbor_node_id":756,"neighbor_jtype":"three_way","dist_to_junction_m":58.833,"depth_class":"medium","hex_id":308,"outside_grid":false,"access_score":0.5,"access_tier":"medium","analysis_ok":true,"snap_ok":true},"geometry":{"type":"Point","coordinates":[79.87283212166165,6.840968717619379]}},{"type":"Feature","properties":{"node_id":739,"degree":1,"jtype":"culdesac","gn_name":"Watarappala","inside_primary":true,"inside_gn":true,"in_corridor":false,"stub_length_m":41.34,"neighbor_node_id":713,"neighbor_jtype":"three_way","dist_to_junction_m":41.34,"depth_class":"short","hex_id":308,"outside_grid":false,"access_score":0.5,"access_tier":"medium","analysis_ok":true,"snap_ok":true},"geometry":{"type":"Point","coordinates":[79.87285008796732,6.840763576019015]}},{"type":"Feature","properties":{"node_id":747,"degree":1,"jtype":"culdesac","gn_name":"Watarappala","inside_primary":true,"inside_gn":true,"in_corridor":false,"stub_length_m":47.413,"neighbor_node_id":719,"neighbor_jtype":"three_way","dist_to_junction_m":47.413,"depth_class":"short","hex_id":292,"outside_grid":false,"access_score":0.5,"access_tier":"medium","analysis_ok":true,"snap_ok":true},"geometry":{"type":"Point","coordinates":[79.87302975102416,6.840549515124691]}},{"type":"Feature","properties":{"node_id":748,"degree":1,"jtype":"culdesac","gn_name":"Kawdana West","inside_primary":true,"inside_gn":true,"in_corridor":false,"stub_length_m":77.009,"neighbor_node_id":763,"neighbor_jtype":"three_way","dist_to_junction_m":77.009,"depth_class":"medium","hex_id":327,"outside_grid":false,"access_score":0.5,"access_tier":"medium","analysis_ok":true,"snap_ok":true},"geometry":{"type":"Point","coordinates":[79.87302975102416,6.842395787183205]}},{"type":"Feature","properties":{"node_id":753,"degree":1,"jtype":"culdesac","gn_name":"Watarappala","inside_primary":true,"inside_gn":true,"in_corridor":false,"stub_length_m":33.615,"neighbor_node_id":745,"neighbor_jtype":"three_way","dist_to_junction_m":33.615,"depth_class":"short","hex_id":292,"outside_grid":false,"access_score":0.5,"access_tier":"medium","analysis_ok":true,"snap_ok":true},"geometry":{"type":"Point","coordinates":[79.87317348146962,6.840032200900672]}},{"type":"Feature","properties":{"node_id":755,"degree":1,"jtype":"culdesac","gn_name":"Kawdana West","inside_primary":true,"inside_gn":true,"in_corridor":false,"stub_length_m":52.811,"neighbor_node_id":749,"neighbor_jtype":"three_way","dist_to_junction_m":52.811,"depth_class":"medium","hex_id":365,"outside_grid":false,"access_score":0.1667,"access_tier":"low","analysis_ok":true,"snap_ok":true},"geometry":{"type":"Point","coordinates":[79.87318246462246,6.843626631256339]}},{"type":"Feature","properties":{"node_id":767,"degree":1,"jtype":"culdesac","gn_name":"Kawdana West","inside_primary":true,"inside_gn":true,"in_corridor":false,"stub_length_m":71.47,"neighbor_node_id":801,"neighbor_jtype":"three_way","dist_to_junction_m":71.47,"depth_class":"medium","hex_id":365,"outside_grid":false,"access_score":0.1667,"access_tier":"low","analysis_ok":true,"snap_ok":true},"geometry":{"type":"Point","coordinates":[79.87332619506792,6.84383177162669]}},{"type":"Feature","properties":{"node_id":782,"degree":1,"jtype":"culdesac","gn_name":"Kawdana West","inside_primary":true,"inside_gn":true,"in_corridor":false,"stub_length_m":52.326,"neighbor_node_id":761,"neighbor_jtype":"three_way","dist_to_junction_m":52.326,"depth_class":"medium","hex_id":309,"outside_grid":false,"access_score":0.5,"access_tier":"medium","analysis_ok":true,"snap_ok":true},"geometry":{"type":"Point","coordinates":[79.87357772334747,6.841486030829023]}},{"type":"Feature","properties":{"node_id":797,"degree":1,"jtype":"culdesac","gn_name":"Kawdana West","inside_primary":true,"inside_gn":true,"in_corridor":false,"stub_length_m":58.412,"neighbor_node_id":775,"neighbor_jtype":"three_way","dist_to_junction_m":58.412,"depth_class":"medium","hex_id":328,"outside_grid":false,"access_score":0.3333,"access_tier":"low","analysis_ok":true,"snap_ok":true},"geometry":{"type":"Point","coordinates":[79.87389213369691,6.841227374294245]}},{"type":"Feature","properties":{"node_id":807,"degree":1,"jtype":"culdesac","gn_name":"Kawdana West","inside_primary":true,"inside_gn":true,"in_corridor":false,"stub_length_m":152.287,"neighbor_node_id":839,"neighbor_jtype":"three_way","dist_to_junction_m":152.287,"depth_class":"long","hex_id":328,"outside_grid":false,"access_score":0.3333,"access_tier":"low","analysis_ok":true,"snap_ok":true},"geometry":{"type":"Point","coordinates":[79.8740628136009,6.841263051065993]}},{"type":"Feature","properties":{"node_id":813,"degree":1,"jtype":"culdesac","gn_name":"Kawdana West","inside_primary":true,"inside_gn":true,"in_corridor":false,"stub_length_m":27.803,"neighbor_node_id":803,"neighbor_jtype":"three_way","dist_to_junction_m":27.803,"depth_class":"short","hex_id":310,"outside_grid":false,"access_score":0.5,"access_tier":"medium","analysis_ok":true,"snap_ok":true},"geometry":{"type":"Point","coordinates":[79.87416162828215,6.84047816147193]}},{"type":"Feature","properties":{"node_id":814,"degree":1,"jtype":"culdesac","gn_name":"Kawdana West","inside_primary":true,"inside_gn":true,"in_corridor":false,"stub_length_m":72.402,"neighbor_node_id":783,"neighbor_jtype":"three_way","dist_to_junction_m":72.402,"depth_class":"medium","hex_id":328,"outside_grid":false,"access_score":0.3333,"access_tier":"low","analysis_ok":true,"snap_ok":true},"geometry":{"type":"Point","coordinates":[79.87417959458783,6.842110373611615]}},{"type":"Feature","properties":{"node_id":819,"degree":1,"jtype":"culdesac","gn_name":"Kawdana West","inside_primary":true,"inside_gn":true,"in_corridor":false,"stub_length_m":63.258,"neighbor_node_id":826,"neighbor_jtype":"three_way","dist_to_junction_m":63.258,"depth_class":"medium","hex_id":310,"outside_grid":false,"access_score":0.5,"access_tier":"medium","analysis_ok":true,"snap_ok":true},"geometry":{"type":"Point","coordinates":[79.87431434188045,6.840522757506155]}},{"type":"Feature","properties":{"node_id":822,"degree":1,"jtype":"culdesac","gn_name":"Kawdana West","inside_primary":true,"inside_gn":true,"in_corridor":false,"stub_length_m":35.232,"neighbor_node_id":825,"neighbor_jtype":"three_way","dist_to_junction_m":35.232,"depth_class":"short","hex_id":311,"outside_grid":false,"access_score":0.3333,"access_tier":"low","analysis_ok":true,"snap_ok":true},"geometry":{"type":"Point","coordinates":[79.87440417340886,6.8411649399372765]}},{"type":"Feature","properties":{"node_id":823,"degree":1,"jtype":"culdesac","gn_name":"Kawdana West","inside_primary":true,"inside_gn":true,"in_corridor":false,"stub_length_m":100.722,"neighbor_node_id":790,"neighbor_jtype":"three_way","dist_to_junction_m":100.722,"depth_class":"medium","hex_id":329,"outside_grid":false,"access_score":0.1667,"access_tier":"low","analysis_ok":true,"snap_ok":true},"geometry":{"type":"Point","coordinates":[79.87452993754863,6.842386868011674]}},{"type":"Feature","properties":{"node_id":827,"degree":1,"jtype":"culdesac","gn_name":"Kawdana West","inside_primary":true,"inside_gn":true,"in_corridor":true,"stub_length_m":44.045,"neighbor_node_id":828,"neighbor_jtype":"three_way","dist_to_junction_m":44.045,"depth_class":"short","hex_id":367,"outside_grid":false,"access_score":0.1667,"access_tier":"low","analysis_ok":true,"snap_ok":true},"geometry":{"type":"Point","coordinates":[79.8746736679941,6.8441171841692325]}},{"type":"Feature","properties":{"node_id":829,"degree":1,"jtype":"culdesac","gn_name":"Kawdana West","inside_primary":true,"inside_gn":true,"in_corridor":false,"stub_length_m":61.491,"neighbor_node_id":820,"neighbor_jtype":"three_way","dist_to_junction_m":61.491,"depth_class":"medium","hex_id":329,"outside_grid":false,"access_score":0.1667,"access_tier":"low","analysis_ok":true,"snap_ok":true},"geometry":{"type":"Point","coordinates":[79.87470061745262,6.841949828402626]}},{"type":"Feature","properties":{"node_id":831,"degree":1,"jtype":"culdesac","gn_name":"Kawdana West","inside_primary":true,"inside_gn":true,"in_corridor":true,"stub_length_m":15.133,"neighbor_node_id":830,"neighbor_jtype":"three_way","dist_to_junction_m":15.133,"depth_class":"short","hex_id":367,"outside_grid":false,"access_score":0.1667,"access_tier":"low","analysis_ok":true,"snap_ok":true},"geometry":{"type":"Point","coordinates":[79.87485333105091,6.84434016259936]}},{"type":"Feature","properties":{"node_id":835,"degree":1,"jtype":"culdesac","gn_name":"Kawdana West","inside_primary":true,"inside_gn":true,"in_corridor":false,"stub_length_m":145.993,"neighbor_node_id":857,"neighbor_jtype":"four_way","dist_to_junction_m":145.993,"depth_class":"medium","hex_id":311,"outside_grid":false,"access_score":0.3333,"access_tier":"low","analysis_ok":true,"snap_ok":true},"geometry":{"type":"Point","coordinates":[79.87498807834353,6.8415752227050834]}},{"type":"Feature","properties":{"node_id":837,"degree":1,"jtype":"culdesac","gn_name":"Kawdana West","inside_primary":true,"inside_gn":true,"in_corridor":false,"stub_length_m":75.105,"neighbor_node_id":850,"neighbor_jtype":"three_way","dist_to_junction_m":75.105,"depth_class":"medium","hex_id":348,"outside_grid":false,"access_score":0.1667,"access_tier":"low","analysis_ok":true,"snap_ok":true},"geometry":{"type":"Point","coordinates":[79.87510485933046,6.843269865184904]}},{"type":"Feature","properties":{"node_id":838,"degree":1,"jtype":"culdesac","gn_name":"Kawdana West","inside_primary":true,"inside_gn":true,"in_corridor":false,"stub_length_m":60.077,"neighbor_node_id":848,"neighbor_jtype":"three_way","dist_to_junction_m":60.077,"depth_class":"medium","hex_id":367,"outside_grid":false,"access_score":0.1667,"access_tier":"low","analysis_ok":true,"snap_ok":true},"geometry":{"type":"Point","coordinates":[79.8751138424833,6.843635550404709]}},{"type":"Feature","properties":{"node_id":843,"degree":1,"jtype":"culdesac","gn_name":"Kawdana West","inside_primary":true,"inside_gn":true,"in_corridor":false,"stub_length_m":40.706,"neighbor_node_id":846,"neighbor_jtype":"three_way","dist_to_junction_m":40.706,"depth_class":"short","hex_id":311,"outside_grid":false,"access_score":0.3333,"access_tier":"low","analysis_ok":true,"snap_ok":true},"geometry":{"type":"Point","coordinates":[79.8752396066231,6.8411560207427575]}}]}