{"type":"FeatureCollection","features":[{"type":"Feature","properties":{"node_id":1,"degree":1,"jtype":"culdesac","gn_name":"Mount Lavinia","inside_primary":true,"inside_gn":true,"in_corridor":false,"stub_length_m":63.407,"neighbor_node_id":3,"neighbor_jtype":"three_way","dist_to_junction_m":63.407,"depth_class":"medium"},"geometry":{"type":"Point","coordinates":[79.86201640564084,6.833173274884289]}},{"type":"Feature","properties":{"node_id":2,"degree":1,"jtype":"culdesac","gn_name":null,"inside_primary":false,"inside_gn":false,"in_corridor":false,"stub_length_m":381.326,"neighbor_node_id":191,"neighbor_jtype":"three_way","dist_to_junction_m":381.326,"depth_class":"long"},"geometry":{"type":"Point","coordinates":[79.86255539481132,6.849102956988517]}},{"type":"Feature","properties":{"node_id":4,"degree":1,"jtype":"culdesac","gn_name":"Mount Lavinia","inside_primary":true,"inside_gn":true,"in_corridor":false,"stub_length_m":154.175,"neighbor_node_id":72,"neighbor_jtype":"four_way","dist_to_junction_m":154.175,"depth_class":"long"},"geometry":{"type":"Point","coordinates":[79.86268115895109,6.848469704295054]}},{"type":"Feature","properties":{"node_id":5,"degree":1,"jtype":"culdesac","gn_name":null,"inside_primary":false,"inside_gn":false,"in_corridor":false,"stub_length_m":86.145,"neighbor_node_id":36,"neighbor_jtype":"three_way","dist_to_junction_m":86.145,"depth_class":"medium"},"geometry":{"type":"Point","coordinates":[79.86270810840963,6.849539990047248]}},{"type":"Feature","properties":{"node_id":6,"degree":1,"jtype":"culdesac","gn_name":"Mount Lavinia","inside_primary":true,"inside_gn":true,"in_corridor":false,"stub_length_m":130.136,"neighbor_node_id":16,"neighbor_jtype":"three_way","dist_to_junction_m":130.136,"depth_class":"medium"},"geometry":{"type":"Point","coordinates":[79.86286082200793,6.83382438652378]}},{"type":"Feature","properties":{"node_id":7,"degree":1,"jtype":"culdesac","gn_name":"Mount Lavinia","inside_primary":true,"inside_gn":true,"in_corridor":false,"stub_length_m":17.263,"neighbor_node_id":16,"neighbor_jtype":"three_way","dist_to_junction_m":17.263,"depth_class":"short"},"geometry":{"type":"Point","coordinates":[79.86289675461929,6.8349214630338215]}},{"type":"Feature","properties":{"node_id":8,"degree":1,"jtype":"culdesac","gn_name":"Mount Lavinia","inside_primary":true,"inside_gn":true,"in_corridor":false,"stub_length_m":28.071,"neighbor_node_id":24,"neighbor_jtype":"three_way","dist_to_junction_m":28.071,"depth_class":"short"},"geometry":{"type":"Point","coordinates":[79.86289675461929,6.844304486057538]}},{"type":"Feature","properties":{"node_id":9,"degree":1,"jtype":"culdesac","gn_name":"Mount Lavinia","inside_primary":true,"inside_gn":true,"in_corridor":false,"stub_length_m":151.554,"neighbor_node_id":72,"neighbor_jtype":"four_way","dist_to_junction_m":151.554,"depth_class":"long"},"geometry":{"type":"Point","coordinates":[79.86290573777212,6.84875511406377]}},{"type":"Feature","properties":{"node_id":10,"degree":1,"jtype":"culdesac","gn_name":"Mount Lavinia","inside_primary":true,"inside_gn":true,"in_corridor":false,"stub_length_m":32.0,"neighbor_node_id":25,"neighbor_jtype":"three_way","dist_to_junction_m":32.0,"depth_class":"short"},"geometry":{"type":"Point","coordinates":[79.86291472092498,6.843590954661193]}},{"type":"Feature","properties":{"node_id":12,"degree":1,"jtype":"culdesac","gn_name":"Mount Lavinia","inside_primary":true,"inside_gn":true,"in_corridor":false,"stub_length_m":99.511,"neighbor_node_id":39,"neighbor_jtype":"three_way","dist_to_junction_m":99.511,"depth_class":"medium"},"geometry":{"type":"Point","coordinates":[79.86292370407782,6.847658069332086]}},{"type":"Feature","properties":{"node_id":13,"degree":1,"jtype":"culdesac","gn_name":"Mount Lavinia","inside_primary":true,"inside_gn":true,"in_corridor":false,"stub_length_m":64.382,"neighbor_node_id":38,"neighbor_jtype":"three_way","dist_to_junction_m":64.382,"depth_class":"medium"},"geometry":{"type":"Point","coordinates":[79.8629865861477,6.8423244338063]}},{"type":"Feature","properties":{"node_id":14,"degree":1,"jtype":"culdesac","gn_name":"Mount Lavinia","inside_primary":true,"inside_gn":true,"in_corridor":false,"stub_length_m":161.009,"neighbor_node_id":88,"neighbor_jtype":"three_way","dist_to_junction_m":161.009,"depth_class":"long"},"geometry":{"type":"Point","coordinates":[79.8630315019119,6.841548465144014]}},{"type":"Feature","properties":{"node_id":15,"degree":1,"jtype":"culdesac","gn_name":"Mount Lavinia","inside_primary":true,"inside_gn":true,"in_corridor":false,"stub_length_m":21.213,"neighbor_node_id":19,"neighbor_jtype":"three_way","dist_to_junction_m":21.213,"depth_class":"short"},"geometry":{"type":"Point","coordinates":[79.8630315019119,6.847497525989033]}},{"type":"Feature","properties":{"node_id":18,"degree":1,"jtype":"culdesac","gn_name":"Mount Lavinia","inside_primary":true,"inside_gn":true,"in_corridor":false,"stub_length_m":381.473,"neighbor_node_id":251,"neighbor_jtype":"three_way","dist_to_junction_m":381.473,"depth_class":"long"},"geometry":{"type":"Point","coordinates":[79.86305845137042,6.843002290456372]}},{"type":"Feature","properties":{"node_id":20,"degree":1,"jtype":"culdesac","gn_name":"Mount Lavinia","inside_primary":true,"inside_gn":true,"in_corridor":false,"stub_length_m":157.715,"neighbor_node_id":92,"neighbor_jtype":"three_way","dist_to_junction_m":157.715,"depth_class":"long"},"geometry":{"type":"Point","coordinates":[79.86309438398179,6.841040071198851]}},{"type":"Feature","properties":{"node_id":21,"degree":1,"jtype":"culdesac","gn_name":"Mount Lavinia","inside_primary":true,"inside_gn":true,"in_corridor":false,"stub_length_m":67.222,"neighbor_node_id":32,"neighbor_jtype":"three_way","dist_to_junction_m":67.222,"depth_class":"medium"},"geometry":{"type":"Point","coordinates":[79.86309438398179,6.844688008742378]}},{"type":"Feature","properties":{"node_id":22,"degree":1,"jtype":"culdesac","gn_name":"Mount Lavinia","inside_primary":true,"inside_gn":true,"in_corridor":false,"stub_length_m":51.352,"neighbor_node_id":39,"neighbor_jtype":"three_way","dist_to_junction_m":51.352,"depth_class":"medium"},"geometry":{"type":"Point","coordinates":[79.86311235028748,6.847898884245379]}},{"type":"Feature","properties":{"node_id":26,"degree":1,"jtype":"culdesac","gn_name":"Wedikanda","inside_primary":true,"inside_gn":true,"in_corridor":false,"stub_length_m":62.617,"neighbor_node_id":49,"neighbor_jtype":"four_way","dist_to_junction_m":62.617,"depth_class":"medium"},"geometry":{"type":"Point","coordinates":[79.86324709758009,6.829141714583826]}},{"type":"Feature","properties":{"node_id":27,"degree":1,"jtype":"culdesac","gn_name":"Mount Lavinia","inside_primary":true,"inside_gn":true,"in_corridor":false,"stub_length_m":147.363,"neighbor_node_id":97,"neighbor_jtype":"three_way","dist_to_junction_m":147.363,"depth_class":"medium"},"geometry":{"type":"Point","coordinates":[79.8632920133443,6.8402730196608665]}},{"type":"Feature","properties":{"node_id":28,"degree":1,"jtype":"culdesac","gn_name":"Mount Lavinia","inside_primary":true,"inside_gn":true,"in_corridor":false,"stub_length_m":201.318,"neighbor_node_id":140,"neighbor_jtype":"three_way","dist_to_junction_m":201.318,"depth_class":"long"},"geometry":{"type":"Point","coordinates":[79.86334591226135,6.835813393300189]}},{"type":"Feature","properties":{"node_id":29,"degree":1,"jtype":"culdesac","gn_name":"Mount Lavinia","inside_primary":true,"inside_gn":true,"in_corridor":false,"stub_length_m":160.574,"neighbor_node_id":100,"neighbor_jtype":"three_way","dist_to_junction_m":160.574,"depth_class":"long"},"geometry":{"type":"Point","coordinates":[79.86336387856703,6.839853816555584]}},{"type":"Feature","properties":{"node_id":30,"degree":1,"jtype":"culdesac","gn_name":"Mount Lavinia","inside_primary":true,"inside_gn":true,"in_corridor":false,"stub_length_m":135.34,"neighbor_node_id":96,"neighbor_jtype":"four_way","dist_to_junction_m":135.34,"depth_class":"medium"},"geometry":{"type":"Point","coordinates":[79.86338184487272,6.840540595918678]}},{"type":"Feature","properties":{"node_id":31,"degree":1,"jtype":"culdesac","gn_name":"Mount Lavinia","inside_primary":true,"inside_gn":true,"in_corridor":false,"stub_length_m":82.826,"neighbor_node_id":38,"neighbor_jtype":"three_way","dist_to_junction_m":82.826,"depth_class":"medium"},"geometry":{"type":"Point","coordinates":[79.86338184487272,6.841842798233315]}},{"type":"Feature","properties":{"node_id":33,"degree":1,"jtype":"culdesac","gn_name":null,"inside_primary":false,"inside_gn":false,"in_corridor":false,"stub_length_m":25.298,"neighbor_node_id":36,"neighbor_jtype":"three_way","dist_to_junction_m":25.298,"depth_class":"short"},"geometry":{"type":"Point","coordinates":[79.8633998111784,6.849878913368137]}},{"type":"Feature","properties":{"node_id":34,"degree":1,"jtype":"culdesac","gn_name":"Mount Lavinia","inside_primary":true,"inside_gn":true,"in_corridor":false,"stub_length_m":54.452,"neighbor_node_id":60,"neighbor_jtype":"three_way","dist_to_junction_m":54.452,"depth_class":"medium"},"geometry":{"type":"Point","coordinates":[79.86343574378976,6.838453497132754]}},{"type":"Feature","properties":{"node_id":35,"degree":1,"jtype":"culdesac","gn_name":"Mount Lavinia","inside_primary":true,"inside_gn":true,"in_corridor":false,"stub_length_m":139.043,"neighbor_node_id":106,"neighbor_jtype":"three_way","dist_to_junction_m":139.043,"depth_class":"medium"},"geometry":{"type":"Point","coordinates":[79.86346269324828,6.839639755253543]}},{"type":"Feature","properties":{"node_id":40,"degree":1,"jtype":"culdesac","gn_name":"Wedikanda","inside_primary":true,"inside_gn":true,"in_corridor":false,"stub_length_m":34.366,"neighbor_node_id":57,"neighbor_jtype":"three_way","dist_to_junction_m":34.366,"depth_class":"short"},"geometry":{"type":"Point","coordinates":[79.86360642369374,6.826421284121378]}},{"type":"Feature","properties":{"node_id":41,"degree":1,"jtype":"culdesac","gn_name":"Wedikanda","inside_primary":true,"inside_gn":true,"in_corridor":false,"stub_length_m":42.166,"neighbor_node_id":63,"neighbor_jtype":"three_way","dist_to_junction_m":42.166,"depth_class":"short"},"geometry":{"type":"Point","coordinates":[79.86360642369374,6.827919752650024]}},{"type":"Feature","properties":{"node_id":51,"degree":1,"jtype":"culdesac","gn_name":"Mount Lavinia","inside_primary":true,"inside_gn":true,"in_corridor":false,"stub_length_m":66.902,"neighbor_node_id":61,"neighbor_jtype":"three_way","dist_to_junction_m":66.902,"depth_class":"medium"},"geometry":{"type":"Point","coordinates":[79.8637501541392,6.843983397061162]}},{"type":"Feature","properties":{"node_id":52,"degree":1,"jtype":"culdesac","gn_name":"Mount Lavinia","inside_primary":true,"inside_gn":true,"in_corridor":false,"stub_length_m":36.126,"neighbor_node_id":53,"neighbor_jtype":"three_way","dist_to_junction_m":36.126,"depth_class":"short"},"geometry":{"type":"Point","coordinates":[79.86375913729204,6.844688008742378]}},{"type":"Feature","properties":{"node_id":55,"degree":1,"jtype":"culdesac","gn_name":"Mount Lavinia","inside_primary":true,"inside_gn":true,"in_corridor":false,"stub_length_m":85.0,"neighbor_node_id":19,"neighbor_jtype":"three_way","dist_to_junction_m":85.0,"depth_class":"medium"},"geometry":{"type":"Point","coordinates":[79.86381303620908,6.847426173374781]}},{"type":"Feature","properties":{"node_id":56,"degree":1,"jtype":"culdesac","gn_name":"Wedikanda","inside_primary":true,"inside_gn":true,"in_corridor":false,"stub_length_m":74.525,"neighbor_node_id":90,"neighbor_jtype":"four_way","dist_to_junction_m":74.525,"depth_class":"medium"},"geometry":{"type":"Point","coordinates":[79.86383998566762,6.825092281322151]}},{"type":"Feature","properties":{"node_id":58,"degree":1,"jtype":"culdesac","gn_name":"Mount Lavinia","inside_primary":true,"inside_gn":true,"in_corridor":false,"stub_length_m":31.257,"neighbor_node_id":62,"neighbor_jtype":"three_way","dist_to_junction_m":31.257,"depth_class":"short"},"geometry":{"type":"Point","coordinates":[79.86391185089035,6.8353406704663096]}},{"type":"Feature","properties":{"node_id":59,"degree":1,"jtype":"culdesac","gn_name":"Wedikanda","inside_primary":true,"inside_gn":true,"in_corridor":false,"stub_length_m":74.168,"neighbor_node_id":95,"neighbor_jtype":"three_way","dist_to_junction_m":74.168,"depth_class":"medium"},"geometry":{"type":"Point","coordinates":[79.86392083404318,6.8247890184213915]}},{"type":"Feature","properties":{"node_id":64,"degree":1,"jtype":"culdesac","gn_name":"Mount Lavinia","inside_primary":true,"inside_gn":true,"in_corridor":false,"stub_length_m":51.039,"neighbor_node_id":87,"neighbor_jtype":"three_way","dist_to_junction_m":51.039,"depth_class":"medium"},"geometry":{"type":"Point","coordinates":[79.86396574980739,6.832388372003242]}},{"type":"Feature","properties":{"node_id":65,"degree":1,"jtype":"culdesac","gn_name":"Mount Lavinia","inside_primary":true,"inside_gn":true,"in_corridor":false,"stub_length_m":98.592,"neighbor_node_id":123,"neighbor_jtype":"three_way","dist_to_junction_m":98.592,"depth_class":"medium"},"geometry":{"type":"Point","coordinates":[79.86402863187728,6.8381145657000895]}},{"type":"Feature","properties":{"node_id":68,"degree":1,"jtype":"culdesac","gn_name":"Wedikanda","inside_primary":true,"inside_gn":true,"in_corridor":false,"stub_length_m":76.295,"neighbor_node_id":57,"neighbor_jtype":"three_way","dist_to_junction_m":76.295,"depth_class":"medium"},"geometry":{"type":"Point","coordinates":[79.86403761503013,6.825796920849758]}},{"type":"Feature","properties":{"node_id":77,"degree":1,"jtype":"culdesac","gn_name":"Mount Lavinia","inside_primary":true,"inside_gn":true,"in_corridor":false,"stub_length_m":67.602,"neighbor_node_id":117,"neighbor_jtype":"three_way","dist_to_junction_m":67.602,"depth_class":"medium"},"geometry":{"type":"Point","coordinates":[79.86419032862842,6.847497525989033]}},{"type":"Feature","properties":{"node_id":78,"degree":1,"jtype":"culdesac","gn_name":"Mount Lavinia","inside_primary":true,"inside_gn":true,"in_corridor":false,"stub_length_m":19.235,"neighbor_node_id":72,"neighbor_jtype":"four_way","dist_to_junction_m":19.235,"depth_class":"short"},"geometry":{"type":"Point","coordinates":[79.86422626123978,6.8486659235293885]}},{"type":"Feature","properties":{"node_id":80,"degree":1,"jtype":"culdesac","gn_name":"Wedikanda","inside_primary":true,"inside_gn":true,"in_corridor":false,"stub_length_m":69.463,"neighbor_node_id":49,"neighbor_jtype":"four_way","dist_to_junction_m":69.463,"depth_class":"medium"},"geometry":{"type":"Point","coordinates":[79.86424422754547,6.8296322823654165]}},{"type":"Feature","properties":{"node_id":85,"degree":1,"jtype":"culdesac","gn_name":"Mount Lavinia","inside_primary":true,"inside_gn":true,"in_corridor":false,"stub_length_m":81.405,"neighbor_node_id":108,"neighbor_jtype":"three_way","dist_to_junction_m":81.405,"depth_class":"medium"},"geometry":{"type":"Point","coordinates":[79.86439694114377,6.830970191940091]}},{"type":"Feature","properties":{"node_id":91,"degree":1,"jtype":"culdesac","gn_name":"Wedikanda","inside_primary":true,"inside_gn":true,"in_corridor":false,"stub_length_m":32.066,"neighbor_node_id":94,"neighbor_jtype":"three_way","dist_to_junction_m":32.066,"depth_class":"short"},"geometry":{"type":"Point","coordinates":[79.86449575582502,6.828668985154741]}},{"type":"Feature","properties":{"node_id":101,"degree":1,"jtype":"culdesac","gn_name":"Mount Lavinia","inside_primary":true,"inside_gn":true,"in_corridor":false,"stub_length_m":35.228,"neighbor_node_id":98,"neighbor_jtype":"three_way","dist_to_junction_m":35.228,"depth_class":"short"},"geometry":{"type":"Point","coordinates":[79.86463948627048,6.84655210298426]}},{"type":"Feature","properties":{"node_id":105,"degree":1,"jtype":"culdesac","gn_name":"Wedikanda","inside_primary":true,"inside_gn":true,"in_corridor":false,"stub_length_m":79.26,"neighbor_node_id":69,"neighbor_jtype":"three_way","dist_to_junction_m":79.26,"depth_class":"medium"},"geometry":{"type":"Point","coordinates":[79.86470236834036,6.827215116247755]}},{"type":"Feature","properties":{"node_id":107,"degree":1,"jtype":"culdesac","gn_name":"Mount Lavinia","inside_primary":true,"inside_gn":true,"in_corridor":false,"stub_length_m":99.942,"neighbor_node_id":166,"neighbor_jtype":"three_way","dist_to_junction_m":99.942,"depth_class":"medium"},"geometry":{"type":"Point","coordinates":[79.86470236834036,6.848871061733535]}},{"type":"Feature","properties":{"node_id":109,"degree":1,"jtype":"culdesac","gn_name":"Mount Lavinia","inside_primary":true,"inside_gn":true,"in_corridor":false,"stub_length_m":49.163,"neighbor_node_id":82,"neighbor_jtype":"three_way","dist_to_junction_m":49.163,"depth_class":"short"},"geometry":{"type":"Point","coordinates":[79.86473830095173,6.833146516852739]}},{"type":"Feature","properties":{"node_id":112,"degree":1,"jtype":"culdesac","gn_name":null,"inside_primary":false,"inside_gn":false,"in_corridor":false,"stub_length_m":143.758,"neighbor_node_id":36,"neighbor_jtype":"three_way","dist_to_junction_m":143.758,"depth_class":"medium"},"geometry":{"type":"Point","coordinates":[79.86474728410457,6.849852156272614]}},{"type":"Feature","properties":{"node_id":118,"degree":1,"jtype":"culdesac","gn_name":"Mount Lavinia","inside_primary":true,"inside_gn":true,"in_corridor":false,"stub_length_m":80.399,"neighbor_node_id":74,"neighbor_jtype":"three_way","dist_to_junction_m":80.399,"depth_class":"medium"},"geometry":{"type":"Point","coordinates":[79.86481016617446,6.84629344919436]}},{"type":"Feature","properties":{"node_id":119,"degree":1,"jtype":"culdesac","gn_name":"Mount Lavinia","inside_primary":true,"inside_gn":true,"in_corridor":false,"stub_length_m":48.26,"neighbor_node_id":114,"neighbor_jtype":"three_way","dist_to_junction_m":48.26,"depth_class":"short"},"geometry":{"type":"Point","coordinates":[79.8648191493273,6.842101454434753]}},{"type":"Feature","properties":{"node_id":121,"degree":1,"jtype":"culdesac","gn_name":"Mount Lavinia","inside_primary":true,"inside_gn":true,"in_corridor":false,"stub_length_m":97.793,"neighbor_node_id":166,"neighbor_jtype":"three_way","dist_to_junction_m":97.793,"depth_class":"medium"},"geometry":{"type":"Point","coordinates":[79.86486406509151,6.848380513707313]}},{"type":"Feature","properties":{"node_id":124,"degree":1,"jtype":"culdesac","gn_name":"Mount Lavinia","inside_primary":true,"inside_gn":true,"in_corridor":false,"stub_length_m":29.155,"neighbor_node_id":129,"neighbor_jtype":"three_way","dist_to_junction_m":29.155,"depth_class":"short"},"geometry":{"type":"Point","coordinates":[79.86490898085572,6.841798202322354]}},{"type":"Feature","properties":{"node_id":126,"degree":1,"jtype":"culdesac","gn_name":"Wedikanda","inside_primary":true,"inside_gn":true,"in_corridor":false,"stub_length_m":25.179,"neighbor_node_id":122,"neighbor_jtype":"three_way","dist_to_junction_m":25.179,"depth_class":"short"},"geometry":{"type":"Point","coordinates":[79.8649269471614,6.823790033389641]}},{"type":"Feature","properties":{"node_id":127,"degree":1,"jtype":"culdesac","gn_name":"Wedikanda","inside_primary":true,"inside_gn":true,"in_corridor":false,"stub_length_m":48.094,"neighbor_node_id":90,"neighbor_jtype":"four_way","dist_to_junction_m":48.094,"depth_class":"short"},"geometry":{"type":"Point","coordinates":[79.8649269471614,6.825252832191834]}},{"type":"Feature","properties":{"node_id":130,"degree":1,"jtype":"culdesac","gn_name":"Wedikanda","inside_primary":true,"inside_gn":true,"in_corridor":false,"stub_length_m":40.162,"neighbor_node_id":154,"neighbor_jtype":"three_way","dist_to_junction_m":40.162,"depth_class":"short"},"geometry":{"type":"Point","coordinates":[79.86495389661992,6.8209179398142155]}},{"type":"Feature","properties":{"node_id":132,"degree":1,"jtype":"culdesac","gn_name":"Mount Lavinia","inside_primary":true,"inside_gn":true,"in_corridor":false,"stub_length_m":31.953,"neighbor_node_id":150,"neighbor_jtype":"three_way","dist_to_junction_m":31.953,"depth_class":"short"},"geometry":{"type":"Point","coordinates":[79.86497186292561,6.835313912556071]}},{"type":"Feature","properties":{"node_id":135,"degree":1,"jtype":"culdesac","gn_name":"Wedikanda","inside_primary":true,"inside_gn":true,"in_corridor":false,"stub_length_m":42.379,"neighbor_node_id":158,"neighbor_jtype":"three_way","dist_to_junction_m":42.379,"depth_class":"short"},"geometry":{"type":"Point","coordinates":[79.86502576184266,6.8206592721561]}},{"type":"Feature","properties":{"node_id":138,"degree":1,"jtype":"culdesac","gn_name":"Wedikanda","inside_primary":true,"inside_gn":true,"in_corridor":false,"stub_length_m":125.153,"neighbor_node_id":178,"neighbor_jtype":"three_way","dist_to_junction_m":125.153,"depth_class":"medium"},"geometry":{"type":"Point","coordinates":[79.86506169445401,6.8295876853151505]}},{"type":"Feature","properties":{"node_id":139,"degree":1,"jtype":"culdesac","gn_name":"Wedikanda","inside_primary":true,"inside_gn":true,"in_corridor":false,"stub_length_m":43.081,"neighbor_node_id":162,"neighbor_jtype":"three_way","dist_to_junction_m":43.081,"depth_class":"short"},"geometry":{"type":"Point","coordinates":[79.86511559337107,6.82041844352126]}},{"type":"Feature","properties":{"node_id":141,"degree":1,"jtype":"culdesac","gn_name":"Mount Lavinia","inside_primary":true,"inside_gn":true,"in_corridor":false,"stub_length_m":23.022,"neighbor_node_id":129,"neighbor_jtype":"three_way","dist_to_junction_m":23.022,"depth_class":"short"},"geometry":{"type":"Point","coordinates":[79.86514254282959,6.841548465144014]}},{"type":"Feature","properties":{"node_id":145,"degree":1,"jtype":"culdesac","gn_name":"Mount Lavinia","inside_primary":true,"inside_gn":true,"in_corridor":false,"stub_length_m":79.427,"neighbor_node_id":116,"neighbor_jtype":"three_way","dist_to_junction_m":79.427,"depth_class":"medium"},"geometry":{"type":"Point","coordinates":[79.86516050913526,6.839461370761901]}},{"type":"Feature","properties":{"node_id":149,"degree":1,"jtype":"culdesac","gn_name":"Mount Lavinia","inside_primary":true,"inside_gn":true,"in_corridor":false,"stub_length_m":90.139,"neighbor_node_id":86,"neighbor_jtype":"three_way","dist_to_junction_m":90.139,"depth_class":"medium"},"geometry":{"type":"Point","coordinates":[79.86522339120516,6.84370690358567]}},{"type":"Feature","properties":{"node_id":153,"degree":1,"jtype":"culdesac","gn_name":"Mount Lavinia","inside_primary":true,"inside_gn":true,"in_corridor":false,"stub_length_m":43.292,"neighbor_node_id":156,"neighbor_jtype":"three_way","dist_to_junction_m":43.292,"depth_class":"short"},"geometry":{"type":"Point","coordinates":[79.86528627327505,6.847328063512761]}},{"type":"Feature","properties":{"node_id":155,"degree":1,"jtype":"culdesac","gn_name":"Wedikanda","inside_primary":true,"inside_gn":true,"in_corridor":false,"stub_length_m":144.554,"neighbor_node_id":133,"neighbor_jtype":"three_way","dist_to_junction_m":144.554,"depth_class":"medium"},"geometry":{"type":"Point","coordinates":[79.86533118903925,6.825359866075042]}},{"type":"Feature","properties":{"node_id":159,"degree":1,"jtype":"culdesac","gn_name":"Mount Lavinia","inside_primary":true,"inside_gn":true,"in_corridor":false,"stub_length_m":52.799,"neighbor_node_id":174,"neighbor_jtype":"three_way","dist_to_junction_m":52.799,"depth_class":"medium"},"geometry":{"type":"Point","coordinates":[79.86542102056767,6.84416177986359]}},{"type":"Feature","properties":{"node_id":160,"degree":1,"jtype":"culdesac","gn_name":"Mount Lavinia","inside_primary":true,"inside_gn":true,"in_corridor":false,"stub_length_m":162.924,"neighbor_node_id":298,"neighbor_jtype":"three_way","dist_to_junction_m":162.924,"depth_class":"long"},"geometry":{"type":"Point","coordinates":[79.8654300037205,6.8416911721190585]}},{"type":"Feature","properties":{"node_id":161,"degree":1,"jtype":"culdesac","gn_name":null,"inside_primary":false,"inside_gn":false,"in_corridor":false,"stub_length_m":87.071,"neighbor_node_id":202,"neighbor_jtype":"four_way","dist_to_junction_m":87.071,"depth_class":"medium"},"geometry":{"type":"Point","coordinates":[79.86544797002618,6.819419449372922]}},{"type":"Feature","properties":{"node_id":163,"degree":1,"jtype":"culdesac","gn_name":"Mount Lavinia","inside_primary":true,"inside_gn":true,"in_corridor":false,"stub_length_m":81.194,"neighbor_node_id":170,"neighbor_jtype":"four_way","dist_to_junction_m":81.194,"depth_class":"medium"},"geometry":{"type":"Point","coordinates":[79.86549288579039,6.839630836030543]}},{"type":"Feature","properties":{"node_id":165,"degree":1,"jtype":"culdesac","gn_name":"Mount Lavinia","inside_primary":true,"inside_gn":true,"in_corridor":false,"stub_length_m":44.911,"neighbor_node_id":170,"neighbor_jtype":"four_way","dist_to_junction_m":44.911,"depth_class":"short"},"geometry":{"type":"Point","coordinates":[79.86550186894323,6.840549515124691]}},{"type":"Feature","properties":{"node_id":167,"degree":1,"jtype":"culdesac","gn_name":"Mount Lavinia","inside_primary":true,"inside_gn":true,"in_corridor":false,"stub_length_m":92.021,"neighbor_node_id":237,"neighbor_jtype":"three_way","dist_to_junction_m":92.021,"depth_class":"medium"},"geometry":{"type":"Point","coordinates":[79.86551085209607,6.8439655587772545]}},{"type":"Feature","properties":{"node_id":169,"degree":1,"jtype":"culdesac","gn_name":"Wedikanda","inside_primary":true,"inside_gn":true,"in_corridor":false,"stub_length_m":87.842,"neighbor_node_id":187,"neighbor_jtype":"three_way","dist_to_junction_m":87.842,"depth_class":"medium"},"geometry":{"type":"Point","coordinates":[79.86554678470745,6.8275808137505924]}},{"type":"Feature","properties":{"node_id":172,"degree":1,"jtype":"culdesac","gn_name":"Mount Lavinia","inside_primary":true,"inside_gn":true,"in_corridor":false,"stub_length_m":89.342,"neighbor_node_id":228,"neighbor_jtype":"three_way","dist_to_junction_m":89.342,"depth_class":"medium"},"geometry":{"type":"Point","coordinates":[79.86561864993017,6.830702610324527]}},{"type":"Feature","properties":{"node_id":175,"degree":1,"jtype":"culdesac","gn_name":"Mount Lavinia","inside_primary":true,"inside_gn":true,"in_corridor":false,"stub_length_m":69.147,"neighbor_node_id":226,"neighbor_jtype":"three_way","dist_to_junction_m":69.147,"depth_class":"medium"},"geometry":{"type":"Point","coordinates":[79.86562763308301,6.845428295843971]}},{"type":"Feature","properties":{"node_id":176,"degree":1,"jtype":"culdesac","gn_name":"Mount Lavinia","inside_primary":true,"inside_gn":true,"in_corridor":false,"stub_length_m":48.166,"neighbor_node_id":171,"neighbor_jtype":"three_way","dist_to_junction_m":48.166,"depth_class":"short"},"geometry":{"type":"Point","coordinates":[79.8656455993887,6.8422084845460915]}},{"type":"Feature","properties":{"node_id":177,"degree":1,"jtype":"culdesac","gn_name":"Mount Lavinia","inside_primary":true,"inside_gn":true,"in_corridor":false,"stub_length_m":82.219,"neighbor_node_id":242,"neighbor_jtype":"three_way","dist_to_junction_m":82.219,"depth_class":"medium"},"geometry":{"type":"Point","coordinates":[79.8656455993887,6.843590954661193]}},{"type":"Feature","properties":{"node_id":180,"degree":1,"jtype":"culdesac","gn_name":"Mount Lavinia","inside_primary":true,"inside_gn":true,"in_corridor":false,"stub_length_m":78.16,"neighbor_node_id":245,"neighbor_jtype":"three_way","dist_to_junction_m":78.16,"depth_class":"medium"},"geometry":{"type":"Point","coordinates":[79.86569949830574,6.84195874758232]}},{"type":"Feature","properties":{"node_id":183,"degree":1,"jtype":"culdesac","gn_name":"Wedikanda","inside_primary":true,"inside_gn":true,"in_corridor":false,"stub_length_m":130.863,"neighbor_node_id":263,"neighbor_jtype":"three_way","dist_to_junction_m":130.863,"depth_class":"medium"},"geometry":{"type":"Point","coordinates":[79.86574441406995,6.825672048097701]}},{"type":"Feature","properties":{"node_id":185,"degree":1,"jtype":"culdesac","gn_name":"Wedikanda","inside_primary":true,"inside_gn":true,"in_corridor":false,"stub_length_m":92.347,"neighbor_node_id":263,"neighbor_jtype":"three_way","dist_to_junction_m":92.347,"depth_class":"medium"},"geometry":{"type":"Point","coordinates":[79.86575339722279,6.826180458384526]}},{"type":"Feature","properties":{"node_id":186,"degree":1,"jtype":"culdesac","gn_name":"Mount Lavinia","inside_primary":true,"inside_gn":true,"in_corridor":false,"stub_length_m":70.178,"neighbor_node_id":143,"neighbor_jtype":"three_way","dist_to_junction_m":70.178,"depth_class":"medium"},"geometry":{"type":"Point","coordinates":[79.8657803466813,6.84481287652676]}},{"type":"Feature","properties":{"node_id":188,"degree":1,"jtype":"culdesac","gn_name":"Wedikanda","inside_primary":true,"inside_gn":true,"in_corridor":false,"stub_length_m":41.0,"neighbor_node_id":196,"neighbor_jtype":"three_way","dist_to_junction_m":41.0,"depth_class":"short"},"geometry":{"type":"Point","coordinates":[79.86590611082109,6.821016055096272]}},{"type":"Feature","properties":{"node_id":189,"degree":1,"jtype":"culdesac","gn_name":"Mount Lavinia","inside_primary":true,"inside_gn":true,"in_corridor":false,"stub_length_m":101.287,"neighbor_node_id":173,"neighbor_jtype":"three_way","dist_to_junction_m":101.287,"depth_class":"medium"},"geometry":{"type":"Point","coordinates":[79.86591509397392,6.8330305653653856]}},{"type":"Feature","properties":{"node_id":190,"degree":1,"jtype":"culdesac","gn_name":null,"inside_primary":false,"inside_gn":false,"in_corridor":true,"stub_length_m":69.029,"neighbor_node_id":192,"neighbor_jtype":"three_way","dist_to_junction_m":69.029,"depth_class":"medium"},"geometry":{"type":"Point","coordinates":[79.86594204343245,6.8500929700782995]}},{"type":"Feature","properties":{"node_id":195,"degree":1,"jtype":"culdesac","gn_name":null,"inside_primary":false,"inside_gn":false,"in_corridor":true,"stub_length_m":39.013,"neighbor_node_id":192,"neighbor_jtype":"three_way","dist_to_junction_m":39.013,"depth_class":"short"},"geometry":{"type":"Point","coordinates":[79.86596899289097,6.849825399175587]}},{"type":"Feature","properties":{"node_id":198,"degree":1,"jtype":"culdesac","gn_name":"Wedikanda","inside_primary":true,"inside_gn":true,"in_corridor":false,"stub_length_m":126.436,"neighbor_node_id":122,"neighbor_jtype":"three_way","dist_to_junction_m":126.436,"depth_class":"medium"},"geometry":{"type":"Point","coordinates":[79.86602289180802,6.824182492043562]}},{"type":"Feature","properties":{"node_id":199,"degree":1,"jtype":"culdesac","gn_name":"Wedikanda","inside_primary":true,"inside_gn":true,"in_corridor":false,"stub_length_m":58.009,"neighbor_node_id":203,"neighbor_jtype":"three_way","dist_to_junction_m":58.009,"depth_class":"medium"},"geometry":{"type":"Point","coordinates":[79.86602289180802,6.827661088774786]}},{"type":"Feature","properties":{"node_id":200,"degree":1,"jtype":"culdesac","gn_name":"Mount Lavinia","inside_primary":true,"inside_gn":true,"in_corridor":false,"stub_length_m":85.0,"neighbor_node_id":287,"neighbor_jtype":"three_way","dist_to_junction_m":85.0,"depth_class":"medium"},"geometry":{"type":"Point","coordinates":[79.86602289180802,6.839220551592518]}},{"type":"Feature","properties":{"node_id":201,"degree":1,"jtype":"culdesac","gn_name":null,"inside_primary":false,"inside_gn":false,"in_corridor":true,"stub_length_m":38.053,"neighbor_node_id":206,"neighbor_jtype":"three_way","dist_to_junction_m":38.053,"depth_class":"short"},"geometry":{"type":"Point","coordinates":[79.86602289180802,6.849825399175587]}},{"type":"Feature","properties":{"node_id":204,"degree":1,"jtype":"culdesac","gn_name":"Mount Lavinia","inside_primary":true,"inside_gn":true,"in_corridor":false,"stub_length_m":125.312,"neighbor_node_id":125,"neighbor_jtype":"three_way","dist_to_junction_m":125.312,"depth_class":"medium"},"geometry":{"type":"Point","coordinates":[79.86603187496085,6.838185919705895]}},{"type":"Feature","properties":{"node_id":210,"degree":1,"jtype":"culdesac","gn_name":null,"inside_primary":false,"inside_gn":false,"in_corridor":true,"stub_length_m":51.01,"neighbor_node_id":208,"neighbor_jtype":"three_way","dist_to_junction_m":51.01,"depth_class":"medium"},"geometry":{"type":"Point","coordinates":[79.86605882441938,6.850084051050627]}},{"type":"Feature","properties":{"node_id":213,"degree":1,"jtype":"culdesac","gn_name":null,"inside_primary":false,"inside_gn":false,"in_corridor":false,"stub_length_m":165.046,"neighbor_node_id":307,"neighbor_jtype":"three_way","dist_to_junction_m":165.046,"depth_class":"long"},"geometry":{"type":"Point","coordinates":[79.8660857738779,6.818973469169876]}},{"type":"Feature","properties":{"node_id":217,"degree":1,"jtype":"culdesac","gn_name":"Wedikanda","inside_primary":true,"inside_gn":true,"in_corridor":false,"stub_length_m":109.673,"neighbor_node_id":142,"neighbor_jtype":"three_way","dist_to_junction_m":109.673,"depth_class":"medium"},"geometry":{"type":"Point","coordinates":[79.86611272333644,6.823281620564229]}},{"type":"Feature","properties":{"node_id":218,"degree":1,"jtype":"culdesac","gn_name":"Mount Lavinia","inside_primary":true,"inside_gn":true,"in_corridor":false,"stub_length_m":43.012,"neighbor_node_id":222,"neighbor_jtype":"three_way","dist_to_junction_m":43.012,"depth_class":"short"},"geometry":{"type":"Point","coordinates":[79.86611272333644,6.83116641836303]}},{"type":"Feature","properties":{"node_id":219,"degree":1,"jtype":"culdesac","gn_name":"Mount Lavinia","inside_primary":true,"inside_gn":true,"in_corridor":false,"stub_length_m":35.136,"neighbor_node_id":215,"neighbor_jtype":"three_way","dist_to_junction_m":35.136,"depth_class":"short"},"geometry":{"type":"Point","coordinates":[79.86611272333644,6.832156468632737]}},{"type":"Feature","properties":{"node_id":223,"degree":1,"jtype":"culdesac","gn_name":"Wedikanda","inside_primary":true,"inside_gn":true,"in_corridor":false,"stub_length_m":131.411,"neighbor_node_id":147,"neighbor_jtype":"three_way","dist_to_junction_m":131.411,"depth_class":"medium"},"geometry":{"type":"Point","coordinates":[79.86613068964212,6.822621575038214]}},{"type":"Feature","properties":{"node_id":234,"degree":1,"jtype":"culdesac","gn_name":"Wedikanda","inside_primary":true,"inside_gn":true,"in_corridor":false,"stub_length_m":93.079,"neighbor_node_id":179,"neighbor_jtype":"three_way","dist_to_junction_m":93.079,"depth_class":"medium"},"geometry":{"type":"Point","coordinates":[79.86631933585178,6.821845574404947]}},{"type":"Feature","properties":{"node_id":239,"degree":1,"jtype":"culdesac","gn_name":"Mount Lavinia","inside_primary":true,"inside_gn":true,"in_corridor":false,"stub_length_m":46.395,"neighbor_node_id":233,"neighbor_jtype":"three_way","dist_to_junction_m":46.395,"depth_class":"short"},"geometry":{"type":"Point","coordinates":[79.86636425161599,6.835608249486304]}},{"type":"Feature","properties":{"node_id":241,"degree":1,"jtype":"culdesac","gn_name":"Mount Lavinia","inside_primary":true,"inside_gn":true,"in_corridor":true,"stub_length_m":24.187,"neighbor_node_id":245,"neighbor_jtype":"three_way","dist_to_junction_m":24.187,"depth_class":"short"},"geometry":{"type":"Point","coordinates":[79.86637323476883,6.842217403720952]}},{"type":"Feature","properties":{"node_id":248,"degree":1,"jtype":"culdesac","gn_name":"Kawdana West","inside_primary":true,"inside_gn":true,"in_corridor":true,"stub_length_m":23.087,"neighbor_node_id":247,"neighbor_jtype":"three_way","dist_to_junction_m":23.087,"depth_class":"short"},"geometry":{"type":"Point","coordinates":[79.8664540831444,6.847015895635762]}},{"type":"Feature","properties":{"node_id":249,"degree":1,"jtype":"culdesac","gn_name":"Wedikanda","inside_primary":true,"inside_gn":true,"in_corridor":false,"stub_length_m":70.036,"neighbor_node_id":317,"neighbor_jtype":"three_way","dist_to_junction_m":70.036,"depth_class":"medium"},"geometry":{"type":"Point","coordinates":[79.86646306629724,6.8298374287430965]}},{"type":"Feature","properties":{"node_id":250,"degree":1,"jtype":"culdesac","gn_name":null,"inside_primary":false,"inside_gn":false,"in_corridor":true,"stub_length_m":46.274,"neighbor_node_id":209,"neighbor_jtype":"three_way","dist_to_junction_m":46.274,"depth_class":"short"},"geometry":{"type":"Point","coordinates":[79.86647204945008,6.848701599745142]}},{"type":"Feature","properties":{"node_id":255,"degree":1,"jtype":"culdesac","gn_name":null,"inside_primary":false,"inside_gn":false,"in_corridor":false,"stub_length_m":65.677,"neighbor_node_id":208,"neighbor_jtype":"three_way","dist_to_junction_m":65.677,"depth_class":"medium"},"geometry":{"type":"Point","coordinates":[79.86651696521429,6.849834318208096]}},{"type":"Feature","properties":{"node_id":258,"degree":1,"jtype":"culdesac","gn_name":"Wedikanda","inside_primary":true,"inside_gn":true,"in_corridor":false,"stub_length_m":38.013,"neighbor_node_id":256,"neighbor_jtype":"three_way","dist_to_junction_m":38.013,"depth_class":"short"},"geometry":{"type":"Point","coordinates":[79.8665439146728,6.827411344210852]}},{"type":"Feature","properties":{"node_id":259,"degree":1,"jtype":"culdesac","gn_name":"Kawdana West","inside_primary":true,"inside_gn":true,"in_corridor":true,"stub_length_m":43.186,"neighbor_node_id":264,"neighbor_jtype":"three_way","dist_to_junction_m":43.186,"depth_class":"short"},"geometry":{"type":"Point","coordinates":[79.8665439146728,6.847212115468002]}},{"type":"Feature","properties":{"node_id":267,"degree":1,"jtype":"culdesac","gn_name":"Kawdana West","inside_primary":true,"inside_gn":true,"in_corridor":false,"stub_length_m":22.091,"neighbor_node_id":262,"neighbor_jtype":"three_way","dist_to_junction_m":22.091,"depth_class":"short"},"geometry":{"type":"Point","coordinates":[79.86658883043701,6.846998057465194]}},{"type":"Feature","properties":{"node_id":269,"degree":1,"jtype":"culdesac","gn_name":"Wedikanda","inside_primary":true,"inside_gn":true,"in_corridor":false,"stub_length_m":82.841,"neighbor_node_id":265,"neighbor_jtype":"three_way","dist_to_junction_m":82.841,"depth_class":"medium"},"geometry":{"type":"Point","coordinates":[79.86662476304838,6.8212568834306575]}},{"type":"Feature","properties":{"node_id":270,"degree":1,"jtype":"culdesac","gn_name":"Mount Lavinia","inside_primary":true,"inside_gn":true,"in_corridor":true,"stub_length_m":22.136,"neighbor_node_id":277,"neighbor_jtype":"three_way","dist_to_junction_m":22.136,"depth_class":"short"},"geometry":{"type":"Point","coordinates":[79.86663374620122,6.842235242070177]}},{"type":"Feature","properties":{"node_id":271,"degree":1,"jtype":"culdesac","gn_name":"Wedikanda","inside_primary":true,"inside_gn":true,"in_corridor":false,"stub_length_m":186.82,"neighbor_node_id":415,"neighbor_jtype":"three_way","dist_to_junction_m":186.82,"depth_class":"long"},"geometry":{"type":"Point","coordinates":[79.86664272935406,6.827830558226081]}},{"type":"Feature","properties":{"node_id":272,"degree":1,"jtype":"culdesac","gn_name":null,"inside_primary":false,"inside_gn":false,"in_corridor":false,"stub_length_m":68.552,"neighbor_node_id":207,"neighbor_jtype":"three_way","dist_to_junction_m":68.552,"depth_class":"medium"},"geometry":{"type":"Point","coordinates":[79.86666069565976,6.8490316046143755]}},{"type":"Feature","properties":{"node_id":273,"degree":1,"jtype":"culdesac","gn_name":"Mount Lavinia","inside_primary":true,"inside_gn":true,"in_corridor":false,"stub_length_m":73.773,"neighbor_node_id":285,"neighbor_jtype":"three_way","dist_to_junction_m":73.773,"depth_class":"medium"},"geometry":{"type":"Point","coordinates":[79.8666696788126,6.830925595014559]}},{"type":"Feature","properties":{"node_id":279,"degree":1,"jtype":"culdesac","gn_name":"Mount Lavinia","inside_primary":true,"inside_gn":true,"in_corridor":false,"stub_length_m":53.848,"neighbor_node_id":284,"neighbor_jtype":"three_way","dist_to_junction_m":53.848,"depth_class":"medium"},"geometry":{"type":"Point","coordinates":[79.8667145945768,6.8355636529933745]}},{"type":"Feature","properties":{"node_id":280,"degree":1,"jtype":"culdesac","gn_name":"Kawdana West","inside_primary":true,"inside_gn":true,"in_corridor":false,"stub_length_m":23.087,"neighbor_node_id":278,"neighbor_jtype":"three_way","dist_to_junction_m":23.087,"depth_class":"short"},"geometry":{"type":"Point","coordinates":[79.8667145945768,6.8469891383796595]}},{"type":"Feature","properties":{"node_id":282,"degree":1,"jtype":"culdesac","gn_name":"Kawdana West","inside_primary":true,"inside_gn":true,"in_corridor":true,"stub_length_m":39.952,"neighbor_node_id":244,"neighbor_jtype":"three_way","dist_to_junction_m":39.952,"depth_class":"short"},"geometry":{"type":"Point","coordinates":[79.86674154403532,6.844179618140167]}},{"type":"Feature","properties":{"node_id":286,"degree":1,"jtype":"culdesac","gn_name":"Kawdana West","inside_primary":true,"inside_gn":true,"in_corridor":false,"stub_length_m":35.244,"neighbor_node_id":281,"neighbor_jtype":"three_way","dist_to_junction_m":35.244,"depth_class":"short"},"geometry":{"type":"Point","coordinates":[79.86676849349385,6.845285589986011]}},{"type":"Feature","properties":{"node_id":288,"degree":1,"jtype":"culdesac","gn_name":"Kawdana West","inside_primary":true,"inside_gn":true,"in_corridor":false,"stub_length_m":67.186,"neighbor_node_id":224,"neighbor_jtype":"three_way","dist_to_junction_m":67.186,"depth_class":"medium"},"geometry":{"type":"Point","coordinates":[79.86677747664669,6.846284530095655]}},{"type":"Feature","properties":{"node_id":289,"degree":1,"jtype":"culdesac","gn_name":"Wedikanda","inside_primary":true,"inside_gn":true,"in_corridor":false,"stub_length_m":84.865,"neighbor_node_id":253,"neighbor_jtype":"three_way","dist_to_junction_m":84.865,"depth_class":"medium"},"geometry":{"type":"Point","coordinates":[79.86678645979953,6.824128974973333]}},{"type":"Feature","properties":{"node_id":291,"degree":1,"jtype":"culdesac","gn_name":"Wedikanda","inside_primary":true,"inside_gn":true,"in_corridor":false,"stub_length_m":68.242,"neighbor_node_id":321,"neighbor_jtype":"three_way","dist_to_junction_m":68.242,"depth_class":"medium"},"geometry":{"type":"Point","coordinates":[79.8668044261052,6.825600692224757]}},{"type":"Feature","properties":{"node_id":293,"degree":1,"jtype":"culdesac","gn_name":"Wedikanda","inside_primary":true,"inside_gn":true,"in_corridor":false,"stub_length_m":59.416,"neighbor_node_id":243,"neighbor_jtype":"three_way","dist_to_junction_m":59.416,"depth_class":"medium"},"geometry":{"type":"Point","coordinates":[79.86683137556373,6.823798952908075]}},{"type":"Feature","properties":{"node_id":294,"degree":1,"jtype":"culdesac","gn_name":"Kawdana West","inside_primary":true,"inside_gn":true,"in_corridor":false,"stub_length_m":17.029,"neighbor_node_id":278,"neighbor_jtype":"three_way","dist_to_junction_m":17.029,"depth_class":"short"},"geometry":{"type":"Point","coordinates":[79.86684934186941,6.846775080276823]}},{"type":"Feature","properties":{"node_id":300,"degree":1,"jtype":"culdesac","gn_name":null,"inside_primary":false,"inside_gn":false,"in_corridor":false,"stub_length_m":53.6,"neighbor_node_id":295,"neighbor_jtype":"three_way","dist_to_junction_m":53.6,"depth_class":"medium"},"geometry":{"type":"Point","coordinates":[79.86692120709215,6.848139699037123]}},{"type":"Feature","properties":{"node_id":304,"degree":1,"jtype":"culdesac","gn_name":"Wedikanda","inside_primary":true,"inside_gn":true,"in_corridor":false,"stub_length_m":60.328,"neighbor_node_id":310,"neighbor_jtype":"three_way","dist_to_junction_m":60.328,"depth_class":"medium"},"geometry":{"type":"Point","coordinates":[79.86693917339782,6.827438102563223]}},{"type":"Feature","properties":{"node_id":311,"degree":1,"jtype":"culdesac","gn_name":null,"inside_primary":false,"inside_gn":false,"in_corridor":false,"stub_length_m":41.773,"neighbor_node_id":307,"neighbor_jtype":"three_way","dist_to_junction_m":41.773,"depth_class":"short"},"geometry":{"type":"Point","coordinates":[79.86703798807908,6.819401610172771]}},{"type":"Feature","properties":{"node_id":314,"degree":1,"jtype":"culdesac","gn_name":"Kawdana West","inside_primary":true,"inside_gn":true,"in_corridor":false,"stub_length_m":48.177,"neighbor_node_id":318,"neighbor_jtype":"three_way","dist_to_junction_m":48.177,"depth_class":"short"},"geometry":{"type":"Point","coordinates":[79.8670649375376,6.844197456416077]}},{"type":"Feature","properties":{"node_id":315,"degree":1,"jtype":"culdesac","gn_name":"Wedikanda","inside_primary":true,"inside_gn":true,"in_corridor":false,"stub_length_m":95.752,"neighbor_node_id":229,"neighbor_jtype":"three_way","dist_to_junction_m":95.752,"depth_class":"medium"},"geometry":{"type":"Point","coordinates":[79.86707392069044,6.828981165018779]}},{"type":"Feature","properties":{"node_id":316,"degree":1,"jtype":"culdesac","gn_name":"Kawdana West","inside_primary":true,"inside_gn":true,"in_corridor":false,"stub_length_m":36.688,"neighbor_node_id":309,"neighbor_jtype":"three_way","dist_to_junction_m":36.688,"depth_class":"short"},"geometry":{"type":"Point","coordinates":[79.86707392069044,6.846525345702151]}},{"type":"Feature","properties":{"node_id":319,"degree":1,"jtype":"culdesac","gn_name":"Wedikanda","inside_primary":true,"inside_gn":true,"in_corridor":false,"stub_length_m":89.808,"neighbor_node_id":235,"neighbor_jtype":"three_way","dist_to_junction_m":89.808,"depth_class":"medium"},"geometry":{"type":"Point","coordinates":[79.86711883645465,6.828651146299216]}},{"type":"Feature","properties":{"node_id":325,"degree":1,"jtype":"culdesac","gn_name":"Wedikanda","inside_primary":true,"inside_gn":true,"in_corridor":false,"stub_length_m":66.14,"neighbor_node_id":389,"neighbor_jtype":"four_way","dist_to_junction_m":66.14,"depth_class":"medium"},"geometry":{"type":"Point","coordinates":[79.86727155005296,6.828401402252019]}},{"type":"Feature","properties":{"node_id":326,"degree":1,"jtype":"culdesac","gn_name":"Wedikanda","inside_primary":true,"inside_gn":true,"in_corridor":false,"stub_length_m":84.202,"neighbor_node_id":403,"neighbor_jtype":"three_way","dist_to_junction_m":84.202,"depth_class":"medium"},"geometry":{"type":"Point","coordinates":[79.8672805332058,6.829614443545808]}},{"type":"Feature","properties":{"node_id":327,"degree":1,"jtype":"culdesac","gn_name":"Mount Lavinia","inside_primary":true,"inside_gn":true,"in_corridor":true,"stub_length_m":101.84,"neighbor_node_id":240,"neighbor_jtype":"four_way","dist_to_junction_m":101.84,"depth_class":"medium"},"geometry":{"type":"Point","coordinates":[79.8672805332058,6.834020611775497]}},{"type":"Feature","properties":{"node_id":328,"degree":1,"jtype":"culdesac","gn_name":"Kawdana West","inside_primary":true,"inside_gn":true,"in_corridor":false,"stub_length_m":31.048,"neighbor_node_id":323,"neighbor_jtype":"three_way","dist_to_junction_m":31.048,"depth_class":"short"},"geometry":{"type":"Point","coordinates":[79.8672805332058,6.846409397462342]}},{"type":"Feature","properties":{"node_id":334,"degree":1,"jtype":"culdesac","gn_name":"Wedikanda","inside_primary":true,"inside_gn":true,"in_corridor":false,"stub_length_m":57.706,"neighbor_node_id":346,"neighbor_jtype":"three_way","dist_to_junction_m":57.706,"depth_class":"medium"},"geometry":{"type":"Point","coordinates":[79.86735239842852,6.827384585856986]}},{"type":"Feature","properties":{"node_id":335,"degree":1,"jtype":"culdesac","gn_name":"Kawdana West","inside_primary":true,"inside_gn":true,"in_corridor":false,"stub_length_m":65.256,"neighbor_node_id":392,"neighbor_jtype":"three_way","dist_to_junction_m":65.256,"depth_class":"medium"},"geometry":{"type":"Point","coordinates":[79.86735239842852,6.846694808463503]}},{"type":"Feature","properties":{"node_id":336,"degree":1,"jtype":"culdesac","gn_name":"Wedikanda","inside_primary":true,"inside_gn":true,"in_corridor":false,"stub_length_m":45.239,"neighbor_node_id":369,"neighbor_jtype":"three_way","dist_to_junction_m":45.239,"depth_class":"short"},"geometry":{"type":"Point","coordinates":[79.86736138158136,6.825663128614165]}},{"type":"Feature","properties":{"node_id":337,"degree":1,"jtype":"culdesac","gn_name":"Kawdana West","inside_primary":true,"inside_gn":true,"in_corridor":false,"stub_length_m":108.361,"neighbor_node_id":246,"neighbor_jtype":"three_way","dist_to_junction_m":108.361,"depth_class":"medium"},"geometry":{"type":"Point","coordinates":[79.86736138158136,6.843849609915598]}},{"type":"Feature","properties":{"node_id":341,"degree":1,"jtype":"culdesac","gn_name":"Wedikanda","inside_primary":true,"inside_gn":true,"in_corridor":false,"stub_length_m":37.947,"neighbor_node_id":376,"neighbor_jtype":"three_way","dist_to_junction_m":37.947,"depth_class":"short"},"geometry":{"type":"Point","coordinates":[79.86740629734557,6.823620562507818]}},{"type":"Feature","properties":{"node_id":349,"degree":1,"jtype":"culdesac","gn_name":"Kawdana West","inside_primary":true,"inside_gn":true,"in_corridor":false,"stub_length_m":85.693,"neighbor_node_id":373,"neighbor_jtype":"three_way","dist_to_junction_m":85.693,"depth_class":"medium"},"geometry":{"type":"Point","coordinates":[79.86746019626261,6.847140762811069]}},{"type":"Feature","properties":{"node_id":350,"degree":1,"jtype":"culdesac","gn_name":"Kawdana West","inside_primary":true,"inside_gn":true,"in_corridor":false,"stub_length_m":77.379,"neighbor_node_id":331,"neighbor_jtype":"three_way","dist_to_junction_m":77.379,"depth_class":"medium"},"geometry":{"type":"Point","coordinates":[79.86746917941545,6.844946663402349]}},{"type":"Feature","properties":{"node_id":352,"degree":1,"jtype":"culdesac","gn_name":null,"inside_primary":false,"inside_gn":false,"in_corridor":false,"stub_length_m":75.499,"neighbor_node_id":324,"neighbor_jtype":"three_way","dist_to_junction_m":75.499,"depth_class":"medium"},"geometry":{"type":"Point","coordinates":[79.86748714572114,6.819597841337904]}},{"type":"Feature","properties":{"node_id":356,"degree":1,"jtype":"culdesac","gn_name":"Wedikanda","inside_primary":true,"inside_gn":true,"in_corridor":false,"stub_length_m":79.224,"neighbor_node_id":389,"neighbor_jtype":"four_way","dist_to_junction_m":79.224,"depth_class":"medium"},"geometry":{"type":"Point","coordinates":[79.86750511202682,6.828883051369173]}},{"type":"Feature","properties":{"node_id":359,"degree":1,"jtype":"culdesac","gn_name":"Kawdana West","inside_primary":true,"inside_gn":true,"in_corridor":false,"stub_length_m":33.615,"neighbor_node_id":340,"neighbor_jtype":"three_way","dist_to_junction_m":33.615,"depth_class":"short"},"geometry":{"type":"Point","coordinates":[79.86751409517966,6.846355882880618]}},{"type":"Feature","properties":{"node_id":362,"degree":1,"jtype":"culdesac","gn_name":"Wedikanda","inside_primary":true,"inside_gn":true,"in_corridor":false,"stub_length_m":45.657,"neighbor_node_id":383,"neighbor_jtype":"three_way","dist_to_junction_m":45.657,"depth_class":"short"},"geometry":{"type":"Point","coordinates":[79.86755002779103,6.825788001368547]}},{"type":"Feature","properties":{"node_id":365,"degree":1,"jtype":"culdesac","gn_name":"Kawdana West","inside_primary":true,"inside_gn":true,"in_corridor":false,"stub_length_m":129.423,"neighbor_node_id":393,"neighbor_jtype":"three_way","dist_to_junction_m":129.423,"depth_class":"medium"},"geometry":{"type":"Point","coordinates":[79.86755002779103,6.846891028427779]}},{"type":"Feature","properties":{"node_id":366,"degree":1,"jtype":"culdesac","gn_name":null,"inside_primary":false,"inside_gn":false,"in_corridor":true,"stub_length_m":44.557,"neighbor_node_id":354,"neighbor_jtype":"three_way","dist_to_junction_m":44.557,"depth_class":"short"},"geometry":{"type":"Point","coordinates":[79.86755002779103,6.848023751189605]}},{"type":"Feature","properties":{"node_id":367,"degree":1,"jtype":"culdesac","gn_name":null,"inside_primary":false,"inside_gn":false,"in_corridor":false,"stub_length_m":75.24,"neighbor_node_id":329,"neighbor_jtype":"four_way","dist_to_junction_m":75.24,"depth_class":"medium"},"geometry":{"type":"Point","coordinates":[79.86755901094386,6.81963351972293]}},{"type":"Feature","properties":{"node_id":372,"degree":1,"jtype":"culdesac","gn_name":null,"inside_primary":false,"inside_gn":false,"in_corridor":false,"stub_length_m":41.785,"neighbor_node_id":360,"neighbor_jtype":"three_way","dist_to_junction_m":41.785,"depth_class":"short"},"geometry":{"type":"Point","coordinates":[79.8676757919308,6.820088418899102]}},{"type":"Feature","properties":{"node_id":374,"degree":1,"jtype":"culdesac","gn_name":"Wedikanda","inside_primary":true,"inside_gn":true,"in_corridor":false,"stub_length_m":55.344,"neighbor_node_id":409,"neighbor_jtype":"three_way","dist_to_junction_m":55.344,"depth_class":"medium"},"geometry":{"type":"Point","coordinates":[79.86770274138932,6.829302264094994]}},{"type":"Feature","properties":{"node_id":375,"degree":1,"jtype":"culdesac","gn_name":null,"inside_primary":false,"inside_gn":false,"in_corridor":false,"stub_length_m":97.967,"neighbor_node_id":404,"neighbor_jtype":"three_way","dist_to_junction_m":97.967,"depth_class":"medium"},"geometry":{"type":"Point","coordinates":[79.86770274138932,6.848326999346664]}},{"type":"Feature","properties":{"node_id":379,"degree":1,"jtype":"culdesac","gn_name":"Watarappala","inside_primary":true,"inside_gn":true,"in_corridor":true,"stub_length_m":36.346,"neighbor_node_id":345,"neighbor_jtype":"three_way","dist_to_junction_m":36.346,"depth_class":"short"},"geometry":{"type":"Point","coordinates":[79.86774765715353,6.840219504391314]}},{"type":"Feature","properties":{"node_id":381,"degree":1,"jtype":"culdesac","gn_name":"Kawdana West","inside_primary":true,"inside_gn":true,"in_corridor":false,"stub_length_m":160.674,"neighbor_node_id":252,"neighbor_jtype":"three_way","dist_to_junction_m":160.674,"depth_class":"long"},"geometry":{"type":"Point","coordinates":[79.8677656234592,6.843751499318356]}},{"type":"Feature","properties":{"node_id":382,"degree":1,"jtype":"culdesac","gn_name":"Wedikanda","inside_primary":true,"inside_gn":true,"in_corridor":false,"stub_length_m":21.84,"neighbor_node_id":376,"neighbor_jtype":"three_way","dist_to_junction_m":21.84,"depth_class":"short"},"geometry":{"type":"Point","coordinates":[79.86777460661204,6.82354028680602]}},{"type":"Feature","properties":{"node_id":387,"degree":1,"jtype":"culdesac","gn_name":"Wedikanda","inside_primary":true,"inside_gn":true,"in_corridor":false,"stub_length_m":69.642,"neighbor_node_id":435,"neighbor_jtype":"three_way","dist_to_junction_m":69.642,"depth_class":"medium"},"geometry":{"type":"Point","coordinates":[79.8678464718348,6.828535193722085]}},{"type":"Feature","properties":{"node_id":388,"degree":1,"jtype":"culdesac","gn_name":"Kawdana West","inside_primary":true,"inside_gn":true,"in_corridor":false,"stub_length_m":52.198,"neighbor_node_id":390,"neighbor_jtype":"three_way","dist_to_junction_m":52.198,"depth_class":"medium"},"geometry":{"type":"Point","coordinates":[79.8678464718348,6.842574170578814]}},{"type":"Feature","properties":{"node_id":395,"degree":1,"jtype":"culdesac","gn_name":null,"inside_primary":false,"inside_gn":false,"in_corridor":false,"stub_length_m":62.936,"neighbor_node_id":378,"neighbor_jtype":"three_way","dist_to_junction_m":62.936,"depth_class":"medium"},"geometry":{"type":"Point","coordinates":[79.86791833705752,6.820061660135991]}},{"type":"Feature","properties":{"node_id":396,"degree":1,"jtype":"culdesac","gn_name":"Wedikanda","inside_primary":true,"inside_gn":true,"in_corridor":false,"stub_length_m":29.614,"neighbor_node_id":402,"neighbor_jtype":"three_way","dist_to_junction_m":29.614,"depth_class":"short"},"geometry":{"type":"Point","coordinates":[79.86792732021036,6.8224521037428625]}},{"type":"Feature","properties":{"node_id":397,"degree":1,"jtype":"culdesac","gn_name":"Wathumulla","inside_primary":true,"inside_gn":true,"in_corridor":false,"stub_length_m":57.777,"neighbor_node_id":347,"neighbor_jtype":"three_way","dist_to_junction_m":57.777,"depth_class":"medium"},"geometry":{"type":"Point","coordinates":[79.86795426966889,6.836642886954147]}},{"type":"Feature","properties":{"node_id":399,"degree":1,"jtype":"culdesac","gn_name":"Wedikanda","inside_primary":true,"inside_gn":true,"in_corridor":false,"stub_length_m":51.264,"neighbor_node_id":410,"neighbor_jtype":"three_way","dist_to_junction_m":51.264,"depth_class":"medium"},"geometry":{"type":"Point","coordinates":[79.86797223597456,6.821515550766052]}},{"type":"Feature","properties":{"node_id":401,"degree":1,"jtype":"culdesac","gn_name":"Kawdana West","inside_primary":true,"inside_gn":true,"in_corridor":false,"stub_length_m":52.598,"neighbor_node_id":370,"neighbor_jtype":"three_way","dist_to_junction_m":52.598,"depth_class":"medium"},"geometry":{"type":"Point","coordinates":[79.86797223597456,6.844714766127495]}},{"type":"Feature","properties":{"node_id":405,"degree":1,"jtype":"culdesac","gn_name":"Wedikanda","inside_primary":true,"inside_gn":true,"in_corridor":false,"stub_length_m":26.683,"neighbor_node_id":402,"neighbor_jtype":"three_way","dist_to_junction_m":26.683,"depth_class":"short"},"geometry":{"type":"Point","coordinates":[79.86803511804445,6.821961528602467]}},{"type":"Feature","properties":{"node_id":407,"degree":1,"jtype":"culdesac","gn_name":"Wathumulla","inside_primary":true,"inside_gn":true,"in_corridor":false,"stub_length_m":40.324,"neighbor_node_id":408,"neighbor_jtype":"three_way","dist_to_junction_m":40.324,"depth_class":"short"},"geometry":{"type":"Point","coordinates":[79.86805308435014,6.835599330188052]}},{"type":"Feature","properties":{"node_id":411,"degree":1,"jtype":"culdesac","gn_name":"Wathumulla","inside_primary":true,"inside_gn":true,"in_corridor":false,"stub_length_m":66.601,"neighbor_node_id":363,"neighbor_jtype":"three_way","dist_to_junction_m":66.601,"depth_class":"medium"},"geometry":{"type":"Point","coordinates":[79.86814291587855,6.831585629087776]}},{"type":"Feature","properties":{"node_id":414,"degree":1,"jtype":"culdesac","gn_name":"Kawdana West","inside_primary":true,"inside_gn":true,"in_corridor":false,"stub_length_m":117.731,"neighbor_node_id":488,"neighbor_jtype":"three_way","dist_to_junction_m":117.731,"depth_class":"medium"},"geometry":{"type":"Point","coordinates":[79.86816986533707,6.843956639635048]}},{"type":"Feature","properties":{"node_id":417,"degree":1,"jtype":"culdesac","gn_name":"Kawdana West","inside_primary":true,"inside_gn":true,"in_corridor":false,"stub_length_m":257.258,"neighbor_node_id":534,"neighbor_jtype":"three_way","dist_to_junction_m":257.258,"depth_class":"long"},"geometry":{"type":"Point","coordinates":[79.8681788484899,6.846284530095655]}},{"type":"Feature","properties":{"node_id":422,"degree":1,"jtype":"culdesac","gn_name":null,"inside_primary":false,"inside_gn":false,"in_corridor":false,"stub_length_m":123.25,"neighbor_node_id":467,"neighbor_jtype":"three_way","dist_to_junction_m":123.25,"depth_class":"medium"},"geometry":{"type":"Point","coordinates":[79.86827766317116,6.826225055752343]}},{"type":"Feature","properties":{"node_id":423,"degree":1,"jtype":"culdesac","gn_name":"Wedikanda","inside_primary":true,"inside_gn":true,"in_corridor":false,"stub_length_m":46.909,"neighbor_node_id":434,"neighbor_jtype":"three_way","dist_to_junction_m":46.909,"depth_class":"short"},"geometry":{"type":"Point","coordinates":[79.86829562947685,6.821765298405605]}},{"type":"Feature","properties":{"node_id":426,"degree":1,"jtype":"culdesac","gn_name":"Wathumulla","inside_primary":true,"inside_gn":true,"in_corridor":false,"stub_length_m":99.081,"neighbor_node_id":490,"neighbor_jtype":"three_way","dist_to_junction_m":99.081,"depth_class":"medium"},"geometry":{"type":"Point","coordinates":[79.86831359578252,6.83337841974309]}},{"type":"Feature","properties":{"node_id":427,"degree":1,"jtype":"culdesac","gn_name":"Watarappala","inside_primary":true,"inside_gn":true,"in_corridor":false,"stub_length_m":92.684,"neighbor_node_id":357,"neighbor_jtype":"three_way","dist_to_junction_m":92.684,"depth_class":"medium"},"geometry":{"type":"Point","coordinates":[79.86834054524104,6.837383186526225]}},{"type":"Feature","properties":{"node_id":429,"degree":1,"jtype":"culdesac","gn_name":"Watarappala","inside_primary":true,"inside_gn":true,"in_corridor":false,"stub_length_m":44.181,"neighbor_node_id":398,"neighbor_jtype":"three_way","dist_to_junction_m":44.181,"depth_class":"short"},"geometry":{"type":"Point","coordinates":[79.86835851154675,6.841914151682188]}},{"type":"Feature","properties":{"node_id":430,"degree":1,"jtype":"culdesac","gn_name":"Wedikanda","inside_primary":true,"inside_gn":true,"in_corridor":false,"stub_length_m":63.906,"neighbor_node_id":418,"neighbor_jtype":"three_way","dist_to_junction_m":63.906,"depth_class":"medium"},"geometry":{"type":"Point","coordinates":[79.8683944441581,6.82259481641662]}},{"type":"Feature","properties":{"node_id":431,"degree":1,"jtype":"culdesac","gn_name":"Wedikanda","inside_primary":true,"inside_gn":true,"in_corridor":false,"stub_length_m":87.379,"neighbor_node_id":421,"neighbor_jtype":"three_way","dist_to_junction_m":87.379,"depth_class":"medium"},"geometry":{"type":"Point","coordinates":[79.8683944441581,6.827607572093487]}},{"type":"Feature","properties":{"node_id":433,"degree":1,"jtype":"culdesac","gn_name":"Watarappala","inside_primary":true,"inside_gn":true,"in_corridor":false,"stub_length_m":25.02,"neighbor_node_id":432,"neighbor_jtype":"three_way","dist_to_junction_m":25.02,"depth_class":"short"},"geometry":{"type":"Point","coordinates":[79.86843037676947,6.839800301239066]}},{"type":"Feature","properties":{"node_id":439,"degree":1,"jtype":"culdesac","gn_name":"Wathumulla","inside_primary":true,"inside_gn":true,"in_corridor":false,"stub_length_m":120.663,"neighbor_node_id":348,"neighbor_jtype":"three_way","dist_to_junction_m":120.663,"depth_class":"medium"},"geometry":{"type":"Point","coordinates":[79.86852919145072,6.836794514670735]}},{"type":"Feature","properties":{"node_id":440,"degree":1,"jtype":"culdesac","gn_name":null,"inside_primary":false,"inside_gn":false,"in_corridor":false,"stub_length_m":80.654,"neighbor_node_id":424,"neighbor_jtype":"three_way","dist_to_junction_m":80.654,"depth_class":"medium"},"geometry":{"type":"Point","coordinates":[79.8685471577564,6.82055223722223]}},{"type":"Feature","properties":{"node_id":441,"degree":1,"jtype":"culdesac","gn_name":"Watarappala","inside_primary":true,"inside_gn":true,"in_corridor":false,"stub_length_m":81.154,"neighbor_node_id":443,"neighbor_jtype":"three_way","dist_to_junction_m":81.154,"depth_class":"medium"},"geometry":{"type":"Point","coordinates":[79.8685471577564,6.841298727835074]}},{"type":"Feature","properties":{"node_id":445,"degree":1,"jtype":"culdesac","gn_name":"Wedikanda","inside_primary":true,"inside_gn":true,"in_corridor":false,"stub_length_m":101.244,"neighbor_node_id":483,"neighbor_jtype":"four_way","dist_to_junction_m":101.244,"depth_class":"medium"},"geometry":{"type":"Point","coordinates":[79.86861902297913,6.822692931355157]}},{"type":"Feature","properties":{"node_id":450,"degree":1,"jtype":"culdesac","gn_name":"Wathumulla","inside_primary":true,"inside_gn":true,"in_corridor":false,"stub_length_m":60.983,"neighbor_node_id":416,"neighbor_jtype":"three_way","dist_to_junction_m":60.983,"depth_class":"medium"},"geometry":{"type":"Point","coordinates":[79.86868190504902,6.829783912305228]}},{"type":"Feature","properties":{"node_id":451,"degree":1,"jtype":"culdesac","gn_name":"Watarappala","inside_primary":true,"inside_gn":true,"in_corridor":false,"stub_length_m":173.186,"neighbor_node_id":368,"neighbor_jtype":"three_way","dist_to_junction_m":173.186,"depth_class":"long"},"geometry":{"type":"Point","coordinates":[79.86868190504902,6.8391670362050565]}},{"type":"Feature","properties":{"node_id":453,"degree":1,"jtype":"culdesac","gn_name":"Kawdana West","inside_primary":true,"inside_gn":true,"in_corridor":false,"stub_length_m":40.2,"neighbor_node_id":454,"neighbor_jtype":"three_way","dist_to_junction_m":40.2,"depth_class":"short"},"geometry":{"type":"Point","coordinates":[79.86872682081322,6.842725796412685]}},{"type":"Feature","properties":{"node_id":457,"degree":1,"jtype":"culdesac","gn_name":null,"inside_primary":false,"inside_gn":false,"in_corridor":false,"stub_length_m":76.164,"neighbor_node_id":461,"neighbor_jtype":"three_way","dist_to_junction_m":76.164,"depth_class":"medium"},"geometry":{"type":"Point","coordinates":[79.86881665234164,6.848505380525481]}},{"type":"Feature","properties":{"node_id":459,"degree":1,"jtype":"culdesac","gn_name":"Kawdana West","inside_primary":true,"inside_gn":true,"in_corridor":false,"stub_length_m":50.488,"neighbor_node_id":468,"neighbor_jtype":"three_way","dist_to_junction_m":50.488,"depth_class":"medium"},"geometry":{"type":"Point","coordinates":[79.86885258495299,6.8428328263840745]}},{"type":"Feature","properties":{"node_id":463,"degree":1,"jtype":"culdesac","gn_name":null,"inside_primary":false,"inside_gn":false,"in_corridor":false,"stub_length_m":77.579,"neighbor_node_id":420,"neighbor_jtype":"three_way","dist_to_junction_m":77.579,"depth_class":"medium"},"geometry":{"type":"Point","coordinates":[79.86887953441152,6.825110120310329]}},{"type":"Feature","properties":{"node_id":464,"degree":1,"jtype":"culdesac","gn_name":"Wathumulla","inside_primary":true,"inside_gn":true,"in_corridor":false,"stub_length_m":164.245,"neighbor_node_id":343,"neighbor_jtype":"three_way","dist_to_junction_m":164.245,"depth_class":"long"},"geometry":{"type":"Point","coordinates":[79.86887953441152,6.836196922803001]}},{"type":"Feature","properties":{"node_id":465,"degree":1,"jtype":"culdesac","gn_name":"Kawdana West","inside_primary":true,"inside_gn":true,"in_corridor":true,"stub_length_m":49.366,"neighbor_node_id":458,"neighbor_jtype":"three_way","dist_to_junction_m":49.366,"depth_class":"short"},"geometry":{"type":"Point","coordinates":[79.86888851756436,6.8473815779854545]}},{"type":"Feature","properties":{"node_id":471,"degree":1,"jtype":"culdesac","gn_name":null,"inside_primary":false,"inside_gn":false,"in_corridor":true,"stub_length_m":32.016,"neighbor_node_id":467,"neighbor_jtype":"three_way","dist_to_junction_m":32.016,"depth_class":"short"},"geometry":{"type":"Point","coordinates":[79.86898733224562,6.826483720403744]}},{"type":"Feature","properties":{"node_id":473,"degree":1,"jtype":"culdesac","gn_name":null,"inside_primary":false,"inside_gn":false,"in_corridor":false,"stub_length_m":60.216,"neighbor_node_id":444,"neighbor_jtype":"three_way","dist_to_junction_m":60.216,"depth_class":"medium"},"geometry":{"type":"Point","coordinates":[79.8690052985513,6.824164653020817]}},{"type":"Feature","properties":{"node_id":474,"degree":1,"jtype":"culdesac","gn_name":"Wathumulla","inside_primary":true,"inside_gn":true,"in_corridor":false,"stub_length_m":77.833,"neighbor_node_id":428,"neighbor_jtype":"three_way","dist_to_junction_m":77.833,"depth_class":"medium"},"geometry":{"type":"Point","coordinates":[79.8690052985513,6.829409297072507]}},{"type":"Feature","properties":{"node_id":477,"degree":1,"jtype":"culdesac","gn_name":"Wedikanda","inside_primary":true,"inside_gn":true,"in_corridor":false,"stub_length_m":82.006,"neighbor_node_id":499,"neighbor_jtype":"three_way","dist_to_junction_m":82.006,"depth_class":"medium"},"geometry":{"type":"Point","coordinates":[79.86905919746835,6.822345069209636]}},{"type":"Feature","properties":{"node_id":478,"degree":1,"jtype":"culdesac","gn_name":"Wathumulla","inside_primary":true,"inside_gn":true,"in_corridor":false,"stub_length_m":60.083,"neighbor_node_id":442,"neighbor_jtype":"three_way","dist_to_junction_m":60.083,"depth_class":"medium"},"geometry":{"type":"Point","coordinates":[79.8690681806212,6.828820615399857]}},{"type":"Feature","properties":{"node_id":480,"degree":1,"jtype":"culdesac","gn_name":"Wathumulla","inside_primary":true,"inside_gn":true,"in_corridor":false,"stub_length_m":77.918,"neighbor_node_id":497,"neighbor_jtype":"three_way","dist_to_junction_m":77.918,"depth_class":"medium"},"geometry":{"type":"Point","coordinates":[79.86908614692688,6.83608097205554]}},{"type":"Feature","properties":{"node_id":484,"degree":1,"jtype":"culdesac","gn_name":"Wathumulla","inside_primary":true,"inside_gn":true,"in_corridor":false,"stub_length_m":80.688,"neighbor_node_id":479,"neighbor_jtype":"three_way","dist_to_junction_m":80.688,"depth_class":"medium"},"geometry":{"type":"Point","coordinates":[79.86913106269108,6.83021204364055]}},{"type":"Feature","properties":{"node_id":486,"degree":1,"jtype":"culdesac","gn_name":"Watarappala","inside_primary":true,"inside_gn":true,"in_corridor":false,"stub_length_m":33.51,"neighbor_node_id":481,"neighbor_jtype":"three_way","dist_to_junction_m":33.51,"depth_class":"short"},"geometry":{"type":"Point","coordinates":[79.8691580121496,6.8408260104284535]}},{"type":"Feature","properties":{"node_id":491,"degree":1,"jtype":"culdesac","gn_name":"Watarappala","inside_primary":true,"inside_gn":true,"in_corridor":false,"stub_length_m":33.136,"neighbor_node_id":487,"neighbor_jtype":"three_way","dist_to_junction_m":33.136,"depth_class":"short"},"geometry":{"type":"Point","coordinates":[79.8692029279138,6.8391670362050565]}},{"type":"Feature","properties":{"node_id":493,"degree":1,"jtype":"culdesac","gn_name":"Watarappala","inside_primary":true,"inside_gn":true,"in_corridor":false,"stub_length_m":46.69,"neighbor_node_id":503,"neighbor_jtype":"three_way","dist_to_junction_m":46.69,"depth_class":"short"},"geometry":{"type":"Point","coordinates":[79.86921191106664,6.838970813066413]}},{"type":"Feature","properties":{"node_id":494,"degree":1,"jtype":"culdesac","gn_name":"Watarappala","inside_primary":true,"inside_gn":true,"in_corridor":false,"stub_length_m":35.057,"neighbor_node_id":492,"neighbor_jtype":"three_way","dist_to_junction_m":35.057,"depth_class":"short"},"geometry":{"type":"Point","coordinates":[79.8692208942195,6.842074696903171]}},{"type":"Feature","properties":{"node_id":496,"degree":1,"jtype":"culdesac","gn_name":"Wathumulla","inside_primary":true,"inside_gn":true,"in_corridor":false,"stub_length_m":87.856,"neighbor_node_id":438,"neighbor_jtype":"three_way","dist_to_junction_m":87.856,"depth_class":"medium"},"geometry":{"type":"Point","coordinates":[79.86923886052517,6.8289365679078164]}},{"type":"Feature","properties":{"node_id":501,"degree":1,"jtype":"culdesac","gn_name":"Wathumulla","inside_primary":true,"inside_gn":true,"in_corridor":false,"stub_length_m":45.1,"neighbor_node_id":462,"neighbor_jtype":"three_way","dist_to_junction_m":45.1,"depth_class":"short"},"geometry":{"type":"Point","coordinates":[79.86927479313654,6.835073091296523]}},{"type":"Feature","properties":{"node_id":504,"degree":1,"jtype":"culdesac","gn_name":"Wathumulla","inside_primary":true,"inside_gn":true,"in_corridor":false,"stub_length_m":127.619,"neighbor_node_id":419,"neighbor_jtype":"three_way","dist_to_junction_m":127.619,"depth_class":"medium"},"geometry":{"type":"Point","coordinates":[79.86930174259506,6.82985526755439]}},{"type":"Feature","properties":{"node_id":505,"degree":1,"jtype":"culdesac","gn_name":null,"inside_primary":false,"inside_gn":false,"in_corridor":true,"stub_length_m":28.652,"neighbor_node_id":489,"neighbor_jtype":"four_way","dist_to_junction_m":28.652,"depth_class":"short"},"geometry":{"type":"Point","coordinates":[79.8693107257479,6.826572915078711]}},{"type":"Feature","properties":{"node_id":507,"degree":1,"jtype":"culdesac","gn_name":null,"inside_primary":false,"inside_gn":false,"in_corridor":false,"stub_length_m":106.017,"neighbor_node_id":456,"neighbor_jtype":"three_way","dist_to_junction_m":106.017,"depth_class":"medium"},"geometry":{"type":"Point","coordinates":[79.86932869205359,6.821042813806072]}},{"type":"Feature","properties":{"node_id":509,"degree":1,"jtype":"culdesac","gn_name":null,"inside_primary":false,"inside_gn":false,"in_corridor":false,"stub_length_m":73.619,"neighbor_node_id":510,"neighbor_jtype":"three_way","dist_to_junction_m":73.619,"depth_class":"medium"},"geometry":{"type":"Point","coordinates":[79.86932869205359,6.848496461468124]}},{"type":"Feature","properties":{"node_id":511,"degree":1,"jtype":"culdesac","gn_name":"Wedikanda","inside_primary":true,"inside_gn":true,"in_corridor":false,"stub_length_m":32.238,"neighbor_node_id":520,"neighbor_jtype":"three_way","dist_to_junction_m":32.238,"depth_class":"short"},"geometry":{"type":"Point","coordinates":[79.86938259097063,6.822416425567778]}},{"type":"Feature","properties":{"node_id":512,"degree":1,"jtype":"culdesac","gn_name":null,"inside_primary":false,"inside_gn":false,"in_corridor":true,"stub_length_m":27.313,"neighbor_node_id":502,"neighbor_jtype":"four_way","dist_to_junction_m":27.313,"depth_class":"short"},"geometry":{"type":"Point","coordinates":[79.86938259097063,6.826599673477959]}},{"type":"Feature","properties":{"node_id":522,"degree":1,"jtype":"culdesac","gn_name":"Watarappala","inside_primary":true,"inside_gn":true,"in_corridor":false,"stub_length_m":91.933,"neighbor_node_id":508,"neighbor_jtype":"three_way","dist_to_junction_m":91.933,"depth_class":"medium"},"geometry":{"type":"Point","coordinates":[79.86964310240303,6.83997868560414]}},{"type":"Feature","properties":{"node_id":523,"degree":1,"jtype":"culdesac","gn_name":"Wathumulla","inside_primary":true,"inside_gn":true,"in_corridor":false,"stub_length_m":63.072,"neighbor_node_id":519,"neighbor_jtype":"three_way","dist_to_junction_m":63.072,"depth_class":"medium"},"geometry":{"type":"Point","coordinates":[79.86965208555587,6.828651146299216]}},{"type":"Feature","properties":{"node_id":526,"degree":1,"jtype":"culdesac","gn_name":null,"inside_primary":false,"inside_gn":false,"in_corridor":true,"stub_length_m":44.407,"neighbor_node_id":502,"neighbor_jtype":"four_way","dist_to_junction_m":44.407,"depth_class":"short"},"geometry":{"type":"Point","coordinates":[79.86967903501439,6.8268761768492565]}},{"type":"Feature","properties":{"node_id":533,"degree":1,"jtype":"culdesac","gn_name":"Watarappala","inside_primary":true,"inside_gn":true,"in_corridor":false,"stub_length_m":47.265,"neighbor_node_id":530,"neighbor_jtype":"three_way","dist_to_junction_m":47.265,"depth_class":"short"},"geometry":{"type":"Point","coordinates":[79.869813782307,6.838275112198166]}},{"type":"Feature","properties":{"node_id":538,"degree":1,"jtype":"culdesac","gn_name":"Wathumulla","inside_primary":true,"inside_gn":true,"in_corridor":false,"stub_length_m":63.969,"neighbor_node_id":560,"neighbor_jtype":"three_way","dist_to_junction_m":63.969,"depth_class":"medium"},"geometry":{"type":"Point","coordinates":[79.8699215801411,6.836535855595826]}},{"type":"Feature","properties":{"node_id":539,"degree":1,"jtype":"culdesac","gn_name":null,"inside_primary":false,"inside_gn":false,"in_corridor":false,"stub_length_m":73.539,"neighbor_node_id":525,"neighbor_jtype":"three_way","dist_to_junction_m":73.539,"depth_class":"medium"},"geometry":{"type":"Point","coordinates":[79.8699215801411,6.848434028061958]}},{"type":"Feature","properties":{"node_id":542,"degree":1,"jtype":"culdesac","gn_name":null,"inside_primary":false,"inside_gn":false,"in_corridor":false,"stub_length_m":94.02,"neighbor_node_id":483,"neighbor_jtype":"four_way","dist_to_junction_m":94.02,"depth_class":"medium"},"geometry":{"type":"Point","coordinates":[79.86993954644679,6.82322810339331]}},{"type":"Feature","properties":{"node_id":543,"degree":1,"jtype":"culdesac","gn_name":"Wathumulla","inside_primary":true,"inside_gn":true,"in_corridor":false,"stub_length_m":90.934,"neighbor_node_id":485,"neighbor_jtype":"three_way","dist_to_junction_m":90.934,"depth_class":"medium"},"geometry":{"type":"Point","coordinates":[79.86993954644679,6.833717354534352]}},{"type":"Feature","properties":{"node_id":544,"degree":1,"jtype":"culdesac","gn_name":"Kawdana West","inside_primary":true,"inside_gn":true,"in_corridor":false,"stub_length_m":59.641,"neighbor_node_id":524,"neighbor_jtype":"three_way","dist_to_junction_m":59.641,"depth_class":"medium"},"geometry":{"type":"Point","coordinates":[79.8699664959053,6.8440993458903225]}},{"type":"Feature","properties":{"node_id":545,"degree":1,"jtype":"culdesac","gn_name":"Watarappala","inside_primary":true,"inside_gn":true,"in_corridor":false,"stub_length_m":36.346,"neighbor_node_id":540,"neighbor_jtype":"three_way","dist_to_junction_m":36.346,"depth_class":"short"},"geometry":{"type":"Point","coordinates":[79.86997547905814,6.8392473092840005]}},{"type":"Feature","properties":{"node_id":547,"degree":1,"jtype":"culdesac","gn_name":"Wathumulla","inside_primary":true,"inside_gn":true,"in_corridor":false,"stub_length_m":51.088,"neighbor_node_id":515,"neighbor_jtype":"three_way","dist_to_junction_m":51.088,"depth_class":"medium"},"geometry":{"type":"Point","coordinates":[79.86999344536383,6.835733119644373]}},{"type":"Feature","properties":{"node_id":552,"degree":1,"jtype":"culdesac","gn_name":"Watarappala","inside_primary":true,"inside_gn":true,"in_corridor":false,"stub_length_m":53.141,"neighbor_node_id":587,"neighbor_jtype":"three_way","dist_to_junction_m":53.141,"depth_class":"medium"},"geometry":{"type":"Point","coordinates":[79.87012819265645,6.8411114247676625]}},{"type":"Feature","properties":{"node_id":558,"degree":1,"jtype":"culdesac","gn_name":"Watarappala","inside_primary":true,"inside_gn":true,"in_corridor":false,"stub_length_m":55.649,"neighbor_node_id":528,"neighbor_jtype":"three_way","dist_to_junction_m":55.649,"depth_class":"medium"},"geometry":{"type":"Point","coordinates":[79.87019107472634,6.837829149570313]}},{"type":"Feature","properties":{"node_id":559,"degree":1,"jtype":"culdesac","gn_name":null,"inside_primary":false,"inside_gn":false,"in_corridor":false,"stub_length_m":71.572,"neighbor_node_id":570,"neighbor_jtype":"three_way","dist_to_junction_m":71.572,"depth_class":"medium"},"geometry":{"type":"Point","coordinates":[79.87020005787919,6.821292561692121]}},{"type":"Feature","properties":{"node_id":563,"degree":1,"jtype":"culdesac","gn_name":null,"inside_primary":false,"inside_gn":false,"in_corridor":false,"stub_length_m":22.561,"neighbor_node_id":573,"neighbor_jtype":"culdesac","dist_to_junction_m":null,"depth_class":"short"},"geometry":{"type":"Point","coordinates":[79.87021802418487,6.8226483336583135]}},{"type":"Feature","properties":{"node_id":564,"degree":1,"jtype":"culdesac","gn_name":"Wathumulla","inside_primary":true,"inside_gn":true,"in_corridor":false,"stub_length_m":27.295,"neighbor_node_id":557,"neighbor_jtype":"three_way","dist_to_junction_m":27.295,"depth_class":"short"},"geometry":{"type":"Point","coordinates":[79.87021802418487,6.828677904582255]}},{"type":"Feature","properties":{"node_id":567,"degree":1,"jtype":"culdesac","gn_name":"Kawdana West","inside_primary":true,"inside_gn":true,"in_corridor":false,"stub_length_m":38.833,"neighbor_node_id":580,"neighbor_jtype":"four_way","dist_to_junction_m":38.833,"depth_class":"short"},"geometry":{"type":"Point","coordinates":[79.87031683886612,6.843136077839382]}},{"type":"Feature","properties":{"node_id":569,"degree":1,"jtype":"culdesac","gn_name":"Wathumulla","inside_primary":true,"inside_gn":true,"in_corridor":false,"stub_length_m":132.405,"neighbor_node_id":529,"neighbor_jtype":"three_way","dist_to_junction_m":132.405,"depth_class":"medium"},"geometry":{"type":"Point","coordinates":[79.870379720936,6.832647033322282]}},{"type":"Feature","properties":{"node_id":571,"degree":1,"jtype":"culdesac","gn_name":"Watarappala","inside_primary":true,"inside_gn":true,"in_corridor":false,"stub_length_m":31.765,"neighbor_node_id":553,"neighbor_jtype":"three_way","dist_to_junction_m":31.765,"depth_class":"short"},"geometry":{"type":"Point","coordinates":[79.87038870408884,6.840255181238348]}},{"type":"Feature","properties":{"node_id":573,"degree":1,"jtype":"culdesac","gn_name":null,"inside_primary":false,"inside_gn":false,"in_corridor":false,"stub_length_m":22.561,"neighbor_node_id":563,"neighbor_jtype":"culdesac","dist_to_junction_m":null,"depth_class":"short"},"geometry":{"type":"Point","coordinates":[79.87041565354737,6.822692931355157]}},{"type":"Feature","properties":{"node_id":574,"degree":1,"jtype":"culdesac","gn_name":"Wathumulla","inside_primary":true,"inside_gn":true,"in_corridor":false,"stub_length_m":140.1,"neighbor_node_id":549,"neighbor_jtype":"three_way","dist_to_junction_m":140.1,"depth_class":"medium"},"geometry":{"type":"Point","coordinates":[79.8704246367002,6.836259357809214]}},{"type":"Feature","properties":{"node_id":575,"degree":1,"jtype":"culdesac","gn_name":"Kawdana West","inside_primary":true,"inside_gn":true,"in_corridor":false,"stub_length_m":30.0,"neighbor_node_id":596,"neighbor_jtype":"three_way","dist_to_junction_m":30.0,"depth_class":"short"},"geometry":{"type":"Point","coordinates":[79.8704246367002,6.843796095046875]}},{"type":"Feature","properties":{"node_id":576,"degree":1,"jtype":"culdesac","gn_name":"Watarappala","inside_primary":true,"inside_gn":true,"in_corridor":false,"stub_length_m":37.121,"neighbor_node_id":595,"neighbor_jtype":"three_way","dist_to_junction_m":37.121,"depth_class":"short"},"geometry":{"type":"Point","coordinates":[79.87048751877009,6.839175955436717]}},{"type":"Feature","properties":{"node_id":578,"degree":1,"jtype":"culdesac","gn_name":"Watarappala","inside_primary":true,"inside_gn":true,"in_corridor":false,"stub_length_m":65.329,"neighbor_node_id":541,"neighbor_jtype":"three_way","dist_to_junction_m":65.329,"depth_class":"medium"},"geometry":{"type":"Point","coordinates":[79.87050548507578,6.840718980007274]}},{"type":"Feature","properties":{"node_id":582,"degree":1,"jtype":"culdesac","gn_name":"Kawdana West","inside_primary":true,"inside_gn":true,"in_corridor":true,"stub_length_m":43.417,"neighbor_node_id":610,"neighbor_jtype":"three_way","dist_to_junction_m":43.417,"depth_class":"short"},"geometry":{"type":"Point","coordinates":[79.8705324345343,6.84629344919436]}},{"type":"Feature","properties":{"node_id":583,"degree":1,"jtype":"culdesac","gn_name":"Wathumulla","inside_primary":true,"inside_gn":true,"in_corridor":false,"stub_length_m":95.472,"neighbor_node_id":636,"neighbor_jtype":"three_way","dist_to_junction_m":95.472,"depth_class":"medium"},"geometry":{"type":"Point","coordinates":[79.87054141768714,6.834778754036756]}},{"type":"Feature","properties":{"node_id":584,"degree":1,"jtype":"culdesac","gn_name":"Kawdana West","inside_primary":true,"inside_gn":true,"in_corridor":false,"stub_length_m":7.071,"neighbor_node_id":577,"neighbor_jtype":"three_way","dist_to_junction_m":7.071,"depth_class":"short"},"geometry":{"type":"Point","coordinates":[79.87054141768714,6.844634493967643]}},{"type":"Feature","properties":{"node_id":589,"degree":1,"jtype":"culdesac","gn_name":null,"inside_primary":false,"inside_gn":false,"in_corridor":false,"stub_length_m":56.865,"neighbor_node_id":570,"neighbor_jtype":"three_way","dist_to_junction_m":56.865,"depth_class":"medium"},"geometry":{"type":"Point","coordinates":[79.87059531660418,6.821310400821854]}},{"type":"Feature","properties":{"node_id":590,"degree":1,"jtype":"culdesac","gn_name":"Kawdana West","inside_primary":true,"inside_gn":true,"in_corridor":false,"stub_length_m":16.303,"neighbor_node_id":577,"neighbor_jtype":"three_way","dist_to_junction_m":16.303,"depth_class":"short"},"geometry":{"type":"Point","coordinates":[79.87059531660418,6.84448286873998]}},{"type":"Feature","properties":{"node_id":592,"degree":1,"jtype":"culdesac","gn_name":"Wathumulla","inside_primary":true,"inside_gn":true,"in_corridor":false,"stub_length_m":48.042,"neighbor_node_id":557,"neighbor_jtype":"three_way","dist_to_junction_m":48.042,"depth_class":"short"},"geometry":{"type":"Point","coordinates":[79.87061328290987,6.8284549188445345]}},{"type":"Feature","properties":{"node_id":597,"degree":1,"jtype":"culdesac","gn_name":"Watarappala","inside_primary":true,"inside_gn":true,"in_corridor":false,"stub_length_m":34.132,"neighbor_node_id":580,"neighbor_jtype":"four_way","dist_to_junction_m":34.132,"depth_class":"short"},"geometry":{"type":"Point","coordinates":[79.87067616497977,6.8425920089147105]}},{"type":"Feature","properties":{"node_id":598,"degree":1,"jtype":"culdesac","gn_name":"Wathumulla","inside_primary":true,"inside_gn":true,"in_corridor":false,"stub_length_m":68.659,"neighbor_node_id":608,"neighbor_jtype":"three_way","dist_to_junction_m":68.659,"depth_class":"medium"},"geometry":{"type":"Point","coordinates":[79.87068514813261,6.828784937699447]}},{"type":"Feature","properties":{"node_id":600,"degree":1,"jtype":"culdesac","gn_name":"Watarappala","inside_primary":true,"inside_gn":true,"in_corridor":false,"stub_length_m":38.013,"neighbor_node_id":601,"neighbor_jtype":"three_way","dist_to_junction_m":38.013,"depth_class":"short"},"geometry":{"type":"Point","coordinates":[79.87070311443829,6.837784553284634]}},{"type":"Feature","properties":{"node_id":603,"degree":1,"jtype":"culdesac","gn_name":"Kawdana West","inside_primary":true,"inside_gn":true,"in_corridor":false,"stub_length_m":48.918,"neighbor_node_id":616,"neighbor_jtype":"three_way","dist_to_junction_m":48.918,"depth_class":"short"},"geometry":{"type":"Point","coordinates":[79.87074803020249,6.843528520613272]}},{"type":"Feature","properties":{"node_id":604,"degree":1,"jtype":"culdesac","gn_name":null,"inside_primary":false,"inside_gn":false,"in_corridor":false,"stub_length_m":95.105,"neighbor_node_id":536,"neighbor_jtype":"three_way","dist_to_junction_m":95.105,"depth_class":"medium"},"geometry":{"type":"Point","coordinates":[79.87074803020249,6.847747260054886]}},{"type":"Feature","properties":{"node_id":606,"degree":1,"jtype":"culdesac","gn_name":"Watarappala","inside_primary":true,"inside_gn":true,"in_corridor":false,"stub_length_m":27.313,"neighbor_node_id":585,"neighbor_jtype":"three_way","dist_to_junction_m":27.313,"depth_class":"short"},"geometry":{"type":"Point","coordinates":[79.8707929459667,6.837026415791282]}},{"type":"Feature","properties":{"node_id":611,"degree":1,"jtype":"culdesac","gn_name":null,"inside_primary":false,"inside_gn":false,"in_corridor":false,"stub_length_m":62.513,"neighbor_node_id":568,"neighbor_jtype":"three_way","dist_to_junction_m":62.513,"depth_class":"medium"},"geometry":{"type":"Point","coordinates":[79.87089176064795,6.821988287259445]}},{"type":"Feature","properties":{"node_id":612,"degree":1,"jtype":"culdesac","gn_name":"Watarappala","inside_primary":true,"inside_gn":true,"in_corridor":false,"stub_length_m":117.462,"neighbor_node_id":535,"neighbor_jtype":"three_way","dist_to_junction_m":117.462,"depth_class":"medium"},"geometry":{"type":"Point","coordinates":[79.87090972695363,6.837427782849363]}},{"type":"Feature","properties":{"node_id":617,"degree":1,"jtype":"culdesac","gn_name":"Wathumulla","inside_primary":true,"inside_gn":true,"in_corridor":false,"stub_length_m":61.351,"neighbor_node_id":581,"neighbor_jtype":"three_way","dist_to_junction_m":61.351,"depth_class":"medium"},"geometry":{"type":"Point","coordinates":[79.87104447424625,6.833949257147826]}},{"type":"Feature","properties":{"node_id":618,"degree":1,"jtype":"culdesac","gn_name":"Watarappala","inside_primary":true,"inside_gn":true,"in_corridor":false,"stub_length_m":40.0,"neighbor_node_id":599,"neighbor_jtype":"three_way","dist_to_junction_m":40.0,"depth_class":"short"},"geometry":{"type":"Point","coordinates":[79.87104447424625,6.838346466179994]}},{"type":"Feature","properties":{"node_id":619,"degree":1,"jtype":"culdesac","gn_name":"Wathumulla","inside_primary":true,"inside_gn":true,"in_corridor":false,"stub_length_m":89.863,"neighbor_node_id":581,"neighbor_jtype":"three_way","dist_to_junction_m":89.863,"depth_class":"medium"},"geometry":{"type":"Point","coordinates":[79.87105345739909,6.834154401673672]}},{"type":"Feature","properties":{"node_id":620,"degree":1,"jtype":"culdesac","gn_name":"Watarappala","inside_primary":true,"inside_gn":true,"in_corridor":false,"stub_length_m":85.31,"neighbor_node_id":572,"neighbor_jtype":"three_way","dist_to_junction_m":85.31,"depth_class":"medium"},"geometry":{"type":"Point","coordinates":[79.87105345739909,6.8414949500173785]}},{"type":"Feature","properties":{"node_id":621,"degree":1,"jtype":"culdesac","gn_name":"Kawdana West","inside_primary":true,"inside_gn":true,"in_corridor":false,"stub_length_m":52.402,"neighbor_node_id":646,"neighbor_jtype":"three_way","dist_to_junction_m":52.402,"depth_class":"medium"},"geometry":{"type":"Point","coordinates":[79.87110735631613,6.843885286491415]}},{"type":"Feature","properties":{"node_id":623,"degree":1,"jtype":"culdesac","gn_name":null,"inside_primary":false,"inside_gn":false,"in_corridor":false,"stub_length_m":95.284,"neighbor_node_id":594,"neighbor_jtype":"three_way","dist_to_junction_m":95.284,"depth_class":"medium"},"geometry":{"type":"Point","coordinates":[79.87119718784456,6.827678927667222]}},{"type":"Feature","properties":{"node_id":625,"degree":1,"jtype":"culdesac","gn_name":null,"inside_primary":false,"inside_gn":false,"in_corridor":false,"stub_length_m":76.658,"neighbor_node_id":586,"neighbor_jtype":"three_way","dist_to_junction_m":76.658,"depth_class":"medium"},"geometry":{"type":"Point","coordinates":[79.87121515415024,6.847167520058668]}},{"type":"Feature","properties":{"node_id":628,"degree":1,"jtype":"culdesac","gn_name":"Kawdana West","inside_primary":true,"inside_gn":true,"in_corridor":false,"stub_length_m":136.817,"neighbor_node_id":692,"neighbor_jtype":"three_way","dist_to_junction_m":136.817,"depth_class":"medium"},"geometry":{"type":"Point","coordinates":[79.87123312045593,6.84448286873998]}},{"type":"Feature","properties":{"node_id":633,"degree":1,"jtype":"culdesac","gn_name":"Kawdana West","inside_primary":true,"inside_gn":true,"in_corridor":false,"stub_length_m":70.214,"neighbor_node_id":674,"neighbor_jtype":"four_way","dist_to_junction_m":70.214,"depth_class":"medium"},"geometry":{"type":"Point","coordinates":[79.87132295198433,6.845276670868471]}},{"type":"Feature","properties":{"node_id":635,"degree":1,"jtype":"culdesac","gn_name":"Wathumulla","inside_primary":true,"inside_gn":true,"in_corridor":false,"stub_length_m":64.882,"neighbor_node_id":615,"neighbor_jtype":"three_way","dist_to_junction_m":64.882,"depth_class":"medium"},"geometry":{"type":"Point","coordinates":[79.87134990144285,6.830122849643956]}},{"type":"Feature","properties":{"node_id":638,"degree":1,"jtype":"culdesac","gn_name":"Watarappala","inside_primary":true,"inside_gn":true,"in_corridor":false,"stub_length_m":49.506,"neighbor_node_id":629,"neighbor_jtype":"four_way","dist_to_junction_m":49.506,"depth_class":"short"},"geometry":{"type":"Point","coordinates":[79.87134990144285,6.841129263158201]}},{"type":"Feature","properties":{"node_id":640,"degree":1,"jtype":"culdesac","gn_name":"Wathumulla","inside_primary":true,"inside_gn":true,"in_corridor":false,"stub_length_m":14.56,"neighbor_node_id":636,"neighbor_jtype":"three_way","dist_to_junction_m":14.56,"depth_class":"short"},"geometry":{"type":"Point","coordinates":[79.87138583405422,6.834930382344723]}},{"type":"Feature","properties":{"node_id":641,"degree":1,"jtype":"culdesac","gn_name":"Watarappala","inside_primary":true,"inside_gn":true,"in_corridor":false,"stub_length_m":26.627,"neighbor_node_id":629,"neighbor_jtype":"four_way","dist_to_junction_m":26.627,"depth_class":"short"},"geometry":{"type":"Point","coordinates":[79.87138583405422,6.840620868766792]}},{"type":"Feature","properties":{"node_id":642,"degree":1,"jtype":"culdesac","gn_name":"Wathumulla","inside_primary":true,"inside_gn":true,"in_corridor":false,"stub_length_m":56.671,"neighbor_node_id":624,"neighbor_jtype":"three_way","dist_to_junction_m":56.671,"depth_class":"medium"},"geometry":{"type":"Point","coordinates":[79.87139481720706,6.836500178471058]}},{"type":"Feature","properties":{"node_id":647,"degree":1,"jtype":"culdesac","gn_name":"Watarappala","inside_primary":true,"inside_gn":true,"in_corridor":false,"stub_length_m":27.659,"neighbor_node_id":661,"neighbor_jtype":"three_way","dist_to_junction_m":27.659,"depth_class":"short"},"geometry":{"type":"Point","coordinates":[79.87145769927695,6.841584141891773]}},{"type":"Feature","properties":{"node_id":648,"degree":1,"jtype":"culdesac","gn_name":"Wathumulla","inside_primary":true,"inside_gn":true,"in_corridor":false,"stub_length_m":41.11,"neighbor_node_id":637,"neighbor_jtype":"three_way","dist_to_junction_m":41.11,"depth_class":"short"},"geometry":{"type":"Point","coordinates":[79.87146668242978,6.836705321902097]}},{"type":"Feature","properties":{"node_id":650,"degree":1,"jtype":"culdesac","gn_name":"Kawdana West","inside_primary":true,"inside_gn":true,"in_corridor":false,"stub_length_m":36.235,"neighbor_node_id":665,"neighbor_jtype":"three_way","dist_to_junction_m":36.235,"depth_class":"short"},"geometry":{"type":"Point","coordinates":[79.87149363188831,6.8440993458903225]}},{"type":"Feature","properties":{"node_id":653,"degree":1,"jtype":"culdesac","gn_name":"Watarappala","inside_primary":true,"inside_gn":true,"in_corridor":false,"stub_length_m":36.77,"neighbor_node_id":627,"neighbor_jtype":"four_way","dist_to_junction_m":36.77,"depth_class":"short"},"geometry":{"type":"Point","coordinates":[79.87153854765252,6.840067877761694]}},{"type":"Feature","properties":{"node_id":654,"degree":1,"jtype":"culdesac","gn_name":"Wathumulla","inside_primary":true,"inside_gn":true,"in_corridor":false,"stub_length_m":69.37,"neighbor_node_id":689,"neighbor_jtype":"three_way","dist_to_junction_m":69.37,"depth_class":"medium"},"geometry":{"type":"Point","coordinates":[79.8715565139582,6.836339631376646]}},{"type":"Feature","properties":{"node_id":655,"degree":1,"jtype":"culdesac","gn_name":"Wathumulla","inside_primary":true,"inside_gn":true,"in_corridor":false,"stub_length_m":41.11,"neighbor_node_id":677,"neighbor_jtype":"three_way","dist_to_junction_m":41.11,"depth_class":"short"},"geometry":{"type":"Point","coordinates":[79.87156549711104,6.834136563022746]}},{"type":"Feature","properties":{"node_id":656,"degree":1,"jtype":"culdesac","gn_name":"Wathumulla","inside_primary":true,"inside_gn":true,"in_corridor":false,"stub_length_m":103.368,"neighbor_node_id":707,"neighbor_jtype":"three_way","dist_to_junction_m":103.368,"depth_class":"medium"},"geometry":{"type":"Point","coordinates":[79.87156549711104,6.835108768527815]}},{"type":"Feature","properties":{"node_id":659,"degree":1,"jtype":"culdesac","gn_name":null,"inside_primary":false,"inside_gn":false,"in_corridor":false,"stub_length_m":78.987,"neighbor_node_id":652,"neighbor_jtype":"four_way","dist_to_junction_m":78.987,"depth_class":"medium"},"geometry":{"type":"Point","coordinates":[79.87161041287524,6.827812719339297]}},{"type":"Feature","properties":{"node_id":666,"degree":1,"jtype":"culdesac","gn_name":null,"inside_primary":false,"inside_gn":false,"in_corridor":false,"stub_length_m":96.68,"neighbor_node_id":630,"neighbor_jtype":"three_way","dist_to_junction_m":96.68,"depth_class":"medium"},"geometry":{"type":"Point","coordinates":[79.87170024440366,6.846623455729216]}},{"type":"Feature","properties":{"node_id":668,"degree":1,"jtype":"culdesac","gn_name":"Watarappala","inside_primary":true,"inside_gn":true,"in_corridor":false,"stub_length_m":148.607,"neighbor_node_id":704,"neighbor_jtype":"three_way","dist_to_junction_m":148.607,"depth_class":"medium"},"geometry":{"type":"Point","coordinates":[79.8717541433207,6.840451403849396]}},{"type":"Feature","properties":{"node_id":670,"degree":1,"jtype":"culdesac","gn_name":"Watarappala","inside_primary":true,"inside_gn":true,"in_corridor":false,"stub_length_m":17.692,"neighbor_node_id":664,"neighbor_jtype":"three_way","dist_to_junction_m":17.692,"depth_class":"short"},"geometry":{"type":"Point","coordinates":[79.87179007593208,6.841593061078297]}},{"type":"Feature","properties":{"node_id":671,"degree":1,"jtype":"culdesac","gn_name":"Wathumulla","inside_primary":true,"inside_gn":true,"in_corridor":false,"stub_length_m":92.451,"neighbor_node_id":649,"neighbor_jtype":"four_way","dist_to_junction_m":92.451,"depth_class":"medium"},"geometry":{"type":"Point","coordinates":[79.87179905908492,6.830604497027982]}},{"type":"Feature","properties":{"node_id":672,"degree":1,"jtype":"culdesac","gn_name":"Watarappala","inside_primary":true,"inside_gn":true,"in_corridor":false,"stub_length_m":25.71,"neighbor_node_id":684,"neighbor_jtype":"four_way","dist_to_junction_m":25.71,"depth_class":"short"},"geometry":{"type":"Point","coordinates":[79.87180804223776,6.838721074409755]}},{"type":"Feature","properties":{"node_id":673,"degree":1,"jtype":"culdesac","gn_name":"Wathumulla","inside_primary":true,"inside_gn":true,"in_corridor":false,"stub_length_m":114.906,"neighbor_node_id":734,"neighbor_jtype":"three_way","dist_to_junction_m":114.906,"depth_class":"medium"},"geometry":{"type":"Point","coordinates":[79.8718170253906,6.832138629907272]}},{"type":"Feature","properties":{"node_id":676,"degree":1,"jtype":"culdesac","gn_name":"Kawdana West","inside_primary":true,"inside_gn":true,"in_corridor":false,"stub_length_m":19.849,"neighbor_node_id":683,"neighbor_jtype":"three_way","dist_to_junction_m":19.849,"depth_class":"short"},"geometry":{"type":"Point","coordinates":[79.8718619411548,6.8442777286494225]}},{"type":"Feature","properties":{"node_id":678,"degree":1,"jtype":"culdesac","gn_name":"Wathumulla","inside_primary":true,"inside_gn":true,"in_corridor":false,"stub_length_m":28.018,"neighbor_node_id":677,"neighbor_jtype":"three_way","dist_to_junction_m":28.018,"depth_class":"short"},"geometry":{"type":"Point","coordinates":[79.87194278953038,6.833860063848264]}},{"type":"Feature","properties":{"node_id":679,"degree":1,"jtype":"culdesac","gn_name":"Wathumulla","inside_primary":true,"inside_gn":true,"in_corridor":false,"stub_length_m":72.007,"neighbor_node_id":685,"neighbor_jtype":"three_way","dist_to_junction_m":72.007,"depth_class":"medium"},"geometry":{"type":"Point","coordinates":[79.87194278953038,6.834778754036756]}},{"type":"Feature","properties":{"node_id":686,"degree":1,"jtype":"culdesac","gn_name":null,"inside_primary":false,"inside_gn":false,"in_corridor":false,"stub_length_m":75.614,"neighbor_node_id":651,"neighbor_jtype":"three_way","dist_to_junction_m":75.614,"depth_class":"medium"},"geometry":{"type":"Point","coordinates":[79.87205058736447,6.84629344919436]}},{"type":"Feature","properties":{"node_id":687,"degree":1,"jtype":"culdesac","gn_name":"Watarappala","inside_primary":true,"inside_gn":true,"in_corridor":false,"stub_length_m":31.623,"neighbor_node_id":682,"neighbor_jtype":"three_way","dist_to_junction_m":31.623,"depth_class":"short"},"geometry":{"type":"Point","coordinates":[79.87206855367015,6.837615087361096]}},{"type":"Feature","properties":{"node_id":688,"degree":1,"jtype":"culdesac","gn_name":"Kawdana West","inside_primary":true,"inside_gn":true,"in_corridor":true,"stub_length_m":37.736,"neighbor_node_id":698,"neighbor_jtype":"three_way","dist_to_junction_m":37.736,"depth_class":"short"},"geometry":{"type":"Point","coordinates":[79.87209550312868,6.845044773753949]}},{"type":"Feature","properties":{"node_id":691,"degree":1,"jtype":"culdesac","gn_name":"Watarappala","inside_primary":true,"inside_gn":true,"in_corridor":false,"stub_length_m":26.926,"neighbor_node_id":706,"neighbor_jtype":"three_way","dist_to_junction_m":26.926,"depth_class":"short"},"geometry":{"type":"Point","coordinates":[79.8722122841156,6.840647626379831]}},{"type":"Feature","properties":{"node_id":694,"degree":1,"jtype":"culdesac","gn_name":null,"inside_primary":false,"inside_gn":false,"in_corridor":false,"stub_length_m":61.915,"neighbor_node_id":674,"neighbor_jtype":"four_way","dist_to_junction_m":61.915,"depth_class":"medium"},"geometry":{"type":"Point","coordinates":[79.87223025042128,6.8459991188491145]}},{"type":"Feature","properties":{"node_id":696,"degree":1,"jtype":"culdesac","gn_name":"Watarappala","inside_primary":true,"inside_gn":true,"in_corridor":false,"stub_length_m":37.935,"neighbor_node_id":684,"neighbor_jtype":"four_way","dist_to_junction_m":37.935,"depth_class":"short"},"geometry":{"type":"Point","coordinates":[79.87227516618549,6.838622962758923]}},{"type":"Feature","properties":{"node_id":699,"degree":1,"jtype":"culdesac","gn_name":"Watarappala","inside_primary":true,"inside_gn":true,"in_corridor":false,"stub_length_m":31.401,"neighbor_node_id":684,"neighbor_jtype":"four_way","dist_to_junction_m":31.401,"depth_class":"short"},"geometry":{"type":"Point","coordinates":[79.87231109879686,6.83881918604044]}},{"type":"Feature","properties":{"node_id":700,"degree":1,"jtype":"culdesac","gn_name":"Watarappala","inside_primary":true,"inside_gn":true,"in_corridor":false,"stub_length_m":75.349,"neighbor_node_id":667,"neighbor_jtype":"three_way","dist_to_junction_m":75.349,"depth_class":"medium"},"geometry":{"type":"Point","coordinates":[79.87231109879686,6.841405758126326]}},{"type":"Feature","properties":{"node_id":701,"degree":1,"jtype":"culdesac","gn_name":"Watarappala","inside_primary":true,"inside_gn":true,"in_corridor":false,"stub_length_m":73.21,"neighbor_node_id":731,"neighbor_jtype":"four_way","dist_to_junction_m":73.21,"depth_class":"medium"},"geometry":{"type":"Point","coordinates":[79.87235601456108,6.84170901048794]}},{"type":"Feature","properties":{"node_id":705,"degree":1,"jtype":"culdesac","gn_name":"Watarappala","inside_primary":true,"inside_gn":true,"in_corridor":false,"stub_length_m":48.703,"neighbor_node_id":717,"neighbor_jtype":"three_way","dist_to_junction_m":48.703,"depth_class":"short"},"geometry":{"type":"Point","coordinates":[79.87241889663096,6.837936180638959]}},{"type":"Feature","properties":{"node_id":709,"degree":1,"jtype":"culdesac","gn_name":"Watarappala","inside_primary":true,"inside_gn":true,"in_corridor":false,"stub_length_m":70.425,"neighbor_node_id":729,"neighbor_jtype":"three_way","dist_to_junction_m":70.425,"depth_class":"medium"},"geometry":{"type":"Point","coordinates":[79.87250872815937,6.83996084717063]}},{"type":"Feature","properties":{"node_id":710,"degree":1,"jtype":"culdesac","gn_name":"Kawdana West","inside_primary":true,"inside_gn":true,"in_corridor":false,"stub_length_m":188.67,"neighbor_node_id":758,"neighbor_jtype":"three_way","dist_to_junction_m":188.67,"depth_class":"long"},"geometry":{"type":"Point","coordinates":[79.87250872815937,6.843385814187364]}},{"type":"Feature","properties":{"node_id":711,"degree":1,"jtype":"culdesac","gn_name":null,"inside_primary":false,"inside_gn":false,"in_corridor":false,"stub_length_m":37.696,"neighbor_node_id":702,"neighbor_jtype":"three_way","dist_to_junction_m":37.696,"depth_class":"short"},"geometry":{"type":"Point","coordinates":[79.87251771131221,6.837097769959581]}},{"type":"Feature","properties":{"node_id":715,"degree":1,"jtype":"culdesac","gn_name":null,"inside_primary":false,"inside_gn":false,"in_corridor":false,"stub_length_m":77.923,"neighbor_node_id":681,"neighbor_jtype":"three_way","dist_to_junction_m":77.923,"depth_class":"medium"},"geometry":{"type":"Point","coordinates":[79.87254466077073,6.845936685116181]}},{"type":"Feature","properties":{"node_id":720,"degree":1,"jtype":"culdesac","gn_name":"Kawdana West","inside_primary":true,"inside_gn":true,"in_corridor":false,"stub_length_m":56.358,"neighbor_node_id":741,"neighbor_jtype":"three_way","dist_to_junction_m":56.358,"depth_class":"medium"},"geometry":{"type":"Point","coordinates":[79.87266144175767,6.844572060056203]}},{"type":"Feature","properties":{"node_id":721,"degree":1,"jtype":"culdesac","gn_name":"Watarappala","inside_primary":true,"inside_gn":true,"in_corridor":false,"stub_length_m":35.745,"neighbor_node_id":706,"neighbor_jtype":"three_way","dist_to_junction_m":35.745,"depth_class":"short"},"geometry":{"type":"Point","coordinates":[79.87267042491051,6.840959798421195]}},{"type":"Feature","properties":{"node_id":725,"degree":1,"jtype":"culdesac","gn_name":null,"inside_primary":false,"inside_gn":false,"in_corridor":false,"stub_length_m":77.104,"neighbor_node_id":718,"neighbor_jtype":"three_way","dist_to_junction_m":77.104,"depth_class":"medium"},"geometry":{"type":"Point","coordinates":[79.87271534067472,6.8279911081772084]}},{"type":"Feature","properties":{"node_id":727,"degree":1,"jtype":"culdesac","gn_name":null,"inside_primary":false,"inside_gn":false,"in_corridor":false,"stub_length_m":16.279,"neighbor_node_id":735,"neighbor_jtype":"three_way","dist_to_junction_m":16.279,"depth_class":"short"},"geometry":{"type":"Point","coordinates":[79.87272432382755,6.845820736733347]}},{"type":"Feature","properties":{"node_id":732,"degree":1,"jtype":"culdesac","gn_name":"Wathumulla","inside_primary":true,"inside_gn":true,"in_corridor":false,"stub_length_m":38.118,"neighbor_node_id":738,"neighbor_jtype":"three_way","dist_to_junction_m":38.118,"depth_class":"short"},"geometry":{"type":"Point","coordinates":[79.87281415535597,6.829016842704555]}},{"type":"Feature","properties":{"node_id":733,"degree":1,"jtype":"culdesac","gn_name":null,"inside_primary":false,"inside_gn":false,"in_corridor":false,"stub_length_m":39.0,"neighbor_node_id":722,"neighbor_jtype":"three_way","dist_to_junction_m":39.0,"depth_class":"short"},"geometry":{"type":"Point","coordinates":[79.87281415535597,6.8372672360665865]}},{"type":"Feature","properties":{"node_id":737,"degree":1,"jtype":"culdesac","gn_name":"Watarappala","inside_primary":true,"inside_gn":true,"in_corridor":false,"stub_length_m":58.833,"neighbor_node_id":756,"neighbor_jtype":"three_way","dist_to_junction_m":58.833,"depth_class":"medium"},"geometry":{"type":"Point","coordinates":[79.87283212166165,6.840968717619379]}},{"type":"Feature","properties":{"node_id":739,"degree":1,"jtype":"culdesac","gn_name":"Watarappala","inside_primary":true,"inside_gn":true,"in_corridor":false,"stub_length_m":41.34,"neighbor_node_id":713,"neighbor_jtype":"three_way","dist_to_junction_m":41.34,"depth_class":"short"},"geometry":{"type":"Point","coordinates":[79.87285008796732,6.840763576019015]}},{"type":"Feature","properties":{"node_id":742,"degree":1,"jtype":"culdesac","gn_name":null,"inside_primary":false,"inside_gn":false,"in_corridor":false,"stub_length_m":7.81,"neighbor_node_id":735,"neighbor_jtype":"three_way","dist_to_junction_m":7.81,"depth_class":"short"},"geometry":{"type":"Point","coordinates":[79.87286805427301,6.845767222085616]}},{"type":"Feature","properties":{"node_id":743,"degree":1,"jtype":"culdesac","gn_name":null,"inside_primary":false,"inside_gn":false,"in_corridor":false,"stub_length_m":74.727,"neighbor_node_id":693,"neighbor_jtype":"three_way","dist_to_junction_m":74.727,"depth_class":"medium"},"geometry":{"type":"Point","coordinates":[79.87287703742585,6.836455582061352]}},{"type":"Feature","properties":{"node_id":747,"degree":1,"jtype":"culdesac","gn_name":"Watarappala","inside_primary":true,"inside_gn":true,"in_corridor":false,"stub_length_m":47.413,"neighbor_node_id":719,"neighbor_jtype":"three_way","dist_to_junction_m":47.413,"depth_class":"short"},"geometry":{"type":"Point","coordinates":[79.87302975102416,6.840549515124691]}},{"type":"Feature","properties":{"node_id":748,"degree":1,"jtype":"culdesac","gn_name":"Kawdana West","inside_primary":true,"inside_gn":true,"in_corridor":false,"stub_length_m":77.009,"neighbor_node_id":763,"neighbor_jtype":"three_way","dist_to_junction_m":77.009,"depth_class":"medium"},"geometry":{"type":"Point","coordinates":[79.87302975102416,6.842395787183205]}},{"type":"Feature","properties":{"node_id":753,"degree":1,"jtype":"culdesac","gn_name":"Watarappala","inside_primary":true,"inside_gn":true,"in_corridor":false,"stub_length_m":33.615,"neighbor_node_id":745,"neighbor_jtype":"three_way","dist_to_junction_m":33.615,"depth_class":"short"},"geometry":{"type":"Point","coordinates":[79.87317348146962,6.840032200900672]}},{"type":"Feature","properties":{"node_id":754,"degree":1,"jtype":"culdesac","gn_name":null,"inside_primary":false,"inside_gn":false,"in_corridor":false,"stub_length_m":76.563,"neighbor_node_id":708,"neighbor_jtype":"three_way","dist_to_junction_m":76.563,"depth_class":"medium"},"geometry":{"type":"Point","coordinates":[79.87318246462246,6.834912543722752]}},{"type":"Feature","properties":{"node_id":755,"degree":1,"jtype":"culdesac","gn_name":"Kawdana West","inside_primary":true,"inside_gn":true,"in_corridor":false,"stub_length_m":52.811,"neighbor_node_id":749,"neighbor_jtype":"three_way","dist_to_junction_m":52.811,"depth_class":"medium"},"geometry":{"type":"Point","coordinates":[79.87318246462246,6.843626631256339]}},{"type":"Feature","properties":{"node_id":757,"degree":1,"jtype":"culdesac","gn_name":null,"inside_primary":false,"inside_gn":false,"in_corridor":false,"stub_length_m":37.336,"neighbor_node_id":760,"neighbor_jtype":"culdesac","dist_to_junction_m":null,"depth_class":"short"},"geometry":{"type":"Point","coordinates":[79.87320043092814,6.828347885653517]}},{"type":"Feature","properties":{"node_id":760,"degree":1,"jtype":"culdesac","gn_name":null,"inside_primary":false,"inside_gn":false,"in_corridor":false,"stub_length_m":37.336,"neighbor_node_id":757,"neighbor_jtype":"culdesac","dist_to_junction_m":null,"depth_class":"short"},"geometry":{"type":"Point","coordinates":[79.87324534669234,6.828017866497159]}},{"type":"Feature","properties":{"node_id":762,"degree":1,"jtype":"culdesac","gn_name":null,"inside_primary":false,"inside_gn":false,"in_corridor":false,"stub_length_m":95.603,"neighbor_node_id":744,"neighbor_jtype":"three_way","dist_to_junction_m":95.603,"depth_class":"medium"},"geometry":{"type":"Point","coordinates":[79.87327229615087,6.830247721234532]}},{"type":"Feature","properties":{"node_id":764,"degree":1,"jtype":"culdesac","gn_name":null,"inside_primary":false,"inside_gn":false,"in_corridor":false,"stub_length_m":79.127,"neighbor_node_id":750,"neighbor_jtype":"three_way","dist_to_junction_m":79.127,"depth_class":"medium"},"geometry":{"type":"Point","coordinates":[79.87330822876223,6.837258316799295]}},{"type":"Feature","properties":{"node_id":765,"degree":1,"jtype":"culdesac","gn_name":null,"inside_primary":false,"inside_gn":false,"in_corridor":false,"stub_length_m":45.706,"neighbor_node_id":744,"neighbor_jtype":"three_way","dist_to_junction_m":45.706,"depth_class":"short"},"geometry":{"type":"Point","coordinates":[79.87331721191507,6.830836401151021]}},{"type":"Feature","properties":{"node_id":767,"degree":1,"jtype":"culdesac","gn_name":"Kawdana West","inside_primary":true,"inside_gn":true,"in_corridor":false,"stub_length_m":71.47,"neighbor_node_id":801,"neighbor_jtype":"three_way","dist_to_junction_m":71.47,"depth_class":"medium"},"geometry":{"type":"Point","coordinates":[79.87332619506792,6.84383177162669]}},{"type":"Feature","properties":{"node_id":768,"degree":1,"jtype":"culdesac","gn_name":null,"inside_primary":false,"inside_gn":false,"in_corridor":false,"stub_length_m":84.22,"neighbor_node_id":726,"neighbor_jtype":"three_way","dist_to_junction_m":84.22,"depth_class":"medium"},"geometry":{"type":"Point","coordinates":[79.8733441613736,6.83353896783206]}},{"type":"Feature","properties":{"node_id":772,"degree":1,"jtype":"culdesac","gn_name":null,"inside_primary":false,"inside_gn":false,"in_corridor":true,"stub_length_m":66.036,"neighbor_node_id":740,"neighbor_jtype":"three_way","dist_to_junction_m":66.036,"depth_class":"medium"},"geometry":{"type":"Point","coordinates":[79.87345195920769,6.83178185525821]}},{"type":"Feature","properties":{"node_id":773,"degree":1,"jtype":"culdesac","gn_name":null,"inside_primary":false,"inside_gn":false,"in_corridor":false,"stub_length_m":14.422,"neighbor_node_id":780,"neighbor_jtype":"culdesac","dist_to_junction_m":null,"depth_class":"short"},"geometry":{"type":"Point","coordinates":[79.87346992551338,6.845437214958676]}},{"type":"Feature","properties":{"node_id":777,"degree":1,"jtype":"culdesac","gn_name":null,"inside_primary":false,"inside_gn":false,"in_corridor":false,"stub_length_m":75.664,"neighbor_node_id":736,"neighbor_jtype":"three_way","dist_to_junction_m":75.664,"depth_class":"medium"},"geometry":{"type":"Point","coordinates":[79.87350585812474,6.832727307496294]}},{"type":"Feature","properties":{"node_id":779,"degree":1,"jtype":"culdesac","gn_name":null,"inside_primary":false,"inside_gn":false,"in_corridor":false,"stub_length_m":36.235,"neighbor_node_id":770,"neighbor_jtype":"three_way","dist_to_junction_m":36.235,"depth_class":"short"},"geometry":{"type":"Point","coordinates":[79.87353280758327,6.83783806882695]}},{"type":"Feature","properties":{"node_id":780,"degree":1,"jtype":"culdesac","gn_name":null,"inside_primary":false,"inside_gn":false,"in_corridor":false,"stub_length_m":14.422,"neighbor_node_id":773,"neighbor_jtype":"culdesac","dist_to_junction_m":null,"depth_class":"short"},"geometry":{"type":"Point","coordinates":[79.87354179073611,6.845544244322145]}},{"type":"Feature","properties":{"node_id":781,"degree":1,"jtype":"culdesac","gn_name":null,"inside_primary":false,"inside_gn":false,"in_corridor":false,"stub_length_m":55.645,"neighbor_node_id":787,"neighbor_jtype":"culdesac","dist_to_junction_m":null,"depth_class":"medium"},"geometry":{"type":"Point","coordinates":[79.87355077388895,6.8296233629556955]}},{"type":"Feature","properties":{"node_id":782,"degree":1,"jtype":"culdesac","gn_name":"Kawdana West","inside_primary":true,"inside_gn":true,"in_corridor":false,"stub_length_m":52.326,"neighbor_node_id":761,"neighbor_jtype":"three_way","dist_to_junction_m":52.326,"depth_class":"medium"},"geometry":{"type":"Point","coordinates":[79.87357772334747,6.841486030829023]}},{"type":"Feature","properties":{"node_id":786,"degree":1,"jtype":"culdesac","gn_name":null,"inside_primary":false,"inside_gn":false,"in_corridor":false,"stub_length_m":28.636,"neighbor_node_id":789,"neighbor_jtype":"three_way","dist_to_junction_m":28.636,"depth_class":"short"},"geometry":{"type":"Point","coordinates":[79.87368552118157,6.838462416377736]}},{"type":"Feature","properties":{"node_id":787,"degree":1,"jtype":"culdesac","gn_name":null,"inside_primary":false,"inside_gn":false,"in_corridor":false,"stub_length_m":55.645,"neighbor_node_id":781,"neighbor_jtype":"culdesac","dist_to_junction_m":null,"depth_class":"medium"},"geometry":{"type":"Point","coordinates":[79.87369450433441,6.830042575032802]}},{"type":"Feature","properties":{"node_id":794,"degree":1,"jtype":"culdesac","gn_name":null,"inside_primary":false,"inside_gn":false,"in_corridor":false,"stub_length_m":44.283,"neighbor_node_id":804,"neighbor_jtype":"three_way","dist_to_junction_m":44.283,"depth_class":"short"},"geometry":{"type":"Point","coordinates":[79.87382925162701,6.829498491202144]}},{"type":"Feature","properties":{"node_id":795,"degree":1,"jtype":"culdesac","gn_name":null,"inside_primary":false,"inside_gn":false,"in_corridor":false,"stub_length_m":38.328,"neighbor_node_id":789,"neighbor_jtype":"three_way","dist_to_junction_m":38.328,"depth_class":"short"},"geometry":{"type":"Point","coordinates":[79.87382925162701,6.8378826651076325]}},{"type":"Feature","properties":{"node_id":797,"degree":1,"jtype":"culdesac","gn_name":"Kawdana West","inside_primary":true,"inside_gn":true,"in_corridor":false,"stub_length_m":58.412,"neighbor_node_id":775,"neighbor_jtype":"three_way","dist_to_junction_m":58.412,"depth_class":"medium"},"geometry":{"type":"Point","coordinates":[79.87389213369691,6.841227374294245]}},{"type":"Feature","properties":{"node_id":800,"degree":1,"jtype":"culdesac","gn_name":null,"inside_primary":false,"inside_gn":false,"in_corridor":false,"stub_length_m":1.414,"neighbor_node_id":799,"neighbor_jtype":"three_way","dist_to_junction_m":1.414,"depth_class":"short"},"geometry":{"type":"Point","coordinates":[79.87393704946112,6.83848917411168]}},{"type":"Feature","properties":{"node_id":802,"degree":1,"jtype":"culdesac","gn_name":null,"inside_primary":false,"inside_gn":false,"in_corridor":false,"stub_length_m":6.708,"neighbor_node_id":799,"neighbor_jtype":"three_way","dist_to_junction_m":6.708,"depth_class":"short"},"geometry":{"type":"Point","coordinates":[79.8739550157668,6.838426739396812]}},{"type":"Feature","properties":{"node_id":805,"degree":1,"jtype":"culdesac","gn_name":null,"inside_primary":false,"inside_gn":false,"in_corridor":false,"stub_length_m":9.434,"neighbor_node_id":804,"neighbor_jtype":"three_way","dist_to_junction_m":9.434,"depth_class":"short"},"geometry":{"type":"Point","coordinates":[79.87404484729522,6.829213069928773]}},{"type":"Feature","properties":{"node_id":807,"degree":1,"jtype":"culdesac","gn_name":"Kawdana West","inside_primary":true,"inside_gn":true,"in_corridor":false,"stub_length_m":152.287,"neighbor_node_id":839,"neighbor_jtype":"three_way","dist_to_junction_m":152.287,"depth_class":"long"},"geometry":{"type":"Point","coordinates":[79.8740628136009,6.841263051065993]}},{"type":"Feature","properties":{"node_id":809,"degree":1,"jtype":"culdesac","gn_name":null,"inside_primary":false,"inside_gn":false,"in_corridor":false,"stub_length_m":80.112,"neighbor_node_id":791,"neighbor_jtype":"three_way","dist_to_junction_m":80.112,"depth_class":"medium"},"geometry":{"type":"Point","coordinates":[79.87408976305942,6.8454015384988525]}},{"type":"Feature","properties":{"node_id":810,"degree":1,"jtype":"culdesac","gn_name":null,"inside_primary":false,"inside_gn":false,"in_corridor":false,"stub_length_m":17.532,"neighbor_node_id":811,"neighbor_jtype":"culdesac","dist_to_junction_m":null,"depth_class":"short"},"geometry":{"type":"Point","coordinates":[79.87413467882362,6.828793857124799]}},{"type":"Feature","properties":{"node_id":811,"degree":1,"jtype":"culdesac","gn_name":null,"inside_primary":false,"inside_gn":false,"in_corridor":false,"stub_length_m":17.532,"neighbor_node_id":810,"neighbor_jtype":"culdesac","dist_to_junction_m":null,"depth_class":"short"},"geometry":{"type":"Point","coordinates":[79.87413467882362,6.828918729062266]}},{"type":"Feature","properties":{"node_id":813,"degree":1,"jtype":"culdesac","gn_name":"Kawdana West","inside_primary":true,"inside_gn":true,"in_corridor":false,"stub_length_m":27.803,"neighbor_node_id":803,"neighbor_jtype":"three_way","dist_to_junction_m":27.803,"depth_class":"short"},"geometry":{"type":"Point","coordinates":[79.87416162828215,6.84047816147193]}},{"type":"Feature","properties":{"node_id":814,"degree":1,"jtype":"culdesac","gn_name":"Kawdana West","inside_primary":true,"inside_gn":true,"in_corridor":false,"stub_length_m":72.402,"neighbor_node_id":783,"neighbor_jtype":"three_way","dist_to_junction_m":72.402,"depth_class":"medium"},"geometry":{"type":"Point","coordinates":[79.87417959458783,6.842110373611615]}},{"type":"Feature","properties":{"node_id":816,"degree":1,"jtype":"culdesac","gn_name":null,"inside_primary":false,"inside_gn":false,"in_corridor":false,"stub_length_m":2.828,"neighbor_node_id":818,"neighbor_jtype":"three_way","dist_to_junction_m":2.828,"depth_class":"short"},"geometry":{"type":"Point","coordinates":[79.87423349350487,6.838952974595267]}},{"type":"Feature","properties":{"node_id":817,"degree":1,"jtype":"culdesac","gn_name":null,"inside_primary":false,"inside_gn":false,"in_corridor":false,"stub_length_m":1.0,"neighbor_node_id":818,"neighbor_jtype":"three_way","dist_to_junction_m":1.0,"depth_class":"short"},"geometry":{"type":"Point","coordinates":[79.87425145981057,6.838961893830923]}},{"type":"Feature","properties":{"node_id":819,"degree":1,"jtype":"culdesac","gn_name":"Kawdana West","inside_primary":true,"inside_gn":true,"in_corridor":false,"stub_length_m":63.258,"neighbor_node_id":826,"neighbor_jtype":"three_way","dist_to_junction_m":63.258,"depth_class":"medium"},"geometry":{"type":"Point","coordinates":[79.87431434188045,6.840522757506155]}},{"type":"Feature","properties":{"node_id":822,"degree":1,"jtype":"culdesac","gn_name":"Kawdana West","inside_primary":true,"inside_gn":true,"in_corridor":false,"stub_length_m":35.232,"neighbor_node_id":825,"neighbor_jtype":"three_way","dist_to_junction_m":35.232,"depth_class":"short"},"geometry":{"type":"Point","coordinates":[79.87440417340886,6.8411649399372765]}},{"type":"Feature","properties":{"node_id":823,"degree":1,"jtype":"culdesac","gn_name":"Kawdana West","inside_primary":true,"inside_gn":true,"in_corridor":false,"stub_length_m":100.722,"neighbor_node_id":790,"neighbor_jtype":"three_way","dist_to_junction_m":100.722,"depth_class":"medium"},"geometry":{"type":"Point","coordinates":[79.87452993754863,6.842386868011674]}},{"type":"Feature","properties":{"node_id":827,"degree":1,"jtype":"culdesac","gn_name":"Kawdana West","inside_primary":true,"inside_gn":true,"in_corridor":true,"stub_length_m":44.045,"neighbor_node_id":828,"neighbor_jtype":"three_way","dist_to_junction_m":44.045,"depth_class":"short"},"geometry":{"type":"Point","coordinates":[79.8746736679941,6.8441171841692325]}},{"type":"Feature","properties":{"node_id":829,"degree":1,"jtype":"culdesac","gn_name":"Kawdana West","inside_primary":true,"inside_gn":true,"in_corridor":false,"stub_length_m":61.491,"neighbor_node_id":820,"neighbor_jtype":"three_way","dist_to_junction_m":61.491,"depth_class":"medium"},"geometry":{"type":"Point","coordinates":[79.87470061745262,6.841949828402626]}},{"type":"Feature","properties":{"node_id":831,"degree":1,"jtype":"culdesac","gn_name":"Kawdana West","inside_primary":true,"inside_gn":true,"in_corridor":true,"stub_length_m":15.133,"neighbor_node_id":830,"neighbor_jtype":"three_way","dist_to_junction_m":15.133,"depth_class":"short"},"geometry":{"type":"Point","coordinates":[79.87485333105091,6.84434016259936]}},{"type":"Feature","properties":{"node_id":833,"degree":1,"jtype":"culdesac","gn_name":null,"inside_primary":false,"inside_gn":false,"in_corridor":true,"stub_length_m":49.82,"neighbor_node_id":832,"neighbor_jtype":"three_way","dist_to_junction_m":49.82,"depth_class":"short"},"geometry":{"type":"Point","coordinates":[79.87497011203786,6.844893148656613]}},{"type":"Feature","properties":{"node_id":835,"degree":1,"jtype":"culdesac","gn_name":"Kawdana West","inside_primary":true,"inside_gn":true,"in_corridor":false,"stub_length_m":145.993,"neighbor_node_id":857,"neighbor_jtype":"four_way","dist_to_junction_m":145.993,"depth_class":"medium"},"geometry":{"type":"Point","coordinates":[79.87498807834353,6.8415752227050834]}},{"type":"Feature","properties":{"node_id":837,"degree":1,"jtype":"culdesac","gn_name":"Kawdana West","inside_primary":true,"inside_gn":true,"in_corridor":false,"stub_length_m":75.105,"neighbor_node_id":850,"neighbor_jtype":"three_way","dist_to_junction_m":75.105,"depth_class":"medium"},"geometry":{"type":"Point","coordinates":[79.87510485933046,6.843269865184904]}},{"type":"Feature","properties":{"node_id":838,"degree":1,"jtype":"culdesac","gn_name":"Kawdana West","inside_primary":true,"inside_gn":true,"in_corridor":false,"stub_length_m":60.077,"neighbor_node_id":848,"neighbor_jtype":"three_way","dist_to_junction_m":60.077,"depth_class":"medium"},"geometry":{"type":"Point","coordinates":[79.8751138424833,6.843635550404709]}},{"type":"Feature","properties":{"node_id":840,"degree":1,"jtype":"culdesac","gn_name":null,"inside_primary":false,"inside_gn":false,"in_corridor":false,"stub_length_m":77.148,"neighbor_node_id":836,"neighbor_jtype":"three_way","dist_to_junction_m":77.148,"depth_class":"medium"},"geometry":{"type":"Point","coordinates":[79.87515875824751,6.845089369361645]}},{"type":"Feature","properties":{"node_id":841,"degree":1,"jtype":"culdesac","gn_name":null,"inside_primary":false,"inside_gn":false,"in_corridor":false,"stub_length_m":22.269,"neighbor_node_id":842,"neighbor_jtype":"culdesac","dist_to_junction_m":null,"depth_class":"short"},"geometry":{"type":"Point","coordinates":[79.8752216403174,6.844884229531742]}},{"type":"Feature","properties":{"node_id":842,"degree":1,"jtype":"culdesac","gn_name":null,"inside_primary":false,"inside_gn":false,"in_corridor":false,"stub_length_m":22.269,"neighbor_node_id":841,"neighbor_jtype":"culdesac","dist_to_junction_m":null,"depth_class":"short"},"geometry":{"type":"Point","coordinates":[79.8752216403174,6.845080450240439]}},{"type":"Feature","properties":{"node_id":843,"degree":1,"jtype":"culdesac","gn_name":"Kawdana West","inside_primary":true,"inside_gn":true,"in_corridor":false,"stub_length_m":40.706,"neighbor_node_id":846,"neighbor_jtype":"three_way","dist_to_junction_m":40.706,"depth_class":"short"},"geometry":{"type":"Point","coordinates":[79.8752396066231,6.8411560207427575]}},{"type":"Feature","properties":{"node_id":854,"degree":1,"jtype":"culdesac","gn_name":null,"inside_primary":false,"inside_gn":false,"in_corridor":false,"stub_length_m":76.78,"neighbor_node_id":844,"neighbor_jtype":"three_way","dist_to_junction_m":76.78,"depth_class":"medium"},"geometry":{"type":"Point","coordinates":[79.87583249471061,6.840139231475747]}},{"type":"Feature","properties":{"node_id":856,"degree":1,"jtype":"culdesac","gn_name":null,"inside_primary":false,"inside_gn":false,"in_corridor":false,"stub_length_m":74.263,"neighbor_node_id":851,"neighbor_jtype":"three_way","dist_to_junction_m":74.263,"depth_class":"medium"},"geometry":{"type":"Point","coordinates":[79.87588639362765,6.844848553030584]}},{"type":"Feature","properties":{"node_id":859,"degree":1,"jtype":"culdesac","gn_name":null,"inside_primary":false,"inside_gn":false,"in_corridor":false,"stub_length_m":35.355,"neighbor_node_id":862,"neighbor_jtype":"culdesac","dist_to_junction_m":null,"depth_class":"short"},"geometry":{"type":"Point","coordinates":[79.87611995560152,6.840665464787692]}},{"type":"Feature","properties":{"node_id":861,"degree":1,"jtype":"culdesac","gn_name":null,"inside_primary":false,"inside_gn":false,"in_corridor":false,"stub_length_m":33.561,"neighbor_node_id":860,"neighbor_jtype":"three_way","dist_to_junction_m":33.561,"depth_class":"short"},"geometry":{"type":"Point","coordinates":[79.87621877028278,6.843849609915598]}},{"type":"Feature","properties":{"node_id":862,"degree":1,"jtype":"culdesac","gn_name":null,"inside_primary":false,"inside_gn":false,"in_corridor":false,"stub_length_m":35.355,"neighbor_node_id":859,"neighbor_jtype":"culdesac","dist_to_junction_m":null,"depth_class":"short"},"geometry":{"type":"Point","coordinates":[79.87627266919982,6.840941960024328]}},{"type":"Feature","properties":{"node_id":863,"degree":1,"jtype":"culdesac","gn_name":null,"inside_primary":false,"inside_gn":false,"in_corridor":false,"stub_length_m":15.033,"neighbor_node_id":860,"neighbor_jtype":"three_way","dist_to_junction_m":15.033,"depth_class":"short"},"geometry":{"type":"Point","coordinates":[79.87627266919982,6.844143941586347]}},{"type":"Feature","properties":{"node_id":864,"degree":1,"jtype":"culdesac","gn_name":null,"inside_primary":false,"inside_gn":false,"in_corridor":false,"stub_length_m":73.483,"neighbor_node_id":849,"neighbor_jtype":"three_way","dist_to_junction_m":73.483,"depth_class":"medium"},"geometry":{"type":"Point","coordinates":[79.87633555126972,6.843510682312367]}},{"type":"Feature","properties":{"node_id":865,"degree":1,"jtype":"culdesac","gn_name":null,"inside_primary":false,"inside_gn":false,"in_corridor":false,"stub_length_m":65.376,"neighbor_node_id":855,"neighbor_jtype":"three_way","dist_to_junction_m":65.376,"depth_class":"medium"},"geometry":{"type":"Point","coordinates":[79.8764163996453,6.842743634742916]}},{"type":"Feature","properties":{"node_id":866,"degree":1,"jtype":"culdesac","gn_name":null,"inside_primary":false,"inside_gn":false,"in_corridor":false,"stub_length_m":73.824,"neighbor_node_id":853,"neighbor_jtype":"three_way","dist_to_junction_m":73.824,"depth_class":"medium"},"geometry":{"type":"Point","coordinates":[79.87644334910381,6.84296661381457]}},{"type":"Feature","properties":{"node_id":868,"degree":1,"jtype":"culdesac","gn_name":null,"inside_primary":false,"inside_gn":false,"in_corridor":true,"stub_length_m":2.236,"neighbor_node_id":867,"neighbor_jtype":"three_way","dist_to_junction_m":2.236,"depth_class":"short"},"geometry":{"type":"Point","coordinates":[79.87654216378506,6.841619818636867]}},{"type":"Feature","properties":{"node_id":869,"degree":1,"jtype":"culdesac","gn_name":null,"inside_primary":false,"inside_gn":false,"in_corridor":true,"stub_length_m":2.0,"neighbor_node_id":867,"neighbor_jtype":"three_way","dist_to_junction_m":2.0,"depth_class":"short"},"geometry":{"type":"Point","coordinates":[79.8765511469379,6.841637657008414]}},{"type":"Feature","properties":{"node_id":870,"degree":1,"jtype":"culdesac","gn_name":null,"inside_primary":false,"inside_gn":false,"in_corridor":false,"stub_length_m":83.403,"neighbor_node_id":857,"neighbor_jtype":"four_way","dist_to_junction_m":83.403,"depth_class":"medium"},"geometry":{"type":"Point","coordinates":[79.876658944772,6.842458221379249]}}]}