{"type":"FeatureCollection","features":[{"type":"Feature","properties":{"id":1,"is_edge":true,"Hex_area":567.3053,"row_index":1,"col_index":6},"geometry":{"type":"MultiPolygon","coordinates":[[[[79.864915,6.819815],[79.865174,6.81937],[79.865153,6.81937],[79.865121,6.81937],[79.865089,6.81938],[79.865057,6.819401],[79.865025,6.819434],[79.864994,6.819477],[79.864962,6.81953],[79.86493,6.819595],[79.864899,6.81967],[79.864867,6.819756],[79.864845,6.819815],[79.864915,6.819815]]]]}},{"type":"Feature","properties":{"id":2,"is_edge":true,"Hex_area":8102.9228,"row_index":1,"col_index":7},"geometry":{"type":"MultiPolygon","coordinates":[[[[79.864915,6.819815],[79.865175,6.820261],[79.865693,6.820261],[79.865953,6.819815],[79.865813,6.819575],[79.865785,6.819564],[79.865752,6.819551],[79.865717,6.819538],[79.865678,6.819523],[79.865636,6.819508],[79.86559,6.819491],[79.865542,6.819474],[79.86549,6.819455],[79.865444,6.819439],[79.865404,6.819424],[79.86537,6.819412],[79.865341,6.819401],[79.865318,6.819393],[79.865301,6.819386],[79.86529,6.819382],[79.865284,6.819379],[79.865275,6.819377],[79.865263,6.819375],[79.865248,6.819373],[79.865229,6.819372],[79.865207,6.819371],[79.865182,6.81937],[79.865174,6.81937],[79.864915,6.819815]]]]}},{"type":"Feature","properties":{"id":3,"is_edge":true,"Hex_area":369.6292,"row_index":1,"col_index":8},"geometry":{"type":"MultiPolygon","coordinates":[[[[79.865953,6.819815],[79.866219,6.819815],[79.866184,6.819803],[79.866125,6.819781],[79.866076,6.819762],[79.866038,6.819745],[79.86601,6.819732],[79.865992,6.819721],[79.865984,6.819712],[79.865987,6.819706],[79.865989,6.819701],[79.865991,6.819696],[79.865993,6.819692],[79.865994,6.819688],[79.865996,6.819685],[79.865996,6.819682],[79.865997,6.819679],[79.865997,6.819677],[79.865997,6.819675],[79.865997,6.819672],[79.865996,6.819669],[79.865995,6.819667],[79.865993,6.819663],[79.865991,6.81966],[79.865989,6.819657],[79.865987,6.819653],[79.865984,6.81965],[79.865981,6.819647],[79.865977,6.819644],[79.865973,6.819641],[79.865968,6.819638],[79.865963,6.819635],[79.865957,6.819633],[79.865952,6.81963],[79.865943,6.819627],[79.865932,6.819622],[79.865919,6.819617],[79.865903,6.819611],[79.865884,6.819603],[79.865863,6.819595],[79.86584,6.819585],[79.865814,6.819575],[79.865813,6.819575],[79.865953,6.819815]]]]}},{"type":"Feature","properties":{"id":4,"is_edge":true,"Hex_area":1368.2383,"row_index":1,"col_index":9},"geometry":{"type":"MultiPolygon","coordinates":[[[[79.866731,6.820261],[79.867249,6.820261],[79.867268,6.820229],[79.86726,6.820225],[79.867249,6.820219],[79.867238,6.820214],[79.867228,6.820209],[79.867218,6.820204],[79.867206,6.820198],[79.867193,6.820192],[79.867178,6.820185],[79.867163,6.820178],[79.867147,6.82017],[79.867129,6.820162],[79.86711,6.820153],[79.867093,6.820145],[79.867078,6.820138],[79.867064,6.820132],[79.867053,6.820127],[79.867042,6.820122],[79.867034,6.820118],[79.867028,6.820115],[79.867023,6.820113],[79.867017,6.82011],[79.867012,6.820108],[79.867005,6.820105],[79.866999,6.820102],[79.866991,6.820099],[79.866984,6.820096],[79.866975,6.820093],[79.866966,6.820089],[79.866958,6.820086],[79.866951,6.820082],[79.866944,6.820079],[79.866937,6.820076],[79.866931,6.820072],[79.866926,6.820069],[79.866921,6.820065],[79.866917,6.820062],[79.866913,6.820059],[79.866908,6.820056],[79.866904,6.820054],[79.866899,6.820051],[79.866894,6.820049],[79.866889,6.820047],[79.866883,6.820046],[79.866878,6.820045],[79.866871,6.820043],[79.866862,6.82004],[79.866851,6.820037],[79.866838,6.820033],[79.866824,6.820028],[79.866807,6.820023],[79.866789,6.820017],[79.86677,6.820011],[79.866751,6.820004],[79.866733,6.819998],[79.866717,6.819992],[79.866701,6.819987],[79.866687,6.819982],[79.866673,6.819977],[79.866661,6.819972],[79.86665,6.819967],[79.866631,6.81996],[79.866602,6.819949],[79.866566,6.819936],[79.866535,6.819926],[79.866731,6.820261]]]]}},{"type":"Feature","properties":{"id":5,"is_edge":true,"Hex_area":3942.5322,"row_index":2,"col_index":6},"geometry":{"type":"MultiPolygon","coordinates":[[[[79.864915,6.820707],[79.865175,6.820261],[79.864915,6.819815],[79.864845,6.819815],[79.864837,6.819838],[79.86481,6.819914],[79.864784,6.819987],[79.86476,6.820054],[79.864738,6.820117],[79.864717,6.820175],[79.864699,6.820229],[79.864682,6.820278],[79.864666,6.820328],[79.864649,6.820379],[79.864632,6.820431],[79.864616,6.820483],[79.864599,6.820537],[79.864582,6.820592],[79.864566,6.820647],[79.864549,6.820704],[79.864548,6.820707],[79.864915,6.820707]]]]}},{"type":"Feature","properties":{"id":6,"is_edge":false,"Hex_area":8660.254,"row_index":2,"col_index":7},"geometry":{"type":"MultiPolygon","coordinates":[[[[79.865693,6.820261],[79.865175,6.820261],[79.864915,6.820707],[79.865175,6.821153],[79.865693,6.821153],[79.865953,6.820707],[79.865693,6.820261]]]]}},{"type":"Feature","properties":{"id":7,"is_edge":true,"Hex_area":8486.9587,"row_index":2,"col_index":8},"geometry":{"type":"MultiPolygon","coordinates":[[[[79.865953,6.819815],[79.865693,6.820261],[79.865953,6.820707],[79.866471,6.820707],[79.866731,6.820261],[79.866535,6.819926],[79.86652,6.81992],[79.866466,6.819901],[79.866404,6.81988],[79.866333,6.819855],[79.866253,6.819828],[79.866219,6.819815],[79.865953,6.819815]]]]}},{"type":"Feature","properties":{"id":8,"is_edge":false,"Hex_area":8660.254,"row_index":2,"col_index":9},"geometry":{"type":"MultiPolygon","coordinates":[[[[79.867249,6.820261],[79.866731,6.820261],[79.866471,6.820707],[79.866731,6.821153],[79.867249,6.821153],[79.867509,6.820707],[79.867249,6.820261]]]]}},{"type":"Feature","properties":{"id":9,"is_edge":true,"Hex_area":1381.1911,"row_index":2,"col_index":10},"geometry":{"type":"MultiPolygon","coordinates":[[[[79.867249,6.820261],[79.867509,6.820707],[79.867846,6.820707],[79.867844,6.820704],[79.867839,6.820695],[79.867833,6.820687],[79.867827,6.820679],[79.867821,6.820672],[79.867815,6.820664],[79.86781,6.820658],[79.867804,6.820651],[79.867799,6.820645],[79.867795,6.820639],[79.86779,6.820633],[79.867786,6.820628],[79.86778,6.820621],[79.867771,6.820612],[79.86776,6.8206],[79.867746,6.820587],[79.86773,6.820571],[79.867712,6.820554],[79.867692,6.820534],[79.867669,6.820512],[79.867646,6.820491],[79.867624,6.820471],[79.867601,6.820451],[79.867579,6.820432],[79.867557,6.820414],[79.867535,6.820396],[79.867512,6.82038],[79.867491,6.820363],[79.867469,6.820348],[79.867448,6.820334],[79.867428,6.82032],[79.867408,6.820307],[79.867389,6.820295],[79.86737,6.820284],[79.867352,6.820273],[79.867334,6.820264],[79.867317,6.820255],[79.867301,6.820246],[79.867287,6.820239],[79.867273,6.820231],[79.867268,6.820229],[79.867249,6.820261]]]]}},{"type":"Feature","properties":{"id":10,"is_edge":true,"Hex_area":1320.0877,"row_index":3,"col_index":5},"geometry":{"type":"MultiPolygon","coordinates":[[[[79.864138,6.822045],[79.864397,6.821599],[79.864279,6.821397],[79.864259,6.821438],[79.864203,6.821559],[79.864139,6.821694],[79.864079,6.821821],[79.864023,6.821941],[79.863974,6.822045],[79.864138,6.822045]]]]}},{"type":"Feature","properties":{"id":11,"is_edge":true,"Hex_area":7112.3153,"row_index":3,"col_index":6},"geometry":{"type":"MultiPolygon","coordinates":[[[[79.864397,6.821599],[79.864915,6.821599],[79.865175,6.821153],[79.864915,6.820707],[79.864548,6.820707],[79.864533,6.820756],[79.864519,6.820805],[79.864505,6.820849],[79.864493,6.820889],[79.864481,6.820924],[79.864471,6.820956],[79.864462,6.820983],[79.864454,6.821007],[79.864439,6.821044],[79.864417,6.821095],[79.864388,6.82116],[79.864352,6.821239],[79.864309,6.821332],[79.864279,6.821397],[79.864397,6.821599]]]]}},{"type":"Feature","properties":{"id":12,"is_edge":false,"Hex_area":8660.254,"row_index":3,"col_index":7},"geometry":{"type":"MultiPolygon","coordinates":[[[[79.865693,6.821153],[79.865175,6.821153],[79.864915,6.821599],[79.865175,6.822045],[79.865693,6.822045],[79.865953,6.821599],[79.865693,6.821153]]]]}},{"type":"Feature","properties":{"id":13,"is_edge":false,"Hex_area":8660.254,"row_index":3,"col_index":8},"geometry":{"type":"MultiPolygon","coordinates":[[[[79.866471,6.820707],[79.865953,6.820707],[79.865693,6.821153],[79.865953,6.821599],[79.866471,6.821599],[79.866731,6.821153],[79.866471,6.820707]]]]}},{"type":"Feature","properties":{"id":14,"is_edge":false,"Hex_area":8660.254,"row_index":3,"col_index":9},"geometry":{"type":"MultiPolygon","coordinates":[[[[79.867249,6.821153],[79.866731,6.821153],[79.866471,6.821599],[79.866731,6.822045],[79.867249,6.822045],[79.867509,6.821599],[79.867249,6.821153]]]]}},{"type":"Feature","properties":{"id":15,"is_edge":true,"Hex_area":7626.3313,"row_index":3,"col_index":10},"geometry":{"type":"MultiPolygon","coordinates":[[[[79.867509,6.820707],[79.867249,6.821153],[79.867509,6.821599],[79.868027,6.821599],[79.868275,6.821173],[79.868249,6.821155],[79.868214,6.821132],[79.868172,6.821105],[79.868124,6.821074],[79.86807,6.821039],[79.868022,6.821007],[79.86798,6.820979],[79.867946,6.820954],[79.867917,6.820933],[79.867896,6.820916],[79.867881,6.820901],[79.867872,6.82089],[79.86787,6.820883],[79.867868,6.820875],[79.867867,6.820868],[79.867866,6.82086],[79.867865,6.820852],[79.867864,6.820844],[79.867864,6.820836],[79.867864,6.820827],[79.867865,6.820819],[79.867865,6.82081],[79.867865,6.820802],[79.867865,6.820793],[79.867864,6.820784],[79.867864,6.820775],[79.867863,6.820766],[79.867862,6.820757],[79.86786,6.820747],[79.867858,6.820738],[79.867856,6.820729],[79.867853,6.820721],[79.867849,6.820712],[79.867846,6.820707],[79.867509,6.820707]]]]}},{"type":"Feature","properties":{"id":16,"is_edge":true,"Hex_area":6819.9814,"row_index":3,"col_index":11},"geometry":{"type":"MultiPolygon","coordinates":[[[[79.868027,6.821599],[79.868287,6.822045],[79.868805,6.822045],[79.869065,6.821599],[79.869039,6.821555],[79.868948,6.821525],[79.868819,6.821481],[79.868711,6.821443],[79.868622,6.821413],[79.868554,6.821389],[79.868506,6.821371],[79.868478,6.821361],[79.86847,6.821356],[79.868462,6.821351],[79.868453,6.821344],[79.868443,6.821336],[79.868433,6.821327],[79.868422,6.821317],[79.868411,6.821305],[79.868399,6.821292],[79.868387,6.821278],[79.868375,6.821265],[79.868365,6.821253],[79.868356,6.821242],[79.868348,6.821233],[79.868341,6.821226],[79.868335,6.821219],[79.868331,6.821214],[79.868327,6.82121],[79.868317,6.821202],[79.868301,6.82119],[79.868278,6.821175],[79.868275,6.821173],[79.868027,6.821599]]]]}},{"type":"Feature","properties":{"id":17,"is_edge":true,"Hex_area":28.7638,"row_index":3,"col_index":12},"geometry":{"type":"MultiPolygon","coordinates":[[[[79.869065,6.821599],[79.869169,6.821599],[79.869097,6.821575],[79.869039,6.821555],[79.869065,6.821599]]]]}},{"type":"Feature","properties":{"id":18,"is_edge":true,"Hex_area":1002.061,"row_index":3,"col_index":13},"geometry":{"type":"MultiPolygon","coordinates":[[[[79.869843,6.822045],[79.8701,6.822045],[79.870123,6.822019],[79.870172,6.82196],[79.870201,6.821913],[79.870228,6.821878],[79.87014,6.821871],[79.870116,6.82187],[79.870092,6.821868],[79.870068,6.821866],[79.870044,6.821863],[79.870019,6.82186],[79.869995,6.821856],[79.86997,6.821852],[79.869945,6.821848],[79.869903,6.821837],[79.869842,6.821819],[79.869763,6.821795],[79.869682,6.821769],[79.869843,6.822045]]]]}},{"type":"Feature","properties":{"id":19,"is_edge":true,"Hex_area":5530.4183,"row_index":4,"col_index":5},"geometry":{"type":"MultiPolygon","coordinates":[[[[79.863619,6.822937],[79.864138,6.822937],[79.864397,6.822491],[79.864138,6.822045],[79.863974,6.822045],[79.86397,6.822053],[79.863921,6.822158],[79.863876,6.822255],[79.863835,6.822345],[79.863797,6.822428],[79.863763,6.822503],[79.863732,6.822572],[79.863704,6.822634],[79.863679,6.822689],[79.863657,6.822738],[79.863637,6.822781],[79.863621,6.822817],[79.863608,6.822846],[79.863598,6.822869],[79.86359,6.822887],[79.863619,6.822937]]]]}},{"type":"Feature","properties":{"id":20,"is_edge":false,"Hex_area":8660.254,"row_index":4,"col_index":6},"geometry":{"type":"MultiPolygon","coordinates":[[[[79.864915,6.821599],[79.864397,6.821599],[79.864138,6.822045],[79.864397,6.822491],[79.864915,6.822491],[79.865175,6.822045],[79.864915,6.821599]]]]}},{"type":"Feature","properties":{"id":21,"is_edge":false,"Hex_area":8660.254,"row_index":4,"col_index":7},"geometry":{"type":"MultiPolygon","coordinates":[[[[79.865693,6.822045],[79.865175,6.822045],[79.864915,6.822491],[79.865175,6.822937],[79.865693,6.822937],[79.865953,6.822491],[79.865693,6.822045]]]]}},{"type":"Feature","properties":{"id":22,"is_edge":false,"Hex_area":8660.254,"row_index":4,"col_index":8},"geometry":{"type":"MultiPolygon","coordinates":[[[[79.866471,6.821599],[79.865953,6.821599],[79.865693,6.822045],[79.865953,6.822491],[79.866471,6.822491],[79.866731,6.822045],[79.866471,6.821599]]]]}},{"type":"Feature","properties":{"id":23,"is_edge":false,"Hex_area":8660.254,"row_index":4,"col_index":9},"geometry":{"type":"MultiPolygon","coordinates":[[[[79.867249,6.822045],[79.866731,6.822045],[79.866471,6.822491],[79.866731,6.822937],[79.867249,6.822937],[79.867509,6.822491],[79.867249,6.822045]]]]}},{"type":"Feature","properties":{"id":24,"is_edge":false,"Hex_area":8660.254,"row_index":4,"col_index":10},"geometry":{"type":"MultiPolygon","coordinates":[[[[79.868027,6.821599],[79.867509,6.821599],[79.867249,6.822045],[79.867509,6.822491],[79.868027,6.822491],[79.868287,6.822045],[79.868027,6.821599]]]]}},{"type":"Feature","properties":{"id":25,"is_edge":false,"Hex_area":8660.254,"row_index":4,"col_index":11},"geometry":{"type":"MultiPolygon","coordinates":[[[[79.868805,6.822045],[79.868287,6.822045],[79.868027,6.822491],[79.868287,6.822937],[79.868805,6.822937],[79.869065,6.822491],[79.868805,6.822045]]]]}},{"type":"Feature","properties":{"id":26,"is_edge":true,"Hex_area":8216.7551,"row_index":4,"col_index":12},"geometry":{"type":"MultiPolygon","coordinates":[[[[79.869065,6.821599],[79.868805,6.822045],[79.869065,6.822491],[79.869583,6.822491],[79.869843,6.822045],[79.869682,6.821769],[79.869666,6.821764],[79.869551,6.821727],[79.869418,6.821683],[79.869266,6.821632],[79.869169,6.821599],[79.869065,6.821599]]]]}},{"type":"Feature","properties":{"id":27,"is_edge":true,"Hex_area":1118.4173,"row_index":4,"col_index":13},"geometry":{"type":"MultiPolygon","coordinates":[[[[79.869843,6.822045],[79.869583,6.822491],[79.869634,6.822579],[79.869725,6.822474],[79.869853,6.822324],[79.869959,6.822196],[79.870053,6.8221],[79.8701,6.822045],[79.869843,6.822045]]]]}},{"type":"Feature","properties":{"id":28,"is_edge":true,"Hex_area":132.0463,"row_index":5,"col_index":4},"geometry":{"type":"MultiPolygon","coordinates":[[[[79.863619,6.822937],[79.86359,6.822887],[79.863585,6.822898],[79.863569,6.822933],[79.863551,6.822974],[79.86353,6.823021],[79.863507,6.823075],[79.863481,6.823135],[79.863452,6.823201],[79.863421,6.823273],[79.863412,6.823294],[79.863619,6.822937]]]]}},{"type":"Feature","properties":{"id":29,"is_edge":true,"Hex_area":8651.6481,"row_index":5,"col_index":5},"geometry":{"type":"MultiPolygon","coordinates":[[[[79.863619,6.823829],[79.864138,6.823829],[79.864397,6.823383],[79.864138,6.822937],[79.863619,6.822937],[79.863412,6.823294],[79.86339,6.823344],[79.863367,6.823397],[79.863619,6.823829]]]]}},{"type":"Feature","properties":{"id":30,"is_edge":false,"Hex_area":8660.254,"row_index":5,"col_index":6},"geometry":{"type":"MultiPolygon","coordinates":[[[[79.864915,6.822491],[79.864397,6.822491],[79.864138,6.822937],[79.864397,6.823383],[79.864915,6.823383],[79.865175,6.822937],[79.864915,6.822491]]]]}},{"type":"Feature","properties":{"id":31,"is_edge":false,"Hex_area":8660.254,"row_index":5,"col_index":7},"geometry":{"type":"MultiPolygon","coordinates":[[[[79.865693,6.822937],[79.865175,6.822937],[79.864915,6.823383],[79.865175,6.823829],[79.865693,6.823829],[79.865953,6.823383],[79.865693,6.822937]]]]}},{"type":"Feature","properties":{"id":32,"is_edge":false,"Hex_area":8660.254,"row_index":5,"col_index":8},"geometry":{"type":"MultiPolygon","coordinates":[[[[79.866471,6.822491],[79.865953,6.822491],[79.865693,6.822937],[79.865953,6.823383],[79.866471,6.823383],[79.866731,6.822937],[79.866471,6.822491]]]]}},{"type":"Feature","properties":{"id":33,"is_edge":false,"Hex_area":8660.254,"row_index":5,"col_index":9},"geometry":{"type":"MultiPolygon","coordinates":[[[[79.867249,6.822937],[79.866731,6.822937],[79.866471,6.823383],[79.866731,6.823829],[79.867249,6.823829],[79.867509,6.823383],[79.867249,6.822937]]]]}},{"type":"Feature","properties":{"id":34,"is_edge":false,"Hex_area":8660.254,"row_index":5,"col_index":10},"geometry":{"type":"MultiPolygon","coordinates":[[[[79.868027,6.822491],[79.867509,6.822491],[79.867249,6.822937],[79.867509,6.823383],[79.868027,6.823383],[79.868287,6.822937],[79.868027,6.822491]]]]}},{"type":"Feature","properties":{"id":35,"is_edge":true,"Hex_area":7616.8896,"row_index":5,"col_index":11},"geometry":{"type":"MultiPolygon","coordinates":[[[[79.868805,6.822937],[79.868287,6.822937],[79.868027,6.823383],[79.868287,6.823829],[79.868583,6.823829],[79.868587,6.823824],[79.868592,6.823818],[79.868597,6.823811],[79.868602,6.823805],[79.868607,6.823799],[79.868612,6.823793],[79.868618,6.823787],[79.868623,6.82378],[79.86863,6.823772],[79.868637,6.823763],[79.868646,6.823753],[79.868654,6.823743],[79.868664,6.823731],[79.868674,6.823719],[79.868685,6.823706],[79.868698,6.82369],[79.868712,6.823673],[79.868727,6.823653],[79.868744,6.823631],[79.868763,6.823607],[79.868783,6.82358],[79.868804,6.823551],[79.868828,6.82352],[79.86885,6.823491],[79.868872,6.823462],[79.868893,6.823435],[79.868914,6.823409],[79.868934,6.823384],[79.868954,6.82336],[79.868973,6.823338],[79.868991,6.823316],[79.869012,6.823292],[79.868805,6.822937]]]]}},{"type":"Feature","properties":{"id":36,"is_edge":true,"Hex_area":4304.6464,"row_index":5,"col_index":12},"geometry":{"type":"MultiPolygon","coordinates":[[[[79.869583,6.822491],[79.869065,6.822491],[79.868805,6.822937],[79.869012,6.823292],[79.869026,6.823276],[79.869077,6.823218],[79.869144,6.82314],[79.869228,6.823044],[79.869328,6.82293],[79.869444,6.822796],[79.869577,6.822644],[79.869634,6.822579],[79.869583,6.822491]]]]}},{"type":"Feature","properties":{"id":37,"is_edge":true,"Hex_area":3314.887,"row_index":6,"col_index":4},"geometry":{"type":"MultiPolygon","coordinates":[[[[79.86336,6.824275],[79.863619,6.823829],[79.863367,6.823397],[79.86336,6.823414],[79.86333,6.823483],[79.863301,6.823552],[79.863273,6.823619],[79.863245,6.823686],[79.863217,6.823752],[79.86319,6.823816],[79.863162,6.823891],[79.86313,6.823976],[79.863097,6.82407],[79.863062,6.824174],[79.863029,6.824275],[79.86336,6.824275]]]]}},{"type":"Feature","properties":{"id":38,"is_edge":false,"Hex_area":8660.254,"row_index":6,"col_index":5},"geometry":{"type":"MultiPolygon","coordinates":[[[[79.864138,6.823829],[79.863619,6.823829],[79.86336,6.824275],[79.863619,6.824721],[79.864138,6.824721],[79.864397,6.824275],[79.864138,6.823829]]]]}},{"type":"Feature","properties":{"id":39,"is_edge":false,"Hex_area":8660.254,"row_index":6,"col_index":6},"geometry":{"type":"MultiPolygon","coordinates":[[[[79.864915,6.823383],[79.864397,6.823383],[79.864138,6.823829],[79.864397,6.824275],[79.864915,6.824275],[79.865175,6.823829],[79.864915,6.823383]]]]}},{"type":"Feature","properties":{"id":40,"is_edge":false,"Hex_area":8660.254,"row_index":6,"col_index":7},"geometry":{"type":"MultiPolygon","coordinates":[[[[79.865693,6.823829],[79.865175,6.823829],[79.864915,6.824275],[79.865175,6.824721],[79.865693,6.824721],[79.865953,6.824275],[79.865693,6.823829]]]]}},{"type":"Feature","properties":{"id":41,"is_edge":false,"Hex_area":8660.254,"row_index":6,"col_index":8},"geometry":{"type":"MultiPolygon","coordinates":[[[[79.866471,6.823383],[79.865953,6.823383],[79.865693,6.823829],[79.865953,6.824275],[79.866471,6.824275],[79.866731,6.823829],[79.866471,6.823383]]]]}},{"type":"Feature","properties":{"id":42,"is_edge":false,"Hex_area":8660.254,"row_index":6,"col_index":9},"geometry":{"type":"MultiPolygon","coordinates":[[[[79.867249,6.823829],[79.866731,6.823829],[79.866471,6.824275],[79.866731,6.824721],[79.867249,6.824721],[79.867509,6.824275],[79.867249,6.823829]]]]}},{"type":"Feature","properties":{"id":43,"is_edge":false,"Hex_area":8660.254,"row_index":6,"col_index":10},"geometry":{"type":"MultiPolygon","coordinates":[[[[79.868027,6.823383],[79.867509,6.823383],[79.867249,6.823829],[79.867509,6.824275],[79.868027,6.824275],[79.868287,6.823829],[79.868027,6.823383]]]]}},{"type":"Feature","properties":{"id":44,"is_edge":true,"Hex_area":3281.7569,"row_index":6,"col_index":11},"geometry":{"type":"MultiPolygon","coordinates":[[[[79.868287,6.823829],[79.868027,6.824275],[79.868287,6.824721],[79.868312,6.824721],[79.868321,6.824696],[79.868334,6.824657],[79.868347,6.824619],[79.86836,6.824582],[79.868373,6.824547],[79.868385,6.824514],[79.868397,6.824481],[79.868408,6.82445],[79.868419,6.82442],[79.86843,6.824392],[79.86844,6.824366],[79.868449,6.824343],[79.868456,6.824323],[79.868463,6.824306],[79.868468,6.824291],[79.868473,6.824279],[79.868476,6.82427],[79.868479,6.824264],[79.868481,6.824258],[79.868483,6.824252],[79.868486,6.824246],[79.868488,6.82424],[79.86849,6.824234],[79.868492,6.824229],[79.868493,6.824224],[79.868495,6.824218],[79.868497,6.824212],[79.868498,6.824206],[79.868499,6.824198],[79.8685,6.82419],[79.868501,6.824181],[79.868502,6.824172],[79.868502,6.824161],[79.868503,6.82415],[79.868503,6.824139],[79.868503,6.824128],[79.868503,6.824117],[79.868504,6.824106],[79.868504,6.824096],[79.868504,6.824085],[79.868504,6.824074],[79.868504,6.824063],[79.868505,6.824052],[79.868505,6.82404],[79.868506,6.824028],[79.868507,6.824015],[79.868508,6.824002],[79.86851,6.823988],[79.868512,6.823974],[79.868514,6.823959],[79.868516,6.823946],[79.868518,6.823934],[79.86852,6.823924],[79.868522,6.823915],[79.868524,6.823908],[79.868526,6.823903],[79.868528,6.823899],[79.86853,6.823897],[79.868532,6.823895],[79.868534,6.823892],[79.868537,6.82389],[79.868539,6.823887],[79.868541,6.823884],[79.868543,6.823881],[79.868546,6.823878],[79.868548,6.823875],[79.868551,6.823872],[79.868554,6.823868],[79.868557,6.823864],[79.868561,6.823859],[79.868564,6.823854],[79.868569,6.823848],[79.868573,6.823843],[79.868578,6.823836],[79.868582,6.82383],[79.868583,6.823829],[79.868287,6.823829]]]]}},{"type":"Feature","properties":{"id":45,"is_edge":true,"Hex_area":77.0702,"row_index":7,"col_index":3},"geometry":{"type":"MultiPolygon","coordinates":[[[[79.862841,6.825167],[79.862797,6.825091],[79.862784,6.825157],[79.86277,6.825248],[79.862765,6.825298],[79.862841,6.825167]]]]}},{"type":"Feature","properties":{"id":46,"is_edge":true,"Hex_area":6584.2107,"row_index":7,"col_index":4},"geometry":{"type":"MultiPolygon","coordinates":[[[[79.862841,6.825167],[79.86336,6.825167],[79.863619,6.824721],[79.86336,6.824275],[79.863029,6.824275],[79.863024,6.824288],[79.862985,6.824412],[79.862943,6.824546],[79.862899,6.824689],[79.862861,6.824822],[79.86283,6.824945],[79.862804,6.825056],[79.862797,6.825091],[79.862841,6.825167]]]]}},{"type":"Feature","properties":{"id":47,"is_edge":false,"Hex_area":8660.254,"row_index":7,"col_index":5},"geometry":{"type":"MultiPolygon","coordinates":[[[[79.864138,6.824721],[79.863619,6.824721],[79.86336,6.825167],[79.863619,6.825613],[79.864138,6.825613],[79.864397,6.825167],[79.864138,6.824721]]]]}},{"type":"Feature","properties":{"id":48,"is_edge":false,"Hex_area":8660.254,"row_index":7,"col_index":6},"geometry":{"type":"MultiPolygon","coordinates":[[[[79.864915,6.824275],[79.864397,6.824275],[79.864138,6.824721],[79.864397,6.825167],[79.864915,6.825167],[79.865175,6.824721],[79.864915,6.824275]]]]}},{"type":"Feature","properties":{"id":49,"is_edge":false,"Hex_area":8660.254,"row_index":7,"col_index":7},"geometry":{"type":"MultiPolygon","coordinates":[[[[79.865693,6.824721],[79.865175,6.824721],[79.864915,6.825167],[79.865175,6.825613],[79.865693,6.825613],[79.865953,6.825167],[79.865693,6.824721]]]]}},{"type":"Feature","properties":{"id":50,"is_edge":false,"Hex_area":8660.254,"row_index":7,"col_index":8},"geometry":{"type":"MultiPolygon","coordinates":[[[[79.866471,6.824275],[79.865953,6.824275],[79.865693,6.824721],[79.865953,6.825167],[79.866471,6.825167],[79.866731,6.824721],[79.866471,6.824275]]]]}},{"type":"Feature","properties":{"id":51,"is_edge":false,"Hex_area":8660.254,"row_index":7,"col_index":9},"geometry":{"type":"MultiPolygon","coordinates":[[[[79.867249,6.824721],[79.866731,6.824721],[79.866471,6.825167],[79.866731,6.825613],[79.867249,6.825613],[79.867509,6.825167],[79.867249,6.824721]]]]}},{"type":"Feature","properties":{"id":52,"is_edge":false,"Hex_area":8660.254,"row_index":7,"col_index":10},"geometry":{"type":"MultiPolygon","coordinates":[[[[79.868027,6.824275],[79.867509,6.824275],[79.867249,6.824721],[79.867509,6.825167],[79.868027,6.825167],[79.868287,6.824721],[79.868027,6.824275]]]]}},{"type":"Feature","properties":{"id":53,"is_edge":true,"Hex_area":488.0358,"row_index":7,"col_index":11},"geometry":{"type":"MultiPolygon","coordinates":[[[[79.868287,6.824721],[79.868027,6.825167],[79.868104,6.8253],[79.868111,6.825276],[79.868119,6.825246],[79.868128,6.825216],[79.868137,6.825187],[79.868147,6.825158],[79.868157,6.825129],[79.868167,6.825101],[79.868177,6.825072],[79.868188,6.825044],[79.868199,6.825015],[79.86821,6.824987],[79.868222,6.824959],[79.868233,6.824931],[79.868245,6.824902],[79.868257,6.824871],[79.868269,6.824839],[79.868282,6.824805],[79.868295,6.82477],[79.868308,6.824734],[79.868312,6.824721],[79.868287,6.824721]]]]}},{"type":"Feature","properties":{"id":54,"is_edge":true,"Hex_area":2.6297,"row_index":8,"col_index":3},"geometry":{"type":"MultiPolygon","coordinates":[[[[79.862841,6.826059],[79.862829,6.826039],[79.86283,6.826046],[79.86283,6.826077],[79.862841,6.826059]]]]}},{"type":"Feature","properties":{"id":55,"is_edge":true,"Hex_area":7763.6141,"row_index":8,"col_index":4},"geometry":{"type":"MultiPolygon","coordinates":[[[[79.862841,6.826059],[79.86336,6.826059],[79.863619,6.825613],[79.86336,6.825167],[79.862841,6.825167],[79.862765,6.825298],[79.862762,6.825328],[79.86276,6.825397],[79.862764,6.825456],[79.862769,6.825514],[79.862774,6.825571],[79.86278,6.825629],[79.862786,6.825685],[79.862793,6.825742],[79.862801,6.825798],[79.862809,6.825853],[79.862818,6.825908],[79.862825,6.825973],[79.862829,6.826039],[79.862841,6.826059]]]]}},{"type":"Feature","properties":{"id":56,"is_edge":false,"Hex_area":8660.254,"row_index":8,"col_index":5},"geometry":{"type":"MultiPolygon","coordinates":[[[[79.864138,6.825613],[79.863619,6.825613],[79.86336,6.826059],[79.863619,6.826505],[79.864138,6.826505],[79.864397,6.826059],[79.864138,6.825613]]]]}},{"type":"Feature","properties":{"id":57,"is_edge":false,"Hex_area":8660.254,"row_index":8,"col_index":6},"geometry":{"type":"MultiPolygon","coordinates":[[[[79.864915,6.825167],[79.864397,6.825167],[79.864138,6.825613],[79.864397,6.826059],[79.864915,6.826059],[79.865175,6.825613],[79.864915,6.825167]]]]}},{"type":"Feature","properties":{"id":58,"is_edge":false,"Hex_area":8660.254,"row_index":8,"col_index":7},"geometry":{"type":"MultiPolygon","coordinates":[[[[79.865693,6.825613],[79.865175,6.825613],[79.864915,6.826059],[79.865175,6.826505],[79.865693,6.826505],[79.865953,6.826059],[79.865693,6.825613]]]]}},{"type":"Feature","properties":{"id":59,"is_edge":false,"Hex_area":8660.254,"row_index":8,"col_index":8},"geometry":{"type":"MultiPolygon","coordinates":[[[[79.866471,6.825167],[79.865953,6.825167],[79.865693,6.825613],[79.865953,6.826059],[79.866471,6.826059],[79.866731,6.825613],[79.866471,6.825167]]]]}},{"type":"Feature","properties":{"id":60,"is_edge":false,"Hex_area":8660.254,"row_index":8,"col_index":9},"geometry":{"type":"MultiPolygon","coordinates":[[[[79.867249,6.825613],[79.866731,6.825613],[79.866471,6.826059],[79.866731,6.826505],[79.867249,6.826505],[79.867509,6.826059],[79.867249,6.825613]]]]}},{"type":"Feature","properties":{"id":61,"is_edge":true,"Hex_area":7454.6938,"row_index":8,"col_index":10},"geometry":{"type":"MultiPolygon","coordinates":[[[[79.868027,6.825167],[79.867509,6.825167],[79.867249,6.825613],[79.867509,6.826059],[79.867993,6.826059],[79.867994,6.826056],[79.867997,6.826044],[79.868,6.826035],[79.868001,6.826029],[79.868002,6.826021],[79.868004,6.826011],[79.868006,6.826],[79.868008,6.825988],[79.86801,6.825974],[79.868012,6.825958],[79.868015,6.825941],[79.868018,6.825922],[79.86802,6.825901],[79.868023,6.825878],[79.868026,6.825851],[79.868029,6.825823],[79.868033,6.825792],[79.868036,6.825758],[79.868039,6.825722],[79.868043,6.825683],[79.868046,6.825646],[79.868051,6.825608],[79.868055,6.825572],[79.86806,6.825537],[79.868065,6.825502],[79.86807,6.825468],[79.868076,6.825434],[79.868082,6.825401],[79.868088,6.825369],[79.868095,6.825338],[79.868103,6.825306],[79.868104,6.8253],[79.868027,6.825167]]]]}},{"type":"Feature","properties":{"id":62,"is_edge":true,"Hex_area":59.1297,"row_index":9,"col_index":3},"geometry":{"type":"MultiPolygon","coordinates":[[[[79.862841,6.826951],[79.862795,6.826873],[79.862791,6.826924],[79.862782,6.827031],[79.86278,6.827056],[79.862841,6.826951]]]]}},{"type":"Feature","properties":{"id":63,"is_edge":true,"Hex_area":7451.4674,"row_index":9,"col_index":4},"geometry":{"type":"MultiPolygon","coordinates":[[[[79.862841,6.826951],[79.86336,6.826951],[79.863619,6.826505],[79.86336,6.826059],[79.862841,6.826059],[79.86283,6.826077],[79.862832,6.82613],[79.862832,6.826222],[79.86283,6.826324],[79.862825,6.826436],[79.862818,6.826556],[79.862809,6.826686],[79.8628,6.826809],[79.862795,6.826873],[79.862841,6.826951]]]]}},{"type":"Feature","properties":{"id":64,"is_edge":false,"Hex_area":8660.254,"row_index":9,"col_index":5},"geometry":{"type":"MultiPolygon","coordinates":[[[[79.864138,6.826505],[79.863619,6.826505],[79.86336,6.826951],[79.863619,6.827397],[79.864138,6.827397],[79.864397,6.826951],[79.864138,6.826505]]]]}},{"type":"Feature","properties":{"id":65,"is_edge":false,"Hex_area":8660.254,"row_index":9,"col_index":6},"geometry":{"type":"MultiPolygon","coordinates":[[[[79.864915,6.826059],[79.864397,6.826059],[79.864138,6.826505],[79.864397,6.826951],[79.864915,6.826951],[79.865175,6.826505],[79.864915,6.826059]]]]}},{"type":"Feature","properties":{"id":66,"is_edge":false,"Hex_area":8660.254,"row_index":9,"col_index":7},"geometry":{"type":"MultiPolygon","coordinates":[[[[79.865693,6.826505],[79.865175,6.826505],[79.864915,6.826951],[79.865175,6.827397],[79.865693,6.827397],[79.865953,6.826951],[79.865693,6.826505]]]]}},{"type":"Feature","properties":{"id":67,"is_edge":false,"Hex_area":8660.254,"row_index":9,"col_index":8},"geometry":{"type":"MultiPolygon","coordinates":[[[[79.866471,6.826059],[79.865953,6.826059],[79.865693,6.826505],[79.865953,6.826951],[79.866471,6.826951],[79.866731,6.826505],[79.866471,6.826059]]]]}},{"type":"Feature","properties":{"id":68,"is_edge":false,"Hex_area":8660.254,"row_index":9,"col_index":9},"geometry":{"type":"MultiPolygon","coordinates":[[[[79.867249,6.826505],[79.866731,6.826505],[79.866471,6.826951],[79.866731,6.827397],[79.867249,6.827397],[79.867509,6.826951],[79.867249,6.826505]]]]}},{"type":"Feature","properties":{"id":69,"is_edge":true,"Hex_area":5838.1586,"row_index":9,"col_index":10},"geometry":{"type":"MultiPolygon","coordinates":[[[[79.867509,6.826059],[79.867249,6.826505],[79.867509,6.826951],[79.868027,6.826951],[79.868034,6.82694],[79.867979,6.826915],[79.867932,6.826885],[79.867895,6.82685],[79.867869,6.826811],[79.867853,6.826767],[79.867847,6.826719],[79.867851,6.826666],[79.867856,6.826617],[79.86786,6.826571],[79.867866,6.826529],[79.867871,6.826491],[79.867877,6.826456],[79.867883,6.826425],[79.867889,6.826397],[79.867895,6.826373],[79.867902,6.826348],[79.867909,6.826323],[79.867917,6.826297],[79.867925,6.82627],[79.867934,6.826243],[79.867942,6.826215],[79.867952,6.826187],[79.867961,6.826158],[79.86797,6.826132],[79.867977,6.826109],[79.867984,6.826089],[79.867989,6.826071],[79.867993,6.826059],[79.867509,6.826059]]]]}},{"type":"Feature","properties":{"id":70,"is_edge":true,"Hex_area":3045.1031,"row_index":9,"col_index":11},"geometry":{"type":"MultiPolygon","coordinates":[[[[79.868027,6.826951],[79.868287,6.827397],[79.868805,6.827397],[79.868944,6.827159],[79.868896,6.827144],[79.868813,6.827132],[79.868733,6.82711],[79.868653,6.82709],[79.868573,6.82707],[79.868494,6.82705],[79.868415,6.827031],[79.868336,6.827013],[79.868258,6.826995],[79.86818,6.826978],[79.868103,6.826961],[79.868036,6.82694],[79.868034,6.82694],[79.868027,6.826951]]]]}},{"type":"Feature","properties":{"id":71,"is_edge":true,"Hex_area":672.1578,"row_index":10,"col_index":3},"geometry":{"type":"MultiPolygon","coordinates":[[[[79.862841,6.827843],[79.862711,6.82762],[79.862704,6.827666],[79.862692,6.827737],[79.86268,6.82781],[79.862667,6.827883],[79.862653,6.827956],[79.862639,6.828031],[79.862625,6.828101],[79.862613,6.828169],[79.862602,6.828233],[79.862597,6.828262],[79.862841,6.827843]]]]}},{"type":"Feature","properties":{"id":72,"is_edge":true,"Hex_area":8084.2586,"row_index":10,"col_index":4},"geometry":{"type":"MultiPolygon","coordinates":[[[[79.862841,6.827843],[79.86336,6.827843],[79.863619,6.827397],[79.86336,6.826951],[79.862841,6.826951],[79.86278,6.827056],[79.862773,6.827131],[79.862764,6.827223],[79.862755,6.827308],[79.862745,6.827385],[79.862736,6.827454],[79.862726,6.827524],[79.862715,6.827594],[79.862711,6.82762],[79.862841,6.827843]]]]}},{"type":"Feature","properties":{"id":73,"is_edge":false,"Hex_area":8660.254,"row_index":10,"col_index":5},"geometry":{"type":"MultiPolygon","coordinates":[[[[79.864138,6.827397],[79.863619,6.827397],[79.86336,6.827843],[79.863619,6.828289],[79.864138,6.828289],[79.864397,6.827843],[79.864138,6.827397]]]]}},{"type":"Feature","properties":{"id":74,"is_edge":false,"Hex_area":8660.254,"row_index":10,"col_index":6},"geometry":{"type":"MultiPolygon","coordinates":[[[[79.864915,6.826951],[79.864397,6.826951],[79.864138,6.827397],[79.864397,6.827843],[79.864915,6.827843],[79.865175,6.827397],[79.864915,6.826951]]]]}},{"type":"Feature","properties":{"id":75,"is_edge":false,"Hex_area":8660.254,"row_index":10,"col_index":7},"geometry":{"type":"MultiPolygon","coordinates":[[[[79.865693,6.827397],[79.865175,6.827397],[79.864915,6.827843],[79.865175,6.828289],[79.865693,6.828289],[79.865953,6.827843],[79.865693,6.827397]]]]}},{"type":"Feature","properties":{"id":76,"is_edge":false,"Hex_area":8660.254,"row_index":10,"col_index":8},"geometry":{"type":"MultiPolygon","coordinates":[[[[79.866471,6.826951],[79.865953,6.826951],[79.865693,6.827397],[79.865953,6.827843],[79.866471,6.827843],[79.866731,6.827397],[79.866471,6.826951]]]]}},{"type":"Feature","properties":{"id":77,"is_edge":false,"Hex_area":8660.254,"row_index":10,"col_index":9},"geometry":{"type":"MultiPolygon","coordinates":[[[[79.867249,6.827397],[79.866731,6.827397],[79.866471,6.827843],[79.866731,6.828289],[79.867249,6.828289],[79.867509,6.827843],[79.867249,6.827397]]]]}},{"type":"Feature","properties":{"id":78,"is_edge":false,"Hex_area":8660.254,"row_index":10,"col_index":10},"geometry":{"type":"MultiPolygon","coordinates":[[[[79.868027,6.826951],[79.867509,6.826951],[79.867249,6.827397],[79.867509,6.827843],[79.868027,6.827843],[79.868287,6.827397],[79.868027,6.826951]]]]}},{"type":"Feature","properties":{"id":79,"is_edge":true,"Hex_area":7994.21,"row_index":10,"col_index":11},"geometry":{"type":"MultiPolygon","coordinates":[[[[79.868805,6.827397],[79.868287,6.827397],[79.868027,6.827843],[79.868287,6.828289],[79.868805,6.828289],[79.868918,6.828095],[79.868889,6.828055],[79.868868,6.827999],[79.86886,6.827934],[79.868864,6.827858],[79.86888,6.827773],[79.868909,6.827678],[79.868933,6.827617],[79.868805,6.827397]]]]}},{"type":"Feature","properties":{"id":80,"is_edge":true,"Hex_area":786.9679,"row_index":10,"col_index":12},"geometry":{"type":"MultiPolygon","coordinates":[[[[79.868805,6.827397],[79.868933,6.827617],[79.86895,6.827573],[79.868976,6.827479],[79.86901,6.82741],[79.869038,6.827335],[79.869091,6.827206],[79.86898,6.827171],[79.868944,6.827159],[79.868805,6.827397]]]]}},{"type":"Feature","properties":{"id":81,"is_edge":true,"Hex_area":1913.9631,"row_index":10,"col_index":13},"geometry":{"type":"MultiPolygon","coordinates":[[[[79.869843,6.828289],[79.870361,6.828289],[79.870476,6.828091],[79.87043,6.828085],[79.870378,6.828079],[79.870322,6.828073],[79.870264,6.828066],[79.870202,6.82806],[79.870138,6.828055],[79.870078,6.828049],[79.870021,6.828045],[79.869969,6.828041],[79.869921,6.828039],[79.869877,6.828036],[79.869837,6.828035],[79.869802,6.828034],[79.86977,6.828034],[79.86974,6.828036],[79.869713,6.828039],[79.869698,6.828041],[79.869843,6.828289]]]]}},{"type":"Feature","properties":{"id":82,"is_edge":true,"Hex_area":2081.4692,"row_index":11,"col_index":3},"geometry":{"type":"MultiPolygon","coordinates":[[[[79.862582,6.829181],[79.862841,6.828735],[79.86259,6.828304],[79.862583,6.828351],[79.862575,6.828404],[79.862568,6.828455],[79.862562,6.828502],[79.862555,6.828554],[79.862547,6.828612],[79.862537,6.828676],[79.862526,6.828745],[79.862513,6.82882],[79.862499,6.8289],[79.862484,6.828986],[79.862467,6.829077],[79.86245,6.829166],[79.862447,6.829181],[79.862582,6.829181]]]]}},{"type":"Feature","properties":{"id":83,"is_edge":true,"Hex_area":8657.3762,"row_index":11,"col_index":4},"geometry":{"type":"MultiPolygon","coordinates":[[[[79.862841,6.828735],[79.86336,6.828735],[79.863619,6.828289],[79.86336,6.827843],[79.862841,6.827843],[79.862597,6.828262],[79.862592,6.828294],[79.86259,6.828304],[79.862841,6.828735]]]]}},{"type":"Feature","properties":{"id":84,"is_edge":false,"Hex_area":8660.254,"row_index":11,"col_index":5},"geometry":{"type":"MultiPolygon","coordinates":[[[[79.864138,6.828289],[79.863619,6.828289],[79.86336,6.828735],[79.863619,6.829181],[79.864138,6.829181],[79.864397,6.828735],[79.864138,6.828289]]]]}},{"type":"Feature","properties":{"id":85,"is_edge":false,"Hex_area":8660.254,"row_index":11,"col_index":6},"geometry":{"type":"MultiPolygon","coordinates":[[[[79.864915,6.827843],[79.864397,6.827843],[79.864138,6.828289],[79.864397,6.828735],[79.864915,6.828735],[79.865175,6.828289],[79.864915,6.827843]]]]}},{"type":"Feature","properties":{"id":86,"is_edge":false,"Hex_area":8660.254,"row_index":11,"col_index":7},"geometry":{"type":"MultiPolygon","coordinates":[[[[79.865693,6.828289],[79.865175,6.828289],[79.864915,6.828735],[79.865175,6.829181],[79.865693,6.829181],[79.865953,6.828735],[79.865693,6.828289]]]]}},{"type":"Feature","properties":{"id":87,"is_edge":false,"Hex_area":8660.254,"row_index":11,"col_index":8},"geometry":{"type":"MultiPolygon","coordinates":[[[[79.866471,6.827843],[79.865953,6.827843],[79.865693,6.828289],[79.865953,6.828735],[79.866471,6.828735],[79.866731,6.828289],[79.866471,6.827843]]]]}},{"type":"Feature","properties":{"id":88,"is_edge":false,"Hex_area":8660.254,"row_index":11,"col_index":9},"geometry":{"type":"MultiPolygon","coordinates":[[[[79.867249,6.828289],[79.866731,6.828289],[79.866471,6.828735],[79.866731,6.829181],[79.867249,6.829181],[79.867509,6.828735],[79.867249,6.828289]]]]}},{"type":"Feature","properties":{"id":89,"is_edge":false,"Hex_area":8660.254,"row_index":11,"col_index":10},"geometry":{"type":"MultiPolygon","coordinates":[[[[79.868027,6.827843],[79.867509,6.827843],[79.867249,6.828289],[79.867509,6.828735],[79.868027,6.828735],[79.868287,6.828289],[79.868027,6.827843]]]]}},{"type":"Feature","properties":{"id":90,"is_edge":false,"Hex_area":8660.254,"row_index":11,"col_index":11},"geometry":{"type":"MultiPolygon","coordinates":[[[[79.868805,6.828289],[79.868287,6.828289],[79.868027,6.828735],[79.868287,6.829181],[79.868805,6.829181],[79.869065,6.828735],[79.868805,6.828289]]]]}},{"type":"Feature","properties":{"id":91,"is_edge":true,"Hex_area":5914.0796,"row_index":11,"col_index":12},"geometry":{"type":"MultiPolygon","coordinates":[[[[79.868805,6.828289],[79.869065,6.828735],[79.869583,6.828735],[79.869843,6.828289],[79.869698,6.828041],[79.869687,6.828043],[79.869664,6.828049],[79.869643,6.828056],[79.869624,6.828065],[79.869607,6.828075],[79.869592,6.828087],[79.869577,6.828097],[79.869563,6.828108],[79.869548,6.828117],[79.869533,6.828126],[79.869519,6.828134],[79.869504,6.828142],[79.86949,6.828148],[79.869475,6.828154],[79.86946,6.828161],[79.869444,6.828167],[79.869427,6.828174],[79.86941,6.828181],[79.869392,6.828188],[79.869373,6.828196],[79.869353,6.828204],[79.869333,6.828212],[79.869314,6.828219],[79.869298,6.828226],[79.869284,6.828231],[79.869272,6.828236],[79.869262,6.828241],[79.869254,6.828244],[79.869248,6.828247],[79.869244,6.828249],[79.869234,6.828247],[79.869216,6.828242],[79.869192,6.828234],[79.869161,6.828222],[79.869123,6.828206],[79.869078,6.828187],[79.869027,6.828164],[79.868968,6.828137],[79.868922,6.828101],[79.868918,6.828095],[79.868805,6.828289]]]]}},{"type":"Feature","properties":{"id":92,"is_edge":false,"Hex_area":8660.254,"row_index":11,"col_index":13},"geometry":{"type":"MultiPolygon","coordinates":[[[[79.870361,6.828289],[79.869843,6.828289],[79.869583,6.828735],[79.869843,6.829181],[79.870361,6.829181],[79.870621,6.828735],[79.870361,6.828289]]]]}},{"type":"Feature","properties":{"id":93,"is_edge":true,"Hex_area":4858.0166,"row_index":11,"col_index":14},"geometry":{"type":"MultiPolygon","coordinates":[[[[79.870361,6.828289],[79.870621,6.828735],[79.871139,6.828735],[79.871311,6.828439],[79.871297,6.828435],[79.871273,6.828429],[79.87125,6.828423],[79.871229,6.828416],[79.87121,6.82841],[79.871191,6.828403],[79.871175,6.828397],[79.871159,6.82839],[79.871145,6.828383],[79.871131,6.828376],[79.871115,6.828367],[79.871098,6.828357],[79.87108,6.828346],[79.871061,6.828335],[79.871041,6.828322],[79.87102,6.828308],[79.870998,6.828293],[79.870977,6.828279],[79.870955,6.828265],[79.870933,6.82825],[79.870912,6.828237],[79.87089,6.828223],[79.870869,6.82821],[79.870848,6.828196],[79.870827,6.828183],[79.870804,6.828171],[79.870778,6.82816],[79.870749,6.828149],[79.870718,6.828139],[79.870685,6.828129],[79.870649,6.828121],[79.870611,6.828113],[79.870588,6.828109],[79.870527,6.828099],[79.87048,6.828092],[79.870476,6.828091],[79.870361,6.828289]]]]}},{"type":"Feature","properties":{"id":94,"is_edge":true,"Hex_area":6914.1326,"row_index":11,"col_index":15},"geometry":{"type":"MultiPolygon","coordinates":[[[[79.871139,6.828735],[79.871399,6.829181],[79.871917,6.829181],[79.872176,6.828735],[79.872084,6.828577],[79.872068,6.828574],[79.872011,6.828565],[79.871957,6.828555],[79.871904,6.828546],[79.871853,6.828537],[79.871804,6.828528],[79.871758,6.828519],[79.871715,6.828511],[79.871674,6.828504],[79.871636,6.828498],[79.8716,6.828492],[79.871567,6.828486],[79.871537,6.828482],[79.871509,6.828478],[79.871481,6.828473],[79.871454,6.828469],[79.871427,6.828464],[79.871401,6.828459],[79.871374,6.828453],[79.871348,6.828448],[79.871323,6.828442],[79.871311,6.828439],[79.871139,6.828735]]]]}},{"type":"Feature","properties":{"id":95,"is_edge":true,"Hex_area":815.1874,"row_index":11,"col_index":16},"geometry":{"type":"MultiPolygon","coordinates":[[[[79.872176,6.828735],[79.872695,6.828735],[79.872741,6.828656],[79.872705,6.828654],[79.872656,6.82865],[79.872605,6.828646],[79.872552,6.828641],[79.872496,6.828635],[79.872438,6.828628],[79.872378,6.82862],[79.872315,6.828611],[79.872251,6.828602],[79.872188,6.828593],[79.872127,6.828583],[79.872084,6.828577],[79.872176,6.828735]]]]}},{"type":"Feature","properties":{"id":96,"is_edge":true,"Hex_area":3702.1408,"row_index":11,"col_index":17},"geometry":{"type":"MultiPolygon","coordinates":[[[[79.872695,6.828735],[79.872954,6.829181],[79.873363,6.829181],[79.873371,6.829154],[79.873392,6.82908],[79.873407,6.829014],[79.873438,6.828957],[79.873448,6.828916],[79.873458,6.828877],[79.873466,6.828826],[79.873395,6.828784],[79.873365,6.828766],[79.873337,6.82875],[79.873311,6.828735],[79.873287,6.828723],[79.873266,6.828712],[79.873248,6.828704],[79.873232,6.828697],[79.873218,6.828693],[79.873208,6.82869],[79.873199,6.82869],[79.87319,6.828689],[79.873181,6.828688],[79.87317,6.828686],[79.873159,6.828685],[79.873147,6.828683],[79.873134,6.828681],[79.873121,6.828679],[79.873107,6.828677],[79.873092,6.828675],[79.873077,6.828673],[79.873062,6.828672],[79.873046,6.82867],[79.873029,6.828669],[79.873013,6.828668],[79.872995,6.828668],[79.872977,6.828667],[79.872956,6.828667],[79.872931,6.828666],[79.872902,6.828664],[79.87287,6.828663],[79.872834,6.828661],[79.872795,6.828659],[79.872752,6.828656],[79.872741,6.828656],[79.872695,6.828735]]]]}},{"type":"Feature","properties":{"id":97,"is_edge":true,"Hex_area":4252.1271,"row_index":12,"col_index":3},"geometry":{"type":"MultiPolygon","coordinates":[[[[79.862582,6.830073],[79.862841,6.829627],[79.862582,6.829181],[79.862447,6.829181],[79.862431,6.829254],[79.862412,6.82934],[79.862391,6.829424],[79.86237,6.829507],[79.862347,6.829588],[79.862323,6.829667],[79.862299,6.829744],[79.862275,6.82982],[79.862251,6.829893],[79.862227,6.829964],[79.862203,6.830034],[79.86219,6.830073],[79.862582,6.830073]]]]}},{"type":"Feature","properties":{"id":98,"is_edge":false,"Hex_area":8660.254,"row_index":12,"col_index":4},"geometry":{"type":"MultiPolygon","coordinates":[[[[79.86336,6.828735],[79.862841,6.828735],[79.862582,6.829181],[79.862841,6.829627],[79.86336,6.829627],[79.863619,6.829181],[79.86336,6.828735]]]]}},{"type":"Feature","properties":{"id":99,"is_edge":false,"Hex_area":8660.254,"row_index":12,"col_index":5},"geometry":{"type":"MultiPolygon","coordinates":[[[[79.864138,6.829181],[79.863619,6.829181],[79.86336,6.829627],[79.863619,6.830073],[79.864138,6.830073],[79.864397,6.829627],[79.864138,6.829181]]]]}},{"type":"Feature","properties":{"id":100,"is_edge":false,"Hex_area":8660.254,"row_index":12,"col_index":6},"geometry":{"type":"MultiPolygon","coordinates":[[[[79.864915,6.828735],[79.864397,6.828735],[79.864138,6.829181],[79.864397,6.829627],[79.864915,6.829627],[79.865175,6.829181],[79.864915,6.828735]]]]}},{"type":"Feature","properties":{"id":101,"is_edge":false,"Hex_area":8660.254,"row_index":12,"col_index":7},"geometry":{"type":"MultiPolygon","coordinates":[[[[79.865693,6.829181],[79.865175,6.829181],[79.864915,6.829627],[79.865175,6.830073],[79.865693,6.830073],[79.865953,6.829627],[79.865693,6.829181]]]]}},{"type":"Feature","properties":{"id":102,"is_edge":false,"Hex_area":8660.254,"row_index":12,"col_index":8},"geometry":{"type":"MultiPolygon","coordinates":[[[[79.866471,6.828735],[79.865953,6.828735],[79.865693,6.829181],[79.865953,6.829627],[79.866471,6.829627],[79.866731,6.829181],[79.866471,6.828735]]]]}},{"type":"Feature","properties":{"id":103,"is_edge":false,"Hex_area":8660.254,"row_index":12,"col_index":9},"geometry":{"type":"MultiPolygon","coordinates":[[[[79.867249,6.829181],[79.866731,6.829181],[79.866471,6.829627],[79.866731,6.830073],[79.867249,6.830073],[79.867509,6.829627],[79.867249,6.829181]]]]}},{"type":"Feature","properties":{"id":104,"is_edge":false,"Hex_area":8660.254,"row_index":12,"col_index":10},"geometry":{"type":"MultiPolygon","coordinates":[[[[79.868027,6.828735],[79.867509,6.828735],[79.867249,6.829181],[79.867509,6.829627],[79.868027,6.829627],[79.868287,6.829181],[79.868027,6.828735]]]]}},{"type":"Feature","properties":{"id":105,"is_edge":false,"Hex_area":8660.254,"row_index":12,"col_index":11},"geometry":{"type":"MultiPolygon","coordinates":[[[[79.868805,6.829181],[79.868287,6.829181],[79.868027,6.829627],[79.868287,6.830073],[79.868805,6.830073],[79.869065,6.829627],[79.868805,6.829181]]]]}},{"type":"Feature","properties":{"id":106,"is_edge":false,"Hex_area":8660.254,"row_index":12,"col_index":12},"geometry":{"type":"MultiPolygon","coordinates":[[[[79.869583,6.828735],[79.869065,6.828735],[79.868805,6.829181],[79.869065,6.829627],[79.869583,6.829627],[79.869843,6.829181],[79.869583,6.828735]]]]}},{"type":"Feature","properties":{"id":107,"is_edge":false,"Hex_area":8660.254,"row_index":12,"col_index":13},"geometry":{"type":"MultiPolygon","coordinates":[[[[79.870361,6.829181],[79.869843,6.829181],[79.869583,6.829627],[79.869843,6.830073],[79.870361,6.830073],[79.870621,6.829627],[79.870361,6.829181]]]]}},{"type":"Feature","properties":{"id":108,"is_edge":false,"Hex_area":8660.254,"row_index":12,"col_index":14},"geometry":{"type":"MultiPolygon","coordinates":[[[[79.871139,6.828735],[79.870621,6.828735],[79.870361,6.829181],[79.870621,6.829627],[79.871139,6.829627],[79.871399,6.829181],[79.871139,6.828735]]]]}},{"type":"Feature","properties":{"id":109,"is_edge":false,"Hex_area":8660.254,"row_index":12,"col_index":15},"geometry":{"type":"MultiPolygon","coordinates":[[[[79.871917,6.829181],[79.871399,6.829181],[79.871139,6.829627],[79.871399,6.830073],[79.871917,6.830073],[79.872176,6.829627],[79.871917,6.829181]]]]}},{"type":"Feature","properties":{"id":110,"is_edge":true,"Hex_area":8625.0583,"row_index":12,"col_index":16},"geometry":{"type":"MultiPolygon","coordinates":[[[[79.872954,6.829181],[79.872695,6.828735],[79.872176,6.828735],[79.871917,6.829181],[79.872176,6.829627],[79.872645,6.829627],[79.872645,6.829627],[79.872649,6.829618],[79.872653,6.82961],[79.872658,6.829602],[79.872664,6.829595],[79.872671,6.829589],[79.872679,6.829582],[79.872687,6.829577],[79.872697,6.829572],[79.872707,6.829567],[79.872721,6.829563],[79.872734,6.82956],[79.872954,6.829181]]]]}},{"type":"Feature","properties":{"id":111,"is_edge":true,"Hex_area":2201.4537,"row_index":12,"col_index":17},"geometry":{"type":"MultiPolygon","coordinates":[[[[79.872954,6.829181],[79.872734,6.82956],[79.872737,6.82956],[79.872756,6.829557],[79.872778,6.829556],[79.872803,6.829555],[79.872831,6.829555],[79.872862,6.829555],[79.872896,6.829557],[79.872929,6.829558],[79.87296,6.829559],[79.872991,6.82956],[79.873019,6.829564],[79.873048,6.829565],[79.873076,6.829567],[79.873101,6.829569],[79.873125,6.82957],[79.873156,6.829573],[79.873183,6.829572],[79.873202,6.829569],[79.873214,6.829565],[79.873221,6.829564],[79.87323,6.829562],[79.873235,6.829557],[79.873236,6.829554],[79.873237,6.829552],[79.87324,6.829549],[79.873243,6.829546],[79.873245,6.829542],[79.873248,6.829538],[79.873251,6.829533],[79.873254,6.829529],[79.873257,6.829523],[79.873259,6.829518],[79.873262,6.829513],[79.873265,6.829508],[79.873267,6.829502],[79.873269,6.829497],[79.873271,6.829491],[79.873273,6.829486],[79.873275,6.82948],[79.873277,6.829475],[79.873279,6.829469],[79.873281,6.829463],[79.873283,6.829457],[79.873285,6.829451],[79.873287,6.829445],[79.873289,6.829439],[79.873291,6.829433],[79.873295,6.829418],[79.873302,6.829395],[79.873311,6.829364],[79.873323,6.829324],[79.873336,6.829275],[79.873353,6.829219],[79.873363,6.829181],[79.872954,6.829181]]]]}},{"type":"Feature","properties":{"id":112,"is_edge":true,"Hex_area":7328.4469,"row_index":13,"col_index":3},"geometry":{"type":"MultiPolygon","coordinates":[[[[79.862063,6.830965],[79.862582,6.830965],[79.862841,6.830519],[79.862582,6.830073],[79.86219,6.830073],[79.86218,6.830101],[79.862157,6.830166],[79.862135,6.83023],[79.862112,6.830291],[79.86209,6.830353],[79.862067,6.830416],[79.862045,6.830479],[79.862022,6.830543],[79.861999,6.830608],[79.861977,6.830674],[79.861954,6.83074],[79.861946,6.830764],[79.862063,6.830965]]]]}},{"type":"Feature","properties":{"id":113,"is_edge":false,"Hex_area":8660.254,"row_index":13,"col_index":4},"geometry":{"type":"MultiPolygon","coordinates":[[[[79.86336,6.829627],[79.862841,6.829627],[79.862582,6.830073],[79.862841,6.830519],[79.86336,6.830519],[79.863619,6.830073],[79.86336,6.829627]]]]}},{"type":"Feature","properties":{"id":114,"is_edge":false,"Hex_area":8660.254,"row_index":13,"col_index":5},"geometry":{"type":"MultiPolygon","coordinates":[[[[79.864138,6.830073],[79.863619,6.830073],[79.86336,6.830519],[79.863619,6.830965],[79.864138,6.830965],[79.864397,6.830519],[79.864138,6.830073]]]]}},{"type":"Feature","properties":{"id":115,"is_edge":false,"Hex_area":8660.254,"row_index":13,"col_index":6},"geometry":{"type":"MultiPolygon","coordinates":[[[[79.864915,6.829627],[79.864397,6.829627],[79.864138,6.830073],[79.864397,6.830519],[79.864915,6.830519],[79.865175,6.830073],[79.864915,6.829627]]]]}},{"type":"Feature","properties":{"id":116,"is_edge":false,"Hex_area":8660.254,"row_index":13,"col_index":7},"geometry":{"type":"MultiPolygon","coordinates":[[[[79.865693,6.830073],[79.865175,6.830073],[79.864915,6.830519],[79.865175,6.830965],[79.865693,6.830965],[79.865953,6.830519],[79.865693,6.830073]]]]}},{"type":"Feature","properties":{"id":117,"is_edge":false,"Hex_area":8660.254,"row_index":13,"col_index":8},"geometry":{"type":"MultiPolygon","coordinates":[[[[79.866471,6.829627],[79.865953,6.829627],[79.865693,6.830073],[79.865953,6.830519],[79.866471,6.830519],[79.866731,6.830073],[79.866471,6.829627]]]]}},{"type":"Feature","properties":{"id":118,"is_edge":false,"Hex_area":8660.254,"row_index":13,"col_index":9},"geometry":{"type":"MultiPolygon","coordinates":[[[[79.867249,6.830073],[79.866731,6.830073],[79.866471,6.830519],[79.866731,6.830965],[79.867249,6.830965],[79.867509,6.830519],[79.867249,6.830073]]]]}},{"type":"Feature","properties":{"id":119,"is_edge":false,"Hex_area":8660.254,"row_index":13,"col_index":10},"geometry":{"type":"MultiPolygon","coordinates":[[[[79.868027,6.829627],[79.867509,6.829627],[79.867249,6.830073],[79.867509,6.830519],[79.868027,6.830519],[79.868287,6.830073],[79.868027,6.829627]]]]}},{"type":"Feature","properties":{"id":120,"is_edge":false,"Hex_area":8660.254,"row_index":13,"col_index":11},"geometry":{"type":"MultiPolygon","coordinates":[[[[79.868805,6.830073],[79.868287,6.830073],[79.868027,6.830519],[79.868287,6.830965],[79.868805,6.830965],[79.869065,6.830519],[79.868805,6.830073]]]]}},{"type":"Feature","properties":{"id":121,"is_edge":false,"Hex_area":8660.254,"row_index":13,"col_index":12},"geometry":{"type":"MultiPolygon","coordinates":[[[[79.869583,6.829627],[79.869065,6.829627],[79.868805,6.830073],[79.869065,6.830519],[79.869583,6.830519],[79.869843,6.830073],[79.869583,6.829627]]]]}},{"type":"Feature","properties":{"id":122,"is_edge":false,"Hex_area":8660.254,"row_index":13,"col_index":13},"geometry":{"type":"MultiPolygon","coordinates":[[[[79.870361,6.830073],[79.869843,6.830073],[79.869583,6.830519],[79.869843,6.830965],[79.870361,6.830965],[79.870621,6.830519],[79.870361,6.830073]]]]}},{"type":"Feature","properties":{"id":123,"is_edge":false,"Hex_area":8660.254,"row_index":13,"col_index":14},"geometry":{"type":"MultiPolygon","coordinates":[[[[79.871139,6.829627],[79.870621,6.829627],[79.870361,6.830073],[79.870621,6.830519],[79.871139,6.830519],[79.871399,6.830073],[79.871139,6.829627]]]]}},{"type":"Feature","properties":{"id":124,"is_edge":false,"Hex_area":8660.254,"row_index":13,"col_index":15},"geometry":{"type":"MultiPolygon","coordinates":[[[[79.871917,6.830073],[79.871399,6.830073],[79.871139,6.830519],[79.871399,6.830965],[79.871917,6.830965],[79.872176,6.830519],[79.871917,6.830073]]]]}},{"type":"Feature","properties":{"id":125,"is_edge":true,"Hex_area":6337.3435,"row_index":13,"col_index":16},"geometry":{"type":"MultiPolygon","coordinates":[[[[79.872176,6.829627],[79.871917,6.830073],[79.872176,6.830519],[79.872609,6.830519],[79.872607,6.830499],[79.872605,6.830472],[79.872604,6.830447],[79.872603,6.830423],[79.872603,6.830401],[79.872603,6.830378],[79.872603,6.830353],[79.872603,6.830327],[79.872604,6.8303],[79.872605,6.830271],[79.872606,6.83024],[79.872607,6.830208],[79.872609,6.830175],[79.872611,6.830139],[79.872613,6.830101],[79.872615,6.830062],[79.872617,6.83002],[79.872619,6.829976],[79.872621,6.82993],[79.872623,6.829882],[79.872625,6.829832],[79.872628,6.829787],[79.872631,6.829748],[79.872633,6.829713],[79.872636,6.829684],[79.872639,6.829659],[79.872642,6.82964],[79.872645,6.829627],[79.872176,6.829627]]]]}},{"type":"Feature","properties":{"id":126,"is_edge":true,"Hex_area":804.8831,"row_index":14,"col_index":2},"geometry":{"type":"MultiPolygon","coordinates":[[[[79.861804,6.831411],[79.862063,6.830965],[79.861946,6.830764],[79.861931,6.830807],[79.861908,6.830883],[79.861884,6.830966],[79.86186,6.831059],[79.861835,6.831159],[79.86181,6.831268],[79.861784,6.831386],[79.861779,6.831411],[79.861804,6.831411]]]]}},{"type":"Feature","properties":{"id":127,"is_edge":false,"Hex_area":8660.254,"row_index":14,"col_index":3},"geometry":{"type":"MultiPolygon","coordinates":[[[[79.862582,6.830965],[79.862063,6.830965],[79.861804,6.831411],[79.862063,6.831857],[79.862582,6.831857],[79.862841,6.831411],[79.862582,6.830965]]]]}},{"type":"Feature","properties":{"id":128,"is_edge":false,"Hex_area":8660.254,"row_index":14,"col_index":4},"geometry":{"type":"MultiPolygon","coordinates":[[[[79.86336,6.830519],[79.862841,6.830519],[79.862582,6.830965],[79.862841,6.831411],[79.86336,6.831411],[79.863619,6.830965],[79.86336,6.830519]]]]}},{"type":"Feature","properties":{"id":129,"is_edge":false,"Hex_area":8660.254,"row_index":14,"col_index":5},"geometry":{"type":"MultiPolygon","coordinates":[[[[79.864138,6.830965],[79.863619,6.830965],[79.86336,6.831411],[79.863619,6.831857],[79.864138,6.831857],[79.864397,6.831411],[79.864138,6.830965]]]]}},{"type":"Feature","properties":{"id":130,"is_edge":false,"Hex_area":8660.254,"row_index":14,"col_index":6},"geometry":{"type":"MultiPolygon","coordinates":[[[[79.864915,6.830519],[79.864397,6.830519],[79.864138,6.830965],[79.864397,6.831411],[79.864915,6.831411],[79.865175,6.830965],[79.864915,6.830519]]]]}},{"type":"Feature","properties":{"id":131,"is_edge":false,"Hex_area":8660.254,"row_index":14,"col_index":7},"geometry":{"type":"MultiPolygon","coordinates":[[[[79.865693,6.830965],[79.865175,6.830965],[79.864915,6.831411],[79.865175,6.831857],[79.865693,6.831857],[79.865953,6.831411],[79.865693,6.830965]]]]}},{"type":"Feature","properties":{"id":132,"is_edge":false,"Hex_area":8660.254,"row_index":14,"col_index":8},"geometry":{"type":"MultiPolygon","coordinates":[[[[79.866471,6.830519],[79.865953,6.830519],[79.865693,6.830965],[79.865953,6.831411],[79.866471,6.831411],[79.866731,6.830965],[79.866471,6.830519]]]]}},{"type":"Feature","properties":{"id":133,"is_edge":false,"Hex_area":8660.254,"row_index":14,"col_index":9},"geometry":{"type":"MultiPolygon","coordinates":[[[[79.867249,6.830965],[79.866731,6.830965],[79.866471,6.831411],[79.866731,6.831857],[79.867249,6.831857],[79.867509,6.831411],[79.867249,6.830965]]]]}},{"type":"Feature","properties":{"id":134,"is_edge":false,"Hex_area":8660.254,"row_index":14,"col_index":10},"geometry":{"type":"MultiPolygon","coordinates":[[[[79.868027,6.830519],[79.867509,6.830519],[79.867249,6.830965],[79.867509,6.831411],[79.868027,6.831411],[79.868287,6.830965],[79.868027,6.830519]]]]}},{"type":"Feature","properties":{"id":135,"is_edge":false,"Hex_area":8660.254,"row_index":14,"col_index":11},"geometry":{"type":"MultiPolygon","coordinates":[[[[79.868805,6.830965],[79.868287,6.830965],[79.868027,6.831411],[79.868287,6.831857],[79.868805,6.831857],[79.869065,6.831411],[79.868805,6.830965]]]]}},{"type":"Feature","properties":{"id":136,"is_edge":false,"Hex_area":8660.254,"row_index":14,"col_index":12},"geometry":{"type":"MultiPolygon","coordinates":[[[[79.869583,6.830519],[79.869065,6.830519],[79.868805,6.830965],[79.869065,6.831411],[79.869583,6.831411],[79.869843,6.830965],[79.869583,6.830519]]]]}},{"type":"Feature","properties":{"id":137,"is_edge":false,"Hex_area":8660.254,"row_index":14,"col_index":13},"geometry":{"type":"MultiPolygon","coordinates":[[[[79.870361,6.830965],[79.869843,6.830965],[79.869583,6.831411],[79.869843,6.831857],[79.870361,6.831857],[79.870621,6.831411],[79.870361,6.830965]]]]}},{"type":"Feature","properties":{"id":138,"is_edge":false,"Hex_area":8660.254,"row_index":14,"col_index":14},"geometry":{"type":"MultiPolygon","coordinates":[[[[79.871139,6.830519],[79.870621,6.830519],[79.870361,6.830965],[79.870621,6.831411],[79.871139,6.831411],[79.871399,6.830965],[79.871139,6.830519]]]]}},{"type":"Feature","properties":{"id":139,"is_edge":false,"Hex_area":8660.254,"row_index":14,"col_index":15},"geometry":{"type":"MultiPolygon","coordinates":[[[[79.871917,6.830965],[79.871399,6.830965],[79.871139,6.831411],[79.871399,6.831857],[79.871917,6.831857],[79.872176,6.831411],[79.871917,6.830965]]]]}},{"type":"Feature","properties":{"id":140,"is_edge":true,"Hex_area":6567.3023,"row_index":14,"col_index":16},"geometry":{"type":"MultiPolygon","coordinates":[[[[79.872176,6.830519],[79.871917,6.830965],[79.872176,6.831411],[79.872648,6.831411],[79.872647,6.831369],[79.872646,6.831293],[79.872644,6.831222],[79.872643,6.831157],[79.872643,6.831097],[79.872642,6.831043],[79.872641,6.830995],[79.872641,6.830952],[79.872641,6.830915],[79.87264,6.830878],[79.872639,6.830841],[79.872637,6.830804],[79.872635,6.830768],[79.872632,6.830732],[79.872628,6.830696],[79.872624,6.83066],[79.87262,6.830624],[79.872616,6.83059],[79.872612,6.830558],[79.87261,6.830528],[79.872609,6.830519],[79.872176,6.830519]]]]}},{"type":"Feature","properties":{"id":141,"is_edge":true,"Hex_area":2802.5844,"row_index":15,"col_index":2},"geometry":{"type":"MultiPolygon","coordinates":[[[[79.861804,6.832303],[79.862063,6.831857],[79.861804,6.831411],[79.861779,6.831411],[79.861757,6.831512],[79.861731,6.831646],[79.861703,6.831776],[79.861674,6.831904],[79.861645,6.832027],[79.861614,6.832148],[79.861583,6.832265],[79.861572,6.832303],[79.861804,6.832303]]]]}},{"type":"Feature","properties":{"id":142,"is_edge":false,"Hex_area":8660.254,"row_index":15,"col_index":3},"geometry":{"type":"MultiPolygon","coordinates":[[[[79.862582,6.831857],[79.862063,6.831857],[79.861804,6.832303],[79.862063,6.832749],[79.862582,6.832749],[79.862841,6.832303],[79.862582,6.831857]]]]}},{"type":"Feature","properties":{"id":143,"is_edge":false,"Hex_area":8660.254,"row_index":15,"col_index":4},"geometry":{"type":"MultiPolygon","coordinates":[[[[79.86336,6.831411],[79.862841,6.831411],[79.862582,6.831857],[79.862841,6.832303],[79.86336,6.832303],[79.863619,6.831857],[79.86336,6.831411]]]]}},{"type":"Feature","properties":{"id":144,"is_edge":false,"Hex_area":8660.254,"row_index":15,"col_index":5},"geometry":{"type":"MultiPolygon","coordinates":[[[[79.864138,6.831857],[79.863619,6.831857],[79.86336,6.832303],[79.863619,6.832749],[79.864138,6.832749],[79.864397,6.832303],[79.864138,6.831857]]]]}},{"type":"Feature","properties":{"id":145,"is_edge":false,"Hex_area":8660.254,"row_index":15,"col_index":6},"geometry":{"type":"MultiPolygon","coordinates":[[[[79.864915,6.831411],[79.864397,6.831411],[79.864138,6.831857],[79.864397,6.832303],[79.864915,6.832303],[79.865175,6.831857],[79.864915,6.831411]]]]}},{"type":"Feature","properties":{"id":146,"is_edge":false,"Hex_area":8660.254,"row_index":15,"col_index":7},"geometry":{"type":"MultiPolygon","coordinates":[[[[79.865693,6.831857],[79.865175,6.831857],[79.864915,6.832303],[79.865175,6.832749],[79.865693,6.832749],[79.865953,6.832303],[79.865693,6.831857]]]]}},{"type":"Feature","properties":{"id":147,"is_edge":false,"Hex_area":8660.254,"row_index":15,"col_index":8},"geometry":{"type":"MultiPolygon","coordinates":[[[[79.866471,6.831411],[79.865953,6.831411],[79.865693,6.831857],[79.865953,6.832303],[79.866471,6.832303],[79.866731,6.831857],[79.866471,6.831411]]]]}},{"type":"Feature","properties":{"id":148,"is_edge":false,"Hex_area":8660.254,"row_index":15,"col_index":9},"geometry":{"type":"MultiPolygon","coordinates":[[[[79.867249,6.831857],[79.866731,6.831857],[79.866471,6.832303],[79.866731,6.832749],[79.867249,6.832749],[79.867509,6.832303],[79.867249,6.831857]]]]}},{"type":"Feature","properties":{"id":149,"is_edge":false,"Hex_area":8660.254,"row_index":15,"col_index":10},"geometry":{"type":"MultiPolygon","coordinates":[[[[79.868027,6.831411],[79.867509,6.831411],[79.867249,6.831857],[79.867509,6.832303],[79.868027,6.832303],[79.868287,6.831857],[79.868027,6.831411]]]]}},{"type":"Feature","properties":{"id":150,"is_edge":false,"Hex_area":8660.254,"row_index":15,"col_index":11},"geometry":{"type":"MultiPolygon","coordinates":[[[[79.868805,6.831857],[79.868287,6.831857],[79.868027,6.832303],[79.868287,6.832749],[79.868805,6.832749],[79.869065,6.832303],[79.868805,6.831857]]]]}},{"type":"Feature","properties":{"id":151,"is_edge":false,"Hex_area":8660.254,"row_index":15,"col_index":12},"geometry":{"type":"MultiPolygon","coordinates":[[[[79.869583,6.831411],[79.869065,6.831411],[79.868805,6.831857],[79.869065,6.832303],[79.869583,6.832303],[79.869843,6.831857],[79.869583,6.831411]]]]}},{"type":"Feature","properties":{"id":152,"is_edge":false,"Hex_area":8660.254,"row_index":15,"col_index":13},"geometry":{"type":"MultiPolygon","coordinates":[[[[79.870361,6.831857],[79.869843,6.831857],[79.869583,6.832303],[79.869843,6.832749],[79.870361,6.832749],[79.870621,6.832303],[79.870361,6.831857]]]]}},{"type":"Feature","properties":{"id":153,"is_edge":false,"Hex_area":8660.254,"row_index":15,"col_index":14},"geometry":{"type":"MultiPolygon","coordinates":[[[[79.871139,6.831411],[79.870621,6.831411],[79.870361,6.831857],[79.870621,6.832303],[79.871139,6.832303],[79.871399,6.831857],[79.871139,6.831411]]]]}},{"type":"Feature","properties":{"id":154,"is_edge":false,"Hex_area":8660.254,"row_index":15,"col_index":15},"geometry":{"type":"MultiPolygon","coordinates":[[[[79.871917,6.831857],[79.871399,6.831857],[79.871139,6.832303],[79.871399,6.832749],[79.871917,6.832749],[79.872176,6.832303],[79.871917,6.831857]]]]}},{"type":"Feature","properties":{"id":155,"is_edge":true,"Hex_area":7634.3771,"row_index":15,"col_index":16},"geometry":{"type":"MultiPolygon","coordinates":[[[[79.872176,6.831411],[79.871917,6.831857],[79.872176,6.832303],[79.872695,6.832303],[79.87281,6.832104],[79.872804,6.832037],[79.872795,6.831963],[79.872785,6.831896],[79.872779,6.83184],[79.872774,6.831793],[79.872769,6.831754],[79.872719,6.831747],[79.872704,6.831745],[79.872691,6.831734],[79.87268,6.831712],[79.87267,6.83168],[79.872662,6.831638],[79.872656,6.831586],[79.872651,6.831524],[79.872648,6.831452],[79.872648,6.831411],[79.872176,6.831411]]]]}},{"type":"Feature","properties":{"id":156,"is_edge":true,"Hex_area":394.2201,"row_index":15,"col_index":17},"geometry":{"type":"MultiPolygon","coordinates":[[[[79.872695,6.832303],[79.872844,6.832559],[79.872847,6.83252],[79.872839,6.832435],[79.872834,6.832321],[79.872823,6.832211],[79.872813,6.832131],[79.87281,6.832104],[79.872695,6.832303]]]]}},{"type":"Feature","properties":{"id":157,"is_edge":true,"Hex_area":109.9474,"row_index":16,"col_index":1},"geometry":{"type":"MultiPolygon","coordinates":[[[[79.861285,6.833195],[79.861264,6.833158],[79.861236,6.833214],[79.8612,6.833285],[79.861167,6.833351],[79.861137,6.833413],[79.861112,6.833471],[79.86109,6.833524],[79.861084,6.833541],[79.861285,6.833195]]]]}},{"type":"Feature","properties":{"id":158,"is_edge":true,"Hex_area":5662.1113,"row_index":16,"col_index":2},"geometry":{"type":"MultiPolygon","coordinates":[[[[79.861285,6.833195],[79.861804,6.833195],[79.862063,6.832749],[79.861804,6.832303],[79.861572,6.832303],[79.861551,6.832378],[79.861518,6.832488],[79.861484,6.832594],[79.861449,6.832696],[79.861415,6.832794],[79.86138,6.832887],[79.861344,6.832975],[79.861309,6.83306],[79.861273,6.833139],[79.861264,6.833158],[79.861285,6.833195]]]]}},{"type":"Feature","properties":{"id":159,"is_edge":false,"Hex_area":8660.254,"row_index":16,"col_index":3},"geometry":{"type":"MultiPolygon","coordinates":[[[[79.862582,6.832749],[79.862063,6.832749],[79.861804,6.833195],[79.862063,6.833641],[79.862582,6.833641],[79.862841,6.833195],[79.862582,6.832749]]]]}},{"type":"Feature","properties":{"id":160,"is_edge":false,"Hex_area":8660.254,"row_index":16,"col_index":4},"geometry":{"type":"MultiPolygon","coordinates":[[[[79.86336,6.832303],[79.862841,6.832303],[79.862582,6.832749],[79.862841,6.833195],[79.86336,6.833195],[79.863619,6.832749],[79.86336,6.832303]]]]}},{"type":"Feature","properties":{"id":161,"is_edge":false,"Hex_area":8660.254,"row_index":16,"col_index":5},"geometry":{"type":"MultiPolygon","coordinates":[[[[79.864138,6.832749],[79.863619,6.832749],[79.86336,6.833195],[79.863619,6.833641],[79.864138,6.833641],[79.864397,6.833195],[79.864138,6.832749]]]]}},{"type":"Feature","properties":{"id":162,"is_edge":false,"Hex_area":8660.254,"row_index":16,"col_index":6},"geometry":{"type":"MultiPolygon","coordinates":[[[[79.864915,6.832303],[79.864397,6.832303],[79.864138,6.832749],[79.864397,6.833195],[79.864915,6.833195],[79.865175,6.832749],[79.864915,6.832303]]]]}},{"type":"Feature","properties":{"id":163,"is_edge":false,"Hex_area":8660.254,"row_index":16,"col_index":7},"geometry":{"type":"MultiPolygon","coordinates":[[[[79.865693,6.832749],[79.865175,6.832749],[79.864915,6.833195],[79.865175,6.833641],[79.865693,6.833641],[79.865953,6.833195],[79.865693,6.832749]]]]}},{"type":"Feature","properties":{"id":164,"is_edge":false,"Hex_area":8660.254,"row_index":16,"col_index":8},"geometry":{"type":"MultiPolygon","coordinates":[[[[79.866471,6.832303],[79.865953,6.832303],[79.865693,6.832749],[79.865953,6.833195],[79.866471,6.833195],[79.866731,6.832749],[79.866471,6.832303]]]]}},{"type":"Feature","properties":{"id":165,"is_edge":false,"Hex_area":8660.254,"row_index":16,"col_index":9},"geometry":{"type":"MultiPolygon","coordinates":[[[[79.867249,6.832749],[79.866731,6.832749],[79.866471,6.833195],[79.866731,6.833641],[79.867249,6.833641],[79.867509,6.833195],[79.867249,6.832749]]]]}},{"type":"Feature","properties":{"id":166,"is_edge":false,"Hex_area":8660.254,"row_index":16,"col_index":10},"geometry":{"type":"MultiPolygon","coordinates":[[[[79.868027,6.832303],[79.867509,6.832303],[79.867249,6.832749],[79.867509,6.833195],[79.868027,6.833195],[79.868287,6.832749],[79.868027,6.832303]]]]}},{"type":"Feature","properties":{"id":167,"is_edge":false,"Hex_area":8660.254,"row_index":16,"col_index":11},"geometry":{"type":"MultiPolygon","coordinates":[[[[79.868805,6.832749],[79.868287,6.832749],[79.868027,6.833195],[79.868287,6.833641],[79.868805,6.833641],[79.869065,6.833195],[79.868805,6.832749]]]]}},{"type":"Feature","properties":{"id":168,"is_edge":false,"Hex_area":8660.254,"row_index":16,"col_index":12},"geometry":{"type":"MultiPolygon","coordinates":[[[[79.869583,6.832303],[79.869065,6.832303],[79.868805,6.832749],[79.869065,6.833195],[79.869583,6.833195],[79.869843,6.832749],[79.869583,6.832303]]]]}},{"type":"Feature","properties":{"id":169,"is_edge":false,"Hex_area":8660.254,"row_index":16,"col_index":13},"geometry":{"type":"MultiPolygon","coordinates":[[[[79.870361,6.832749],[79.869843,6.832749],[79.869583,6.833195],[79.869843,6.833641],[79.870361,6.833641],[79.870621,6.833195],[79.870361,6.832749]]]]}},{"type":"Feature","properties":{"id":170,"is_edge":false,"Hex_area":8660.254,"row_index":16,"col_index":14},"geometry":{"type":"MultiPolygon","coordinates":[[[[79.871139,6.832303],[79.870621,6.832303],[79.870361,6.832749],[79.870621,6.833195],[79.871139,6.833195],[79.871399,6.832749],[79.871139,6.832303]]]]}},{"type":"Feature","properties":{"id":171,"is_edge":false,"Hex_area":8660.254,"row_index":16,"col_index":15},"geometry":{"type":"MultiPolygon","coordinates":[[[[79.871917,6.832749],[79.871399,6.832749],[79.871139,6.833195],[79.871399,6.833641],[79.871917,6.833641],[79.872176,6.833195],[79.871917,6.832749]]]]}},{"type":"Feature","properties":{"id":172,"is_edge":true,"Hex_area":8104.5895,"row_index":16,"col_index":16},"geometry":{"type":"MultiPolygon","coordinates":[[[[79.872695,6.832303],[79.872176,6.832303],[79.871917,6.832749],[79.872176,6.833195],[79.872695,6.833195],[79.872727,6.833139],[79.872729,6.833131],[79.872733,6.833105],[79.872736,6.83308],[79.87274,6.833056],[79.872743,6.833033],[79.872747,6.833008],[79.872753,6.83298],[79.872759,6.832949],[79.872765,6.832916],[79.872773,6.832881],[79.872782,6.832843],[79.872791,6.832803],[79.872801,6.83276],[79.872809,6.832709],[79.872829,6.832661],[79.87284,6.832618],[79.872844,6.832559],[79.872695,6.832303]]]]}},{"type":"Feature","properties":{"id":173,"is_edge":true,"Hex_area":12.5967,"row_index":16,"col_index":17},"geometry":{"type":"MultiPolygon","coordinates":[[[[79.872695,6.833195],[79.872713,6.833226],[79.872716,6.833212],[79.87272,6.833184],[79.872725,6.833157],[79.872727,6.833139],[79.872695,6.833195]]]]}},{"type":"Feature","properties":{"id":174,"is_edge":true,"Hex_area":249.1628,"row_index":17,"col_index":1},"geometry":{"type":"MultiPolygon","coordinates":[[[[79.861044,6.833671],[79.861039,6.833693],[79.861034,6.833726],[79.861029,6.833756],[79.861027,6.833782],[79.861026,6.833806],[79.861026,6.833827],[79.861028,6.833845],[79.861031,6.833859],[79.861036,6.833871],[79.861042,6.833881],[79.861047,6.83389],[79.861053,6.833898],[79.861059,6.833904],[79.861065,6.83391],[79.861072,6.833914],[79.861079,6.833916],[79.861087,6.833918],[79.861094,6.833919],[79.861103,6.83392],[79.861111,6.83392],[79.86112,6.833921],[79.861129,6.833921],[79.861139,6.833922],[79.861149,6.833921],[79.86116,6.833921],[79.86117,6.833921],[79.861181,6.833922],[79.86119,6.833922],[79.861044,6.833671]]]]}},{"type":"Feature","properties":{"id":175,"is_edge":true,"Hex_area":8527.406,"row_index":17,"col_index":2},"geometry":{"type":"MultiPolygon","coordinates":[[[[79.862063,6.833641],[79.861804,6.833195],[79.861285,6.833195],[79.861084,6.833541],[79.861072,6.833573],[79.861057,6.833617],[79.861046,6.833657],[79.861044,6.833671],[79.86119,6.833922],[79.861192,6.833923],[79.861202,6.833924],[79.861213,6.833925],[79.861223,6.833927],[79.861234,6.833929],[79.861245,6.833932],[79.861255,6.833934],[79.861264,6.833937],[79.861272,6.833941],[79.861279,6.833944],[79.861286,6.833948],[79.861292,6.833952],[79.861297,6.833957],[79.861301,6.833961],[79.861304,6.833967],[79.861305,6.833973],[79.861306,6.83398],[79.861306,6.833988],[79.861305,6.833997],[79.861302,6.834006],[79.861299,6.834016],[79.861295,6.834027],[79.861291,6.834038],[79.861289,6.83405],[79.861288,6.834063],[79.861287,6.834076],[79.861288,6.834087],[79.861756,6.834087],[79.861759,6.834085],[79.861776,6.834078],[79.861793,6.834072],[79.861808,6.834067],[79.861817,6.834064],[79.862063,6.833641]]]]}},{"type":"Feature","properties":{"id":176,"is_edge":true,"Hex_area":7265.3395,"row_index":17,"col_index":3},"geometry":{"type":"MultiPolygon","coordinates":[[[[79.862582,6.834533],[79.862841,6.834087],[79.862582,6.833641],[79.862063,6.833641],[79.861817,6.834064],[79.861823,6.834062],[79.861838,6.834058],[79.861851,6.834055],[79.861864,6.834052],[79.861876,6.83405],[79.861889,6.834049],[79.8619,6.834048],[79.861911,6.834048],[79.861922,6.834049],[79.861932,6.83405],[79.861942,6.834052],[79.861952,6.834054],[79.861961,6.834056],[79.861969,6.834059],[79.861977,6.834062],[79.861985,6.834065],[79.861992,6.834069],[79.861999,6.834072],[79.862005,6.834076],[79.862012,6.834081],[79.862019,6.834086],[79.862028,6.834092],[79.862037,6.834099],[79.862046,6.834106],[79.862056,6.834113],[79.862067,6.834122],[79.862079,6.834131],[79.86209,6.83414],[79.862101,6.834148],[79.862111,6.834157],[79.862121,6.834166],[79.86213,6.834175],[79.862138,6.834183],[79.862146,6.834192],[79.862154,6.8342],[79.862161,6.834208],[79.862167,6.834215],[79.862172,6.834221],[79.862177,6.834226],[79.86218,6.834231],[79.862183,6.834235],[79.862186,6.834238],[79.862187,6.83424],[79.862188,6.834243],[79.862188,6.834245],[79.862187,6.834248],[79.862186,6.834252],[79.862184,6.834255],[79.862181,6.834259],[79.862177,6.834263],[79.862173,6.834268],[79.862169,6.834272],[79.862165,6.834276],[79.862162,6.834281],[79.862159,6.834285],[79.862156,6.834289],[79.862153,6.834294],[79.862151,6.834298],[79.862149,6.834302],[79.862147,6.834307],[79.862146,6.834311],[79.862145,6.834317],[79.862144,6.834322],[79.862143,6.834328],[79.862143,6.834334],[79.862143,6.834341],[79.862143,6.834347],[79.862144,6.834354],[79.862144,6.834361],[79.862145,6.834367],[79.862146,6.834373],[79.862147,6.834379],[79.862148,6.834385],[79.862149,6.83439],[79.86215,6.834395],[79.862151,6.834402],[79.862151,6.834408],[79.862151,6.834416],[79.862151,6.834424],[79.86215,6.834433],[79.862149,6.834442],[79.862147,6.834453],[79.862145,6.834464],[79.862143,6.834474],[79.862142,6.834484],[79.862142,6.834493],[79.862142,6.834502],[79.862143,6.834511],[79.862144,6.834518],[79.862146,6.834526],[79.862149,6.834533],[79.862149,6.834533],[79.862219,6.834533],[79.86222,6.834531],[79.862223,6.834527],[79.862226,6.834523],[79.862228,6.834519],[79.86223,6.834515],[79.862232,6.83451],[79.862234,6.834505],[79.862235,6.834501],[79.862237,6.834496],[79.862239,6.834492],[79.862241,6.834487],[79.862243,6.834483],[79.862245,6.834479],[79.862247,6.834475],[79.86225,6.834471],[79.862252,6.834468],[79.862255,6.834464],[79.862257,6.834461],[79.86226,6.834457],[79.862263,6.834454],[79.862267,6.834451],[79.86227,6.834448],[79.862274,6.834445],[79.862277,6.834442],[79.862281,6.83444],[79.862284,6.834438],[79.862287,6.834437],[79.862291,6.834435],[79.862294,6.834435],[79.862297,6.834434],[79.862301,6.834434],[79.862304,6.834434],[79.862308,6.834434],[79.862311,6.834435],[79.862315,6.834437],[79.862319,6.834438],[79.862323,6.83444],[79.862327,6.834442],[79.862332,6.834445],[79.862336,6.834448],[79.86234,6.83445],[79.862344,6.834452],[79.862348,6.834454],[79.862351,6.834456],[79.862355,6.834457],[79.862358,6.834458],[79.862361,6.83446],[79.862364,6.834461],[79.862367,6.834462],[79.86237,6.834462],[79.862372,6.834463],[79.862375,6.834464],[79.862377,6.834464],[79.86238,6.834465],[79.862382,6.834465],[79.862384,6.834466],[79.862387,6.834467],[79.862389,6.834468],[79.862391,6.834469],[79.862394,6.83447],[79.862396,6.834471],[79.862399,6.834473],[79.862401,6.834475],[79.862403,6.834476],[79.862406,6.834479],[79.862408,6.834481],[79.86241,6.834483],[79.862413,6.834486],[79.862415,6.834489],[79.862417,6.834492],[79.862419,6.834496],[79.862421,6.834499],[79.862423,6.834502],[79.862425,6.834505],[79.862427,6.834509],[79.862429,6.834512],[79.862431,6.834515],[79.862433,6.834518],[79.862435,6.834521],[79.862437,6.834525],[79.862437,6.834529],[79.862438,6.834533],[79.862582,6.834533]]]]}},{"type":"Feature","properties":{"id":177,"is_edge":false,"Hex_area":8660.254,"row_index":17,"col_index":4},"geometry":{"type":"MultiPolygon","coordinates":[[[[79.86336,6.833195],[79.862841,6.833195],[79.862582,6.833641],[79.862841,6.834087],[79.86336,6.834087],[79.863619,6.833641],[79.86336,6.833195]]]]}},{"type":"Feature","properties":{"id":178,"is_edge":false,"Hex_area":8660.254,"row_index":17,"col_index":5},"geometry":{"type":"MultiPolygon","coordinates":[[[[79.864138,6.833641],[79.863619,6.833641],[79.86336,6.834087],[79.863619,6.834533],[79.864138,6.834533],[79.864397,6.834087],[79.864138,6.833641]]]]}},{"type":"Feature","properties":{"id":179,"is_edge":false,"Hex_area":8660.254,"row_index":17,"col_index":6},"geometry":{"type":"MultiPolygon","coordinates":[[[[79.864915,6.833195],[79.864397,6.833195],[79.864138,6.833641],[79.864397,6.834087],[79.864915,6.834087],[79.865175,6.833641],[79.864915,6.833195]]]]}},{"type":"Feature","properties":{"id":180,"is_edge":false,"Hex_area":8660.254,"row_index":17,"col_index":7},"geometry":{"type":"MultiPolygon","coordinates":[[[[79.865693,6.833641],[79.865175,6.833641],[79.864915,6.834087],[79.865175,6.834533],[79.865693,6.834533],[79.865953,6.834087],[79.865693,6.833641]]]]}},{"type":"Feature","properties":{"id":181,"is_edge":false,"Hex_area":8660.254,"row_index":17,"col_index":8},"geometry":{"type":"MultiPolygon","coordinates":[[[[79.866471,6.833195],[79.865953,6.833195],[79.865693,6.833641],[79.865953,6.834087],[79.866471,6.834087],[79.866731,6.833641],[79.866471,6.833195]]]]}},{"type":"Feature","properties":{"id":182,"is_edge":false,"Hex_area":8660.254,"row_index":17,"col_index":9},"geometry":{"type":"MultiPolygon","coordinates":[[[[79.867249,6.833641],[79.866731,6.833641],[79.866471,6.834087],[79.866731,6.834533],[79.867249,6.834533],[79.867509,6.834087],[79.867249,6.833641]]]]}},{"type":"Feature","properties":{"id":183,"is_edge":false,"Hex_area":8660.254,"row_index":17,"col_index":10},"geometry":{"type":"MultiPolygon","coordinates":[[[[79.868027,6.833195],[79.867509,6.833195],[79.867249,6.833641],[79.867509,6.834087],[79.868027,6.834087],[79.868287,6.833641],[79.868027,6.833195]]]]}},{"type":"Feature","properties":{"id":184,"is_edge":false,"Hex_area":8660.254,"row_index":17,"col_index":11},"geometry":{"type":"MultiPolygon","coordinates":[[[[79.868805,6.833641],[79.868287,6.833641],[79.868027,6.834087],[79.868287,6.834533],[79.868805,6.834533],[79.869065,6.834087],[79.868805,6.833641]]]]}},{"type":"Feature","properties":{"id":185,"is_edge":false,"Hex_area":8660.254,"row_index":17,"col_index":12},"geometry":{"type":"MultiPolygon","coordinates":[[[[79.869583,6.833195],[79.869065,6.833195],[79.868805,6.833641],[79.869065,6.834087],[79.869583,6.834087],[79.869843,6.833641],[79.869583,6.833195]]]]}},{"type":"Feature","properties":{"id":186,"is_edge":false,"Hex_area":8660.254,"row_index":17,"col_index":13},"geometry":{"type":"MultiPolygon","coordinates":[[[[79.870361,6.833641],[79.869843,6.833641],[79.869583,6.834087],[79.869843,6.834533],[79.870361,6.834533],[79.870621,6.834087],[79.870361,6.833641]]]]}},{"type":"Feature","properties":{"id":187,"is_edge":false,"Hex_area":8660.254,"row_index":17,"col_index":14},"geometry":{"type":"MultiPolygon","coordinates":[[[[79.871139,6.833195],[79.870621,6.833195],[79.870361,6.833641],[79.870621,6.834087],[79.871139,6.834087],[79.871399,6.833641],[79.871139,6.833195]]]]}},{"type":"Feature","properties":{"id":188,"is_edge":false,"Hex_area":8660.254,"row_index":17,"col_index":15},"geometry":{"type":"MultiPolygon","coordinates":[[[[79.871917,6.833641],[79.871399,6.833641],[79.871139,6.834087],[79.871399,6.834533],[79.871917,6.834533],[79.872176,6.834087],[79.871917,6.833641]]]]}},{"type":"Feature","properties":{"id":189,"is_edge":true,"Hex_area":6695.6978,"row_index":17,"col_index":16},"geometry":{"type":"MultiPolygon","coordinates":[[[[79.872695,6.833195],[79.872176,6.833195],[79.871917,6.833641],[79.872176,6.834087],[79.872594,6.834087],[79.872597,6.834059],[79.87261,6.833947],[79.87262,6.83385],[79.872629,6.833769],[79.872636,6.833703],[79.872642,6.833653],[79.872645,6.833618],[79.872648,6.833598],[79.87265,6.833578],[79.872653,6.833558],[79.872655,6.833539],[79.872659,6.833519],[79.872662,6.8335],[79.872666,6.83348],[79.872669,6.833461],[79.872674,6.833442],[79.872678,6.833422],[79.872682,6.8334],[79.872687,6.833377],[79.872691,6.833352],[79.872696,6.833326],[79.872701,6.833299],[79.872706,6.833271],[79.872711,6.833241],[79.872713,6.833226],[79.872695,6.833195]]]]}},{"type":"Feature","properties":{"id":190,"is_edge":true,"Hex_area":506.8512,"row_index":18,"col_index":2},"geometry":{"type":"MultiPolygon","coordinates":[[[[79.861288,6.834087],[79.861288,6.834089],[79.86129,6.834103],[79.861293,6.834117],[79.861297,6.834132],[79.861302,6.834145],[79.861308,6.834158],[79.861314,6.834169],[79.861322,6.834179],[79.861331,6.834188],[79.86134,6.834196],[79.86135,6.834202],[79.861361,6.834208],[79.861373,6.834212],[79.861385,6.834216],[79.861398,6.834218],[79.861411,6.83422],[79.861424,6.834221],[79.861438,6.834221],[79.861452,6.83422],[79.861467,6.834218],[79.861482,6.834216],[79.861496,6.834212],[79.861511,6.834208],[79.861525,6.834203],[79.86154,6.834197],[79.861554,6.83419],[79.861569,6.834182],[79.861583,6.834174],[79.861598,6.834165],[79.861614,6.834157],[79.86163,6.834148],[79.861647,6.834139],[79.861665,6.83413],[79.861683,6.834121],[79.861702,6.834111],[79.861722,6.834102],[79.861741,6.834093],[79.861756,6.834087],[79.861288,6.834087]]]]}},{"type":"Feature","properties":{"id":191,"is_edge":true,"Hex_area":1127.9734,"row_index":18,"col_index":3},"geometry":{"type":"MultiPolygon","coordinates":[[[[79.862841,6.834979],[79.862582,6.834533],[79.862438,6.834533],[79.862438,6.834534],[79.862438,6.83454],[79.862437,6.834546],[79.862436,6.834552],[79.862435,6.83456],[79.862432,6.834567],[79.86243,6.834575],[79.862428,6.834582],[79.862427,6.83459],[79.862425,6.834597],[79.862423,6.834604],[79.862421,6.834611],[79.862419,6.834617],[79.862418,6.834624],[79.862416,6.83463],[79.862415,6.834636],[79.862414,6.834643],[79.862414,6.834648],[79.862414,6.834654],[79.862414,6.83466],[79.862414,6.834665],[79.862415,6.83467],[79.862416,6.834675],[79.862418,6.83468],[79.862419,6.834684],[79.862421,6.834688],[79.862424,6.834691],[79.862427,6.834695],[79.86243,6.834698],[79.862433,6.8347],[79.862437,6.834702],[79.86244,6.834704],[79.862443,6.834705],[79.862446,6.834706],[79.862449,6.834707],[79.862452,6.834707],[79.862455,6.834706],[79.862458,6.834705],[79.86246,6.834704],[79.862463,6.834703],[79.862466,6.834702],[79.862469,6.8347],[79.862471,6.834698],[79.862474,6.834696],[79.862477,6.834694],[79.86248,6.834692],[79.862483,6.834689],[79.862485,6.834687],[79.862488,6.834685],[79.86249,6.834682],[79.862492,6.83468],[79.862494,6.834677],[79.862496,6.834675],[79.862498,6.834672],[79.8625,6.83467],[79.862502,6.834667],[79.862504,6.834665],[79.862506,6.834663],[79.862508,6.834661],[79.86251,6.834659],[79.862512,6.834658],[79.862514,6.834656],[79.862516,6.834655],[79.862518,6.834653],[79.86252,6.834652],[79.862521,6.834652],[79.862523,6.834651],[79.862524,6.834651],[79.862525,6.83465],[79.862526,6.83465],[79.862528,6.834651],[79.862529,6.834651],[79.86253,6.834651],[79.862531,6.834652],[79.862532,6.834653],[79.862534,6.834653],[79.862535,6.834654],[79.862536,6.834656],[79.86254,6.834662],[79.862545,6.834674],[79.862553,6.834692],[79.862563,6.834715],[79.862576,6.834743],[79.86259,6.834777],[79.862607,6.834816],[79.862626,6.834861],[79.862643,6.834903],[79.862659,6.834943],[79.862672,6.834982],[79.862684,6.835018],[79.862694,6.835052],[79.862701,6.835083],[79.862708,6.835113],[79.862712,6.83514],[79.862715,6.835167],[79.862718,6.835191],[79.862841,6.834979]]],[[[79.862149,6.834533],[79.862152,6.834539],[79.862155,6.834544],[79.862158,6.834548],[79.862162,6.834551],[79.862166,6.834553],[79.862171,6.834554],[79.862175,6.834555],[79.86218,6.834554],[79.862185,6.834554],[79.862189,6.834553],[79.862193,6.834551],[79.862198,6.834549],[79.862202,6.834547],[79.862206,6.834544],[79.86221,6.834542],[79.862213,6.834538],[79.862217,6.834535],[79.862219,6.834533],[79.862149,6.834533]]]]}},{"type":"Feature","properties":{"id":192,"is_edge":false,"Hex_area":8660.254,"row_index":18,"col_index":4},"geometry":{"type":"MultiPolygon","coordinates":[[[[79.86336,6.834087],[79.862841,6.834087],[79.862582,6.834533],[79.862841,6.834979],[79.86336,6.834979],[79.863619,6.834533],[79.86336,6.834087]]]]}},{"type":"Feature","properties":{"id":193,"is_edge":false,"Hex_area":8660.254,"row_index":18,"col_index":5},"geometry":{"type":"MultiPolygon","coordinates":[[[[79.864138,6.834533],[79.863619,6.834533],[79.86336,6.834979],[79.863619,6.835425],[79.864138,6.835425],[79.864397,6.834979],[79.864138,6.834533]]]]}},{"type":"Feature","properties":{"id":194,"is_edge":false,"Hex_area":8660.254,"row_index":18,"col_index":6},"geometry":{"type":"MultiPolygon","coordinates":[[[[79.864915,6.834087],[79.864397,6.834087],[79.864138,6.834533],[79.864397,6.834979],[79.864915,6.834979],[79.865175,6.834533],[79.864915,6.834087]]]]}},{"type":"Feature","properties":{"id":195,"is_edge":false,"Hex_area":8660.254,"row_index":18,"col_index":7},"geometry":{"type":"MultiPolygon","coordinates":[[[[79.865693,6.834533],[79.865175,6.834533],[79.864915,6.834979],[79.865175,6.835425],[79.865693,6.835425],[79.865953,6.834979],[79.865693,6.834533]]]]}},{"type":"Feature","properties":{"id":196,"is_edge":false,"Hex_area":8660.254,"row_index":18,"col_index":8},"geometry":{"type":"MultiPolygon","coordinates":[[[[79.866471,6.834087],[79.865953,6.834087],[79.865693,6.834533],[79.865953,6.834979],[79.866471,6.834979],[79.866731,6.834533],[79.866471,6.834087]]]]}},{"type":"Feature","properties":{"id":197,"is_edge":false,"Hex_area":8660.254,"row_index":18,"col_index":9},"geometry":{"type":"MultiPolygon","coordinates":[[[[79.867249,6.834533],[79.866731,6.834533],[79.866471,6.834979],[79.866731,6.835425],[79.867249,6.835425],[79.867509,6.834979],[79.867249,6.834533]]]]}},{"type":"Feature","properties":{"id":198,"is_edge":false,"Hex_area":8660.254,"row_index":18,"col_index":10},"geometry":{"type":"MultiPolygon","coordinates":[[[[79.868027,6.834087],[79.867509,6.834087],[79.867249,6.834533],[79.867509,6.834979],[79.868027,6.834979],[79.868287,6.834533],[79.868027,6.834087]]]]}},{"type":"Feature","properties":{"id":199,"is_edge":false,"Hex_area":8660.254,"row_index":18,"col_index":11},"geometry":{"type":"MultiPolygon","coordinates":[[[[79.868805,6.834533],[79.868287,6.834533],[79.868027,6.834979],[79.868287,6.835425],[79.868805,6.835425],[79.869065,6.834979],[79.868805,6.834533]]]]}},{"type":"Feature","properties":{"id":200,"is_edge":false,"Hex_area":8660.254,"row_index":18,"col_index":12},"geometry":{"type":"MultiPolygon","coordinates":[[[[79.869583,6.834087],[79.869065,6.834087],[79.868805,6.834533],[79.869065,6.834979],[79.869583,6.834979],[79.869843,6.834533],[79.869583,6.834087]]]]}},{"type":"Feature","properties":{"id":201,"is_edge":false,"Hex_area":8660.254,"row_index":18,"col_index":13},"geometry":{"type":"MultiPolygon","coordinates":[[[[79.870361,6.834533],[79.869843,6.834533],[79.869583,6.834979],[79.869843,6.835425],[79.870361,6.835425],[79.870621,6.834979],[79.870361,6.834533]]]]}},{"type":"Feature","properties":{"id":202,"is_edge":false,"Hex_area":8660.254,"row_index":18,"col_index":14},"geometry":{"type":"MultiPolygon","coordinates":[[[[79.871139,6.834087],[79.870621,6.834087],[79.870361,6.834533],[79.870621,6.834979],[79.871139,6.834979],[79.871399,6.834533],[79.871139,6.834087]]]]}},{"type":"Feature","properties":{"id":203,"is_edge":false,"Hex_area":8660.254,"row_index":18,"col_index":15},"geometry":{"type":"MultiPolygon","coordinates":[[[[79.871917,6.834533],[79.871399,6.834533],[79.871139,6.834979],[79.871399,6.835425],[79.871917,6.835425],[79.872176,6.834979],[79.871917,6.834533]]]]}},{"type":"Feature","properties":{"id":204,"is_edge":true,"Hex_area":5559.6173,"row_index":18,"col_index":16},"geometry":{"type":"MultiPolygon","coordinates":[[[[79.872176,6.834087],[79.871917,6.834533],[79.872176,6.834979],[79.8725,6.834979],[79.872501,6.834964],[79.872506,6.834912],[79.872513,6.834847],[79.872521,6.834769],[79.87253,6.834678],[79.872541,6.834574],[79.872554,6.834458],[79.872568,6.834328],[79.872584,6.834186],[79.872594,6.834087],[79.872176,6.834087]]]]}},{"type":"Feature","properties":{"id":205,"is_edge":true,"Hex_area":1108.8688,"row_index":19,"col_index":3},"geometry":{"type":"MultiPolygon","coordinates":[[[[79.862841,6.83587],[79.862639,6.835523],[79.862635,6.835529],[79.862628,6.835541],[79.862622,6.835551],[79.862616,6.835561],[79.86261,6.835569],[79.862604,6.835577],[79.862598,6.835584],[79.862591,6.835591],[79.862583,6.835597],[79.862575,6.835602],[79.862567,6.835607],[79.862558,6.835611],[79.862548,6.835615],[79.862539,6.83562],[79.862531,6.835625],[79.862522,6.835631],[79.862515,6.835639],[79.862507,6.835646],[79.8625,6.835655],[79.862493,6.835665],[79.862486,6.835675],[79.86248,6.835685],[79.862475,6.835695],[79.86247,6.835706],[79.862465,6.835716],[79.862461,6.835726],[79.862457,6.835737],[79.862454,6.835747],[79.862452,6.835757],[79.86245,6.835767],[79.862449,6.835776],[79.86245,6.835785],[79.862451,6.835793],[79.862453,6.8358],[79.862457,6.835807],[79.862461,6.835813],[79.862466,6.835819],[79.862472,6.835824],[79.862477,6.835828],[79.862483,6.835831],[79.862488,6.835833],[79.862494,6.835834],[79.862499,6.835834],[79.862505,6.835833],[79.86251,6.835832],[79.862516,6.83583],[79.862521,6.835828],[79.862525,6.835826],[79.86253,6.835824],[79.862534,6.835822],[79.862537,6.83582],[79.862541,6.835817],[79.862544,6.835815],[79.862547,6.835813],[79.86255,6.835812],[79.862553,6.83581],[79.862556,6.835809],[79.862558,6.835808],[79.862561,6.835808],[79.862564,6.835807],[79.862566,6.835807],[79.862568,6.835808],[79.862571,6.835808],[79.862574,6.835808],[79.862576,6.835809],[79.862579,6.83581],[79.862581,6.83581],[79.862584,6.835811],[79.862587,6.835812],[79.86259,6.835814],[79.862594,6.835816],[79.862599,6.835818],[79.862605,6.835821],[79.862611,6.835823],[79.862618,6.835827],[79.862626,6.83583],[79.862634,6.835834],[79.862642,6.835839],[79.86265,6.835845],[79.862657,6.835851],[79.862664,6.835858],[79.862671,6.835866],[79.862677,6.835874],[79.862683,6.835884],[79.862688,6.835894],[79.862693,6.835904],[79.862698,6.835913],[79.862702,6.835923],[79.862707,6.835932],[79.86271,6.835941],[79.862714,6.83595],[79.862717,6.835958],[79.86272,6.835966],[79.862722,6.835976],[79.862722,6.835986],[79.86272,6.835997],[79.862717,6.836009],[79.862713,6.836022],[79.862708,6.836036],[79.862701,6.836051],[79.862692,6.836067],[79.862685,6.836083],[79.862679,6.836099],[79.862674,6.836115],[79.862671,6.836131],[79.862669,6.836147],[79.862669,6.836163],[79.862669,6.836167],[79.862841,6.83587]]]]}},{"type":"Feature","properties":{"id":206,"is_edge":true,"Hex_area":8411.3255,"row_index":19,"col_index":4},"geometry":{"type":"MultiPolygon","coordinates":[[[[79.862841,6.83587],[79.86336,6.83587],[79.863619,6.835425],[79.86336,6.834979],[79.862841,6.834979],[79.862718,6.835191],[79.862718,6.835193],[79.862719,6.835217],[79.86272,6.835241],[79.86272,6.835263],[79.862719,6.835285],[79.862717,6.835306],[79.862715,6.835325],[79.862711,6.835345],[79.862707,6.835364],[79.862702,6.835382],[79.862696,6.835401],[79.86269,6.835419],[79.862683,6.835437],[79.862675,6.835454],[79.862666,6.835472],[79.862658,6.835488],[79.86265,6.835503],[79.862642,6.835517],[79.862639,6.835523],[79.862841,6.83587]]]]}},{"type":"Feature","properties":{"id":207,"is_edge":false,"Hex_area":8660.254,"row_index":19,"col_index":5},"geometry":{"type":"MultiPolygon","coordinates":[[[[79.864138,6.835425],[79.863619,6.835425],[79.86336,6.83587],[79.863619,6.836316],[79.864138,6.836316],[79.864397,6.83587],[79.864138,6.835425]]]]}},{"type":"Feature","properties":{"id":208,"is_edge":false,"Hex_area":8660.254,"row_index":19,"col_index":6},"geometry":{"type":"MultiPolygon","coordinates":[[[[79.864915,6.834979],[79.864397,6.834979],[79.864138,6.835425],[79.864397,6.83587],[79.864915,6.83587],[79.865175,6.835425],[79.864915,6.834979]]]]}},{"type":"Feature","properties":{"id":209,"is_edge":false,"Hex_area":8660.254,"row_index":19,"col_index":7},"geometry":{"type":"MultiPolygon","coordinates":[[[[79.865693,6.835425],[79.865175,6.835425],[79.864915,6.83587],[79.865175,6.836316],[79.865693,6.836316],[79.865953,6.83587],[79.865693,6.835425]]]]}},{"type":"Feature","properties":{"id":210,"is_edge":false,"Hex_area":8660.254,"row_index":19,"col_index":8},"geometry":{"type":"MultiPolygon","coordinates":[[[[79.866471,6.834979],[79.865953,6.834979],[79.865693,6.835425],[79.865953,6.83587],[79.866471,6.83587],[79.866731,6.835425],[79.866471,6.834979]]]]}},{"type":"Feature","properties":{"id":211,"is_edge":false,"Hex_area":8660.254,"row_index":19,"col_index":9},"geometry":{"type":"MultiPolygon","coordinates":[[[[79.867249,6.835425],[79.866731,6.835425],[79.866471,6.83587],[79.866731,6.836316],[79.867249,6.836316],[79.867509,6.83587],[79.867249,6.835425]]]]}},{"type":"Feature","properties":{"id":212,"is_edge":false,"Hex_area":8660.254,"row_index":19,"col_index":10},"geometry":{"type":"MultiPolygon","coordinates":[[[[79.868027,6.834979],[79.867509,6.834979],[79.867249,6.835425],[79.867509,6.83587],[79.868027,6.83587],[79.868287,6.835425],[79.868027,6.834979]]]]}},{"type":"Feature","properties":{"id":213,"is_edge":false,"Hex_area":8660.254,"row_index":19,"col_index":11},"geometry":{"type":"MultiPolygon","coordinates":[[[[79.868805,6.835425],[79.868287,6.835425],[79.868027,6.83587],[79.868287,6.836316],[79.868805,6.836316],[79.869065,6.83587],[79.868805,6.835425]]]]}},{"type":"Feature","properties":{"id":214,"is_edge":false,"Hex_area":8660.254,"row_index":19,"col_index":12},"geometry":{"type":"MultiPolygon","coordinates":[[[[79.869583,6.834979],[79.869065,6.834979],[79.868805,6.835425],[79.869065,6.83587],[79.869583,6.83587],[79.869843,6.835425],[79.869583,6.834979]]]]}},{"type":"Feature","properties":{"id":215,"is_edge":false,"Hex_area":8660.254,"row_index":19,"col_index":13},"geometry":{"type":"MultiPolygon","coordinates":[[[[79.870361,6.835425],[79.869843,6.835425],[79.869583,6.83587],[79.869843,6.836316],[79.870361,6.836316],[79.870621,6.83587],[79.870361,6.835425]]]]}},{"type":"Feature","properties":{"id":216,"is_edge":false,"Hex_area":8660.254,"row_index":19,"col_index":14},"geometry":{"type":"MultiPolygon","coordinates":[[[[79.871139,6.834979],[79.870621,6.834979],[79.870361,6.835425],[79.870621,6.83587],[79.871139,6.83587],[79.871399,6.835425],[79.871139,6.834979]]]]}},{"type":"Feature","properties":{"id":217,"is_edge":false,"Hex_area":8660.254,"row_index":19,"col_index":15},"geometry":{"type":"MultiPolygon","coordinates":[[[[79.871917,6.835425],[79.871399,6.835425],[79.871139,6.83587],[79.871399,6.836316],[79.871917,6.836316],[79.872176,6.83587],[79.871917,6.835425]]]]}},{"type":"Feature","properties":{"id":218,"is_edge":true,"Hex_area":4260.6489,"row_index":19,"col_index":16},"geometry":{"type":"MultiPolygon","coordinates":[[[[79.872176,6.834979],[79.871917,6.835425],[79.872176,6.83587],[79.872327,6.83587],[79.87234,6.835825],[79.872358,6.835764],[79.872374,6.835705],[79.872389,6.835647],[79.872403,6.83559],[79.872416,6.835534],[79.872428,6.835479],[79.872438,6.835425],[79.872448,6.835372],[79.872456,6.835321],[79.872464,6.835271],[79.872471,6.835222],[79.872477,6.835175],[79.872483,6.83513],[79.872489,6.835086],[79.872493,6.835044],[79.872498,6.835003],[79.8725,6.834979],[79.872176,6.834979]]]]}},{"type":"Feature","properties":{"id":219,"is_edge":true,"Hex_area":0.9539,"row_index":20,"col_index":3},"geometry":{"type":"MultiPolygon","coordinates":[[[[79.862841,6.836762],[79.862835,6.836753],[79.862834,6.836766],[79.862833,6.836776],[79.862841,6.836762]]]]}},{"type":"Feature","properties":{"id":220,"is_edge":true,"Hex_area":7532.3248,"row_index":20,"col_index":4},"geometry":{"type":"MultiPolygon","coordinates":[[[[79.862841,6.836762],[79.86336,6.836762],[79.863619,6.836316],[79.86336,6.83587],[79.862841,6.83587],[79.862669,6.836167],[79.862669,6.836179],[79.862671,6.836195],[79.862674,6.836209],[79.862676,6.836222],[79.862679,6.836232],[79.862682,6.836242],[79.862686,6.836249],[79.862689,6.836254],[79.862693,6.836258],[79.862697,6.83626],[79.862702,6.836262],[79.862707,6.836262],[79.862712,6.836262],[79.862717,6.836262],[79.862722,6.836261],[79.862728,6.836259],[79.862733,6.836256],[79.86274,6.836253],[79.862745,6.83625],[79.86275,6.836247],[79.862755,6.836244],[79.862759,6.836241],[79.862763,6.836239],[79.862767,6.836236],[79.86277,6.836234],[79.862773,6.836231],[79.862775,6.836229],[79.862778,6.836227],[79.862781,6.836226],[79.862783,6.836225],[79.862786,6.836224],[79.862788,6.836224],[79.862791,6.836224],[79.862793,6.836224],[79.862796,6.836225],[79.862798,6.836226],[79.862801,6.836227],[79.862803,6.836229],[79.862805,6.83623],[79.862808,6.836232],[79.86281,6.836234],[79.862813,6.836236],[79.862816,6.836239],[79.862819,6.836241],[79.862822,6.836244],[79.862825,6.836248],[79.862829,6.836251],[79.862833,6.836255],[79.862837,6.83626],[79.862842,6.836264],[79.862846,6.83627],[79.862851,6.836279],[79.862856,6.836289],[79.862861,6.836301],[79.862867,6.836315],[79.862873,6.836331],[79.862878,6.836349],[79.862884,6.836368],[79.862889,6.83639],[79.862891,6.836414],[79.862891,6.836441],[79.862889,6.836469],[79.862885,6.8365],[79.86288,6.836533],[79.862872,6.836569],[79.862862,6.836606],[79.862854,6.836642],[79.862847,6.836676],[79.862841,6.836708],[79.862837,6.836737],[79.862835,6.836753],[79.862841,6.836762]]]]}},{"type":"Feature","properties":{"id":221,"is_edge":false,"Hex_area":8660.254,"row_index":20,"col_index":5},"geometry":{"type":"MultiPolygon","coordinates":[[[[79.864138,6.836316],[79.863619,6.836316],[79.86336,6.836762],[79.863619,6.837208],[79.864138,6.837208],[79.864397,6.836762],[79.864138,6.836316]]]]}},{"type":"Feature","properties":{"id":222,"is_edge":false,"Hex_area":8660.254,"row_index":20,"col_index":6},"geometry":{"type":"MultiPolygon","coordinates":[[[[79.864915,6.83587],[79.864397,6.83587],[79.864138,6.836316],[79.864397,6.836762],[79.864915,6.836762],[79.865175,6.836316],[79.864915,6.83587]]]]}},{"type":"Feature","properties":{"id":223,"is_edge":false,"Hex_area":8660.254,"row_index":20,"col_index":7},"geometry":{"type":"MultiPolygon","coordinates":[[[[79.865693,6.836316],[79.865175,6.836316],[79.864915,6.836762],[79.865175,6.837208],[79.865693,6.837208],[79.865953,6.836762],[79.865693,6.836316]]]]}},{"type":"Feature","properties":{"id":224,"is_edge":false,"Hex_area":8660.254,"row_index":20,"col_index":8},"geometry":{"type":"MultiPolygon","coordinates":[[[[79.866471,6.83587],[79.865953,6.83587],[79.865693,6.836316],[79.865953,6.836762],[79.866471,6.836762],[79.866731,6.836316],[79.866471,6.83587]]]]}},{"type":"Feature","properties":{"id":225,"is_edge":false,"Hex_area":8660.254,"row_index":20,"col_index":9},"geometry":{"type":"MultiPolygon","coordinates":[[[[79.867249,6.836316],[79.866731,6.836316],[79.866471,6.836762],[79.866731,6.837208],[79.867249,6.837208],[79.867509,6.836762],[79.867249,6.836316]]]]}},{"type":"Feature","properties":{"id":226,"is_edge":false,"Hex_area":8660.254,"row_index":20,"col_index":10},"geometry":{"type":"MultiPolygon","coordinates":[[[[79.868027,6.83587],[79.867509,6.83587],[79.867249,6.836316],[79.867509,6.836762],[79.868027,6.836762],[79.868287,6.836316],[79.868027,6.83587]]]]}},{"type":"Feature","properties":{"id":227,"is_edge":false,"Hex_area":8660.254,"row_index":20,"col_index":11},"geometry":{"type":"MultiPolygon","coordinates":[[[[79.868805,6.836316],[79.868287,6.836316],[79.868027,6.836762],[79.868287,6.837208],[79.868805,6.837208],[79.869065,6.836762],[79.868805,6.836316]]]]}},{"type":"Feature","properties":{"id":228,"is_edge":false,"Hex_area":8660.254,"row_index":20,"col_index":12},"geometry":{"type":"MultiPolygon","coordinates":[[[[79.869583,6.83587],[79.869065,6.83587],[79.868805,6.836316],[79.869065,6.836762],[79.869583,6.836762],[79.869843,6.836316],[79.869583,6.83587]]]]}},{"type":"Feature","properties":{"id":229,"is_edge":false,"Hex_area":8660.254,"row_index":20,"col_index":13},"geometry":{"type":"MultiPolygon","coordinates":[[[[79.870361,6.836316],[79.869843,6.836316],[79.869583,6.836762],[79.869843,6.837208],[79.870361,6.837208],[79.870621,6.836762],[79.870361,6.836316]]]]}},{"type":"Feature","properties":{"id":230,"is_edge":false,"Hex_area":8660.254,"row_index":20,"col_index":14},"geometry":{"type":"MultiPolygon","coordinates":[[[[79.871139,6.83587],[79.870621,6.83587],[79.870361,6.836316],[79.870621,6.836762],[79.871139,6.836762],[79.871399,6.836316],[79.871139,6.83587]]]]}},{"type":"Feature","properties":{"id":231,"is_edge":true,"Hex_area":8007.5305,"row_index":20,"col_index":15},"geometry":{"type":"MultiPolygon","coordinates":[[[[79.871917,6.836316],[79.871399,6.836316],[79.871139,6.836762],[79.871399,6.837208],[79.871917,6.837208],[79.871963,6.83713],[79.871952,6.837096],[79.871947,6.837025],[79.871955,6.836944],[79.871977,6.836853],[79.872012,6.836751],[79.872061,6.836639],[79.87208,6.836596],[79.871917,6.836316]]]]}},{"type":"Feature","properties":{"id":232,"is_edge":true,"Hex_area":1710.3261,"row_index":20,"col_index":16},"geometry":{"type":"MultiPolygon","coordinates":[[[[79.872176,6.83587],[79.871917,6.836316],[79.87208,6.836596],[79.872105,6.836538],[79.872143,6.836447],[79.872176,6.836368],[79.872203,6.836298],[79.872225,6.83624],[79.872242,6.836192],[79.872253,6.836155],[79.872259,6.836129],[79.872266,6.836098],[79.872275,6.836063],[79.872285,6.836024],[79.872297,6.835981],[79.87231,6.835933],[79.872324,6.835881],[79.872327,6.83587],[79.872176,6.83587]]]]}},{"type":"Feature","properties":{"id":233,"is_edge":true,"Hex_area":7029.764,"row_index":21,"col_index":4},"geometry":{"type":"MultiPolygon","coordinates":[[[[79.86336,6.837654],[79.863619,6.837208],[79.86336,6.836762],[79.862841,6.836762],[79.862833,6.836776],[79.862832,6.836792],[79.862832,6.836816],[79.862833,6.836838],[79.862834,6.836861],[79.862836,6.836883],[79.862839,6.836905],[79.862842,6.836928],[79.862846,6.83695],[79.862851,6.836973],[79.862856,6.836995],[79.862862,6.837017],[79.862867,6.83704],[79.862871,6.837063],[79.862874,6.837086],[79.862875,6.83711],[79.862876,6.837134],[79.862876,6.837158],[79.862875,6.837183],[79.862873,6.837208],[79.862871,6.837235],[79.862869,6.837262],[79.862868,6.837292],[79.862866,6.837322],[79.862864,6.837354],[79.862863,6.837387],[79.862862,6.837422],[79.86286,6.837458],[79.862859,6.837494],[79.862857,6.837529],[79.862854,6.837564],[79.862852,6.837599],[79.862849,6.837633],[79.862847,6.837654],[79.86336,6.837654]]]]}},{"type":"Feature","properties":{"id":234,"is_edge":false,"Hex_area":8660.254,"row_index":21,"col_index":5},"geometry":{"type":"MultiPolygon","coordinates":[[[[79.864138,6.837208],[79.863619,6.837208],[79.86336,6.837654],[79.863619,6.8381],[79.864138,6.8381],[79.864397,6.837654],[79.864138,6.837208]]]]}},{"type":"Feature","properties":{"id":235,"is_edge":false,"Hex_area":8660.254,"row_index":21,"col_index":6},"geometry":{"type":"MultiPolygon","coordinates":[[[[79.864915,6.836762],[79.864397,6.836762],[79.864138,6.837208],[79.864397,6.837654],[79.864915,6.837654],[79.865175,6.837208],[79.864915,6.836762]]]]}},{"type":"Feature","properties":{"id":236,"is_edge":false,"Hex_area":8660.254,"row_index":21,"col_index":7},"geometry":{"type":"MultiPolygon","coordinates":[[[[79.865693,6.837208],[79.865175,6.837208],[79.864915,6.837654],[79.865175,6.8381],[79.865693,6.8381],[79.865953,6.837654],[79.865693,6.837208]]]]}},{"type":"Feature","properties":{"id":237,"is_edge":false,"Hex_area":8660.254,"row_index":21,"col_index":8},"geometry":{"type":"MultiPolygon","coordinates":[[[[79.866471,6.836762],[79.865953,6.836762],[79.865693,6.837208],[79.865953,6.837654],[79.866471,6.837654],[79.866731,6.837208],[79.866471,6.836762]]]]}},{"type":"Feature","properties":{"id":238,"is_edge":false,"Hex_area":8660.254,"row_index":21,"col_index":9},"geometry":{"type":"MultiPolygon","coordinates":[[[[79.867249,6.837208],[79.866731,6.837208],[79.866471,6.837654],[79.866731,6.8381],[79.867249,6.8381],[79.867509,6.837654],[79.867249,6.837208]]]]}},{"type":"Feature","properties":{"id":239,"is_edge":false,"Hex_area":8660.254,"row_index":21,"col_index":10},"geometry":{"type":"MultiPolygon","coordinates":[[[[79.868027,6.836762],[79.867509,6.836762],[79.867249,6.837208],[79.867509,6.837654],[79.868027,6.837654],[79.868287,6.837208],[79.868027,6.836762]]]]}},{"type":"Feature","properties":{"id":240,"is_edge":false,"Hex_area":8660.254,"row_index":21,"col_index":11},"geometry":{"type":"MultiPolygon","coordinates":[[[[79.868805,6.837208],[79.868287,6.837208],[79.868027,6.837654],[79.868287,6.8381],[79.868805,6.8381],[79.869065,6.837654],[79.868805,6.837208]]]]}},{"type":"Feature","properties":{"id":241,"is_edge":false,"Hex_area":8660.254,"row_index":21,"col_index":12},"geometry":{"type":"MultiPolygon","coordinates":[[[[79.869583,6.836762],[79.869065,6.836762],[79.868805,6.837208],[79.869065,6.837654],[79.869583,6.837654],[79.869843,6.837208],[79.869583,6.836762]]]]}},{"type":"Feature","properties":{"id":242,"is_edge":false,"Hex_area":8660.254,"row_index":21,"col_index":13},"geometry":{"type":"MultiPolygon","coordinates":[[[[79.870361,6.837208],[79.869843,6.837208],[79.869583,6.837654],[79.869843,6.8381],[79.870361,6.8381],[79.870621,6.837654],[79.870361,6.837208]]]]}},{"type":"Feature","properties":{"id":243,"is_edge":false,"Hex_area":8660.254,"row_index":21,"col_index":14},"geometry":{"type":"MultiPolygon","coordinates":[[[[79.871139,6.836762],[79.870621,6.836762],[79.870361,6.837208],[79.870621,6.837654],[79.871139,6.837654],[79.871399,6.837208],[79.871139,6.836762]]]]}},{"type":"Feature","properties":{"id":244,"is_edge":false,"Hex_area":8660.254,"row_index":21,"col_index":15},"geometry":{"type":"MultiPolygon","coordinates":[[[[79.871917,6.837208],[79.871399,6.837208],[79.871139,6.837654],[79.871399,6.8381],[79.871917,6.8381],[79.872176,6.837654],[79.871917,6.837208]]]]}},{"type":"Feature","properties":{"id":245,"is_edge":true,"Hex_area":2007.3065,"row_index":21,"col_index":16},"geometry":{"type":"MultiPolygon","coordinates":[[[[79.871917,6.837208],[79.872176,6.837654],[79.872695,6.837654],[79.872715,6.83762],[79.872712,6.837617],[79.872679,6.837589],[79.872646,6.837563],[79.872613,6.83754],[79.87258,6.837518],[79.872547,6.837499],[79.872514,6.837481],[79.872481,6.837466],[79.872452,6.837452],[79.872425,6.83744],[79.872403,6.837428],[79.872383,6.837419],[79.872367,6.83741],[79.872355,6.837403],[79.872345,6.837397],[79.872339,6.837392],[79.872327,6.837385],[79.872307,6.837374],[79.872281,6.83736],[79.872248,6.837343],[79.872209,6.837323],[79.872163,6.8373],[79.87211,6.837274],[79.87205,6.837245],[79.872004,6.837206],[79.871971,6.837156],[79.871963,6.83713],[79.871917,6.837208]]]]}},{"type":"Feature","properties":{"id":246,"is_edge":true,"Hex_area":1016.3172,"row_index":21,"col_index":17},"geometry":{"type":"MultiPolygon","coordinates":[[[[79.872695,6.837654],[79.872954,6.8381],[79.873274,6.8381],[79.873245,6.838072],[79.873183,6.838021],[79.873132,6.837988],[79.873079,6.837945],[79.873029,6.837903],[79.872981,6.837862],[79.872935,6.837822],[79.872892,6.837785],[79.872852,6.837748],[79.872814,6.837713],[79.872778,6.837679],[79.872745,6.837647],[79.872715,6.83762],[79.872695,6.837654]]]]}},{"type":"Feature","properties":{"id":247,"is_edge":true,"Hex_area":711.2671,"row_index":22,"col_index":3},"geometry":{"type":"MultiPolygon","coordinates":[[[[79.862582,6.838992],[79.862841,6.838546],[79.862735,6.838364],[79.862734,6.838371],[79.862725,6.838404],[79.862717,6.838435],[79.862709,6.838462],[79.862701,6.838486],[79.862692,6.838507],[79.862684,6.838529],[79.862675,6.838553],[79.862667,6.838578],[79.862659,6.838604],[79.862651,6.838632],[79.862643,6.838661],[79.862636,6.838692],[79.862628,6.838723],[79.862621,6.838753],[79.862613,6.838782],[79.862606,6.838809],[79.862599,6.838835],[79.862593,6.838859],[79.862586,6.838881],[79.86258,6.838902],[79.862573,6.838921],[79.862568,6.838943],[79.862562,6.838968],[79.862558,6.838992],[79.862582,6.838992]]]]}},{"type":"Feature","properties":{"id":248,"is_edge":true,"Hex_area":7723.2811,"row_index":22,"col_index":4},"geometry":{"type":"MultiPolygon","coordinates":[[[[79.862841,6.838546],[79.86336,6.838546],[79.863619,6.8381],[79.86336,6.837654],[79.862847,6.837654],[79.862846,6.837667],[79.862843,6.837701],[79.862839,6.837734],[79.862836,6.837766],[79.862832,6.837797],[79.862828,6.837827],[79.862824,6.837856],[79.86282,6.837884],[79.862816,6.837911],[79.862812,6.837937],[79.862808,6.837961],[79.862803,6.837988],[79.862798,6.838018],[79.862792,6.838051],[79.862786,6.838086],[79.86278,6.838124],[79.862773,6.838164],[79.862765,6.838207],[79.862758,6.838253],[79.86275,6.838295],[79.862742,6.838335],[79.862735,6.838364],[79.862841,6.838546]]]]}},{"type":"Feature","properties":{"id":249,"is_edge":false,"Hex_area":8660.254,"row_index":22,"col_index":5},"geometry":{"type":"MultiPolygon","coordinates":[[[[79.864138,6.8381],[79.863619,6.8381],[79.86336,6.838546],[79.863619,6.838992],[79.864138,6.838992],[79.864397,6.838546],[79.864138,6.8381]]]]}},{"type":"Feature","properties":{"id":250,"is_edge":false,"Hex_area":8660.254,"row_index":22,"col_index":6},"geometry":{"type":"MultiPolygon","coordinates":[[[[79.864915,6.837654],[79.864397,6.837654],[79.864138,6.8381],[79.864397,6.838546],[79.864915,6.838546],[79.865175,6.8381],[79.864915,6.837654]]]]}},{"type":"Feature","properties":{"id":251,"is_edge":false,"Hex_area":8660.254,"row_index":22,"col_index":7},"geometry":{"type":"MultiPolygon","coordinates":[[[[79.865693,6.8381],[79.865175,6.8381],[79.864915,6.838546],[79.865175,6.838992],[79.865693,6.838992],[79.865953,6.838546],[79.865693,6.8381]]]]}},{"type":"Feature","properties":{"id":252,"is_edge":false,"Hex_area":8660.254,"row_index":22,"col_index":8},"geometry":{"type":"MultiPolygon","coordinates":[[[[79.866471,6.837654],[79.865953,6.837654],[79.865693,6.8381],[79.865953,6.838546],[79.866471,6.838546],[79.866731,6.8381],[79.866471,6.837654]]]]}},{"type":"Feature","properties":{"id":253,"is_edge":false,"Hex_area":8660.254,"row_index":22,"col_index":9},"geometry":{"type":"MultiPolygon","coordinates":[[[[79.867249,6.8381],[79.866731,6.8381],[79.866471,6.838546],[79.866731,6.838992],[79.867249,6.838992],[79.867509,6.838546],[79.867249,6.8381]]]]}},{"type":"Feature","properties":{"id":254,"is_edge":false,"Hex_area":8660.254,"row_index":22,"col_index":10},"geometry":{"type":"MultiPolygon","coordinates":[[[[79.868027,6.837654],[79.867509,6.837654],[79.867249,6.8381],[79.867509,6.838546],[79.868027,6.838546],[79.868287,6.8381],[79.868027,6.837654]]]]}},{"type":"Feature","properties":{"id":255,"is_edge":false,"Hex_area":8660.254,"row_index":22,"col_index":11},"geometry":{"type":"MultiPolygon","coordinates":[[[[79.868805,6.8381],[79.868287,6.8381],[79.868027,6.838546],[79.868287,6.838992],[79.868805,6.838992],[79.869065,6.838546],[79.868805,6.8381]]]]}},{"type":"Feature","properties":{"id":256,"is_edge":false,"Hex_area":8660.254,"row_index":22,"col_index":12},"geometry":{"type":"MultiPolygon","coordinates":[[[[79.869583,6.837654],[79.869065,6.837654],[79.868805,6.8381],[79.869065,6.838546],[79.869583,6.838546],[79.869843,6.8381],[79.869583,6.837654]]]]}},{"type":"Feature","properties":{"id":257,"is_edge":false,"Hex_area":8660.254,"row_index":22,"col_index":13},"geometry":{"type":"MultiPolygon","coordinates":[[[[79.870361,6.8381],[79.869843,6.8381],[79.869583,6.838546],[79.869843,6.838992],[79.870361,6.838992],[79.870621,6.838546],[79.870361,6.8381]]]]}},{"type":"Feature","properties":{"id":258,"is_edge":false,"Hex_area":8660.254,"row_index":22,"col_index":14},"geometry":{"type":"MultiPolygon","coordinates":[[[[79.871139,6.837654],[79.870621,6.837654],[79.870361,6.8381],[79.870621,6.838546],[79.871139,6.838546],[79.871399,6.8381],[79.871139,6.837654]]]]}},{"type":"Feature","properties":{"id":259,"is_edge":false,"Hex_area":8660.254,"row_index":22,"col_index":15},"geometry":{"type":"MultiPolygon","coordinates":[[[[79.871917,6.8381],[79.871399,6.8381],[79.871139,6.838546],[79.871399,6.838992],[79.871917,6.838992],[79.872176,6.838546],[79.871917,6.8381]]]]}},{"type":"Feature","properties":{"id":260,"is_edge":false,"Hex_area":8660.254,"row_index":22,"col_index":16},"geometry":{"type":"MultiPolygon","coordinates":[[[[79.872695,6.837654],[79.872176,6.837654],[79.871917,6.8381],[79.872176,6.838546],[79.872695,6.838546],[79.872954,6.8381],[79.872695,6.837654]]]]}},{"type":"Feature","properties":{"id":261,"is_edge":true,"Hex_area":4397.1972,"row_index":22,"col_index":17},"geometry":{"type":"MultiPolygon","coordinates":[[[[79.872954,6.8381],[79.872695,6.838546],[79.872954,6.838992],[79.873168,6.838992],[79.873119,6.838952],[79.873093,6.838926],[79.873096,6.83892],[79.8731,6.838908],[79.873106,6.838891],[79.873115,6.83887],[79.873125,6.838843],[79.873137,6.83881],[79.873151,6.838773],[79.873167,6.83873],[79.873184,6.838682],[79.873201,6.838635],[79.873216,6.838587],[79.873231,6.83854],[79.873244,6.838492],[79.873256,6.838445],[79.873267,6.838398],[79.873278,6.838351],[79.873286,6.838305],[79.873306,6.838263],[79.873314,6.838214],[79.873318,6.838143],[79.873281,6.838108],[79.873274,6.8381],[79.872954,6.8381]]]]}},{"type":"Feature","properties":{"id":262,"is_edge":true,"Hex_area":1571.1839,"row_index":23,"col_index":3},"geometry":{"type":"MultiPolygon","coordinates":[[[[79.862841,6.839438],[79.862582,6.838992],[79.862558,6.838992],[79.862558,6.838996],[79.862554,6.839026],[79.86255,6.83906],[79.862547,6.839096],[79.862545,6.839135],[79.862543,6.839177],[79.862543,6.839218],[79.862543,6.839257],[79.862544,6.839294],[79.862547,6.83933],[79.86255,6.839364],[79.862555,6.839397],[79.862561,6.839428],[79.862567,6.839457],[79.862573,6.839486],[79.862579,6.839515],[79.862584,6.839542],[79.862588,6.839569],[79.862592,6.839596],[79.862595,6.839622],[79.862597,6.839647],[79.862599,6.839671],[79.8626,6.839697],[79.862601,6.839724],[79.862602,6.839752],[79.862603,6.839781],[79.862604,6.839811],[79.862604,6.839843],[79.862604,6.839846],[79.862841,6.839438]]]]}},{"type":"Feature","properties":{"id":263,"is_edge":false,"Hex_area":8660.254,"row_index":23,"col_index":4},"geometry":{"type":"MultiPolygon","coordinates":[[[[79.86336,6.838546],[79.862841,6.838546],[79.862582,6.838992],[79.862841,6.839438],[79.86336,6.839438],[79.863619,6.838992],[79.86336,6.838546]]]]}},{"type":"Feature","properties":{"id":264,"is_edge":false,"Hex_area":8660.254,"row_index":23,"col_index":5},"geometry":{"type":"MultiPolygon","coordinates":[[[[79.864138,6.838992],[79.863619,6.838992],[79.86336,6.839438],[79.863619,6.839884],[79.864138,6.839884],[79.864397,6.839438],[79.864138,6.838992]]]]}},{"type":"Feature","properties":{"id":265,"is_edge":false,"Hex_area":8660.254,"row_index":23,"col_index":6},"geometry":{"type":"MultiPolygon","coordinates":[[[[79.864915,6.838546],[79.864397,6.838546],[79.864138,6.838992],[79.864397,6.839438],[79.864915,6.839438],[79.865175,6.838992],[79.864915,6.838546]]]]}},{"type":"Feature","properties":{"id":266,"is_edge":false,"Hex_area":8660.254,"row_index":23,"col_index":7},"geometry":{"type":"MultiPolygon","coordinates":[[[[79.865693,6.838992],[79.865175,6.838992],[79.864915,6.839438],[79.865175,6.839884],[79.865693,6.839884],[79.865953,6.839438],[79.865693,6.838992]]]]}},{"type":"Feature","properties":{"id":267,"is_edge":false,"Hex_area":8660.254,"row_index":23,"col_index":8},"geometry":{"type":"MultiPolygon","coordinates":[[[[79.866471,6.838546],[79.865953,6.838546],[79.865693,6.838992],[79.865953,6.839438],[79.866471,6.839438],[79.866731,6.838992],[79.866471,6.838546]]]]}},{"type":"Feature","properties":{"id":268,"is_edge":false,"Hex_area":8660.254,"row_index":23,"col_index":9},"geometry":{"type":"MultiPolygon","coordinates":[[[[79.867249,6.838992],[79.866731,6.838992],[79.866471,6.839438],[79.866731,6.839884],[79.867249,6.839884],[79.867509,6.839438],[79.867249,6.838992]]]]}},{"type":"Feature","properties":{"id":269,"is_edge":false,"Hex_area":8660.254,"row_index":23,"col_index":10},"geometry":{"type":"MultiPolygon","coordinates":[[[[79.868027,6.838546],[79.867509,6.838546],[79.867249,6.838992],[79.867509,6.839438],[79.868027,6.839438],[79.868287,6.838992],[79.868027,6.838546]]]]}},{"type":"Feature","properties":{"id":270,"is_edge":false,"Hex_area":8660.254,"row_index":23,"col_index":11},"geometry":{"type":"MultiPolygon","coordinates":[[[[79.868805,6.838992],[79.868287,6.838992],[79.868027,6.839438],[79.868287,6.839884],[79.868805,6.839884],[79.869065,6.839438],[79.868805,6.838992]]]]}},{"type":"Feature","properties":{"id":271,"is_edge":false,"Hex_area":8660.254,"row_index":23,"col_index":12},"geometry":{"type":"MultiPolygon","coordinates":[[[[79.869583,6.838546],[79.869065,6.838546],[79.868805,6.838992],[79.869065,6.839438],[79.869583,6.839438],[79.869843,6.838992],[79.869583,6.838546]]]]}},{"type":"Feature","properties":{"id":272,"is_edge":false,"Hex_area":8660.254,"row_index":23,"col_index":13},"geometry":{"type":"MultiPolygon","coordinates":[[[[79.870361,6.838992],[79.869843,6.838992],[79.869583,6.839438],[79.869843,6.839884],[79.870361,6.839884],[79.870621,6.839438],[79.870361,6.838992]]]]}},{"type":"Feature","properties":{"id":273,"is_edge":false,"Hex_area":8660.254,"row_index":23,"col_index":14},"geometry":{"type":"MultiPolygon","coordinates":[[[[79.871139,6.838546],[79.870621,6.838546],[79.870361,6.838992],[79.870621,6.839438],[79.871139,6.839438],[79.871399,6.838992],[79.871139,6.838546]]]]}},{"type":"Feature","properties":{"id":274,"is_edge":false,"Hex_area":8660.254,"row_index":23,"col_index":15},"geometry":{"type":"MultiPolygon","coordinates":[[[[79.871917,6.838992],[79.871399,6.838992],[79.871139,6.839438],[79.871399,6.839884],[79.871917,6.839884],[79.872176,6.839438],[79.871917,6.838992]]]]}},{"type":"Feature","properties":{"id":275,"is_edge":false,"Hex_area":8660.254,"row_index":23,"col_index":16},"geometry":{"type":"MultiPolygon","coordinates":[[[[79.872695,6.838546],[79.872176,6.838546],[79.871917,6.838992],[79.872176,6.839438],[79.872695,6.839438],[79.872954,6.838992],[79.872695,6.838546]]]]}},{"type":"Feature","properties":{"id":276,"is_edge":true,"Hex_area":7879.3227,"row_index":23,"col_index":17},"geometry":{"type":"MultiPolygon","coordinates":[[[[79.872954,6.838992],[79.872695,6.839438],[79.872954,6.839884],[79.873473,6.839884],[79.873732,6.839438],[79.873706,6.839393],[79.873684,6.839377],[79.873513,6.839252],[79.873371,6.839148],[79.873258,6.839063],[79.873174,6.838997],[79.873168,6.838992],[79.872954,6.838992]]]]}},{"type":"Feature","properties":{"id":277,"is_edge":true,"Hex_area":10.3452,"row_index":23,"col_index":18},"geometry":{"type":"MultiPolygon","coordinates":[[[[79.873732,6.839438],[79.873769,6.839438],[79.873706,6.839393],[79.873732,6.839438]]]]}},{"type":"Feature","properties":{"id":278,"is_edge":true,"Hex_area":1744.8005,"row_index":24,"col_index":3},"geometry":{"type":"MultiPolygon","coordinates":[[[[79.862582,6.840776],[79.862841,6.84033],[79.862603,6.83992],[79.862602,6.839945],[79.862599,6.839983],[79.862596,6.840025],[79.862592,6.840068],[79.862587,6.840115],[79.86258,6.840164],[79.862573,6.840215],[79.862565,6.840269],[79.862557,6.840325],[79.862549,6.840383],[79.86254,6.840443],[79.862532,6.840504],[79.862523,6.840567],[79.862514,6.840632],[79.862505,6.840699],[79.862496,6.840768],[79.862495,6.840776],[79.862582,6.840776]]]]}},{"type":"Feature","properties":{"id":279,"is_edge":true,"Hex_area":8650.172,"row_index":24,"col_index":4},"geometry":{"type":"MultiPolygon","coordinates":[[[[79.862841,6.84033],[79.86336,6.84033],[79.863619,6.839884],[79.86336,6.839438],[79.862841,6.839438],[79.862604,6.839846],[79.862603,6.839875],[79.862603,6.839908],[79.862603,6.83992],[79.862841,6.84033]]]]}},{"type":"Feature","properties":{"id":280,"is_edge":false,"Hex_area":8660.254,"row_index":24,"col_index":5},"geometry":{"type":"MultiPolygon","coordinates":[[[[79.864138,6.839884],[79.863619,6.839884],[79.86336,6.84033],[79.863619,6.840776],[79.864138,6.840776],[79.864397,6.84033],[79.864138,6.839884]]]]}},{"type":"Feature","properties":{"id":281,"is_edge":false,"Hex_area":8660.254,"row_index":24,"col_index":6},"geometry":{"type":"MultiPolygon","coordinates":[[[[79.864915,6.839438],[79.864397,6.839438],[79.864138,6.839884],[79.864397,6.84033],[79.864915,6.84033],[79.865175,6.839884],[79.864915,6.839438]]]]}},{"type":"Feature","properties":{"id":282,"is_edge":false,"Hex_area":8660.254,"row_index":24,"col_index":7},"geometry":{"type":"MultiPolygon","coordinates":[[[[79.865693,6.839884],[79.865175,6.839884],[79.864915,6.84033],[79.865175,6.840776],[79.865693,6.840776],[79.865953,6.84033],[79.865693,6.839884]]]]}},{"type":"Feature","properties":{"id":283,"is_edge":false,"Hex_area":8660.254,"row_index":24,"col_index":8},"geometry":{"type":"MultiPolygon","coordinates":[[[[79.866471,6.839438],[79.865953,6.839438],[79.865693,6.839884],[79.865953,6.84033],[79.866471,6.84033],[79.866731,6.839884],[79.866471,6.839438]]]]}},{"type":"Feature","properties":{"id":284,"is_edge":false,"Hex_area":8660.254,"row_index":24,"col_index":9},"geometry":{"type":"MultiPolygon","coordinates":[[[[79.867249,6.839884],[79.866731,6.839884],[79.866471,6.84033],[79.866731,6.840776],[79.867249,6.840776],[79.867509,6.84033],[79.867249,6.839884]]]]}},{"type":"Feature","properties":{"id":285,"is_edge":false,"Hex_area":8660.254,"row_index":24,"col_index":10},"geometry":{"type":"MultiPolygon","coordinates":[[[[79.868027,6.839438],[79.867509,6.839438],[79.867249,6.839884],[79.867509,6.84033],[79.868027,6.84033],[79.868287,6.839884],[79.868027,6.839438]]]]}},{"type":"Feature","properties":{"id":286,"is_edge":false,"Hex_area":8660.254,"row_index":24,"col_index":11},"geometry":{"type":"MultiPolygon","coordinates":[[[[79.868805,6.839884],[79.868287,6.839884],[79.868027,6.84033],[79.868287,6.840776],[79.868805,6.840776],[79.869065,6.84033],[79.868805,6.839884]]]]}},{"type":"Feature","properties":{"id":287,"is_edge":false,"Hex_area":8660.254,"row_index":24,"col_index":12},"geometry":{"type":"MultiPolygon","coordinates":[[[[79.869583,6.839438],[79.869065,6.839438],[79.868805,6.839884],[79.869065,6.84033],[79.869583,6.84033],[79.869843,6.839884],[79.869583,6.839438]]]]}},{"type":"Feature","properties":{"id":288,"is_edge":false,"Hex_area":8660.254,"row_index":24,"col_index":13},"geometry":{"type":"MultiPolygon","coordinates":[[[[79.870361,6.839884],[79.869843,6.839884],[79.869583,6.84033],[79.869843,6.840776],[79.870361,6.840776],[79.870621,6.84033],[79.870361,6.839884]]]]}},{"type":"Feature","properties":{"id":289,"is_edge":false,"Hex_area":8660.254,"row_index":24,"col_index":14},"geometry":{"type":"MultiPolygon","coordinates":[[[[79.871139,6.839438],[79.870621,6.839438],[79.870361,6.839884],[79.870621,6.84033],[79.871139,6.84033],[79.871399,6.839884],[79.871139,6.839438]]]]}},{"type":"Feature","properties":{"id":290,"is_edge":false,"Hex_area":8660.254,"row_index":24,"col_index":15},"geometry":{"type":"MultiPolygon","coordinates":[[[[79.871917,6.839884],[79.871399,6.839884],[79.871139,6.84033],[79.871399,6.840776],[79.871917,6.840776],[79.872176,6.84033],[79.871917,6.839884]]]]}},{"type":"Feature","properties":{"id":291,"is_edge":false,"Hex_area":8660.254,"row_index":24,"col_index":16},"geometry":{"type":"MultiPolygon","coordinates":[[[[79.872695,6.839438],[79.872176,6.839438],[79.871917,6.839884],[79.872176,6.84033],[79.872695,6.84033],[79.872954,6.839884],[79.872695,6.839438]]]]}},{"type":"Feature","properties":{"id":292,"is_edge":false,"Hex_area":8660.254,"row_index":24,"col_index":17},"geometry":{"type":"MultiPolygon","coordinates":[[[[79.873473,6.839884],[79.872954,6.839884],[79.872695,6.84033],[79.872954,6.840776],[79.873473,6.840776],[79.873732,6.84033],[79.873473,6.839884]]]]}},{"type":"Feature","properties":{"id":293,"is_edge":true,"Hex_area":6937.035,"row_index":24,"col_index":18},"geometry":{"type":"MultiPolygon","coordinates":[[[[79.873732,6.839438],[79.873473,6.839884],[79.873732,6.84033],[79.874251,6.84033],[79.874475,6.839945],[79.874318,6.839832],[79.874112,6.839684],[79.873883,6.839521],[79.873769,6.839438],[79.873732,6.839438]]]]}},{"type":"Feature","properties":{"id":294,"is_edge":true,"Hex_area":5878.1035,"row_index":24,"col_index":19},"geometry":{"type":"MultiPolygon","coordinates":[[[[79.874251,6.84033],[79.87451,6.840776],[79.875029,6.840776],[79.875201,6.840481],[79.875168,6.840455],[79.875125,6.840422],[79.875078,6.840385],[79.875008,6.840333],[79.874915,6.840264],[79.8748,6.84018],[79.874662,6.84008],[79.874501,6.839964],[79.874475,6.839945],[79.874251,6.84033]]]]}},{"type":"Feature","properties":{"id":295,"is_edge":true,"Hex_area":3457.4807,"row_index":25,"col_index":3},"geometry":{"type":"MultiPolygon","coordinates":[[[[79.862582,6.841668],[79.862841,6.841222],[79.862582,6.840776],[79.862495,6.840776],[79.862487,6.840831],[79.862477,6.840889],[79.862468,6.840942],[79.862459,6.840989],[79.86245,6.841031],[79.862441,6.841067],[79.862432,6.841098],[79.862422,6.841124],[79.862414,6.84115],[79.862405,6.841178],[79.862397,6.841206],[79.86239,6.841236],[79.862383,6.841266],[79.862376,6.841297],[79.86237,6.84133],[79.862364,6.841363],[79.862358,6.841397],[79.862352,6.841433],[79.862345,6.84147],[79.862338,6.841508],[79.862331,6.841548],[79.862323,6.841589],[79.862316,6.841631],[79.862309,6.841668],[79.862582,6.841668]]]]}},{"type":"Feature","properties":{"id":296,"is_edge":false,"Hex_area":8660.254,"row_index":25,"col_index":4},"geometry":{"type":"MultiPolygon","coordinates":[[[[79.86336,6.84033],[79.862841,6.84033],[79.862582,6.840776],[79.862841,6.841222],[79.86336,6.841222],[79.863619,6.840776],[79.86336,6.84033]]]]}},{"type":"Feature","properties":{"id":297,"is_edge":false,"Hex_area":8660.254,"row_index":25,"col_index":5},"geometry":{"type":"MultiPolygon","coordinates":[[[[79.864138,6.840776],[79.863619,6.840776],[79.86336,6.841222],[79.863619,6.841668],[79.864138,6.841668],[79.864397,6.841222],[79.864138,6.840776]]]]}},{"type":"Feature","properties":{"id":298,"is_edge":false,"Hex_area":8660.254,"row_index":25,"col_index":6},"geometry":{"type":"MultiPolygon","coordinates":[[[[79.864915,6.84033],[79.864397,6.84033],[79.864138,6.840776],[79.864397,6.841222],[79.864915,6.841222],[79.865175,6.840776],[79.864915,6.84033]]]]}},{"type":"Feature","properties":{"id":299,"is_edge":false,"Hex_area":8660.254,"row_index":25,"col_index":7},"geometry":{"type":"MultiPolygon","coordinates":[[[[79.865693,6.840776],[79.865175,6.840776],[79.864915,6.841222],[79.865175,6.841668],[79.865693,6.841668],[79.865953,6.841222],[79.865693,6.840776]]]]}},{"type":"Feature","properties":{"id":300,"is_edge":false,"Hex_area":8660.254,"row_index":25,"col_index":8},"geometry":{"type":"MultiPolygon","coordinates":[[[[79.866471,6.84033],[79.865953,6.84033],[79.865693,6.840776],[79.865953,6.841222],[79.866471,6.841222],[79.866731,6.840776],[79.866471,6.84033]]]]}},{"type":"Feature","properties":{"id":301,"is_edge":false,"Hex_area":8660.254,"row_index":25,"col_index":9},"geometry":{"type":"MultiPolygon","coordinates":[[[[79.867249,6.840776],[79.866731,6.840776],[79.866471,6.841222],[79.866731,6.841668],[79.867249,6.841668],[79.867509,6.841222],[79.867249,6.840776]]]]}},{"type":"Feature","properties":{"id":302,"is_edge":false,"Hex_area":8660.254,"row_index":25,"col_index":10},"geometry":{"type":"MultiPolygon","coordinates":[[[[79.868027,6.84033],[79.867509,6.84033],[79.867249,6.840776],[79.867509,6.841222],[79.868027,6.841222],[79.868287,6.840776],[79.868027,6.84033]]]]}},{"type":"Feature","properties":{"id":303,"is_edge":false,"Hex_area":8660.254,"row_index":25,"col_index":11},"geometry":{"type":"MultiPolygon","coordinates":[[[[79.868805,6.840776],[79.868287,6.840776],[79.868027,6.841222],[79.868287,6.841668],[79.868805,6.841668],[79.869065,6.841222],[79.868805,6.840776]]]]}},{"type":"Feature","properties":{"id":304,"is_edge":false,"Hex_area":8660.254,"row_index":25,"col_index":12},"geometry":{"type":"MultiPolygon","coordinates":[[[[79.869583,6.84033],[79.869065,6.84033],[79.868805,6.840776],[79.869065,6.841222],[79.869583,6.841222],[79.869843,6.840776],[79.869583,6.84033]]]]}},{"type":"Feature","properties":{"id":305,"is_edge":false,"Hex_area":8660.254,"row_index":25,"col_index":13},"geometry":{"type":"MultiPolygon","coordinates":[[[[79.870361,6.840776],[79.869843,6.840776],[79.869583,6.841222],[79.869843,6.841668],[79.870361,6.841668],[79.870621,6.841222],[79.870361,6.840776]]]]}},{"type":"Feature","properties":{"id":306,"is_edge":false,"Hex_area":8660.254,"row_index":25,"col_index":14},"geometry":{"type":"MultiPolygon","coordinates":[[[[79.871139,6.84033],[79.870621,6.84033],[79.870361,6.840776],[79.870621,6.841222],[79.871139,6.841222],[79.871399,6.840776],[79.871139,6.84033]]]]}},{"type":"Feature","properties":{"id":307,"is_edge":false,"Hex_area":8660.254,"row_index":25,"col_index":15},"geometry":{"type":"MultiPolygon","coordinates":[[[[79.871917,6.840776],[79.871399,6.840776],[79.871139,6.841222],[79.871399,6.841668],[79.871917,6.841668],[79.872176,6.841222],[79.871917,6.840776]]]]}},{"type":"Feature","properties":{"id":308,"is_edge":false,"Hex_area":8660.254,"row_index":25,"col_index":16},"geometry":{"type":"MultiPolygon","coordinates":[[[[79.872695,6.84033],[79.872176,6.84033],[79.871917,6.840776],[79.872176,6.841222],[79.872695,6.841222],[79.872954,6.840776],[79.872695,6.84033]]]]}},{"type":"Feature","properties":{"id":309,"is_edge":false,"Hex_area":8660.254,"row_index":25,"col_index":17},"geometry":{"type":"MultiPolygon","coordinates":[[[[79.873473,6.840776],[79.872954,6.840776],[79.872695,6.841222],[79.872954,6.841668],[79.873473,6.841668],[79.873732,6.841222],[79.873473,6.840776]]]]}},{"type":"Feature","properties":{"id":310,"is_edge":false,"Hex_area":8660.254,"row_index":25,"col_index":18},"geometry":{"type":"MultiPolygon","coordinates":[[[[79.874251,6.84033],[79.873732,6.84033],[79.873473,6.840776],[79.873732,6.841222],[79.874251,6.841222],[79.87451,6.840776],[79.874251,6.84033]]]]}},{"type":"Feature","properties":{"id":311,"is_edge":false,"Hex_area":8660.254,"row_index":25,"col_index":19},"geometry":{"type":"MultiPolygon","coordinates":[[[[79.875029,6.840776],[79.87451,6.840776],[79.874251,6.841222],[79.87451,6.841668],[79.875029,6.841668],[79.875288,6.841222],[79.875029,6.840776]]]]}},{"type":"Feature","properties":{"id":312,"is_edge":true,"Hex_area":3170.9636,"row_index":25,"col_index":20},"geometry":{"type":"MultiPolygon","coordinates":[[[[79.875029,6.840776],[79.875288,6.841222],[79.875656,6.841222],[79.875654,6.841217],[79.875634,6.841166],[79.875616,6.841122],[79.875599,6.84108],[79.875583,6.841041],[79.875568,6.841005],[79.875555,6.840971],[79.875542,6.840941],[79.875531,6.840912],[79.875521,6.840887],[79.875512,6.840865],[79.875504,6.840844],[79.875497,6.840827],[79.875492,6.840812],[79.875487,6.840799],[79.875483,6.840789],[79.875481,6.840781],[79.87548,6.840775],[79.875479,6.840772],[79.875477,6.840768],[79.875474,6.840762],[79.87547,6.840755],[79.875464,6.840746],[79.875457,6.840736],[79.875449,6.840724],[79.875439,6.840711],[79.875428,6.840697],[79.875416,6.840683],[79.875405,6.840669],[79.875393,6.840655],[79.875382,6.840642],[79.87537,6.840629],[79.875358,6.840616],[79.875346,6.840604],[79.875333,6.840592],[79.875317,6.840577],[79.875296,6.840558],[79.87527,6.840537],[79.875241,6.840513],[79.875206,6.840485],[79.875201,6.840481],[79.875029,6.840776]]]]}},{"type":"Feature","properties":{"id":313,"is_edge":true,"Hex_area":5466.5863,"row_index":26,"col_index":3},"geometry":{"type":"MultiPolygon","coordinates":[[[[79.862582,6.84256],[79.862841,6.842114],[79.862582,6.841668],[79.862309,6.841668],[79.862308,6.841675],[79.862299,6.841715],[79.862291,6.841753],[79.862282,6.841787],[79.862273,6.841819],[79.862263,6.841847],[79.862253,6.841872],[79.862243,6.841895],[79.862233,6.841914],[79.862224,6.841933],[79.862215,6.841952],[79.862207,6.84197],[79.8622,6.841989],[79.862194,6.842007],[79.862189,6.842025],[79.862185,6.842042],[79.862181,6.84206],[79.862178,6.842077],[79.862176,6.842094],[79.862175,6.842111],[79.862175,6.842127],[79.862175,6.842144],[79.862176,6.84216],[79.862178,6.842176],[79.862181,6.842191],[79.862183,6.842207],[79.862187,6.842222],[79.86219,6.842237],[79.862194,6.842251],[79.862197,6.842265],[79.862201,6.842279],[79.862206,6.842293],[79.86221,6.842306],[79.862214,6.84232],[79.862216,6.842335],[79.862218,6.842349],[79.862219,6.842365],[79.862219,6.84238],[79.862218,6.842396],[79.862216,6.842413],[79.862214,6.84243],[79.86221,6.842449],[79.862207,6.84247],[79.862202,6.842492],[79.862197,6.842517],[79.862191,6.842543],[79.862188,6.84256],[79.862582,6.84256]]]]}},{"type":"Feature","properties":{"id":314,"is_edge":false,"Hex_area":8660.254,"row_index":26,"col_index":4},"geometry":{"type":"MultiPolygon","coordinates":[[[[79.86336,6.841222],[79.862841,6.841222],[79.862582,6.841668],[79.862841,6.842114],[79.86336,6.842114],[79.863619,6.841668],[79.86336,6.841222]]]]}},{"type":"Feature","properties":{"id":315,"is_edge":false,"Hex_area":8660.254,"row_index":26,"col_index":5},"geometry":{"type":"MultiPolygon","coordinates":[[[[79.864138,6.841668],[79.863619,6.841668],[79.86336,6.842114],[79.863619,6.84256],[79.864138,6.84256],[79.864397,6.842114],[79.864138,6.841668]]]]}},{"type":"Feature","properties":{"id":316,"is_edge":false,"Hex_area":8660.254,"row_index":26,"col_index":6},"geometry":{"type":"MultiPolygon","coordinates":[[[[79.864915,6.841222],[79.864397,6.841222],[79.864138,6.841668],[79.864397,6.842114],[79.864915,6.842114],[79.865175,6.841668],[79.864915,6.841222]]]]}},{"type":"Feature","properties":{"id":317,"is_edge":false,"Hex_area":8660.254,"row_index":26,"col_index":7},"geometry":{"type":"MultiPolygon","coordinates":[[[[79.865693,6.841668],[79.865175,6.841668],[79.864915,6.842114],[79.865175,6.84256],[79.865693,6.84256],[79.865953,6.842114],[79.865693,6.841668]]]]}},{"type":"Feature","properties":{"id":318,"is_edge":false,"Hex_area":8660.254,"row_index":26,"col_index":8},"geometry":{"type":"MultiPolygon","coordinates":[[[[79.866471,6.841222],[79.865953,6.841222],[79.865693,6.841668],[79.865953,6.842114],[79.866471,6.842114],[79.866731,6.841668],[79.866471,6.841222]]]]}},{"type":"Feature","properties":{"id":319,"is_edge":false,"Hex_area":8660.254,"row_index":26,"col_index":9},"geometry":{"type":"MultiPolygon","coordinates":[[[[79.867249,6.841668],[79.866731,6.841668],[79.866471,6.842114],[79.866731,6.84256],[79.867249,6.84256],[79.867509,6.842114],[79.867249,6.841668]]]]}},{"type":"Feature","properties":{"id":320,"is_edge":false,"Hex_area":8660.254,"row_index":26,"col_index":10},"geometry":{"type":"MultiPolygon","coordinates":[[[[79.868027,6.841222],[79.867509,6.841222],[79.867249,6.841668],[79.867509,6.842114],[79.868027,6.842114],[79.868287,6.841668],[79.868027,6.841222]]]]}},{"type":"Feature","properties":{"id":321,"is_edge":false,"Hex_area":8660.254,"row_index":26,"col_index":11},"geometry":{"type":"MultiPolygon","coordinates":[[[[79.868805,6.841668],[79.868287,6.841668],[79.868027,6.842114],[79.868287,6.84256],[79.868805,6.84256],[79.869065,6.842114],[79.868805,6.841668]]]]}},{"type":"Feature","properties":{"id":322,"is_edge":false,"Hex_area":8660.254,"row_index":26,"col_index":12},"geometry":{"type":"MultiPolygon","coordinates":[[[[79.869583,6.841222],[79.869065,6.841222],[79.868805,6.841668],[79.869065,6.842114],[79.869583,6.842114],[79.869843,6.841668],[79.869583,6.841222]]]]}},{"type":"Feature","properties":{"id":323,"is_edge":false,"Hex_area":8660.254,"row_index":26,"col_index":13},"geometry":{"type":"MultiPolygon","coordinates":[[[[79.870361,6.841668],[79.869843,6.841668],[79.869583,6.842114],[79.869843,6.84256],[79.870361,6.84256],[79.870621,6.842114],[79.870361,6.841668]]]]}},{"type":"Feature","properties":{"id":324,"is_edge":false,"Hex_area":8660.254,"row_index":26,"col_index":14},"geometry":{"type":"MultiPolygon","coordinates":[[[[79.871139,6.841222],[79.870621,6.841222],[79.870361,6.841668],[79.870621,6.842114],[79.871139,6.842114],[79.871399,6.841668],[79.871139,6.841222]]]]}},{"type":"Feature","properties":{"id":325,"is_edge":false,"Hex_area":8660.254,"row_index":26,"col_index":15},"geometry":{"type":"MultiPolygon","coordinates":[[[[79.871917,6.841668],[79.871399,6.841668],[79.871139,6.842114],[79.871399,6.84256],[79.871917,6.84256],[79.872176,6.842114],[79.871917,6.841668]]]]}},{"type":"Feature","properties":{"id":326,"is_edge":false,"Hex_area":8660.254,"row_index":26,"col_index":16},"geometry":{"type":"MultiPolygon","coordinates":[[[[79.872695,6.841222],[79.872176,6.841222],[79.871917,6.841668],[79.872176,6.842114],[79.872695,6.842114],[79.872954,6.841668],[79.872695,6.841222]]]]}},{"type":"Feature","properties":{"id":327,"is_edge":false,"Hex_area":8660.254,"row_index":26,"col_index":17},"geometry":{"type":"MultiPolygon","coordinates":[[[[79.873473,6.841668],[79.872954,6.841668],[79.872695,6.842114],[79.872954,6.84256],[79.873473,6.84256],[79.873732,6.842114],[79.873473,6.841668]]]]}},{"type":"Feature","properties":{"id":328,"is_edge":false,"Hex_area":8660.254,"row_index":26,"col_index":18},"geometry":{"type":"MultiPolygon","coordinates":[[[[79.874251,6.841222],[79.873732,6.841222],[79.873473,6.841668],[79.873732,6.842114],[79.874251,6.842114],[79.87451,6.841668],[79.874251,6.841222]]]]}},{"type":"Feature","properties":{"id":329,"is_edge":false,"Hex_area":8660.254,"row_index":26,"col_index":19},"geometry":{"type":"MultiPolygon","coordinates":[[[[79.875029,6.841668],[79.87451,6.841668],[79.874251,6.842114],[79.87451,6.84256],[79.875029,6.84256],[79.875288,6.842114],[79.875029,6.841668]]]]}},{"type":"Feature","properties":{"id":330,"is_edge":true,"Hex_area":7231.5373,"row_index":26,"col_index":20},"geometry":{"type":"MultiPolygon","coordinates":[[[[79.875288,6.841222],[79.875029,6.841668],[79.875288,6.842114],[79.875807,6.842114],[79.875924,6.841912],[79.875906,6.841862],[79.875872,6.841772],[79.875833,6.841672],[79.875797,6.841579],[79.875763,6.841493],[79.875732,6.841413],[79.875704,6.841341],[79.875678,6.841276],[79.875656,6.841222],[79.875288,6.841222]]]]}},{"type":"Feature","properties":{"id":331,"is_edge":true,"Hex_area":592.1993,"row_index":26,"col_index":21},"geometry":{"type":"MultiPolygon","coordinates":[[[[79.875807,6.842114],[79.875939,6.842341],[79.87594,6.84234],[79.875945,6.842334],[79.875951,6.842328],[79.875957,6.842322],[79.875962,6.842316],[79.875968,6.84231],[79.875973,6.842304],[79.875978,6.842298],[79.875983,6.842292],[79.875989,6.842286],[79.875993,6.84228],[79.875998,6.842274],[79.876002,6.842269],[79.876005,6.842265],[79.876009,6.842262],[79.876011,6.842259],[79.876013,6.842257],[79.876015,6.842256],[79.876016,6.842255],[79.876016,6.842253],[79.876017,6.842248],[79.876017,6.842242],[79.876017,6.842234],[79.876016,6.842223],[79.876015,6.842211],[79.876014,6.842197],[79.876012,6.84218],[79.876006,6.842154],[79.875995,6.842116],[79.87598,6.842068],[79.87596,6.84201],[79.875935,6.841941],[79.875924,6.841912],[79.875807,6.842114]]]]}},{"type":"Feature","properties":{"id":332,"is_edge":true,"Hex_area":7097.6026,"row_index":27,"col_index":3},"geometry":{"type":"MultiPolygon","coordinates":[[[[79.862063,6.843452],[79.862582,6.843452],[79.862841,6.843006],[79.862582,6.84256],[79.862188,6.84256],[79.862185,6.842572],[79.862178,6.842602],[79.862171,6.842634],[79.862164,6.842665],[79.862157,6.842695],[79.86215,6.842724],[79.862143,6.842752],[79.862137,6.842779],[79.86213,6.842805],[79.862124,6.84283],[79.862118,6.842854],[79.862112,6.842877],[79.862105,6.842899],[79.862097,6.842921],[79.862089,6.842941],[79.862081,6.842962],[79.862072,6.842981],[79.862063,6.843],[79.862054,6.843018],[79.862045,6.843035],[79.862037,6.84305],[79.86203,6.843064],[79.862024,6.843076],[79.862019,6.843087],[79.862014,6.843097],[79.862011,6.843105],[79.862008,6.843112],[79.862005,6.84312],[79.862003,6.843129],[79.862001,6.84314],[79.861999,6.843152],[79.861998,6.843165],[79.861997,6.84318],[79.861995,6.843196],[79.861995,6.843214],[79.861994,6.84323],[79.861994,6.843247],[79.861995,6.843262],[79.861995,6.843277],[79.861997,6.843291],[79.861999,6.843305],[79.862001,6.843318],[79.862003,6.84333],[79.862006,6.843344],[79.862007,6.843356],[79.862063,6.843452]]]]}},{"type":"Feature","properties":{"id":333,"is_edge":false,"Hex_area":8660.254,"row_index":27,"col_index":4},"geometry":{"type":"MultiPolygon","coordinates":[[[[79.86336,6.842114],[79.862841,6.842114],[79.862582,6.84256],[79.862841,6.843006],[79.86336,6.843006],[79.863619,6.84256],[79.86336,6.842114]]]]}},{"type":"Feature","properties":{"id":334,"is_edge":false,"Hex_area":8660.254,"row_index":27,"col_index":5},"geometry":{"type":"MultiPolygon","coordinates":[[[[79.864138,6.84256],[79.863619,6.84256],[79.86336,6.843006],[79.863619,6.843452],[79.864138,6.843452],[79.864397,6.843006],[79.864138,6.84256]]]]}},{"type":"Feature","properties":{"id":335,"is_edge":false,"Hex_area":8660.254,"row_index":27,"col_index":6},"geometry":{"type":"MultiPolygon","coordinates":[[[[79.864915,6.842114],[79.864397,6.842114],[79.864138,6.84256],[79.864397,6.843006],[79.864915,6.843006],[79.865175,6.84256],[79.864915,6.842114]]]]}},{"type":"Feature","properties":{"id":336,"is_edge":false,"Hex_area":8660.254,"row_index":27,"col_index":7},"geometry":{"type":"MultiPolygon","coordinates":[[[[79.865693,6.84256],[79.865175,6.84256],[79.864915,6.843006],[79.865175,6.843452],[79.865693,6.843452],[79.865953,6.843006],[79.865693,6.84256]]]]}},{"type":"Feature","properties":{"id":337,"is_edge":false,"Hex_area":8660.254,"row_index":27,"col_index":8},"geometry":{"type":"MultiPolygon","coordinates":[[[[79.866471,6.842114],[79.865953,6.842114],[79.865693,6.84256],[79.865953,6.843006],[79.866471,6.843006],[79.866731,6.84256],[79.866471,6.842114]]]]}},{"type":"Feature","properties":{"id":338,"is_edge":false,"Hex_area":8660.254,"row_index":27,"col_index":9},"geometry":{"type":"MultiPolygon","coordinates":[[[[79.867249,6.84256],[79.866731,6.84256],[79.866471,6.843006],[79.866731,6.843452],[79.867249,6.843452],[79.867509,6.843006],[79.867249,6.84256]]]]}},{"type":"Feature","properties":{"id":339,"is_edge":false,"Hex_area":8660.254,"row_index":27,"col_index":10},"geometry":{"type":"MultiPolygon","coordinates":[[[[79.868027,6.842114],[79.867509,6.842114],[79.867249,6.84256],[79.867509,6.843006],[79.868027,6.843006],[79.868287,6.84256],[79.868027,6.842114]]]]}},{"type":"Feature","properties":{"id":340,"is_edge":false,"Hex_area":8660.254,"row_index":27,"col_index":11},"geometry":{"type":"MultiPolygon","coordinates":[[[[79.868805,6.84256],[79.868287,6.84256],[79.868027,6.843006],[79.868287,6.843452],[79.868805,6.843452],[79.869065,6.843006],[79.868805,6.84256]]]]}},{"type":"Feature","properties":{"id":341,"is_edge":false,"Hex_area":8660.254,"row_index":27,"col_index":12},"geometry":{"type":"MultiPolygon","coordinates":[[[[79.869583,6.842114],[79.869065,6.842114],[79.868805,6.84256],[79.869065,6.843006],[79.869583,6.843006],[79.869843,6.84256],[79.869583,6.842114]]]]}},{"type":"Feature","properties":{"id":342,"is_edge":false,"Hex_area":8660.254,"row_index":27,"col_index":13},"geometry":{"type":"MultiPolygon","coordinates":[[[[79.870361,6.84256],[79.869843,6.84256],[79.869583,6.843006],[79.869843,6.843452],[79.870361,6.843452],[79.870621,6.843006],[79.870361,6.84256]]]]}},{"type":"Feature","properties":{"id":343,"is_edge":false,"Hex_area":8660.254,"row_index":27,"col_index":14},"geometry":{"type":"MultiPolygon","coordinates":[[[[79.871139,6.842114],[79.870621,6.842114],[79.870361,6.84256],[79.870621,6.843006],[79.871139,6.843006],[79.871399,6.84256],[79.871139,6.842114]]]]}},{"type":"Feature","properties":{"id":344,"is_edge":false,"Hex_area":8660.254,"row_index":27,"col_index":15},"geometry":{"type":"MultiPolygon","coordinates":[[[[79.871917,6.84256],[79.871399,6.84256],[79.871139,6.843006],[79.871399,6.843452],[79.871917,6.843452],[79.872176,6.843006],[79.871917,6.84256]]]]}},{"type":"Feature","properties":{"id":345,"is_edge":false,"Hex_area":8660.254,"row_index":27,"col_index":16},"geometry":{"type":"MultiPolygon","coordinates":[[[[79.872695,6.842114],[79.872176,6.842114],[79.871917,6.84256],[79.872176,6.843006],[79.872695,6.843006],[79.872954,6.84256],[79.872695,6.842114]]]]}},{"type":"Feature","properties":{"id":346,"is_edge":false,"Hex_area":8660.254,"row_index":27,"col_index":17},"geometry":{"type":"MultiPolygon","coordinates":[[[[79.873473,6.84256],[79.872954,6.84256],[79.872695,6.843006],[79.872954,6.843452],[79.873473,6.843452],[79.873732,6.843006],[79.873473,6.84256]]]]}},{"type":"Feature","properties":{"id":347,"is_edge":false,"Hex_area":8660.254,"row_index":27,"col_index":18},"geometry":{"type":"MultiPolygon","coordinates":[[[[79.874251,6.842114],[79.873732,6.842114],[79.873473,6.84256],[79.873732,6.843006],[79.874251,6.843006],[79.87451,6.84256],[79.874251,6.842114]]]]}},{"type":"Feature","properties":{"id":348,"is_edge":false,"Hex_area":8660.254,"row_index":27,"col_index":19},"geometry":{"type":"MultiPolygon","coordinates":[[[[79.875029,6.84256],[79.87451,6.84256],[79.874251,6.843006],[79.87451,6.843452],[79.875029,6.843452],[79.875288,6.843006],[79.875029,6.84256]]]]}},{"type":"Feature","properties":{"id":349,"is_edge":true,"Hex_area":7674.3045,"row_index":27,"col_index":20},"geometry":{"type":"MultiPolygon","coordinates":[[[[79.875807,6.842114],[79.875288,6.842114],[79.875029,6.84256],[79.875288,6.843006],[79.875767,6.843006],[79.875778,6.842955],[79.875794,6.842883],[79.875808,6.842816],[79.875821,6.842755],[79.875833,6.8427],[79.875844,6.84265],[79.875853,6.842606],[79.875861,6.842568],[79.875868,6.842534],[79.875874,6.842505],[79.875879,6.84248],[79.875883,6.84246],[79.875886,6.842444],[79.875888,6.842433],[79.875889,6.842426],[79.875889,6.842424],[79.87589,6.842421],[79.875891,6.842417],[79.875893,6.842413],[79.875896,6.842408],[79.875898,6.842402],[79.875902,6.842396],[79.875906,6.842389],[79.87591,6.842382],[79.875915,6.842374],[79.875919,6.842367],[79.875924,6.84236],[79.875929,6.842353],[79.875935,6.842347],[79.875939,6.842341],[79.875807,6.842114]]]]}},{"type":"Feature","properties":{"id":350,"is_edge":true,"Hex_area":68.1309,"row_index":28,"col_index":2},"geometry":{"type":"MultiPolygon","coordinates":[[[[79.862063,6.843452],[79.862007,6.843356],[79.862007,6.843359],[79.862008,6.843376],[79.862009,6.843394],[79.862009,6.843413],[79.862009,6.843434],[79.862008,6.843457],[79.862007,6.843481],[79.862005,6.843505],[79.862003,6.843528],[79.862,6.843552],[79.861998,6.843563],[79.862063,6.843452]]]]}},{"type":"Feature","properties":{"id":351,"is_edge":true,"Hex_area":8220.7345,"row_index":28,"col_index":3},"geometry":{"type":"MultiPolygon","coordinates":[[[[79.862063,6.844344],[79.862582,6.844344],[79.862841,6.843898],[79.862582,6.843452],[79.862063,6.843452],[79.861998,6.843563],[79.861996,6.843576],[79.861993,6.8436],[79.861988,6.843623],[79.861983,6.843647],[79.861978,6.84367],[79.861973,6.843693],[79.861968,6.843716],[79.861964,6.843738],[79.861959,6.843759],[79.861955,6.84378],[79.861952,6.843801],[79.861948,6.843821],[79.861945,6.843841],[79.861942,6.84386],[79.861939,6.84388],[79.861937,6.843899],[79.861935,6.843918],[79.861932,6.843937],[79.86193,6.843955],[79.861929,6.843974],[79.861927,6.843992],[79.861926,6.844013],[79.861925,6.844037],[79.861925,6.844063],[79.861925,6.844092],[79.861925,6.844106],[79.862063,6.844344]]]]}},{"type":"Feature","properties":{"id":352,"is_edge":false,"Hex_area":8660.254,"row_index":28,"col_index":4},"geometry":{"type":"MultiPolygon","coordinates":[[[[79.86336,6.843006],[79.862841,6.843006],[79.862582,6.843452],[79.862841,6.843898],[79.86336,6.843898],[79.863619,6.843452],[79.86336,6.843006]]]]}},{"type":"Feature","properties":{"id":353,"is_edge":false,"Hex_area":8660.254,"row_index":28,"col_index":5},"geometry":{"type":"MultiPolygon","coordinates":[[[[79.864138,6.843452],[79.863619,6.843452],[79.86336,6.843898],[79.863619,6.844344],[79.864138,6.844344],[79.864397,6.843898],[79.864138,6.843452]]]]}},{"type":"Feature","properties":{"id":354,"is_edge":false,"Hex_area":8660.254,"row_index":28,"col_index":6},"geometry":{"type":"MultiPolygon","coordinates":[[[[79.864915,6.843006],[79.864397,6.843006],[79.864138,6.843452],[79.864397,6.843898],[79.864915,6.843898],[79.865175,6.843452],[79.864915,6.843006]]]]}},{"type":"Feature","properties":{"id":355,"is_edge":false,"Hex_area":8660.254,"row_index":28,"col_index":7},"geometry":{"type":"MultiPolygon","coordinates":[[[[79.865693,6.843452],[79.865175,6.843452],[79.864915,6.843898],[79.865175,6.844344],[79.865693,6.844344],[79.865953,6.843898],[79.865693,6.843452]]]]}},{"type":"Feature","properties":{"id":356,"is_edge":false,"Hex_area":8660.254,"row_index":28,"col_index":8},"geometry":{"type":"MultiPolygon","coordinates":[[[[79.866471,6.843006],[79.865953,6.843006],[79.865693,6.843452],[79.865953,6.843898],[79.866471,6.843898],[79.866731,6.843452],[79.866471,6.843006]]]]}},{"type":"Feature","properties":{"id":357,"is_edge":false,"Hex_area":8660.254,"row_index":28,"col_index":9},"geometry":{"type":"MultiPolygon","coordinates":[[[[79.867249,6.843452],[79.866731,6.843452],[79.866471,6.843898],[79.866731,6.844344],[79.867249,6.844344],[79.867509,6.843898],[79.867249,6.843452]]]]}},{"type":"Feature","properties":{"id":358,"is_edge":false,"Hex_area":8660.254,"row_index":28,"col_index":10},"geometry":{"type":"MultiPolygon","coordinates":[[[[79.868027,6.843006],[79.867509,6.843006],[79.867249,6.843452],[79.867509,6.843898],[79.868027,6.843898],[79.868287,6.843452],[79.868027,6.843006]]]]}},{"type":"Feature","properties":{"id":359,"is_edge":false,"Hex_area":8660.254,"row_index":28,"col_index":11},"geometry":{"type":"MultiPolygon","coordinates":[[[[79.868805,6.843452],[79.868287,6.843452],[79.868027,6.843898],[79.868287,6.844344],[79.868805,6.844344],[79.869065,6.843898],[79.868805,6.843452]]]]}},{"type":"Feature","properties":{"id":360,"is_edge":false,"Hex_area":8660.254,"row_index":28,"col_index":12},"geometry":{"type":"MultiPolygon","coordinates":[[[[79.869583,6.843006],[79.869065,6.843006],[79.868805,6.843452],[79.869065,6.843898],[79.869583,6.843898],[79.869843,6.843452],[79.869583,6.843006]]]]}},{"type":"Feature","properties":{"id":361,"is_edge":false,"Hex_area":8660.254,"row_index":28,"col_index":13},"geometry":{"type":"MultiPolygon","coordinates":[[[[79.870361,6.843452],[79.869843,6.843452],[79.869583,6.843898],[79.869843,6.844344],[79.870361,6.844344],[79.870621,6.843898],[79.870361,6.843452]]]]}},{"type":"Feature","properties":{"id":362,"is_edge":false,"Hex_area":8660.254,"row_index":28,"col_index":14},"geometry":{"type":"MultiPolygon","coordinates":[[[[79.871139,6.843006],[79.870621,6.843006],[79.870361,6.843452],[79.870621,6.843898],[79.871139,6.843898],[79.871399,6.843452],[79.871139,6.843006]]]]}},{"type":"Feature","properties":{"id":363,"is_edge":false,"Hex_area":8660.254,"row_index":28,"col_index":15},"geometry":{"type":"MultiPolygon","coordinates":[[[[79.871917,6.843452],[79.871399,6.843452],[79.871139,6.843898],[79.871399,6.844344],[79.871917,6.844344],[79.872176,6.843898],[79.871917,6.843452]]]]}},{"type":"Feature","properties":{"id":364,"is_edge":false,"Hex_area":8660.254,"row_index":28,"col_index":16},"geometry":{"type":"MultiPolygon","coordinates":[[[[79.872695,6.843006],[79.872176,6.843006],[79.871917,6.843452],[79.872176,6.843898],[79.872695,6.843898],[79.872954,6.843452],[79.872695,6.843006]]]]}},{"type":"Feature","properties":{"id":365,"is_edge":false,"Hex_area":8660.254,"row_index":28,"col_index":17},"geometry":{"type":"MultiPolygon","coordinates":[[[[79.873473,6.843452],[79.872954,6.843452],[79.872695,6.843898],[79.872954,6.844344],[79.873473,6.844344],[79.873732,6.843898],[79.873473,6.843452]]]]}},{"type":"Feature","properties":{"id":366,"is_edge":false,"Hex_area":8660.254,"row_index":28,"col_index":18},"geometry":{"type":"MultiPolygon","coordinates":[[[[79.874251,6.843006],[79.873732,6.843006],[79.873473,6.843452],[79.873732,6.843898],[79.874251,6.843898],[79.87451,6.843452],[79.874251,6.843006]]]]}},{"type":"Feature","properties":{"id":367,"is_edge":false,"Hex_area":8660.254,"row_index":28,"col_index":19},"geometry":{"type":"MultiPolygon","coordinates":[[[[79.875029,6.843452],[79.87451,6.843452],[79.874251,6.843898],[79.87451,6.844344],[79.875029,6.844344],[79.875288,6.843898],[79.875029,6.843452]]]]}},{"type":"Feature","properties":{"id":368,"is_edge":true,"Hex_area":5873.5303,"row_index":28,"col_index":20},"geometry":{"type":"MultiPolygon","coordinates":[[[[79.875288,6.843006],[79.875029,6.843452],[79.875288,6.843898],[79.875624,6.843898],[79.875626,6.84388],[79.875638,6.843775],[79.87565,6.843673],[79.875663,6.843574],[79.875678,6.843477],[79.875693,6.843383],[79.875709,6.843292],[79.875725,6.843203],[79.875743,6.843116],[79.875761,6.843033],[79.875767,6.843006],[79.875288,6.843006]]]]}},{"type":"Feature","properties":{"id":369,"is_edge":true,"Hex_area":343.0693,"row_index":29,"col_index":2},"geometry":{"type":"MultiPolygon","coordinates":[[[[79.862063,6.844344],[79.861925,6.844106],[79.861925,6.844124],[79.861926,6.844158],[79.861927,6.844195],[79.861929,6.844235],[79.86193,6.844272],[79.861933,6.844308],[79.861935,6.844342],[79.861937,6.844374],[79.86194,6.844404],[79.861943,6.844433],[79.861947,6.844459],[79.86195,6.844484],[79.861952,6.844508],[79.861953,6.844533],[79.861953,6.844533],[79.862063,6.844344]]]]}},{"type":"Feature","properties":{"id":370,"is_edge":true,"Hex_area":8464.438,"row_index":29,"col_index":3},"geometry":{"type":"MultiPolygon","coordinates":[[[[79.862063,6.845236],[79.862582,6.845236],[79.862841,6.84479],[79.862582,6.844344],[79.862063,6.844344],[79.861953,6.844533],[79.861952,6.844557],[79.861949,6.844582],[79.861945,6.844606],[79.861939,6.844631],[79.861931,6.844655],[79.861923,6.84468],[79.861914,6.844703],[79.861906,6.844727],[79.861898,6.84475],[79.86189,6.844772],[79.861883,6.844794],[79.861876,6.844815],[79.861869,6.844835],[79.861863,6.844856],[79.861857,6.844875],[79.861856,6.84488],[79.862063,6.845236]]]]}},{"type":"Feature","properties":{"id":371,"is_edge":false,"Hex_area":8660.254,"row_index":29,"col_index":4},"geometry":{"type":"MultiPolygon","coordinates":[[[[79.86336,6.843898],[79.862841,6.843898],[79.862582,6.844344],[79.862841,6.84479],[79.86336,6.84479],[79.863619,6.844344],[79.86336,6.843898]]]]}},{"type":"Feature","properties":{"id":372,"is_edge":false,"Hex_area":8660.254,"row_index":29,"col_index":5},"geometry":{"type":"MultiPolygon","coordinates":[[[[79.864138,6.844344],[79.863619,6.844344],[79.86336,6.84479],[79.863619,6.845236],[79.864138,6.845236],[79.864397,6.84479],[79.864138,6.844344]]]]}},{"type":"Feature","properties":{"id":373,"is_edge":false,"Hex_area":8660.254,"row_index":29,"col_index":6},"geometry":{"type":"MultiPolygon","coordinates":[[[[79.864915,6.843898],[79.864397,6.843898],[79.864138,6.844344],[79.864397,6.84479],[79.864915,6.84479],[79.865175,6.844344],[79.864915,6.843898]]]]}},{"type":"Feature","properties":{"id":374,"is_edge":false,"Hex_area":8660.254,"row_index":29,"col_index":7},"geometry":{"type":"MultiPolygon","coordinates":[[[[79.865693,6.844344],[79.865175,6.844344],[79.864915,6.84479],[79.865175,6.845236],[79.865693,6.845236],[79.865953,6.84479],[79.865693,6.844344]]]]}},{"type":"Feature","properties":{"id":375,"is_edge":false,"Hex_area":8660.254,"row_index":29,"col_index":8},"geometry":{"type":"MultiPolygon","coordinates":[[[[79.866471,6.843898],[79.865953,6.843898],[79.865693,6.844344],[79.865953,6.84479],[79.866471,6.84479],[79.866731,6.844344],[79.866471,6.843898]]]]}},{"type":"Feature","properties":{"id":376,"is_edge":false,"Hex_area":8660.254,"row_index":29,"col_index":9},"geometry":{"type":"MultiPolygon","coordinates":[[[[79.867249,6.844344],[79.866731,6.844344],[79.866471,6.84479],[79.866731,6.845236],[79.867249,6.845236],[79.867509,6.84479],[79.867249,6.844344]]]]}},{"type":"Feature","properties":{"id":377,"is_edge":false,"Hex_area":8660.254,"row_index":29,"col_index":10},"geometry":{"type":"MultiPolygon","coordinates":[[[[79.868027,6.843898],[79.867509,6.843898],[79.867249,6.844344],[79.867509,6.84479],[79.868027,6.84479],[79.868287,6.844344],[79.868027,6.843898]]]]}},{"type":"Feature","properties":{"id":378,"is_edge":false,"Hex_area":8660.254,"row_index":29,"col_index":11},"geometry":{"type":"MultiPolygon","coordinates":[[[[79.868805,6.844344],[79.868287,6.844344],[79.868027,6.84479],[79.868287,6.845236],[79.868805,6.845236],[79.869065,6.84479],[79.868805,6.844344]]]]}},{"type":"Feature","properties":{"id":379,"is_edge":false,"Hex_area":8660.254,"row_index":29,"col_index":12},"geometry":{"type":"MultiPolygon","coordinates":[[[[79.869583,6.843898],[79.869065,6.843898],[79.868805,6.844344],[79.869065,6.84479],[79.869583,6.84479],[79.869843,6.844344],[79.869583,6.843898]]]]}},{"type":"Feature","properties":{"id":380,"is_edge":false,"Hex_area":8660.254,"row_index":29,"col_index":13},"geometry":{"type":"MultiPolygon","coordinates":[[[[79.870361,6.844344],[79.869843,6.844344],[79.869583,6.84479],[79.869843,6.845236],[79.870361,6.845236],[79.870621,6.84479],[79.870361,6.844344]]]]}},{"type":"Feature","properties":{"id":381,"is_edge":false,"Hex_area":8660.254,"row_index":29,"col_index":14},"geometry":{"type":"MultiPolygon","coordinates":[[[[79.871139,6.843898],[79.870621,6.843898],[79.870361,6.844344],[79.870621,6.84479],[79.871139,6.84479],[79.871399,6.844344],[79.871139,6.843898]]]]}},{"type":"Feature","properties":{"id":382,"is_edge":false,"Hex_area":8660.254,"row_index":29,"col_index":15},"geometry":{"type":"MultiPolygon","coordinates":[[[[79.871917,6.844344],[79.871399,6.844344],[79.871139,6.84479],[79.871399,6.845236],[79.871917,6.845236],[79.872176,6.84479],[79.871917,6.844344]]]]}},{"type":"Feature","properties":{"id":383,"is_edge":false,"Hex_area":8660.254,"row_index":29,"col_index":16},"geometry":{"type":"MultiPolygon","coordinates":[[[[79.872695,6.843898],[79.872176,6.843898],[79.871917,6.844344],[79.872176,6.84479],[79.872695,6.84479],[79.872954,6.844344],[79.872695,6.843898]]]]}},{"type":"Feature","properties":{"id":384,"is_edge":true,"Hex_area":6173.2,"row_index":29,"col_index":17},"geometry":{"type":"MultiPolygon","coordinates":[[[[79.873732,6.84479],[79.873473,6.844344],[79.872954,6.844344],[79.872695,6.84479],[79.872861,6.845074],[79.872983,6.845033],[79.873104,6.844993],[79.873216,6.844956],[79.873319,6.844922],[79.873413,6.844893],[79.873498,6.844867],[79.873573,6.844844],[79.873639,6.844826],[79.873696,6.84481],[79.873725,6.844803],[79.873732,6.84479]]]]}},{"type":"Feature","properties":{"id":385,"is_edge":true,"Hex_area":8174.7547,"row_index":29,"col_index":18},"geometry":{"type":"MultiPolygon","coordinates":[[[[79.87451,6.844344],[79.874251,6.843898],[79.873732,6.843898],[79.873473,6.844344],[79.873732,6.84479],[79.873772,6.84479],[79.873821,6.844776],[79.873888,6.844758],[79.873959,6.844738],[79.874033,6.844716],[79.874111,6.844694],[79.874192,6.84467],[79.874277,6.844645],[79.874347,6.844625],[79.87451,6.844344]]]]}},{"type":"Feature","properties":{"id":386,"is_edge":true,"Hex_area":1246.6621,"row_index":29,"col_index":19},"geometry":{"type":"MultiPolygon","coordinates":[[[[79.875029,6.844344],[79.87451,6.844344],[79.874347,6.844625],[79.874367,6.844619],[79.874462,6.84459],[79.874563,6.84456],[79.874668,6.844528],[79.874779,6.844494],[79.874895,6.844459],[79.875016,6.844422],[79.875065,6.844406],[79.875029,6.844344]]]]}},{"type":"Feature","properties":{"id":387,"is_edge":true,"Hex_area":2463.6395,"row_index":29,"col_index":20},"geometry":{"type":"MultiPolygon","coordinates":[[[[79.875288,6.843898],[79.875029,6.844344],[79.875065,6.844406],[79.875142,6.844382],[79.875242,6.844378],[79.875318,6.844356],[79.875443,6.844322],[79.875587,6.844234],[79.875597,6.844121],[79.875615,6.843993],[79.875624,6.843898],[79.875288,6.843898]]]]}},{"type":"Feature","properties":{"id":388,"is_edge":true,"Hex_area":1943.8654,"row_index":30,"col_index":2},"geometry":{"type":"MultiPolygon","coordinates":[[[[79.861804,6.845682],[79.862063,6.845236],[79.861856,6.84488],[79.861852,6.844893],[79.861848,6.844909],[79.861844,6.844925],[79.861841,6.84494],[79.861838,6.844953],[79.861836,6.844966],[79.861835,6.844977],[79.861831,6.844997],[79.861824,6.845026],[79.861814,6.845063],[79.861801,6.845109],[79.861785,6.845163],[79.861766,6.845227],[79.861744,6.845298],[79.86172,6.845378],[79.861698,6.845455],[79.861681,6.845527],[79.861666,6.845596],[79.861655,6.845661],[79.861653,6.845682],[79.861804,6.845682]]]]}},{"type":"Feature","properties":{"id":389,"is_edge":false,"Hex_area":8660.254,"row_index":30,"col_index":3},"geometry":{"type":"MultiPolygon","coordinates":[[[[79.862582,6.845236],[79.862063,6.845236],[79.861804,6.845682],[79.862063,6.846128],[79.862582,6.846128],[79.862841,6.845682],[79.862582,6.845236]]]]}},{"type":"Feature","properties":{"id":390,"is_edge":false,"Hex_area":8660.254,"row_index":30,"col_index":4},"geometry":{"type":"MultiPolygon","coordinates":[[[[79.86336,6.84479],[79.862841,6.84479],[79.862582,6.845236],[79.862841,6.845682],[79.86336,6.845682],[79.863619,6.845236],[79.86336,6.84479]]]]}},{"type":"Feature","properties":{"id":391,"is_edge":false,"Hex_area":8660.254,"row_index":30,"col_index":5},"geometry":{"type":"MultiPolygon","coordinates":[[[[79.864138,6.845236],[79.863619,6.845236],[79.86336,6.845682],[79.863619,6.846128],[79.864138,6.846128],[79.864397,6.845682],[79.864138,6.845236]]]]}},{"type":"Feature","properties":{"id":392,"is_edge":false,"Hex_area":8660.254,"row_index":30,"col_index":6},"geometry":{"type":"MultiPolygon","coordinates":[[[[79.864915,6.84479],[79.864397,6.84479],[79.864138,6.845236],[79.864397,6.845682],[79.864915,6.845682],[79.865175,6.845236],[79.864915,6.84479]]]]}},{"type":"Feature","properties":{"id":393,"is_edge":false,"Hex_area":8660.254,"row_index":30,"col_index":7},"geometry":{"type":"MultiPolygon","coordinates":[[[[79.865693,6.845236],[79.865175,6.845236],[79.864915,6.845682],[79.865175,6.846128],[79.865693,6.846128],[79.865953,6.845682],[79.865693,6.845236]]]]}},{"type":"Feature","properties":{"id":394,"is_edge":false,"Hex_area":8660.254,"row_index":30,"col_index":8},"geometry":{"type":"MultiPolygon","coordinates":[[[[79.866471,6.84479],[79.865953,6.84479],[79.865693,6.845236],[79.865953,6.845682],[79.866471,6.845682],[79.866731,6.845236],[79.866471,6.84479]]]]}},{"type":"Feature","properties":{"id":395,"is_edge":false,"Hex_area":8660.254,"row_index":30,"col_index":9},"geometry":{"type":"MultiPolygon","coordinates":[[[[79.867249,6.845236],[79.866731,6.845236],[79.866471,6.845682],[79.866731,6.846128],[79.867249,6.846128],[79.867509,6.845682],[79.867249,6.845236]]]]}},{"type":"Feature","properties":{"id":396,"is_edge":false,"Hex_area":8660.254,"row_index":30,"col_index":10},"geometry":{"type":"MultiPolygon","coordinates":[[[[79.868027,6.84479],[79.867509,6.84479],[79.867249,6.845236],[79.867509,6.845682],[79.868027,6.845682],[79.868287,6.845236],[79.868027,6.84479]]]]}},{"type":"Feature","properties":{"id":397,"is_edge":false,"Hex_area":8660.254,"row_index":30,"col_index":11},"geometry":{"type":"MultiPolygon","coordinates":[[[[79.868805,6.845236],[79.868287,6.845236],[79.868027,6.845682],[79.868287,6.846128],[79.868805,6.846128],[79.869065,6.845682],[79.868805,6.845236]]]]}},{"type":"Feature","properties":{"id":398,"is_edge":false,"Hex_area":8660.254,"row_index":30,"col_index":12},"geometry":{"type":"MultiPolygon","coordinates":[[[[79.869583,6.84479],[79.869065,6.84479],[79.868805,6.845236],[79.869065,6.845682],[79.869583,6.845682],[79.869843,6.845236],[79.869583,6.84479]]]]}},{"type":"Feature","properties":{"id":399,"is_edge":false,"Hex_area":8660.254,"row_index":30,"col_index":13},"geometry":{"type":"MultiPolygon","coordinates":[[[[79.870361,6.845236],[79.869843,6.845236],[79.869583,6.845682],[79.869843,6.846128],[79.870361,6.846128],[79.870621,6.845682],[79.870361,6.845236]]]]}},{"type":"Feature","properties":{"id":400,"is_edge":false,"Hex_area":8660.254,"row_index":30,"col_index":14},"geometry":{"type":"MultiPolygon","coordinates":[[[[79.871139,6.84479],[79.870621,6.84479],[79.870361,6.845236],[79.870621,6.845682],[79.871139,6.845682],[79.871399,6.845236],[79.871139,6.84479]]]]}},{"type":"Feature","properties":{"id":401,"is_edge":true,"Hex_area":5171.2788,"row_index":30,"col_index":15},"geometry":{"type":"MultiPolygon","coordinates":[[[[79.871917,6.845236],[79.871399,6.845236],[79.871139,6.845682],[79.871345,6.846036],[79.871411,6.845977],[79.871486,6.845913],[79.871562,6.845848],[79.871642,6.845784],[79.871724,6.845719],[79.871808,6.845654],[79.871894,6.845589],[79.871983,6.845524],[79.872055,6.845473],[79.871917,6.845236]]]]}},{"type":"Feature","properties":{"id":402,"is_edge":true,"Hex_area":4597.6014,"row_index":30,"col_index":16},"geometry":{"type":"MultiPolygon","coordinates":[[[[79.872695,6.84479],[79.872176,6.84479],[79.871917,6.845236],[79.872055,6.845473],[79.872075,6.845459],[79.872171,6.845397],[79.872272,6.845337],[79.872379,6.84528],[79.87249,6.845225],[79.872605,6.845173],[79.872726,6.845124],[79.872852,6.845077],[79.872861,6.845074],[79.872695,6.84479]]]]}},{"type":"Feature","properties":{"id":403,"is_edge":true,"Hex_area":3.2074,"row_index":30,"col_index":18},"geometry":{"type":"MultiPolygon","coordinates":[[[[79.873732,6.84479],[79.873725,6.844803],[79.873757,6.844794],[79.873772,6.84479],[79.873732,6.84479]]]]}},{"type":"Feature","properties":{"id":404,"is_edge":true,"Hex_area":2854.1884,"row_index":31,"col_index":2},"geometry":{"type":"MultiPolygon","coordinates":[[[[79.861804,6.846574],[79.862063,6.846128],[79.861804,6.845682],[79.861653,6.845682],[79.861648,6.845722],[79.861644,6.845779],[79.861643,6.845832],[79.861646,6.845881],[79.861649,6.84593],[79.861654,6.84598],[79.861659,6.84603],[79.861665,6.84608],[79.861673,6.84613],[79.861681,6.846181],[79.861689,6.846231],[79.861699,6.846282],[79.861707,6.846338],[79.861712,6.846399],[79.861714,6.846465],[79.861714,6.846536],[79.861713,6.846574],[79.861804,6.846574]]]]}},{"type":"Feature","properties":{"id":405,"is_edge":false,"Hex_area":8660.254,"row_index":31,"col_index":3},"geometry":{"type":"MultiPolygon","coordinates":[[[[79.862582,6.846128],[79.862063,6.846128],[79.861804,6.846574],[79.862063,6.847019],[79.862582,6.847019],[79.862841,6.846574],[79.862582,6.846128]]]]}},{"type":"Feature","properties":{"id":406,"is_edge":false,"Hex_area":8660.254,"row_index":31,"col_index":4},"geometry":{"type":"MultiPolygon","coordinates":[[[[79.86336,6.845682],[79.862841,6.845682],[79.862582,6.846128],[79.862841,6.846574],[79.86336,6.846574],[79.863619,6.846128],[79.86336,6.845682]]]]}},{"type":"Feature","properties":{"id":407,"is_edge":false,"Hex_area":8660.254,"row_index":31,"col_index":5},"geometry":{"type":"MultiPolygon","coordinates":[[[[79.864138,6.846128],[79.863619,6.846128],[79.86336,6.846574],[79.863619,6.847019],[79.864138,6.847019],[79.864397,6.846574],[79.864138,6.846128]]]]}},{"type":"Feature","properties":{"id":408,"is_edge":false,"Hex_area":8660.254,"row_index":31,"col_index":6},"geometry":{"type":"MultiPolygon","coordinates":[[[[79.864915,6.845682],[79.864397,6.845682],[79.864138,6.846128],[79.864397,6.846574],[79.864915,6.846574],[79.865175,6.846128],[79.864915,6.845682]]]]}},{"type":"Feature","properties":{"id":409,"is_edge":false,"Hex_area":8660.254,"row_index":31,"col_index":7},"geometry":{"type":"MultiPolygon","coordinates":[[[[79.865693,6.846128],[79.865175,6.846128],[79.864915,6.846574],[79.865175,6.847019],[79.865693,6.847019],[79.865953,6.846574],[79.865693,6.846128]]]]}},{"type":"Feature","properties":{"id":410,"is_edge":false,"Hex_area":8660.254,"row_index":31,"col_index":8},"geometry":{"type":"MultiPolygon","coordinates":[[[[79.866471,6.845682],[79.865953,6.845682],[79.865693,6.846128],[79.865953,6.846574],[79.866471,6.846574],[79.866731,6.846128],[79.866471,6.845682]]]]}},{"type":"Feature","properties":{"id":411,"is_edge":false,"Hex_area":8660.254,"row_index":31,"col_index":9},"geometry":{"type":"MultiPolygon","coordinates":[[[[79.867249,6.846128],[79.866731,6.846128],[79.866471,6.846574],[79.866731,6.847019],[79.867249,6.847019],[79.867509,6.846574],[79.867249,6.846128]]]]}},{"type":"Feature","properties":{"id":412,"is_edge":false,"Hex_area":8660.254,"row_index":31,"col_index":10},"geometry":{"type":"MultiPolygon","coordinates":[[[[79.868027,6.845682],[79.867509,6.845682],[79.867249,6.846128],[79.867509,6.846574],[79.868027,6.846574],[79.868287,6.846128],[79.868027,6.845682]]]]}},{"type":"Feature","properties":{"id":413,"is_edge":false,"Hex_area":8660.254,"row_index":31,"col_index":11},"geometry":{"type":"MultiPolygon","coordinates":[[[[79.868805,6.846128],[79.868287,6.846128],[79.868027,6.846574],[79.868287,6.847019],[79.868805,6.847019],[79.869065,6.846574],[79.868805,6.846128]]]]}},{"type":"Feature","properties":{"id":414,"is_edge":false,"Hex_area":8660.254,"row_index":31,"col_index":12},"geometry":{"type":"MultiPolygon","coordinates":[[[[79.869583,6.845682],[79.869065,6.845682],[79.868805,6.846128],[79.869065,6.846574],[79.869583,6.846574],[79.869843,6.846128],[79.869583,6.845682]]]]}},{"type":"Feature","properties":{"id":415,"is_edge":false,"Hex_area":8660.254,"row_index":31,"col_index":13},"geometry":{"type":"MultiPolygon","coordinates":[[[[79.870361,6.846128],[79.869843,6.846128],[79.869583,6.846574],[79.869843,6.847019],[79.870361,6.847019],[79.870621,6.846574],[79.870361,6.846128]]]]}},{"type":"Feature","properties":{"id":416,"is_edge":true,"Hex_area":7167.6624,"row_index":31,"col_index":14},"geometry":{"type":"MultiPolygon","coordinates":[[[[79.871139,6.845682],[79.870621,6.845682],[79.870361,6.846128],[79.870621,6.846574],[79.870811,6.846574],[79.870812,6.846572],[79.870828,6.846552],[79.870846,6.84653],[79.870867,6.846506],[79.870891,6.846479],[79.870917,6.84645],[79.870946,6.846418],[79.870977,6.846385],[79.871014,6.846347],[79.871055,6.846306],[79.871102,6.846261],[79.871154,6.846212],[79.87121,6.846159],[79.871272,6.846102],[79.871339,6.846042],[79.871345,6.846036],[79.871139,6.845682]]]]}},{"type":"Feature","properties":{"id":417,"is_edge":true,"Hex_area":2874.5116,"row_index":32,"col_index":2},"geometry":{"type":"MultiPolygon","coordinates":[[[[79.861804,6.847465],[79.862063,6.847019],[79.861804,6.846574],[79.861713,6.846574],[79.861712,6.846611],[79.861707,6.846692],[79.861699,6.846777],[79.861689,6.846867],[79.861681,6.84695],[79.861673,6.847025],[79.861667,6.847093],[79.861661,6.847153],[79.861657,6.847205],[79.861654,6.84725],[79.861652,6.847287],[79.861651,6.847317],[79.861649,6.847344],[79.861647,6.847369],[79.861644,6.847391],[79.86164,6.847412],[79.861635,6.84743],[79.86163,6.847446],[79.861624,6.84746],[79.86162,6.847465],[79.861804,6.847465]]]]}},{"type":"Feature","properties":{"id":418,"is_edge":false,"Hex_area":8660.254,"row_index":32,"col_index":3},"geometry":{"type":"MultiPolygon","coordinates":[[[[79.862582,6.847019],[79.862063,6.847019],[79.861804,6.847465],[79.862063,6.847911],[79.862582,6.847911],[79.862841,6.847465],[79.862582,6.847019]]]]}},{"type":"Feature","properties":{"id":419,"is_edge":false,"Hex_area":8660.254,"row_index":32,"col_index":4},"geometry":{"type":"MultiPolygon","coordinates":[[[[79.86336,6.846574],[79.862841,6.846574],[79.862582,6.847019],[79.862841,6.847465],[79.86336,6.847465],[79.863619,6.847019],[79.86336,6.846574]]]]}},{"type":"Feature","properties":{"id":420,"is_edge":false,"Hex_area":8660.254,"row_index":32,"col_index":5},"geometry":{"type":"MultiPolygon","coordinates":[[[[79.864138,6.847019],[79.863619,6.847019],[79.86336,6.847465],[79.863619,6.847911],[79.864138,6.847911],[79.864397,6.847465],[79.864138,6.847019]]]]}},{"type":"Feature","properties":{"id":421,"is_edge":false,"Hex_area":8660.254,"row_index":32,"col_index":6},"geometry":{"type":"MultiPolygon","coordinates":[[[[79.864915,6.846574],[79.864397,6.846574],[79.864138,6.847019],[79.864397,6.847465],[79.864915,6.847465],[79.865175,6.847019],[79.864915,6.846574]]]]}},{"type":"Feature","properties":{"id":422,"is_edge":false,"Hex_area":8660.254,"row_index":32,"col_index":7},"geometry":{"type":"MultiPolygon","coordinates":[[[[79.865693,6.847019],[79.865175,6.847019],[79.864915,6.847465],[79.865175,6.847911],[79.865693,6.847911],[79.865953,6.847465],[79.865693,6.847019]]]]}},{"type":"Feature","properties":{"id":423,"is_edge":false,"Hex_area":8660.254,"row_index":32,"col_index":8},"geometry":{"type":"MultiPolygon","coordinates":[[[[79.866471,6.846574],[79.865953,6.846574],[79.865693,6.847019],[79.865953,6.847465],[79.866471,6.847465],[79.866731,6.847019],[79.866471,6.846574]]]]}},{"type":"Feature","properties":{"id":424,"is_edge":true,"Hex_area":6598.7396,"row_index":32,"col_index":9},"geometry":{"type":"MultiPolygon","coordinates":[[[[79.867509,6.847465],[79.867249,6.847019],[79.866731,6.847019],[79.866471,6.847465],[79.86656,6.847618],[79.866573,6.847622],[79.866602,6.847631],[79.866631,6.847639],[79.866661,6.847648],[79.866692,6.847657],[79.866723,6.847665],[79.866755,6.847671],[79.866787,6.847676],[79.86682,6.847679],[79.866853,6.847682],[79.866886,6.847683],[79.86692,6.847682],[79.866954,6.84768],[79.86699,6.847678],[79.867028,6.847675],[79.867068,6.847672],[79.86711,6.847668],[79.867155,6.847663],[79.867201,6.847658],[79.867249,6.847653],[79.8673,6.847647],[79.867354,6.847643],[79.867407,6.847641],[79.867509,6.847465]]]]}},{"type":"Feature","properties":{"id":425,"is_edge":false,"Hex_area":8660.254,"row_index":32,"col_index":10},"geometry":{"type":"MultiPolygon","coordinates":[[[[79.868027,6.846574],[79.867509,6.846574],[79.867249,6.847019],[79.867509,6.847465],[79.868027,6.847465],[79.868287,6.847019],[79.868027,6.846574]]]]}},{"type":"Feature","properties":{"id":426,"is_edge":true,"Hex_area":7641.6172,"row_index":32,"col_index":11},"geometry":{"type":"MultiPolygon","coordinates":[[[[79.869065,6.847465],[79.868805,6.847019],[79.868287,6.847019],[79.868027,6.847465],[79.868175,6.847719],[79.868262,6.847733],[79.868354,6.847747],[79.868448,6.847763],[79.868545,6.847779],[79.868636,6.847793],[79.868721,6.847805],[79.868801,6.847815],[79.868858,6.847821],[79.869065,6.847465]]]]}},{"type":"Feature","properties":{"id":427,"is_edge":false,"Hex_area":8660.254,"row_index":32,"col_index":12},"geometry":{"type":"MultiPolygon","coordinates":[[[[79.869583,6.846574],[79.869065,6.846574],[79.868805,6.847019],[79.869065,6.847465],[79.869583,6.847465],[79.869843,6.847019],[79.869583,6.846574]]]]}},{"type":"Feature","properties":{"id":428,"is_edge":true,"Hex_area":4409.8618,"row_index":32,"col_index":13},"geometry":{"type":"MultiPolygon","coordinates":[[[[79.870361,6.847019],[79.869843,6.847019],[79.869583,6.847465],[79.869765,6.847778],[79.869787,6.847774],[79.869816,6.847766],[79.869844,6.847757],[79.869868,6.847746],[79.869891,6.847733],[79.86991,6.847719],[79.869928,6.847703],[79.869943,6.847686],[79.869955,6.847667],[79.869968,6.847647],[79.869983,6.847627],[79.869998,6.847606],[79.870014,6.847585],[79.870032,6.847563],[79.87005,6.84754],[79.870069,6.847517],[79.870089,6.847494],[79.870111,6.847468],[79.870135,6.84744],[79.87016,6.847411],[79.870187,6.847379],[79.870216,6.847345],[79.870247,6.847309],[79.870279,6.847271],[79.870313,6.847231],[79.870348,6.84719],[79.870384,6.847146],[79.870414,6.847109],[79.870361,6.847019]]]]}},{"type":"Feature","properties":{"id":429,"is_edge":true,"Hex_area":949.5127,"row_index":32,"col_index":14},"geometry":{"type":"MultiPolygon","coordinates":[[[[79.870621,6.846574],[79.870361,6.847019],[79.870414,6.847109],[79.87042,6.847101],[79.870457,6.847054],[79.870495,6.847005],[79.870533,6.846955],[79.870572,6.846902],[79.870612,6.846848],[79.870648,6.846799],[79.87068,6.846755],[79.870709,6.846715],[79.870734,6.84668],[79.870756,6.84665],[79.870774,6.846625],[79.870788,6.846605],[79.870799,6.84659],[79.870811,6.846574],[79.870621,6.846574]]]]}},{"type":"Feature","properties":{"id":430,"is_edge":true,"Hex_area":1476.8023,"row_index":33,"col_index":2},"geometry":{"type":"MultiPolygon","coordinates":[[[[79.862063,6.847911],[79.861804,6.847465],[79.86162,6.847465],[79.861617,6.847471],[79.86161,6.847482],[79.861604,6.847492],[79.861599,6.847501],[79.861594,6.84751],[79.861589,6.847518],[79.861585,6.847525],[79.861581,6.847532],[79.861578,6.847538],[79.861576,6.847545],[79.861575,6.847554],[79.861574,6.847563],[79.861574,6.847573],[79.861576,6.847585],[79.861578,6.847598],[79.861581,6.847611],[79.861585,6.847626],[79.861588,6.84764],[79.861592,6.847654],[79.861595,6.847666],[79.861598,6.847678],[79.861601,6.84769],[79.861603,6.8477],[79.861606,6.84771],[79.861608,6.847719],[79.861612,6.847727],[79.861616,6.847735],[79.861621,6.847743],[79.861627,6.84775],[79.861633,6.847757],[79.861641,6.847763],[79.861649,6.847769],[79.861659,6.847775],[79.861668,6.847779],[79.861678,6.847783],[79.861687,6.847786],[79.861697,6.847788],[79.861706,6.84779],[79.861716,6.84779],[79.861725,6.84779],[79.861735,6.847789],[79.861744,6.847788],[79.861753,6.847786],[79.861762,6.847785],[79.861771,6.847784],[79.861779,6.847783],[79.861787,6.847782],[79.861794,6.847781],[79.861802,6.84778],[79.861809,6.847779],[79.861816,6.847778],[79.861823,6.847778],[79.86183,6.847778],[79.861837,6.847778],[79.861844,6.847779],[79.86185,6.84778],[79.861857,6.847781],[79.861864,6.847783],[79.861871,6.847785],[79.861878,6.847788],[79.861886,6.847791],[79.861893,6.847795],[79.861902,6.8478],[79.86191,6.847805],[79.861919,6.847811],[79.861926,6.847819],[79.861933,6.84783],[79.861938,6.847843],[79.861942,6.847859],[79.861945,6.847877],[79.861947,6.847897],[79.861948,6.847921],[79.861947,6.847946],[79.861947,6.847972],[79.861947,6.847999],[79.861947,6.848026],[79.861947,6.848053],[79.861947,6.848081],[79.861947,6.84811],[79.861947,6.848111],[79.862063,6.847911]]]]}},{"type":"Feature","properties":{"id":431,"is_edge":true,"Hex_area":8275.4141,"row_index":33,"col_index":3},"geometry":{"type":"MultiPolygon","coordinates":[[[[79.862063,6.848803],[79.862582,6.848803],[79.862841,6.848357],[79.862582,6.847911],[79.862063,6.847911],[79.861947,6.848111],[79.861947,6.848139],[79.861948,6.848168],[79.861948,6.848197],[79.861948,6.848225],[79.861947,6.848253],[79.861946,6.84828],[79.861945,6.848306],[79.861944,6.848332],[79.861942,6.848357],[79.86194,6.848382],[79.861938,6.848405],[79.861935,6.848427],[79.861932,6.848448],[79.861928,6.848467],[79.861924,6.848485],[79.86192,6.848501],[79.861915,6.848516],[79.86191,6.84853],[79.861908,6.848537],[79.862063,6.848803]]]]}},{"type":"Feature","properties":{"id":432,"is_edge":false,"Hex_area":8660.254,"row_index":33,"col_index":4},"geometry":{"type":"MultiPolygon","coordinates":[[[[79.86336,6.847465],[79.862841,6.847465],[79.862582,6.847911],[79.862841,6.848357],[79.86336,6.848357],[79.863619,6.847911],[79.86336,6.847465]]]]}},{"type":"Feature","properties":{"id":433,"is_edge":false,"Hex_area":8660.254,"row_index":33,"col_index":5},"geometry":{"type":"MultiPolygon","coordinates":[[[[79.864138,6.847911],[79.863619,6.847911],[79.86336,6.848357],[79.863619,6.848803],[79.864138,6.848803],[79.864397,6.848357],[79.864138,6.847911]]]]}},{"type":"Feature","properties":{"id":434,"is_edge":false,"Hex_area":8660.254,"row_index":33,"col_index":6},"geometry":{"type":"MultiPolygon","coordinates":[[[[79.864915,6.847465],[79.864397,6.847465],[79.864138,6.847911],[79.864397,6.848357],[79.864915,6.848357],[79.865175,6.847911],[79.864915,6.847465]]]]}},{"type":"Feature","properties":{"id":435,"is_edge":false,"Hex_area":8660.254,"row_index":33,"col_index":7},"geometry":{"type":"MultiPolygon","coordinates":[[[[79.865693,6.847911],[79.865175,6.847911],[79.864915,6.848357],[79.865175,6.848803],[79.865693,6.848803],[79.865953,6.848357],[79.865693,6.847911]]]]}},{"type":"Feature","properties":{"id":436,"is_edge":true,"Hex_area":2742.8887,"row_index":33,"col_index":8},"geometry":{"type":"MultiPolygon","coordinates":[[[[79.866471,6.847465],[79.865953,6.847465],[79.865693,6.847911],[79.865953,6.848357],[79.866004,6.848357],[79.866004,6.848342],[79.86601,6.848134],[79.866019,6.847956],[79.86603,6.847808],[79.866043,6.84769],[79.866059,6.847602],[79.866076,6.847543],[79.866096,6.847515],[79.866119,6.847517],[79.866141,6.847518],[79.866162,6.84752],[79.866184,6.847523],[79.866206,6.847525],[79.866228,6.847528],[79.866249,6.847531],[79.86627,6.847535],[79.866292,6.847538],[79.866313,6.847542],[79.866335,6.847547],[79.866357,6.847552],[79.866379,6.847558],[79.866402,6.847565],[79.866424,6.847572],[79.866447,6.84758],[79.866471,6.847588],[79.866495,6.847596],[79.86652,6.847605],[79.866546,6.847613],[79.86656,6.847618],[79.866471,6.847465]]]]}},{"type":"Feature","properties":{"id":437,"is_edge":true,"Hex_area":1618.7197,"row_index":33,"col_index":10},"geometry":{"type":"MultiPolygon","coordinates":[[[[79.868027,6.847465],[79.867509,6.847465],[79.867407,6.847641],[79.867412,6.847641],[79.867473,6.847641],[79.867538,6.847643],[79.867606,6.847647],[79.867678,6.847653],[79.867754,6.847661],[79.867833,6.847671],[79.867914,6.847682],[79.867998,6.847693],[79.868084,6.847706],[79.868172,6.847719],[79.868175,6.847719],[79.868027,6.847465]]]]}},{"type":"Feature","properties":{"id":438,"is_edge":true,"Hex_area":3186.4055,"row_index":33,"col_index":12},"geometry":{"type":"MultiPolygon","coordinates":[[[[79.869583,6.847465],[79.869065,6.847465],[79.868858,6.847821],[79.868875,6.847822],[79.868944,6.847828],[79.869007,6.847832],[79.869064,6.847834],[79.869116,6.847833],[79.869166,6.847832],[79.869216,6.847831],[79.869264,6.847829],[79.869312,6.847827],[79.869358,6.847825],[79.869403,6.847822],[79.869447,6.847818],[79.869491,6.847814],[79.869532,6.84781],[79.869573,6.847806],[79.869612,6.847801],[79.869649,6.847796],[79.869686,6.847791],[79.869721,6.847786],[79.869754,6.84778],[79.869765,6.847778],[79.869583,6.847465]]]]}},{"type":"Feature","properties":{"id":439,"is_edge":true,"Hex_area":607.6498,"row_index":34,"col_index":2},"geometry":{"type":"MultiPolygon","coordinates":[[[[79.862063,6.848803],[79.861908,6.848537],[79.861905,6.848545],[79.8619,6.84856],[79.861896,6.848576],[79.861891,6.848593],[79.861887,6.848611],[79.861883,6.84863],[79.861879,6.848649],[79.861875,6.84867],[79.861872,6.84869],[79.861868,6.848709],[79.861866,6.848729],[79.861863,6.848748],[79.861861,6.848766],[79.86186,6.848784],[79.861859,6.848802],[79.861858,6.84882],[79.861857,6.848835],[79.861857,6.848849],[79.861856,6.848861],[79.861856,6.848871],[79.861857,6.848879],[79.861857,6.848886],[79.861858,6.848891],[79.861859,6.848894],[79.861859,6.848896],[79.86186,6.848898],[79.861861,6.8489],[79.861862,6.848901],[79.861863,6.848902],[79.861863,6.848903],[79.861864,6.848903],[79.861864,6.848902],[79.861868,6.848903],[79.861875,6.848905],[79.861885,6.848908],[79.861898,6.848911],[79.861915,6.848916],[79.861934,6.848922],[79.861957,6.848929],[79.861982,6.848937],[79.861985,6.848937],[79.862063,6.848803]]]]}},{"type":"Feature","properties":{"id":440,"is_edge":true,"Hex_area":1711.2306,"row_index":34,"col_index":3},"geometry":{"type":"MultiPolygon","coordinates":[[[[79.862582,6.848803],[79.862063,6.848803],[79.861985,6.848937],[79.862007,6.848944],[79.862032,6.848951],[79.862055,6.848957],[79.862078,6.848962],[79.8621,6.848967],[79.862121,6.848972],[79.862142,6.848976],[79.862162,6.848979],[79.862184,6.848982],[79.862209,6.848986],[79.862236,6.848989],[79.862266,6.848993],[79.862297,6.848996],[79.862332,6.849],[79.862369,6.849003],[79.862408,6.849007],[79.862442,6.849011],[79.862471,6.849016],[79.862495,6.849021],[79.862514,6.849027],[79.862528,6.849034],[79.862537,6.849041],[79.862536,6.849049],[79.862533,6.849076],[79.862548,6.84909],[79.86258,6.849095],[79.86262,6.8491],[79.862674,6.849108],[79.862746,6.849118],[79.862766,6.84912],[79.862582,6.848803]]]]}},{"type":"Feature","properties":{"id":441,"is_edge":true,"Hex_area":8030.5868,"row_index":34,"col_index":4},"geometry":{"type":"MultiPolygon","coordinates":[[[[79.863619,6.848803],[79.86336,6.848357],[79.862841,6.848357],[79.862582,6.848803],[79.862766,6.84912],[79.862822,6.849125],[79.862917,6.849138],[79.863026,6.849153],[79.863141,6.849168],[79.863263,6.849184],[79.863388,6.8492],[79.863619,6.848803]]]]}},{"type":"Feature","properties":{"id":442,"is_edge":true,"Hex_area":4460.1408,"row_index":34,"col_index":5},"geometry":{"type":"MultiPolygon","coordinates":[[[[79.864397,6.849249],[79.864138,6.848803],[79.863619,6.848803],[79.863388,6.8492],[79.863393,6.8492],[79.863529,6.849217],[79.863672,6.849235],[79.863822,6.849254],[79.86398,6.849273],[79.864144,6.849292],[79.864293,6.84931],[79.864357,6.849318],[79.864397,6.849249]]]]}},{"type":"Feature","properties":{"id":443,"is_edge":false,"Hex_area":8660.254,"row_index":34,"col_index":6},"geometry":{"type":"MultiPolygon","coordinates":[[[[79.864915,6.848357],[79.864397,6.848357],[79.864138,6.848803],[79.864397,6.849249],[79.864915,6.849249],[79.865175,6.848803],[79.864915,6.848357]]]]}},{"type":"Feature","properties":{"id":444,"is_edge":true,"Hex_area":6208.4442,"row_index":34,"col_index":7},"geometry":{"type":"MultiPolygon","coordinates":[[[[79.865953,6.849249],[79.865693,6.848803],[79.865175,6.848803],[79.864915,6.849249],[79.865,6.849394],[79.86504,6.849397],[79.865111,6.849401],[79.86519,6.849404],[79.865277,6.849406],[79.865373,6.849408],[79.865478,6.849409],[79.86559,6.84941],[79.865675,6.849416],[79.865778,6.849418],[79.865854,6.849419],[79.865953,6.849249]]]]}},{"type":"Feature","properties":{"id":445,"is_edge":true,"Hex_area":1916.9574,"row_index":34,"col_index":8},"geometry":{"type":"MultiPolygon","coordinates":[[[[79.865953,6.848357],[79.865693,6.848803],[79.865953,6.849249],[79.865987,6.849249],[79.86599,6.849102],[79.865994,6.848951],[79.865995,6.848772],[79.866,6.848579],[79.866004,6.848357],[79.865953,6.848357]]]]}},{"type":"Feature","properties":{"id":446,"is_edge":true,"Hex_area":770.1746,"row_index":35,"col_index":6},"geometry":{"type":"MultiPolygon","coordinates":[[[[79.864915,6.849249],[79.864397,6.849249],[79.864357,6.849318],[79.864428,6.849326],[79.864547,6.849341],[79.864652,6.849354],[79.864742,6.849365],[79.864818,6.849374],[79.864878,6.849381],[79.864924,6.849387],[79.864978,6.849392],[79.865,6.849394],[79.864915,6.849249]]]]}},{"type":"Feature","properties":{"id":447,"is_edge":true,"Hex_area":173.7635,"row_index":35,"col_index":8},"geometry":{"type":"MultiPolygon","coordinates":[[[[79.865953,6.849249],[79.865854,6.849419],[79.865983,6.849421],[79.865987,6.849249],[79.865953,6.849249]]]]}}]}