{"type": "FeatureCollection", "name": "roads_osm_raw", "crs": {"type": "name", "properties": {"name": "urn:ogc:def:crs:OGC:1.3:CRS84"}}, "features": [{"type": "Feature", "properties": {"osm_id": 8625207, "highway": "primary", "name": "Hill Street (Dehiwela-Maharagama Road)", "access": null, "foot": null, "oneway": null}, "geometry": {"type": "LineString", "coordinates": [[79.8776041, 6.8496046], [79.8773546, 6.8496372], [79.877218, 6.8496597], [79.8771963, 6.8496633]]}}, {"type": "Feature", "properties": {"osm_id": 8625211, "highway": "primary", "name": "Railway Station Road", "access": null, "foot": null, "oneway": null}, "geometry": {"type": "LineString", "coordinates": [[79.8659029, 6.8513137], [79.865623, 6.8513038]]}}, {"type": "Feature", "properties": {"osm_id": 15242147, "highway": "tertiary", "name": "Hotel Road", "access": null, "foot": null, "oneway": null}, "geometry": {"type": "LineString", "coordinates": [[79.8657208, 6.8352708], [79.8656099, 6.8351798], [79.8654804, 6.835109], [79.8653497, 6.835044], [79.8652816, 6.835005], [79.8652541, 6.8349779], [79.8652318, 6.8349403], [79.864746, 6.8338725], [79.864571, 6.8336824], [79.8644055, 6.8335584], [79.8642335, 6.8334604], [79.8637951, 6.8333763], [79.8633846, 6.8333598], [79.8625787, 6.8332384]]}}, {"type": "Feature", "properties": {"osm_id": 15242148, "highway": "residential", "name": "Station Road", "access": null, "foot": null, "oneway": null}, "geometry": {"type": "LineString", "coordinates": [[79.8674053, 6.8325652], [79.8673352, 6.8325615], [79.8667482, 6.832531], [79.866561, 6.8325255], [79.8661487, 6.8324712], [79.8660832, 6.8324676], [79.8656153, 6.8324416], [79.86468, 6.8323897], [79.8644201, 6.8324094], [79.8639698, 6.8323865]]}}, {"type": "Feature", "properties": {"osm_id": 15242149, "highway": "residential", "name": "Station Road", "access": null, "foot": null, "oneway": null}, "geometry": {"type": "LineString", "coordinates": [[79.86468, 6.8323897], [79.8646245, 6.832241], [79.864445, 6.8318107], [79.8643586, 6.831661], [79.864254, 6.8315557], [79.8641805, 6.831531], [79.8637393, 6.8315789], [79.8636703, 6.8316111], [79.8635901, 6.8316263], [79.8635, 6.8316101], [79.8634499, 6.8315505], [79.8634375, 6.8312844], [79.8633957, 6.8312082], [79.8633307, 6.8311883], [79.8631434, 6.8311643], [79.8630657, 6.8312028], [79.8630269, 6.8312598], [79.8629836, 6.831604], [79.862901, 6.831942], [79.86285, 6.8320879], [79.86261, 6.8325513], [79.8625506, 6.8327816], [79.8625293, 6.8330393], [79.8625398, 6.8331796], [79.8625787, 6.8332384]]}}, {"type": "Feature", "properties": {"osm_id": 15242151, "highway": "service", "name": "", "access": null, "foot": null, "oneway": null}, "geometry": {"type": "LineString", "coordinates": [[79.862014, 6.833176], [79.8623177, 6.8331977]]}}, {"type": "Feature", "properties": {"osm_id": 19175913, "highway": "residential", "name": "4th Lane", "access": null, "foot": null, "oneway": null}, "geometry": {"type": "LineString", "coordinates": [[79.880656, 6.8188121], [79.8795293, 6.818174], [79.8789345, 6.8178305], [79.878518, 6.817602], [79.877866, 6.8172255], [79.8776439, 6.8170972], [79.8775701, 6.8170541], [79.8772671, 6.816877], [79.8764864, 6.8164447]]}}, {"type": "Feature", "properties": {"osm_id": 19811332, "highway": "primary", "name": "Anagarika Dharmapala Mawatha (Allen Avenue)", "access": null, "foot": null, "oneway": null}, "geometry": {"type": "LineString", "coordinates": [[79.8720151, 6.8502628], [79.8720234, 6.8504176], [79.8720515, 6.8516632], [79.8720525, 6.8517301], [79.8720773, 6.8521618], [79.8721075, 6.8522983], [79.8721167, 6.8523438], [79.8721678, 6.8524324], [79.8722128, 6.8524915], [79.8724291, 6.8527288], [79.8728317, 6.8531775], [79.8732671, 6.8535921], [79.8734428, 6.8538625], [79.873518, 6.8540063], [79.873577, 6.8541768], [79.8736091, 6.8543259], [79.8735895, 6.8545765], [79.8735318, 6.8547907], [79.8734886, 6.8549509], [79.8734227, 6.8552005], [79.8733758, 6.8553777], [79.8733463, 6.8554895], [79.8732535, 6.8558233], [79.8732377, 6.8558802], [79.8731468, 6.8560213], [79.8730536, 6.856131], [79.8728256, 6.8563081], [79.8725208, 6.8565081], [79.8722482, 6.8566625], [79.8722069, 6.8566857], [79.8719711, 6.8568241], [79.871677, 6.8569738], [79.8713802, 6.857157], [79.8712133, 6.8572599], [79.8709137, 6.8574448], [79.8705664, 6.8576582], [79.8702204, 6.8578765], [79.8699925, 6.8580736], [79.8695534, 6.8584335], [79.869346, 6.8586036], [79.8691462, 6.8587672], [79.8690859, 6.8588166], [79.8688284, 6.8589205], [79.8687061, 6.8589658], [79.8686272, 6.858995], [79.8683, 6.8591042], [79.8681551, 6.8591894], [79.8680049, 6.8593545], [79.8678816, 6.8594611], [79.8676938, 6.8596155]]}}, {"type": "Feature", "properties": {"osm_id": 19811337, "highway": "primary", "name": "Attidiya Road", "access": null, "foot": null, "oneway": null}, "geometry": {"type": "LineString", "coordinates": [[79.8736163, 6.8194855], [79.8736841, 6.8195262], [79.8739021, 6.8196877], [79.8761404, 6.8209662], [79.8762645, 6.8210355], [79.8765801, 6.8212117], [79.8767712, 6.8213227], [79.8768647, 6.8213786], [79.8770354, 6.8214756], [79.8771062, 6.8215202], [79.8774521, 6.8217168], [79.8777124, 6.8218502], [79.8781713, 6.822098], [79.8785166, 6.8222799], [79.8787236, 6.8223872], [79.8787471, 6.822401]]}}, {"type": "Feature", "properties": {"osm_id": 19882439, "highway": "secondary", "name": "Pepiliyana Road", "access": null, "foot": null, "oneway": null}, "geometry": {"type": "LineString", "coordinates": [[79.8791925, 6.8498479], [79.8800848, 6.8504732], [79.8802587, 6.8506169], [79.8807163, 6.8511312], [79.8808914, 6.851328], [79.881029, 6.8514561], [79.8811218, 6.851538]]}}, {"type": "Feature", "properties": {"osm_id": 24462387, "highway": "tertiary", "name": "Waidya Road", "access": null, "foot": null, "oneway": null}, "geometry": {"type": "LineString", "coordinates": [[79.8652974, 6.8560509], [79.8662404, 6.8561399], [79.8664042, 6.8561554], [79.8669243, 6.8561779], [79.8672949, 6.8562786], [79.8674349, 6.8563165], [79.8676685, 6.856387], [79.8680273, 6.8565094], [79.8685771, 6.8566959], [79.8687486, 6.8567265], [79.8688476, 6.8567123], [79.8689095, 6.856698], [79.8690671, 6.8566254], [79.869283, 6.8565123], [79.8694827, 6.8563681], [79.8696311, 6.8561816], [79.8698119, 6.8560129], [79.8705233, 6.8554995], [79.8706107, 6.8554302], [79.8710735, 6.8550631], [79.8712341, 6.8549164], [79.8713986, 6.8548252], [79.8716019, 6.8546994], [79.8719402, 6.8544941], [79.8722461, 6.8543373], [79.8723877, 6.8542895], [79.8725223, 6.8542639], [79.8727498, 6.8542694], [79.8728525, 6.8542601], [79.8729436, 6.8541894], [79.8730555, 6.8540125], [79.8731472, 6.8538083], [79.8732671, 6.8535921]]}}, {"type": "Feature", "properties": {"osm_id": 24463120, "highway": "residential", "name": "Sumanarama Road", "access": null, "foot": null, "oneway": null}, "geometry": {"type": "LineString", "coordinates": [[79.867336, 6.8405898], [79.8681487, 6.8405859], [79.8683847, 6.8405817], [79.8685572, 6.840573], [79.8690926, 6.840546], [79.8693299, 6.8405341], [79.8696315, 6.8405535], [79.8699344, 6.8406003], [79.8701403, 6.8401212], [79.87032, 6.8396915]]}}, {"type": "Feature", "properties": {"osm_id": 29010346, "highway": "primary", "name": "Kawdana Road", "access": null, "foot": null, "oneway": null}, "geometry": {"type": "LineString", "coordinates": [[79.86599, 6.8475171], [79.866065, 6.8475213], [79.8663506, 6.8475309], [79.8665816, 6.8475985], [79.8666447, 6.8476283], [79.8668537, 6.8476705], [79.8674829, 6.8476316], [79.8676835, 6.8476394], [79.8679031, 6.8476823], [79.868022, 6.8477005], [79.8683043, 6.8477382], [79.8688303, 6.8478211], [79.868865, 6.8478266], [79.869252, 6.8478481], [79.8693562, 6.8478429], [79.8696727, 6.8478276], [79.8698959, 6.8477813], [79.8705671, 6.8469314], [79.8708737, 6.8464852], [79.8712529, 6.8461292], [79.8714141, 6.8459822], [79.8715045, 6.8459051], [79.8718386, 6.8456441], [79.8719673, 6.8455464], [79.8721229, 6.8454284], [79.8722778, 6.8453338], [79.8725391, 6.8451447], [79.8728686, 6.8450225], [79.8732037, 6.8449125], [79.8737962, 6.8447493], [79.8740835, 6.8446696], [79.8741905, 6.8446422], [79.874694, 6.8445061], [79.8748318, 6.8444711], [79.8748931, 6.844458], [79.8749637, 6.844444], [79.8750225, 6.8444306], [79.8752697, 6.8443589], [79.8755902, 6.8442578]]}}, {"type": "Feature", "properties": {"osm_id": 46897989, "highway": "residential", "name": "Off Hotel Road", "access": null, "foot": null, "oneway": null}, "geometry": {"type": "LineString", "coordinates": [[79.8645299, 6.8410697], [79.8652316, 6.8411698], [79.8653274, 6.8411666], [79.8654064, 6.8410801], [79.8654335, 6.8410718], [79.8657288, 6.8411041], [79.8669483, 6.8412825]]}}, {"type": "Feature", "properties": {"osm_id": 46897991, "highway": "residential", "name": "", "access": null, "foot": null, "oneway": null}, "geometry": {"type": "LineString", "coordinates": [[79.8654276, 6.8416892], [79.8667885, 6.8418242], [79.8668886, 6.8418436]]}}, {"type": "Feature", "properties": {"osm_id": 46897992, "highway": "tertiary", "name": "Abeysekara Road", "access": null, "foot": null, "oneway": null}, "geometry": {"type": "LineString", "coordinates": [[79.8760223, 6.8422555], [79.8760099, 6.8421205], [79.8759437, 6.8419247]]}}, {"type": "Feature", "properties": {"osm_id": 46897994, "highway": "residential", "name": "", "access": null, "foot": null, "oneway": null}, "geometry": {"type": "LineString", "coordinates": [[79.8759144, 6.8423869], [79.8764484, 6.8424339], [79.8770479, 6.8424991], [79.8769872, 6.8436285]]}}, {"type": "Feature", "properties": {"osm_id": 46898059, "highway": "residential", "name": "Sylvester Lane", "access": null, "foot": null, "oneway": null}, "geometry": {"type": "LineString", "coordinates": [[79.8696888, 6.8431829], [79.8695245, 6.8431756], [79.8692181, 6.843145], [79.8691329, 6.8431437], [79.8690216, 6.8431716], [79.868858, 6.8432029], [79.868691, 6.8432154], [79.8686362, 6.8432161], [79.8685628, 6.8432156], [79.8685057, 6.8432151], [79.8684463, 6.8432076], [79.8682297, 6.8431556], [79.8680782, 6.8431137], [79.867942, 6.8430531], [79.8678696, 6.8429939], [79.8677772, 6.8429431], [79.8676946, 6.842914], [79.8675887, 6.8429], [79.8672668, 6.8428594], [79.8669342, 6.8427868], [79.8667759, 6.842748], [79.866677, 6.8427175]]}}, {"type": "Feature", "properties": {"osm_id": 46898066, "highway": "residential", "name": "Beach Road", "access": null, "foot": null, "oneway": null}, "geometry": {"type": "LineString", "coordinates": [[79.8629892, 6.842324], [79.8635583, 6.8423899], [79.8639262, 6.8424313], [79.8641564, 6.842459], [79.8647767, 6.842526], [79.8656102, 6.8426333], [79.8665992, 6.8427545]]}}, {"type": "Feature", "properties": {"osm_id": 46898081, "highway": "residential", "name": "De Alwis Avenue", "access": null, "foot": null, "oneway": null}, "geometry": {"type": "LineString", "coordinates": [[79.8630986, 6.8410394], [79.8645065, 6.8411718]]}}, {"type": "Feature", "properties": {"osm_id": 46898097, "highway": "residential", "name": "Samudra Mawatha", "access": null, "foot": null, "oneway": null}, "geometry": {"type": "LineString", "coordinates": [[79.8630275, 6.841551], [79.8644697, 6.8417086]]}}, {"type": "Feature", "properties": {"osm_id": 46898128, "highway": "residential", "name": "Siripala Road", "access": null, "foot": null, "oneway": null}, "geometry": {"type": "LineString", "coordinates": [[79.8630588, 6.8429991], [79.866483, 6.8431676]]}}, {"type": "Feature", "properties": {"osm_id": 46898160, "highway": "residential", "name": "De Seram Road", "access": null, "foot": null, "oneway": null}, "geometry": {"type": "LineString", "coordinates": [[79.8645881, 6.8407113], [79.8646044, 6.8404494], [79.864636, 6.840202], [79.864656, 6.840045], [79.8646813, 6.839876], [79.8646993, 6.8397891], [79.8647678, 6.8393068], [79.8647796, 6.8390924], [79.8648402, 6.8386396]]}}, {"type": "Feature", "properties": {"osm_id": 46898174, "highway": "residential", "name": "De Saram Road", "access": null, "foot": null, "oneway": null}, "geometry": {"type": "LineString", "coordinates": [[79.8634665, 6.8396436], [79.8646993, 6.8397891]]}}, {"type": "Feature", "properties": {"osm_id": 46898186, "highway": "residential", "name": "", "access": null, "foot": null, "oneway": null}, "geometry": {"type": "LineString", "coordinates": [[79.8632889, 6.840277], [79.8646044, 6.8404494]]}}, {"type": "Feature", "properties": {"osm_id": 46898204, "highway": "residential", "name": "De Seram Road", "access": null, "foot": null, "oneway": null}, "geometry": {"type": "LineString", "coordinates": [[79.8641564, 6.842459], [79.8642094, 6.8420116], [79.8642488, 6.8419596], [79.8643874, 6.8419524], [79.864438, 6.8419256], [79.8644697, 6.8417086], [79.8644885, 6.8413916], [79.8645065, 6.8411718], [79.8645299, 6.8410697], [79.8645881, 6.8407113]]}}, {"type": "Feature", "properties": {"osm_id": 46898206, "highway": "residential", "name": "", "access": null, "foot": null, "oneway": null}, "geometry": {"type": "LineString", "coordinates": [[79.8652746, 6.8352143], [79.865243, 6.8354107], [79.8651451, 6.8360188], [79.8651377, 6.836081], [79.8650316, 6.8368139], [79.8650083, 6.8370659], [79.8649194, 6.8380277], [79.8649122, 6.8381054], [79.8648402, 6.8386396]]}}, {"type": "Feature", "properties": {"osm_id": 46898224, "highway": "residential", "name": "", "access": null, "foot": null, "oneway": null}, "geometry": {"type": "LineString", "coordinates": [[79.8633483, 6.8358118], [79.8651451, 6.8360188]]}}, {"type": "Feature", "properties": {"osm_id": 46898225, "highway": "residential", "name": "Cross Road", "access": null, "foot": null, "oneway": null}, "geometry": {"type": "LineString", "coordinates": [[79.8657208, 6.8352708], [79.8658749, 6.8352578], [79.8663071, 6.835199], [79.8665306, 6.8351686]]}}, {"type": "Feature", "properties": {"osm_id": 46898227, "highway": "residential", "name": "De Seram Road", "access": null, "foot": null, "oneway": null}, "geometry": {"type": "LineString", "coordinates": [[79.8633806, 6.8405384], [79.8645881, 6.8407113], [79.8669325, 6.841027]]}}, {"type": "Feature", "properties": {"osm_id": 46898236, "highway": "residential", "name": "", "access": null, "foot": null, "oneway": null}, "geometry": {"type": "LineString", "coordinates": [[79.8628946, 6.8349228], [79.8630538, 6.8349452], [79.8632721, 6.8349766], [79.8636695, 6.8350301], [79.8639451, 6.8350643], [79.8649547, 6.8351897], [79.8652746, 6.8352143]]}}, {"type": "Feature", "properties": {"osm_id": 46898237, "highway": "residential", "name": "Mount Avenue", "access": null, "foot": null, "oneway": null}, "geometry": {"type": "LineString", "coordinates": [[79.8637951, 6.8333763], [79.8637707, 6.8338446], [79.8636695, 6.8350301]]}}, {"type": "Feature", "properties": {"osm_id": 46898239, "highway": "residential", "name": "College Avenue", "access": "yes", "foot": "yes", "oneway": null}, "geometry": {"type": "LineString", "coordinates": [[79.8634317, 6.8384561], [79.8639229, 6.8385186], [79.8648402, 6.8386396], [79.8653577, 6.8387062], [79.8656586, 6.8387476], [79.8658533, 6.8387676], [79.8663038, 6.8388391], [79.8666888, 6.8388997], [79.8671155, 6.8389543], [79.8674851, 6.8389763], [79.8675541, 6.8389586]]}}, {"type": "Feature", "properties": {"osm_id": 46898251, "highway": "tertiary", "name": "Pallidora Road", "access": null, "foot": null, "oneway": null}, "geometry": {"type": "LineString", "coordinates": [[79.8698959, 6.8477813], [79.8703202, 6.8477763], [79.8706235, 6.8477546], [79.8707984, 6.847746], [79.8709046, 6.8477657], [79.8710417, 6.8478077], [79.8711846, 6.8478539], [79.8715426, 6.8479473], [79.8716833, 6.848001], [79.8718606, 6.8480595], [79.8719524, 6.8480712], [79.8720172, 6.8480637], [79.8721627, 6.8480308], [79.8723152, 6.847973], [79.8724094, 6.8479347], [79.8724485, 6.847916], [79.87252, 6.8478815], [79.8725997, 6.8478314], [79.8728303, 6.8476583], [79.8728449, 6.8476479], [79.8730369, 6.8475118], [79.8731308, 6.8474652], [79.8734043, 6.8473014], [79.8736283, 6.8472029], [79.8737208, 6.847132], [79.873869, 6.8471254], [79.874095, 6.8471083], [79.874319, 6.847083], [79.8745805, 6.8470657], [79.8747334, 6.8470843], [79.8751277, 6.8471043], [79.8753825, 6.8470724], [79.8756982, 6.8470586], [79.8758182, 6.8470533], [79.876112, 6.8470404], [79.8766723, 6.8470457], [79.8771353, 6.8470804]]}}, {"type": "Feature", "properties": {"osm_id": 46940573, "highway": "tertiary", "name": "Sri Dharmapala Mawatha", "access": null, "foot": null, "oneway": null}, "geometry": {"type": "LineString", "coordinates": [[79.8628982, 6.8443025], [79.8631488, 6.8443203], [79.8634017, 6.8443379], [79.8637884, 6.8443658], [79.8639222, 6.8443753], [79.8640583, 6.844385], [79.864355, 6.8444061], [79.8651657, 6.8444576], [79.8656168, 6.8444683], [79.8662967, 6.8444843]]}}, {"type": "Feature", "properties": {"osm_id": 46940574, "highway": "residential", "name": "Jaya Mawatha", "access": null, "foot": null, "oneway": null}, "geometry": {"type": "LineString", "coordinates": [[79.8695743, 6.842397], [79.8695778, 6.8426493], [79.8695872, 6.8427705], [79.8696083, 6.8429012], [79.8696362, 6.8430065], [79.8696888, 6.8431829], [79.86972, 6.8435398], [79.8697193, 6.8436134], [79.8697039, 6.8436839], [79.8696922, 6.8437116], [79.8696613, 6.8437349], [79.8695363, 6.8438151], [79.8694763, 6.8438763], [79.869424, 6.8439659], [79.8692604, 6.8442535]]}}, {"type": "Feature", "properties": {"osm_id": 46940575, "highway": "residential", "name": "Terence Av", "access": null, "foot": null, "oneway": null}, "geometry": {"type": "LineString", "coordinates": [[79.8663491, 6.8446499], [79.8666314, 6.8446583], [79.8670957, 6.844623], [79.8676486, 6.8444753], [79.8678508, 6.8444213], [79.8683108, 6.8443387], [79.8690847, 6.8442362], [79.8691739, 6.8442401], [79.8692604, 6.8442535], [79.8694543, 6.8443709], [79.8696571, 6.8445392], [79.8698028, 6.8447027], [79.8698839, 6.8447928], [79.8699122, 6.8448287], [79.8699691, 6.8448851], [79.8700549, 6.8449677], [79.8700828, 6.8449971], [79.8701434, 6.8450502], [79.8702662, 6.8451217], [79.8703547, 6.8451749], [79.870421, 6.8452167], [79.870581, 6.8453302], [79.8706725, 6.8454386], [79.8707288, 6.8455131], [79.8707529, 6.8455433], [79.8708442, 6.845613], [79.8709461, 6.8456716], [79.8710333, 6.8457182], [79.8711017, 6.8457542], [79.8711888, 6.8458074], [79.8714141, 6.8459822]]}}, {"type": "Feature", "properties": {"osm_id": 46940576, "highway": "tertiary", "name": "Peiris Road", "access": null, "foot": null, "oneway": null}, "geometry": {"type": "LineString", "coordinates": [[79.8669328, 6.8419509], [79.8670655, 6.8420063], [79.8673913, 6.842101], [79.8679105, 6.8421529], [79.8683065, 6.8422543], [79.8686635, 6.8423028], [79.8687604, 6.8423713], [79.8687991, 6.8423875], [79.8688358, 6.8423895], [79.8689113, 6.8423895], [79.8691995, 6.8423868], [79.8695743, 6.842397]]}}, {"type": "Feature", "properties": {"osm_id": 46940577, "highway": "residential", "name": "Wanarathana Road", "access": null, "foot": null, "oneway": null}, "geometry": {"type": "LineString", "coordinates": [[79.8696315, 6.8405535], [79.8696032, 6.8415385], [79.8695743, 6.842397]]}}, {"type": "Feature", "properties": {"osm_id": 46940578, "highway": "residential", "name": "Auburn lane", "access": null, "foot": null, "oneway": null}, "geometry": {"type": "LineString", "coordinates": [[79.8629202, 6.8466342], [79.8629373, 6.8466499], [79.8631428, 6.8466819], [79.8635331, 6.846744], [79.8640384, 6.846799], [79.8646017, 6.8468675], [79.8650388, 6.8469104], [79.8653353, 6.8469455], [79.8660277, 6.8470011]]}}, {"type": "Feature", "properties": {"osm_id": 46940595, "highway": "residential", "name": "Senanayake Place", "access": null, "foot": null, "oneway": null}, "geometry": {"type": "LineString", "coordinates": [[79.8632805, 6.853176], [79.8633145, 6.8528264], [79.8633551, 6.8525997], [79.8634374, 6.8522213], [79.8635132, 6.8517872], [79.8635181, 6.851759], [79.8636875, 6.8509105]]}}, {"type": "Feature", "properties": {"osm_id": 46940596, "highway": "residential", "name": "Gregory's Place", "access": null, "foot": null, "oneway": null}, "geometry": {"type": "LineString", "coordinates": [[79.8620797, 6.8519019], [79.8634374, 6.8522213]]}}, {"type": "Feature", "properties": {"osm_id": 46940597, "highway": "residential", "name": "Gregory's Place", "access": null, "foot": null, "oneway": null}, "geometry": {"type": "LineString", "coordinates": [[79.8634374, 6.8522213], [79.8644169, 6.8525592], [79.8650407, 6.8527482], [79.865757, 6.853013]]}}, {"type": "Feature", "properties": {"osm_id": 46940599, "highway": "tertiary", "name": "Malwatte Road", "access": null, "foot": null, "oneway": null}, "geometry": {"type": "LineString", "coordinates": [[79.8657266, 6.8537288], [79.8666016, 6.853874], [79.8667669, 6.8539034], [79.8671966, 6.8539607], [79.8677608, 6.8539362]]}}, {"type": "Feature", "properties": {"osm_id": 46940659, "highway": "residential", "name": "Fairline Road", "access": null, "foot": null, "oneway": null}, "geometry": {"type": "LineString", "coordinates": [[79.8623717, 6.8539019], [79.8625217, 6.8534598], [79.8625727, 6.8534238], [79.8626325, 6.8534149], [79.8634157, 6.8536354], [79.8639414, 6.8537925], [79.8655693, 6.8541187]]}}, {"type": "Feature", "properties": {"osm_id": 46940660, "highway": "residential", "name": "", "access": null, "foot": null, "oneway": null}, "geometry": {"type": "LineString", "coordinates": [[79.8634157, 6.8536354], [79.8634638, 6.8534495], [79.8634494, 6.8533389], [79.8633519, 6.853204], [79.8632805, 6.853176]]}}, {"type": "Feature", "properties": {"osm_id": 46967627, "highway": "tertiary", "name": "", "access": null, "foot": null, "oneway": null}, "geometry": {"type": "LineString", "coordinates": [[79.8668695, 6.8200717], [79.8669521, 6.8198403], [79.866967, 6.8197668], [79.8670728, 6.8192436], [79.8672072, 6.8188333], [79.8672472, 6.8187111], [79.867113, 6.8183116], [79.867083, 6.8181923], [79.8670272, 6.8179707], [79.8670253, 6.8178896], [79.8670306, 6.8176865], [79.8670482, 6.8175036], [79.8670548, 6.8174729], [79.867088, 6.8173212], [79.8671369, 6.8170973], [79.8672419, 6.8167516]]}}, {"type": "Feature", "properties": {"osm_id": 46967628, "highway": "residential", "name": "Rajamawatha", "access": null, "foot": null, "oneway": null}, "geometry": {"type": "LineString", "coordinates": [[79.8672419, 6.8167516], [79.8676231, 6.8168556], [79.8678663, 6.8169231], [79.867925, 6.8169366], [79.8679728, 6.8169483], [79.8680291, 6.8169598], [79.8680468, 6.8169633]]}}, {"type": "Feature", "properties": {"osm_id": 46967633, "highway": "residential", "name": "St. Rita's Road", "access": null, "foot": null, "oneway": null}, "geometry": {"type": "LineString", "coordinates": [[79.8636034, 6.8264201], [79.8639099, 6.8264659], [79.8642668, 6.8265095], [79.8650092, 6.8266124], [79.86554, 6.8267139], [79.8656005, 6.8267407], [79.8656517, 6.8267796], [79.865744, 6.8269284], [79.8658192, 6.8270038], [79.8660351, 6.8271452], [79.8663009, 6.8271435], [79.8665319, 6.8270735], [79.8665894, 6.8270561], [79.8669885, 6.826906], [79.8670986, 6.8268683]]}}, {"type": "Feature", "properties": {"osm_id": 48701240, "highway": "trunk", "name": "Galle Road", "access": null, "foot": null, "oneway": "yes"}, "geometry": {"type": "LineString", "coordinates": [[79.8692475, 6.8266974], [79.8692029, 6.8268071], [79.8690421, 6.8271946], [79.8690009, 6.8273031], [79.8689335, 6.8274688], [79.8689151, 6.8275184], [79.8688536, 6.8276844], [79.8687225, 6.8280307], [79.8686614, 6.8281841], [79.8684869, 6.8286227], [79.8684506, 6.8287075], [79.8681164, 6.8295393], [79.868051, 6.8297022], [79.8680088, 6.8298165], [79.8679025, 6.830104], [79.8678026, 6.8303742], [79.8677658, 6.8304817], [79.867697, 6.8306914], [79.8676676, 6.8308008], [79.8676598, 6.8308297], [79.8676245, 6.830961], [79.8675501, 6.8312386], [79.867499, 6.8314726], [79.867474, 6.8315998], [79.867439, 6.831778], [79.8673919, 6.8321057], [79.8673506, 6.8324035], [79.8673352, 6.8325615], [79.8673269, 6.8326457], [79.8673239, 6.8327924], [79.867322, 6.8328855], [79.8673075, 6.8331442], [79.8673081, 6.8331777], [79.8673126, 6.833433], [79.8673089, 6.833712], [79.8673107, 6.8339632], [79.8673133, 6.8342144], [79.8673092, 6.8345341], [79.8673192, 6.8350896], [79.8673183, 6.8351199], [79.8673105, 6.8356431], [79.8673337, 6.8360769], [79.8673383, 6.8362241], [79.867359, 6.8365714], [79.867395, 6.8371292], [79.8674111, 6.8373401], [79.867428, 6.8375622], [79.867438, 6.8376933], [79.8674589, 6.8380749], [79.8674671, 6.8382499], [79.8674751, 6.8384191], [79.8674851, 6.838669], [79.867489, 6.8388765], [79.8674851, 6.8389763], [79.8674808, 6.8390832], [79.8674793, 6.8391203], [79.867468, 6.8393073], [79.8674427, 6.8395742], [79.8674268, 6.8397466], [79.8673899, 6.8399792], [79.8673202, 6.8403626], [79.8672678, 6.8405826], [79.867214, 6.8407604], [79.8672044, 6.8407921], [79.8671631, 6.8409406], [79.8671287, 6.8410435], [79.86704, 6.8413086], [79.8669503, 6.8416541], [79.8668886, 6.8418436], [79.8668469, 6.8419713], [79.8668215, 6.8420649], [79.8668096, 6.8421019], [79.8665992, 6.8427545], [79.866483, 6.8431676], [79.8664274, 6.8433303], [79.8663799, 6.8436448], [79.8663407, 6.843972], [79.8663108, 6.8443201], [79.8662967, 6.8444843], [79.8662176, 6.8453306], [79.8661988, 6.8455321], [79.8661875, 6.8455768], [79.8660869, 6.8464235], [79.8660731, 6.846552], [79.8660419, 6.8468441], [79.8660277, 6.8470011], [79.86599, 6.8475171], [79.8659689, 6.8480744], [79.8659708, 6.8484964], [79.8659672, 6.8487417], [79.8659654, 6.8488504], [79.8659584, 6.8493938], [79.8659565, 6.8494796]]}}, {"type": "Feature", "properties": {"osm_id": 48999706, "highway": "residential", "name": "Canal Road", "access": null, "foot": null, "oneway": null}, "geometry": {"type": "LineString", "coordinates": [[79.8847385, 6.8439864], [79.8843792, 6.8439959], [79.8842774, 6.8439985], [79.8841698, 6.8440012], [79.8840027, 6.843953], [79.883872, 6.8438965], [79.8836661, 6.8437217], [79.8835419, 6.8436332], [79.8833165, 6.8433832], [79.8830587, 6.843019], [79.8829665, 6.8428872], [79.8827165, 6.8422036], [79.882639, 6.8419021], [79.8825934, 6.8416041], [79.8824925, 6.8410653], [79.8824486, 6.8409146], [79.8823646, 6.8406619], [79.8821802, 6.8403607], [79.8819859, 6.8400559], [79.8818387, 6.8397894], [79.8816742, 6.839304], [79.8816463, 6.8387103], [79.8815836, 6.8383143], [79.881532, 6.8381629], [79.8814456, 6.8378867], [79.881411, 6.8376515], [79.8814053, 6.8373316], [79.8813944, 6.8368817], [79.8812728, 6.8366442], [79.8811662, 6.8365366], [79.8808835, 6.8362844], [79.8801335, 6.8358993], [79.879981, 6.835849], [79.8798583, 6.8358557], [79.8794991, 6.8359894], [79.8786408, 6.8364475], [79.8782959, 6.8365964], [79.8780533, 6.8366896]]}}, {"type": "Feature", "properties": {"osm_id": 48999710, "highway": "secondary", "name": "Cpt.Sumudu Rajapaksha Mawatha", "access": null, "foot": null, "oneway": null}, "geometry": {"type": "LineString", "coordinates": [[79.8786186, 6.8404067], [79.8787433, 6.8421816], [79.8787352, 6.8423494], [79.8785999, 6.8427121], [79.8784134, 6.8432122], [79.8783624, 6.8433907], [79.8783545, 6.8435389], [79.8784429, 6.843854], [79.8784482, 6.8440058], [79.8784322, 6.8441656], [79.8782661, 6.8445234], [79.8782353, 6.8447149], [79.8782256, 6.8452575], [79.8781948, 6.8453909], [79.8781452, 6.8454466], [79.8780487, 6.8454785], [79.8772062, 6.845684]]}}, {"type": "Feature", "properties": {"osm_id": 48999711, "highway": "primary", "name": "Kawdana Road", "access": null, "foot": null, "oneway": null}, "geometry": {"type": "LineString", "coordinates": [[79.8786186, 6.8404067], [79.8783941, 6.8404448], [79.8779036, 6.8405333], [79.8778029, 6.8405563], [79.8770775, 6.840722], [79.8768803, 6.8407862], [79.8767899, 6.8408533], [79.8766942, 6.8410352], [79.876607, 6.8413471], [79.8765963, 6.8413922], [79.8765339, 6.8416379], [79.876464, 6.8419009], [79.8763431, 6.8420721], [79.8761858, 6.8421801], [79.8760223, 6.8422555], [79.8759144, 6.8423869], [79.8758283, 6.8426837], [79.8757835, 6.8428698], [79.875771, 6.8429411], [79.8757002, 6.8433305], [79.8756799, 6.8434419], [79.8756519, 6.8436605], [79.8756139, 6.8439566], [79.8755902, 6.8442578]]}}, {"type": "Feature", "properties": {"osm_id": 48999712, "highway": "residential", "name": "De Soysa Mawatha", "access": null, "foot": null, "oneway": null}, "geometry": {"type": "LineString", "coordinates": [[79.8786389, 6.8319512], [79.8784297, 6.8324096], [79.8782253, 6.832659], [79.8780525, 6.8327918], [79.8776538, 6.8331985], [79.8772913, 6.8335313], [79.8772139, 6.8336139], [79.8763101, 6.8345067], [79.8759677, 6.834845], [79.8757267, 6.8350921], [79.8754538, 6.835372]]}}, {"type": "Feature", "properties": {"osm_id": 48999732, "highway": "residential", "name": "", "access": null, "foot": null, "oneway": null}, "geometry": {"type": "LineString", "coordinates": [[79.8755902, 6.8442578], [79.8757021, 6.8442321], [79.8761413, 6.8441368], [79.8763274, 6.8441426], [79.8764775, 6.8442113], [79.8765943, 6.8442717], [79.8767182, 6.8443494], [79.8768249, 6.8443809]]}}, {"type": "Feature", "properties": {"osm_id": 49000095, "highway": "residential", "name": "1st Cross Lane", "access": null, "foot": null, "oneway": null}, "geometry": {"type": "LineString", "coordinates": [[79.8801668, 6.8358316], [79.8801783, 6.8358118], [79.8801979, 6.8357391], [79.8802397, 6.8354353], [79.8802857, 6.8351014], [79.8802984, 6.8350075], [79.8803458, 6.8346577], [79.8803739, 6.8344491], [79.8803804, 6.8343944], [79.8804173, 6.8340854], [79.8804231, 6.8340369], [79.8804666, 6.8336777], [79.8804817, 6.8335535], [79.8805183, 6.8332633], [79.8805367, 6.8331169], [79.8805384, 6.8331035], [79.8805644, 6.8328952], [79.8806176, 6.8324677], [79.8806533, 6.8321813]]}}, {"type": "Feature", "properties": {"osm_id": 49000096, "highway": "residential", "name": "Sri Dhammadara Mawatha", "access": null, "foot": null, "oneway": null}, "geometry": {"type": "LineString", "coordinates": [[79.8729245, 6.8204475], [79.8729853, 6.8204995], [79.8734437, 6.8209441], [79.8734695, 6.8209691], [79.8737485, 6.8212461], [79.8737938, 6.8212738], [79.8743663, 6.8215716], [79.8747463, 6.8217787], [79.8760336, 6.8225344], [79.8761489, 6.8226021], [79.8763894, 6.8227408], [79.8767532, 6.8229502], [79.876812, 6.822984], [79.8772087, 6.8232072], [79.8776813, 6.8234686], [79.8779368, 6.823603], [79.878158, 6.8237233], [79.8785903, 6.8239718], [79.8790639, 6.824249], [79.8794963, 6.8244955], [79.879743, 6.8246317], [79.8798974, 6.8247242], [79.8799193, 6.8247344], [79.880357, 6.8249826], [79.8808157, 6.8252365], [79.8808469, 6.8252536], [79.8808757, 6.8252708], [79.8809893, 6.8253322], [79.8813016, 6.8255044], [79.8814362, 6.8255855]]}}, {"type": "Feature", "properties": {"osm_id": 49000099, "highway": "residential", "name": "Pirivena Road", "access": null, "foot": null, "oneway": null}, "geometry": {"type": "LineString", "coordinates": [[79.8695153, 6.8260968], [79.8695776, 6.8261173], [79.8705617, 6.8264408], [79.8707951, 6.826515], [79.8712014, 6.8266499], [79.8714838, 6.8267286], [79.8718216, 6.8267941], [79.8721072, 6.826853], [79.8723979, 6.8269129], [79.8727502, 6.8269855], [79.8728865, 6.8270334], [79.873052, 6.8270968], [79.8733767, 6.8272631], [79.8736937, 6.8274032], [79.8739038, 6.8274989], [79.8740792, 6.8275586], [79.8742228, 6.8275724], [79.8745614, 6.8275116], [79.8750596, 6.8274965], [79.8751766, 6.8275149], [79.8752918, 6.8275561], [79.8754491, 6.8277111], [79.8755595, 6.8277683], [79.876072, 6.8279222], [79.8768224, 6.8281536], [79.8770442, 6.828222], [79.8778657, 6.8284753]]}}, {"type": "Feature", "properties": {"osm_id": 49000457, "highway": "residential", "name": "Old Quarry Road", "access": null, "foot": null, "oneway": null}, "geometry": {"type": "LineString", "coordinates": [[79.8643586, 6.831661], [79.8644155, 6.8316208], [79.8645405, 6.8315665], [79.8647396, 6.8314643], [79.8648327, 6.8314225], [79.8649206, 6.831405], [79.8651595, 6.8314304], [79.86533, 6.8314999], [79.8655817, 6.8316501], [79.8656512, 6.831649], [79.8659702, 6.8315612], [79.8661233, 6.8315498], [79.8667638, 6.8315805], [79.8671891, 6.8315904], [79.867474, 6.8315998]]}}, {"type": "Feature", "properties": {"osm_id": 49001549, "highway": "residential", "name": "Union Place", "access": null, "foot": null, "oneway": "yes"}, "geometry": {"type": "LineString", "coordinates": [[79.8702399, 6.8505333], [79.8702284, 6.8504515], [79.8702063, 6.8495515], [79.8701461, 6.8491616], [79.8701308, 6.8490625], [79.870108, 6.8489326], [79.8700091, 6.8486398], [79.8696727, 6.8478276]]}}, {"type": "Feature", "properties": {"osm_id": 49001550, "highway": "residential", "name": "Temple Road", "access": null, "foot": null, "oneway": null}, "geometry": {"type": "LineString", "coordinates": [[79.8660508, 6.8489573], [79.8663539, 6.8490029], [79.8665687, 6.8490311], [79.8667896, 6.8490421], [79.8670123, 6.8490245], [79.8671387, 6.8489778], [79.867262, 6.848948], [79.8676607, 6.8489445], [79.8679018, 6.8489393], [79.867922, 6.8489717]]}}, {"type": "Feature", "properties": {"osm_id": 50071260, "highway": "secondary", "name": "", "access": null, "foot": null, "oneway": "yes"}, "geometry": {"type": "LineString", "coordinates": [[79.8659565, 6.8494796], [79.8659351, 6.8501961], [79.8659246, 6.8507054], [79.86592, 6.8507984], [79.8659165, 6.8508996], [79.8659109, 6.8510604]]}}, {"type": "Feature", "properties": {"osm_id": 50071264, "highway": "secondary", "name": "", "access": null, "foot": null, "oneway": "yes"}, "geometry": {"type": "LineString", "coordinates": [[79.8658205, 6.8530698], [79.8659972, 6.8519824], [79.8660075, 6.8519189], [79.8660447, 6.8516696], [79.8660504, 6.8516226], [79.8660553, 6.8515298], [79.8660662, 6.8513212]]}}, {"type": "Feature", "properties": {"osm_id": 50071266, "highway": "trunk", "name": "Galle Road", "access": null, "foot": null, "oneway": "yes"}, "geometry": {"type": "LineString", "coordinates": [[79.8657584, 6.8530956], [79.8657427, 6.8531898], [79.8656926, 6.853496], [79.8656079, 6.8539237], [79.8655693, 6.8541187], [79.8654976, 6.8545507], [79.8654466, 6.85486], [79.8654306, 6.8549573], [79.8653101, 6.8555358], [79.8652016, 6.8560429]]}}, {"type": "Feature", "properties": {"osm_id": 50071269, "highway": "secondary", "name": "", "access": null, "foot": null, "oneway": "yes"}, "geometry": {"type": "LineString", "coordinates": [[79.8660662, 6.8513212], [79.8660728, 6.8511535]]}}, {"type": "Feature", "properties": {"osm_id": 50133381, "highway": "trunk", "name": "Galle Road", "access": null, "foot": null, "oneway": "yes"}, "geometry": {"type": "LineString", "coordinates": [[79.8660244, 6.8498286], [79.8660385, 6.8494834], [79.8660508, 6.8489573], [79.8660549, 6.8486575], [79.8660563, 6.8484982], [79.866065, 6.8475213], [79.8661167, 6.846841], [79.8661441, 6.8465573], [79.8661745, 6.8462418], [79.866253, 6.8455803], [79.8663491, 6.8446499], [79.866376, 6.8443728], [79.8663795, 6.8443264], [79.8663888, 6.8442042], [79.8664032, 6.8439828], [79.8664482, 6.8435812], [79.8664919, 6.843358], [79.8665713, 6.8430627], [79.8666602, 6.84277], [79.866677, 6.8427175], [79.8667501, 6.8425164], [79.8668498, 6.8422319], [79.8668796, 6.8421261], [79.8669328, 6.8419509], [79.8671242, 6.8413361], [79.8672004, 6.8410648], [79.867229, 6.8409641], [79.8672826, 6.8407913], [79.8672913, 6.8407632], [79.867336, 6.8405898], [79.8673652, 6.8404766], [79.8673902, 6.840362], [79.8674241, 6.8401736], [79.8674671, 6.8399085], [79.8675131, 6.8395909], [79.8675398, 6.8393354], [79.8675518, 6.8390858], [79.8675536, 6.8390483], [79.8675541, 6.8389586], [79.8675585, 6.8388049], [79.8675568, 6.8385851], [79.8675455, 6.8382467], [79.8675424, 6.8381029], [79.8675099, 6.8374745], [79.8674931, 6.837333], [79.8674788, 6.8371514], [79.8674529, 6.8368702], [79.8674418, 6.8367127], [79.8674082, 6.8362342], [79.8673881, 6.8357196], [79.8673863, 6.8351032], [79.8673651, 6.8344908], [79.8673681, 6.8339984], [79.8673682, 6.8336925], [79.8673693, 6.8334696], [79.8673693, 6.8331765], [79.8673729, 6.8330465], [79.8673802, 6.8329013], [79.8673807, 6.8328933], [79.8673879, 6.8327916], [79.8674006, 6.8326147], [79.8674053, 6.8325652], [79.8674206, 6.8324031], [79.8675098, 6.8318056], [79.8675461, 6.8316031], [79.8675538, 6.83156], [79.8675852, 6.8313706], [79.8677078, 6.8309075], [79.8677945, 6.8306472], [79.8678375, 6.8305117]]}}, {"type": "Feature", "properties": {"osm_id": 50133642, "highway": "residential", "name": "Samudrasanna Road", "access": null, "foot": null, "oneway": null}, "geometry": {"type": "LineString", "coordinates": [[79.8676598, 6.8308297], [79.8674364, 6.8308014], [79.8669637, 6.8307131], [79.8664012, 6.8304747], [79.8662315, 6.8303714], [79.8660885, 6.8302851], [79.8656775, 6.8302206], [79.8650494, 6.8301038], [79.8647818, 6.8300786], [79.8647483, 6.8300879], [79.8647059, 6.8301229], [79.864536, 6.8303064], [79.8644549, 6.8303442], [79.8636511, 6.8305083]]}}, {"type": "Feature", "properties": {"osm_id": 50133644, "highway": "residential", "name": "St. Mary's Road", "access": null, "foot": null, "oneway": null}, "geometry": {"type": "LineString", "coordinates": [[79.8686614, 6.8281841], [79.86845, 6.8281204], [79.86828, 6.82806], [79.8681778, 6.8280428], [79.8679714, 6.8280355], [79.8671973, 6.828138], [79.8669541, 6.828152], [79.8663303, 6.8281884], [79.8657973, 6.8281494], [79.8654628, 6.828124], [79.8651358, 6.8280862], [79.8647303, 6.8280441], [79.8639545, 6.8279602], [79.8638466, 6.8280083], [79.8637402, 6.8279881], [79.8636058, 6.8279182]]}}, {"type": "Feature", "properties": {"osm_id": 50144667, "highway": "residential", "name": "Rodrigo Lane", "access": null, "foot": null, "oneway": null}, "geometry": {"type": "LineString", "coordinates": [[79.8633145, 6.8528264], [79.8646617, 6.8531775], [79.8656926, 6.853496]]}}, {"type": "Feature", "properties": {"osm_id": 50144668, "highway": "residential", "name": "Fernando Garden", "access": null, "foot": null, "oneway": null}, "geometry": {"type": "LineString", "coordinates": [[79.8619845, 6.8522726], [79.8633551, 6.8525997]]}}, {"type": "Feature", "properties": {"osm_id": 50145434, "highway": "residential", "name": "Inner Fairline Road", "access": null, "foot": null, "oneway": null}, "geometry": {"type": "LineString", "coordinates": [[79.8615916, 6.8536884], [79.8623717, 6.8539019], [79.8644678, 6.8545565]]}}, {"type": "Feature", "properties": {"osm_id": 50366698, "highway": "residential", "name": "Vijitha Road", "access": null, "foot": null, "oneway": null}, "geometry": {"type": "LineString", "coordinates": [[79.8788924, 6.8497609], [79.878995, 6.8494792], [79.8790581, 6.8493485], [79.8791454, 6.8492191], [79.8792244, 6.8491557], [79.879292, 6.849073], [79.8793522, 6.8489565], [79.8793955, 6.8486376], [79.8794088, 6.8482597], [79.8794299, 6.848079], [79.8794521, 6.8478073], [79.8794553, 6.8477732], [79.8794661, 6.847657], [79.8794571, 6.8474694], [79.8794234, 6.847411], [79.8794046, 6.847292], [79.8793839, 6.847094]]}}, {"type": "Feature", "properties": {"osm_id": 50366699, "highway": "residential", "name": "Dhammalankara Mawatha", "access": null, "foot": null, "oneway": null}, "geometry": {"type": "LineString", "coordinates": [[79.8689967, 6.8507739], [79.868977, 6.8504446]]}}, {"type": "Feature", "properties": {"osm_id": 50366702, "highway": "residential", "name": "Vijaya Road", "access": null, "foot": null, "oneway": null}, "geometry": {"type": "LineString", "coordinates": [[79.8675131, 6.8395909], [79.8679252, 6.8395459], [79.8684207, 6.8395752], [79.8688412, 6.8396137], [79.8688834, 6.8395891], [79.8689032, 6.8394673], [79.8689432, 6.8394369], [79.8691742, 6.8394602], [79.869554, 6.8394903], [79.8699287, 6.8395684], [79.87032, 6.8396915], [79.8706847, 6.83982], [79.8708972, 6.8398588], [79.8710915, 6.8398965], [79.8712354, 6.8399389]]}}, {"type": "Feature", "properties": {"osm_id": 50366705, "highway": "residential", "name": "Gnyanathilaka Road", "access": null, "foot": null, "oneway": null}, "geometry": {"type": "LineString", "coordinates": [[79.8701002, 6.8425542], [79.8701763, 6.842352], [79.8702392, 6.8421357]]}}, {"type": "Feature", "properties": {"osm_id": 50366707, "highway": "tertiary", "name": "Sudarma Mawatha", "access": null, "foot": null, "oneway": null}, "geometry": {"type": "LineString", "coordinates": [[79.8737208, 6.847132], [79.8735891, 6.8466723], [79.8732005, 6.8461878], [79.8731032, 6.8460388], [79.8728274, 6.8457136], [79.8726879, 6.8455538], [79.8726515, 6.8453834], [79.8725391, 6.8451447]]}}, {"type": "Feature", "properties": {"osm_id": 51133731, "highway": "tertiary", "name": "Sea Beach Road/Sri Gnanendra Road", "access": null, "foot": null, "oneway": null}, "geometry": {"type": "LineString", "coordinates": [[79.8672419, 6.8167516], [79.8672911, 6.8164929], [79.8673109, 6.8163828], [79.8674312, 6.8159795], [79.867595, 6.8154747], [79.8677173, 6.8150682], [79.8677503, 6.814934], [79.8677656, 6.8148742], [79.8678225, 6.8147085], [79.8679245, 6.8143549], [79.8680546, 6.8139813], [79.8681099, 6.8137784], [79.868201, 6.8135694], [79.8682897, 6.8133586], [79.8683184, 6.8132579], [79.8683428, 6.8130543], [79.8683783, 6.8129601], [79.868604, 6.8123433], [79.8686193, 6.8122996], [79.8687227, 6.8120175], [79.8687403, 6.811969], [79.8687952, 6.8117652], [79.868858, 6.8115046], [79.8688815, 6.8113041], [79.8688908, 6.8108875], [79.8688985, 6.8107651], [79.8689109, 6.8105366], [79.8688862, 6.8103802], [79.8688925, 6.8101818], [79.8689042, 6.8100883], [79.8689795, 6.8098592], [79.8691049, 6.8095304], [79.8691883, 6.8093281], [79.8692646, 6.8091508], [79.8693746, 6.8089776], [79.8694553, 6.8088498], [79.8695254, 6.8086434], [79.8695713, 6.8084571], [79.8696459, 6.8079787], [79.8697311, 6.8076646], [79.8698264, 6.8073831], [79.8698601, 6.8072817], [79.8699232, 6.8070785], [79.8700082, 6.8067505], [79.8700556, 6.8066206], [79.8700726, 6.8065883], [79.87023, 6.8062886], [79.8703262, 6.8060352], [79.8703962, 6.8058767], [79.8705792, 6.8053118], [79.8706376, 6.805105], [79.8706482, 6.8050711], [79.8706694, 6.8050088], [79.8707172, 6.8048852], [79.8707327, 6.8048552], [79.8707811, 6.8047617], [79.8709529, 6.804464], [79.8710973, 6.8041278], [79.8712709, 6.8036693], [79.8713934, 6.8033291], [79.8714569, 6.8031451], [79.8715283, 6.8029337], [79.8716706, 6.8024961], [79.8717713, 6.8022136], [79.8723164, 6.8004103], [79.8724182, 6.8001017], [79.8725489, 6.7997054], [79.8726693, 6.7993717], [79.8726981, 6.7993257], [79.8727613, 6.7992523], [79.8728062, 6.7991812], [79.872837, 6.799104], [79.87285, 6.7990805], [79.8729147, 6.7987445], [79.8729269, 6.7986484], [79.872904, 6.7984648], [79.8729228, 6.7983542], [79.8729563, 6.798171], [79.8730797, 6.7974189], [79.8732402, 6.7966346], [79.8733414, 6.7961527], [79.8736003, 6.7949796]]}}, {"type": "Feature", "properties": {"osm_id": 51133732, "highway": "service", "name": "", "access": null, "foot": null, "oneway": "yes"}, "geometry": {"type": "LineString", "coordinates": [[79.8677656, 6.8148742], [79.8673385, 6.8147468], [79.8672581, 6.8147402], [79.8672165, 6.8147522], [79.867195, 6.8147801], [79.867187, 6.8148134], [79.8671857, 6.814868], [79.8672111, 6.8149146], [79.867246, 6.8149466], [79.8672809, 6.8149705], [79.8673439, 6.8149799], [79.8674203, 6.8149799], [79.8677503, 6.814934]]}}, {"type": "Feature", "properties": {"osm_id": 53263127, "highway": "residential", "name": "5th Lane", "access": null, "foot": null, "oneway": null}, "geometry": {"type": "LineString", "coordinates": [[79.874992, 6.8415769], [79.8752068, 6.8419832], [79.8753396, 6.842163], [79.8755285, 6.8422706], [79.8759144, 6.8423869]]}}, {"type": "Feature", "properties": {"osm_id": 53263128, "highway": "residential", "name": "", "access": null, "foot": null, "oneway": null}, "geometry": {"type": "LineString", "coordinates": [[79.8738102, 6.843207], [79.8742557, 6.8430455], [79.8748083, 6.8426946], [79.8750023, 6.8426836], [79.8752106, 6.8426993], [79.875771, 6.8429411]]}}, {"type": "Feature", "properties": {"osm_id": 53263129, "highway": "residential", "name": "", "access": null, "foot": null, "oneway": null}, "geometry": {"type": "LineString", "coordinates": [[79.8745308, 6.8423836], [79.8737414, 6.8428228]]}}, {"type": "Feature", "properties": {"osm_id": 53263130, "highway": "residential", "name": "", "access": null, "foot": null, "oneway": null}, "geometry": {"type": "LineString", "coordinates": [[79.8733223, 6.8438285], [79.873936, 6.8436325]]}}, {"type": "Feature", "properties": {"osm_id": 53263131, "highway": "residential", "name": "", "access": null, "foot": null, "oneway": null}, "geometry": {"type": "LineString", "coordinates": [[79.8753825, 6.8470724], [79.8753579, 6.8469775], [79.8753361, 6.8469158], [79.8753465, 6.8468154], [79.8753492, 6.8466491], [79.8753414, 6.8462326], [79.8753051, 6.8461791], [79.875227, 6.8461656], [79.8750554, 6.8461417], [79.874983, 6.8460804], [79.8749762, 6.8456051], [79.8749628, 6.8455465], [79.8749172, 6.8455145], [79.8743848, 6.8455078]]}}, {"type": "Feature", "properties": {"osm_id": 53263132, "highway": "residential", "name": "Kawdana Broadway", "access": null, "foot": null, "oneway": null}, "geometry": {"type": "LineString", "coordinates": [[79.8740835, 6.8446696], [79.8740358, 6.8440607], [79.873936, 6.8436325], [79.8738696, 6.8433691], [79.8738102, 6.843207], [79.8736761, 6.8428992]]}}, {"type": "Feature", "properties": {"osm_id": 53263133, "highway": "residential", "name": "", "access": null, "foot": null, "oneway": null}, "geometry": {"type": "LineString", "coordinates": [[79.874365, 6.8398735], [79.8741577, 6.8401217], [79.8740349, 6.8402383], [79.8739633, 6.840329], [79.8734814, 6.8409058], [79.8732491, 6.8411558], [79.8729244, 6.8415053]]}}, {"type": "Feature", "properties": {"osm_id": 53263135, "highway": "residential", "name": "2nd Lane", "access": null, "foot": null, "oneway": null}, "geometry": {"type": "LineString", "coordinates": [[79.8754867, 6.8407979], [79.8747962, 6.8413292], [79.8745828, 6.8414235], [79.8743594, 6.8415222], [79.8741529, 6.8416135], [79.873486, 6.8421554]]}}, {"type": "Feature", "properties": {"osm_id": 53263136, "highway": "residential", "name": "3rd Lane", "access": null, "foot": null, "oneway": null}, "geometry": {"type": "LineString", "coordinates": [[79.8741833, 6.8421132], [79.8736335, 6.8424617]]}}, {"type": "Feature", "properties": {"osm_id": 53263138, "highway": "residential", "name": "", "access": null, "foot": null, "oneway": null}, "geometry": {"type": "LineString", "coordinates": [[79.8689113, 6.8423895], [79.8688515, 6.8428317]]}}, {"type": "Feature", "properties": {"osm_id": 53263139, "highway": "residential", "name": "Fonseka Road", "access": null, "foot": null, "oneway": null}, "geometry": {"type": "LineString", "coordinates": [[79.8679105, 6.8421529], [79.8679451, 6.8419592], [79.8679615, 6.8418824], [79.8680321, 6.8415526], [79.8680221, 6.8415203], [79.8679579, 6.8414741], [79.867941, 6.8413936], [79.8681487, 6.8405859]]}}, {"type": "Feature", "properties": {"osm_id": 53263140, "highway": "residential", "name": "De Silva Lane", "access": null, "foot": null, "oneway": null}, "geometry": {"type": "LineString", "coordinates": [[79.8731057, 6.8395337], [79.8730715, 6.8395174], [79.8727556, 6.8393779], [79.8726962, 6.8393517]]}}, {"type": "Feature", "properties": {"osm_id": 53263141, "highway": "residential", "name": "Samagi Mawatha", "access": null, "foot": null, "oneway": null}, "geometry": {"type": "LineString", "coordinates": [[79.8707529, 6.8455433], [79.87039, 6.8457029], [79.8703194, 6.8457601], [79.8701264, 6.8460686], [79.8700731, 6.8461154], [79.8700035, 6.8461399], [79.8698407, 6.8461359], [79.8697711, 6.8461613], [79.8696911, 6.8462236], [79.8696151, 6.8463071], [79.8694922, 6.8465342], [79.8693338, 6.8470779], [79.8692709, 6.8474559], [79.869252, 6.8478481]]}}, {"type": "Feature", "properties": {"osm_id": 53263142, "highway": "residential", "name": "Pokuna Road", "access": null, "foot": null, "oneway": null}, "geometry": {"type": "LineString", "coordinates": [[79.8701434, 6.8450502], [79.8693334, 6.8456064], [79.8688811, 6.8459675], [79.8686853, 6.8461992], [79.8686239, 6.8463696], [79.8683043, 6.8477382]]}}, {"type": "Feature", "properties": {"osm_id": 53263143, "highway": "residential", "name": "", "access": null, "foot": null, "oneway": null}, "geometry": {"type": "LineString", "coordinates": [[79.8678199, 6.8454583], [79.8680197, 6.8457604], [79.8680681, 6.8458034], [79.868136, 6.8458049], [79.8687333, 6.8454719], [79.8692173, 6.8450988], [79.8698028, 6.8447027]]}}, {"type": "Feature", "properties": {"osm_id": 53263144, "highway": "residential", "name": "Union Garden", "access": null, "foot": null, "oneway": null}, "geometry": {"type": "LineString", "coordinates": [[79.8701308, 6.8490625], [79.8698917, 6.8490961], [79.8696871, 6.8491213], [79.8697344, 6.8494457], [79.8697209, 6.849518], [79.8693001, 6.8495631], [79.8689564, 6.8496561]]}}, {"type": "Feature", "properties": {"osm_id": 53263145, "highway": "residential", "name": "", "access": null, "foot": null, "oneway": null}, "geometry": {"type": "LineString", "coordinates": [[79.8746205, 6.8510294], [79.8756355, 6.8511525], [79.8757843, 6.8511675], [79.8758575, 6.8511749], [79.876026, 6.8511892], [79.8760674, 6.8511948], [79.8761024, 6.8511947], [79.8765513, 6.8512165], [79.8770288, 6.8512341], [79.8772282, 6.8512282]]}}, {"type": "Feature", "properties": {"osm_id": 53263146, "highway": "residential", "name": "", "access": null, "foot": null, "oneway": null}, "geometry": {"type": "LineString", "coordinates": [[79.8745629, 6.8505617], [79.8754495, 6.8505597], [79.875703, 6.8505821], [79.8758612, 6.850585], [79.8759471, 6.8505916], [79.8760115, 6.8506103]]}}, {"type": "Feature", "properties": {"osm_id": 53263147, "highway": "residential", "name": "", "access": null, "foot": null, "oneway": null}, "geometry": {"type": "LineString", "coordinates": [[79.8716833, 6.848001], [79.8716258, 6.8483037], [79.8715843, 6.8485794], [79.8713817, 6.8488926], [79.8713013, 6.8490698], [79.8713053, 6.8492399], [79.8713504, 6.8495572], [79.8714056, 6.8497088], [79.8715066, 6.849854], [79.8715934, 6.8503346]]}}, {"type": "Feature", "properties": {"osm_id": 53263148, "highway": "residential", "name": "", "access": null, "foot": null, "oneway": null}, "geometry": {"type": "LineString", "coordinates": [[79.8757529, 6.8539943], [79.8761393, 6.8538785], [79.8764551, 6.8537425]]}}, {"type": "Feature", "properties": {"osm_id": 53263149, "highway": "residential", "name": "Wendesi Watte Road", "access": null, "foot": null, "oneway": null}, "geometry": {"type": "LineString", "coordinates": [[79.8771885, 6.8525843], [79.8760275, 6.85294]]}}, {"type": "Feature", "properties": {"osm_id": 53263152, "highway": "residential", "name": "Quarry road", "access": null, "foot": null, "oneway": null}, "geometry": {"type": "LineString", "coordinates": [[79.8757934, 6.8498549], [79.875783, 6.849961], [79.8757649, 6.8502262], [79.8757435, 6.8503963], [79.875703, 6.8505821], [79.8756908, 6.8506618], [79.8756733, 6.8507772], [79.8756355, 6.8511525], [79.8756315, 6.8512184], [79.8756286, 6.8512938], [79.8756225, 6.8513814], [79.8756159, 6.8514485], [79.8756098, 6.851512], [79.8755937, 6.8516194], [79.8755866, 6.8517055], [79.8755841, 6.8517434], [79.8755877, 6.8517899], [79.8755969, 6.8518369], [79.8755981, 6.8519376], [79.8756113, 6.8521197]]}}, {"type": "Feature", "properties": {"osm_id": 53263154, "highway": "residential", "name": "Piyadarsanarama Road", "access": null, "foot": null, "oneway": null}, "geometry": {"type": "LineString", "coordinates": [[79.8753885, 6.8524675], [79.874321, 6.8526961], [79.8740398, 6.8527606], [79.8738352, 6.8528046], [79.8735931, 6.8528865], [79.8734367, 6.8529457], [79.8728317, 6.8531775]]}}, {"type": "Feature", "properties": {"osm_id": 53263159, "highway": "residential", "name": "Quarry Road", "access": null, "foot": null, "oneway": null}, "geometry": {"type": "LineString", "coordinates": [[79.8756113, 6.8521197], [79.8756692, 6.8524337], [79.8757059, 6.8525149], [79.8758357, 6.852665], [79.8760275, 6.85294], [79.8761002, 6.85307], [79.8762092, 6.8533386], [79.8762219, 6.8533697], [79.8762621, 6.8534688], [79.87634, 6.8535792], [79.8764551, 6.8537425], [79.8765628, 6.8538464], [79.8768185, 6.8541092], [79.8768852, 6.8542669], [79.8769147, 6.8544394], [79.876934, 6.8546811], [79.8770153, 6.8549589], [79.8770265, 6.8551442], [79.8770457, 6.8554628], [79.8771547, 6.855909], [79.877148, 6.8561045], [79.8771523, 6.856187], [79.8770553, 6.856367]]}}, {"type": "Feature", "properties": {"osm_id": 53263161, "highway": "residential", "name": "Piyaratnama road", "access": null, "foot": null, "oneway": null}, "geometry": {"type": "LineString", "coordinates": [[79.8756113, 6.8521197], [79.875461, 6.8523481], [79.8753885, 6.8524675], [79.8753428, 6.8526181], [79.8752965, 6.8527942], [79.8752604, 6.8529247], [79.8752388, 6.8530027], [79.8752152, 6.8531738], [79.875208, 6.853293], [79.8752256, 6.85341], [79.8752481, 6.8535085], [79.8752993, 6.8536347], [79.8753178, 6.8537302], [79.875355, 6.853896], [79.8753979, 6.8541884], [79.875417, 6.854283], [79.8754534, 6.8544758], [79.8755005, 6.8548496], [79.8755325, 6.8551838], [79.8756381, 6.8555232], [79.8757558, 6.8557768], [79.8758764, 6.8559677], [79.8759076, 6.8560396]]}}, {"type": "Feature", "properties": {"osm_id": 53347997, "highway": "residential", "name": "Rupasinghe Road", "access": null, "foot": null, "oneway": null}, "geometry": {"type": "LineString", "coordinates": [[79.8802587, 6.8506169], [79.8800978, 6.8509684], [79.8800195, 6.85112], [79.8798962, 6.8512213], [79.8798522, 6.8513146], [79.8798194, 6.8515817], [79.8798201, 6.8516937], [79.8798587, 6.8518373], [79.8799369, 6.8518992], [79.8799798, 6.8519644], [79.8800018, 6.8521324], [79.8800672, 6.8526107], [79.880181, 6.8533426], [79.8802525, 6.8538077], [79.8802988, 6.8541015]]}}, {"type": "Feature", "properties": {"osm_id": 53347998, "highway": "residential", "name": "", "access": null, "foot": null, "oneway": null}, "geometry": {"type": "LineString", "coordinates": [[79.8791209, 6.8523106], [79.8794451, 6.852124], [79.8795108, 6.852069], [79.8796243, 6.8519369], [79.8797384, 6.8518779], [79.8798587, 6.8518373]]}}, {"type": "Feature", "properties": {"osm_id": 53347999, "highway": "residential", "name": "Field Avenue", "access": null, "foot": null, "oneway": null}, "geometry": {"type": "LineString", "coordinates": [[79.8803341, 6.8467775], [79.8808048, 6.8474586], [79.8809383, 6.8478064], [79.8809534, 6.8479246], [79.8809535, 6.848059], [79.880936, 6.8482538], [79.8809259, 6.8482618], [79.8808841, 6.8482788]]}}, {"type": "Feature", "properties": {"osm_id": 53348000, "highway": "residential", "name": "", "access": null, "foot": null, "oneway": null}, "geometry": {"type": "LineString", "coordinates": [[79.8790758, 6.842435], [79.8791739, 6.8425753], [79.8801729, 6.8440033], [79.8806328, 6.8445725], [79.8812003, 6.8453356], [79.8813679, 6.8454531]]}}, {"type": "Feature", "properties": {"osm_id": 53348003, "highway": "residential", "name": "Bodhiraja Mawatha", "access": null, "foot": null, "oneway": null}, "geometry": {"type": "LineString", "coordinates": [[79.8786567, 6.8511908], [79.8787379, 6.8512286], [79.8787446, 6.8513226], [79.8787864, 6.8516078], [79.8789171, 6.851863], [79.8790365, 6.8520433], [79.8791209, 6.8523106], [79.8791694, 6.8526513], [79.8793253, 6.8532254], [79.8793245, 6.8533123]]}}, {"type": "Feature", "properties": {"osm_id": 53348005, "highway": "residential", "name": "Parakumba Road", "access": null, "foot": null, "oneway": null}, "geometry": {"type": "LineString", "coordinates": [[79.8777071, 6.8513776], [79.8779123, 6.8513598], [79.8783095, 6.8512835], [79.8785957, 6.8511876], [79.8786567, 6.8511908]]}}, {"type": "Feature", "properties": {"osm_id": 53372490, "highway": "residential", "name": "Somananda Road", "access": null, "foot": null, "oneway": null}, "geometry": {"type": "LineString", "coordinates": [[79.8782237, 6.848516], [79.8782137, 6.8485623], [79.8781243, 6.8495832]]}}, {"type": "Feature", "properties": {"osm_id": 53497735, "highway": "residential", "name": "", "access": null, "foot": null, "oneway": null}, "geometry": {"type": "LineString", "coordinates": [[79.8694576, 6.8531108], [79.8689714, 6.8530718], [79.8684797, 6.8530555]]}}, {"type": "Feature", "properties": {"osm_id": 53497736, "highway": "residential", "name": "Liyanage Road", "access": null, "foot": null, "oneway": null}, "geometry": {"type": "LineString", "coordinates": [[79.8710566, 6.853026], [79.8707493, 6.8530915], [79.8706109, 6.8531371], [79.8704603, 6.8532277], [79.8701345, 6.8534302], [79.8699043, 6.8535702], [79.8696527, 6.8536814], [79.869424, 6.8537928], [79.8692787, 6.8538635], [79.8691149, 6.8538732], [79.8684551, 6.853899], [79.8677608, 6.8539362]]}}, {"type": "Feature", "properties": {"osm_id": 53497738, "highway": "residential", "name": "", "access": null, "foot": null, "oneway": null}, "geometry": {"type": "LineString", "coordinates": [[79.8755981, 6.8519376], [79.874739, 6.8518034], [79.874426, 6.8517576], [79.8743833, 6.8517493], [79.8742485, 6.8517311], [79.8738766, 6.8517393], [79.8731738, 6.851955], [79.8731404, 6.8525111], [79.8730037, 6.8526177], [79.8728139, 6.8526567], [79.8726757, 6.8526611], [79.8724291, 6.8527288]]}}, {"type": "Feature", "properties": {"osm_id": 53497739, "highway": "service", "name": "", "access": null, "foot": null, "oneway": null}, "geometry": {"type": "LineString", "coordinates": [[79.874426, 6.8517576], [79.8743198, 6.852186], [79.8742963, 6.8525249], [79.874321, 6.8526961]]}}, {"type": "Feature", "properties": {"osm_id": 53497741, "highway": "residential", "name": "Hill House Garden Road", "access": null, "foot": null, "oneway": null}, "geometry": {"type": "LineString", "coordinates": [[79.8660447, 6.8516696], [79.8665509, 6.8516415], [79.867226, 6.8515662], [79.8673181, 6.8516256], [79.8673731, 6.8517348], [79.8673791, 6.8525023], [79.8673797, 6.8525763], [79.8673655, 6.8526208]]}}, {"type": "Feature", "properties": {"osm_id": 53497742, "highway": "residential", "name": "Hill House Garden", "access": null, "foot": null, "oneway": null}, "geometry": {"type": "LineString", "coordinates": [[79.8673655, 6.8526208], [79.8673244, 6.8526523], [79.8668816, 6.8526481], [79.8668543, 6.8526748], [79.8668326, 6.8527031], [79.8667813, 6.8532845], [79.8667669, 6.8539034]]}}, {"type": "Feature", "properties": {"osm_id": 53497743, "highway": "residential", "name": "Malwatta Road", "access": null, "foot": null, "oneway": null}, "geometry": {"type": "LineString", "coordinates": [[79.8684583, 6.8533323], [79.8678502, 6.853557], [79.8677778, 6.8535549], [79.8672904, 6.8533236], [79.8667813, 6.8532845]]}}, {"type": "Feature", "properties": {"osm_id": 53497744, "highway": "residential", "name": "Malwatta Road", "access": null, "foot": null, "oneway": null}, "geometry": {"type": "LineString", "coordinates": [[79.8689617, 6.8542778], [79.8686805, 6.8543961], [79.8685996, 6.8543961], [79.8684612, 6.8542186], [79.8684551, 6.853899], [79.8684583, 6.8533323], [79.8684795, 6.8530813], [79.8684797, 6.8530555], [79.8683616, 6.8519321], [79.8684187, 6.8514939], [79.868458, 6.8514025], [79.8685224, 6.8513007], [79.8685033, 6.8511784], [79.8684565, 6.8508786]]}}, {"type": "Feature", "properties": {"osm_id": 53498691, "highway": "tertiary", "name": "Kadawata Road", "access": null, "foot": null, "oneway": null}, "geometry": {"type": "LineString", "coordinates": [[79.8784921, 6.8564456], [79.8786756, 6.8558703], [79.8786775, 6.8558649], [79.8788722, 6.8553331], [79.8788619, 6.8552451], [79.8788162, 6.8551415], [79.8787652, 6.8550259], [79.878732, 6.8549505], [79.8786657, 6.8548466], [79.8785244, 6.8545197], [79.8784332, 6.8541282], [79.8784032, 6.8540014], [79.8782548, 6.8534683], [79.8782271, 6.8533037], [79.8781837, 6.8529635], [79.8781627, 6.8528722], [79.8780876, 6.8526316], [79.8780497, 6.8525435], [79.877999, 6.8524256], [79.8779534, 6.8523545], [79.8778898, 6.8522555], [79.8777494, 6.8520332], [79.8777081, 6.8519043], [79.8776913, 6.8517536], [79.8777071, 6.8513776], [79.8777656, 6.8505765], [79.877767, 6.8503613], [79.8777456, 6.8501626], [79.8776852, 6.8499059], [79.8776041, 6.8496046]]}}, {"type": "Feature", "properties": {"osm_id": 53755641, "highway": "residential", "name": "Bodhiraja Mawatha", "access": null, "foot": null, "oneway": null}, "geometry": {"type": "LineString", "coordinates": [[79.8727893, 6.8424428], [79.8726288, 6.8426161], [79.8725918, 6.8426582], [79.8725288, 6.8427707]]}}, {"type": "Feature", "properties": {"osm_id": 53755642, "highway": "residential", "name": "", "access": null, "foot": null, "oneway": null}, "geometry": {"type": "LineString", "coordinates": [[79.8722747, 6.8429197], [79.8718995, 6.8425783]]}}, {"type": "Feature", "properties": {"osm_id": 53755644, "highway": "residential", "name": "", "access": null, "foot": null, "oneway": null}, "geometry": {"type": "LineString", "coordinates": [[79.8736761, 6.8428992], [79.8732733, 6.8430392], [79.8730271, 6.8431776], [79.8728831, 6.8432326], [79.8725288, 6.8427707]]}}, {"type": "Feature", "properties": {"osm_id": 53755646, "highway": "tertiary", "name": "Watarappola Road", "access": null, "foot": null, "oneway": null}, "geometry": {"type": "LineString", "coordinates": [[79.8726962, 6.8393517], [79.8726677, 6.8393547], [79.8724041, 6.8392918], [79.8719546, 6.8392269], [79.8715929, 6.8391954], [79.871394, 6.8391429], [79.8706434, 6.8388809], [79.8705907, 6.838845], [79.8702554, 6.8387822], [79.8697701, 6.8386965], [79.869526, 6.8386295], [79.8692826, 6.8385635], [79.8688669, 6.8384134], [79.868526, 6.8383314], [79.8681362, 6.8382666]]}}, {"type": "Feature", "properties": {"osm_id": 53755647, "highway": "residential", "name": "Mihindu Road", "access": null, "foot": null, "oneway": null}, "geometry": {"type": "LineString", "coordinates": [[79.8692604, 6.8442535], [79.8691697, 6.8443974], [79.8688988, 6.8447635], [79.8687598, 6.8448939], [79.8686272, 6.8449888], [79.868417, 6.8450926], [79.8682041, 6.8452511], [79.8678199, 6.8454583], [79.867572, 6.8455338], [79.8674906, 6.8455562], [79.8673278, 6.8455927], [79.8670529, 6.8456118], [79.8667984, 6.8456024], [79.8667293, 6.8456009], [79.866253, 6.8455803], [79.8661875, 6.8455768]]}}, {"type": "Feature", "properties": {"osm_id": 53755648, "highway": "residential", "name": "Alwis Place", "access": null, "foot": null, "oneway": null}, "geometry": {"type": "LineString", "coordinates": [[79.867357, 6.8438464], [79.8667259, 6.8439057], [79.8664032, 6.8439828]]}}, {"type": "Feature", "properties": {"osm_id": 53755649, "highway": "residential", "name": "", "access": null, "foot": null, "oneway": null}, "geometry": {"type": "LineString", "coordinates": [[79.8677668, 6.8437498], [79.8677677, 6.8436916], [79.8677033, 6.8435984], [79.8675907, 6.8434998], [79.8675067, 6.8434688], [79.867417, 6.8434233], [79.8664919, 6.843358]]}}, {"type": "Feature", "properties": {"osm_id": 53755650, "highway": "residential", "name": "", "access": null, "foot": null, "oneway": null}, "geometry": {"type": "LineString", "coordinates": [[79.8711389, 6.8423076], [79.8716508, 6.842754]]}}, {"type": "Feature", "properties": {"osm_id": 53755652, "highway": "residential", "name": "", "access": null, "foot": null, "oneway": null}, "geometry": {"type": "LineString", "coordinates": [[79.8717934, 6.8415975], [79.8716866, 6.8417075], [79.8716481, 6.8417419], [79.8714557, 6.8419636], [79.8713763, 6.8420491], [79.8713368, 6.8420764], [79.8711389, 6.8423076], [79.8709528, 6.8424807]]}}, {"type": "Feature", "properties": {"osm_id": 53755654, "highway": "residential", "name": "Sasthrananda Pirivena Mawatha", "access": null, "foot": null, "oneway": null}, "geometry": {"type": "LineString", "coordinates": [[79.8736655, 6.8485926], [79.8738483, 6.849095], [79.8739421, 6.8491802], [79.8740709, 6.8492175], [79.8741084, 6.8492494], [79.874154, 6.8494225], [79.8742217, 6.850021]]}}, {"type": "Feature", "properties": {"osm_id": 53755655, "highway": "tertiary", "name": "Pagnaloka Mawatha", "access": null, "foot": null, "oneway": null}, "geometry": {"type": "LineString", "coordinates": [[79.8725391, 6.8451447], [79.872488, 6.8450304], [79.8723996, 6.8448603], [79.8723475, 6.844781], [79.8722644, 6.8446669], [79.8722557, 6.8446496], [79.8722557, 6.8446323], [79.8722584, 6.8446157], [79.8722624, 6.8445964], [79.8723254, 6.8445285], [79.8723308, 6.8445045], [79.8723264, 6.8444774], [79.8723137, 6.8444573], [79.8722943, 6.8444363], [79.8722233, 6.8443692], [79.8720881, 6.844245], [79.8719812, 6.8441408], [79.8718887, 6.8440655], [79.871833, 6.8440152], [79.8717873, 6.8439649], [79.8717012, 6.8438491], [79.8714714, 6.8435846], [79.8714224, 6.8435337], [79.8712232, 6.8433245], [79.8711985, 6.8433178]]}}, {"type": "Feature", "properties": {"osm_id": 53757715, "highway": "residential", "name": "", "access": null, "foot": null, "oneway": null}, "geometry": {"type": "LineString", "coordinates": [[79.8695488, 6.8354401], [79.8695379, 6.8357595], [79.8694115, 6.8366749], [79.8694131, 6.8370785]]}}, {"type": "Feature", "properties": {"osm_id": 53757716, "highway": "residential", "name": "", "access": null, "foot": null, "oneway": null}, "geometry": {"type": "LineString", "coordinates": [[79.8700708, 6.834175], [79.8700449, 6.8341589], [79.8694582, 6.8341751], [79.8693708, 6.8341544], [79.8689891, 6.8341872]]}}, {"type": "Feature", "properties": {"osm_id": 53757717, "highway": "residential", "name": "", "access": null, "foot": null, "oneway": null}, "geometry": {"type": "LineString", "coordinates": [[79.869938, 6.8337192], [79.8691301, 6.8336043]]}}, {"type": "Feature", "properties": {"osm_id": 53757718, "highway": "residential", "name": "Templer Place", "access": null, "foot": null, "oneway": null}, "geometry": {"type": "LineString", "coordinates": [[79.8690082, 6.8308713], [79.8689559, 6.8313107], [79.8689412, 6.8318428], [79.8689554, 6.8319643], [79.8689948, 6.8324106], [79.8689779, 6.8328976]]}}, {"type": "Feature", "properties": {"osm_id": 53757719, "highway": "residential", "name": "", "access": null, "foot": null, "oneway": null}, "geometry": {"type": "LineString", "coordinates": [[79.870941, 6.8327139], [79.8707999, 6.8324958], [79.8706359, 6.8322971], [79.8705109, 6.8321819], [79.870394, 6.8320688], [79.8699863, 6.8319942], [79.8697327, 6.8319871], [79.8689554, 6.8319643]]}}, {"type": "Feature", "properties": {"osm_id": 53757720, "highway": "residential", "name": "", "access": null, "foot": null, "oneway": null}, "geometry": {"type": "LineString", "coordinates": [[79.871131, 6.8332422], [79.8710883, 6.8332455], [79.8706079, 6.8330568]]}}, {"type": "Feature", "properties": {"osm_id": 53757721, "highway": "residential", "name": "", "access": null, "foot": null, "oneway": null}, "geometry": {"type": "LineString", "coordinates": [[79.8710534, 6.8341523], [79.8705024, 6.8339701], [79.8704648, 6.8339154], [79.870466, 6.8338796], [79.8705191, 6.8337698], [79.8705755, 6.8336629], [79.8705668, 6.83359], [79.870528, 6.8335319], [79.8702813, 6.8334101]]}}, {"type": "Feature", "properties": {"osm_id": 53757722, "highway": "residential", "name": "", "access": null, "foot": null, "oneway": null}, "geometry": {"type": "LineString", "coordinates": [[79.871042, 6.8339479], [79.8705191, 6.8337698]]}}, {"type": "Feature", "properties": {"osm_id": 53757723, "highway": "residential", "name": "", "access": null, "foot": null, "oneway": null}, "geometry": {"type": "LineString", "coordinates": [[79.8688631, 6.8353856], [79.8688747, 6.8350452], [79.8688791, 6.8347065], [79.8689891, 6.8341872], [79.8691301, 6.8336043], [79.8691998, 6.833417], [79.8693141, 6.8330283]]}}, {"type": "Feature", "properties": {"osm_id": 53757724, "highway": "residential", "name": "Dhakshinaramna Road", "access": null, "foot": null, "oneway": null}, "geometry": {"type": "LineString", "coordinates": [[79.8703919, 6.8353533], [79.8702529, 6.835351], [79.8700442, 6.8353627], [79.8696975, 6.8353682], [79.8696551, 6.8353573], [79.8696217, 6.8353658], [79.8695958, 6.8353946], [79.8695804, 6.8354222], [79.8695488, 6.8354401], [79.8692399, 6.8353993], [79.8688631, 6.8353856], [79.8680752, 6.8352398], [79.8673863, 6.8351032], [79.8673192, 6.8350896]]}}, {"type": "Feature", "properties": {"osm_id": 53757725, "highway": "residential", "name": "Simon Abeywickrema Avenue", "access": null, "foot": null, "oneway": null}, "geometry": {"type": "LineString", "coordinates": [[79.864746, 6.8338725], [79.8648591, 6.8338402], [79.8650005, 6.8338129], [79.8652199, 6.83381], [79.8656666, 6.8338128]]}}, {"type": "Feature", "properties": {"osm_id": 53757726, "highway": "residential", "name": "Circular Road", "access": null, "foot": null, "oneway": null}, "geometry": {"type": "LineString", "coordinates": [[79.8665306, 6.8351686], [79.8665401, 6.8350505], [79.8665325, 6.8348966], [79.8665191, 6.8347583], [79.8664977, 6.8346423], [79.8664561, 6.8345291], [79.8664299, 6.8344664], [79.866385, 6.8343653], [79.8663689, 6.8342748], [79.8663736, 6.8341836], [79.8663761, 6.8341327], [79.866387, 6.8340784], [79.8664064, 6.8339909], [79.8664702, 6.8337781], [79.866505, 6.8335025], [79.8665357, 6.8330444], [79.866561, 6.8325255]]}}, {"type": "Feature", "properties": {"osm_id": 53757728, "highway": "residential", "name": "", "access": null, "foot": null, "oneway": null}, "geometry": {"type": "LineString", "coordinates": [[79.8672821, 6.8340186], [79.8667462, 6.8340821], [79.8663761, 6.8341327], [79.8657462, 6.8342561]]}}, {"type": "Feature", "properties": {"osm_id": 53757731, "highway": "residential", "name": "Mosque Lane", "access": null, "foot": null, "oneway": null}, "geometry": {"type": "LineString", "coordinates": [[79.8699912, 6.8368751], [79.8699749, 6.8369396], [79.8698975, 6.8371768], [79.8697006, 6.8377577], [79.8696059, 6.8380952], [79.869526, 6.8386295]]}}, {"type": "Feature", "properties": {"osm_id": 53757732, "highway": "residential", "name": "Sri Gunarathna Mawatha", "access": null, "foot": null, "oneway": null}, "geometry": {"type": "LineString", "coordinates": [[79.8733253, 6.8381337], [79.8730538, 6.8379185], [79.8728683, 6.8377693], [79.8726772, 6.8375921], [79.8725633, 6.83753], [79.8723884, 6.8374346], [79.8723878, 6.837406], [79.8720008, 6.8372372], [79.8718587, 6.8371978], [79.871422, 6.8370674], [79.8713478, 6.8370556], [79.8712613, 6.8370092]]}}, {"type": "Feature", "properties": {"osm_id": 53757733, "highway": "residential", "name": "Huludagoda Road", "access": null, "foot": null, "oneway": null}, "geometry": {"type": "LineString", "coordinates": [[79.8727687, 6.8317903], [79.8728196, 6.8322854], [79.8728525, 6.8325327], [79.872834, 6.8326402], [79.8727553, 6.832985], [79.8727164, 6.8331682], [79.8726077, 6.8337901], [79.8725653, 6.8342364], [79.8724987, 6.8348338], [79.8724707, 6.835304], [79.8723104, 6.8359419]]}}, {"type": "Feature", "properties": {"osm_id": 53758198, "highway": "residential", "name": "D.J. Wijesiriwardane Mawatha", "access": null, "foot": null, "oneway": null}, "geometry": {"type": "LineString", "coordinates": [[79.8702813, 6.8334101], [79.869902, 6.8331959], [79.869765, 6.8331326], [79.869616, 6.833087], [79.8693141, 6.8330283], [79.8692973, 6.8329897], [79.8692576, 6.8329376], [79.8691969, 6.8329067], [79.8691367, 6.8329004], [79.8689779, 6.8328976], [79.8673802, 6.8329013]]}}, {"type": "Feature", "properties": {"osm_id": 53758234, "highway": "residential", "name": "", "access": null, "foot": null, "oneway": null}, "geometry": {"type": "LineString", "coordinates": [[79.8712856, 6.8317605], [79.8715237, 6.8319123], [79.8716006, 6.8320377], [79.8716404, 6.8321655], [79.8716294, 6.8324322]]}}, {"type": "Feature", "properties": {"osm_id": 53758235, "highway": "residential", "name": "", "access": null, "foot": null, "oneway": null}, "geometry": {"type": "LineString", "coordinates": [[79.8707999, 6.8324958], [79.8710185, 6.8323893], [79.8711564, 6.8320244], [79.8712856, 6.8317605], [79.8714772, 6.8313643], [79.8716408, 6.8310417], [79.8718031, 6.8306076]]}}, {"type": "Feature", "properties": {"osm_id": 83521031, "highway": "residential", "name": "Udaya Mawatha", "access": null, "foot": null, "oneway": null}, "geometry": {"type": "LineString", "coordinates": [[79.879761, 6.8320794], [79.8800736, 6.8297601]]}}, {"type": "Feature", "properties": {"osm_id": 98371175, "highway": "residential", "name": "Wedikanda Road", "access": null, "foot": null, "oneway": null}, "geometry": {"type": "LineString", "coordinates": [[79.8642668, 6.8265095], [79.8643714, 6.8258528], [79.8644958, 6.8252259], [79.8645782, 6.8249025], [79.8646149, 6.824782], [79.864668, 6.8245076], [79.8646577, 6.8240835], [79.8646293, 6.8234932], [79.8646602, 6.8231773], [79.8647102, 6.8228939], [79.864787, 6.8225316], [79.8648865, 6.8221172], [79.8650173, 6.8217735], [79.8652612, 6.8211142], [79.8652922, 6.8210335], [79.8653881, 6.8207836], [79.8654754, 6.8205591], [79.8655047, 6.8204836], [79.8656986, 6.8199552], [79.8657692, 6.8198033], [79.8658575, 6.8197273]]}}, {"type": "Feature", "properties": {"osm_id": 98371179, "highway": "residential", "name": "Sri Indrajhothi Road", "access": null, "foot": null, "oneway": null}, "geometry": {"type": "LineString", "coordinates": [[79.8678365, 6.826903], [79.8678369, 6.8268678], [79.8678407, 6.826509], [79.8680029, 6.8259834], [79.8680413, 6.8257623], [79.868047, 6.8255697], [79.8680884, 6.8253743], [79.8681355, 6.825192], [79.8681475, 6.8251515], [79.8681825, 6.8250331], [79.8682139, 6.8249401], [79.868263, 6.8248085], [79.868291, 6.8247199], [79.8683634, 6.8245548], [79.868426, 6.8244016], [79.8684815, 6.8242628], [79.8684945, 6.8241704], [79.8684972, 6.8240298], [79.8685133, 6.8239377], [79.8685665, 6.8238536], [79.8687529, 6.8236137], [79.8688942, 6.8234408], [79.8691269, 6.8231666], [79.8691845, 6.823106], [79.8693834, 6.822839], [79.8696351, 6.8225477], [79.8696709, 6.8224993], [79.8701375, 6.8220153], [79.8702143, 6.8218861]]}}, {"type": "Feature", "properties": {"osm_id": 98371180, "highway": "service", "name": "", "access": null, "foot": null, "oneway": null}, "geometry": {"type": "LineString", "coordinates": [[79.8623177, 6.8331977], [79.8625787, 6.8332384]]}}, {"type": "Feature", "properties": {"osm_id": 98371196, "highway": "residential", "name": "", "access": null, "foot": null, "oneway": null}, "geometry": {"type": "LineString", "coordinates": [[79.8675612, 6.819429], [79.8676102, 6.8194442]]}}, {"type": "Feature", "properties": {"osm_id": 98371206, "highway": "unclassified", "name": "Sri Sumangala Road", "access": null, "foot": null, "oneway": null}, "geometry": {"type": "LineString", "coordinates": [[79.8676102, 6.8194442], [79.8676384, 6.8194623], [79.8679375, 6.8195595], [79.868216, 6.8195746], [79.868628, 6.8195925], [79.8689693, 6.8196578], [79.8692513, 6.8196783], [79.8698484, 6.8196389], [79.8704842, 6.8196508], [79.8710777, 6.8196583], [79.8719396, 6.819658], [79.8726556, 6.819665], [79.8735052, 6.8196535]]}}, {"type": "Feature", "properties": {"osm_id": 98371207, "highway": "residential", "name": "Mahindarama Road", "access": null, "foot": null, "oneway": null}, "geometry": {"type": "LineString", "coordinates": [[79.868047, 6.8255697], [79.8678846, 6.8255265], [79.8678075, 6.8254796], [79.8675994, 6.8253292], [79.8671525, 6.8251016], [79.8669719, 6.8249814], [79.8665063, 6.8248315], [79.8660699, 6.8248378], [79.8656878, 6.8248574], [79.8646149, 6.824782]]}}, {"type": "Feature", "properties": {"osm_id": 102650970, "highway": "residential", "name": "", "access": null, "foot": null, "oneway": null}, "geometry": {"type": "LineString", "coordinates": [[79.8752901, 6.8405502], [79.8758115, 6.8401907], [79.875832, 6.8401347], [79.8758585, 6.8396245], [79.8758644, 6.8388938], [79.8758665, 6.8386844], [79.8758675, 6.8386279], [79.8758672, 6.8385819]]}}, {"type": "Feature", "properties": {"osm_id": 102650973, "highway": "residential", "name": "", "access": null, "foot": null, "oneway": null}, "geometry": {"type": "LineString", "coordinates": [[79.8758734, 6.8384894], [79.8758791, 6.8384391], [79.8758824, 6.8382109], [79.8758849, 6.8380331], [79.875887, 6.8378848], [79.8758861, 6.8378166], [79.8758855, 6.8376676], [79.8758853, 6.8376146], [79.8758846, 6.8374192], [79.8758842, 6.837322], [79.8758807, 6.8371912]]}}, {"type": "Feature", "properties": {"osm_id": 102650980, "highway": "residential", "name": "", "access": null, "foot": null, "oneway": null}, "geometry": {"type": "LineString", "coordinates": [[79.8758672, 6.8385819], [79.8758734, 6.8384894]]}}, {"type": "Feature", "properties": {"osm_id": 102651364, "highway": "trunk", "name": "Galle Road", "access": null, "foot": null, "oneway": "yes"}, "geometry": {"type": "LineString", "coordinates": [[79.8866857, 6.8045568], [79.8865893, 6.8046847], [79.8864249, 6.8048483], [79.8861125, 6.8051155], [79.8858722, 6.8053276], [79.885781, 6.8054081], [79.8854293, 6.8057317], [79.88524, 6.8059127], [79.8850927, 6.8060535], [79.8849958, 6.8061688], [79.8849161, 6.806289], [79.8847746, 6.8065328], [79.8846346, 6.8067469], [79.8845139, 6.8069316], [79.8842012, 6.807479], [79.8841078, 6.8076458], [79.8840294, 6.807786], [79.8839023, 6.8080465], [79.8838604, 6.8081325], [79.8837858, 6.808269], [79.8836223, 6.8086193], [79.8835722, 6.8087337], [79.8833705, 6.809133], [79.8830268, 6.8096848], [79.882947, 6.8098129], [79.8828877, 6.8099029], [79.8828548, 6.8099528], [79.8824952, 6.8105136], [79.8824371, 6.8105979], [79.8821066, 6.8110706], [79.8818015, 6.8114829], [79.8814651, 6.8119049], [79.8812177, 6.8122351], [79.8810584, 6.8124478], [79.880845, 6.8127231], [79.8807742, 6.8128144], [79.8804022, 6.8132274], [79.8800136, 6.8136428], [79.8797232, 6.813917], [79.8796231, 6.8140051], [79.8795186, 6.8140925], [79.879348, 6.8142249], [79.8789856, 6.8144994], [79.878605, 6.8147919], [79.8777258, 6.8154176], [79.8771758, 6.8158203], [79.877058, 6.8159087], [79.8764339, 6.8163771], [79.8762317, 6.8165345], [79.8756639, 6.8169455], [79.8755102, 6.8170675], [79.875317, 6.817222], [79.8751325, 6.8173828], [79.8751092, 6.8174031], [79.8748459, 6.8176585], [79.8747939, 6.8177176], [79.8747306, 6.8177945], [79.8746409, 6.8178985], [79.8745432, 6.8180329], [79.8744804, 6.8181179], [79.8741904, 6.8185429], [79.8738738, 6.8190665], [79.8737654, 6.81925], [79.873627, 6.8194686], [79.8736163, 6.8194855], [79.8735052, 6.8196535], [79.8732893, 6.8199218], [79.8731605, 6.8201196], [79.8729245, 6.8204475], [79.8728687, 6.8205069], [79.872624, 6.8208073], [79.8724338, 6.8210676], [79.8720689, 6.8215663], [79.8718391, 6.8218898], [79.8716722, 6.8221321], [79.8716314, 6.8221914], [79.871549, 6.8223037], [79.8714712, 6.8224098], [79.8713419, 6.822586], [79.8713361, 6.8225983], [79.8710884, 6.8229248], [79.8709853, 6.8230685], [79.8708458, 6.8232385], [79.8707175, 6.8234042], [79.8707102, 6.8234161], [79.8706643, 6.8234909], [79.8705914, 6.8236096], [79.8704788, 6.823787], [79.8704551, 6.8238279], [79.8703709, 6.8239536], [79.870326, 6.8240453], [79.8702999, 6.8240985], [79.870184, 6.8243352], [79.8701414, 6.8244254], [79.8701029, 6.8245015], [79.8700369, 6.8246641], [79.8699769, 6.8248287], [79.8699485, 6.8249094], [79.8698481, 6.8251833], [79.8697525, 6.8254423], [79.8697291, 6.8254973], [79.8696838, 6.8256189], [79.8695687, 6.8259482], [79.8695153, 6.8260968], [79.8694554, 6.8262458], [79.8694403, 6.8262836], [79.8692475, 6.8266974]]}}, {"type": "Feature", "properties": {"osm_id": 109077083, "highway": "residential", "name": "P.T.De Silva Mawatha", "access": null, "foot": null, "oneway": null}, "geometry": {"type": "LineString", "coordinates": [[79.8652995, 6.8512762], [79.8650407, 6.8527482]]}}, {"type": "Feature", "properties": {"osm_id": 109077753, "highway": "residential", "name": "", "access": null, "foot": null, "oneway": null}, "geometry": {"type": "LineString", "coordinates": [[79.8636347, 6.8450299], [79.8636933, 6.8449779], [79.8638267, 6.844929], [79.8640266, 6.8449155]]}}, {"type": "Feature", "properties": {"osm_id": 109077754, "highway": "residential", "name": "School Avenue", "access": null, "foot": null, "oneway": null}, "geometry": {"type": "LineString", "coordinates": [[79.8632424, 6.8508151], [79.8633466, 6.850167], [79.8633866, 6.8499181], [79.863468, 6.8496623], [79.8627063, 6.8495424]]}}, {"type": "Feature", "properties": {"osm_id": 109077755, "highway": "residential", "name": "Botheju Avenue", "access": null, "foot": null, "oneway": null}, "geometry": {"type": "LineString", "coordinates": [[79.8633866, 6.8499181], [79.8638135, 6.8499717], [79.8649558, 6.8501619], [79.8659351, 6.8501961]]}}, {"type": "Feature", "properties": {"osm_id": 109077756, "highway": "residential", "name": "Alponsu Avenue", "access": null, "foot": null, "oneway": null}, "geometry": {"type": "LineString", "coordinates": [[79.8640892, 6.8480008], [79.8647405, 6.8480307], [79.8659689, 6.8480744]]}}, {"type": "Feature", "properties": {"osm_id": 109077758, "highway": "residential", "name": "Alponsu Avenue", "access": null, "foot": null, "oneway": null}, "geometry": {"type": "LineString", "coordinates": [[79.8640892, 6.8480008], [79.8635743, 6.8479556], [79.8631086, 6.8479007]]}}, {"type": "Feature", "properties": {"osm_id": 109077759, "highway": "residential", "name": "", "access": null, "foot": null, "oneway": null}, "geometry": {"type": "LineString", "coordinates": [[79.8640668, 6.8452365], [79.8640559, 6.8450893], [79.8640519, 6.8450241], [79.8640266, 6.8449155]]}}, {"type": "Feature", "properties": {"osm_id": 109077762, "highway": "residential", "name": "", "access": null, "foot": null, "oneway": null}, "geometry": {"type": "LineString", "coordinates": [[79.8635331, 6.846744], [79.8635605, 6.846456], [79.8636057, 6.8461587], [79.8636316, 6.8456943], [79.8636351, 6.8453403], [79.8636362, 6.8452451], [79.8636347, 6.8450299]]}}, {"type": "Feature", "properties": {"osm_id": 109077763, "highway": "residential", "name": "", "access": null, "foot": null, "oneway": null}, "geometry": {"type": "LineString", "coordinates": [[79.8626821, 6.8484719], [79.8640595, 6.8486385], [79.8639991, 6.8488902], [79.8629024, 6.8487569]]}}, {"type": "Feature", "properties": {"osm_id": 109077764, "highway": "residential", "name": "School Avenue", "access": null, "foot": null, "oneway": null}, "geometry": {"type": "LineString", "coordinates": [[79.863468, 6.8496623], [79.8639025, 6.8497448], [79.864211, 6.8498114], [79.8647447, 6.8498487]]}}, {"type": "Feature", "properties": {"osm_id": 109077767, "highway": "residential", "name": "", "access": null, "foot": null, "oneway": null}, "geometry": {"type": "LineString", "coordinates": [[79.8649042, 6.8449392], [79.8649133, 6.8449589], [79.8649227, 6.845245], [79.8649507, 6.8457456]]}}, {"type": "Feature", "properties": {"osm_id": 109077768, "highway": "residential", "name": "Ediriweera Avenue", "access": null, "foot": null, "oneway": null}, "geometry": {"type": "LineString", "coordinates": [[79.8625586, 6.849103], [79.8641197, 6.8493108], [79.8654071, 6.8494333], [79.8659584, 6.8493938]]}}, {"type": "Feature", "properties": {"osm_id": 109077770, "highway": "residential", "name": "", "access": null, "foot": null, "oneway": null}, "geometry": {"type": "LineString", "coordinates": [[79.864265, 6.8519228], [79.8643869, 6.8511017]]}}, {"type": "Feature", "properties": {"osm_id": 109077773, "highway": "residential", "name": "Dudley Senanayake Mawatha", "access": null, "foot": null, "oneway": null}, "geometry": {"type": "LineString", "coordinates": [[79.8636316, 6.8456943], [79.8643263, 6.845721], [79.8649507, 6.8457456], [79.8652977, 6.8457512], [79.8653505, 6.8457721], [79.8653694, 6.8458266], [79.865353, 6.8462968], [79.8653685, 6.8463314], [79.8654013, 6.8463567], [79.8660869, 6.8464235]]}}, {"type": "Feature", "properties": {"osm_id": 109077774, "highway": "residential", "name": "", "access": null, "foot": null, "oneway": null}, "geometry": {"type": "LineString", "coordinates": [[79.8641918, 6.8474976], [79.8647904, 6.847581]]}}, {"type": "Feature", "properties": {"osm_id": 109077775, "highway": "residential", "name": "", "access": null, "foot": null, "oneway": null}, "geometry": {"type": "LineString", "coordinates": [[79.8647405, 6.8480307], [79.8647904, 6.847581], [79.8648118, 6.847418], [79.8650129, 6.8474302], [79.8650388, 6.8469104]]}}, {"type": "Feature", "properties": {"osm_id": 109077777, "highway": "residential", "name": "", "access": null, "foot": null, "oneway": null}, "geometry": {"type": "LineString", "coordinates": [[79.8640595, 6.8486385], [79.8640892, 6.8480008]]}}, {"type": "Feature", "properties": {"osm_id": 109078665, "highway": "residential", "name": "", "access": null, "foot": null, "oneway": null}, "geometry": {"type": "LineString", "coordinates": [[79.8660885, 6.8302851], [79.8660983, 6.830113], [79.8661113, 6.8298494], [79.8661392, 6.8295998], [79.8661269, 6.8295544], [79.8660699, 6.8295067], [79.8660308, 6.8294568], [79.8660102, 6.8293863], [79.8660348, 6.8292346], [79.8660754, 6.8291745], [79.8661043, 6.8291473], [79.8662417, 6.8287979], [79.8663216, 6.8285666], [79.8663405, 6.8284], [79.8663303, 6.8281884]]}}, {"type": "Feature", "properties": {"osm_id": 109078667, "highway": "residential", "name": "", "access": null, "foot": null, "oneway": null}, "geometry": {"type": "LineString", "coordinates": [[79.8671891, 6.8315904], [79.8671749, 6.8315979], [79.8669999, 6.8317409], [79.8669201, 6.8318034], [79.8668627, 6.8319071], [79.8668206, 6.8320592], [79.8667482, 6.832531]]}}, {"type": "Feature", "properties": {"osm_id": 109078668, "highway": "residential", "name": "Sangamitta Avenue", "access": null, "foot": null, "oneway": null}, "geometry": {"type": "LineString", "coordinates": [[79.865227, 6.8437056], [79.8644122, 6.8436603], [79.8632049, 6.8435938], [79.8629183, 6.8435877]]}}, {"type": "Feature", "properties": {"osm_id": 109078669, "highway": "residential", "name": "", "access": null, "foot": null, "oneway": null}, "geometry": {"type": "LineString", "coordinates": [[79.864355, 6.8444061], [79.8643773, 6.8441604], [79.8644122, 6.8436603]]}}, {"type": "Feature", "properties": {"osm_id": 109078670, "highway": "residential", "name": "", "access": null, "foot": null, "oneway": null}, "geometry": {"type": "LineString", "coordinates": [[79.8660754, 6.8291745], [79.865995, 6.8291369], [79.8650418, 6.8289319], [79.8645673, 6.8289412], [79.8643824, 6.8289303], [79.8643278, 6.82888], [79.8643002, 6.8287597], [79.8642097, 6.8285986], [79.8641393, 6.8285703], [79.8640133, 6.82858], [79.8639471, 6.8286699], [79.8638109, 6.829018], [79.863713, 6.8293987], [79.8636097, 6.8298889], [79.8636511, 6.8305083], [79.8636891, 6.8312593], [79.8637393, 6.8315789]]}}, {"type": "Feature", "properties": {"osm_id": 109081939, "highway": "residential", "name": "", "access": null, "foot": null, "oneway": null}, "geometry": {"type": "LineString", "coordinates": [[79.8758192, 6.8320282], [79.8756774, 6.8322935], [79.8756587, 6.8324399], [79.8758302, 6.8325704], [79.8762111, 6.8325811], [79.8775501, 6.8327797], [79.8778284, 6.8327593], [79.8779542, 6.8327734]]}}, {"type": "Feature", "properties": {"osm_id": 109081940, "highway": "residential", "name": "", "access": null, "foot": null, "oneway": null}, "geometry": {"type": "LineString", "coordinates": [[79.878158, 6.8237233], [79.8779176, 6.8241414], [79.8777813, 6.8243774], [79.8775843, 6.8246768], [79.8775659, 6.8246957], [79.8774115, 6.8248143], [79.8773858, 6.8248468], [79.8773636, 6.8248849], [79.8773474, 6.8249432]]}}, {"type": "Feature", "properties": {"osm_id": 109081941, "highway": "residential", "name": "Delgahawatta Road", "access": null, "foot": null, "oneway": null}, "geometry": {"type": "LineString", "coordinates": [[79.8705213, 6.8188851], [79.8706304, 6.8188846], [79.8714024, 6.8189448], [79.872149, 6.8189847], [79.8722732, 6.8189913], [79.8723346, 6.8189956], [79.8738738, 6.8190665]]}}, {"type": "Feature", "properties": {"osm_id": 109081942, "highway": "residential", "name": "Hena Road", "access": null, "foot": null, "oneway": null}, "geometry": {"type": "LineString", "coordinates": [[79.8753047, 6.8300884], [79.8748674, 6.8299925], [79.8745438, 6.8298656], [79.8742398, 6.8295211], [79.8741047, 6.8293056], [79.874001, 6.8291403], [79.8734814, 6.8288405], [79.8731823, 6.8286905], [79.8728387, 6.8286781], [79.8725943, 6.8286693], [79.8723989, 6.828656], [79.8715377, 6.8284953]]}}, {"type": "Feature", "properties": {"osm_id": 109081943, "highway": "residential", "name": "Upul Place", "access": null, "foot": null, "oneway": null}, "geometry": {"type": "LineString", "coordinates": [[79.875669, 6.825904], [79.8759374, 6.8253958], [79.8763944, 6.8245298]]}}, {"type": "Feature", "properties": {"osm_id": 109081944, "highway": "residential", "name": "", "access": null, "foot": null, "oneway": null}, "geometry": {"type": "LineString", "coordinates": [[79.8765662, 6.8264107], [79.8760984, 6.8261468], [79.875669, 6.825904], [79.8752508, 6.8256675], [79.8747857, 6.8255556], [79.874736, 6.8255996], [79.8746668, 6.8258334], [79.8746098, 6.8258423], [79.8743417, 6.8257794], [79.8740628, 6.8256409], [79.8738195, 6.8255937]]}}, {"type": "Feature", "properties": {"osm_id": 109081945, "highway": "residential", "name": "Sattissara Mawatha", "access": null, "foot": null, "oneway": null}, "geometry": {"type": "LineString", "coordinates": [[79.87486, 6.8318516], [79.8749772, 6.8314303], [79.8752982, 6.8302759], [79.8753047, 6.8300884], [79.8754823, 6.8296119], [79.8756381, 6.8292366], [79.8757278, 6.8290163], [79.8757677, 6.8289998], [79.8759512, 6.8290151], [79.8759991, 6.8289991], [79.8760139, 6.8287807], [79.87604, 6.8283947], [79.876072, 6.8279222]]}}, {"type": "Feature", "properties": {"osm_id": 109081946, "highway": "residential", "name": "Sri Dharmarama Road", "access": null, "foot": null, "oneway": null}, "geometry": {"type": "LineString", "coordinates": [[79.8658575, 6.8197273], [79.8660338, 6.8197873], [79.8662705, 6.8198652], [79.8664108, 6.8199156], [79.8665148, 6.8199468], [79.8666865, 6.8200094], [79.8668695, 6.8200717]]}}, {"type": "Feature", "properties": {"osm_id": 109081948, "highway": "residential", "name": "Sepalika Place", "access": null, "foot": null, "oneway": null}, "geometry": {"type": "LineString", "coordinates": [[79.8760984, 6.8261468], [79.8764777, 6.8254734], [79.8768626, 6.8247342], [79.8763944, 6.8245298], [79.8759714, 6.8242992], [79.8759214, 6.8242719], [79.8764208, 6.8237931]]}}, {"type": "Feature", "properties": {"osm_id": 109081949, "highway": "residential", "name": "", "access": null, "foot": null, "oneway": null}, "geometry": {"type": "LineString", "coordinates": [[79.8773474, 6.8249432], [79.8773794, 6.824955], [79.8774727, 6.8250682], [79.8777428, 6.8256483], [79.8780145, 6.8262357], [79.8783311, 6.8268832], [79.8784126, 6.8269138], [79.8784858, 6.8268632], [79.8789972, 6.8259533], [79.879049, 6.8259017]]}}, {"type": "Feature", "properties": {"osm_id": 109081950, "highway": "residential", "name": "", "access": null, "foot": null, "oneway": null}, "geometry": {"type": "LineString", "coordinates": [[79.8760632, 6.8273743], [79.8762154, 6.8274116], [79.876748, 6.8274646], [79.8776342, 6.8275812], [79.8779753, 6.8276299], [79.8788714, 6.8277192], [79.8789199, 6.8277246], [79.8793832, 6.8277768], [79.879499, 6.8277874], [79.8796349, 6.8277933], [79.8802155, 6.8278149], [79.8811811, 6.8277897]]}}, {"type": "Feature", "properties": {"osm_id": 109081951, "highway": "residential", "name": "Wlliam Place", "access": null, "foot": null, "oneway": null}, "geometry": {"type": "LineString", "coordinates": [[79.868263, 6.8248085], [79.8688467, 6.8250672], [79.8688848, 6.8251148], [79.8689452, 6.8252], [79.8689948, 6.8252639], [79.8690412, 6.825292], [79.8697291, 6.8254973]]}}, {"type": "Feature", "properties": {"osm_id": 109081952, "highway": "residential", "name": "", "access": null, "foot": null, "oneway": null}, "geometry": {"type": "LineString", "coordinates": [[79.8781386, 6.8293747], [79.8782252, 6.8305042], [79.8782887, 6.8319112]]}}, {"type": "Feature", "properties": {"osm_id": 109081953, "highway": "residential", "name": "Hena Road", "access": null, "foot": null, "oneway": null}, "geometry": {"type": "LineString", "coordinates": [[79.8715377, 6.8284953], [79.8713066, 6.828452], [79.8710934, 6.8283839], [79.870824, 6.8281902], [79.8706345, 6.8281151], [79.8704422, 6.828094], [79.8702751, 6.8280826], [79.8701471, 6.8280769], [79.8698521, 6.8280431], [79.8697086, 6.8280516], [79.8696244, 6.8280858], [79.8692256, 6.8282478]]}}, {"type": "Feature", "properties": {"osm_id": 109081954, "highway": "residential", "name": "De Silva Road", "access": null, "foot": null, "oneway": "no"}, "geometry": {"type": "LineString", "coordinates": [[79.8706643, 6.8234909], [79.8706189, 6.8234776], [79.8704592, 6.8234124], [79.8700545, 6.823271], [79.8696166, 6.8231156], [79.8695281, 6.8231272], [79.8694328, 6.8231764], [79.8693139, 6.8231918], [79.8691269, 6.8231666]]}}, {"type": "Feature", "properties": {"osm_id": 109081955, "highway": "residential", "name": "", "access": null, "foot": null, "oneway": null}, "geometry": {"type": "LineString", "coordinates": [[79.8721609, 6.8316457], [79.8721461, 6.8314291], [79.872035, 6.830384], [79.8721142, 6.8299298], [79.8721283, 6.8299145], [79.872196, 6.8299206], [79.8722255, 6.829878], [79.8722624, 6.8293751]]}}, {"type": "Feature", "properties": {"osm_id": 109081957, "highway": "residential", "name": "", "access": null, "foot": null, "oneway": null}, "geometry": {"type": "LineString", "coordinates": [[79.8711587, 6.8206785], [79.8709163, 6.8208633], [79.8706807, 6.8211002], [79.8705799, 6.8213433], [79.8704604, 6.8216162], [79.8703864, 6.8217761], [79.8703459, 6.8218813]]}}, {"type": "Feature", "properties": {"osm_id": 109081958, "highway": "residential", "name": "", "access": null, "foot": null, "oneway": null}, "geometry": {"type": "LineString", "coordinates": [[79.8754332, 6.8252414], [79.8759714, 6.8242992]]}}, {"type": "Feature", "properties": {"osm_id": 109081959, "highway": "residential", "name": "", "access": null, "foot": null, "oneway": null}, "geometry": {"type": "LineString", "coordinates": [[79.8721976, 6.8250949], [79.8717215, 6.825039], [79.8713353, 6.8250444], [79.8710993, 6.8250124], [79.8708579, 6.8249432], [79.8704022, 6.8247647], [79.8701087, 6.8246839], [79.8700369, 6.8246641]]}}, {"type": "Feature", "properties": {"osm_id": 109081960, "highway": "residential", "name": "", "access": null, "foot": null, "oneway": null}, "geometry": {"type": "LineString", "coordinates": [[79.8772139, 6.8336139], [79.8778974, 6.8337133], [79.8790113, 6.8338754], [79.8804231, 6.8340369]]}}, {"type": "Feature", "properties": {"osm_id": 109081961, "highway": "residential", "name": "", "access": null, "foot": null, "oneway": null}, "geometry": {"type": "LineString", "coordinates": [[79.8791613, 6.8295616], [79.8789924, 6.8307648], [79.878882, 6.831979]]}}, {"type": "Feature", "properties": {"osm_id": 109081962, "highway": "residential", "name": "", "access": null, "foot": null, "oneway": null}, "geometry": {"type": "LineString", "coordinates": [[79.8771793, 6.8308607], [79.8772133, 6.8314247], [79.8772117, 6.8319618]]}}, {"type": "Feature", "properties": {"osm_id": 109081963, "highway": "residential", "name": "Vidyala Road", "access": null, "foot": "yes", "oneway": null}, "geometry": {"type": "LineString", "coordinates": [[79.8697807, 6.8310365], [79.8698516, 6.830594], [79.8699928, 6.8301027], [79.8702052, 6.8301576], [79.8706366, 6.8303319], [79.8709784, 6.8304559], [79.8710385, 6.8305069], [79.8710681, 6.8305857], [79.8710422, 6.8308772], [79.8710033, 6.8311091], [79.8709881, 6.8312435]]}}, {"type": "Feature", "properties": {"osm_id": 109081964, "highway": "residential", "name": "", "access": null, "foot": null, "oneway": null}, "geometry": {"type": "LineString", "coordinates": [[79.8777077, 6.8313627], [79.8772133, 6.8314247], [79.8762949, 6.8314723], [79.8763199, 6.832063]]}}, {"type": "Feature", "properties": {"osm_id": 109081965, "highway": "residential", "name": "", "access": null, "foot": null, "oneway": null}, "geometry": {"type": "LineString", "coordinates": [[79.8809525, 6.8298933], [79.8800736, 6.8297601], [79.8791613, 6.8295616], [79.8781386, 6.8293747], [79.8778497, 6.8292938], [79.8777937, 6.8292134], [79.8778657, 6.8284753], [79.8779753, 6.8276299]]}}, {"type": "Feature", "properties": {"osm_id": 109081966, "highway": "residential", "name": "", "access": null, "foot": null, "oneway": null}, "geometry": {"type": "LineString", "coordinates": [[79.8776538, 6.8331985], [79.8790742, 6.8333977], [79.8804817, 6.8335535]]}}, {"type": "Feature", "properties": {"osm_id": 109082670, "highway": "residential", "name": "2nd Lane", "access": null, "foot": null, "oneway": null}, "geometry": {"type": "LineString", "coordinates": [[79.8815178, 6.8214146], [79.8808972, 6.821078], [79.879826, 6.8204971], [79.8797796, 6.8204719], [79.8792681, 6.8201684], [79.8790179, 6.8200223], [79.8778815, 6.8193954], [79.8776525, 6.8192684], [79.8758076, 6.818217], [79.8757701, 6.8181917], [79.8754656, 6.81802], [79.8753275, 6.8179441], [79.8749084, 6.8177172]]}}, {"type": "Feature", "properties": {"osm_id": 109082672, "highway": "residential", "name": "2nd Cross Lane", "access": null, "foot": null, "oneway": null}, "geometry": {"type": "LineString", "coordinates": [[79.881932, 6.8222974], [79.8812732, 6.8219151], [79.8812419, 6.8218994], [79.8806422, 6.8215699], [79.8795617, 6.8209763], [79.8795242, 6.8209557]]}}, {"type": "Feature", "properties": {"osm_id": 109082674, "highway": "residential", "name": "", "access": null, "foot": null, "oneway": null}, "geometry": {"type": "LineString", "coordinates": [[79.8811111, 6.8180507], [79.8793447, 6.8170524], [79.8790585, 6.8168906], [79.8783099, 6.8164676], [79.8772272, 6.8158886]]}}, {"type": "Feature", "properties": {"osm_id": 109082676, "highway": "residential", "name": "3rd Lane", "access": null, "foot": null, "oneway": null}, "geometry": {"type": "LineString", "coordinates": [[79.8803272, 6.8195254], [79.880283, 6.8195264], [79.8802209, 6.8195135], [79.8801796, 6.819493], [79.8791237, 6.8188882], [79.8781867, 6.8183573], [79.8781069, 6.8183135], [79.8780336, 6.8182733], [79.8779985, 6.818254], [79.877193, 6.8178079], [79.8767654, 6.8175773], [79.8764115, 6.8173826], [79.876252, 6.8172955], [79.8757163, 6.8170132]]}}, {"type": "Feature", "properties": {"osm_id": 109082677, "highway": "residential", "name": "", "access": null, "foot": null, "oneway": null}, "geometry": {"type": "LineString", "coordinates": [[79.8812161, 6.8162665], [79.8809049, 6.8170229], [79.8808942, 6.8171401], [79.8809586, 6.8173532], [79.8812161, 6.8178751], [79.8813563, 6.8181327], [79.8816109, 6.8186002], [79.8819379, 6.8192007], [79.8822138, 6.8197075], [79.8822353, 6.8198779], [79.8821924, 6.8201442], [79.8820289, 6.8204495], [79.8817804, 6.820926], [79.8815178, 6.8214146], [79.8814857, 6.8214711], [79.8812419, 6.8218994], [79.8809867, 6.8223411], [79.8804177, 6.8233478]]}}, {"type": "Feature", "properties": {"osm_id": 109082678, "highway": "residential", "name": "Kadawala Mawatha", "access": null, "foot": null, "oneway": null}, "geometry": {"type": "LineString", "coordinates": [[79.8818061, 6.8165755], [79.8816784, 6.8165086], [79.8814274, 6.8163772], [79.8812161, 6.8162665], [79.8807647, 6.816009], [79.8803813, 6.8157904], [79.8786756, 6.814838]]}}, {"type": "Feature", "properties": {"osm_id": 109082679, "highway": "residential", "name": "1st Lane", "access": null, "foot": null, "oneway": null}, "geometry": {"type": "LineString", "coordinates": [[79.8809867, 6.8223411], [79.8808288, 6.8222547], [79.8804472, 6.8220402], [79.8803921, 6.8220082], [79.8799454, 6.8217599], [79.8793171, 6.8214175], [79.8792875, 6.8214007]]}}, {"type": "Feature", "properties": {"osm_id": 109082680, "highway": "residential", "name": "Jaya Mawatha", "access": null, "foot": null, "oneway": null}, "geometry": {"type": "LineString", "coordinates": [[79.8811875, 6.8179248], [79.8811111, 6.8180507], [79.880656, 6.8188121], [79.8804163, 6.8192712], [79.880283, 6.8195264], [79.8800446, 6.8199701], [79.8797796, 6.8204719], [79.8795242, 6.8209557], [79.8793171, 6.821348], [79.8792875, 6.8214007], [79.8790596, 6.8218061], [79.8789888, 6.8219285], [79.8787236, 6.8223872]]}}, {"type": "Feature", "properties": {"osm_id": 109082681, "highway": "residential", "name": "1st Lane", "access": null, "foot": null, "oneway": null}, "geometry": {"type": "LineString", "coordinates": [[79.8793171, 6.821348], [79.8781476, 6.8207098], [79.8780164, 6.8206383], [79.8773805, 6.8202886], [79.8771496, 6.8201619], [79.8769353, 6.8200483], [79.8760564, 6.8195359], [79.8752829, 6.8190962], [79.8751524, 6.8190192], [79.8743087, 6.8185423]]}}, {"type": "Feature", "properties": {"osm_id": 109082682, "highway": "residential", "name": "2nd Cross Lane", "access": null, "foot": null, "oneway": null}, "geometry": {"type": "LineString", "coordinates": [[79.8803921, 6.8220082], [79.8806422, 6.8215699], [79.8808972, 6.821078], [79.881157, 6.8205807], [79.8806204, 6.8202861], [79.8800949, 6.8199977], [79.8800446, 6.8199701]]}}, {"type": "Feature", "properties": {"osm_id": 109387923, "highway": "residential", "name": "Rukmal Place", "access": null, "foot": null, "oneway": null}, "geometry": {"type": "LineString", "coordinates": [[79.8759214, 6.8242719], [79.8757712, 6.824192], [79.875621, 6.8241867], [79.8754869, 6.8242559], [79.8752884, 6.824437], [79.875153, 6.8246807], [79.8751341, 6.824867], [79.8752154, 6.8251487], [79.8753474, 6.8252573], [79.8754332, 6.8252414]]}}, {"type": "Feature", "properties": {"osm_id": 109387924, "highway": "residential", "name": "Lumbini Avenue", "access": null, "foot": null, "oneway": null}, "geometry": {"type": "LineString", "coordinates": [[79.875153, 6.8246807], [79.8749183, 6.8247406], [79.8741458, 6.8249324], [79.8739205, 6.824927], [79.8738591, 6.8253325], [79.8738195, 6.8255937], [79.8737889, 6.8257924], [79.8737577, 6.8259536], [79.8736262, 6.8260617], [79.8735453, 6.8260735], [79.8734407, 6.8261373], [79.8733445, 6.8263157], [79.873258, 6.8264983], [79.873052, 6.8270968]]}}, {"type": "Feature", "properties": {"osm_id": 109387925, "highway": "residential", "name": "Park Road", "access": null, "foot": null, "oneway": null}, "geometry": {"type": "LineString", "coordinates": [[79.8718216, 6.8267941], [79.8718286, 6.826464], [79.8720405, 6.8259423], [79.8720738, 6.8258604], [79.8721014, 6.8257154], [79.8721452, 6.8254328], [79.8721976, 6.8250949], [79.8722235, 6.8249963], [79.8722712, 6.8248437], [79.8723506, 6.8246935], [79.8724828, 6.8244919]]}}, {"type": "Feature", "properties": {"osm_id": 109387926, "highway": "residential", "name": "", "access": null, "foot": null, "oneway": null}, "geometry": {"type": "LineString", "coordinates": [[79.8739205, 6.824927], [79.8731203, 6.8245777], [79.8730726, 6.824558], [79.8730247, 6.8245526], [79.8724828, 6.8244919]]}}, {"type": "Feature", "properties": {"osm_id": 109389063, "highway": "residential", "name": "", "access": null, "foot": null, "oneway": null}, "geometry": {"type": "LineString", "coordinates": [[79.8712987, 6.8152419], [79.8718888, 6.8152613], [79.8721421, 6.8152565], [79.8722611, 6.8152498], [79.8726308, 6.8152435], [79.8730114, 6.8152377], [79.8733351, 6.8152284], [79.8735767, 6.8152175], [79.8736716, 6.8152015], [79.8737474, 6.8151454], [79.874114, 6.8148384], [79.8742422, 6.8147381], [79.8743944, 6.814606], [79.874438, 6.8145637], [79.8744597, 6.8145255], [79.8744293, 6.8140311]]}}, {"type": "Feature", "properties": {"osm_id": 109389066, "highway": "residential", "name": "", "access": null, "foot": null, "oneway": null}, "geometry": {"type": "LineString", "coordinates": [[79.8737205, 6.8159065], [79.8734567, 6.8161359], [79.8732443, 6.8163064], [79.8730394, 6.8164946]]}}, {"type": "Feature", "properties": {"osm_id": 109389067, "highway": "residential", "name": "", "access": null, "foot": null, "oneway": null}, "geometry": {"type": "LineString", "coordinates": [[79.8741058, 6.8167086], [79.8742993, 6.816555], [79.8745963, 6.8163192], [79.8754501, 6.8155827], [79.8762889, 6.8149107], [79.8765598, 6.814599], [79.8766054, 6.8144086], [79.8766295, 6.8141836], [79.8766043, 6.8139364]]}}, {"type": "Feature", "properties": {"osm_id": 109389068, "highway": "residential", "name": "", "access": null, "foot": null, "oneway": null}, "geometry": {"type": "LineString", "coordinates": [[79.8670728, 6.8192436], [79.8675433, 6.8194206], [79.8675612, 6.819429]]}}, {"type": "Feature", "properties": {"osm_id": 109389069, "highway": "residential", "name": "Midiyal Road", "access": null, "foot": null, "oneway": null}, "geometry": {"type": "LineString", "coordinates": [[79.8706433, 6.8143525], [79.8706643, 6.8145191], [79.870656, 6.8146344], [79.870642, 6.8147629], [79.8706306, 6.8148117], [79.8706167, 6.8148409], [79.8705929, 6.8148751], [79.8705601, 6.8149126], [79.8705112, 6.814949], [79.8704578, 6.8150109], [79.870439, 6.8150571], [79.8704354, 6.8151283], [79.8704302, 6.8153993], [79.8704172, 6.8155658], [79.8704029, 6.8156574], [79.870386, 6.8157542], [79.8703585, 6.8158667], [79.8702802, 6.816237], [79.8702343, 6.8164653], [79.8701819, 6.8167889], [79.8701737, 6.8168133], [79.8701573, 6.8168393], [79.8701065, 6.8168426], [79.8700443, 6.8168279], [79.8699936, 6.8168393], [79.8699657, 6.8168718], [79.8699543, 6.8169125], [79.8699526, 6.8169694], [79.8699523, 6.8172245]]}}, {"type": "Feature", "properties": {"osm_id": 109389070, "highway": "residential", "name": "", "access": null, "foot": null, "oneway": null}, "geometry": {"type": "LineString", "coordinates": [[79.8702343, 6.8164653], [79.870968, 6.816603], [79.8711379, 6.8166529], [79.8712687, 6.816693], [79.8714433, 6.8167619], [79.8717264, 6.8168734], [79.8718638, 6.8169287], [79.8720094, 6.8170022], [79.8723258, 6.8171463], [79.8724305, 6.8171906], [79.8725285, 6.8172247], [79.8726171, 6.8172507], [79.8726813, 6.8172681], [79.8727472, 6.8172798], [79.8728999, 6.8173003], [79.8731104, 6.8173207], [79.8732713, 6.8173392], [79.8734178, 6.8173658], [79.8735313, 6.8174068], [79.8736035, 6.8174519], [79.8736592, 6.8175031], [79.873717, 6.8175768], [79.8737488, 6.8176511], [79.8737706, 6.8177469], [79.8737789, 6.817794], [79.8737809, 6.8178677], [79.8737562, 6.8179456], [79.8737087, 6.8180255], [79.8736014, 6.8181853], [79.8734779, 6.8183849], [79.8734374, 6.818467]]}}, {"type": "Feature", "properties": {"osm_id": 109389071, "highway": "residential", "name": "", "access": null, "foot": null, "oneway": null}, "geometry": {"type": "LineString", "coordinates": [[79.8754501, 6.8155827], [79.8752499, 6.8153327], [79.874902, 6.8149177], [79.8747065, 6.8146984], [79.8746118, 6.8146037], [79.8745391, 6.8145573], [79.8744597, 6.8145255]]}}, {"type": "Feature", "properties": {"osm_id": 123573408, "highway": "residential", "name": "", "access": null, "foot": null, "oneway": null}, "geometry": {"type": "LineString", "coordinates": [[79.8772222, 6.833481], [79.8771852, 6.8334658], [79.875994, 6.8333267], [79.8759419, 6.8333479], [79.8759109, 6.8333933], [79.8758902, 6.8339273], [79.8758522, 6.8340187], [79.8758369, 6.8342066], [79.8758446, 6.8345197], [79.875883, 6.8347025], [79.8759231, 6.8347832]]}}, {"type": "Feature", "properties": {"osm_id": 123573421, "highway": "residential", "name": "", "access": null, "foot": null, "oneway": null}, "geometry": {"type": "LineString", "coordinates": [[79.8758902, 6.8339273], [79.8765987, 6.8340713]]}}, {"type": "Feature", "properties": {"osm_id": 131347939, "highway": "residential", "name": "Rajamawatha", "access": null, "foot": null, "oneway": null}, "geometry": {"type": "LineString", "coordinates": [[79.8680468, 6.8169633], [79.8681699, 6.8169786]]}}, {"type": "Feature", "properties": {"osm_id": 131347941, "highway": "residential", "name": "Rajamawatha", "access": null, "foot": null, "oneway": null}, "geometry": {"type": "LineString", "coordinates": [[79.8681699, 6.8169786], [79.8682051, 6.8169866], [79.8682669, 6.8170063], [79.8683412, 6.8170353], [79.8684624, 6.8170914], [79.8685418, 6.8171271], [79.8685852, 6.8171418], [79.8686344, 6.8171515], [79.8686925, 6.8171588], [79.8687506, 6.8171629], [79.8688734, 6.8171596], [79.8691345, 6.8171718], [79.8694037, 6.8171984], [79.8694728, 6.817206], [79.8696636, 6.8172166], [79.8699523, 6.8172245], [79.8700099, 6.8172231], [79.870118, 6.8172222], [79.8701852, 6.8172287], [79.8702326, 6.8172304], [79.8702826, 6.8172328], [79.8703375, 6.8172385], [79.8703923, 6.8172491], [79.8704423, 6.817267], [79.8704717, 6.8172889], [79.8704982, 6.8173449], [79.8705068, 6.817432], [79.870512, 6.8174784], [79.8705071, 6.8175372], [79.8705068, 6.8175843], [79.8705107, 6.8177727], [79.8705107, 6.8178514], [79.8705114, 6.8179301], [79.8705153, 6.817965], [79.8705237, 6.8179992], [79.8705393, 6.8180308], [79.8705556, 6.818056], [79.8705861, 6.8180915], [79.8706154, 6.8181121], [79.8706498, 6.8181205], [79.8707291, 6.8181302], [79.870926, 6.8181444], [79.8713172, 6.818176], [79.8714134, 6.8181837], [79.8715201, 6.8182001], [79.871592, 6.8182116], [79.8717137, 6.8182296], [79.8718502, 6.8182521], [79.872034, 6.8182832], [79.8723664, 6.8183239], [79.8725738, 6.818354], [79.872871, 6.8183983], [79.8731066, 6.8184312], [79.8734374, 6.818467], [79.8741904, 6.8185429]]}}, {"type": "Feature", "properties": {"osm_id": 131347944, "highway": "tertiary", "name": "Sri Dharmarama Road", "access": null, "foot": null, "oneway": null}, "geometry": {"type": "LineString", "coordinates": [[79.867265, 6.8202366], [79.8672877, 6.8202521], [79.8674885, 6.820389], [79.8675452, 6.8204348], [79.8677482, 6.8205988], [79.8678249, 6.8206855], [79.8678714, 6.8208752], [79.8681379, 6.8210872], [79.8683054, 6.8212341], [79.8684418, 6.8213753], [79.868629, 6.8214716], [79.8688074, 6.8215248], [79.8692606, 6.8216441], [79.8694759, 6.8217141], [79.8699628, 6.8218484], [79.8702143, 6.8218861], [79.8703459, 6.8218813], [79.8705809, 6.8218965], [79.8708237, 6.8219616], [79.8711927, 6.8220857], [79.871493, 6.8222639], [79.871549, 6.8223037], [79.871606, 6.8223442]]}}, {"type": "Feature", "properties": {"osm_id": 131347946, "highway": "tertiary", "name": "Sri Dharmaram Road", "access": null, "foot": null, "oneway": null}, "geometry": {"type": "LineString", "coordinates": [[79.8672312, 6.8202172], [79.867265, 6.8202366]]}}, {"type": "Feature", "properties": {"osm_id": 131349598, "highway": "residential", "name": "Field Avenue", "access": null, "foot": null, "oneway": null}, "geometry": {"type": "LineString", "coordinates": [[79.8814258, 6.8455912], [79.8797081, 6.8459938], [79.8795647, 6.8460316], [79.879745, 6.8461481], [79.8798591, 6.8462418], [79.8799628, 6.8463269], [79.8803341, 6.8467775]]}}, {"type": "Feature", "properties": {"osm_id": 139428859, "highway": "residential", "name": "", "access": null, "foot": null, "oneway": null}, "geometry": {"type": "LineString", "coordinates": [[79.8748544, 6.844337], [79.8748318, 6.8444711]]}}, {"type": "Feature", "properties": {"osm_id": 139428860, "highway": "residential", "name": "", "access": null, "foot": null, "oneway": null}, "geometry": {"type": "LineString", "coordinates": [[79.8767277, 6.8449408], [79.8768166, 6.8450109], [79.8769208, 6.8450725], [79.8770681, 6.8451761], [79.8771165, 6.8452801], [79.8771842, 6.8455014], [79.8772062, 6.845684]]}}, {"type": "Feature", "properties": {"osm_id": 139428988, "highway": "residential", "name": "", "access": null, "foot": null, "oneway": null}, "geometry": {"type": "LineString", "coordinates": [[79.8731032, 6.8460388], [79.8733108, 6.8458645], [79.8733751, 6.8458001], [79.8734419, 6.8457621], [79.873623, 6.845657], [79.873674, 6.8455834], [79.8740996, 6.8454161], [79.8737962, 6.8447493]]}}, {"type": "Feature", "properties": {"osm_id": 139435962, "highway": "residential", "name": "Kawdana Broadway", "access": null, "foot": null, "oneway": null}, "geometry": {"type": "LineString", "coordinates": [[79.8736761, 6.8428992], [79.8737229, 6.8428677], [79.8737414, 6.8428228], [79.8736669, 6.8426047], [79.8736335, 6.8424617], [79.873486, 6.8421554], [79.8731801, 6.8418086], [79.8729244, 6.8415053], [79.8728898, 6.8414778]]}}, {"type": "Feature", "properties": {"osm_id": 139435963, "highway": "residential", "name": "", "access": null, "foot": null, "oneway": null}, "geometry": {"type": "LineString", "coordinates": [[79.8720995, 6.8450418], [79.8722778, 6.8453338]]}}, {"type": "Feature", "properties": {"osm_id": 139435964, "highway": "residential", "name": "", "access": null, "foot": null, "oneway": null}, "geometry": {"type": "LineString", "coordinates": [[79.8725076, 6.8433817], [79.872808, 6.8438718], [79.8730763, 6.8444576], [79.8732037, 6.8449125]]}}, {"type": "Feature", "properties": {"osm_id": 139978968, "highway": "primary_link", "name": "", "access": null, "foot": null, "oneway": "yes"}, "geometry": {"type": "LineString", "coordinates": [[79.8660504, 6.8516226], [79.8660843, 6.8515402], [79.8660881, 6.8515328], [79.8661417, 6.8514289], [79.8662455, 6.8513555], [79.8663657, 6.8512895]]}}, {"type": "Feature", "properties": {"osm_id": 139978969, "highway": "residential", "name": "", "access": null, "foot": null, "oneway": null}, "geometry": {"type": "LineString", "coordinates": [[79.8722747, 6.8429197], [79.8720859, 6.8430581], [79.8720207, 6.8430765], [79.8717799, 6.8428666], [79.8716923, 6.8427902]]}}, {"type": "Feature", "properties": {"osm_id": 139978970, "highway": "primary_link", "name": "", "access": null, "foot": null, "oneway": "yes"}, "geometry": {"type": "LineString", "coordinates": [[79.8659109, 6.8510604], [79.8658784, 6.8511207], [79.86587, 6.8511362], [79.8657694, 6.8512561], [79.865623, 6.8513038]]}}, {"type": "Feature", "properties": {"osm_id": 139978971, "highway": "primary_link", "name": "", "access": null, "foot": null, "oneway": "yes"}, "geometry": {"type": "LineString", "coordinates": [[79.8663657, 6.8512895], [79.8662418, 6.8512454], [79.8661638, 6.8512061], [79.8660728, 6.8511535]]}}, {"type": "Feature", "properties": {"osm_id": 139978972, "highway": "residential", "name": "", "access": null, "foot": null, "oneway": null}, "geometry": {"type": "LineString", "coordinates": [[79.8725288, 6.8427707], [79.8722747, 6.8429197]]}}, {"type": "Feature", "properties": {"osm_id": 139978973, "highway": "residential", "name": "Sri Subodharama Raja Maha Viharaya", "access": null, "foot": null, "oneway": null}, "geometry": {"type": "LineString", "coordinates": [[79.8681209, 6.8498493], [79.8680797, 6.8493047], [79.8679545, 6.8491799], [79.867922, 6.8489717]]}}, {"type": "Feature", "properties": {"osm_id": 139978974, "highway": "residential", "name": "", "access": null, "foot": null, "oneway": null}, "geometry": {"type": "LineString", "coordinates": [[79.8668469, 6.8467771], [79.8666942, 6.8467874], [79.8665728, 6.8467986], [79.8664354, 6.8468114], [79.8661167, 6.846841]]}}, {"type": "Feature", "properties": {"osm_id": 139978975, "highway": "residential", "name": "", "access": null, "foot": null, "oneway": null}, "geometry": {"type": "LineString", "coordinates": [[79.8680797, 6.8493047], [79.8683865, 6.8493365], [79.8686418, 6.849366]]}}, {"type": "Feature", "properties": {"osm_id": 140008101, "highway": "residential", "name": "", "access": null, "foot": null, "oneway": null}, "geometry": {"type": "LineString", "coordinates": [[79.8709528, 6.8424807], [79.8709371, 6.8424971], [79.8708871, 6.8424771], [79.8706149, 6.8422349]]}}, {"type": "Feature", "properties": {"osm_id": 140008102, "highway": "residential", "name": "", "access": null, "foot": null, "oneway": null}, "geometry": {"type": "LineString", "coordinates": [[79.8706763, 6.8425913], [79.8705103, 6.8428548]]}}, {"type": "Feature", "properties": {"osm_id": 140008104, "highway": "residential", "name": "Gnyanathilaka Road", "access": null, "foot": null, "oneway": null}, "geometry": {"type": "LineString", "coordinates": [[79.8702392, 6.8421357], [79.8703892, 6.8417456], [79.8705742, 6.8412706], [79.8707784, 6.8407461], [79.8708623, 6.8405843], [79.8710654, 6.8402178], [79.8712354, 6.8399389], [79.8713521, 6.8397819], [79.8715929, 6.8391954]]}}, {"type": "Feature", "properties": {"osm_id": 140132790, "highway": "residential", "name": "", "access": null, "foot": null, "oneway": null}, "geometry": {"type": "LineString", "coordinates": [[79.8771388, 6.8436592], [79.8769872, 6.8436285], [79.8762417, 6.8434918], [79.8756799, 6.8434419]]}}, {"type": "Feature", "properties": {"osm_id": 140132795, "highway": "residential", "name": "", "access": null, "foot": null, "oneway": null}, "geometry": {"type": "LineString", "coordinates": [[79.8768249, 6.8443809], [79.8770208, 6.8443516], [79.8770623, 6.8443157], [79.8772357, 6.8439674], [79.8772721, 6.8438014], [79.8772823, 6.8437551], [79.8772734, 6.8437236], [79.8772502, 6.8436952], [79.8771388, 6.8436592]]}}, {"type": "Feature", "properties": {"osm_id": 146021985, "highway": "residential", "name": "", "access": null, "foot": null, "oneway": null}, "geometry": {"type": "LineString", "coordinates": [[79.8753589, 6.845231], [79.8752436, 6.8452315], [79.8751264, 6.8452588], [79.875067, 6.8452986], [79.8750877, 6.8458667], [79.8751521, 6.8460338], [79.8753091, 6.8461086], [79.8756075, 6.8460881], [79.8761238, 6.8460483], [79.8765228, 6.8460188], [79.8769599, 6.846006], [79.8771688, 6.8459593]]}}, {"type": "Feature", "properties": {"osm_id": 146021991, "highway": "residential", "name": "Rohini Place", "access": null, "foot": null, "oneway": null}, "geometry": {"type": "LineString", "coordinates": [[79.8786245, 6.846155], [79.8785268, 6.8461872], [79.8781213, 6.8463016], [79.8775258, 6.8464614], [79.877377, 6.8466278], [79.8773362, 6.8469183], [79.8773122, 6.8472291], [79.8772537, 6.8484988], [79.8772465, 6.8486167], [79.8772158, 6.8493923], [79.877218, 6.8496597]]}}, {"type": "Feature", "properties": {"osm_id": 151459497, "highway": "residential", "name": "", "access": null, "foot": "yes", "oneway": null}, "geometry": {"type": "LineString", "coordinates": [[79.871372, 6.8291324], [79.8713295, 6.8291616], [79.8711848, 6.8291322], [79.8711636, 6.8291383], [79.8711513, 6.8291495], [79.8711284, 6.8292415], [79.8710698, 6.8293647], [79.8710537, 6.8294845], [79.8709974, 6.8295351], [79.8708655, 6.8295185], [79.8706214, 6.8294492], [79.8704325, 6.8293985], [79.8704126, 6.8294046], [79.8704016, 6.8294238], [79.8703456, 6.829607], [79.8702862, 6.829838], [79.8702052, 6.8301576]]}}, {"type": "Feature", "properties": {"osm_id": 152244744, "highway": "living_street", "name": "", "access": null, "foot": null, "oneway": null}, "geometry": {"type": "LineString", "coordinates": [[79.8715377, 6.8284953], [79.8716005, 6.8281203], [79.8716508, 6.8278865], [79.8715415, 6.8276889], [79.8714523, 6.8275136], [79.871447, 6.8273512], [79.8714476, 6.827079], [79.8714601, 6.8269576], [79.8714838, 6.8267286]]}}, {"type": "Feature", "properties": {"osm_id": 152245195, "highway": "residential", "name": "", "access": null, "foot": null, "oneway": null}, "geometry": {"type": "LineString", "coordinates": [[79.876072, 6.8279222], [79.8762154, 6.8274116]]}}, {"type": "Feature", "properties": {"osm_id": 152625511, "highway": "living_street", "name": "", "access": null, "foot": null, "oneway": null}, "geometry": {"type": "LineString", "coordinates": [[79.8675461, 6.8316031], [79.868107, 6.831565], [79.86814, 6.8315813]]}}, {"type": "Feature", "properties": {"osm_id": 152625667, "highway": "living_street", "name": "", "access": null, "foot": null, "oneway": null}, "geometry": {"type": "LineString", "coordinates": [[79.8710385, 6.8305069], [79.8710507, 6.8304878], [79.871081, 6.8304507], [79.8711481, 6.8304534], [79.8712009, 6.8304238], [79.8712465, 6.8301895], [79.8712733, 6.8301336], [79.8713458, 6.8301202]]}}, {"type": "Feature", "properties": {"osm_id": 153203861, "highway": "residential", "name": "", "access": null, "foot": null, "oneway": null}, "geometry": {"type": "LineString", "coordinates": [[79.8739747, 6.8366527], [79.8742961, 6.8358934], [79.8743187, 6.8357763], [79.8742326, 6.8354232], [79.8741926, 6.835236], [79.8741711, 6.8350503], [79.8741619, 6.8349591], [79.8741562, 6.8348228], [79.8740133, 6.8346604], [79.8738886, 6.8344482], [79.8738392, 6.834266], [79.8738, 6.8340434], [79.8737888, 6.8337994], [79.873784, 6.8337558]]}}, {"type": "Feature", "properties": {"osm_id": 153203865, "highway": "residential", "name": "", "access": null, "foot": null, "oneway": null}, "geometry": {"type": "LineString", "coordinates": [[79.8707403, 6.831214], [79.8707181, 6.8313193], [79.8706491, 6.8317162], [79.8705109, 6.8321819]]}}, {"type": "Feature", "properties": {"osm_id": 153203866, "highway": "residential", "name": "", "access": null, "foot": null, "oneway": null}, "geometry": {"type": "LineString", "coordinates": [[79.8724987, 6.8348338], [79.8727218, 6.8348517], [79.8730295, 6.8348935], [79.8734052, 6.8349317], [79.8735924, 6.8349372], [79.8736781, 6.8348953], [79.873813, 6.8347757], [79.8739019, 6.8346881], [79.8740133, 6.8346604]]}}, {"type": "Feature", "properties": {"osm_id": 153609095, "highway": "residential", "name": "Lilian Avenue", "access": null, "foot": "yes", "oneway": null}, "geometry": {"type": "LineString", "coordinates": [[79.8644201, 6.8324094], [79.8642949, 6.8331145], [79.8642335, 6.8334604]]}}, {"type": "Feature", "properties": {"osm_id": 156169858, "highway": "residential", "name": "", "access": null, "foot": null, "oneway": null}, "geometry": {"type": "LineString", "coordinates": [[79.8741619, 6.8349591], [79.8742318, 6.8349486], [79.8744542, 6.834924], [79.874503, 6.8349074], [79.8745389, 6.8348822], [79.8748027, 6.8342062], [79.8749778, 6.8336161], [79.8751311, 6.8330907], [79.8752424, 6.8327089], [79.8752145, 6.8326357], [79.8751088, 6.8325236], [79.8751144, 6.8324621], [79.8753381, 6.831921]]}}, {"type": "Feature", "properties": {"osm_id": 159538121, "highway": "residential", "name": "", "access": null, "foot": null, "oneway": null}, "geometry": {"type": "LineString", "coordinates": [[79.8699928, 6.8301027], [79.8700272, 6.8299742], [79.870064, 6.829831]]}}, {"type": "Feature", "properties": {"osm_id": 161752890, "highway": "primary", "name": "Templers Road", "access": "yes", "foot": "yes", "oneway": null}, "geometry": {"type": "LineString", "coordinates": [[79.8855892, 6.8322533], [79.8854978, 6.832266], [79.8854021, 6.8322801], [79.8852865, 6.8323121], [79.8852383, 6.8323254], [79.88484, 6.8324412], [79.884427, 6.8325442], [79.8842285, 6.8325709], [79.8841734, 6.8325783], [79.8839558, 6.8325521], [79.8830751, 6.8324479], [79.8822677, 6.8323573], [79.8820342, 6.8323323], [79.8813401, 6.8322579], [79.8810672, 6.8322286], [79.8806533, 6.8321813], [79.879761, 6.8320794], [79.878882, 6.831979], [79.8786389, 6.8319512], [79.8782887, 6.8319112], [79.8779762, 6.8318833], [79.8776543, 6.8319046], [79.8772117, 6.8319618], [79.8769636, 6.8319898], [79.8768, 6.8320071], [79.8767102, 6.8320151], [79.8765439, 6.8320351], [79.8763199, 6.832063], [79.8761563, 6.8320803], [79.8759904, 6.8320664], [79.8758192, 6.8320282], [79.8755525, 6.8319641], [79.8753381, 6.831921], [79.8750569, 6.8318923], [79.87486, 6.8318516], [79.8746295, 6.831825], [79.8743147, 6.8317908], [79.8742896, 6.8317839], [79.8740423, 6.8317548], [79.8737519, 6.8317767], [79.873355, 6.8317806], [79.8728606, 6.8318003], [79.8727687, 6.8317903], [79.8726866, 6.831784], [79.8724094, 6.8317172], [79.8721609, 6.8316457], [79.8718429, 6.8315154], [79.8714772, 6.8313643], [79.8709881, 6.8312435], [79.8707403, 6.831214], [79.8697807, 6.8310365], [79.8695286, 6.8309631], [79.869259, 6.8309046], [79.86909, 6.8308793], [79.8690509, 6.8308786], [79.8690082, 6.8308713], [79.86863, 6.830786], [79.8682559, 6.8306622], [79.8679307, 6.8305506], [79.8678375, 6.8305117]]}}, {"type": "Feature", "properties": {"osm_id": 164720831, "highway": "residential", "name": "", "access": null, "foot": null, "oneway": null}, "geometry": {"type": "LineString", "coordinates": [[79.8679025, 6.830104], [79.8670796, 6.8299404], [79.8664602, 6.8298394]]}}, {"type": "Feature", "properties": {"osm_id": 164720832, "highway": "residential", "name": "", "access": null, "foot": null, "oneway": null}, "geometry": {"type": "LineString", "coordinates": [[79.8670796, 6.8299404], [79.8670697, 6.830172], [79.8670502, 6.8303603], [79.8669637, 6.8307131]]}}, {"type": "Feature", "properties": {"osm_id": 164720833, "highway": "residential", "name": "", "access": null, "foot": null, "oneway": null}, "geometry": {"type": "LineString", "coordinates": [[79.8684869, 6.8286227], [79.8678584, 6.8284492], [79.86776, 6.8283976], [79.8676607, 6.8283899], [79.8672689, 6.8284028]]}}, {"type": "Feature", "properties": {"osm_id": 164732215, "highway": "residential", "name": "Cross Road", "access": null, "foot": null, "oneway": "yes"}, "geometry": {"type": "LineString", "coordinates": [[79.8673192, 6.8350896], [79.8672436, 6.8350694], [79.8670476, 6.8350566], [79.8667546, 6.8351135], [79.8665306, 6.8351686]]}}, {"type": "Feature", "properties": {"osm_id": 164732216, "highway": "residential", "name": "", "access": null, "foot": null, "oneway": null}, "geometry": {"type": "LineString", "coordinates": [[79.8662417, 6.8287979], [79.86641, 6.8288599], [79.86658, 6.8289095], [79.8670699, 6.8289801]]}}, {"type": "Feature", "properties": {"osm_id": 164732217, "highway": "residential", "name": "", "access": null, "foot": null, "oneway": null}, "geometry": {"type": "LineString", "coordinates": [[79.8650494, 6.8301038], [79.8650806, 6.8304506], [79.8651595, 6.8314304]]}}, {"type": "Feature", "properties": {"osm_id": 164733360, "highway": "residential", "name": "Barnes Avenue", "access": null, "foot": null, "oneway": null}, "geometry": {"type": "LineString", "coordinates": [[79.864656, 6.840045], [79.8649511, 6.840085], [79.8655866, 6.8401535], [79.8662932, 6.8402208], [79.8665317, 6.8402687], [79.8669098, 6.8402868]]}}, {"type": "Feature", "properties": {"osm_id": 164733361, "highway": "residential", "name": "", "access": null, "foot": null, "oneway": null}, "geometry": {"type": "LineString", "coordinates": [[79.8654959, 6.8396277], [79.8656662, 6.8396397], [79.8656997, 6.8396556], [79.8656974, 6.8397183], [79.8655866, 6.8401535], [79.8655047, 6.8405528]]}}, {"type": "Feature", "properties": {"osm_id": 168107959, "highway": "residential", "name": "", "access": null, "foot": null, "oneway": null}, "geometry": {"type": "LineString", "coordinates": [[79.8773528, 6.8141166], [79.876582, 6.8152065], [79.8765755, 6.8152157], [79.8763829, 6.8154797], [79.8763447, 6.8155321], [79.8761746, 6.8157653], [79.8760849, 6.8158883], [79.8759058, 6.8161337]]}}, {"type": "Feature", "properties": {"osm_id": 168107965, "highway": "residential", "name": "", "access": null, "foot": null, "oneway": null}, "geometry": {"type": "LineString", "coordinates": [[79.8754501, 6.8155827], [79.8757055, 6.8158856], [79.8759058, 6.8161337], [79.8759406, 6.8161792], [79.87618, 6.8164724], [79.8762246, 6.8165271], [79.8762317, 6.8165345]]}}, {"type": "Feature", "properties": {"osm_id": 171529266, "highway": "residential", "name": "", "access": null, "foot": null, "oneway": null}, "geometry": {"type": "LineString", "coordinates": [[79.8789995, 6.8497935], [79.8789167, 6.8501235], [79.8789088, 6.8502162], [79.8789445, 6.850308], [79.8789832, 6.8503926], [79.8790498, 6.8506904], [79.8791514, 6.8512135]]}}, {"type": "Feature", "properties": {"osm_id": 171529267, "highway": "residential", "name": "", "access": null, "foot": null, "oneway": null}, "geometry": {"type": "LineString", "coordinates": [[79.8798962, 6.8512213], [79.8798129, 6.8511787], [79.879666, 6.8511376], [79.8795292, 6.8511234], [79.8793656, 6.8511535], [79.8791514, 6.8512135], [79.8790276, 6.8512626], [79.8788466, 6.8512725], [79.8787379, 6.8512286]]}}, {"type": "Feature", "properties": {"osm_id": 171529268, "highway": "residential", "name": "", "access": null, "foot": "yes", "oneway": null}, "geometry": {"type": "LineString", "coordinates": [[79.8777494, 6.8520332], [79.8779942, 6.8519161], [79.8781125, 6.8518805], [79.8782277, 6.8518448], [79.8782848, 6.8518274], [79.8784105, 6.8517794], [79.878556, 6.8517228], [79.8787864, 6.8516078]]}}, {"type": "Feature", "properties": {"osm_id": 171529768, "highway": "residential", "name": "Kadawatha Cross Road", "access": null, "foot": null, "oneway": null}, "geometry": {"type": "LineString", "coordinates": [[79.8777656, 6.8505765], [79.877903, 6.8505843], [79.8786481, 6.8506457], [79.8788251, 6.8506847], [79.8790498, 6.8506904]]}}, {"type": "Feature", "properties": {"osm_id": 173015632, "highway": "residential", "name": "Presbyterian Lane", "access": null, "foot": null, "oneway": null}, "geometry": {"type": "LineString", "coordinates": [[79.8641144, 6.8510258], [79.8642764, 6.8503714], [79.8646591, 6.8504166], [79.8648465, 6.8504415]]}}, {"type": "Feature", "properties": {"osm_id": 173015633, "highway": "residential", "name": "", "access": null, "foot": null, "oneway": null}, "geometry": {"type": "LineString", "coordinates": [[79.8660606, 6.8501896], [79.8662712, 6.8501975], [79.8662981, 6.850167], [79.8664583, 6.8502063]]}}, {"type": "Feature", "properties": {"osm_id": 173015638, "highway": "primary_link", "name": "", "access": null, "foot": null, "oneway": "yes"}, "geometry": {"type": "LineString", "coordinates": [[79.865623, 6.8513038], [79.8657239, 6.8513627], [79.8658098, 6.8514665], [79.8658277, 6.8515093], [79.865895, 6.8516703]]}}, {"type": "Feature", "properties": {"osm_id": 173015641, "highway": "residential", "name": "Jayawardena Place", "access": null, "foot": null, "oneway": "no"}, "geometry": {"type": "LineString", "coordinates": [[79.8713955, 6.8527673], [79.8714002, 6.8525208], [79.8713666, 6.8524968], [79.8711018, 6.8524655], [79.8710434, 6.8524299], [79.8710686, 6.8517335], [79.8710749, 6.8514031], [79.8710805, 6.8512357], [79.8710429, 6.8507518], [79.8709852, 6.8504166]]}}, {"type": "Feature", "properties": {"osm_id": 173015642, "highway": "residential", "name": "", "access": null, "foot": null, "oneway": null}, "geometry": {"type": "LineString", "coordinates": [[79.8704603, 6.8532277], [79.8707053, 6.8538725], [79.8708838, 6.8543183], [79.8709319, 6.8543307], [79.8710123, 6.8543015]]}}, {"type": "Feature", "properties": {"osm_id": 173015643, "highway": "residential", "name": "", "access": null, "foot": null, "oneway": null}, "geometry": {"type": "LineString", "coordinates": [[79.8649166, 6.8506915], [79.8650948, 6.8507105], [79.86592, 6.8507984]]}}, {"type": "Feature", "properties": {"osm_id": 173015645, "highway": "residential", "name": "Sudharshana Road", "access": null, "foot": null, "oneway": null}, "geometry": {"type": "LineString", "coordinates": [[79.8696932, 6.8506387], [79.8698083, 6.8511995], [79.8698677, 6.8514614], [79.8698967, 6.8515799], [79.8699485, 6.8520683], [79.8699372, 6.8522108], [79.8698363, 6.8525237], [79.8698052, 6.8531359]]}}, {"type": "Feature", "properties": {"osm_id": 173015646, "highway": "residential", "name": "", "access": null, "foot": null, "oneway": null}, "geometry": {"type": "LineString", "coordinates": [[79.8667137, 6.8501762], [79.8667085, 6.8501231], [79.8667305, 6.8498837]]}}, {"type": "Feature", "properties": {"osm_id": 173015648, "highway": "residential", "name": "Wijesekara Road", "access": null, "foot": null, "oneway": null}, "geometry": {"type": "LineString", "coordinates": [[79.8667896, 6.8490421], [79.8668327, 6.8492644], [79.8668198, 6.8493517], [79.8667998, 6.8494709], [79.8667305, 6.8498837], [79.86733, 6.8499386], [79.8674027, 6.8499333], [79.8673934, 6.849796], [79.867376, 6.8496323], [79.8672707, 6.8494505], [79.867262, 6.848948]]}}, {"type": "Feature", "properties": {"osm_id": 173024255, "highway": "residential", "name": "", "access": null, "foot": null, "oneway": null}, "geometry": {"type": "LineString", "coordinates": [[79.8752245, 6.8263174], [79.8762813, 6.826925]]}}, {"type": "Feature", "properties": {"osm_id": 173024257, "highway": "residential", "name": "", "access": null, "foot": null, "oneway": null}, "geometry": {"type": "LineString", "coordinates": [[79.8801222, 6.8238459], [79.8803683, 6.8234311]]}}, {"type": "Feature", "properties": {"osm_id": 173024261, "highway": "residential", "name": "", "access": null, "foot": null, "oneway": null}, "geometry": {"type": "LineString", "coordinates": [[79.879499, 6.8277874], [79.8795633, 6.8275794], [79.8796442, 6.8273976], [79.8801471, 6.8264947]]}}, {"type": "Feature", "properties": {"osm_id": 173024262, "highway": "residential", "name": "", "access": null, "foot": null, "oneway": null}, "geometry": {"type": "LineString", "coordinates": [[79.8733902, 6.823137], [79.8733148, 6.8235636], [79.8731914, 6.82375], [79.8731104, 6.8240791], [79.8730726, 6.824558]]}}, {"type": "Feature", "properties": {"osm_id": 173024264, "highway": "residential", "name": "Mallikarama Road", "access": null, "foot": null, "oneway": null}, "geometry": {"type": "LineString", "coordinates": [[79.8775659, 6.8246957], [79.8780475, 6.8249689], [79.8781646, 6.8249795], [79.8783285, 6.8250302], [79.8813065, 6.8267001]]}}, {"type": "Feature", "properties": {"osm_id": 173024266, "highway": "residential", "name": "", "access": null, "foot": null, "oneway": null}, "geometry": {"type": "LineString", "coordinates": [[79.8789199, 6.8277246], [79.8789351, 6.8276079], [79.8789736, 6.8274272], [79.8796461, 6.8262154]]}}, {"type": "Feature", "properties": {"osm_id": 173024269, "highway": "residential", "name": "", "access": null, "foot": null, "oneway": null}, "geometry": {"type": "LineString", "coordinates": [[79.8737938, 6.8212738], [79.8735562, 6.8218166], [79.8734113, 6.8222853], [79.8733201, 6.8227327], [79.8733263, 6.82314]]}}, {"type": "Feature", "properties": {"osm_id": 173024270, "highway": "residential", "name": "", "access": null, "foot": null, "oneway": null}, "geometry": {"type": "LineString", "coordinates": [[79.880674, 6.8267988], [79.8804152, 6.8272388], [79.8803057, 6.8274249], [79.8802212, 6.8276129], [79.8802155, 6.8278149]]}}, {"type": "Feature", "properties": {"osm_id": 173024271, "highway": "residential", "name": "", "access": null, "foot": null, "oneway": null}, "geometry": {"type": "LineString", "coordinates": [[79.8750993, 6.8271207], [79.8760632, 6.8273743]]}}, {"type": "Feature", "properties": {"osm_id": 173024272, "highway": "residential", "name": "", "access": null, "foot": null, "oneway": null}, "geometry": {"type": "LineString", "coordinates": [[79.8765801, 6.8212117], [79.8771496, 6.8201619], [79.8776016, 6.8193588], [79.8776525, 6.8192684]]}}, {"type": "Feature", "properties": {"osm_id": 173024274, "highway": "residential", "name": "", "access": null, "foot": null, "oneway": null}, "geometry": {"type": "LineString", "coordinates": [[79.8747463, 6.8217787], [79.8744949, 6.8222001]]}}, {"type": "Feature", "properties": {"osm_id": 173024275, "highway": "residential", "name": "", "access": null, "foot": null, "oneway": null}, "geometry": {"type": "LineString", "coordinates": [[79.876252, 6.8172955], [79.8760202, 6.8177337], [79.8757701, 6.8181917]]}}, {"type": "Feature", "properties": {"osm_id": 173024277, "highway": "residential", "name": "", "access": null, "foot": null, "oneway": null}, "geometry": {"type": "LineString", "coordinates": [[79.8780145, 6.8262357], [79.8778984, 6.8263385], [79.8778176, 6.8264401], [79.8775418, 6.8269494]]}}, {"type": "Feature", "properties": {"osm_id": 173024278, "highway": "residential", "name": "Mallikarama Road", "access": null, "foot": null, "oneway": null}, "geometry": {"type": "LineString", "coordinates": [[79.8788643, 6.8224696], [79.8788377, 6.8225169], [79.878158, 6.8237233]]}}, {"type": "Feature", "properties": {"osm_id": 173024280, "highway": "residential", "name": "", "access": null, "foot": null, "oneway": null}, "geometry": {"type": "LineString", "coordinates": [[79.8782871, 6.8245035], [79.8785903, 6.8239718], [79.8793073, 6.8228028]]}}, {"type": "Feature", "properties": {"osm_id": 173024281, "highway": "residential", "name": "", "access": null, "foot": null, "oneway": null}, "geometry": {"type": "LineString", "coordinates": [[79.8777315, 6.8270644], [79.877931, 6.827121], [79.8780702, 6.8271529], [79.8781438, 6.8271316], [79.8783311, 6.8268832]]}}, {"type": "Feature", "properties": {"osm_id": 173024283, "highway": "residential", "name": "", "access": null, "foot": null, "oneway": null}, "geometry": {"type": "LineString", "coordinates": [[79.8791237, 6.8188882], [79.8792722, 6.8186211], [79.8794938, 6.8182239], [79.8795293, 6.818174]]}}, {"type": "Feature", "properties": {"osm_id": 173024284, "highway": "residential", "name": "", "access": null, "foot": null, "oneway": null}, "geometry": {"type": "LineString", "coordinates": [[79.8787543, 6.8248419], [79.8787711, 6.8248378], [79.878792, 6.8248268], [79.8788176, 6.8247972], [79.8788373, 6.8247491], [79.8788586, 6.8247174], [79.8788668, 6.8246893], [79.8788671, 6.8246603], [79.8788735, 6.824618], [79.8788888, 6.8245823], [79.8790639, 6.824249]]}}, {"type": "Feature", "properties": {"osm_id": 173024289, "highway": "residential", "name": "", "access": null, "foot": null, "oneway": null}, "geometry": {"type": "LineString", "coordinates": [[79.8765662, 6.8264107], [79.8770671, 6.8266863], [79.8775418, 6.8269494], [79.8777063, 6.8270413], [79.8777315, 6.8270644], [79.8776342, 6.8275812]]}}, {"type": "Feature", "properties": {"osm_id": 173024305, "highway": "residential", "name": "", "access": null, "foot": null, "oneway": null}, "geometry": {"type": "LineString", "coordinates": [[79.8736262, 6.8260617], [79.8736812, 6.8261273], [79.873953, 6.8261671], [79.874132, 6.8261654], [79.8741803, 6.8261217], [79.8741762, 6.8260212], [79.874102, 6.8259448], [79.8739327, 6.8258213], [79.8737889, 6.8257924]]}}, {"type": "Feature", "properties": {"osm_id": 173024307, "highway": "residential", "name": "", "access": null, "foot": null, "oneway": null}, "geometry": {"type": "LineString", "coordinates": [[79.8761489, 6.8226021], [79.8762049, 6.8225064]]}}, {"type": "Feature", "properties": {"osm_id": 173024309, "highway": "residential", "name": "", "access": null, "foot": null, "oneway": null}, "geometry": {"type": "LineString", "coordinates": [[79.8792425, 6.8249405], [79.8794963, 6.8244955]]}}, {"type": "Feature", "properties": {"osm_id": 173024311, "highway": "residential", "name": "", "access": null, "foot": null, "oneway": null}, "geometry": {"type": "LineString", "coordinates": [[79.8796931, 6.8236009], [79.8799158, 6.8231742]]}}, {"type": "Feature", "properties": {"osm_id": 173024312, "highway": "residential", "name": "", "access": null, "foot": null, "oneway": null}, "geometry": {"type": "LineString", "coordinates": [[79.8733445, 6.8263157], [79.8736849, 6.8263866], [79.8745947, 6.8264519]]}}, {"type": "Feature", "properties": {"osm_id": 173024313, "highway": "residential", "name": "", "access": null, "foot": null, "oneway": null}, "geometry": {"type": "LineString", "coordinates": [[79.8800874, 6.837142], [79.8802563, 6.8371138], [79.8813944, 6.8368817]]}}, {"type": "Feature", "properties": {"osm_id": 173024317, "highway": "residential", "name": "", "access": null, "foot": null, "oneway": null}, "geometry": {"type": "LineString", "coordinates": [[79.876748, 6.8274646], [79.8767532, 6.8272919], [79.8767979, 6.8271736], [79.8770671, 6.8266863], [79.8775025, 6.8258778], [79.8775822, 6.8257626], [79.8777428, 6.8256483]]}}, {"type": "Feature", "properties": {"osm_id": 173024321, "highway": "residential", "name": "", "access": null, "foot": null, "oneway": null}, "geometry": {"type": "LineString", "coordinates": [[79.8803739, 6.8344491], [79.8813368, 6.834551], [79.8813438, 6.8344996], [79.881411, 6.8339758], [79.8817939, 6.8340069], [79.881848, 6.8339714], [79.8818714, 6.8337814], [79.881909, 6.8334754], [79.8819214, 6.8333749], [79.8819267, 6.8333194], [79.8819333, 6.8332493], [79.8819465, 6.8331294], [79.8819845, 6.8327837], [79.8820342, 6.8323323]]}}, {"type": "Feature", "properties": {"osm_id": 173024323, "highway": "residential", "name": "", "access": null, "foot": null, "oneway": null}, "geometry": {"type": "LineString", "coordinates": [[79.8752823, 6.8227348], [79.8752811, 6.8235234], [79.8752608, 6.8235505], [79.8752309, 6.8235659], [79.8750303, 6.8235479], [79.8744055, 6.8235033], [79.8740132, 6.8234753], [79.8739167, 6.82365], [79.8738579, 6.8237993], [79.8738134, 6.8240522], [79.8738244, 6.8240963], [79.8738576, 6.8241347], [79.8739716, 6.824192], [79.8740131, 6.8242369], [79.8740333, 6.8242839], [79.8740441, 6.8243401], [79.8739205, 6.824927]]}}, {"type": "Feature", "properties": {"osm_id": 173024324, "highway": "service", "name": "", "access": null, "foot": null, "oneway": null}, "geometry": {"type": "LineString", "coordinates": [[79.8707951, 6.826515], [79.871221, 6.8261854], [79.8712352, 6.8261056], [79.8712194, 6.8260408], [79.8711779, 6.8260035], [79.8705788, 6.8255991], [79.8705393, 6.825605], [79.8704997, 6.8256521]]}}, {"type": "Feature", "properties": {"osm_id": 173024325, "highway": "residential", "name": "", "access": null, "foot": null, "oneway": null}, "geometry": {"type": "LineString", "coordinates": [[79.8793832, 6.8277768], [79.8792091, 6.8291775], [79.8791613, 6.8295616]]}}, {"type": "Feature", "properties": {"osm_id": 173024330, "highway": "residential", "name": "", "access": null, "foot": null, "oneway": null}, "geometry": {"type": "LineString", "coordinates": [[79.8763894, 6.8227408], [79.8770726, 6.8215775]]}}, {"type": "Feature", "properties": {"osm_id": 173024332, "highway": "residential", "name": "Chakkindarama Road", "access": null, "foot": null, "oneway": null}, "geometry": {"type": "LineString", "coordinates": [[79.8714712, 6.8224098], [79.8715301, 6.822448], [79.8717889, 6.8226157], [79.8719124, 6.8227341], [79.8720329, 6.8229152], [79.8722232, 6.8230265], [79.8724255, 6.8231039], [79.8726728, 6.8231555], [79.8728502, 6.8231622], [79.8730937, 6.8231567], [79.8733263, 6.82314], [79.8733902, 6.823137], [79.8735306, 6.8231554], [79.8736874, 6.8232258], [79.8737884, 6.8233209], [79.8739209, 6.8234196], [79.8740132, 6.8234753], [79.8741235, 6.8235756], [79.8743233, 6.8236755]]}}, {"type": "Feature", "properties": {"osm_id": 173024334, "highway": "residential", "name": "", "access": null, "foot": null, "oneway": null}, "geometry": {"type": "LineString", "coordinates": [[79.8781069, 6.8183135], [79.8782549, 6.8180572], [79.878518, 6.817602]]}}, {"type": "Feature", "properties": {"osm_id": 173024342, "highway": "residential", "name": "", "access": null, "foot": null, "oneway": null}, "geometry": {"type": "LineString", "coordinates": [[79.8800417, 6.8368475], [79.880685, 6.8366697], [79.8811662, 6.8365366]]}}, {"type": "Feature", "properties": {"osm_id": 173024347, "highway": "residential", "name": "", "access": null, "foot": null, "oneway": null}, "geometry": {"type": "LineString", "coordinates": [[79.8743663, 6.8215716], [79.8740522, 6.8221077], [79.8739235, 6.8226776], [79.8737884, 6.8233209]]}}, {"type": "Feature", "properties": {"osm_id": 173024348, "highway": "residential", "name": "", "access": null, "foot": null, "oneway": null}, "geometry": {"type": "LineString", "coordinates": [[79.8789345, 6.8178305], [79.8790843, 6.8175474], [79.8793084, 6.8171168], [79.8793447, 6.8170524]]}}, {"type": "Feature", "properties": {"osm_id": 173024349, "highway": "residential", "name": "", "access": null, "foot": null, "oneway": null}, "geometry": {"type": "LineString", "coordinates": [[79.8800878, 6.8254686], [79.880357, 6.8249826], [79.8806318, 6.8245117]]}}, {"type": "Feature", "properties": {"osm_id": 189316080, "highway": "residential", "name": "", "access": null, "foot": null, "oneway": null}, "geometry": {"type": "LineString", "coordinates": [[79.8640384, 6.846799], [79.8640533, 6.846651], [79.8640929, 6.8462249]]}}, {"type": "Feature", "properties": {"osm_id": 189316081, "highway": "residential", "name": "Sri Gunalankara Mawatha", "access": null, "foot": null, "oneway": null}, "geometry": {"type": "LineString", "coordinates": [[79.8646995, 6.8488715], [79.8648696, 6.8488953], [79.8650479, 6.8489039], [79.8653978, 6.8489105], [79.8654346, 6.8488947], [79.8654325, 6.8488417], [79.8654624, 6.8488115], [79.8654876, 6.8488031], [79.8654987, 6.8487737], [79.8659672, 6.8487417]]}}, {"type": "Feature", "properties": {"osm_id": 189316082, "highway": "residential", "name": "", "access": null, "foot": null, "oneway": null}, "geometry": {"type": "LineString", "coordinates": [[79.8637884, 6.8443658], [79.8637715, 6.8445652], [79.8637569, 6.8446922]]}}, {"type": "Feature", "properties": {"osm_id": 189316083, "highway": "residential", "name": "", "access": null, "foot": null, "oneway": null}, "geometry": {"type": "LineString", "coordinates": [[79.8630338, 6.8474986], [79.8630598, 6.8473122], [79.8631428, 6.8466819]]}}, {"type": "Feature", "properties": {"osm_id": 189316084, "highway": "residential", "name": "", "access": null, "foot": null, "oneway": null}, "geometry": {"type": "LineString", "coordinates": [[79.8646366, 6.8465535], [79.8646017, 6.8468675]]}}, {"type": "Feature", "properties": {"osm_id": 189316085, "highway": "residential", "name": "", "access": null, "foot": null, "oneway": null}, "geometry": {"type": "LineString", "coordinates": [[79.8655149, 6.8439687], [79.8660659, 6.843967], [79.8662807, 6.8439742], [79.8663407, 6.843972]]}}, {"type": "Feature", "properties": {"osm_id": 189316086, "highway": "residential", "name": "", "access": null, "foot": null, "oneway": null}, "geometry": {"type": "LineString", "coordinates": [[79.8632049, 6.8435938], [79.8631812, 6.8438409], [79.8631488, 6.8443203]]}}, {"type": "Feature", "properties": {"osm_id": 189316087, "highway": "residential", "name": "", "access": null, "foot": null, "oneway": null}, "geometry": {"type": "LineString", "coordinates": [[79.8636362, 6.8452451], [79.8640668, 6.8452365], [79.864206, 6.8452417], [79.8649227, 6.845245]]}}, {"type": "Feature", "properties": {"osm_id": 189324617, "highway": "residential", "name": "", "access": null, "foot": null, "oneway": null}, "geometry": {"type": "LineString", "coordinates": [[79.8730731, 6.851286], [79.8730685, 6.8501276]]}}, {"type": "Feature", "properties": {"osm_id": 189324619, "highway": "residential", "name": "Sri Subodharama Raja Maha Viharaya", "access": null, "foot": null, "oneway": null}, "geometry": {"type": "LineString", "coordinates": [[79.8677115, 6.8483132], [79.8676832, 6.8483427], [79.8676654, 6.8483919], [79.8676628, 6.8484353], [79.8676607, 6.8489445]]}}, {"type": "Feature", "properties": {"osm_id": 198012389, "highway": "residential", "name": "", "access": null, "foot": null, "oneway": null}, "geometry": {"type": "LineString", "coordinates": [[79.8726653, 6.8169046], [79.8726174, 6.8170225], [79.8725285, 6.8172247], [79.8724214, 6.8174217], [79.8723841, 6.8175236], [79.8723446, 6.8175784], [79.8722966, 6.817623], [79.8722706, 6.81767], [79.872255, 6.8177159], [79.872034, 6.8182832]]}}, {"type": "Feature", "properties": {"osm_id": 198045251, "highway": "primary", "name": "", "access": null, "foot": null, "oneway": null}, "geometry": {"type": "LineString", "coordinates": [[79.8660662, 6.8513212], [79.8659029, 6.8513137]]}}, {"type": "Feature", "properties": {"osm_id": 198045255, "highway": "tertiary", "name": "Pagnaloka Mawatha", "access": null, "foot": null, "oneway": null}, "geometry": {"type": "LineString", "coordinates": [[79.8711298, 6.8432701], [79.8710322, 6.8431992], [79.8709367, 6.843135], [79.8705103, 6.8428548], [79.8703708, 6.8427874], [79.870309, 6.8426769], [79.8701002, 6.8425542], [79.8699434, 6.8424479], [79.8698669, 6.8424169], [79.8697932, 6.8424105], [79.8695743, 6.842397]]}}, {"type": "Feature", "properties": {"osm_id": 198045257, "highway": "tertiary", "name": "Pagnaloka Mawatha", "access": null, "foot": null, "oneway": null}, "geometry": {"type": "LineString", "coordinates": [[79.8711985, 6.8433178], [79.8711777, 6.8433039], [79.8711298, 6.8432701]]}}, {"type": "Feature", "properties": {"osm_id": 307836015, "highway": "residential", "name": "", "access": null, "foot": null, "oneway": null}, "geometry": {"type": "LineString", "coordinates": [[79.8648177, 6.8421025], [79.8647767, 6.842526]]}}, {"type": "Feature", "properties": {"osm_id": 321792811, "highway": "residential", "name": "", "access": null, "foot": null, "oneway": null}, "geometry": {"type": "LineString", "coordinates": [[79.8778679, 6.8427086], [79.8778636, 6.8427196], [79.8778745, 6.8429579], [79.8779067, 6.8430618], [79.878014, 6.8432083], [79.8783545, 6.8435389]]}}, {"type": "Feature", "properties": {"osm_id": 321792812, "highway": "residential", "name": "", "access": null, "foot": null, "oneway": null}, "geometry": {"type": "LineString", "coordinates": [[79.8769599, 6.846006], [79.8769357, 6.8457062], [79.8769195, 6.8451616], [79.8768793, 6.845143], [79.8766915, 6.8451989], [79.8765334, 6.8451923], [79.8764662, 6.8452362], [79.8765228, 6.8460188]]}}, {"type": "Feature", "properties": {"osm_id": 321793282, "highway": "residential", "name": "", "access": null, "foot": null, "oneway": null}, "geometry": {"type": "LineString", "coordinates": [[79.8764672, 6.8516787], [79.8764352, 6.8516955], [79.8764098, 6.8517465], [79.8763787, 6.8519567]]}}, {"type": "Feature", "properties": {"osm_id": 321793283, "highway": "residential", "name": "", "access": null, "foot": null, "oneway": null}, "geometry": {"type": "LineString", "coordinates": [[79.8755969, 6.8518369], [79.8756964, 6.85183], [79.8758118, 6.85183], [79.8759712, 6.8518539], [79.8761482, 6.8519004], [79.8763787, 6.8519567], [79.8764335, 6.8519995]]}}, {"type": "Feature", "properties": {"osm_id": 321793952, "highway": "residential", "name": "", "access": null, "foot": null, "oneway": null}, "geometry": {"type": "LineString", "coordinates": [[79.8750459, 6.8516542], [79.875062, 6.8515237], [79.8751067, 6.8514921], [79.8755937, 6.8516194]]}}, {"type": "Feature", "properties": {"osm_id": 321793953, "highway": "residential", "name": "", "access": null, "foot": null, "oneway": null}, "geometry": {"type": "LineString", "coordinates": [[79.8725367, 6.8520155], [79.8725533, 6.8522078], [79.8725345, 6.8522317], [79.8721167, 6.8523438]]}}, {"type": "Feature", "properties": {"osm_id": 321793954, "highway": "service", "name": "", "access": null, "foot": null, "oneway": null}, "geometry": {"type": "LineString", "coordinates": [[79.8743198, 6.852186], [79.874112, 6.852176], [79.8738473, 6.8522006], [79.8734365, 6.8523465], [79.8731404, 6.8525111]]}}, {"type": "Feature", "properties": {"osm_id": 321794385, "highway": "residential", "name": "", "access": null, "foot": null, "oneway": null}, "geometry": {"type": "LineString", "coordinates": [[79.8725663, 6.8493746], [79.872522, 6.8496596], [79.8725326, 6.8499858], [79.8725695, 6.8501742]]}}, {"type": "Feature", "properties": {"osm_id": 331777254, "highway": "primary", "name": "Railway Station Road", "access": null, "foot": null, "oneway": null}, "geometry": {"type": "LineString", "coordinates": [[79.8632424, 6.8508151], [79.8628734, 6.8507521], [79.8623777, 6.8506726]]}}, {"type": "Feature", "properties": {"osm_id": 333032362, "highway": "residential", "name": "Fairline Road", "access": null, "foot": null, "oneway": null}, "geometry": {"type": "LineString", "coordinates": [[79.8618111, 6.8528821], [79.8632805, 6.853176]]}}, {"type": "Feature", "properties": {"osm_id": 333032363, "highway": "residential", "name": "", "access": null, "foot": null, "oneway": null}, "geometry": {"type": "LineString", "coordinates": [[79.8621763, 6.8515006], [79.8626692, 6.8515929], [79.8635181, 6.851759]]}}, {"type": "Feature", "properties": {"osm_id": 333032364, "highway": "residential", "name": "Hill Street", "access": null, "foot": null, "oneway": null}, "geometry": {"type": "LineString", "coordinates": [[79.8675362, 6.8502325], [79.8675464, 6.85037], [79.8675894, 6.8504309], [79.867792, 6.8506047], [79.8678161, 6.8506254], [79.8678488, 6.8506893], [79.8678657, 6.8507224], [79.8678945, 6.8509996]]}}, {"type": "Feature", "properties": {"osm_id": 333032365, "highway": "residential", "name": "", "access": null, "foot": null, "oneway": null}, "geometry": {"type": "LineString", "coordinates": [[79.8668255, 6.8505227], [79.8667753, 6.8512175]]}}, {"type": "Feature", "properties": {"osm_id": 360023725, "highway": "trunk", "name": "Galle Road", "access": null, "foot": null, "oneway": "yes"}, "geometry": {"type": "LineString", "coordinates": [[79.8659565, 6.8494796], [79.865969, 6.8498223]]}}, {"type": "Feature", "properties": {"osm_id": 373851436, "highway": "residential", "name": "", "access": null, "foot": null, "oneway": null}, "geometry": {"type": "LineString", "coordinates": [[79.8770586, 6.8496731], [79.8771162, 6.8499746], [79.8771304, 6.8501744]]}}, {"type": "Feature", "properties": {"osm_id": 373851438, "highway": "residential", "name": "Saman Mawatha", "access": null, "foot": null, "oneway": null}, "geometry": {"type": "LineString", "coordinates": [[79.8771304, 6.8501744], [79.8772282, 6.8512282], [79.8772296, 6.8512436], [79.8772669, 6.8516372], [79.8772801, 6.8517504], [79.8773037, 6.8519513], [79.877373, 6.8525438], [79.8774276, 6.8529247], [79.8775359, 6.8536823], [79.8776058, 6.8541139], [79.8776568, 6.8543423], [79.8778477, 6.8556654], [79.8778586, 6.8557846]]}}, {"type": "Feature", "properties": {"osm_id": 373853204, "highway": "residential", "name": "", "access": null, "foot": null, "oneway": null}, "geometry": {"type": "LineString", "coordinates": [[79.8698052, 6.8531359], [79.8698298, 6.853232], [79.8699043, 6.8535702]]}}, {"type": "Feature", "properties": {"osm_id": 373876107, "highway": "residential", "name": "", "access": null, "foot": null, "oneway": null}, "geometry": {"type": "LineString", "coordinates": [[79.8644711, 6.8519668], [79.864265, 6.8519228], [79.864124, 6.8519045]]}}, {"type": "Feature", "properties": {"osm_id": 373876108, "highway": "residential", "name": "", "access": null, "foot": null, "oneway": null}, "geometry": {"type": "LineString", "coordinates": [[79.8689714, 6.8530718], [79.8689383, 6.8528522], [79.8689261, 6.8527313], [79.8688873, 6.8524155], [79.8689061, 6.85239], [79.8690114, 6.8523605], [79.8690302, 6.8523407], [79.8690268, 6.8522229]]}}, {"type": "Feature", "properties": {"osm_id": 373876957, "highway": "residential", "name": "", "access": null, "foot": null, "oneway": null}, "geometry": {"type": "LineString", "coordinates": [[79.8719894, 6.8532401], [79.871998, 6.8532207], [79.8719051, 6.8527742]]}}, {"type": "Feature", "properties": {"osm_id": 373876958, "highway": "residential", "name": "Sri Medhakarama Road", "access": null, "foot": null, "oneway": null}, "geometry": {"type": "LineString", "coordinates": [[79.8742485, 6.8517311], [79.8742456, 6.8516404], [79.8742034, 6.8515356], [79.8740838, 6.8514061], [79.8739923, 6.85115], [79.8739795, 6.8510869], [79.8739641, 6.851019], [79.873893, 6.8509124], [79.8738883, 6.8507177], [79.8737788, 6.8500669]]}}, {"type": "Feature", "properties": {"osm_id": 373879148, "highway": "residential", "name": "", "access": null, "foot": null, "oneway": null}, "geometry": {"type": "LineString", "coordinates": [[79.8756225, 6.8513814], [79.875213, 6.8513166]]}}, {"type": "Feature", "properties": {"osm_id": 373879149, "highway": "residential", "name": "", "access": null, "foot": null, "oneway": null}, "geometry": {"type": "LineString", "coordinates": [[79.8764672, 6.8516787], [79.8765556, 6.8516739], [79.8766765, 6.851703]]}}, {"type": "Feature", "properties": {"osm_id": 373879151, "highway": "residential", "name": "", "access": null, "foot": null, "oneway": null}, "geometry": {"type": "LineString", "coordinates": [[79.87634, 6.8535792], [79.876591, 6.8535038], [79.8768646, 6.8533973], [79.8772401, 6.8531043]]}}, {"type": "Feature", "properties": {"osm_id": 373879567, "highway": "residential", "name": "", "access": null, "foot": null, "oneway": null}, "geometry": {"type": "LineString", "coordinates": [[79.8792142, 6.8542123], [79.8792771, 6.8540988], [79.8793334, 6.8539709], [79.879363, 6.853738]]}}, {"type": "Feature", "properties": {"osm_id": 373879568, "highway": "residential", "name": "", "access": null, "foot": null, "oneway": null}, "geometry": {"type": "LineString", "coordinates": [[79.8802525, 6.8538077], [79.8797488, 6.8539057]]}}, {"type": "Feature", "properties": {"osm_id": 373879569, "highway": "residential", "name": "", "access": null, "foot": null, "oneway": null}, "geometry": {"type": "LineString", "coordinates": [[79.880181, 6.8533426], [79.8796195, 6.8534428]]}}, {"type": "Feature", "properties": {"osm_id": 373879570, "highway": "residential", "name": "", "access": null, "foot": null, "oneway": null}, "geometry": {"type": "LineString", "coordinates": [[79.880181, 6.8533426], [79.8805516, 6.8533046], [79.8805806, 6.8533372], [79.8805994, 6.8533665], [79.8806021, 6.8534464], [79.8806047, 6.8534944]]}}, {"type": "Feature", "properties": {"osm_id": 374040349, "highway": "residential", "name": "", "access": null, "foot": null, "oneway": null}, "geometry": {"type": "LineString", "coordinates": [[79.877218, 6.8496597], [79.8772339, 6.8498543], [79.87726, 6.8502188], [79.8773096, 6.8506116], [79.8774266, 6.8514969]]}}, {"type": "Feature", "properties": {"osm_id": 374040491, "highway": "residential", "name": "", "access": null, "foot": null, "oneway": null}, "geometry": {"type": "LineString", "coordinates": [[79.8791454, 6.8492191], [79.8789007, 6.8491821], [79.8787835, 6.8491669], [79.8787481, 6.849143], [79.8787434, 6.8491133], [79.8787669, 6.8489857]]}}, {"type": "Feature", "properties": {"osm_id": 374040492, "highway": "residential", "name": "", "access": null, "foot": null, "oneway": null}, "geometry": {"type": "LineString", "coordinates": [[79.8783044, 6.8472415], [79.8782233, 6.847098], [79.8780926, 6.8469798], [79.8780062, 6.846952], [79.8779828, 6.8469126], [79.8779754, 6.8466537]]}}, {"type": "Feature", "properties": {"osm_id": 374040493, "highway": "residential", "name": "Rohini Place", "access": null, "foot": null, "oneway": null}, "geometry": {"type": "LineString", "coordinates": [[79.8786245, 6.846155], [79.8789139, 6.8460753], [79.8790696, 6.846123], [79.8795647, 6.8460316]]}}, {"type": "Feature", "properties": {"osm_id": 374040494, "highway": "residential", "name": "", "access": null, "foot": null, "oneway": null}, "geometry": {"type": "LineString", "coordinates": [[79.8788099, 6.8470512], [79.8788078, 6.8469465], [79.8785875, 6.8463349], [79.8785268, 6.8461872]]}}, {"type": "Feature", "properties": {"osm_id": 374052842, "highway": "residential", "name": "", "access": null, "foot": null, "oneway": null}, "geometry": {"type": "LineString", "coordinates": [[79.8671159, 6.8494696], [79.8672707, 6.8494505]]}}, {"type": "Feature", "properties": {"osm_id": 374052843, "highway": "residential", "name": "", "access": null, "foot": null, "oneway": null}, "geometry": {"type": "LineString", "coordinates": [[79.8667305, 6.8498837], [79.8663615, 6.8497974], [79.8663381, 6.8497874], [79.8663267, 6.8497674], [79.8663133, 6.8496675], [79.8662985, 6.8496429], [79.8662643, 6.8496316], [79.8660509, 6.8496267]]}}, {"type": "Feature", "properties": {"osm_id": 374052844, "highway": "residential", "name": "", "access": null, "foot": null, "oneway": null}, "geometry": {"type": "LineString", "coordinates": [[79.8677115, 6.8483132], [79.8679557, 6.8483057], [79.8679631, 6.8482729], [79.867961, 6.8480576], [79.868022, 6.8477005]]}}, {"type": "Feature", "properties": {"osm_id": 374052846, "highway": "residential", "name": "", "access": null, "foot": null, "oneway": null}, "geometry": {"type": "LineString", "coordinates": [[79.8642237, 6.8486619], [79.8640595, 6.8486385]]}}, {"type": "Feature", "properties": {"osm_id": 374052847, "highway": "residential", "name": "", "access": null, "foot": null, "oneway": null}, "geometry": {"type": "LineString", "coordinates": [[79.8701461, 6.8491616], [79.8702568, 6.8491569], [79.8705599, 6.8491216], [79.8706274, 6.849088], [79.8707535, 6.8486874]]}}, {"type": "Feature", "properties": {"osm_id": 374052848, "highway": "residential", "name": "", "access": null, "foot": null, "oneway": null}, "geometry": {"type": "LineString", "coordinates": [[79.8720172, 6.8480637], [79.8723035, 6.8491325], [79.8723435, 6.8492574], [79.8725447, 6.849308], [79.8725663, 6.8493746]]}}, {"type": "Feature", "properties": {"osm_id": 374052849, "highway": "residential", "name": "", "access": null, "foot": null, "oneway": null}, "geometry": {"type": "LineString", "coordinates": [[79.8696527, 6.8536814], [79.8697888, 6.8542831]]}}, {"type": "Feature", "properties": {"osm_id": 374052879, "highway": "service", "name": "", "access": null, "foot": null, "oneway": null}, "geometry": {"type": "LineString", "coordinates": [[79.8743198, 6.852186], [79.874732, 6.852214]]}}, {"type": "Feature", "properties": {"osm_id": 374052884, "highway": "residential", "name": "", "access": null, "foot": null, "oneway": null}, "geometry": {"type": "LineString", "coordinates": [[79.8749226, 6.8499438], [79.8749091, 6.8497823], [79.874897, 6.8496169], [79.8748742, 6.849589], [79.8744709, 6.8495479]]}}, {"type": "Feature", "properties": {"osm_id": 374052885, "highway": "residential", "name": "", "access": null, "foot": null, "oneway": null}, "geometry": {"type": "LineString", "coordinates": [[79.8752334, 6.8490088], [79.8752926, 6.8489126], [79.8753476, 6.848826], [79.8754978, 6.8487621], [79.8759958, 6.8486718]]}}, {"type": "Feature", "properties": {"osm_id": 374052886, "highway": "residential", "name": "", "access": null, "foot": null, "oneway": null}, "geometry": {"type": "LineString", "coordinates": [[79.87484, 6.8481427], [79.8751281, 6.8481232]]}}, {"type": "Feature", "properties": {"osm_id": 374052887, "highway": "residential", "name": "", "access": null, "foot": null, "oneway": null}, "geometry": {"type": "LineString", "coordinates": [[79.8734043, 6.8473014], [79.8735368, 6.8475811], [79.8735804, 6.8476731], [79.8736341, 6.8478968]]}}, {"type": "Feature", "properties": {"osm_id": 374052888, "highway": "residential", "name": "", "access": null, "foot": null, "oneway": null}, "geometry": {"type": "LineString", "coordinates": [[79.873869, 6.8471254], [79.8740117, 6.8474853], [79.8740236, 6.8475179]]}}, {"type": "Feature", "properties": {"osm_id": 374052889, "highway": "residential", "name": "", "access": null, "foot": null, "oneway": null}, "geometry": {"type": "LineString", "coordinates": [[79.874095, 6.8471083], [79.8741009, 6.8469205], [79.8740765, 6.8467853], [79.8742167, 6.8466461]]}}, {"type": "Feature", "properties": {"osm_id": 374052890, "highway": "residential", "name": "", "access": null, "foot": null, "oneway": null}, "geometry": {"type": "LineString", "coordinates": [[79.8715045, 6.8459051], [79.8717839, 6.8461186], [79.8720323, 6.8462917], [79.8721021, 6.8463107], [79.8721879, 6.8463431], [79.8722946, 6.8464193], [79.8724021, 6.8465223], [79.8724839, 6.8465902]]}}, {"type": "Feature", "properties": {"osm_id": 374052891, "highway": "residential", "name": "", "access": null, "foot": null, "oneway": null}, "geometry": {"type": "LineString", "coordinates": [[79.8712529, 6.8461292], [79.8717418, 6.846295], [79.8717635, 6.8463174], [79.8717717, 6.8463531], [79.8717253, 6.8464976], [79.8716606, 6.8468564], [79.8716918, 6.8469053], [79.8717456, 6.8469344], [79.8718288, 6.8469204], [79.8724021, 6.8465223]]}}, {"type": "Feature", "properties": {"osm_id": 374052892, "highway": "residential", "name": "", "access": null, "foot": null, "oneway": null}, "geometry": {"type": "LineString", "coordinates": [[79.8725997, 6.8478314], [79.8723981, 6.8475809], [79.8722684, 6.8473746], [79.8722452, 6.8473199], [79.872255, 6.8472894], [79.872374, 6.8472001]]}}, {"type": "Feature", "properties": {"osm_id": 374052893, "highway": "residential", "name": "", "access": null, "foot": null, "oneway": null}, "geometry": {"type": "LineString", "coordinates": [[79.8732005, 6.8461878], [79.8727307, 6.8464944]]}}, {"type": "Feature", "properties": {"osm_id": 374052894, "highway": "residential", "name": "", "access": null, "foot": null, "oneway": null}, "geometry": {"type": "LineString", "coordinates": [[79.8771534, 6.8463505], [79.8768314, 6.8463239], [79.8766048, 6.846322], [79.8764451, 6.8463206]]}}, {"type": "Feature", "properties": {"osm_id": 374060092, "highway": "residential", "name": "", "access": null, "foot": null, "oneway": null}, "geometry": {"type": "LineString", "coordinates": [[79.8661745, 6.8462418], [79.8667762, 6.8462813]]}}, {"type": "Feature", "properties": {"osm_id": 374060093, "highway": "residential", "name": "", "access": null, "foot": null, "oneway": null}, "geometry": {"type": "LineString", "coordinates": [[79.8698839, 6.8447928], [79.8698276, 6.8448387], [79.8697425, 6.8449439], [79.8696908, 6.8450351], [79.8696514, 6.8451372], [79.8696188, 6.8451751], [79.8694924, 6.8452894], [79.8690183, 6.845607], [79.868681, 6.845834], [79.8684892, 6.846083], [79.8682666, 6.8462282], [79.8681821, 6.8462801]]}}, {"type": "Feature", "properties": {"osm_id": 374060094, "highway": "residential", "name": "", "access": null, "foot": null, "oneway": null}, "geometry": {"type": "LineString", "coordinates": [[79.8679046, 6.8464921], [79.8676436, 6.8460465], [79.8676222, 6.8460211], [79.8675905, 6.846015], [79.8673967, 6.8460825], [79.8672053, 6.8461461], [79.8669719, 6.8462167]]}}, {"type": "Feature", "properties": {"osm_id": 374060095, "highway": "residential", "name": "", "access": null, "foot": null, "oneway": null}, "geometry": {"type": "LineString", "coordinates": [[79.8670766, 6.8465263], [79.8669719, 6.8462167]]}}, {"type": "Feature", "properties": {"osm_id": 374060096, "highway": "residential", "name": "", "access": null, "foot": null, "oneway": null}, "geometry": {"type": "LineString", "coordinates": [[79.8672805, 6.8464091], [79.8672053, 6.8461461]]}}, {"type": "Feature", "properties": {"osm_id": 374060097, "highway": "residential", "name": "", "access": null, "foot": null, "oneway": null}, "geometry": {"type": "LineString", "coordinates": [[79.8675125, 6.8463546], [79.8673967, 6.8460825]]}}, {"type": "Feature", "properties": {"osm_id": 374060098, "highway": "residential", "name": "", "access": null, "foot": null, "oneway": null}, "geometry": {"type": "LineString", "coordinates": [[79.8679031, 6.8476823], [79.8679605, 6.8469816], [79.8679576, 6.8469548], [79.8679473, 6.8469312], [79.8679163, 6.8469192], [79.8675501, 6.846887]]}}, {"type": "Feature", "properties": {"osm_id": 374060099, "highway": "residential", "name": "", "access": null, "foot": null, "oneway": null}, "geometry": {"type": "LineString", "coordinates": [[79.8676835, 6.8476394], [79.8677525, 6.8471868], [79.8677208, 6.8471603], [79.8674633, 6.8471443]]}}, {"type": "Feature", "properties": {"osm_id": 374060100, "highway": "residential", "name": "", "access": null, "foot": null, "oneway": null}, "geometry": {"type": "LineString", "coordinates": [[79.8696571, 6.8445392], [79.8699656, 6.8441038]]}}, {"type": "Feature", "properties": {"osm_id": 374060102, "highway": "residential", "name": "", "access": null, "foot": null, "oneway": null}, "geometry": {"type": "LineString", "coordinates": [[79.8699122, 6.8448287], [79.8701337, 6.8445331], [79.8703711, 6.8442263], [79.8705385, 6.8440747], [79.8706358, 6.8439608], [79.8707168, 6.8438595], [79.8712232, 6.8433245]]}}, {"type": "Feature", "properties": {"osm_id": 374060103, "highway": "residential", "name": "", "access": null, "foot": null, "oneway": null}, "geometry": {"type": "LineString", "coordinates": [[79.8706358, 6.8439608], [79.8704206, 6.8437934]]}}, {"type": "Feature", "properties": {"osm_id": 374060104, "highway": "residential", "name": "", "access": null, "foot": null, "oneway": null}, "geometry": {"type": "LineString", "coordinates": [[79.8717012, 6.8438491], [79.8714892, 6.8441028]]}}, {"type": "Feature", "properties": {"osm_id": 374060105, "highway": "residential", "name": "", "access": null, "foot": null, "oneway": null}, "geometry": {"type": "LineString", "coordinates": [[79.8700828, 6.8449971], [79.870171, 6.8448713], [79.8703292, 6.8446689], [79.8704083, 6.8445751], [79.8704214, 6.8445667], [79.8704362, 6.8445589], [79.8704569, 6.8445608], [79.8704992, 6.8445881], [79.8705552, 6.8445295], [79.8705931, 6.8444855]]}}, {"type": "Feature", "properties": {"osm_id": 374060107, "highway": "residential", "name": "", "access": null, "foot": null, "oneway": null}, "geometry": {"type": "LineString", "coordinates": [[79.8722233, 6.8443692], [79.8721806, 6.8444198], [79.8720768, 6.8445397], [79.8720394, 6.8445977], [79.8720011, 6.8446495], [79.8719616, 6.8446556], [79.8718863, 6.8446331], [79.8718321, 6.8446148], [79.8718066, 6.8446348], [79.8717649, 6.8446992], [79.8717256, 6.8447138], [79.8716835, 6.844699], [79.8714521, 6.844588], [79.8713083, 6.8445181], [79.8712324, 6.8444805]]}}, {"type": "Feature", "properties": {"osm_id": 374060108, "highway": "residential", "name": "", "access": null, "foot": null, "oneway": null}, "geometry": {"type": "LineString", "coordinates": [[79.8719812, 6.8441408], [79.8718648, 6.8442766]]}}, {"type": "Feature", "properties": {"osm_id": 374060109, "highway": "residential", "name": "", "access": null, "foot": null, "oneway": null}, "geometry": {"type": "LineString", "coordinates": [[79.8710322, 6.8431992], [79.8707451, 6.8435286]]}}, {"type": "Feature", "properties": {"osm_id": 374060110, "highway": "residential", "name": "", "access": null, "foot": null, "oneway": null}, "geometry": {"type": "LineString", "coordinates": [[79.8705103, 6.8428548], [79.8703213, 6.8431352]]}}, {"type": "Feature", "properties": {"osm_id": 374060111, "highway": "residential", "name": "", "access": null, "foot": null, "oneway": null}, "geometry": {"type": "LineString", "coordinates": [[79.8691995, 6.8423868], [79.8692205, 6.8420758]]}}, {"type": "Feature", "properties": {"osm_id": 374060112, "highway": "residential", "name": "", "access": null, "foot": null, "oneway": null}, "geometry": {"type": "LineString", "coordinates": [[79.8686635, 6.8423028], [79.8686676, 6.8420846], [79.868681, 6.8418341], [79.8686971, 6.8416929], [79.8687279, 6.8415811]]}}, {"type": "Feature", "properties": {"osm_id": 374060113, "highway": "residential", "name": "", "access": null, "foot": null, "oneway": null}, "geometry": {"type": "LineString", "coordinates": [[79.8693299, 6.8405341], [79.8693478, 6.8403384], [79.8694014, 6.8399651], [79.8694226, 6.8399526], [79.8696472, 6.8399768]]}}, {"type": "Feature", "properties": {"osm_id": 374060114, "highway": "service", "name": "", "access": null, "foot": null, "oneway": null}, "geometry": {"type": "LineString", "coordinates": [[79.8701414, 6.8244254], [79.8700325, 6.8243841], [79.8697911, 6.8243015], [79.8696597, 6.8242669], [79.8695658, 6.8242562]]}}, {"type": "Feature", "properties": {"osm_id": 374060115, "highway": "residential", "name": "", "access": null, "foot": null, "oneway": null}, "geometry": {"type": "LineString", "coordinates": [[79.8753589, 6.845231], [79.8755332, 6.8452062], [79.8755482, 6.8452244], [79.875881, 6.8452249], [79.8759338, 6.8452243], [79.876023, 6.8452373], [79.8763867, 6.8452038]]}}, {"type": "Feature", "properties": {"osm_id": 374060116, "highway": "residential", "name": "", "access": null, "foot": null, "oneway": null}, "geometry": {"type": "LineString", "coordinates": [[79.8756075, 6.8460881], [79.8755482, 6.8452244]]}}, {"type": "Feature", "properties": {"osm_id": 374060117, "highway": "residential", "name": "", "access": null, "foot": null, "oneway": null}, "geometry": {"type": "LineString", "coordinates": [[79.8761238, 6.8460483], [79.876023, 6.8452373]]}}, {"type": "Feature", "properties": {"osm_id": 374060118, "highway": "residential", "name": "", "access": null, "foot": null, "oneway": null}, "geometry": {"type": "LineString", "coordinates": [[79.8759338, 6.8452243], [79.8759151, 6.8449973], [79.8758776, 6.8447789], [79.875883, 6.8445925], [79.8757021, 6.8442321]]}}, {"type": "Feature", "properties": {"osm_id": 374060119, "highway": "residential", "name": "", "access": null, "foot": null, "oneway": null}, "geometry": {"type": "LineString", "coordinates": [[79.8750225, 6.8444306], [79.8750622, 6.8446032], [79.8751427, 6.8450878], [79.8752071, 6.8451065], [79.8752339, 6.8450586], [79.8752282, 6.84502], [79.8752259, 6.8448815]]}}, {"type": "Feature", "properties": {"osm_id": 374060120, "highway": "residential", "name": "", "access": null, "foot": null, "oneway": null}, "geometry": {"type": "LineString", "coordinates": [[79.8757835, 6.8428698], [79.8764828, 6.8429764]]}}, {"type": "Feature", "properties": {"osm_id": 374060121, "highway": "service", "name": "", "access": null, "foot": null, "oneway": null}, "geometry": {"type": "LineString", "coordinates": [[79.8761413, 6.8441368], [79.8761592, 6.8440399], [79.8761953, 6.843973], [79.8762094, 6.8438906], [79.8762224, 6.8438506]]}}, {"type": "Feature", "properties": {"osm_id": 374060122, "highway": "residential", "name": "", "access": null, "foot": null, "oneway": null}, "geometry": {"type": "LineString", "coordinates": [[79.8780487, 6.8454785], [79.8779902, 6.8453893], [79.8779205, 6.8452832], [79.8778812, 6.8452233], [79.8778263, 6.8451397], [79.8777556, 6.8450319], [79.8777247, 6.8449849]]}}, {"type": "Feature", "properties": {"osm_id": 374060123, "highway": "residential", "name": "", "access": null, "foot": null, "oneway": null}, "geometry": {"type": "LineString", "coordinates": [[79.8778605, 6.8441928], [79.8778657, 6.8441942], [79.8778709, 6.8441935], [79.8779636, 6.8440881], [79.8779802, 6.8440851], [79.8779967, 6.8440896], [79.8780858, 6.8441422]]}}, {"type": "Feature", "properties": {"osm_id": 374060125, "highway": "residential", "name": "", "access": null, "foot": null, "oneway": null}, "geometry": {"type": "LineString", "coordinates": [[79.8796288, 6.8498781], [79.8796975, 6.8493584]]}}, {"type": "Feature", "properties": {"osm_id": 374908593, "highway": "residential", "name": "", "access": null, "foot": null, "oneway": null}, "geometry": {"type": "LineString", "coordinates": [[79.8739581, 6.8500487], [79.8739515, 6.8499858], [79.8739515, 6.8498536], [79.8739118, 6.8496033]]}}, {"type": "Feature", "properties": {"osm_id": 375037989, "highway": "residential", "name": "", "access": null, "foot": null, "oneway": null}, "geometry": {"type": "LineString", "coordinates": [[79.8716833, 6.848001], [79.8716954, 6.8479482], [79.8717326, 6.8477813], [79.871793, 6.8474709]]}}, {"type": "Feature", "properties": {"osm_id": 375037990, "highway": "residential", "name": "", "access": null, "foot": null, "oneway": null}, "geometry": {"type": "LineString", "coordinates": [[79.8724485, 6.847916], [79.8724712, 6.8481093], [79.8725024, 6.8483215], [79.8725744, 6.848434], [79.8727124, 6.8489174]]}}, {"type": "Feature", "properties": {"osm_id": 375037991, "highway": "residential", "name": "", "access": null, "foot": null, "oneway": null}, "geometry": {"type": "LineString", "coordinates": [[79.8713344, 6.8472173], [79.8710513, 6.8470926], [79.8707073, 6.8469862], [79.8705671, 6.8469314]]}}, {"type": "Feature", "properties": {"osm_id": 375037992, "highway": "residential", "name": "", "access": null, "foot": null, "oneway": null}, "geometry": {"type": "LineString", "coordinates": [[79.8669186, 6.8481359], [79.8668537, 6.8476705]]}}, {"type": "Feature", "properties": {"osm_id": 375037993, "highway": "service", "name": "", "access": null, "foot": null, "oneway": null}, "geometry": {"type": "LineString", "coordinates": [[79.867551, 6.8480273], [79.8675241, 6.8478709], [79.8674829, 6.8476316]]}}, {"type": "Feature", "properties": {"osm_id": 375037995, "highway": "service", "name": "", "access": null, "foot": null, "oneway": null}, "geometry": {"type": "LineString", "coordinates": [[79.8665816, 6.8475985], [79.8665473, 6.8472078]]}}, {"type": "Feature", "properties": {"osm_id": 375037996, "highway": "residential", "name": "", "access": null, "foot": null, "oneway": null}, "geometry": {"type": "LineString", "coordinates": [[79.8667293, 6.8456009], [79.8667512, 6.8454814], [79.8667707, 6.8452846]]}}, {"type": "Feature", "properties": {"osm_id": 375039604, "highway": "residential", "name": "", "access": null, "foot": null, "oneway": null}, "geometry": {"type": "LineString", "coordinates": [[79.8744328, 6.8173328], [79.8741453, 6.817569], [79.8742596, 6.8177088], [79.8743379, 6.81781], [79.8744117, 6.8178995], [79.8744706, 6.8179629], [79.8745432, 6.8180329]]}}, {"type": "Feature", "properties": {"osm_id": 375039605, "highway": "residential", "name": "", "access": null, "foot": null, "oneway": null}, "geometry": {"type": "LineString", "coordinates": [[79.8747257, 6.8176421], [79.8746264, 6.8175376], [79.8744328, 6.8173328], [79.874326, 6.8171816], [79.8742508, 6.8170875], [79.8740823, 6.8168816]]}}, {"type": "Feature", "properties": {"osm_id": 375039606, "highway": "residential", "name": "", "access": null, "foot": null, "oneway": null}, "geometry": {"type": "LineString", "coordinates": [[79.875372, 6.8172876], [79.875317, 6.817222], [79.8749882, 6.8167905], [79.8748492, 6.8166273], [79.8745963, 6.8163192], [79.8744491, 6.8161658], [79.8741959, 6.8158561], [79.8740544, 6.8156794], [79.8736716, 6.8152015]]}}, {"type": "Feature", "properties": {"osm_id": 375039607, "highway": "residential", "name": "", "access": null, "foot": null, "oneway": null}, "geometry": {"type": "LineString", "coordinates": [[79.876176, 6.8178054], [79.8762545, 6.8176646], [79.8762887, 6.8176031], [79.8764115, 6.8173826]]}}, {"type": "Feature", "properties": {"osm_id": 375039608, "highway": "residential", "name": "", "access": null, "foot": null, "oneway": null}, "geometry": {"type": "LineString", "coordinates": [[79.8752829, 6.8190962], [79.8758076, 6.818217]]}}, {"type": "Feature", "properties": {"osm_id": 375188216, "highway": "residential", "name": "", "access": null, "foot": null, "oneway": null}, "geometry": {"type": "LineString", "coordinates": [[79.8694728, 6.817206], [79.8694685, 6.8170502], [79.8694709, 6.8169622], [79.8694809, 6.8169009], [79.8695016, 6.8168197], [79.8695125, 6.8167854], [79.8695379, 6.81674], [79.8695541, 6.8166822], [79.8695616, 6.8166119], [79.8695641, 6.8164906], [79.8695816, 6.8163268], [79.8695875, 6.816225], [79.8695991, 6.8160611]]}}, {"type": "Feature", "properties": {"osm_id": 375188270, "highway": "service", "name": "", "access": null, "foot": null, "oneway": null}, "geometry": {"type": "LineString", "coordinates": [[79.8704717, 6.8172889], [79.8705148, 6.817214], [79.8705389, 6.8171327], [79.8705614, 6.8170067], [79.8705788, 6.8169735], [79.870611, 6.8169503], [79.8706432, 6.8169393], [79.8707013, 6.8169331]]}}, {"type": "Feature", "properties": {"osm_id": 375190503, "highway": "residential", "name": "", "access": null, "foot": null, "oneway": null}, "geometry": {"type": "LineString", "coordinates": [[79.8667638, 6.8315805], [79.8667622, 6.8315221], [79.8667428, 6.831385], [79.8666927, 6.8310878], [79.8666781, 6.8310034], [79.8666676, 6.8309245]]}}, {"type": "Feature", "properties": {"osm_id": 375190517, "highway": "residential", "name": "", "access": null, "foot": null, "oneway": null}, "geometry": {"type": "LineString", "coordinates": [[79.870522, 6.85048], [79.870507, 6.8503831], [79.8704756, 6.8502176]]}}, {"type": "Feature", "properties": {"osm_id": 375190518, "highway": "residential", "name": "", "access": null, "foot": null, "oneway": null}, "geometry": {"type": "LineString", "coordinates": [[79.8707779, 6.8504431], [79.8707763, 6.8503179], [79.8706712, 6.849981], [79.8707609, 6.8497767]]}}, {"type": "Feature", "properties": {"osm_id": 375197800, "highway": "residential", "name": "", "access": null, "foot": null, "oneway": null}, "geometry": {"type": "LineString", "coordinates": [[79.8722742, 6.8360838], [79.8716802, 6.8359986], [79.8711568, 6.8358424], [79.8710639, 6.8358], [79.8710211, 6.8357359], [79.8711391, 6.8354185], [79.8712879, 6.8351908], [79.8713458, 6.8350524], [79.8713848, 6.8349338]]}}, {"type": "Feature", "properties": {"osm_id": 375197801, "highway": "residential", "name": "", "access": null, "foot": null, "oneway": null}, "geometry": {"type": "LineString", "coordinates": [[79.8741183, 6.8358065], [79.8740145, 6.8353944], [79.8739656, 6.835042], [79.8739019, 6.8346881]]}}, {"type": "Feature", "properties": {"osm_id": 375197802, "highway": "residential", "name": "", "access": null, "foot": null, "oneway": null}, "geometry": {"type": "LineString", "coordinates": [[79.8717757, 6.8378476], [79.8719801, 6.8378849], [79.8721812, 6.8378637], [79.8722354, 6.8377941], [79.8723884, 6.8374346]]}}, {"type": "Feature", "properties": {"osm_id": 375197804, "highway": "residential", "name": "", "access": null, "foot": null, "oneway": null}, "geometry": {"type": "LineString", "coordinates": [[79.8712999, 6.8379865], [79.8713182, 6.8377371], [79.8713356, 6.8373255], [79.871422, 6.8370674]]}}, {"type": "Feature", "properties": {"osm_id": 375197805, "highway": "residential", "name": "", "access": null, "foot": null, "oneway": null}, "geometry": {"type": "LineString", "coordinates": [[79.8723878, 6.837406], [79.8725169, 6.8370962]]}}, {"type": "Feature", "properties": {"osm_id": 375197806, "highway": "residential", "name": "", "access": null, "foot": null, "oneway": null}, "geometry": {"type": "LineString", "coordinates": [[79.8713478, 6.8370556], [79.8714689, 6.8367058]]}}, {"type": "Feature", "properties": {"osm_id": 375197807, "highway": "residential", "name": "", "access": null, "foot": null, "oneway": null}, "geometry": {"type": "LineString", "coordinates": [[79.8712613, 6.8370092], [79.8712133, 6.8369734], [79.8708981, 6.8367945], [79.8707333, 6.8367065], [79.8706888, 6.8367083], [79.8705711, 6.8369308]]}}, {"type": "Feature", "properties": {"osm_id": 375197808, "highway": "residential", "name": "", "access": null, "foot": null, "oneway": null}, "geometry": {"type": "LineString", "coordinates": [[79.8712133, 6.8369734], [79.8712888, 6.8368008], [79.8713953, 6.8365012]]}}, {"type": "Feature", "properties": {"osm_id": 375197809, "highway": "residential", "name": "", "access": null, "foot": null, "oneway": null}, "geometry": {"type": "LineString", "coordinates": [[79.8698975, 6.8371768], [79.8706296, 6.8372983], [79.8709059, 6.8374262]]}}, {"type": "Feature", "properties": {"osm_id": 375197810, "highway": "residential", "name": "", "access": null, "foot": null, "oneway": null}, "geometry": {"type": "LineString", "coordinates": [[79.8697006, 6.8377577], [79.8700865, 6.8378206], [79.8701394, 6.8378217], [79.870189, 6.8378264]]}}, {"type": "Feature", "properties": {"osm_id": 375197811, "highway": "residential", "name": "", "access": null, "foot": null, "oneway": null}, "geometry": {"type": "LineString", "coordinates": [[79.8697701, 6.8386965], [79.8698142, 6.8382778]]}}, {"type": "Feature", "properties": {"osm_id": 375197814, "highway": "residential", "name": "", "access": null, "foot": null, "oneway": null}, "geometry": {"type": "LineString", "coordinates": [[79.8691742, 6.8394602], [79.8691986, 6.8391689]]}}, {"type": "Feature", "properties": {"osm_id": 375197815, "highway": "residential", "name": "", "access": null, "foot": null, "oneway": null}, "geometry": {"type": "LineString", "coordinates": [[79.8692083, 6.8389692], [79.8692826, 6.8385635]]}}, {"type": "Feature", "properties": {"osm_id": 375197816, "highway": "residential", "name": "", "access": null, "foot": null, "oneway": null}, "geometry": {"type": "LineString", "coordinates": [[79.8704838, 6.8391774], [79.8706434, 6.8388809]]}}, {"type": "Feature", "properties": {"osm_id": 375197817, "highway": "residential", "name": "", "access": null, "foot": null, "oneway": null}, "geometry": {"type": "LineString", "coordinates": [[79.8714736, 6.8409494], [79.8714477, 6.8409376], [79.8712548, 6.8408174], [79.8708623, 6.8405843]]}}, {"type": "Feature", "properties": {"osm_id": 375197818, "highway": "residential", "name": "", "access": null, "foot": null, "oneway": null}, "geometry": {"type": "LineString", "coordinates": [[79.8713525, 6.8411257], [79.8712009, 6.8410285], [79.8711607, 6.8410045], [79.8711553, 6.8409805], [79.8712548, 6.8408174], [79.8713851, 6.8406218]]}}, {"type": "Feature", "properties": {"osm_id": 375198560, "highway": "residential", "name": "", "access": null, "foot": null, "oneway": null}, "geometry": {"type": "LineString", "coordinates": [[79.8737109, 6.8393963], [79.8735797, 6.8397078], [79.8734501, 6.8400363], [79.8734574, 6.8400735], [79.8735426, 6.8401205], [79.873567, 6.8401152], [79.8739214, 6.8395579]]}}, {"type": "Feature", "properties": {"osm_id": 375198561, "highway": "residential", "name": "", "access": null, "foot": null, "oneway": null}, "geometry": {"type": "LineString", "coordinates": [[79.8728091, 6.8414332], [79.8730853, 6.8411472], [79.8731903, 6.8410564], [79.8739664, 6.8401487], [79.874133, 6.8399013], [79.8741944, 6.8397487]]}}, {"type": "Feature", "properties": {"osm_id": 375198562, "highway": "residential", "name": "", "access": null, "foot": null, "oneway": null}, "geometry": {"type": "LineString", "coordinates": [[79.8731903, 6.8410564], [79.8731082, 6.8409518], [79.8730208, 6.8408953], [79.8729726, 6.8408574], [79.8729457, 6.8408367], [79.8729296, 6.8408308], [79.8729149, 6.840832], [79.8728619, 6.8409162], [79.8728317, 6.8409681]]}}, {"type": "Feature", "properties": {"osm_id": 375198563, "highway": "residential", "name": "Bodhiraja Mawatha", "access": null, "foot": null, "oneway": null}, "geometry": {"type": "LineString", "coordinates": [[79.8717948, 6.8418028], [79.8719397, 6.8416511], [79.8719934, 6.8416684], [79.8723257, 6.8419755]]}}, {"type": "Feature", "properties": {"osm_id": 375198564, "highway": "residential", "name": "", "access": null, "foot": null, "oneway": null}, "geometry": {"type": "LineString", "coordinates": [[79.8732733, 6.8430392], [79.8731416, 6.8427278], [79.8731048, 6.8426338], [79.8730339, 6.8423922]]}}, {"type": "Feature", "properties": {"osm_id": 375198565, "highway": "residential", "name": "", "access": null, "foot": null, "oneway": null}, "geometry": {"type": "LineString", "coordinates": [[79.873185, 6.8436304], [79.8730271, 6.8431776]]}}, {"type": "Feature", "properties": {"osm_id": 375198566, "highway": "residential", "name": "", "access": null, "foot": null, "oneway": null}, "geometry": {"type": "LineString", "coordinates": [[79.874694, 6.8445061], [79.8746741, 6.8441172]]}}, {"type": "Feature", "properties": {"osm_id": 375198567, "highway": "residential", "name": "", "access": null, "foot": null, "oneway": null}, "geometry": {"type": "LineString", "coordinates": [[79.8749668, 6.8448902], [79.8748931, 6.844458]]}}, {"type": "Feature", "properties": {"osm_id": 375198569, "highway": "residential", "name": "", "access": null, "foot": null, "oneway": null}, "geometry": {"type": "LineString", "coordinates": [[79.875723, 6.8485049], [79.8749872, 6.8485172], [79.8744316, 6.8485877]]}}, {"type": "Feature", "properties": {"osm_id": 375198570, "highway": "residential", "name": "", "access": null, "foot": null, "oneway": null}, "geometry": {"type": "LineString", "coordinates": [[79.8758479, 6.8498442], [79.875721, 6.8495099]]}}, {"type": "Feature", "properties": {"osm_id": 375198571, "highway": "residential", "name": "", "access": null, "foot": null, "oneway": null}, "geometry": {"type": "LineString", "coordinates": [[79.8763951, 6.849772], [79.8763592, 6.8494958], [79.8763552, 6.8491305]]}}, {"type": "Feature", "properties": {"osm_id": 375198572, "highway": "residential", "name": "", "access": null, "foot": null, "oneway": null}, "geometry": {"type": "LineString", "coordinates": [[79.8767143, 6.849732], [79.8766885, 6.849072]]}}, {"type": "Feature", "properties": {"osm_id": 375198575, "highway": "residential", "name": "", "access": null, "foot": null, "oneway": null}, "geometry": {"type": "LineString", "coordinates": [[79.8785557, 6.8470732], [79.8784512, 6.8467966]]}}, {"type": "Feature", "properties": {"osm_id": 375198576, "highway": "residential", "name": "", "access": null, "foot": null, "oneway": null}, "geometry": {"type": "LineString", "coordinates": [[79.8791197, 6.8466541], [79.8790546, 6.8464321], [79.8789139, 6.8460753]]}}, {"type": "Feature", "properties": {"osm_id": 375198577, "highway": "residential", "name": "", "access": null, "foot": null, "oneway": null}, "geometry": {"type": "LineString", "coordinates": [[79.8807381, 6.8485225], [79.8804753, 6.8485382], [79.8803881, 6.8485331], [79.8801117, 6.8485735], [79.8797925, 6.8485815], [79.8796949, 6.8486118], [79.8793955, 6.8486376]]}}, {"type": "Feature", "properties": {"osm_id": 375198578, "highway": "service", "name": "", "access": null, "foot": null, "oneway": null}, "geometry": {"type": "LineString", "coordinates": [[79.8783867, 6.849614], [79.8784456, 6.8493986], [79.8785061, 6.8492005]]}}, {"type": "Feature", "properties": {"osm_id": 375198579, "highway": "residential", "name": "", "access": null, "foot": null, "oneway": null}, "geometry": {"type": "LineString", "coordinates": [[79.8782792, 6.8503417], [79.8782788, 6.8502724], [79.8782618, 6.8501669], [79.8782524, 6.8500763], [79.8782699, 6.8498646], [79.8783159, 6.8496017]]}}, {"type": "Feature", "properties": {"osm_id": 375198786, "highway": "residential", "name": "", "access": null, "foot": null, "oneway": null}, "geometry": {"type": "LineString", "coordinates": [[79.8686999, 6.8508365], [79.8687535, 6.8510551], [79.8687829, 6.8512544], [79.8688278, 6.8514098], [79.8688579, 6.8515257], [79.8689187, 6.8516863]]}}, {"type": "Feature", "properties": {"osm_id": 375198787, "highway": "residential", "name": "", "access": null, "foot": null, "oneway": null}, "geometry": {"type": "LineString", "coordinates": [[79.8690348, 6.8514168], [79.8689063, 6.8507926]]}}, {"type": "Feature", "properties": {"osm_id": 375198788, "highway": "residential", "name": "", "access": null, "foot": null, "oneway": null}, "geometry": {"type": "LineString", "coordinates": [[79.8694158, 6.8511336], [79.8693369, 6.8506981]]}}, {"type": "Feature", "properties": {"osm_id": 375198789, "highway": "residential", "name": "", "access": null, "foot": null, "oneway": null}, "geometry": {"type": "LineString", "coordinates": [[79.868458, 6.8514025], [79.8684242, 6.8513922], [79.8683862, 6.8513859], [79.8682545, 6.8513973], [79.868105, 6.8514172], [79.86813, 6.8515295], [79.8681589, 6.8517155]]}}, {"type": "Feature", "properties": {"osm_id": 375198790, "highway": "residential", "name": "", "access": null, "foot": null, "oneway": null}, "geometry": {"type": "LineString", "coordinates": [[79.868105, 6.8514172], [79.8678358, 6.8514547]]}}, {"type": "Feature", "properties": {"osm_id": 375198791, "highway": "residential", "name": "", "access": null, "foot": null, "oneway": null}, "geometry": {"type": "LineString", "coordinates": [[79.8678304, 6.8530364], [79.8681493, 6.8530771], [79.8684795, 6.8530813]]}}, {"type": "Feature", "properties": {"osm_id": 375203133, "highway": "residential", "name": "", "access": null, "foot": null, "oneway": null}, "geometry": {"type": "LineString", "coordinates": [[79.8739923, 6.85115], [79.8737592, 6.8512475]]}}, {"type": "Feature", "properties": {"osm_id": 375203134, "highway": "residential", "name": "", "access": null, "foot": null, "oneway": null}, "geometry": {"type": "LineString", "coordinates": [[79.8739641, 6.851019], [79.8738824, 6.851037], [79.8737212, 6.8510648], [79.8736559, 6.8511182], [79.8736022, 6.8512225], [79.8735298, 6.8512688]]}}, {"type": "Feature", "properties": {"osm_id": 375203135, "highway": "residential", "name": "", "access": null, "foot": null, "oneway": null}, "geometry": {"type": "LineString", "coordinates": [[79.8742034, 6.8515356], [79.8743695, 6.8513772]]}}, {"type": "Feature", "properties": {"osm_id": 375203136, "highway": "residential", "name": "", "access": null, "foot": null, "oneway": null}, "geometry": {"type": "LineString", "coordinates": [[79.874739, 6.8518034], [79.8747697, 6.8516212]]}}, {"type": "Feature", "properties": {"osm_id": 375203137, "highway": "service", "name": "", "access": null, "foot": null, "oneway": null}, "geometry": {"type": "LineString", "coordinates": [[79.8738352, 6.8528046], [79.8737998, 6.8526334]]}}, {"type": "Feature", "properties": {"osm_id": 375203396, "highway": "residential", "name": "", "access": null, "foot": null, "oneway": null}, "geometry": {"type": "LineString", "coordinates": [[79.8758127, 6.8514758], [79.8758575, 6.8511749]]}}, {"type": "Feature", "properties": {"osm_id": 375203397, "highway": "residential", "name": "", "access": null, "foot": null, "oneway": null}, "geometry": {"type": "LineString", "coordinates": [[79.876026, 6.8511892], [79.8760384, 6.8509774]]}}, {"type": "Feature", "properties": {"osm_id": 375203398, "highway": "residential", "name": "", "access": null, "foot": null, "oneway": null}, "geometry": {"type": "LineString", "coordinates": [[79.8775323, 6.8525277], [79.8774679, 6.852003], [79.8774386, 6.8516815], [79.8774341, 6.8515911], [79.8774266, 6.8514969]]}}, {"type": "Feature", "properties": {"osm_id": 375207752, "highway": "residential", "name": "", "access": null, "foot": null, "oneway": null}, "geometry": {"type": "LineString", "coordinates": [[79.8730369, 6.8475118], [79.8729554, 6.8473574], [79.8728395, 6.8472322], [79.872746, 6.8470728]]}}, {"type": "Feature", "properties": {"osm_id": 375207753, "highway": "residential", "name": "", "access": null, "foot": null, "oneway": null}, "geometry": {"type": "LineString", "coordinates": [[79.8755146, 6.8476619], [79.8753825, 6.8470724]]}}, {"type": "Feature", "properties": {"osm_id": 376559433, "highway": "residential", "name": "", "access": null, "foot": null, "oneway": null}, "geometry": {"type": "LineString", "coordinates": [[79.8765887, 6.8386489], [79.8765674, 6.8389041], [79.8765657, 6.8390193], [79.8765625, 6.8392445], [79.8765785, 6.8395492], [79.8766595, 6.8396234], [79.8771744, 6.8396699], [79.8774502, 6.8396806], [79.8774825, 6.839654], [79.8777755, 6.8395909], [79.8783716, 6.839526], [79.8785351, 6.8395338]]}}, {"type": "Feature", "properties": {"osm_id": 376559445, "highway": "residential", "name": "", "access": null, "foot": null, "oneway": null}, "geometry": {"type": "LineString", "coordinates": [[79.8758665, 6.8386844], [79.8762174, 6.8386636], [79.8765887, 6.8386489], [79.8772366, 6.8386218], [79.8775705, 6.8386051], [79.8777957, 6.8386009], [79.8779341, 6.8385954]]}}, {"type": "Feature", "properties": {"osm_id": 376559447, "highway": "residential", "name": "", "access": null, "foot": null, "oneway": null}, "geometry": {"type": "LineString", "coordinates": [[79.8650173, 6.8217735], [79.8652589, 6.8218474], [79.8654999, 6.8219566], [79.8656364, 6.8220309], [79.8657011, 6.8220603], [79.8658191, 6.8221139], [79.8659776, 6.8221926], [79.8661008, 6.8222495], [79.8662637, 6.8222844], [79.8664134, 6.8223434], [79.8666621, 6.8224112], [79.866836, 6.8224505], [79.8669433, 6.8224633], [79.8669411, 6.8225921], [79.8668853, 6.8228643], [79.8668826, 6.8229966]]}}, {"type": "Feature", "properties": {"osm_id": 376559449, "highway": "residential", "name": "", "access": null, "foot": null, "oneway": null}, "geometry": {"type": "LineString", "coordinates": [[79.8738141, 6.8386556], [79.8741119, 6.8391194]]}}, {"type": "Feature", "properties": {"osm_id": 376559450, "highway": "residential", "name": "", "access": null, "foot": null, "oneway": null}, "geometry": {"type": "LineString", "coordinates": [[79.8648966, 6.8240094], [79.8660206, 6.824184]]}}, {"type": "Feature", "properties": {"osm_id": 376559451, "highway": "residential", "name": "", "access": null, "foot": null, "oneway": null}, "geometry": {"type": "LineString", "coordinates": [[79.8736643, 6.8387692], [79.8739702, 6.8392848]]}}, {"type": "Feature", "properties": {"osm_id": 376559452, "highway": "residential", "name": "", "access": null, "foot": null, "oneway": null}, "geometry": {"type": "LineString", "coordinates": [[79.8764347, 6.8373011], [79.8764447, 6.837633], [79.8764511, 6.8378453]]}}, {"type": "Feature", "properties": {"osm_id": 376559454, "highway": "residential", "name": "", "access": null, "foot": null, "oneway": null}, "geometry": {"type": "LineString", "coordinates": [[79.8740217, 6.8382363], [79.8742691, 6.8386419]]}}, {"type": "Feature", "properties": {"osm_id": 376559457, "highway": "residential", "name": "", "access": null, "foot": null, "oneway": null}, "geometry": {"type": "LineString", "coordinates": [[79.8749259, 6.8383039], [79.8753727, 6.8380251]]}}, {"type": "Feature", "properties": {"osm_id": 376559459, "highway": "residential", "name": "", "access": null, "foot": null, "oneway": null}, "geometry": {"type": "LineString", "coordinates": [[79.8735193, 6.8390002], [79.8737606, 6.8393147]]}}, {"type": "Feature", "properties": {"osm_id": 376559461, "highway": "residential", "name": "", "access": null, "foot": null, "oneway": null}, "geometry": {"type": "LineString", "coordinates": [[79.8671525, 6.8251016], [79.8668075, 6.8256033]]}}, {"type": "Feature", "properties": {"osm_id": 376559462, "highway": "residential", "name": "", "access": null, "foot": null, "oneway": null}, "geometry": {"type": "LineString", "coordinates": [[79.8660338, 6.8197873], [79.8657414, 6.8205665], [79.8655403, 6.8212222]]}}, {"type": "Feature", "properties": {"osm_id": 376559463, "highway": "residential", "name": "", "access": null, "foot": null, "oneway": null}, "geometry": {"type": "LineString", "coordinates": [[79.8781078, 6.8383468], [79.8780382, 6.8378756], [79.8780191, 6.8376144]]}}, {"type": "Feature", "properties": {"osm_id": 376559466, "highway": "residential", "name": "", "access": null, "foot": null, "oneway": null}, "geometry": {"type": "LineString", "coordinates": [[79.8749029, 6.8382638], [79.8744949, 6.8385224], [79.8744486, 6.8385518], [79.8744135, 6.8385741]]}}, {"type": "Feature", "properties": {"osm_id": 376559467, "highway": "service", "name": "", "access": null, "foot": null, "oneway": null}, "geometry": {"type": "LineString", "coordinates": [[79.8650092, 6.8266124], [79.8653302, 6.8253573]]}}, {"type": "Feature", "properties": {"osm_id": 376559468, "highway": "residential", "name": "", "access": null, "foot": null, "oneway": null}, "geometry": {"type": "LineString", "coordinates": [[79.8739313, 6.8384775], [79.8741788, 6.8388722]]}}, {"type": "Feature", "properties": {"osm_id": 376559469, "highway": "residential", "name": "", "access": null, "foot": null, "oneway": null}, "geometry": {"type": "LineString", "coordinates": [[79.8665776, 6.8262538], [79.8657578, 6.8261833]]}}, {"type": "Feature", "properties": {"osm_id": 376559470, "highway": "residential", "name": "", "access": null, "foot": null, "oneway": null}, "geometry": {"type": "LineString", "coordinates": [[79.8758791, 6.8384391], [79.8761998, 6.8384217], [79.8764772, 6.838416], [79.877016, 6.838405], [79.877566, 6.8383531], [79.8779386, 6.8383507], [79.8781078, 6.8383468], [79.8782599, 6.8383311], [79.8782971, 6.8382985], [79.8782993, 6.8381324], [79.8782498, 6.8377707], [79.8779113, 6.8367338]]}}, {"type": "Feature", "properties": {"osm_id": 376559472, "highway": "residential", "name": "", "access": null, "foot": null, "oneway": null}, "geometry": {"type": "LineString", "coordinates": [[79.8663909, 6.8235354], [79.8663482, 6.8235424], [79.8661028, 6.8234887], [79.8655656, 6.8233668], [79.8652989, 6.823322], [79.8651495, 6.8232988], [79.8651051, 6.8232731]]}}, {"type": "Feature", "properties": {"osm_id": 376559475, "highway": "residential", "name": "", "access": null, "foot": null, "oneway": null}, "geometry": {"type": "LineString", "coordinates": [[79.8758842, 6.837322], [79.8764347, 6.8373011], [79.8767099, 6.8372881]]}}, {"type": "Feature", "properties": {"osm_id": 376559476, "highway": "residential", "name": "", "access": null, "foot": null, "oneway": null}, "geometry": {"type": "LineString", "coordinates": [[79.8775623, 6.8377981], [79.8769911, 6.8378235], [79.8764511, 6.8378453], [79.875887, 6.8378848]]}}, {"type": "Feature", "properties": {"osm_id": 376559477, "highway": "residential", "name": "", "access": null, "foot": null, "oneway": null}, "geometry": {"type": "LineString", "coordinates": [[79.8772366, 6.8386218], [79.8772244, 6.8388894], [79.8772162, 6.8390166], [79.8771744, 6.8396699]]}}, {"type": "Feature", "properties": {"osm_id": 376559478, "highway": "residential", "name": "", "access": null, "foot": null, "oneway": null}, "geometry": {"type": "LineString", "coordinates": [[79.8655047, 6.8204836], [79.8657414, 6.8205665], [79.8659907, 6.8206623]]}}, {"type": "Feature", "properties": {"osm_id": 376559481, "highway": "residential", "name": "", "access": null, "foot": null, "oneway": null}, "geometry": {"type": "LineString", "coordinates": [[79.8777957, 6.8386009], [79.8778081, 6.8390507], [79.8778439, 6.8392746]]}}, {"type": "Feature", "properties": {"osm_id": 376559488, "highway": "residential", "name": "", "access": null, "foot": null, "oneway": null}, "geometry": {"type": "LineString", "coordinates": [[79.8742201, 6.8371735], [79.8745099, 6.837655], [79.8747846, 6.8380806], [79.8749029, 6.8382638], [79.8749259, 6.8383039], [79.8749951, 6.8384122], [79.8750989, 6.8385745], [79.8752375, 6.8387915]]}}, {"type": "Feature", "properties": {"osm_id": 376559492, "highway": "residential", "name": "3rd Street", "access": null, "foot": null, "oneway": null}, "geometry": {"type": "LineString", "coordinates": [[79.8775281, 6.8368356], [79.8775575, 6.8370866], [79.8775623, 6.8377981], [79.877566, 6.8383531]]}}, {"type": "Feature", "properties": {"osm_id": 376559495, "highway": "residential", "name": "", "access": null, "foot": null, "oneway": null}, "geometry": {"type": "LineString", "coordinates": [[79.8775705, 6.8386051], [79.8775484, 6.8390035], [79.8775121, 6.8393243], [79.8774825, 6.839654]]}}, {"type": "Feature", "properties": {"osm_id": 376559498, "highway": "residential", "name": "", "access": null, "foot": null, "oneway": null}, "geometry": {"type": "LineString", "coordinates": [[79.8758644, 6.8388938], [79.8765674, 6.8389041], [79.8772244, 6.8388894]]}}, {"type": "Feature", "properties": {"osm_id": 376559500, "highway": "residential", "name": "", "access": null, "foot": null, "oneway": null}, "geometry": {"type": "LineString", "coordinates": [[79.8775121, 6.8393243], [79.8778439, 6.8392746], [79.8783295, 6.8392576], [79.8785092, 6.8392462]]}}, {"type": "Feature", "properties": {"osm_id": 376559506, "highway": "residential", "name": "", "access": null, "foot": null, "oneway": null}, "geometry": {"type": "LineString", "coordinates": [[79.8665894, 6.8270561], [79.8665933, 6.8265992], [79.8665776, 6.8262538], [79.8665095, 6.8258904], [79.866491, 6.8258671], [79.8664722, 6.8258527], [79.8657413, 6.8256754]]}}, {"type": "Feature", "properties": {"osm_id": 376559509, "highway": "residential", "name": "", "access": null, "foot": null, "oneway": null}, "geometry": {"type": "LineString", "coordinates": [[79.8665148, 6.8199468], [79.8662729, 6.8207657], [79.8662399, 6.8209777], [79.8662223, 6.8211328], [79.8661959, 6.8212399], [79.8661187, 6.8214317]]}}, {"type": "Feature", "properties": {"osm_id": 376559515, "highway": "residential", "name": "", "access": null, "foot": null, "oneway": null}, "geometry": {"type": "LineString", "coordinates": [[79.8652612, 6.8211142], [79.8655403, 6.8212222], [79.8661187, 6.8214317], [79.8663192, 6.8215029]]}}, {"type": "Feature", "properties": {"osm_id": 376559516, "highway": "residential", "name": "", "access": null, "foot": null, "oneway": null}, "geometry": {"type": "LineString", "coordinates": [[79.877094, 6.8369237], [79.8770843, 6.8373923], [79.8769911, 6.8378235], [79.877006, 6.8381709], [79.877016, 6.838405]]}}, {"type": "Feature", "properties": {"osm_id": 376599191, "highway": "residential", "name": "", "access": null, "foot": null, "oneway": null}, "geometry": {"type": "LineString", "coordinates": [[79.8779341, 6.8385954], [79.8781025, 6.8385899], [79.8782092, 6.8386118], [79.8783034, 6.8386437], [79.8784496, 6.8388629], [79.8784819, 6.8390784], [79.8785092, 6.8392462], [79.8785351, 6.8395338], [79.8786186, 6.8404067]]}}, {"type": "Feature", "properties": {"osm_id": 376599192, "highway": "service", "name": "", "access": null, "foot": null, "oneway": null}, "geometry": {"type": "LineString", "coordinates": [[79.8774376, 6.8357078], [79.8775943, 6.835746], [79.878239, 6.8355611], [79.8788844, 6.8353448], [79.8799437, 6.8349323]]}}, {"type": "Feature", "properties": {"osm_id": 376599194, "highway": "residential", "name": "Watarappala Road", "access": null, "foot": null, "oneway": null}, "geometry": {"type": "LineString", "coordinates": [[79.8735283, 6.8365926], [79.8733732, 6.8370682]]}}, {"type": "Feature", "properties": {"osm_id": 376599196, "highway": "service", "name": "", "access": null, "foot": null, "oneway": null}, "geometry": {"type": "LineString", "coordinates": [[79.8806926, 6.8399943], [79.8805931, 6.8398066], [79.8804599, 6.8396041], [79.8803453, 6.8395356], [79.8800312, 6.8393479], [79.8799175, 6.8392126], [79.8794085, 6.8385465], [79.8789461, 6.8378456], [79.8782959, 6.8365964]]}}, {"type": "Feature", "properties": {"osm_id": 376599198, "highway": "residential", "name": "", "access": null, "foot": null, "oneway": null}, "geometry": {"type": "LineString", "coordinates": [[79.8752442, 6.8390145], [79.8758675, 6.8386279]]}}, {"type": "Feature", "properties": {"osm_id": 376599201, "highway": "service", "name": "", "access": null, "foot": null, "oneway": null}, "geometry": {"type": "LineString", "coordinates": [[79.877722, 6.8347305], [79.8778974, 6.8337133]]}}, {"type": "Feature", "properties": {"osm_id": 376599203, "highway": "residential", "name": "", "access": null, "foot": null, "oneway": null}, "geometry": {"type": "LineString", "coordinates": [[79.8742165, 6.8381661], [79.8744486, 6.8385518]]}}, {"type": "Feature", "properties": {"osm_id": 376599209, "highway": "residential", "name": "", "access": null, "foot": null, "oneway": null}, "geometry": {"type": "LineString", "coordinates": [[79.8683136, 6.8333809], [79.8691998, 6.833417]]}}, {"type": "Feature", "properties": {"osm_id": 376599210, "highway": "residential", "name": "", "access": null, "foot": null, "oneway": null}, "geometry": {"type": "LineString", "coordinates": [[79.8751409, 6.8358536], [79.8755476, 6.835469]]}}, {"type": "Feature", "properties": {"osm_id": 376599211, "highway": "service", "name": "", "access": null, "foot": null, "oneway": null}, "geometry": {"type": "LineString", "coordinates": [[79.8640315, 6.8381135], [79.8644079, 6.83811], [79.8646941, 6.8380725], [79.8649122, 6.8381054]]}}, {"type": "Feature", "properties": {"osm_id": 376599214, "highway": "service", "name": "", "access": null, "foot": null, "oneway": null}, "geometry": {"type": "LineString", "coordinates": [[79.8704285, 6.8362626], [79.8703919, 6.8353533]]}}, {"type": "Feature", "properties": {"osm_id": 376599217, "highway": "residential", "name": "", "access": null, "foot": null, "oneway": null}, "geometry": {"type": "LineString", "coordinates": [[79.8719419, 6.8338584], [79.8719334, 6.8341118]]}}, {"type": "Feature", "properties": {"osm_id": 376599218, "highway": "service", "name": "", "access": null, "foot": null, "oneway": null}, "geometry": {"type": "LineString", "coordinates": [[79.8733788, 6.8381253], [79.8735302, 6.8378371]]}}, {"type": "Feature", "properties": {"osm_id": 376599219, "highway": "residential", "name": "", "access": null, "foot": null, "oneway": null}, "geometry": {"type": "LineString", "coordinates": [[79.8764252, 6.8357822], [79.8757267, 6.8350921]]}}, {"type": "Feature", "properties": {"osm_id": 376599220, "highway": "residential", "name": "", "access": null, "foot": null, "oneway": null}, "geometry": {"type": "LineString", "coordinates": [[79.8715622, 6.8351078], [79.8724707, 6.835304]]}}, {"type": "Feature", "properties": {"osm_id": 376599221, "highway": "service", "name": "", "access": null, "foot": null, "oneway": null}, "geometry": {"type": "LineString", "coordinates": [[79.8802984, 6.8350075], [79.8800176, 6.8350286]]}}, {"type": "Feature", "properties": {"osm_id": 376599222, "highway": "residential", "name": "", "access": null, "foot": null, "oneway": null}, "geometry": {"type": "LineString", "coordinates": [[79.8707124, 6.8381208], [79.8706989, 6.8377844]]}}, {"type": "Feature", "properties": {"osm_id": 376599229, "highway": "residential", "name": "Watarappola Lane", "access": null, "foot": null, "oneway": null}, "geometry": {"type": "LineString", "coordinates": [[79.871671, 6.8379728], [79.8716306, 6.8381168], [79.8715987, 6.8383511], [79.8715206, 6.8386703], [79.871394, 6.8391429]]}}, {"type": "Feature", "properties": {"osm_id": 376599230, "highway": "residential", "name": "Kongahawatte Road", "access": null, "foot": null, "oneway": null}, "geometry": {"type": "LineString", "coordinates": [[79.8656144, 6.8307026], [79.8659127, 6.8307515], [79.8659344, 6.8307508], [79.8659556, 6.8307421], [79.8662315, 6.8303714]]}}, {"type": "Feature", "properties": {"osm_id": 376599231, "highway": "service", "name": "", "access": null, "foot": null, "oneway": null}, "geometry": {"type": "LineString", "coordinates": [[79.8628595, 6.8338228], [79.8628812, 6.8345754], [79.862929, 6.8346822], [79.8630538, 6.8349452]]}}, {"type": "Feature", "properties": {"osm_id": 376599232, "highway": "service", "name": "", "access": null, "foot": null, "oneway": null}, "geometry": {"type": "LineString", "coordinates": [[79.8803453, 6.8395356], [79.8812701, 6.838448], [79.8813463, 6.8383762]]}}, {"type": "Feature", "properties": {"osm_id": 376599234, "highway": "residential", "name": "", "access": null, "foot": null, "oneway": null}, "geometry": {"type": "LineString", "coordinates": [[79.8774994, 6.8332208], [79.8775501, 6.8327797], [79.8776543, 6.8319046]]}}, {"type": "Feature", "properties": {"osm_id": 376599236, "highway": "residential", "name": "", "access": null, "foot": null, "oneway": null}, "geometry": {"type": "LineString", "coordinates": [[79.8744177, 6.8338079], [79.8741146, 6.8337862], [79.8737888, 6.8337994]]}}, {"type": "Feature", "properties": {"osm_id": 376599238, "highway": "residential", "name": "", "access": null, "foot": null, "oneway": null}, "geometry": {"type": "LineString", "coordinates": [[79.870376, 6.8326456], [79.8697166, 6.8324843]]}}, {"type": "Feature", "properties": {"osm_id": 376599239, "highway": "residential", "name": "", "access": null, "foot": null, "oneway": null}, "geometry": {"type": "LineString", "coordinates": [[79.8762346, 6.8361794], [79.8755476, 6.835469], [79.8754538, 6.835372]]}}, {"type": "Feature", "properties": {"osm_id": 376599240, "highway": "residential", "name": "", "access": null, "foot": null, "oneway": null}, "geometry": {"type": "LineString", "coordinates": [[79.8751409, 6.8358536], [79.8761096, 6.836288], [79.8762346, 6.8361794]]}}, {"type": "Feature", "properties": {"osm_id": 376599243, "highway": "residential", "name": "", "access": null, "foot": null, "oneway": null}, "geometry": {"type": "LineString", "coordinates": [[79.8718165, 6.8321399], [79.8722571, 6.8322795], [79.8724108, 6.8323051], [79.8728196, 6.8322854]]}}, {"type": "Feature", "properties": {"osm_id": 376599245, "highway": "residential", "name": "", "access": null, "foot": null, "oneway": null}, "geometry": {"type": "LineString", "coordinates": [[79.8715622, 6.8341381], [79.8719334, 6.8341118], [79.8720495, 6.8341474], [79.8722339, 6.8342039], [79.8725653, 6.8342364]]}}, {"type": "Feature", "properties": {"osm_id": 376599246, "highway": "residential", "name": "", "access": null, "foot": null, "oneway": null}, "geometry": {"type": "LineString", "coordinates": [[79.8742235, 6.8378323], [79.8745099, 6.837655], [79.8749753, 6.8373537], [79.87536, 6.8370365]]}}, {"type": "Feature", "properties": {"osm_id": 376599247, "highway": "residential", "name": "", "access": null, "foot": null, "oneway": null}, "geometry": {"type": "LineString", "coordinates": [[79.8728606, 6.8318003], [79.872916, 6.8307665], [79.8729476, 6.8302873], [79.8729609, 6.8302267]]}}, {"type": "Feature", "properties": {"osm_id": 376599248, "highway": "residential", "name": "", "access": null, "foot": null, "oneway": null}, "geometry": {"type": "LineString", "coordinates": [[79.8749753, 6.8373537], [79.8746697, 6.8368422], [79.8744974, 6.8363997], [79.8744452, 6.8361204]]}}, {"type": "Feature", "properties": {"osm_id": 376599251, "highway": "residential", "name": "", "access": null, "foot": null, "oneway": null}, "geometry": {"type": "LineString", "coordinates": [[79.8743147, 6.8317908], [79.8742543, 6.8321688], [79.8742882, 6.8322208], [79.8742084, 6.832816], [79.8736518, 6.8327922], [79.8735489, 6.8327297], [79.872834, 6.8326402]]}}, {"type": "Feature", "properties": {"osm_id": 376599252, "highway": "service", "name": "", "access": null, "foot": null, "oneway": null}, "geometry": {"type": "LineString", "coordinates": [[79.8808673, 6.8374652], [79.8802309, 6.8376144], [79.8800874, 6.837142], [79.8800563, 6.8370396]]}}, {"type": "Feature", "properties": {"osm_id": 376599255, "highway": "service", "name": "", "access": null, "foot": null, "oneway": null}, "geometry": {"type": "LineString", "coordinates": [[79.8762127, 6.8364493], [79.877547, 6.8358784], [79.8776001, 6.8357853], [79.8775943, 6.835746]]}}, {"type": "Feature", "properties": {"osm_id": 376599979, "highway": "service", "name": "", "access": null, "foot": null, "oneway": null}, "geometry": {"type": "LineString", "coordinates": [[79.8801398, 6.82235], [79.8797958, 6.8229951]]}}, {"type": "Feature", "properties": {"osm_id": 376599980, "highway": "residential", "name": "", "access": null, "foot": null, "oneway": null}, "geometry": {"type": "LineString", "coordinates": [[79.8725943, 6.8286693], [79.8727846, 6.8276038], [79.8728865, 6.8270334]]}}, {"type": "Feature", "properties": {"osm_id": 376599986, "highway": "residential", "name": "", "access": null, "foot": null, "oneway": null}, "geometry": {"type": "LineString", "coordinates": [[79.8751176, 6.8242613], [79.8750303, 6.8235479]]}}, {"type": "Feature", "properties": {"osm_id": 376599990, "highway": "residential", "name": "", "access": null, "foot": null, "oneway": null}, "geometry": {"type": "LineString", "coordinates": [[79.8667889, 6.8241311], [79.8665063, 6.8248315]]}}, {"type": "Feature", "properties": {"osm_id": 376599999, "highway": "residential", "name": "", "access": null, "foot": null, "oneway": null}, "geometry": {"type": "LineString", "coordinates": [[79.8695127, 6.8292227], [79.8697506, 6.829266], [79.8697919, 6.829297], [79.8698065, 6.8293447], [79.8697841, 6.8296375], [79.8697908, 6.8296775]]}}, {"type": "Feature", "properties": {"osm_id": 376602322, "highway": "residential", "name": "", "access": null, "foot": null, "oneway": null}, "geometry": {"type": "LineString", "coordinates": [[79.8766942, 6.8410352], [79.8764313, 6.8401171]]}}, {"type": "Feature", "properties": {"osm_id": 376602323, "highway": "residential", "name": "Araliya Drive", "access": null, "foot": null, "oneway": null}, "geometry": {"type": "LineString", "coordinates": [[79.879085, 6.84348], [79.8786043, 6.8450053]]}}, {"type": "Feature", "properties": {"osm_id": 376602324, "highway": "residential", "name": "", "access": "private", "foot": null, "oneway": null}, "geometry": {"type": "LineString", "coordinates": [[79.879156, 6.8409212], [79.8790637, 6.8403132]]}}, {"type": "Feature", "properties": {"osm_id": 376602325, "highway": "residential", "name": "Flower Drive", "access": null, "foot": null, "oneway": null}, "geometry": {"type": "LineString", "coordinates": [[79.8783341, 6.8455138], [79.8793112, 6.8452901], [79.8802899, 6.8450561]]}}, {"type": "Feature", "properties": {"osm_id": 376602327, "highway": "residential", "name": "", "access": "private", "foot": null, "oneway": null}, "geometry": {"type": "LineString", "coordinates": [[79.8794303, 6.8402292], [79.879156, 6.8409212], [79.8791426, 6.8412989]]}}, {"type": "Feature", "properties": {"osm_id": 376602331, "highway": "residential", "name": "", "access": "private", "foot": null, "oneway": null}, "geometry": {"type": "LineString", "coordinates": [[79.8801782, 6.840102], [79.8801945, 6.8401831], [79.8802508, 6.8404626], [79.880468, 6.8414263]]}}, {"type": "Feature", "properties": {"osm_id": 376602332, "highway": "residential", "name": "", "access": "private", "foot": null, "oneway": null}, "geometry": {"type": "LineString", "coordinates": [[79.8802508, 6.8404626], [79.8797629, 6.8415858], [79.880468, 6.8414263]]}}, {"type": "Feature", "properties": {"osm_id": 376602334, "highway": "residential", "name": "", "access": null, "foot": null, "oneway": null}, "geometry": {"type": "LineString", "coordinates": [[79.8789605, 6.8433001], [79.8789927, 6.8433733], [79.879085, 6.84348], [79.8793692, 6.8438536], [79.8797561, 6.844345]]}}, {"type": "Feature", "properties": {"osm_id": 376602337, "highway": "residential", "name": "", "access": null, "foot": null, "oneway": null}, "geometry": {"type": "LineString", "coordinates": [[79.8801729, 6.8440033], [79.8797561, 6.844345], [79.8799983, 6.8446736], [79.8802899, 6.8450561], [79.880657, 6.8455237]]}}, {"type": "Feature", "properties": {"osm_id": 376602339, "highway": "residential", "name": "Pine Drive", "access": null, "foot": null, "oneway": null}, "geometry": {"type": "LineString", "coordinates": [[79.8782891, 6.8453959], [79.8783382, 6.8451921], [79.8783772, 6.8451004], [79.8784453, 6.8450516], [79.8786043, 6.8450053], [79.8790526, 6.8448982], [79.8799983, 6.8446736]]}}, {"type": "Feature", "properties": {"osm_id": 376602341, "highway": "residential", "name": "", "access": null, "foot": null, "oneway": null}, "geometry": {"type": "LineString", "coordinates": [[79.8782891, 6.8453959], [79.8783341, 6.8455138], [79.878414, 6.8457415], [79.878471, 6.845882], [79.8785104, 6.8459489], [79.8785341, 6.8459745], [79.8785591, 6.8459843]]}}, {"type": "Feature", "properties": {"osm_id": 376602342, "highway": "residential", "name": "", "access": null, "foot": null, "oneway": null}, "geometry": {"type": "LineString", "coordinates": [[79.8686239, 6.8463696], [79.868534, 6.8463486], [79.8684204, 6.8463511], [79.8679046, 6.8464921], [79.8675284, 6.846611], [79.8673552, 6.8466939]]}}, {"type": "Feature", "properties": {"osm_id": 376602345, "highway": "residential", "name": "", "access": null, "foot": null, "oneway": null}, "geometry": {"type": "LineString", "coordinates": [[79.8749779, 6.8402997], [79.8753302, 6.8398912], [79.8753592, 6.8398247], [79.8753458, 6.8397694], [79.8749598, 6.8394747], [79.8749219, 6.8394725], [79.874892, 6.8395115], [79.8748654, 6.8395816], [79.8745658, 6.8400074]]}}, {"type": "Feature", "properties": {"osm_id": 376603396, "highway": "residential", "name": "", "access": null, "foot": null, "oneway": null}, "geometry": {"type": "LineString", "coordinates": [[79.8677125, 6.8187779], [79.8677351, 6.8187852]]}}, {"type": "Feature", "properties": {"osm_id": 376603397, "highway": "residential", "name": "", "access": null, "foot": null, "oneway": null}, "geometry": {"type": "LineString", "coordinates": [[79.8681475, 6.8251515], [79.867989, 6.8248216], [79.867944, 6.8247779], [79.8674476, 6.8244921], [79.8672028, 6.8242895], [79.8669865, 6.8241397], [79.8669617, 6.8240455], [79.8669661, 6.8239654], [79.8670994, 6.8234873], [79.8671239, 6.8232901], [79.8670608, 6.8230225]]}}, {"type": "Feature", "properties": {"osm_id": 376603398, "highway": "service", "name": "", "access": null, "foot": null, "oneway": null}, "geometry": {"type": "LineString", "coordinates": [[79.8655482, 6.8275807], [79.8657239, 6.8275815], [79.8657537, 6.8275693], [79.8657749, 6.8275355], [79.8658192, 6.8270038]]}}, {"type": "Feature", "properties": {"osm_id": 376603399, "highway": "residential", "name": "", "access": null, "foot": null, "oneway": null}, "geometry": {"type": "LineString", "coordinates": [[79.8686228, 6.8226932], [79.8685248, 6.8229417]]}}, {"type": "Feature", "properties": {"osm_id": 376603401, "highway": "service", "name": "", "access": null, "foot": null, "oneway": null}, "geometry": {"type": "LineString", "coordinates": [[79.8698887, 6.8189596], [79.8698484, 6.8196389]]}}, {"type": "Feature", "properties": {"osm_id": 376603403, "highway": "service", "name": "", "access": null, "foot": null, "oneway": null}, "geometry": {"type": "LineString", "coordinates": [[79.8717818, 6.8178386], [79.8717137, 6.8182296]]}}, {"type": "Feature", "properties": {"osm_id": 376603404, "highway": "residential", "name": "", "access": null, "foot": null, "oneway": null}, "geometry": {"type": "LineString", "coordinates": [[79.8676788, 6.8200921], [79.8675452, 6.8204348]]}}, {"type": "Feature", "properties": {"osm_id": 376603405, "highway": "residential", "name": "", "access": null, "foot": null, "oneway": null}, "geometry": {"type": "LineString", "coordinates": [[79.8696946, 6.8180448], [79.8696636, 6.8172166]]}}, {"type": "Feature", "properties": {"osm_id": 376603406, "highway": "residential", "name": "", "access": null, "foot": null, "oneway": null}, "geometry": {"type": "LineString", "coordinates": [[79.8677482, 6.8205988], [79.8679209, 6.8200651]]}}, {"type": "Feature", "properties": {"osm_id": 376603407, "highway": "residential", "name": "", "access": null, "foot": null, "oneway": null}, "geometry": {"type": "LineString", "coordinates": [[79.8677904, 6.8219828], [79.8673116, 6.821864]]}}, {"type": "Feature", "properties": {"osm_id": 376603408, "highway": "service", "name": "", "access": null, "foot": null, "oneway": null}, "geometry": {"type": "LineString", "coordinates": [[79.8691393, 6.817663], [79.8691345, 6.8171718]]}}, {"type": "Feature", "properties": {"osm_id": 376603409, "highway": "residential", "name": "", "access": null, "foot": null, "oneway": null}, "geometry": {"type": "LineString", "coordinates": [[79.8659027, 6.8210174], [79.8659907, 6.8206623]]}}, {"type": "Feature", "properties": {"osm_id": 376603410, "highway": "residential", "name": "", "access": null, "foot": null, "oneway": null}, "geometry": {"type": "LineString", "coordinates": [[79.8672926, 6.8218154], [79.8673116, 6.821864]]}}, {"type": "Feature", "properties": {"osm_id": 376603412, "highway": "residential", "name": "", "access": null, "foot": null, "oneway": null}, "geometry": {"type": "LineString", "coordinates": [[79.8658508, 6.8217668], [79.8657011, 6.8220603]]}}, {"type": "Feature", "properties": {"osm_id": 376603413, "highway": "service", "name": "", "access": null, "foot": null, "oneway": null}, "geometry": {"type": "LineString", "coordinates": [[79.8714337, 6.8186466], [79.8715201, 6.8182001]]}}, {"type": "Feature", "properties": {"osm_id": 376603415, "highway": "service", "name": "", "access": null, "foot": null, "oneway": null}, "geometry": {"type": "LineString", "coordinates": [[79.8684051, 6.8184206], [79.8686573, 6.8184051], [79.8687145, 6.8183973], [79.8687587, 6.8183767], [79.8687769, 6.8183509], [79.8687899, 6.8183018], [79.8687899, 6.8181857], [79.8687983, 6.8179455], [79.8688734, 6.8171596]]}}, {"type": "Feature", "properties": {"osm_id": 376603416, "highway": "residential", "name": "", "access": null, "foot": null, "oneway": null}, "geometry": {"type": "LineString", "coordinates": [[79.868628, 6.8195925], [79.8686137, 6.820345], [79.8685804, 6.8204688], [79.8683054, 6.8212341]]}}, {"type": "Feature", "properties": {"osm_id": 376603417, "highway": "residential", "name": "", "access": null, "foot": null, "oneway": null}, "geometry": {"type": "LineString", "coordinates": [[79.8682961, 6.8217664], [79.8683323, 6.8216314], [79.8684418, 6.8213753]]}}, {"type": "Feature", "properties": {"osm_id": 376603418, "highway": "residential", "name": "", "access": null, "foot": null, "oneway": null}, "geometry": {"type": "LineString", "coordinates": [[79.8679753, 6.8215183], [79.8681379, 6.8210872]]}}, {"type": "Feature", "properties": {"osm_id": 376603420, "highway": "service", "name": "", "access": null, "foot": null, "oneway": null}, "geometry": {"type": "LineString", "coordinates": [[79.8660262, 6.8276644], [79.8660351, 6.8271452]]}}, {"type": "Feature", "properties": {"osm_id": 376603421, "highway": "residential", "name": "", "access": null, "foot": null, "oneway": null}, "geometry": {"type": "LineString", "coordinates": [[79.8685248, 6.8229417], [79.8691269, 6.8231666]]}}, {"type": "Feature", "properties": {"osm_id": 376603422, "highway": "residential", "name": "", "access": null, "foot": null, "oneway": null}, "geometry": {"type": "LineString", "coordinates": [[79.866131, 6.8226203], [79.8653162, 6.822397], [79.8652885, 6.8223922]]}}, {"type": "Feature", "properties": {"osm_id": 376603423, "highway": "residential", "name": "", "access": null, "foot": null, "oneway": null}, "geometry": {"type": "LineString", "coordinates": [[79.8642668, 6.8265095], [79.8642409, 6.8266658], [79.864083, 6.8267012], [79.8640636, 6.826729], [79.8640351, 6.827071], [79.8639545, 6.8279602]]}}, {"type": "Feature", "properties": {"osm_id": 376603425, "highway": "service", "name": "", "access": null, "foot": null, "oneway": null}, "geometry": {"type": "LineString", "coordinates": [[79.8711662, 6.8171273], [79.8711674, 6.8171054], [79.8711709, 6.8170797], [79.8711771, 6.8170503], [79.8712049, 6.8169428], [79.8712546, 6.8167476], [79.8712687, 6.816693]]}}, {"type": "Feature", "properties": {"osm_id": 376603426, "highway": "service", "name": "", "access": null, "foot": null, "oneway": null}, "geometry": {"type": "LineString", "coordinates": [[79.8673497, 6.8273821], [79.8674353, 6.8268769]]}}, {"type": "Feature", "properties": {"osm_id": 376603428, "highway": "service", "name": "", "access": null, "foot": null, "oneway": null}, "geometry": {"type": "LineString", "coordinates": [[79.8714518, 6.8174856], [79.8714772, 6.8176995], [79.8714753, 6.8177187], [79.8714687, 6.8177351], [79.8714546, 6.817753], [79.8714346, 6.8177629], [79.8713282, 6.8177727], [79.8713112, 6.8177807], [79.8712995, 6.8177936], [79.8712875, 6.8178129], [79.871284, 6.8178393], [79.8713172, 6.818176]]}}, {"type": "Feature", "properties": {"osm_id": 376603429, "highway": "residential", "name": "", "access": null, "foot": null, "oneway": null}, "geometry": {"type": "LineString", "coordinates": [[79.8673252, 6.8230173], [79.8674789, 6.8230019], [79.8675947, 6.8229097], [79.8676585, 6.8228906], [79.8681967, 6.8231303], [79.8688942, 6.8234408]]}}, {"type": "Feature", "properties": {"osm_id": 376603430, "highway": "residential", "name": "", "access": null, "foot": null, "oneway": null}, "geometry": {"type": "LineString", "coordinates": [[79.8675537, 6.8226203], [79.8676232, 6.8225547], [79.8677329, 6.822267], [79.8678176, 6.8220396], [79.8677904, 6.8219828]]}}, {"type": "Feature", "properties": {"osm_id": 376603432, "highway": "service", "name": "", "access": null, "foot": null, "oneway": null}, "geometry": {"type": "LineString", "coordinates": [[79.8669398, 6.8274365], [79.8669856, 6.8271008], [79.8669885, 6.826906]]}}, {"type": "Feature", "properties": {"osm_id": 376603434, "highway": "living_street", "name": "", "access": null, "foot": null, "oneway": null}, "geometry": {"type": "LineString", "coordinates": [[79.8647029, 6.8272174], [79.8643829, 6.8271998], [79.8643272, 6.8271132], [79.8640351, 6.827071]]}}, {"type": "Feature", "properties": {"osm_id": 376603435, "highway": "service", "name": "", "access": null, "foot": null, "oneway": null}, "geometry": {"type": "LineString", "coordinates": [[79.8731969, 6.8283464], [79.8733168, 6.8275428], [79.8733644, 6.8274559], [79.8733767, 6.8272631]]}}, {"type": "Feature", "properties": {"osm_id": 376603437, "highway": "residential", "name": "", "access": null, "foot": null, "oneway": null}, "geometry": {"type": "LineString", "coordinates": [[79.8684945, 6.8241704], [79.8682787, 6.824053], [79.8680551, 6.8239867], [79.8677146, 6.8239361], [79.8676891, 6.8239137], [79.8676799, 6.8238792], [79.8676895, 6.8238444], [79.8677217, 6.8237283], [79.8677746, 6.8235379]]}}, {"type": "Feature", "properties": {"osm_id": 376603438, "highway": "residential", "name": "", "access": null, "foot": null, "oneway": null}, "geometry": {"type": "LineString", "coordinates": [[79.8702823, 6.8183543], [79.8702879, 6.8187169], [79.8702984, 6.818745], [79.8703157, 6.818764], [79.8703446, 6.8187753], [79.8703985, 6.8187828], [79.8704725, 6.8187839], [79.8704979, 6.8187873], [79.8705168, 6.8187995], [79.8705241, 6.8188129], [79.870527, 6.8188318], [79.8705213, 6.8188851], [79.8705215, 6.8189535], [79.8704992, 6.8192593], [79.8704842, 6.8196508]]}}, {"type": "Feature", "properties": {"osm_id": 376603440, "highway": "residential", "name": "", "access": null, "foot": null, "oneway": null}, "geometry": {"type": "LineString", "coordinates": [[79.8672926, 6.8218154], [79.8670396, 6.8217559], [79.866977, 6.8217046], [79.8669389, 6.8208133], [79.8669716, 6.8207053], [79.8672877, 6.8202521], [79.8676384, 6.8194623]]}}, {"type": "Feature", "properties": {"osm_id": 376604788, "highway": "residential", "name": "", "access": null, "foot": null, "oneway": null}, "geometry": {"type": "LineString", "coordinates": [[79.862745, 6.8513452], [79.8628734, 6.8507521]]}}, {"type": "Feature", "properties": {"osm_id": 376995546, "highway": "residential", "name": "", "access": null, "foot": null, "oneway": null}, "geometry": {"type": "LineString", "coordinates": [[79.8678074, 6.8187966], [79.8679216, 6.8188155], [79.8680269, 6.8188284], [79.8681465, 6.8188335], [79.8682466, 6.8188284], [79.8683479, 6.8188181], [79.8684337, 6.8188013], [79.8685117, 6.8187664], [79.8685767, 6.8187148], [79.8686599, 6.8186735], [79.8687743, 6.8186529], [79.8688993, 6.818638], [79.868992, 6.8186307], [79.8690623, 6.8186339], [79.8690943, 6.8186421], [79.8691235, 6.8186591], [79.8691706, 6.8186923], [79.8692181, 6.8187118], [79.8692696, 6.8187251], [79.8693212, 6.818721], [79.869369, 6.8187111], [79.8694017, 6.8186903], [79.8694286, 6.8186561], [79.8694462, 6.8186266], [79.869454, 6.8185857], [79.8694604, 6.8185368], [79.8694679, 6.8184613], [79.8694712, 6.8184393], [79.8694802, 6.8184163], [79.8695015, 6.8184003], [79.8695309, 6.8183897], [79.8696283, 6.8183672], [79.8697679, 6.8183389], [79.8698793, 6.8183288], [79.8699354, 6.8183231], [79.8699583, 6.8183166], [79.8699775, 6.8183062], [79.8699936, 6.8182913], [79.8700007, 6.8182676], [79.8699944, 6.8182194], [79.8699855, 6.8181691], [79.8699815, 6.8181216], [79.8699866, 6.8180982], [79.869998, 6.8180818], [79.8700153, 6.8180674], [79.8700392, 6.8180598], [79.8700709, 6.8180614], [79.8704565, 6.8181372], [79.8704945, 6.8181392], [79.8705184, 6.8181384], [79.8705426, 6.8181302], [79.8705634, 6.8181147], [79.8705861, 6.8180915]]}}, {"type": "Feature", "properties": {"osm_id": 376995547, "highway": "residential", "name": "", "access": null, "foot": null, "oneway": null}, "geometry": {"type": "LineString", "coordinates": [[79.8691872, 6.814789], [79.8690124, 6.8152725], [79.868488, 6.8152931], [79.8683074, 6.8156088], [79.8681051, 6.816132], [79.8680291, 6.8169598], [79.8679261, 6.8175743], [79.8678346, 6.8179338], [79.8678251, 6.8182122], [79.8678179, 6.8184214], [79.8677125, 6.8187779], [79.8675433, 6.8194206], [79.8674767, 6.8196467], [79.8673929, 6.8198687], [79.8672207, 6.8202117]]}}, {"type": "Feature", "properties": {"osm_id": 376995561, "highway": "residential", "name": "", "access": null, "foot": null, "oneway": null}, "geometry": {"type": "LineString", "coordinates": [[79.8677351, 6.8187852], [79.8678074, 6.8187966]]}}, {"type": "Feature", "properties": {"osm_id": 376995582, "highway": "residential", "name": "", "access": null, "foot": null, "oneway": null}, "geometry": {"type": "LineString", "coordinates": [[79.8689127, 6.8165121], [79.8690994, 6.8164931], [79.869281, 6.8164849], [79.8695641, 6.8164906]]}}, {"type": "Feature", "properties": {"osm_id": 376995589, "highway": "residential", "name": "", "access": null, "foot": null, "oneway": null}, "geometry": {"type": "LineString", "coordinates": [[79.8698531, 6.815103], [79.8704354, 6.8151283]]}}, {"type": "Feature", "properties": {"osm_id": 376995590, "highway": "residential", "name": "Rev. S. Mahinda Mawatha", "access": null, "foot": null, "oneway": null}, "geometry": {"type": "LineString", "coordinates": [[79.867595, 6.8154747], [79.8683074, 6.8156088]]}}, {"type": "Feature", "properties": {"osm_id": 376995596, "highway": "residential", "name": "", "access": null, "foot": null, "oneway": null}, "geometry": {"type": "LineString", "coordinates": [[79.8692953, 6.8155157], [79.8694184, 6.8155489], [79.8696316, 6.8156035], [79.8697399, 6.8156222], [79.8698511, 6.8156263], [79.8704029, 6.8156574]]}}, {"type": "Feature", "properties": {"osm_id": 376995597, "highway": "service", "name": "", "access": null, "foot": null, "oneway": null}, "geometry": {"type": "LineString", "coordinates": [[79.8661216, 6.8188142], [79.865978, 6.8193783], [79.866967, 6.8197668]]}}, {"type": "Feature", "properties": {"osm_id": 376995600, "highway": "service", "name": "", "access": null, "foot": null, "oneway": null}, "geometry": {"type": "LineString", "coordinates": [[79.8705392, 6.8347778], [79.8709808, 6.8348908], [79.8713458, 6.8350524]]}}, {"type": "Feature", "properties": {"osm_id": 376995607, "highway": "residential", "name": "", "access": null, "foot": null, "oneway": null}, "geometry": {"type": "LineString", "coordinates": [[79.8702802, 6.816237], [79.8705203, 6.8162954], [79.8708727, 6.8163948], [79.8711643, 6.8164593], [79.8712899, 6.8164841], [79.8716475, 6.8165565], [79.8718343, 6.8165905], [79.8720607, 6.8166318], [79.8726647, 6.8168005], [79.8726802, 6.8168281], [79.8726653, 6.8169046]]}}, {"type": "Feature", "properties": {"osm_id": 382876928, "highway": "primary", "name": "Hill Street (Dehiwela-Maharagama Road)", "access": null, "foot": null, "oneway": null}, "geometry": {"type": "LineString", "coordinates": [[79.8663657, 6.8512895], [79.8662663, 6.8513053], [79.8662371, 6.8513075], [79.8660662, 6.8513212]]}}, {"type": "Feature", "properties": {"osm_id": 390612755, "highway": "residential", "name": "Dhammalankara Mawatha", "access": null, "foot": null, "oneway": null}, "geometry": {"type": "LineString", "coordinates": [[79.868977, 6.8504446], [79.8690089, 6.8501108], [79.8690101, 6.8497596], [79.8689564, 6.8496561], [79.8687612, 6.8494493], [79.8686418, 6.849366], [79.8687048, 6.8492079], [79.8688106, 6.8486245], [79.868865, 6.8478266]]}}, {"type": "Feature", "properties": {"osm_id": 401634495, "highway": "footway", "name": "", "access": null, "foot": null, "oneway": null}, "geometry": {"type": "LineString", "coordinates": [[79.86215, 6.8507185], [79.8622875, 6.8507475]]}}, {"type": "Feature", "properties": {"osm_id": 401634496, "highway": "steps", "name": "", "access": null, "foot": null, "oneway": null}, "geometry": {"type": "LineString", "coordinates": [[79.8621297, 6.850824], [79.86215, 6.8507185]]}}, {"type": "Feature", "properties": {"osm_id": 401634499, "highway": "footway", "name": "", "access": null, "foot": null, "oneway": null}, "geometry": {"type": "LineString", "coordinates": [[79.862476, 6.8318496], [79.8625978, 6.8318864], [79.8627371, 6.8319284]]}}, {"type": "Feature", "properties": {"osm_id": 401635567, "highway": "footway", "name": "", "access": null, "foot": null, "oneway": null}, "geometry": {"type": "LineString", "coordinates": [[79.8668063, 6.8149724], [79.8670156, 6.8150439], [79.8670359, 6.8149925], [79.8670802, 6.815009]]}}, {"type": "Feature", "properties": {"osm_id": 401635568, "highway": "steps", "name": "", "access": null, "foot": null, "oneway": null}, "geometry": {"type": "LineString", "coordinates": [[79.866779, 6.8150643], [79.8668063, 6.8149724]]}}, {"type": "Feature", "properties": {"osm_id": 465087677, "highway": "primary", "name": "Hill Street (Dehiwela-Maharagama Road)", "access": null, "foot": null, "oneway": null}, "geometry": {"type": "LineString", "coordinates": [[79.8771963, 6.8496633], [79.8771065, 6.8496694]]}}, {"type": "Feature", "properties": {"osm_id": 465087685, "highway": "primary", "name": "Hill Street (Dehiwela-Maharagama Road)", "access": null, "foot": null, "oneway": null}, "geometry": {"type": "LineString", "coordinates": [[79.8663657, 6.8512895], [79.8664065, 6.8512811], [79.8664726, 6.8512674], [79.8667753, 6.8512175], [79.8677376, 6.8510361], [79.8678945, 6.8509996], [79.8684005, 6.8508887], [79.8684565, 6.8508786], [79.8686429, 6.8508433], [79.8686999, 6.8508365], [79.8688615, 6.8508011], [79.8689063, 6.8507926], [79.8689967, 6.8507739], [79.8691228, 6.850748], [79.8693369, 6.8506981], [79.8696932, 6.8506387], [79.8700374, 6.8505715], [79.8701906, 6.8505415], [79.8702399, 6.8505333], [79.870522, 6.85048], [79.8707779, 6.8504431], [79.8709852, 6.8504166], [79.8712856, 6.8503755], [79.8715934, 6.8503346], [79.8720151, 6.8502628], [79.8722226, 6.8502278], [79.8725695, 6.8501742], [79.8730685, 6.8501276], [79.8735665, 6.8500874], [79.8737788, 6.8500669], [79.8739581, 6.8500487], [79.8742217, 6.850021], [79.8746657, 6.8499664], [79.8749226, 6.8499438], [79.8755486, 6.8498818], [79.8756812, 6.849865], [79.8757934, 6.8498549], [79.8758479, 6.8498442], [79.8763951, 6.849772], [79.8767143, 6.849732], [79.8767727, 6.8497239], [79.8769107, 6.8497047], [79.8770052, 6.8496823], [79.8770586, 6.8496731], [79.8771065, 6.8496694]]}}, {"type": "Feature", "properties": {"osm_id": 465088400, "highway": "primary", "name": "Railway Station Road", "access": null, "foot": null, "oneway": null}, "geometry": {"type": "LineString", "coordinates": [[79.865623, 6.8513038], [79.8654508, 6.8512915], [79.8652995, 6.8512762], [79.8643869, 6.8511017], [79.8641144, 6.8510258], [79.8640291, 6.8510027], [79.8636875, 6.8509105], [79.8632424, 6.8508151]]}}, {"type": "Feature", "properties": {"osm_id": 470696875, "highway": "residential", "name": "Bodhiraja Mawatha", "access": null, "foot": null, "oneway": null}, "geometry": {"type": "LineString", "coordinates": [[79.8793245, 6.8533123], [79.8792911, 6.8533452], [79.8789968, 6.8534424], [79.8789302, 6.8534714], [79.8784032, 6.8540014]]}}, {"type": "Feature", "properties": {"osm_id": 473146226, "highway": "residential", "name": "", "access": null, "foot": null, "oneway": null}, "geometry": {"type": "LineString", "coordinates": [[79.8669719, 6.8462167], [79.8669274, 6.8461107], [79.8668974, 6.8460591], [79.8668477, 6.8459922], [79.8668224, 6.8459159], [79.8667984, 6.8456024]]}}, {"type": "Feature", "properties": {"osm_id": 480680110, "highway": "residential", "name": "Watarappola Cross road", "access": null, "foot": null, "oneway": null}, "geometry": {"type": "LineString", "coordinates": [[79.8715987, 6.8383511], [79.8717228, 6.8383491], [79.8717806, 6.8383182], [79.8721759, 6.8382895], [79.8723723, 6.8382378], [79.872593, 6.8383414], [79.8727874, 6.8384679], [79.8729819, 6.8385425], [79.8732132, 6.8385941]]}}, {"type": "Feature", "properties": {"osm_id": 487431106, "highway": "living_street", "name": "", "access": null, "foot": null, "oneway": null}, "geometry": {"type": "LineString", "coordinates": [[79.8684295, 6.8397966], [79.8684207, 6.8395752]]}}, {"type": "Feature", "properties": {"osm_id": 487431107, "highway": "living_street", "name": "", "access": null, "foot": null, "oneway": null}, "geometry": {"type": "LineString", "coordinates": [[79.8699782, 6.8392433], [79.8699287, 6.8395684]]}}, {"type": "Feature", "properties": {"osm_id": 487431108, "highway": "living_street", "name": "", "access": null, "foot": null, "oneway": null}, "geometry": {"type": "LineString", "coordinates": [[79.8736847, 6.8384596], [79.8737355, 6.8382164], [79.8738275, 6.837884]]}}, {"type": "Feature", "properties": {"osm_id": 487431109, "highway": "living_street", "name": "", "access": null, "foot": null, "oneway": null}, "geometry": {"type": "LineString", "coordinates": [[79.8733253, 6.8381337], [79.8733788, 6.8381253], [79.8737355, 6.8382164]]}}, {"type": "Feature", "properties": {"osm_id": 487432478, "highway": "living_street", "name": "", "access": null, "foot": null, "oneway": null}, "geometry": {"type": "LineString", "coordinates": [[79.8748492, 6.8166273], [79.8749316, 6.8165575], [79.8749789, 6.8165159], [79.8752764, 6.8162539], [79.8753791, 6.8161635], [79.8754044, 6.8161412], [79.8754699, 6.8160835], [79.8754908, 6.8160659], [79.8757055, 6.8158856]]}}, {"type": "Feature", "properties": {"osm_id": 487432761, "highway": "residential", "name": "", "access": null, "foot": null, "oneway": null}, "geometry": {"type": "LineString", "coordinates": [[79.8759406, 6.8161792], [79.8758841, 6.8162396], [79.875832, 6.8162912], [79.8751321, 6.8167216], [79.8749882, 6.8167905], [79.8748821, 6.8168578], [79.874651, 6.8169802], [79.8745368, 6.817051], [79.874326, 6.8171816], [79.8740276, 6.8173984], [79.8741453, 6.817569], [79.8737809, 6.8178677]]}}, {"type": "Feature", "properties": {"osm_id": 509572129, "highway": "residential", "name": "", "access": null, "foot": null, "oneway": null}, "geometry": {"type": "LineString", "coordinates": [[79.8736845, 6.8359434], [79.8735283, 6.8365926]]}}, {"type": "Feature", "properties": {"osm_id": 509572130, "highway": "living_street", "name": "", "access": null, "foot": null, "oneway": null}, "geometry": {"type": "LineString", "coordinates": [[79.87295, 6.8368711], [79.873059, 6.8364989]]}}, {"type": "Feature", "properties": {"osm_id": 509572131, "highway": "living_street", "name": "", "access": null, "foot": null, "oneway": null}, "geometry": {"type": "LineString", "coordinates": [[79.8728119, 6.8372695], [79.8726772, 6.8375921]]}}, {"type": "Feature", "properties": {"osm_id": 509572132, "highway": "residential", "name": "Watarappala Road", "access": null, "foot": null, "oneway": null}, "geometry": {"type": "LineString", "coordinates": [[79.8732228, 6.8374838], [79.8730538, 6.8379185]]}}, {"type": "Feature", "properties": {"osm_id": 509572133, "highway": "residential", "name": "Watarappala Road", "access": null, "foot": null, "oneway": null}, "geometry": {"type": "LineString", "coordinates": [[79.8733732, 6.8370682], [79.8732228, 6.8374838]]}}, {"type": "Feature", "properties": {"osm_id": 509573361, "highway": "living_street", "name": "", "access": null, "foot": null, "oneway": null}, "geometry": {"type": "LineString", "coordinates": [[79.8764207, 6.8427447], [79.8758283, 6.8426837]]}}, {"type": "Feature", "properties": {"osm_id": 509573362, "highway": "tertiary", "name": "Abeysekara Road", "access": null, "foot": null, "oneway": null}, "geometry": {"type": "LineString", "coordinates": [[79.8759437, 6.8419247], [79.8757577, 6.8414758], [79.8755609, 6.8409835], [79.8754867, 6.8407979], [79.8754408, 6.8407057], [79.8753802, 6.8406343], [79.8752901, 6.8405502], [79.8751625, 6.8404498], [79.8749779, 6.8402997], [79.8748283, 6.8401869], [79.8746373, 6.8400577], [79.8745658, 6.8400074], [79.874365, 6.8398735], [79.8743199, 6.8398399]]}}, {"type": "Feature", "properties": {"osm_id": 509573363, "highway": "secondary", "name": "Kawdana Road", "access": null, "foot": null, "oneway": null}, "geometry": {"type": "LineString", "coordinates": [[79.8786749, 6.8403918], [79.8786186, 6.8404067]]}}, {"type": "Feature", "properties": {"osm_id": 509573364, "highway": "primary", "name": "Kawdana Road", "access": null, "foot": null, "oneway": null}, "geometry": {"type": "LineString", "coordinates": [[79.8789029, 6.8403445], [79.8786749, 6.8403918]]}}, {"type": "Feature", "properties": {"osm_id": 509573365, "highway": "primary", "name": "Kawdana Road", "access": null, "foot": null, "oneway": null}, "geometry": {"type": "LineString", "coordinates": [[79.8805362, 6.8400307], [79.8804089, 6.8400539]]}}, {"type": "Feature", "properties": {"osm_id": 509573366, "highway": "primary", "name": "Kawdana Road", "access": null, "foot": null, "oneway": null}, "geometry": {"type": "LineString", "coordinates": [[79.8804089, 6.8400539], [79.8801782, 6.840102], [79.8798918, 6.8401507], [79.8794303, 6.8402292], [79.8790637, 6.8403132], [79.8789029, 6.8403445]]}}, {"type": "Feature", "properties": {"osm_id": 509574764, "highway": "service", "name": "", "access": null, "foot": null, "oneway": null}, "geometry": {"type": "LineString", "coordinates": [[79.8778531, 6.8413183], [79.8779199, 6.8408101], [79.8779255, 6.8407006], [79.8779036, 6.8405333]]}}, {"type": "Feature", "properties": {"osm_id": 509574765, "highway": "living_street", "name": "", "access": null, "foot": null, "oneway": null}, "geometry": {"type": "LineString", "coordinates": [[79.8770676, 6.8400346], [79.8770775, 6.840722]]}}, {"type": "Feature", "properties": {"osm_id": 509574766, "highway": "living_street", "name": "", "access": null, "foot": null, "oneway": null}, "geometry": {"type": "LineString", "coordinates": [[79.8740662, 6.8412646], [79.8746332, 6.8408671], [79.8747666, 6.8407631], [79.8749959, 6.8405843], [79.8751625, 6.8404498]]}}, {"type": "Feature", "properties": {"osm_id": 509574767, "highway": "living_street", "name": "", "access": null, "foot": null, "oneway": null}, "geometry": {"type": "LineString", "coordinates": [[79.8743188, 6.8405256], [79.8744569, 6.8403227], [79.8746373, 6.8400577]]}}, {"type": "Feature", "properties": {"osm_id": 509574768, "highway": "living_street", "name": "", "access": null, "foot": null, "oneway": null}, "geometry": {"type": "LineString", "coordinates": [[79.875237, 6.8411534], [79.8755609, 6.8409835]]}}, {"type": "Feature", "properties": {"osm_id": 509574769, "highway": "living_street", "name": "", "access": null, "foot": null, "oneway": null}, "geometry": {"type": "LineString", "coordinates": [[79.876293, 6.8400355], [79.875832, 6.8401347]]}}, {"type": "Feature", "properties": {"osm_id": 509574770, "highway": "living_street", "name": "", "access": null, "foot": null, "oneway": null}, "geometry": {"type": "LineString", "coordinates": [[79.8762995, 6.8396212], [79.8758585, 6.8396245]]}}, {"type": "Feature", "properties": {"osm_id": 509574771, "highway": "living_street", "name": "", "access": null, "foot": null, "oneway": null}, "geometry": {"type": "LineString", "coordinates": [[79.8765657, 6.8390193], [79.8772162, 6.8390166]]}}, {"type": "Feature", "properties": {"osm_id": 509575494, "highway": "living_street", "name": "", "access": null, "foot": null, "oneway": null}, "geometry": {"type": "LineString", "coordinates": [[79.8764511, 6.8378453], [79.8764671, 6.8381951], [79.8764772, 6.838416]]}}, {"type": "Feature", "properties": {"osm_id": 509575495, "highway": "tertiary", "name": "Abeysekara Road", "access": null, "foot": null, "oneway": null}, "geometry": {"type": "LineString", "coordinates": [[79.8742139, 6.8397627], [79.8741944, 6.8397487], [79.8739214, 6.8395579], [79.8738899, 6.8395334], [79.8737109, 6.8393963], [79.8734324, 6.8391884], [79.8733532, 6.8391334], [79.8730835, 6.8389332]]}}, {"type": "Feature", "properties": {"osm_id": 509575496, "highway": "tertiary", "name": "Abeysekara Road", "access": null, "foot": null, "oneway": null}, "geometry": {"type": "LineString", "coordinates": [[79.8743199, 6.8398399], [79.8742139, 6.8397627]]}}, {"type": "Feature", "properties": {"osm_id": 509575497, "highway": "residential", "name": "Kawdana Broadway", "access": null, "foot": null, "oneway": null}, "geometry": {"type": "LineString", "coordinates": [[79.8728403, 6.8414342], [79.8728091, 6.8414332], [79.8727469, 6.8414303], [79.871881, 6.8409222], [79.8718594, 6.8409214], [79.8718432, 6.8409306], [79.8717257, 6.8410667], [79.8716971, 6.8410821], [79.8716622, 6.841074], [79.8714736, 6.8409494]]}}, {"type": "Feature", "properties": {"osm_id": 509575498, "highway": "residential", "name": "Kawdana Broadway", "access": null, "foot": null, "oneway": null}, "geometry": {"type": "LineString", "coordinates": [[79.8728898, 6.8414778], [79.8728709, 6.8414642], [79.8728403, 6.8414342]]}}, {"type": "Feature", "properties": {"osm_id": 509575499, "highway": "residential", "name": "", "access": null, "foot": null, "oneway": null}, "geometry": {"type": "LineString", "coordinates": [[79.8718995, 6.8425783], [79.8718578, 6.8425418]]}}, {"type": "Feature", "properties": {"osm_id": 509575500, "highway": "residential", "name": "", "access": null, "foot": null, "oneway": null}, "geometry": {"type": "LineString", "coordinates": [[79.8718578, 6.8425418], [79.8713368, 6.8420764], [79.8711361, 6.8418968], [79.8711127, 6.8418979], [79.8708851, 6.8421037], [79.8707758, 6.8421883], [79.8706933, 6.8422202], [79.8706149, 6.8422349], [79.8701763, 6.842352]]}}, {"type": "Feature", "properties": {"osm_id": 509575501, "highway": "residential", "name": "", "access": null, "foot": null, "oneway": null}, "geometry": {"type": "LineString", "coordinates": [[79.8716508, 6.842754], [79.8716923, 6.8427902]]}}, {"type": "Feature", "properties": {"osm_id": 509575503, "highway": "living_street", "name": "", "access": null, "foot": null, "oneway": null}, "geometry": {"type": "LineString", "coordinates": [[79.8716866, 6.8417075], [79.8717948, 6.8418028], [79.8721695, 6.8421688]]}}, {"type": "Feature", "properties": {"osm_id": 509575504, "highway": "living_street", "name": "", "access": null, "foot": null, "oneway": null}, "geometry": {"type": "LineString", "coordinates": [[79.8721695, 6.8421688], [79.8722397, 6.8422373]]}}, {"type": "Feature", "properties": {"osm_id": 509575505, "highway": "living_street", "name": "", "access": null, "foot": null, "oneway": null}, "geometry": {"type": "LineString", "coordinates": [[79.8722397, 6.8422373], [79.8726288, 6.8426161]]}}, {"type": "Feature", "properties": {"osm_id": 509575507, "highway": "residential", "name": "Bodhiraja Mawatha", "access": null, "foot": null, "oneway": null}, "geometry": {"type": "LineString", "coordinates": [[79.8723257, 6.8419755], [79.8724053, 6.8420473]]}}, {"type": "Feature", "properties": {"osm_id": 509575509, "highway": "residential", "name": "Bodhiraja Mawatha", "access": null, "foot": null, "oneway": null}, "geometry": {"type": "LineString", "coordinates": [[79.8724053, 6.8420473], [79.8724869, 6.8421295], [79.8726103, 6.8422553], [79.8726926, 6.8423516], [79.8727893, 6.8424428]]}}, {"type": "Feature", "properties": {"osm_id": 509576493, "highway": "living_street", "name": "", "access": null, "foot": null, "oneway": null}, "geometry": {"type": "LineString", "coordinates": [[79.874407, 6.838309], [79.8747846, 6.8380806]]}}, {"type": "Feature", "properties": {"osm_id": 509577293, "highway": "living_street", "name": "", "access": null, "foot": null, "oneway": null}, "geometry": {"type": "LineString", "coordinates": [[79.8719395, 6.8347774], [79.8720495, 6.8341474]]}}, {"type": "Feature", "properties": {"osm_id": 509577294, "highway": "residential", "name": "Sri Gunarathna Mawatha", "access": null, "foot": null, "oneway": null}, "geometry": {"type": "LineString", "coordinates": [[79.8707886, 6.8370233], [79.8705711, 6.8369308], [79.8701982, 6.8368614], [79.8701344, 6.8368495], [79.8700587, 6.8368571], [79.8699912, 6.8368751], [79.8698848, 6.8369276], [79.8696479, 6.8370271], [79.8695306, 6.8370598], [79.8694131, 6.8370785], [79.8692951, 6.8371157], [79.8691282, 6.8371594], [79.8687305, 6.8372799], [79.8686134, 6.8372909], [79.8682892, 6.837239], [79.8676679, 6.8373179], [79.8674931, 6.837333], [79.8674111, 6.8373401]]}}, {"type": "Feature", "properties": {"osm_id": 509577295, "highway": "living_street", "name": "", "access": null, "foot": null, "oneway": null}, "geometry": {"type": "LineString", "coordinates": [[79.8715606, 6.8363384], [79.8718326, 6.8364932], [79.8721152, 6.8366205]]}}, {"type": "Feature", "properties": {"osm_id": 509577296, "highway": "residential", "name": "Huludagoda Road", "access": null, "foot": null, "oneway": null}, "geometry": {"type": "LineString", "coordinates": [[79.8718587, 6.8371978], [79.8718299, 6.837311], [79.871804, 6.8374314], [79.871797, 6.8377643], [79.8717757, 6.8378476], [79.8717531, 6.8379046], [79.8717139, 6.8379512], [79.871671, 6.8379728]]}}, {"type": "Feature", "properties": {"osm_id": 509577297, "highway": "residential", "name": "Huludagoda Road", "access": null, "foot": null, "oneway": null}, "geometry": {"type": "LineString", "coordinates": [[79.8723104, 6.8359419], [79.8722853, 6.8360452]]}}, {"type": "Feature", "properties": {"osm_id": 509577298, "highway": "living_street", "name": "", "access": null, "foot": null, "oneway": null}, "geometry": {"type": "LineString", "coordinates": [[79.8690876, 6.8360834], [79.8691479, 6.8357498], [79.8692399, 6.8353993]]}}, {"type": "Feature", "properties": {"osm_id": 509577299, "highway": "tertiary", "name": "Watarappola Road", "access": null, "foot": null, "oneway": null}, "geometry": {"type": "LineString", "coordinates": [[79.8681362, 6.8382666], [79.8678687, 6.8382509], [79.8675455, 6.8382467]]}}, {"type": "Feature", "properties": {"osm_id": 509577300, "highway": "living_street", "name": "", "access": null, "foot": null, "oneway": null}, "geometry": {"type": "LineString", "coordinates": [[79.8743103, 6.838805], [79.8742493, 6.8389749], [79.8741847, 6.8391548], [79.874166, 6.8391915], [79.874048, 6.8394106], [79.8739214, 6.8395579]]}}, {"type": "Feature", "properties": {"osm_id": 510566985, "highway": "residential", "name": "", "access": null, "foot": null, "oneway": null}, "geometry": {"type": "LineString", "coordinates": [[79.8764775, 6.8442113], [79.8765055, 6.8442779], [79.8765679, 6.8444391], [79.8766088, 6.8445982], [79.876674, 6.8448195], [79.8767277, 6.8449408]]}}, {"type": "Feature", "properties": {"osm_id": 510566986, "highway": "residential", "name": "", "access": null, "foot": null, "oneway": null}, "geometry": {"type": "LineString", "coordinates": [[79.8768249, 6.8443809], [79.8770964, 6.84489], [79.877311, 6.8454199]]}}, {"type": "Feature", "properties": {"osm_id": 510566991, "highway": "residential", "name": "", "access": null, "foot": null, "oneway": null}, "geometry": {"type": "LineString", "coordinates": [[79.8793692, 6.8438536], [79.8791973, 6.844421], [79.8790526, 6.8448982]]}}, {"type": "Feature", "properties": {"osm_id": 510566992, "highway": "residential", "name": "", "access": null, "foot": null, "oneway": null}, "geometry": {"type": "LineString", "coordinates": [[79.8781948, 6.8453909], [79.8782891, 6.8453959]]}}, {"type": "Feature", "properties": {"osm_id": 510566993, "highway": "residential", "name": "", "access": null, "foot": null, "oneway": null}, "geometry": {"type": "LineString", "coordinates": [[79.8791739, 6.8425753], [79.8789632, 6.8432429], [79.8789605, 6.8433001]]}}, {"type": "Feature", "properties": {"osm_id": 510566994, "highway": "secondary", "name": "Cpt.Sumudu Rajapaksha Mawatha", "access": null, "foot": null, "oneway": null}, "geometry": {"type": "LineString", "coordinates": [[79.8772062, 6.845684], [79.8771836, 6.8457728], [79.8771688, 6.8459593], [79.8771534, 6.8463505], [79.8771678, 6.8467233], [79.8771353, 6.8470804], [79.8771561, 6.847964], [79.8771246, 6.8484027], [79.877093, 6.8488419], [79.8770052, 6.8496823]]}}, {"type": "Feature", "properties": {"osm_id": 510566995, "highway": "residential", "name": "Somananda Road", "access": null, "foot": null, "oneway": null}, "geometry": {"type": "LineString", "coordinates": [[79.8784701, 6.8484179], [79.8784455, 6.8484513], [79.8782237, 6.848516]]}}, {"type": "Feature", "properties": {"osm_id": 510566996, "highway": "residential", "name": "Somananda Road", "access": null, "foot": null, "oneway": null}, "geometry": {"type": "LineString", "coordinates": [[79.8782267, 6.8474844], [79.878303, 6.8477315], [79.8784805, 6.8483732], [79.8784701, 6.8484179]]}}, {"type": "Feature", "properties": {"osm_id": 510566997, "highway": "residential", "name": "Field Avenue", "access": null, "foot": null, "oneway": null}, "geometry": {"type": "LineString", "coordinates": [[79.8794234, 6.847411], [79.8803341, 6.8467775]]}}, {"type": "Feature", "properties": {"osm_id": 510566998, "highway": "residential", "name": "Vijitha Road", "access": null, "foot": null, "oneway": null}, "geometry": {"type": "LineString", "coordinates": [[79.8793839, 6.847094], [79.8793643, 6.8470436], [79.879328, 6.8470185], [79.8792838, 6.8470058], [79.8791802, 6.8470145], [79.8788099, 6.8470512], [79.8785557, 6.8470732], [79.8784489, 6.8471023], [79.8783711, 6.8471443], [79.8783044, 6.8472415], [79.8782384, 6.8473327], [79.8782268, 6.8473997], [79.8782196, 6.8474465], [79.8782267, 6.8474844]]}}, {"type": "Feature", "properties": {"osm_id": 510567086, "highway": "residential", "name": "Willow Drive", "access": null, "foot": null, "oneway": null}, "geometry": {"type": "LineString", "coordinates": [[79.8785591, 6.8459843], [79.8788023, 6.8459276], [79.880657, 6.8455237]]}}, {"type": "Feature", "properties": {"osm_id": 514273700, "highway": "residential", "name": "Liyanage Road", "access": null, "foot": null, "oneway": null}, "geometry": {"type": "LineString", "coordinates": [[79.8724291, 6.8527288], [79.8720592, 6.8528091], [79.8720351, 6.8528092], [79.8719051, 6.8527742], [79.8717185, 6.8527611], [79.8713955, 6.8527673], [79.8710881, 6.852822], [79.8710506, 6.8528885], [79.8710578, 6.8529639], [79.8710566, 6.853026]]}}, {"type": "Feature", "properties": {"osm_id": 514273701, "highway": "residential", "name": "", "access": null, "foot": null, "oneway": null}, "geometry": {"type": "LineString", "coordinates": [[79.8717396, 6.8533227], [79.8719894, 6.8532401]]}}, {"type": "Feature", "properties": {"osm_id": 521943070, "highway": "tertiary", "name": "Sri Dharmarama Road", "access": null, "foot": null, "oneway": null}, "geometry": {"type": "LineString", "coordinates": [[79.8668695, 6.8200717], [79.867113, 6.8201546], [79.8672207, 6.8202117], [79.8672312, 6.8202172]]}}, {"type": "Feature", "properties": {"osm_id": 522704097, "highway": "residential", "name": "", "access": null, "foot": null, "oneway": null}, "geometry": {"type": "LineString", "coordinates": [[79.8671897, 6.8230295], [79.8673252, 6.8230173]]}}, {"type": "Feature", "properties": {"osm_id": 522704098, "highway": "residential", "name": "", "access": null, "foot": null, "oneway": null}, "geometry": {"type": "LineString", "coordinates": [[79.8671132, 6.8230322], [79.8671897, 6.8230295]]}}, {"type": "Feature", "properties": {"osm_id": 522704099, "highway": "residential", "name": "", "access": null, "foot": null, "oneway": null}, "geometry": {"type": "LineString", "coordinates": [[79.8668826, 6.8229966], [79.8670608, 6.8230225], [79.8671132, 6.8230322]]}}, {"type": "Feature", "properties": {"osm_id": 522704100, "highway": "residential", "name": "", "access": null, "foot": null, "oneway": null}, "geometry": {"type": "LineString", "coordinates": [[79.8651051, 6.8232731], [79.8650933, 6.823253], [79.8650939, 6.8232288], [79.8651493, 6.8230707], [79.8651788, 6.822978], [79.8651991, 6.8228126], [79.865223, 6.8226869]]}}, {"type": "Feature", "properties": {"osm_id": 522704101, "highway": "residential", "name": "", "access": null, "foot": null, "oneway": null}, "geometry": {"type": "LineString", "coordinates": [[79.8665641, 6.8230179], [79.8665475, 6.8231196], [79.8665193, 6.8232455], [79.8664104, 6.8235145], [79.8663909, 6.8235354]]}}, {"type": "Feature", "properties": {"osm_id": 522704102, "highway": "residential", "name": "", "access": null, "foot": null, "oneway": null}, "geometry": {"type": "LineString", "coordinates": [[79.864787, 6.8225316], [79.8651995, 6.8226771], [79.865223, 6.8226869], [79.8654727, 6.8227625], [79.8661011, 6.8229476], [79.8664619, 6.8230096], [79.8665641, 6.8230179]]}}, {"type": "Feature", "properties": {"osm_id": 522705070, "highway": "residential", "name": "", "access": null, "foot": null, "oneway": null}, "geometry": {"type": "LineString", "coordinates": [[79.8659907, 6.8206623], [79.8662705, 6.8198652]]}}, {"type": "Feature", "properties": {"osm_id": 522707535, "highway": "residential", "name": "", "access": null, "foot": null, "oneway": null}, "geometry": {"type": "LineString", "coordinates": [[79.8663192, 6.8215029], [79.8663486, 6.8214678], [79.8663986, 6.8212138], [79.8664905, 6.8208611], [79.8665856, 6.8206105], [79.8666524, 6.8203683], [79.8666658, 6.8201638], [79.8666865, 6.8200094]]}}, {"type": "Feature", "properties": {"osm_id": 522707537, "highway": "residential", "name": "", "access": null, "foot": null, "oneway": null}, "geometry": {"type": "LineString", "coordinates": [[79.8668826, 6.8229966], [79.8667649, 6.8230084], [79.8666721, 6.8230191], [79.8665641, 6.8230179]]}}, {"type": "Feature", "properties": {"osm_id": 524620593, "highway": "living_street", "name": "", "access": null, "foot": null, "oneway": null}, "geometry": {"type": "LineString", "coordinates": [[79.879848, 6.8493185], [79.8798297, 6.8498891]]}}, {"type": "Feature", "properties": {"osm_id": 524620594, "highway": "living_street", "name": "", "access": null, "foot": null, "oneway": null}, "geometry": {"type": "LineString", "coordinates": [[79.880096, 6.8487435], [79.8801335, 6.8491244], [79.8802256, 6.8492024], [79.8802544, 6.849269], [79.8803323, 6.8498948]]}}, {"type": "Feature", "properties": {"osm_id": 524620597, "highway": "living_street", "name": "", "access": null, "foot": null, "oneway": null}, "geometry": {"type": "LineString", "coordinates": [[79.877945, 6.853679], [79.8780067, 6.8540519], [79.8780278, 6.8540769], [79.8780631, 6.8540852], [79.8784032, 6.8540014]]}}, {"type": "Feature", "properties": {"osm_id": 524651604, "highway": "living_street", "name": "", "access": null, "foot": null, "oneway": null}, "geometry": {"type": "LineString", "coordinates": [[79.8648646, 6.8483825], [79.8648585, 6.8484713], [79.8649108, 6.8485172], [79.8654531, 6.8486212], [79.86548, 6.8486971], [79.8654987, 6.8487737]]}}, {"type": "Feature", "properties": {"osm_id": 524651605, "highway": "living_street", "name": "", "access": null, "foot": null, "oneway": null}, "geometry": {"type": "LineString", "coordinates": [[79.8629245, 6.847658], [79.8635858, 6.8477267], [79.8635743, 6.8479556]]}}, {"type": "Feature", "properties": {"osm_id": 524651606, "highway": "residential", "name": "", "access": null, "foot": null, "oneway": null}, "geometry": {"type": "LineString", "coordinates": [[79.8630527, 6.8453395], [79.8636351, 6.8453403]]}}, {"type": "Feature", "properties": {"osm_id": 524651607, "highway": "residential", "name": "", "access": null, "foot": null, "oneway": null}, "geometry": {"type": "LineString", "coordinates": [[79.863094, 6.8446885], [79.8632855, 6.8447011], [79.8633504, 6.8446768], [79.8633813, 6.8445944], [79.8634017, 6.8443379]]}}, {"type": "Feature", "properties": {"osm_id": 524651609, "highway": "living_street", "name": "", "access": null, "foot": null, "oneway": null}, "geometry": {"type": "LineString", "coordinates": [[79.8637479, 6.843984], [79.8639403, 6.8439865], [79.8639629, 6.8440026], [79.8639222, 6.8443753]]}}, {"type": "Feature", "properties": {"osm_id": 524651610, "highway": "living_street", "name": "", "access": null, "foot": null, "oneway": null}, "geometry": {"type": "LineString", "coordinates": [[79.8651405, 6.8415453], [79.8649348, 6.8415361], [79.8646971, 6.8414165], [79.8644885, 6.8413916]]}}, {"type": "Feature", "properties": {"osm_id": 524651611, "highway": "living_street", "name": "", "access": null, "foot": null, "oneway": null}, "geometry": {"type": "LineString", "coordinates": [[79.864911, 6.8418025], [79.8649348, 6.8415361]]}}, {"type": "Feature", "properties": {"osm_id": 524651612, "highway": "living_street", "name": "", "access": null, "foot": null, "oneway": null}, "geometry": {"type": "LineString", "coordinates": [[79.8638666, 6.8393137], [79.8642175, 6.8393627], [79.8643544, 6.8393282], [79.8644772, 6.8392895], [79.8647678, 6.8393068]]}}, {"type": "Feature", "properties": {"osm_id": 524651613, "highway": "living_street", "name": "", "access": null, "foot": null, "oneway": null}, "geometry": {"type": "LineString", "coordinates": [[79.8661125, 6.8311647], [79.8661233, 6.8315498]]}}, {"type": "Feature", "properties": {"osm_id": 524651614, "highway": "living_street", "name": "", "access": null, "foot": null, "oneway": null}, "geometry": {"type": "LineString", "coordinates": [[79.8650618, 6.8295891], [79.8650676, 6.8298052], [79.8650826, 6.8298438], [79.8651051, 6.8298557], [79.8655749, 6.8298929], [79.8656123, 6.8299122]]}}, {"type": "Feature", "properties": {"osm_id": 530462045, "highway": "living_street", "name": "", "access": null, "foot": null, "oneway": null}, "geometry": {"type": "LineString", "coordinates": [[79.8653353, 6.8469455], [79.8653017, 6.8471596], [79.8652834, 6.8473251]]}}, {"type": "Feature", "properties": {"osm_id": 532086472, "highway": "residential", "name": "Simon Abeywickrema Avenue", "access": null, "foot": null, "oneway": null}, "geometry": {"type": "LineString", "coordinates": [[79.8656666, 6.8338128], [79.8656997, 6.8338327], [79.8657462, 6.8342561], [79.8658102, 6.8348509], [79.865742, 6.8350904], [79.8657208, 6.8352708]]}}, {"type": "Feature", "properties": {"osm_id": 532086473, "highway": "residential", "name": "D.J. Wijesiriwardane Mawatha", "access": null, "foot": null, "oneway": null}, "geometry": {"type": "LineString", "coordinates": [[79.8716294, 6.8324322], [79.8712375, 6.8325639], [79.870941, 6.8327139], [79.8708388, 6.8327927], [79.8707405, 6.8328903], [79.8706079, 6.8330568], [79.8702813, 6.8334101]]}}, {"type": "Feature", "properties": {"osm_id": 532086475, "highway": "residential", "name": "", "access": null, "foot": null, "oneway": null}, "geometry": {"type": "LineString", "coordinates": [[79.8700442, 6.8353627], [79.8700685, 6.8342441], [79.8700708, 6.834175]]}}, {"type": "Feature", "properties": {"osm_id": 532086477, "highway": "residential", "name": "Huludagoda Road", "access": null, "foot": null, "oneway": null}, "geometry": {"type": "LineString", "coordinates": [[79.871671, 6.8379728], [79.8714396, 6.8379687], [79.8712999, 6.8379865], [79.8707124, 6.8381208], [79.8706866, 6.8383496], [79.8706545, 6.8386342], [79.8705907, 6.838845]]}}, {"type": "Feature", "properties": {"osm_id": 532086479, "highway": "residential", "name": "Huludagoda Road", "access": null, "foot": null, "oneway": null}, "geometry": {"type": "LineString", "coordinates": [[79.8722853, 6.8360452], [79.8722742, 6.8360838], [79.87223, 6.8362793], [79.8721785, 6.8364218], [79.8721152, 6.8366205], [79.8718587, 6.8371978]]}}, {"type": "Feature", "properties": {"osm_id": 532086482, "highway": "tertiary", "name": "Watarappola Road", "access": null, "foot": null, "oneway": null}, "geometry": {"type": "LineString", "coordinates": [[79.8730835, 6.8389332], [79.8729862, 6.8390157], [79.8727559, 6.8393014], [79.8726962, 6.8393517]]}}, {"type": "Feature", "properties": {"osm_id": 532086483, "highway": "residential", "name": "Sri Gunarathna Mawatha", "access": null, "foot": null, "oneway": null}, "geometry": {"type": "LineString", "coordinates": [[79.8730835, 6.8389332], [79.8731644, 6.8388139], [79.8732132, 6.8385941], [79.8733253, 6.8381337]]}}, {"type": "Feature", "properties": {"osm_id": 532086484, "highway": "residential", "name": "", "access": null, "foot": null, "oneway": null}, "geometry": {"type": "LineString", "coordinates": [[79.873784, 6.8337558], [79.8737624, 6.8337355], [79.8735972, 6.8336767], [79.8733343, 6.8335329], [79.8732324, 6.8334504], [79.8731643, 6.8333588], [79.8730221, 6.8332469], [79.8727164, 6.8331682]]}}, {"type": "Feature", "properties": {"osm_id": 532086485, "highway": "residential", "name": "", "access": null, "foot": null, "oneway": null}, "geometry": {"type": "LineString", "coordinates": [[79.87223, 6.8362793], [79.8724803, 6.8363521], [79.873059, 6.8364989], [79.8735283, 6.8365926], [79.8739223, 6.8366756], [79.8739747, 6.8366527]]}}, {"type": "Feature", "properties": {"osm_id": 532086486, "highway": "residential", "name": "D.J. Wijesiriwardane Mawatha", "access": null, "foot": null, "oneway": null}, "geometry": {"type": "LineString", "coordinates": [[79.871131, 6.8332422], [79.871166, 6.8332255], [79.8714954, 6.8329185], [79.8716712, 6.8327142], [79.8717053, 6.8326481], [79.8717195, 6.8325603], [79.8717223, 6.8324677], [79.8716784, 6.8324305], [79.8716294, 6.8324322]]}}, {"type": "Feature", "properties": {"osm_id": 532086487, "highway": "residential", "name": "", "access": null, "foot": null, "oneway": null}, "geometry": {"type": "LineString", "coordinates": [[79.8697166, 6.8324843], [79.8697055, 6.8324612], [79.8697327, 6.8319871]]}}, {"type": "Feature", "properties": {"osm_id": 532086488, "highway": "residential", "name": "", "access": null, "foot": null, "oneway": null}, "geometry": {"type": "LineString", "coordinates": [[79.8652885, 6.8223922], [79.8652706, 6.822409], [79.8651995, 6.8226771]]}}, {"type": "Feature", "properties": {"osm_id": 532086489, "highway": "residential", "name": "", "access": null, "foot": null, "oneway": null}, "geometry": {"type": "LineString", "coordinates": [[79.8670608, 6.8230225], [79.8670786, 6.8228192], [79.8671932, 6.822675], [79.8673525, 6.8226166], [79.8675537, 6.8226203]]}}, {"type": "Feature", "properties": {"osm_id": 532086490, "highway": "residential", "name": "", "access": null, "foot": null, "oneway": null}, "geometry": {"type": "LineString", "coordinates": [[79.871372, 6.8291324], [79.8715377, 6.8284953]]}}, {"type": "Feature", "properties": {"osm_id": 532086491, "highway": "residential", "name": "", "access": null, "foot": null, "oneway": null}, "geometry": {"type": "LineString", "coordinates": [[79.8722624, 6.8293751], [79.8722443, 6.8293666], [79.8715343, 6.8292087], [79.871372, 6.8291324]]}}, {"type": "Feature", "properties": {"osm_id": 532086492, "highway": "residential", "name": "Hena Road", "access": null, "foot": null, "oneway": null}, "geometry": {"type": "LineString", "coordinates": [[79.8692256, 6.8282478], [79.8687886, 6.8280592], [79.8687225, 6.8280307]]}}, {"type": "Feature", "properties": {"osm_id": 532086493, "highway": "residential", "name": "Chakkindarama Road", "access": null, "foot": null, "oneway": null}, "geometry": {"type": "LineString", "coordinates": [[79.8742416, 6.824036], [79.8742332, 6.8240223], [79.8743233, 6.8236755]]}}, {"type": "Feature", "properties": {"osm_id": 532086494, "highway": "residential", "name": "Chakkindarama Road", "access": null, "foot": null, "oneway": null}, "geometry": {"type": "LineString", "coordinates": [[79.8746666, 6.8239738], [79.8746463, 6.8239829], [79.8742594, 6.8240399], [79.8742416, 6.824036]]}}, {"type": "Feature", "properties": {"osm_id": 532086495, "highway": "residential", "name": "Chakkindarama Road", "access": null, "foot": null, "oneway": null}, "geometry": {"type": "LineString", "coordinates": [[79.8746607, 6.8237394], [79.8746716, 6.823758], [79.87467, 6.823956], [79.8746666, 6.8239738]]}}, {"type": "Feature", "properties": {"osm_id": 532086496, "highway": "residential", "name": "Chakkindarama Road", "access": null, "foot": null, "oneway": null}, "geometry": {"type": "LineString", "coordinates": [[79.8743233, 6.8236755], [79.8746493, 6.8237326], [79.8746607, 6.8237394]]}}, {"type": "Feature", "properties": {"osm_id": 532086497, "highway": "residential", "name": "Park Road", "access": null, "foot": null, "oneway": null}, "geometry": {"type": "LineString", "coordinates": [[79.8724828, 6.8244919], [79.8719512, 6.8243998], [79.8718909, 6.8243687], [79.8718499, 6.8243075], [79.8717873, 6.824081], [79.8717143, 6.8240255], [79.8716751, 6.8240136], [79.8714355, 6.8239523], [79.8707808, 6.8234717], [79.8707102, 6.8234161]]}}, {"type": "Feature", "properties": {"osm_id": 532086604, "highway": "tertiary", "name": "Hotel Road", "access": null, "foot": null, "oneway": "yes"}, "geometry": {"type": "LineString", "coordinates": [[79.86704, 6.8413086], [79.8669483, 6.8412825]]}}, {"type": "Feature", "properties": {"osm_id": 533272780, "highway": "living_street", "name": "", "access": null, "foot": null, "oneway": null}, "geometry": {"type": "LineString", "coordinates": [[79.8639099, 6.8264659], [79.8640362, 6.8257978]]}}, {"type": "Feature", "properties": {"osm_id": 533272781, "highway": "service", "name": "", "access": null, "foot": null, "oneway": null}, "geometry": {"type": "LineString", "coordinates": [[79.8645782, 6.8249025], [79.8643191, 6.8248476], [79.8639178, 6.8247874]]}}, {"type": "Feature", "properties": {"osm_id": 533274595, "highway": "service", "name": "", "access": null, "foot": null, "oneway": null}, "geometry": {"type": "LineString", "coordinates": [[79.8644958, 6.8252259], [79.8649306, 6.8252561]]}}, {"type": "Feature", "properties": {"osm_id": 533274596, "highway": "service", "name": "", "access": null, "foot": null, "oneway": null}, "geometry": {"type": "LineString", "coordinates": [[79.8644958, 6.8252259], [79.8638437, 6.825094]]}}, {"type": "Feature", "properties": {"osm_id": 533725409, "highway": "residential", "name": "Pirivena Gardens Mawatha", "access": null, "foot": null, "oneway": null}, "geometry": {"type": "LineString", "coordinates": [[79.8736937, 6.8274032], [79.8738758, 6.8269935], [79.8739198, 6.8269725], [79.8743553, 6.8271262], [79.8745731, 6.8268576], [79.8746136, 6.8268417]]}}, {"type": "Feature", "properties": {"osm_id": 539050626, "highway": "residential", "name": "", "access": null, "foot": null, "oneway": null}, "geometry": {"type": "LineString", "coordinates": [[79.8778284, 6.8327593], [79.8778586, 6.8324219], [79.8778621, 6.8323268]]}}, {"type": "Feature", "properties": {"osm_id": 539381410, "highway": "residential", "name": "", "access": null, "foot": null, "oneway": null}, "geometry": {"type": "LineString", "coordinates": [[79.8747085, 6.8179513], [79.8750485, 6.8182663], [79.8751545, 6.8183715], [79.8752108, 6.8184381], [79.8752224, 6.8184728]]}}, {"type": "Feature", "properties": {"osm_id": 539381411, "highway": "residential", "name": "", "access": null, "foot": null, "oneway": null}, "geometry": {"type": "LineString", "coordinates": [[79.8745506, 6.8181671], [79.874673, 6.8183049], [79.8749438, 6.8186992], [79.8750196, 6.8188218], [79.8750855, 6.8189128], [79.8751524, 6.8190192]]}}, {"type": "Feature", "properties": {"osm_id": 539381412, "highway": "residential", "name": "", "access": null, "foot": null, "oneway": null}, "geometry": {"type": "LineString", "coordinates": [[79.8754656, 6.81802], [79.8752224, 6.8184728], [79.8750196, 6.8188218]]}}, {"type": "Feature", "properties": {"osm_id": 541015083, "highway": "living_street", "name": "", "access": null, "foot": null, "oneway": null}, "geometry": {"type": "LineString", "coordinates": [[79.8731885, 6.8214113], [79.8734695, 6.8209691]]}}, {"type": "Feature", "properties": {"osm_id": 541015084, "highway": "living_street", "name": "", "access": null, "foot": null, "oneway": null}, "geometry": {"type": "LineString", "coordinates": [[79.872523, 6.8224755], [79.872467, 6.8226679], [79.8724039, 6.8227769], [79.8722232, 6.8230265]]}}, {"type": "Feature", "properties": {"osm_id": 541015085, "highway": "living_street", "name": "", "access": null, "foot": null, "oneway": null}, "geometry": {"type": "LineString", "coordinates": [[79.872899, 6.8220955], [79.8730372, 6.8216655], [79.8730352, 6.8216413], [79.8730128, 6.8216171], [79.8723285, 6.8213466]]}}, {"type": "Feature", "properties": {"osm_id": 541015086, "highway": "service", "name": "", "access": null, "foot": null, "oneway": null}, "geometry": {"type": "LineString", "coordinates": [[79.8722215, 6.8201085], [79.8724794, 6.8200945], [79.8727579, 6.8200792]]}}, {"type": "Feature", "properties": {"osm_id": 541015087, "highway": "service", "name": "", "access": null, "foot": null, "oneway": null}, "geometry": {"type": "LineString", "coordinates": [[79.8724794, 6.8200945], [79.8726556, 6.819665]]}}, {"type": "Feature", "properties": {"osm_id": 541015088, "highway": "living_street", "name": "", "access": null, "foot": null, "oneway": null}, "geometry": {"type": "LineString", "coordinates": [[79.8717709, 6.8204627], [79.8728116, 6.8204867], [79.8728687, 6.8205069], [79.872941, 6.8205449]]}}, {"type": "Feature", "properties": {"osm_id": 541015089, "highway": "service", "name": "", "access": null, "foot": null, "oneway": null}, "geometry": {"type": "LineString", "coordinates": [[79.8717521, 6.8201751], [79.8719396, 6.819658]]}}, {"type": "Feature", "properties": {"osm_id": 541015090, "highway": "service", "name": "", "access": null, "foot": null, "oneway": null}, "geometry": {"type": "LineString", "coordinates": [[79.8710538, 6.8201829], [79.8710777, 6.8196583]]}}, {"type": "Feature", "properties": {"osm_id": 541015091, "highway": "living_street", "name": "", "access": null, "foot": null, "oneway": null}, "geometry": {"type": "LineString", "coordinates": [[79.870637, 6.8206795], [79.8706428, 6.8209799], [79.8706624, 6.8210743], [79.8706807, 6.8211002]]}}, {"type": "Feature", "properties": {"osm_id": 541015092, "highway": "living_street", "name": "", "access": null, "foot": null, "oneway": null}, "geometry": {"type": "LineString", "coordinates": [[79.8709019, 6.8205746], [79.8708992, 6.8207983], [79.8709163, 6.8208633]]}}, {"type": "Feature", "properties": {"osm_id": 541015093, "highway": "living_street", "name": "", "access": null, "foot": null, "oneway": null}, "geometry": {"type": "LineString", "coordinates": [[79.8714973, 6.8210407], [79.8711587, 6.8206785], [79.8712327, 6.8206501], [79.8713791, 6.8206395]]}}, {"type": "Feature", "properties": {"osm_id": 541015094, "highway": "living_street", "name": "", "access": null, "foot": null, "oneway": null}, "geometry": {"type": "LineString", "coordinates": [[79.869333, 6.821043], [79.8692862, 6.8212207], [79.8692609, 6.8213129], [79.8692429, 6.8213858], [79.8689529, 6.8213137], [79.868899, 6.8212986], [79.8688729, 6.8213235], [79.8688074, 6.8215248]]}}, {"type": "Feature", "properties": {"osm_id": 541015095, "highway": "living_street", "name": "", "access": null, "foot": null, "oneway": null}, "geometry": {"type": "LineString", "coordinates": [[79.8679261, 6.8224526], [79.8679837, 6.8221918], [79.8680339, 6.8219642]]}}, {"type": "Feature", "properties": {"osm_id": 541015096, "highway": "living_street", "name": "", "access": null, "foot": null, "oneway": null}, "geometry": {"type": "LineString", "coordinates": [[79.8679837, 6.8221918], [79.8682941, 6.8222791], [79.8683327, 6.8222629], [79.8683469, 6.8222367], [79.8683835, 6.8220611], [79.8684282, 6.8220046], [79.868479, 6.82194], [79.868629, 6.8214716]]}}, {"type": "Feature", "properties": {"osm_id": 541015097, "highway": "living_street", "name": "", "access": null, "foot": null, "oneway": null}, "geometry": {"type": "LineString", "coordinates": [[79.869059, 6.8223415], [79.8692606, 6.8216441]]}}, {"type": "Feature", "properties": {"osm_id": 541015099, "highway": "living_street", "name": "", "access": null, "foot": null, "oneway": null}, "geometry": {"type": "LineString", "coordinates": [[79.8669433, 6.8224633], [79.866989, 6.8222569], [79.8670399, 6.8222347], [79.8675277, 6.8222548], [79.8677329, 6.822267]]}}, {"type": "Feature", "properties": {"osm_id": 541015100, "highway": "living_street", "name": "", "access": null, "foot": null, "oneway": null}, "geometry": {"type": "LineString", "coordinates": [[79.8658508, 6.8217668], [79.8658975, 6.8217281], [79.8659767, 6.8217422], [79.8660072, 6.821726], [79.8662471, 6.8218169], [79.8663223, 6.8218451]]}}, {"type": "Feature", "properties": {"osm_id": 541015101, "highway": "living_street", "name": "", "access": null, "foot": null, "oneway": null}, "geometry": {"type": "LineString", "coordinates": [[79.8650234, 6.8206563], [79.8653881, 6.8207836]]}}, {"type": "Feature", "properties": {"osm_id": 541015102, "highway": "service", "name": "", "access": null, "foot": null, "oneway": null}, "geometry": {"type": "LineString", "coordinates": [[79.8654482, 6.8194191], [79.8660154, 6.819627], [79.8660601, 6.8196835], [79.8660338, 6.8197873]]}}, {"type": "Feature", "properties": {"osm_id": 541015103, "highway": "service", "name": "", "access": null, "foot": null, "oneway": null}, "geometry": {"type": "LineString", "coordinates": [[79.8660032, 6.8184684], [79.8663115, 6.8185619], [79.8672072, 6.8188333]]}}, {"type": "Feature", "properties": {"osm_id": 541015104, "highway": "service", "name": "", "access": null, "foot": null, "oneway": null}, "geometry": {"type": "LineString", "coordinates": [[79.8659056, 6.8180304], [79.8663973, 6.8181926], [79.8667167, 6.8182969]]}}, {"type": "Feature", "properties": {"osm_id": 541015105, "highway": "service", "name": "", "access": null, "foot": null, "oneway": null}, "geometry": {"type": "LineString", "coordinates": [[79.867083, 6.8181923], [79.8669423, 6.8181959], [79.8664646, 6.8180526], [79.866426, 6.8180748], [79.8663973, 6.8181926], [79.8663115, 6.8185619]]}}, {"type": "Feature", "properties": {"osm_id": 541015106, "highway": "service", "name": "", "access": null, "foot": null, "oneway": null}, "geometry": {"type": "LineString", "coordinates": [[79.8663975, 6.8177055], [79.8666638, 6.8177983], [79.8667858, 6.8178306], [79.8670253, 6.8178896]]}}, {"type": "Feature", "properties": {"osm_id": 541015107, "highway": "service", "name": "", "access": null, "foot": null, "oneway": null}, "geometry": {"type": "LineString", "coordinates": [[79.8670253, 6.8178896], [79.8672269, 6.8179658], [79.867485, 6.8180869], [79.8677025, 6.8181697], [79.8678251, 6.8182122]]}}, {"type": "Feature", "properties": {"osm_id": 541015108, "highway": "service", "name": "", "access": null, "foot": null, "oneway": null}, "geometry": {"type": "LineString", "coordinates": [[79.867088, 6.8173212], [79.8676924, 6.8175178]]}}, {"type": "Feature", "properties": {"osm_id": 541015109, "highway": "service", "name": "", "access": null, "foot": null, "oneway": null}, "geometry": {"type": "LineString", "coordinates": [[79.8664118, 6.8172534], [79.8666577, 6.8173139], [79.8668203, 6.8173624], [79.866987, 6.817437], [79.8670548, 6.8174729]]}}, {"type": "Feature", "properties": {"osm_id": 541015110, "highway": "service", "name": "", "access": null, "foot": null, "oneway": null}, "geometry": {"type": "LineString", "coordinates": [[79.8667167, 6.8163027], [79.8669748, 6.8164036], [79.8672208, 6.8164763], [79.8672911, 6.8164929]]}}, {"type": "Feature", "properties": {"osm_id": 541015111, "highway": "service", "name": "", "access": null, "foot": null, "oneway": null}, "geometry": {"type": "LineString", "coordinates": [[79.867918, 6.8164682], [79.8675968, 6.8164137], [79.8675216, 6.8164339], [79.8674688, 6.8164339], [79.8673109, 6.8163828]]}}, {"type": "Feature", "properties": {"osm_id": 541015112, "highway": "residential", "name": "", "access": null, "foot": null, "oneway": null}, "geometry": {"type": "LineString", "coordinates": [[79.8689127, 6.8165121], [79.8687652, 6.8165177], [79.8686125, 6.8165054], [79.8683937, 6.8164847]]}}, {"type": "Feature", "properties": {"osm_id": 541015113, "highway": "residential", "name": "Rev. S. Mahinda Mawatha", "access": null, "foot": null, "oneway": null}, "geometry": {"type": "LineString", "coordinates": [[79.8683412, 6.8170353], [79.8683693, 6.8166519], [79.8683937, 6.8164847], [79.8684204, 6.8162011], [79.8684447, 6.8160978], [79.8684739, 6.816009], [79.8685264, 6.8158388], [79.8685492, 6.8157678], [79.8685576, 6.8157252], [79.8685484, 6.8156979], [79.8685351, 6.8156822], [79.8684943, 6.8156523], [79.8684483, 6.815632]]}}, {"type": "Feature", "properties": {"osm_id": 541015115, "highway": "residential", "name": "Rev. S. Mahinda Mawatha", "access": null, "foot": null, "oneway": null}, "geometry": {"type": "LineString", "coordinates": [[79.8684483, 6.815632], [79.8683074, 6.8156088]]}}, {"type": "Feature", "properties": {"osm_id": 541015116, "highway": "living_street", "name": "", "access": null, "foot": null, "oneway": null}, "geometry": {"type": "LineString", "coordinates": [[79.8685576, 6.8157252], [79.868638, 6.8156885], [79.8686868, 6.8156796], [79.8687381, 6.815684], [79.8689318, 6.8157536]]}}, {"type": "Feature", "properties": {"osm_id": 541015117, "highway": "living_street", "name": "", "access": null, "foot": null, "oneway": null}, "geometry": {"type": "LineString", "coordinates": [[79.8687381, 6.815684], [79.8687941, 6.8154705]]}}, {"type": "Feature", "properties": {"osm_id": 541015118, "highway": "living_street", "name": "", "access": null, "foot": null, "oneway": null}, "geometry": {"type": "LineString", "coordinates": [[79.8693801, 6.8158462], [79.8694184, 6.8155489]]}}, {"type": "Feature", "properties": {"osm_id": 541015119, "highway": "living_street", "name": "", "access": null, "foot": null, "oneway": null}, "geometry": {"type": "LineString", "coordinates": [[79.8693221, 6.8150915], [79.8693607, 6.8148514], [79.8694217, 6.8148029], [79.8695741, 6.8147747], [79.8698547, 6.8147807], [79.8701457, 6.8148578], [79.8701724, 6.8148005], [79.8702111, 6.8147138], [79.8702449, 6.8145647], [79.8702795, 6.8144497], [79.8703059, 6.8144093], [79.8703965, 6.8143171]]}}, {"type": "Feature", "properties": {"osm_id": 541015120, "highway": "residential", "name": "", "access": null, "foot": null, "oneway": null}, "geometry": {"type": "LineString", "coordinates": [[79.8738769, 6.816743], [79.8733156, 6.8165907], [79.8731653, 6.8165459], [79.8730394, 6.8164946], [79.8726895, 6.8163301], [79.872485, 6.81619], [79.8718525, 6.8157456], [79.8713509, 6.8153021], [79.8712987, 6.8152419], [79.8711846, 6.8151104], [79.8711157, 6.8149615], [79.8710934, 6.8147801], [79.8710916, 6.8146074], [79.8711017, 6.8143608], [79.8710907, 6.8142343]]}}, {"type": "Feature", "properties": {"osm_id": 541015121, "highway": "residential", "name": "", "access": null, "foot": null, "oneway": null}, "geometry": {"type": "LineString", "coordinates": [[79.8739694, 6.8166562], [79.873929, 6.8166739], [79.873897, 6.816704], [79.8738769, 6.816743], [79.8738711, 6.8167835], [79.8738784, 6.8168238], [79.873898, 6.8168598], [79.8739279, 6.8168878], [79.8739652, 6.8169052], [79.8740062, 6.81691], [79.8740465, 6.8169019], [79.8740823, 6.8168816], [79.8741099, 6.8168512], [79.8741272, 6.8168109], [79.8741299, 6.8167672], [79.8741177, 6.8167251], [79.8741058, 6.8167086], [79.8740921, 6.8166895], [79.8740559, 6.8166645], [79.8740133, 6.8166529], [79.8739694, 6.8166562]]}}, {"type": "Feature", "properties": {"osm_id": 541015122, "highway": "service", "name": "", "access": null, "foot": null, "oneway": null}, "geometry": {"type": "LineString", "coordinates": [[79.874902, 6.8149177], [79.8755601, 6.8143737], [79.8756804, 6.8142771], [79.8757335, 6.8142015], [79.8757636, 6.8140662], [79.8757691, 6.8139586]]}}, {"type": "Feature", "properties": {"osm_id": 541015123, "highway": "residential", "name": "", "access": null, "foot": null, "oneway": null}, "geometry": {"type": "LineString", "coordinates": [[79.8718888, 6.8152613], [79.8718608, 6.8149029], [79.8718012, 6.8141022]]}}, {"type": "Feature", "properties": {"osm_id": 541015124, "highway": "residential", "name": "", "access": null, "foot": null, "oneway": null}, "geometry": {"type": "LineString", "coordinates": [[79.872485, 6.81619], [79.872595, 6.816004], [79.8726447, 6.8158809], [79.872648, 6.8156566], [79.8726308, 6.8152435], [79.8726218, 6.8150904], [79.8726172, 6.8150272], [79.872605, 6.814896], [79.8724884, 6.8149013], [79.8723382, 6.814902], [79.8722349, 6.8149084], [79.8721142, 6.8149113], [79.8719593, 6.8149073], [79.8718608, 6.8149029]]}}, {"type": "Feature", "properties": {"osm_id": 541015125, "highway": "residential", "name": "", "access": null, "foot": null, "oneway": null}, "geometry": {"type": "LineString", "coordinates": [[79.8734567, 6.8161359], [79.8733092, 6.8159455], [79.8731214, 6.8157138], [79.8730356, 6.8155912], [79.8730168, 6.815486], [79.8730128, 6.8153502], [79.8730114, 6.8152377]]}}, {"type": "Feature", "properties": {"osm_id": 541015126, "highway": "residential", "name": "", "access": null, "foot": null, "oneway": null}, "geometry": {"type": "LineString", "coordinates": [[79.8737205, 6.8159065], [79.8735372, 6.8156712], [79.8734433, 6.8155247], [79.8733602, 6.8153755], [79.8733351, 6.8152284]]}}, {"type": "Feature", "properties": {"osm_id": 544338148, "highway": "residential", "name": "", "access": null, "foot": null, "oneway": null}, "geometry": {"type": "LineString", "coordinates": [[79.8772659, 6.8176802], [79.8772488, 6.8176562], [79.8772378, 6.8176302], [79.8772331, 6.8175973], [79.8772412, 6.8175597], [79.8772629, 6.8175124]]}}, {"type": "Feature", "properties": {"osm_id": 544338149, "highway": "residential", "name": "", "access": null, "foot": null, "oneway": null}, "geometry": {"type": "LineString", "coordinates": [[79.8772629, 6.8175124], [79.8773999, 6.8172949], [79.8774266, 6.8172672], [79.8774634, 6.8172486], [79.8775084, 6.8172415], [79.8775509, 6.8172484]]}}, {"type": "Feature", "properties": {"osm_id": 544338150, "highway": "residential", "name": "", "access": null, "foot": null, "oneway": null}, "geometry": {"type": "LineString", "coordinates": [[79.8772659, 6.8176802], [79.8773062, 6.8176827], [79.8773455, 6.8176741], [79.8773719, 6.8176567], [79.8773953, 6.8176343], [79.8774316, 6.8175809], [79.8775499, 6.8173893], [79.8775682, 6.8173537], [79.8775742, 6.8173189], [79.8775698, 6.817282], [79.8775509, 6.8172484]]}}, {"type": "Feature", "properties": {"osm_id": 544442421, "highway": "residential", "name": "", "access": null, "foot": null, "oneway": null}, "geometry": {"type": "LineString", "coordinates": [[79.8774316, 6.8175809], [79.8782549, 6.8180572], [79.8792722, 6.8186211], [79.8804163, 6.8192712]]}}, {"type": "Feature", "properties": {"osm_id": 544732443, "highway": "footway", "name": "Palm Grove walking path", "access": null, "foot": null, "oneway": null}, "geometry": {"type": "LineString", "coordinates": [[79.8772827, 6.8175049], [79.8774036, 6.817303], [79.8774274, 6.8172781], [79.8774634, 6.817259], [79.8775046, 6.817252], [79.8775387, 6.8172577], [79.8775554, 6.817289], [79.8775606, 6.8173177], [79.8775573, 6.8173465], [79.8775422, 6.8173826], [79.8773904, 6.8176233], [79.8773701, 6.8176431], [79.8773449, 6.81766], [79.877308, 6.8176692], [79.877271, 6.8176699], [79.8772496, 6.817635], [79.8772426, 6.8175984], [79.8772489, 6.8175628], [79.8772827, 6.8175049]]}}, {"type": "Feature", "properties": {"osm_id": 544733090, "highway": "residential", "name": "", "access": null, "foot": null, "oneway": null}, "geometry": {"type": "LineString", "coordinates": [[79.869049, 6.8161339], [79.8684739, 6.816009]]}}, {"type": "Feature", "properties": {"osm_id": 559519054, "highway": "residential", "name": "", "access": null, "foot": null, "oneway": null}, "geometry": {"type": "LineString", "coordinates": [[79.8684005, 6.8508887], [79.8683936, 6.8508018], [79.8683588, 6.8503018]]}}, {"type": "Feature", "properties": {"osm_id": 566693302, "highway": "living_street", "name": "", "access": null, "foot": null, "oneway": null}, "geometry": {"type": "LineString", "coordinates": [[79.8777207, 6.8212106], [79.8774521, 6.8217168]]}}, {"type": "Feature", "properties": {"osm_id": 566693304, "highway": "living_street", "name": "", "access": null, "foot": null, "oneway": null}, "geometry": {"type": "LineString", "coordinates": [[79.8775174, 6.822254], [79.8776763, 6.8219159]]}}, {"type": "Feature", "properties": {"osm_id": 566693306, "highway": "living_street", "name": "", "access": null, "foot": null, "oneway": null}, "geometry": {"type": "LineString", "coordinates": [[79.8770806, 6.8224425], [79.8768103, 6.8228666], [79.8767532, 6.8229502]]}}, {"type": "Feature", "properties": {"osm_id": 566693308, "highway": "living_street", "name": "", "access": null, "foot": null, "oneway": null}, "geometry": {"type": "LineString", "coordinates": [[79.8775306, 6.8226498], [79.8772087, 6.8232072]]}}, {"type": "Feature", "properties": {"osm_id": 566693310, "highway": "living_street", "name": "", "access": null, "foot": null, "oneway": null}, "geometry": {"type": "LineString", "coordinates": [[79.8779573, 6.822468], [79.8781433, 6.8221468]]}}, {"type": "Feature", "properties": {"osm_id": 566693311, "highway": "living_street", "name": "", "access": null, "foot": null, "oneway": null}, "geometry": {"type": "LineString", "coordinates": [[79.8769276, 6.8238006], [79.8769408, 6.8237339], [79.8769669, 6.8236408], [79.8772087, 6.8232072]]}}, {"type": "Feature", "properties": {"osm_id": 566693313, "highway": "living_street", "name": "", "access": null, "foot": null, "oneway": null}, "geometry": {"type": "LineString", "coordinates": [[79.8776813, 6.8234686], [79.8778605, 6.8231535]]}}, {"type": "Feature", "properties": {"osm_id": 566693314, "highway": "living_street", "name": "", "access": null, "foot": null, "oneway": null}, "geometry": {"type": "LineString", "coordinates": [[79.8777813, 6.8243774], [79.8773469, 6.8241311], [79.8773338, 6.8241197], [79.8773275, 6.8241031], [79.8773258, 6.8240853], [79.8773284, 6.8240655], [79.8776813, 6.8234686]]}}, {"type": "Feature", "properties": {"osm_id": 566693316, "highway": "living_street", "name": "", "access": null, "foot": null, "oneway": null}, "geometry": {"type": "LineString", "coordinates": [[79.8790639, 6.824249], [79.8794136, 6.8236225]]}}, {"type": "Feature", "properties": {"osm_id": 566693318, "highway": "living_street", "name": "", "access": null, "foot": null, "oneway": null}, "geometry": {"type": "LineString", "coordinates": [[79.879615, 6.8251941], [79.8798974, 6.8247242]]}}, {"type": "Feature", "properties": {"osm_id": 566693319, "highway": "living_street", "name": "", "access": null, "foot": null, "oneway": null}, "geometry": {"type": "LineString", "coordinates": [[79.8799193, 6.8247344], [79.8801857, 6.8243087]]}}, {"type": "Feature", "properties": {"osm_id": 566695964, "highway": "living_street", "name": "", "access": null, "foot": null, "oneway": null}, "geometry": {"type": "LineString", "coordinates": [[79.8764134, 6.8204307], [79.8761404, 6.8209662]]}}, {"type": "Feature", "properties": {"osm_id": 566695965, "highway": "residential", "name": "", "access": null, "foot": null, "oneway": null}, "geometry": {"type": "LineString", "coordinates": [[79.8767712, 6.8213227], [79.8773805, 6.8202886], [79.8774195, 6.820219], [79.8778815, 6.8193954]]}}, {"type": "Feature", "properties": {"osm_id": 566695966, "highway": "living_street", "name": "", "access": null, "foot": null, "oneway": null}, "geometry": {"type": "LineString", "coordinates": [[79.8773598, 6.8208604], [79.8770354, 6.8214756]]}}, {"type": "Feature", "properties": {"osm_id": 566695967, "highway": "living_street", "name": "", "access": null, "foot": null, "oneway": null}, "geometry": {"type": "LineString", "coordinates": [[79.8781476, 6.8207098], [79.8783387, 6.8203737]]}}, {"type": "Feature", "properties": {"osm_id": 566695968, "highway": "living_street", "name": "", "access": null, "foot": null, "oneway": null}, "geometry": {"type": "LineString", "coordinates": [[79.8778967, 6.8208668], [79.8780164, 6.8206383]]}}, {"type": "Feature", "properties": {"osm_id": 566695969, "highway": "living_street", "name": "", "access": null, "foot": null, "oneway": null}, "geometry": {"type": "LineString", "coordinates": [[79.8794507, 6.8198528], [79.8792681, 6.8201684]]}}, {"type": "Feature", "properties": {"osm_id": 566695970, "highway": "living_street", "name": "", "access": null, "foot": null, "oneway": null}, "geometry": {"type": "LineString", "coordinates": [[79.8790179, 6.8200223], [79.8791735, 6.8197178]]}}, {"type": "Feature", "properties": {"osm_id": 577199502, "highway": "service", "name": "", "access": null, "foot": null, "oneway": null}, "geometry": {"type": "LineString", "coordinates": [[79.8704551, 6.8238279], [79.8703992, 6.8237965], [79.869803, 6.8234832]]}}, {"type": "Feature", "properties": {"osm_id": 577200882, "highway": "residential", "name": "", "access": null, "foot": null, "oneway": null}, "geometry": {"type": "LineString", "coordinates": [[79.8696351, 6.8225477], [79.8696136, 6.8225303], [79.8695434, 6.8224843], [79.8694334, 6.8224289], [79.8693839, 6.8224131]]}}, {"type": "Feature", "properties": {"osm_id": 578425193, "highway": "residential", "name": "", "access": null, "foot": null, "oneway": null}, "geometry": {"type": "LineString", "coordinates": [[79.8780292, 6.8169546], [79.8790843, 6.8175474], [79.8795679, 6.8178227]]}}, {"type": "Feature", "properties": {"osm_id": 578425200, "highway": "residential", "name": "", "access": null, "foot": null, "oneway": null}, "geometry": {"type": "LineString", "coordinates": [[79.8758224, 6.8199586], [79.8760564, 6.8195359]]}}, {"type": "Feature", "properties": {"osm_id": 578425204, "highway": "residential", "name": "", "access": null, "foot": null, "oneway": null}, "geometry": {"type": "LineString", "coordinates": [[79.8766769, 6.8177493], [79.8767654, 6.8175773]]}}, {"type": "Feature", "properties": {"osm_id": 578425205, "highway": "residential", "name": "", "access": null, "foot": null, "oneway": null}, "geometry": {"type": "LineString", "coordinates": [[79.8778034, 6.8186177], [79.8779985, 6.818254]]}}, {"type": "Feature", "properties": {"osm_id": 578425206, "highway": "residential", "name": "", "access": null, "foot": null, "oneway": null}, "geometry": {"type": "LineString", "coordinates": [[79.8779608, 6.8185875], [79.8781069, 6.8183135]]}}, {"type": "Feature", "properties": {"osm_id": 581593203, "highway": "residential", "name": "", "access": null, "foot": null, "oneway": null}, "geometry": {"type": "LineString", "coordinates": [[79.877193, 6.8178079], [79.8772659, 6.8176802]]}}, {"type": "Feature", "properties": {"osm_id": 581593205, "highway": "residential", "name": "", "access": null, "foot": null, "oneway": null}, "geometry": {"type": "LineString", "coordinates": [[79.8772629, 6.8175124], [79.8768081, 6.8172564]]}}, {"type": "Feature", "properties": {"osm_id": 581593207, "highway": "residential", "name": "", "access": null, "foot": null, "oneway": null}, "geometry": {"type": "LineString", "coordinates": [[79.8775509, 6.8172484], [79.8776439, 6.8170972]]}}, {"type": "Feature", "properties": {"osm_id": 582070357, "highway": "residential", "name": "", "access": null, "foot": null, "oneway": null}, "geometry": {"type": "LineString", "coordinates": [[79.8756381, 6.8292366], [79.876256, 6.8293271]]}}, {"type": "Feature", "properties": {"osm_id": 582070358, "highway": "residential", "name": "", "access": null, "foot": null, "oneway": null}, "geometry": {"type": "LineString", "coordinates": [[79.8744744, 6.8310877], [79.8742896, 6.8317839]]}}, {"type": "Feature", "properties": {"osm_id": 582070359, "highway": "residential", "name": "", "access": null, "foot": null, "oneway": null}, "geometry": {"type": "LineString", "coordinates": [[79.8754017, 6.8336499], [79.8753058, 6.833656], [79.8749778, 6.8336161]]}}, {"type": "Feature", "properties": {"osm_id": 582070360, "highway": "service", "name": "", "access": null, "foot": null, "oneway": null}, "geometry": {"type": "LineString", "coordinates": [[79.8735347, 6.8280986], [79.87358, 6.8277786], [79.8736494, 6.8275455], [79.8736866, 6.8275169], [79.8738279, 6.8275193], [79.8739038, 6.8274989]]}}, {"type": "Feature", "properties": {"osm_id": 582070361, "highway": "residential", "name": "", "access": null, "foot": null, "oneway": null}, "geometry": {"type": "LineString", "coordinates": [[79.8745719, 6.8304883], [79.8746063, 6.8303543], [79.874728, 6.8302729], [79.8748735, 6.8302519], [79.8752982, 6.8302759]]}}, {"type": "Feature", "properties": {"osm_id": 582070362, "highway": "residential", "name": "", "access": null, "foot": null, "oneway": null}, "geometry": {"type": "LineString", "coordinates": [[79.872916, 6.8307665], [79.8735626, 6.8308779], [79.8735921, 6.8308513], [79.8736595, 6.8302843], [79.8737249, 6.8297777], [79.8735477, 6.8296239]]}}, {"type": "Feature", "properties": {"osm_id": 582070363, "highway": "residential", "name": "", "access": null, "foot": null, "oneway": null}, "geometry": {"type": "LineString", "coordinates": [[79.8729609, 6.8302267], [79.8729792, 6.8302208], [79.8736595, 6.8302843]]}}, {"type": "Feature", "properties": {"osm_id": 582070364, "highway": "service", "name": "", "access": null, "foot": null, "oneway": null}, "geometry": {"type": "LineString", "coordinates": [[79.8799437, 6.8349323], [79.8800176, 6.8350286], [79.8800312, 6.8352486], [79.8800156, 6.8355309], [79.8796219, 6.835714], [79.8791063, 6.8358536], [79.8788844, 6.8353448]]}}, {"type": "Feature", "properties": {"osm_id": 583228373, "highway": "residential", "name": "", "access": null, "foot": null, "oneway": null}, "geometry": {"type": "LineString", "coordinates": [[79.8726866, 6.831784], [79.8726169, 6.8313242], [79.8726008, 6.8309727], [79.8726062, 6.8308022], [79.8725686, 6.8305892], [79.8725847, 6.8302376], [79.8726296, 6.8299487], [79.8726386, 6.8295956], [79.8726577, 6.8295795], [79.8726828, 6.8295716], [79.8732273, 6.829553], [79.8732483, 6.8295453], [79.8732689, 6.8295317], [79.8734814, 6.8288405]]}}, {"type": "Feature", "properties": {"osm_id": 583231774, "highway": "residential", "name": "", "access": null, "foot": null, "oneway": null}, "geometry": {"type": "LineString", "coordinates": [[79.8745947, 6.8264519], [79.8749713, 6.8265056], [79.8750099, 6.8265007], [79.8750245, 6.826476], [79.8750602, 6.8262742], [79.8752245, 6.8263174]]}}, {"type": "Feature", "properties": {"osm_id": 583796350, "highway": "residential", "name": "", "access": null, "foot": null, "oneway": null}, "geometry": {"type": "LineString", "coordinates": [[79.8772671, 6.816877], [79.8774843, 6.8164688]]}}, {"type": "Feature", "properties": {"osm_id": 583796351, "highway": "residential", "name": "", "access": null, "foot": null, "oneway": null}, "geometry": {"type": "LineString", "coordinates": [[79.8775701, 6.8170541], [79.877676, 6.8168726], [79.8777501, 6.8167341], [79.8778414, 6.8165699], [79.8778793, 6.8165271], [79.8779103, 6.8165032], [79.8779499, 6.8165015], [79.8779964, 6.8165134], [79.8780928, 6.8165665], [79.8782042, 6.8166426]]}}, {"type": "Feature", "properties": {"osm_id": 583796352, "highway": "residential", "name": "", "access": null, "foot": null, "oneway": null}, "geometry": {"type": "LineString", "coordinates": [[79.877866, 6.8172255], [79.8780292, 6.8169546], [79.8782042, 6.8166426], [79.8783099, 6.8164676]]}}, {"type": "Feature", "properties": {"osm_id": 585592235, "highway": "residential", "name": "", "access": null, "foot": null, "oneway": null}, "geometry": {"type": "LineString", "coordinates": [[79.8699843, 6.8179581], [79.8699802, 6.8178474], [79.8699523, 6.8172245]]}}, {"type": "Feature", "properties": {"osm_id": 585592269, "highway": "service", "name": "", "access": null, "foot": null, "oneway": null}, "geometry": {"type": "LineString", "coordinates": [[79.8697679, 6.8183389], [79.8697645, 6.8185258], [79.8697567, 6.8186683], [79.8697555, 6.8187097], [79.8697444, 6.8187441], [79.8697214, 6.8187715], [79.869674, 6.8187825], [79.8696064, 6.8187813], [79.8695585, 6.8187814], [79.8695107, 6.8187906], [79.869476, 6.8188091], [79.8694476, 6.8188358], [79.8694237, 6.8188751], [79.8694016, 6.8189499], [79.8693926, 6.8190109], [79.8693989, 6.8192708], [79.8693977, 6.8193067]]}}, {"type": "Feature", "properties": {"osm_id": 585592289, "highway": "residential", "name": "", "access": null, "foot": null, "oneway": null}, "geometry": {"type": "LineString", "coordinates": [[79.8705184, 6.8181384], [79.8705087, 6.8182689], [79.8704808, 6.8185451]]}}, {"type": "Feature", "properties": {"osm_id": 586399588, "highway": "residential", "name": "", "access": null, "foot": null, "oneway": null}, "geometry": {"type": "LineString", "coordinates": [[79.8741047, 6.8293056], [79.8743052, 6.8290377], [79.874323, 6.829014], [79.8746022, 6.828641], [79.8746422, 6.8285876]]}}, {"type": "Feature", "properties": {"osm_id": 586399589, "highway": "residential", "name": "", "access": null, "foot": null, "oneway": null}, "geometry": {"type": "LineString", "coordinates": [[79.8691343, 6.8302161], [79.8692067, 6.8302654], [79.8692121, 6.8303573], [79.86909, 6.8308793]]}}, {"type": "Feature", "properties": {"osm_id": 586399590, "highway": "residential", "name": "", "access": null, "foot": null, "oneway": null}, "geometry": {"type": "LineString", "coordinates": [[79.8738255, 6.8295024], [79.874001, 6.8291403]]}}, {"type": "Feature", "properties": {"osm_id": 589745461, "highway": "residential", "name": "", "access": null, "foot": null, "oneway": null}, "geometry": {"type": "LineString", "coordinates": [[79.8660832, 6.8324676], [79.8661038, 6.8322292], [79.8661101, 6.8321562]]}}, {"type": "Feature", "properties": {"osm_id": 589745466, "highway": "residential", "name": "", "access": null, "foot": null, "oneway": null}, "geometry": {"type": "LineString", "coordinates": [[79.8656153, 6.8324416], [79.8655723, 6.8329738], [79.8655777, 6.8329991], [79.8655911, 6.8330104], [79.8656112, 6.8330191], [79.8659156, 6.8330324]]}}, {"type": "Feature", "properties": {"osm_id": 590862921, "highway": "residential", "name": "", "access": null, "foot": null, "oneway": null}, "geometry": {"type": "LineString", "coordinates": [[79.8722349, 6.8149084], [79.8722611, 6.8152498]]}}, {"type": "Feature", "properties": {"osm_id": 590862923, "highway": "residential", "name": "", "access": null, "foot": null, "oneway": null}, "geometry": {"type": "LineString", "coordinates": [[79.872605, 6.814896], [79.872935, 6.814898], [79.8729698, 6.8149093], [79.8729893, 6.8149399], [79.8730114, 6.8152377]]}}, {"type": "Feature", "properties": {"osm_id": 591734227, "highway": "residential", "name": "3rd Lane", "access": null, "foot": null, "oneway": null}, "geometry": {"type": "LineString", "coordinates": [[79.8804227, 6.8195609], [79.8803728, 6.8195329], [79.8803272, 6.8195254]]}}, {"type": "Feature", "properties": {"osm_id": 591734228, "highway": "residential", "name": "3rd Lane", "access": null, "foot": null, "oneway": null}, "geometry": {"type": "LineString", "coordinates": [[79.8828615, 6.8208753], [79.8820289, 6.8204495], [79.8814287, 6.8201244], [79.8804227, 6.8195609]]}}, {"type": "Feature", "properties": {"osm_id": 591740904, "highway": "living_street", "name": "", "access": null, "foot": null, "oneway": null}, "geometry": {"type": "LineString", "coordinates": [[79.8776763, 6.8219159], [79.8777124, 6.8218502]]}}, {"type": "Feature", "properties": {"osm_id": 591740908, "highway": "residential", "name": "", "access": null, "foot": null, "oneway": null}, "geometry": {"type": "LineString", "coordinates": [[79.8793073, 6.8228028], [79.8793457, 6.82274]]}}, {"type": "Feature", "properties": {"osm_id": 591740910, "highway": "residential", "name": "", "access": null, "foot": null, "oneway": null}, "geometry": {"type": "LineString", "coordinates": [[79.8799158, 6.8231742], [79.8799605, 6.8230885]]}}, {"type": "Feature", "properties": {"osm_id": 591740913, "highway": "residential", "name": "", "access": null, "foot": null, "oneway": null}, "geometry": {"type": "LineString", "coordinates": [[79.8803683, 6.8234311], [79.8804177, 6.8233478]]}}, {"type": "Feature", "properties": {"osm_id": 591742562, "highway": "residential", "name": "", "access": null, "foot": null, "oneway": null}, "geometry": {"type": "LineString", "coordinates": [[79.8768174, 6.8214595], [79.8768647, 6.8213786]]}}, {"type": "Feature", "properties": {"osm_id": 591742564, "highway": "residential", "name": "", "access": null, "foot": null, "oneway": null}, "geometry": {"type": "LineString", "coordinates": [[79.8770726, 6.8215775], [79.8771062, 6.8215202]]}}, {"type": "Feature", "properties": {"osm_id": 591742565, "highway": "living_street", "name": "", "access": null, "foot": null, "oneway": null}, "geometry": {"type": "LineString", "coordinates": [[79.8781433, 6.8221468], [79.8781713, 6.822098]]}}, {"type": "Feature", "properties": {"osm_id": 591789332, "highway": "residential", "name": "", "access": null, "foot": null, "oneway": null}, "geometry": {"type": "LineString", "coordinates": [[79.8762049, 6.8225064], [79.8768174, 6.8214595]]}}, {"type": "Feature", "properties": {"osm_id": 592116366, "highway": "residential", "name": "", "access": null, "foot": null, "oneway": null}, "geometry": {"type": "LineString", "coordinates": [[79.8770507, 6.8246263], [79.8768626, 6.8247342]]}}, {"type": "Feature", "properties": {"osm_id": 592116367, "highway": "service", "name": "", "access": null, "foot": null, "oneway": null}, "geometry": {"type": "LineString", "coordinates": [[79.879049, 6.8259017], [79.8790316, 6.8258765], [79.8789768, 6.8258282], [79.8784401, 6.8255547]]}}, {"type": "Feature", "properties": {"osm_id": 592116368, "highway": "residential", "name": "Saman Mawatha", "access": null, "foot": null, "oneway": null}, "geometry": {"type": "LineString", "coordinates": [[79.879049, 6.8259017], [79.8790675, 6.8259004], [79.8796461, 6.8262154], [79.8801471, 6.8264947], [79.880674, 6.8267988], [79.881242, 6.8271162]]}}, {"type": "Feature", "properties": {"osm_id": 592116369, "highway": "residential", "name": "", "access": null, "foot": null, "oneway": null}, "geometry": {"type": "LineString", "coordinates": [[79.8773474, 6.8249432], [79.8772788, 6.8250658], [79.8765662, 6.8264107], [79.8762813, 6.826925], [79.8760632, 6.8273743]]}}, {"type": "Feature", "properties": {"osm_id": 592116370, "highway": "residential", "name": "", "access": null, "foot": null, "oneway": null}, "geometry": {"type": "LineString", "coordinates": [[79.876812, 6.822984], [79.8763859, 6.8236393], [79.8763766, 6.823659], [79.8763739, 6.823673], [79.8763716, 6.823684], [79.8763715, 6.8237066], [79.8763774, 6.8237323], [79.8764208, 6.8237931], [79.8768868, 6.8244082], [79.8770507, 6.8246263], [79.8772775, 6.8248977], [79.8773016, 6.8249204], [79.8773474, 6.8249432]]}}, {"type": "Feature", "properties": {"osm_id": 592117976, "highway": "residential", "name": "", "access": null, "foot": null, "oneway": null}, "geometry": {"type": "LineString", "coordinates": [[79.8782871, 6.8245035], [79.8782838, 6.8245483], [79.8783074, 6.8246035], [79.8787543, 6.8248419]]}}, {"type": "Feature", "properties": {"osm_id": 592117977, "highway": "residential", "name": "", "access": null, "foot": null, "oneway": null}, "geometry": {"type": "LineString", "coordinates": [[79.8787689, 6.828384], [79.8788714, 6.8277192]]}}, {"type": "Feature", "properties": {"osm_id": 592117978, "highway": "service", "name": "", "access": null, "foot": null, "oneway": null}, "geometry": {"type": "LineString", "coordinates": [[79.8804152, 6.8272388], [79.8808756, 6.827473]]}}, {"type": "Feature", "properties": {"osm_id": 598187087, "highway": "residential", "name": "", "access": null, "foot": null, "oneway": null}, "geometry": {"type": "LineString", "coordinates": [[79.8740276, 6.8173984], [79.8738385, 6.8171256], [79.8738016, 6.8170941], [79.8737439, 6.8170808], [79.8735555, 6.8170561], [79.8732626, 6.8170269], [79.8730624, 6.8169959], [79.8726653, 6.8169046]]}}, {"type": "Feature", "properties": {"osm_id": 598187088, "highway": "residential", "name": "", "access": null, "foot": null, "oneway": null}, "geometry": {"type": "LineString", "coordinates": [[79.8683412, 6.8170353], [79.8683297, 6.8171966], [79.8683183, 6.8173044], [79.8682986, 6.8173933], [79.8682492, 6.8175636], [79.868179, 6.8178811], [79.8681634, 6.8179818]]}}, {"type": "Feature", "properties": {"osm_id": 598188419, "highway": "residential", "name": "", "access": null, "foot": null, "oneway": null}, "geometry": {"type": "LineString", "coordinates": [[79.8704842, 6.8196508], [79.8705068, 6.820301]]}}, {"type": "Feature", "properties": {"osm_id": 598188420, "highway": "residential", "name": "", "access": null, "foot": null, "oneway": null}, "geometry": {"type": "LineString", "coordinates": [[79.8723664, 6.8183239], [79.872149, 6.8189847], [79.8719396, 6.819658]]}}, {"type": "Feature", "properties": {"osm_id": 598188421, "highway": "service", "name": "", "access": null, "foot": null, "oneway": null}, "geometry": {"type": "LineString", "coordinates": [[79.872871, 6.8183983], [79.8733043, 6.8178001]]}}, {"type": "Feature", "properties": {"osm_id": 598188422, "highway": "residential", "name": "", "access": null, "foot": null, "oneway": null}, "geometry": {"type": "LineString", "coordinates": [[79.8723346, 6.8189956], [79.8725738, 6.818354]]}}, {"type": "Feature", "properties": {"osm_id": 609000045, "highway": "service", "name": "", "access": null, "foot": null, "oneway": null}, "geometry": {"type": "LineString", "coordinates": [[79.8800018, 6.8521324], [79.8804638, 6.8520964]]}}, {"type": "Feature", "properties": {"osm_id": 609000047, "highway": "service", "name": "", "access": null, "foot": null, "oneway": null}, "geometry": {"type": "LineString", "coordinates": [[79.8800672, 6.8526107], [79.8805, 6.8525213]]}}, {"type": "Feature", "properties": {"osm_id": 609390205, "highway": "residential", "name": "", "access": null, "foot": null, "oneway": null}, "geometry": {"type": "LineString", "coordinates": [[79.8652746, 6.8352143], [79.8652929, 6.8351224], [79.8653497, 6.835044]]}}, {"type": "Feature", "properties": {"osm_id": 609390206, "highway": "footway", "name": "", "access": null, "foot": null, "oneway": null}, "geometry": {"type": "LineString", "coordinates": [[79.8655381, 6.8375631], [79.8655415, 6.8375379], [79.8655696, 6.8373293], [79.8655937, 6.8371503], [79.8655978, 6.8371203]]}}, {"type": "Feature", "properties": {"osm_id": 609390207, "highway": "footway", "name": "", "access": null, "foot": null, "oneway": null}, "geometry": {"type": "LineString", "coordinates": [[79.8653692, 6.8373], [79.8655696, 6.8373293], [79.8657577, 6.8373569], [79.8657929, 6.837362]]}}, {"type": "Feature", "properties": {"osm_id": 610241584, "highway": "service", "name": "", "access": null, "foot": null, "oneway": null}, "geometry": {"type": "LineString", "coordinates": [[79.8635583, 6.8423899], [79.8636155, 6.8419082]]}}, {"type": "Feature", "properties": {"osm_id": 610541474, "highway": "residential", "name": "", "access": null, "foot": null, "oneway": null}, "geometry": {"type": "LineString", "coordinates": [[79.8629198, 6.8461231], [79.8629022, 6.846609], [79.8629202, 6.8466342]]}}, {"type": "Feature", "properties": {"osm_id": 610541475, "highway": "residential", "name": "", "access": null, "foot": null, "oneway": null}, "geometry": {"type": "LineString", "coordinates": [[79.8630493, 6.8450364], [79.8630866, 6.8450238], [79.8636347, 6.8450299]]}}, {"type": "Feature", "properties": {"osm_id": 610541476, "highway": "residential", "name": "", "access": null, "foot": null, "oneway": null}, "geometry": {"type": "LineString", "coordinates": [[79.8629198, 6.8461231], [79.8630382, 6.8456426], [79.8630527, 6.8453395], [79.8630344, 6.845066], [79.8630493, 6.8450364]]}}, {"type": "Feature", "properties": {"osm_id": 610541477, "highway": "residential", "name": "", "access": null, "foot": null, "oneway": null}, "geometry": {"type": "LineString", "coordinates": [[79.8648091, 6.8462917], [79.8640929, 6.8462249], [79.8636813, 6.8461709], [79.8636057, 6.8461587], [79.8629198, 6.8461231]]}}, {"type": "Feature", "properties": {"osm_id": 610541478, "highway": "residential", "name": "", "access": null, "foot": null, "oneway": null}, "geometry": {"type": "LineString", "coordinates": [[79.8640266, 6.8449155], [79.8640278, 6.8447527], [79.8640583, 6.844385]]}}, {"type": "Feature", "properties": {"osm_id": 610541479, "highway": "residential", "name": "", "access": null, "foot": null, "oneway": null}, "geometry": {"type": "LineString", "coordinates": [[79.8640278, 6.8447527], [79.8642875, 6.8447568], [79.8643146, 6.8447852], [79.8643149, 6.8448954], [79.8643202, 6.8449176], [79.8643374, 6.8449276], [79.8643572, 6.8449309], [79.8648709, 6.8449233], [79.8649042, 6.8449392]]}}, {"type": "Feature", "properties": {"osm_id": 610541480, "highway": "service", "name": "", "access": null, "foot": null, "oneway": null}, "geometry": {"type": "LineString", "coordinates": [[79.8657024, 6.8455185], [79.8657196, 6.8455259], [79.8661988, 6.8455321]]}}, {"type": "Feature", "properties": {"osm_id": 610541481, "highway": "service", "name": "", "access": null, "foot": null, "oneway": null}, "geometry": {"type": "LineString", "coordinates": [[79.8656236, 6.8454278], [79.8656527, 6.84547], [79.8657024, 6.8455185]]}}, {"type": "Feature", "properties": {"osm_id": 610541482, "highway": "service", "name": "", "access": null, "foot": null, "oneway": null}, "geometry": {"type": "LineString", "coordinates": [[79.8651327, 6.8453601], [79.8651519, 6.8453707], [79.8656051, 6.8453438], [79.8659541, 6.8453272], [79.8662176, 6.8453306]]}}, {"type": "Feature", "properties": {"osm_id": 610541483, "highway": "service", "name": "", "access": null, "foot": null, "oneway": null}, "geometry": {"type": "LineString", "coordinates": [[79.8651657, 6.8444576], [79.8651549, 6.8447662], [79.8651487, 6.8449438], [79.8651259, 6.8453332], [79.8651327, 6.8453601]]}}, {"type": "Feature", "properties": {"osm_id": 610544135, "highway": "residential", "name": "", "access": null, "foot": null, "oneway": null}, "geometry": {"type": "LineString", "coordinates": [[79.8714224, 6.8435337], [79.871103, 6.843886]]}}, {"type": "Feature", "properties": {"osm_id": 610544136, "highway": "residential", "name": "", "access": null, "foot": null, "oneway": null}, "geometry": {"type": "LineString", "coordinates": [[79.8687604, 6.8423713], [79.8687239, 6.8427234]]}}, {"type": "Feature", "properties": {"osm_id": 610544137, "highway": "residential", "name": "", "access": null, "foot": null, "oneway": null}, "geometry": {"type": "LineString", "coordinates": [[79.8663799, 6.8436448], [79.865649, 6.8435889]]}}, {"type": "Feature", "properties": {"osm_id": 610544391, "highway": "residential", "name": "", "access": null, "foot": null, "oneway": null}, "geometry": {"type": "LineString", "coordinates": [[79.8668215, 6.8420649], [79.8666962, 6.8420476], [79.8664023, 6.8420071], [79.8656965, 6.8419543]]}}, {"type": "Feature", "properties": {"osm_id": 633523971, "highway": "residential", "name": "", "access": null, "foot": null, "oneway": null}, "geometry": {"type": "LineString", "coordinates": [[79.8762949, 6.8314723], [79.8762895, 6.8310847]]}}, {"type": "Feature", "properties": {"osm_id": 673645255, "highway": "residential", "name": "", "access": null, "foot": null, "oneway": null}, "geometry": {"type": "LineString", "coordinates": [[79.8716712, 6.8327142], [79.8718078, 6.8327898], [79.8719526, 6.8328744], [79.8721143, 6.8329336], [79.8722612, 6.8329611], [79.8727553, 6.832985]]}}, {"type": "Feature", "properties": {"osm_id": 674475978, "highway": "residential", "name": "", "access": null, "foot": null, "oneway": null}, "geometry": {"type": "LineString", "coordinates": [[79.8630598, 6.8473122], [79.8638154, 6.8474266]]}}, {"type": "Feature", "properties": {"osm_id": 676616864, "highway": "residential", "name": "Siriwardene Road", "access": null, "foot": null, "oneway": null}, "geometry": {"type": "LineString", "coordinates": [[79.8745805, 6.8470657], [79.87484, 6.8481427], [79.8748621, 6.8482401], [79.8749872, 6.8485172], [79.8751182, 6.8487788], [79.8752334, 6.8490088], [79.8753127, 6.8491882], [79.8755486, 6.8498818]]}}, {"type": "Feature", "properties": {"osm_id": 677088518, "highway": "residential", "name": "", "access": null, "foot": null, "oneway": null}, "geometry": {"type": "LineString", "coordinates": [[79.8716569, 6.8539114], [79.8719783, 6.8538444]]}}, {"type": "Feature", "properties": {"osm_id": 677088519, "highway": "residential", "name": "", "access": null, "foot": null, "oneway": null}, "geometry": {"type": "LineString", "coordinates": [[79.8691149, 6.8538732], [79.8691358, 6.8541532], [79.8691249, 6.8541921], [79.8691135, 6.8542207], [79.8690142, 6.8542646], [79.8689617, 6.8542778]]}}, {"type": "Feature", "properties": {"osm_id": 677088520, "highway": "residential", "name": "", "access": null, "foot": null, "oneway": null}, "geometry": {"type": "LineString", "coordinates": [[79.8701345, 6.8534302], [79.8702267, 6.8536186], [79.8702058, 6.8537346], [79.8703772, 6.8542968]]}}, {"type": "Feature", "properties": {"osm_id": 677088521, "highway": "residential", "name": "", "access": null, "foot": null, "oneway": null}, "geometry": {"type": "LineString", "coordinates": [[79.8698967, 6.8515799], [79.8702916, 6.851577]]}}, {"type": "Feature", "properties": {"osm_id": 677088522, "highway": "residential", "name": "", "access": null, "foot": null, "oneway": null}, "geometry": {"type": "LineString", "coordinates": [[79.8698677, 6.8514614], [79.8693985, 6.8515077]]}}, {"type": "Feature", "properties": {"osm_id": 677088523, "highway": "residential", "name": "", "access": null, "foot": null, "oneway": null}, "geometry": {"type": "LineString", "coordinates": [[79.8710434, 6.8524299], [79.8710092, 6.8524582], [79.8709656, 6.8524771], [79.8707644, 6.8524804]]}}, {"type": "Feature", "properties": {"osm_id": 677088524, "highway": "residential", "name": "", "access": null, "foot": null, "oneway": null}, "geometry": {"type": "LineString", "coordinates": [[79.8713007, 6.853519], [79.871027, 6.8536884]]}}, {"type": "Feature", "properties": {"osm_id": 677088525, "highway": "residential", "name": "", "access": null, "foot": null, "oneway": null}, "geometry": {"type": "LineString", "coordinates": [[79.8710566, 6.853026], [79.8711393, 6.8532484], [79.8713007, 6.853519], [79.8715396, 6.8537578], [79.8716569, 6.8539114], [79.8718206, 6.8543264], [79.8719402, 6.8544941]]}}, {"type": "Feature", "properties": {"osm_id": 679912335, "highway": "residential", "name": "", "access": null, "foot": null, "oneway": null}, "geometry": {"type": "LineString", "coordinates": [[79.8801783, 6.8358118], [79.8806758, 6.8360178], [79.880822, 6.8360924]]}}, {"type": "Feature", "properties": {"osm_id": 679912337, "highway": "residential", "name": "", "access": null, "foot": null, "oneway": null}, "geometry": {"type": "LineString", "coordinates": [[79.8802397, 6.8354353], [79.880712, 6.8354865], [79.8808198, 6.8355002], [79.8809749, 6.8355198]]}}, {"type": "Feature", "properties": {"osm_id": 683039763, "highway": "residential", "name": "Wijeratne Mawatha", "access": null, "foot": null, "oneway": null}, "geometry": {"type": "LineString", "coordinates": [[79.8682332, 6.8294429], [79.8683474, 6.8294837], [79.8693019, 6.8298575]]}}, {"type": "Feature", "properties": {"osm_id": 685326249, "highway": "residential", "name": "", "access": null, "foot": null, "oneway": null}, "geometry": {"type": "LineString", "coordinates": [[79.8696032, 6.8415385], [79.8690598, 6.8415491], [79.8687279, 6.8415811]]}}, {"type": "Feature", "properties": {"osm_id": 687500136, "highway": "tertiary", "name": "Hotel Road", "access": null, "foot": null, "oneway": "yes"}, "geometry": {"type": "LineString", "coordinates": [[79.8669483, 6.8412825], [79.8669503, 6.8416541]]}}, {"type": "Feature", "properties": {"osm_id": 687500142, "highway": "tertiary", "name": "Hotel Road", "access": null, "foot": null, "oneway": null}, "geometry": {"type": "LineString", "coordinates": [[79.8669483, 6.8412825], [79.8669321, 6.8411375], [79.8669325, 6.841027], [79.8669272, 6.8406872], [79.8669098, 6.8402868], [79.8668829, 6.8398747], [79.8667817, 6.8393333], [79.8666888, 6.8388997], [79.8665118, 6.8381607], [79.8663705, 6.8375909], [79.8662449, 6.8369426], [79.8662312, 6.8368722], [79.8659628, 6.8358861], [79.8659155, 6.8357641], [79.8658824, 6.835679], [79.8657928, 6.8354582], [79.8657208, 6.8352708]]}}, {"type": "Feature", "properties": {"osm_id": 688211127, "highway": "residential", "name": "", "access": null, "foot": null, "oneway": null}, "geometry": {"type": "LineString", "coordinates": [[79.8754823, 6.8296119], [79.8761415, 6.829798]]}}, {"type": "Feature", "properties": {"osm_id": 692293844, "highway": "tertiary", "name": "Station Road", "access": null, "foot": null, "oneway": null}, "geometry": {"type": "LineString", "coordinates": [[79.8677503, 6.814934], [79.8690698, 6.8145499]]}}, {"type": "Feature", "properties": {"osm_id": 701126393, "highway": "residential", "name": "", "access": null, "foot": null, "oneway": null}, "geometry": {"type": "LineString", "coordinates": [[79.8767504, 6.8508952], [79.8762824, 6.8509099], [79.8760718, 6.8509285], [79.8760497, 6.8509459], [79.8760384, 6.8509774]]}}, {"type": "Feature", "properties": {"osm_id": 708584963, "highway": "residential", "name": "", "access": null, "foot": null, "oneway": null}, "geometry": {"type": "LineString", "coordinates": [[79.8684948, 6.8287936], [79.8686528, 6.8288446], [79.8686944, 6.8288419], [79.8687547, 6.8288113], [79.868807, 6.8287913], [79.8688473, 6.8287973], [79.8692389, 6.8289345]]}}, {"type": "Feature", "properties": {"osm_id": 708584964, "highway": "residential", "name": "", "access": null, "foot": null, "oneway": null}, "geometry": {"type": "LineString", "coordinates": [[79.8680088, 6.8298165], [79.8672817, 6.8296136]]}}, {"type": "Feature", "properties": {"osm_id": 708584965, "highway": "residential", "name": "", "access": null, "foot": null, "oneway": null}, "geometry": {"type": "LineString", "coordinates": [[79.8683454, 6.8291703], [79.8690055, 6.8294078]]}}, {"type": "Feature", "properties": {"osm_id": 709291454, "highway": "service", "name": "", "access": null, "foot": null, "oneway": null}, "geometry": {"type": "LineString", "coordinates": [[79.8777765, 6.8154865], [79.8780164, 6.8156657], [79.8782109, 6.8157842], [79.8789176, 6.816177], [79.8789418, 6.8161803], [79.8789595, 6.8161783], [79.878978, 6.8161743], [79.8789971, 6.816161], [79.8790162, 6.8161321], [79.8790584, 6.8160585]]}}, {"type": "Feature", "properties": {"osm_id": 709352679, "highway": "residential", "name": "", "access": null, "foot": null, "oneway": null}, "geometry": {"type": "LineString", "coordinates": [[79.8735665, 6.8500874], [79.8735569, 6.8495022], [79.8735505, 6.8491123], [79.8735514, 6.8490923], [79.8735425, 6.8488327], [79.8733306, 6.8482095], [79.8733038, 6.8480564], [79.8732568, 6.8480178], [79.8730986, 6.8480098], [79.8730637, 6.8479871], [79.8729591, 6.8478567], [79.8728449, 6.8476479]]}}, {"type": "Feature", "properties": {"osm_id": 709352715, "highway": "residential", "name": "", "access": null, "foot": null, "oneway": null}, "geometry": {"type": "LineString", "coordinates": [[79.8732662, 6.8490124], [79.8733883, 6.8490284], [79.8735514, 6.8490923]]}}, {"type": "Feature", "properties": {"osm_id": 709352852, "highway": "residential", "name": "", "access": null, "foot": null, "oneway": null}, "geometry": {"type": "LineString", "coordinates": [[79.8674082, 6.8362342], [79.8678442, 6.8362242], [79.8687132, 6.8361803], [79.8688768, 6.8361976]]}}, {"type": "Feature", "properties": {"osm_id": 709352853, "highway": "residential", "name": "", "access": null, "foot": null, "oneway": null}, "geometry": {"type": "LineString", "coordinates": [[79.8674529, 6.8368702], [79.867867, 6.8368434], [79.8680721, 6.8368527], [79.8685308, 6.8367968]]}}, {"type": "Feature", "properties": {"osm_id": 709353401, "highway": "residential", "name": "", "access": null, "foot": null, "oneway": null}, "geometry": {"type": "LineString", "coordinates": [[79.8705617, 6.8264408], [79.8705599, 6.8265449], [79.8705478, 6.8265756], [79.8705196, 6.8265835], [79.8703882, 6.8265875], [79.87036, 6.8266062], [79.8703466, 6.8266395], [79.8703426, 6.8267776], [79.8704184, 6.8272354], [79.8704331, 6.82729], [79.8704727, 6.8273179], [79.8707101, 6.8273226]]}}, {"type": "Feature", "properties": {"osm_id": 709353785, "highway": "residential", "name": "", "access": null, "foot": null, "oneway": null}, "geometry": {"type": "LineString", "coordinates": [[79.8702206, 6.8226513], [79.8705116, 6.8227152], [79.8705786, 6.8227405], [79.8706242, 6.8227698], [79.8706725, 6.8228231], [79.8707329, 6.822883], [79.870808, 6.8229376], [79.8709853, 6.8230685]]}}, {"type": "Feature", "properties": {"osm_id": 744771560, "highway": "residential", "name": "", "access": null, "foot": null, "oneway": null}, "geometry": {"type": "LineString", "coordinates": [[79.8643065, 6.8528256], [79.8633551, 6.8525997]]}}, {"type": "Feature", "properties": {"osm_id": 756378342, "highway": "residential", "name": "", "access": null, "foot": null, "oneway": null}, "geometry": {"type": "LineString", "coordinates": [[79.8728686, 6.8450225], [79.8727998, 6.8447937], [79.8726615, 6.844576]]}}, {"type": "Feature", "properties": {"osm_id": 758636098, "highway": "trunk", "name": "Galle Road", "access": null, "foot": null, "oneway": "yes"}, "geometry": {"type": "LineString", "coordinates": [[79.8691108, 6.8272242], [79.8692851, 6.8268195], [79.8694962, 6.8263299], [79.869527, 6.8262555], [79.8695776, 6.8261173], [79.86963, 6.8259739], [79.869646, 6.8259354], [79.8697374, 6.825715], [79.8698326, 6.8254677], [79.8699218, 6.8252355], [79.869927, 6.8252203], [79.8700758, 6.8247767], [79.8701087, 6.8246839], [79.8701672, 6.8245353], [79.8702472, 6.8243559], [79.8704027, 6.824042], [79.8705263, 6.8238297], [79.8706533, 6.8236499], [79.8707605, 6.8234981], [79.8707808, 6.8234717], [79.8709772, 6.8232166], [79.8711527, 6.8229759], [79.871402, 6.8226232], [79.8715301, 6.822448], [79.871606, 6.8223442], [79.8716867, 6.8222338], [79.8717282, 6.822172], [79.8718466, 6.8219957], [79.8723285, 6.8213466], [79.8724622, 6.8211666], [79.8726473, 6.8209133], [79.872941, 6.8205449], [79.8729853, 6.8204995], [79.8732305, 6.8201693], [79.873415, 6.8199397], [79.8735694, 6.8197116], [79.873626, 6.8196205], [79.8736841, 6.8195262], [79.8738304, 6.8192833], [79.8739477, 6.8191101], [79.8743087, 6.8185423], [79.8745506, 6.8181671], [79.8746127, 6.8180831], [79.8747085, 6.8179513], [79.8747965, 6.8178493], [79.8748595, 6.8177727], [79.8749084, 6.8177172], [79.8751676, 6.8174657], [79.875372, 6.8172876], [79.8755049, 6.8171834], [79.8757163, 6.8170132], [79.8762836, 6.8166026], [79.8764864, 6.8164447], [79.8770422, 6.8160275], [79.8772272, 6.8158886], [79.8777765, 6.8154865], [79.8786756, 6.814838], [79.8794022, 6.8142911], [79.8795673, 6.814164], [79.8796763, 6.8140723], [79.8797813, 6.8139799], [79.8800965, 6.8137052], [79.880484, 6.813294], [79.8808645, 6.8128813], [79.8809376, 6.8127881], [79.8811605, 6.8125148], [79.8812599, 6.8123834], [79.881898, 6.81154], [79.8822074, 6.8111095], [79.882611, 6.8105328], [79.8829458, 6.8099845], [79.8829691, 6.8099488], [79.8830262, 6.8098609], [79.8831092, 6.8097333], [79.8834631, 6.8091892], [79.883685, 6.8087498], [79.8838532, 6.8083961], [79.8838846, 6.8083287], [79.8839648, 6.808152], [79.8841326, 6.8078227], [79.8841383, 6.8078127], [79.8843096, 6.8075101], [79.8846315, 6.8069996], [79.8846979, 6.8068767], [79.8848573, 6.8065814], [79.8850135, 6.8063272], [79.8850891, 6.8062131], [79.8851799, 6.8061051], [79.8852129, 6.8060717], [79.8854883, 6.8057937], [79.8859139, 6.805446], [79.8862107, 6.8051784], [79.8864835, 6.8049109], [79.8866544, 6.8047407], [79.8867702, 6.8046088]]}}, {"type": "Feature", "properties": {"osm_id": 766225068, "highway": "primary", "name": "Attidiya Road", "access": null, "foot": null, "oneway": null}, "geometry": {"type": "LineString", "coordinates": [[79.8787979, 6.8224307], [79.8788643, 6.8224696], [79.8793457, 6.82274], [79.8795457, 6.8228533], [79.8796975, 6.8229394], [79.8797575, 6.8229734], [79.8797958, 6.8229951], [79.8799605, 6.8230885], [79.8804177, 6.8233478], [79.8807976, 6.8235633], [79.880837, 6.8235856], [79.88129, 6.8238424], [79.881625, 6.8240324], [79.8816957, 6.8240723], [79.8826155, 6.8245912], [79.883345, 6.8250028], [79.8834369, 6.8250546], [79.883584, 6.8251389], [79.8836378, 6.82519], [79.8836652, 6.8252452], [79.8836768, 6.8252686], [79.8836843, 6.8253445], [79.8836685, 6.8254627], [79.8835392, 6.8268783], [79.8837778, 6.827473], [79.8841022, 6.8280921], [79.8846254, 6.8288259], [79.8852748, 6.8295324], [79.8854266, 6.829741], [79.8854502, 6.8300776], [79.8852844, 6.8309532], [79.8852462, 6.8312983], [79.8853891, 6.8317301], [79.8854505, 6.8318844], [79.8855814, 6.8322138], [79.8855892, 6.8322533], [79.88561, 6.8322782], [79.8856267, 6.8323404], [79.8856469, 6.8323849], [79.8856531, 6.8324325], [79.8855995, 6.8325404], [79.8855451, 6.8326615], [79.8854608, 6.8328339], [79.8853816, 6.8329589], [79.8853325, 6.833028], [79.8852935, 6.8330985], [79.8852655, 6.8332154], [79.8852417, 6.8333689], [79.8852013, 6.8335294], [79.8851674, 6.8337781], [79.8851325, 6.8339749], [79.8850908, 6.8342385], [79.8850807, 6.8343088], [79.8850573, 6.8344131], [79.8850194, 6.8345819], [79.8849922, 6.8347206], [79.8849696, 6.8349142], [79.8849609, 6.8349714], [79.8849568, 6.8350302], [79.8849363, 6.835168], [79.8848924, 6.8354638], [79.8848774, 6.8356561], [79.8848718, 6.8357282], [79.8848407, 6.8360228], [79.8848369, 6.8360742], [79.8848152, 6.8362347], [79.884815, 6.8363478], [79.8848032, 6.836455], [79.8847943, 6.8367939], [79.8848025, 6.8371486], [79.8848115, 6.8376546], [79.8848086, 6.8378987], [79.8848051, 6.83815], [79.8848084, 6.8382619], [79.8848037, 6.8383925], [79.8848019, 6.8385151], [79.8848028, 6.8386405], [79.8848069, 6.8387457], [79.884814, 6.8388799], [79.8848117, 6.8391733], [79.8847983, 6.839397], [79.8847848, 6.8395181], [79.8847785, 6.8395765], [79.8847669, 6.8396295], [79.8847421, 6.8398023], [79.8847342, 6.8398584], [79.8847036, 6.8399968], [79.8846834, 6.8401006], [79.8846429, 6.8402731], [79.8846318, 6.8403124], [79.8846109, 6.8403977], [79.8845838, 6.8405374], [79.8845748, 6.840631], [79.884571, 6.8407405], [79.8845679, 6.8408268], [79.8845692, 6.8408712], [79.8845709, 6.8409268], [79.8845794, 6.8410194], [79.8845849, 6.8410578], [79.884603, 6.8411382], [79.8846164, 6.8412447], [79.8846268, 6.8413279], [79.8846571, 6.8414722], [79.8846615, 6.8415069], [79.8846665, 6.8415806], [79.8846675, 6.8417601], [79.8846681, 6.8418636], [79.8846653, 6.8419747], [79.8846586, 6.8420533], [79.8846527, 6.8421464], [79.8846456, 6.8422474], [79.8846315, 6.8424072], [79.8846299, 6.8424457], [79.8846176, 6.8426098], [79.8846151, 6.842649], [79.8846102, 6.8427683], [79.8846008, 6.8428559], [79.8845941, 6.8429223], [79.8845915, 6.8429567], [79.8845912, 6.8430915], [79.8845943, 6.8431896], [79.884604, 6.8432663], [79.8846112, 6.8433314], [79.8846321, 6.8434511], [79.8846584, 6.8435788], [79.8846684, 6.8436298], [79.884692, 6.8437496], [79.8847385, 6.8439864], [79.88478, 6.8442281], [79.8848239, 6.8444834], [79.8848379, 6.8445649]]}}, {"type": "Feature", "properties": {"osm_id": 766225069, "highway": "secondary", "name": "Attidiya Road", "access": null, "foot": null, "oneway": null}, "geometry": {"type": "LineString", "coordinates": [[79.8787471, 6.822401], [79.8787979, 6.8224307]]}}, {"type": "Feature", "properties": {"osm_id": 771540705, "highway": "residential", "name": "St. Rita's Road", "access": null, "foot": null, "oneway": null}, "geometry": {"type": "LineString", "coordinates": [[79.8670986, 6.8268683], [79.8671872, 6.8268535], [79.8674353, 6.8268769], [79.8674734, 6.8268804]]}}, {"type": "Feature", "properties": {"osm_id": 771540706, "highway": "residential", "name": "St. Rita's Road", "access": null, "foot": null, "oneway": null}, "geometry": {"type": "LineString", "coordinates": [[79.8674734, 6.8268804], [79.8678365, 6.826903], [79.8679276, 6.8269261], [79.8680244, 6.8269491], [79.8681405, 6.8269758], [79.8682649, 6.8270088], [79.8687371, 6.8271037], [79.8689146, 6.8271497], [79.8690421, 6.8271946], [79.8691108, 6.8272242]]}}, {"type": "Feature", "properties": {"osm_id": 773873293, "highway": "residential", "name": "", "access": null, "foot": null, "oneway": null}, "geometry": {"type": "LineString", "coordinates": [[79.8663909, 6.8235354], [79.8664306, 6.8235901], [79.8664816, 6.8236487], [79.866672, 6.8237499], [79.8668356, 6.8237952]]}}, {"type": "Feature", "properties": {"osm_id": 773873294, "highway": "residential", "name": "", "access": null, "foot": null, "oneway": null}, "geometry": {"type": "LineString", "coordinates": [[79.8651493, 6.8230707], [79.8659787, 6.8232465], [79.8661101, 6.8232772]]}}, {"type": "Feature", "properties": {"osm_id": 773873295, "highway": "residential", "name": "", "access": null, "foot": null, "oneway": null}, "geometry": {"type": "LineString", "coordinates": [[79.8681778, 6.8280428], [79.8680089, 6.8279618], [79.867933, 6.8279348], [79.8676919, 6.827843], [79.8676416, 6.8278086], [79.867531, 6.8277188], [79.8674473, 6.8276888], [79.8671568, 6.8276888], [79.8670965, 6.827731], [79.8670217, 6.827813], [79.8669613, 6.8278186], [79.8666385, 6.8278273]]}}, {"type": "Feature", "properties": {"osm_id": 773873296, "highway": "residential", "name": "", "access": null, "foot": null, "oneway": null}, "geometry": {"type": "LineString", "coordinates": [[79.8674063, 6.8236245], [79.867532, 6.8236319], [79.8676267, 6.8236636], [79.8677217, 6.8237283]]}}, {"type": "Feature", "properties": {"osm_id": 777797985, "highway": "residential", "name": "", "access": null, "foot": null, "oneway": null}, "geometry": {"type": "LineString", "coordinates": [[79.8632486, 6.829146], [79.8634456, 6.8291662], [79.8634924, 6.8291838], [79.8635392, 6.8292148], [79.863713, 6.8293987], [79.8641396, 6.8294945], [79.8642056, 6.8295262], [79.8642439, 6.8296298]]}}, {"type": "Feature", "properties": {"osm_id": 777797986, "highway": "residential", "name": "", "access": null, "foot": null, "oneway": null}, "geometry": {"type": "LineString", "coordinates": [[79.8645673, 6.8289412], [79.8645313, 6.82878], [79.864493, 6.8286722]]}}, {"type": "Feature", "properties": {"osm_id": 777797987, "highway": "residential", "name": "", "access": null, "foot": null, "oneway": null}, "geometry": {"type": "LineString", "coordinates": [[79.8663216, 6.8285666], [79.8665379, 6.8286232], [79.86712, 6.828649]]}}, {"type": "Feature", "properties": {"osm_id": 777797988, "highway": "residential", "name": "", "access": null, "foot": null, "oneway": null}, "geometry": {"type": "LineString", "coordinates": [[79.8678584, 6.8284492], [79.8679112, 6.8282635], [79.8679714, 6.8280355]]}}, {"type": "Feature", "properties": {"osm_id": 787206313, "highway": "residential", "name": "", "access": null, "foot": null, "oneway": null}, "geometry": {"type": "LineString", "coordinates": [[79.8738579, 6.8237993], [79.8735116, 6.8237352]]}}, {"type": "Feature", "properties": {"osm_id": 787206314, "highway": "residential", "name": "", "access": null, "foot": null, "oneway": null}, "geometry": {"type": "LineString", "coordinates": [[79.8740441, 6.8243401], [79.8743512, 6.8243265], [79.874555, 6.8243251]]}}, {"type": "Feature", "properties": {"osm_id": 797210832, "highway": "residential", "name": "", "access": null, "foot": null, "oneway": null}, "geometry": {"type": "LineString", "coordinates": [[79.8765628, 6.8538464], [79.87678, 6.8537913], [79.8770951, 6.85373], [79.8771527, 6.853742], [79.8771849, 6.8537926], [79.8772369, 6.8542912], [79.8772528, 6.8543952]]}}, {"type": "Feature", "properties": {"osm_id": 797211492, "highway": "residential", "name": "", "access": null, "foot": null, "oneway": null}, "geometry": {"type": "LineString", "coordinates": [[79.8794088, 6.8482597], [79.8795922, 6.8482468], [79.8796874, 6.8482408], [79.8798329, 6.8482069], [79.8798564, 6.8481935], [79.8798732, 6.8481616], [79.8799054, 6.848123], [79.8799429, 6.8481037], [79.8803097, 6.8480431]]}}, {"type": "Feature", "properties": {"osm_id": 797256560, "highway": "service", "name": "", "access": null, "foot": null, "oneway": null}, "geometry": {"type": "LineString", "coordinates": [[79.8798918, 6.8401507], [79.8798349, 6.8402855]]}}, {"type": "Feature", "properties": {"osm_id": 797256561, "highway": "service", "name": "", "access": null, "foot": null, "oneway": null}, "geometry": {"type": "LineString", "coordinates": [[79.8798349, 6.8402855], [79.8797142, 6.8403307], [79.879615, 6.8404479], [79.8795158, 6.8407003], [79.8795533, 6.8407622], [79.879729, 6.8408088], [79.87978, 6.8407615], [79.8798591, 6.8406051], [79.8798859, 6.8404293], [79.8798349, 6.8402855]]}}, {"type": "Feature", "properties": {"osm_id": 808453519, "highway": "residential", "name": "", "access": null, "foot": null, "oneway": null}, "geometry": {"type": "LineString", "coordinates": [[79.8732626, 6.8170269], [79.8733156, 6.8165907]]}}, {"type": "Feature", "properties": {"osm_id": 808453520, "highway": "residential", "name": "", "access": null, "foot": null, "oneway": null}, "geometry": {"type": "LineString", "coordinates": [[79.8737205, 6.8159065], [79.8740544, 6.8156794]]}}, {"type": "Feature", "properties": {"osm_id": 816574850, "highway": "residential", "name": "", "access": null, "foot": null, "oneway": null}, "geometry": {"type": "LineString", "coordinates": [[79.8696871, 6.8491213], [79.8694253, 6.8491163]]}}, {"type": "Feature", "properties": {"osm_id": 851552206, "highway": "residential", "name": "", "access": null, "foot": null, "oneway": null}, "geometry": {"type": "LineString", "coordinates": [[79.8666524, 6.8521953], [79.8666254, 6.8519571], [79.8666135, 6.8519202], [79.8665797, 6.8519017], [79.8660075, 6.8519189]]}}, {"type": "Feature", "properties": {"osm_id": 851552207, "highway": "residential", "name": "", "access": null, "foot": null, "oneway": null}, "geometry": {"type": "LineString", "coordinates": [[79.8683616, 6.8519321], [79.8678052, 6.8520097]]}}, {"type": "Feature", "properties": {"osm_id": 914836947, "highway": "residential", "name": "", "access": null, "foot": null, "oneway": null}, "geometry": {"type": "LineString", "coordinates": [[79.8706109, 6.8531371], [79.8705589, 6.85291], [79.8704643, 6.8528563], [79.8704322, 6.8523966]]}}, {"type": "Feature", "properties": {"osm_id": 936845541, "highway": "residential", "name": "", "access": null, "foot": null, "oneway": null}, "geometry": {"type": "LineString", "coordinates": [[79.8720515, 6.8516632], [79.8724007, 6.8516182]]}}, {"type": "Feature", "properties": {"osm_id": 936845542, "highway": "residential", "name": "", "access": null, "foot": null, "oneway": null}, "geometry": {"type": "LineString", "coordinates": [[79.8720151, 6.8502628], [79.8719951, 6.8497704], [79.8719941, 6.8494787]]}}, {"type": "Feature", "properties": {"osm_id": 936845543, "highway": "residential", "name": "", "access": null, "foot": null, "oneway": null}, "geometry": {"type": "LineString", "coordinates": [[79.8740559, 6.8485349], [79.8740644, 6.8489513], [79.8741084, 6.8492494]]}}, {"type": "Feature", "properties": {"osm_id": 962343053, "highway": "residential", "name": "", "access": null, "foot": null, "oneway": null}, "geometry": {"type": "LineString", "coordinates": [[79.8725695, 6.8501742], [79.872538, 6.850824]]}}, {"type": "Feature", "properties": {"osm_id": 963694988, "highway": "residential", "name": "", "access": null, "foot": null, "oneway": null}, "geometry": {"type": "LineString", "coordinates": [[79.8645998, 6.830963], [79.8646211, 6.8309781], [79.8646272, 6.8310077], [79.8647396, 6.8314643]]}}, {"type": "Feature", "properties": {"osm_id": 963694989, "highway": "residential", "name": "", "access": null, "foot": null, "oneway": null}, "geometry": {"type": "LineString", "coordinates": [[79.8643951, 6.8309741], [79.8645998, 6.830963]]}}, {"type": "Feature", "properties": {"osm_id": 971163399, "highway": "footway", "name": "", "access": null, "foot": null, "oneway": null}, "geometry": {"type": "LineString", "coordinates": [[79.8653485, 6.8372987], [79.8653692, 6.8373]]}}, {"type": "Feature", "properties": {"osm_id": 971163400, "highway": "footway", "name": "", "access": null, "foot": null, "oneway": null}, "geometry": {"type": "LineString", "coordinates": [[79.8655043, 6.8371142], [79.8654042, 6.8371879], [79.8653485, 6.8372987], [79.8653498, 6.8374247], [79.8654094, 6.837536]]}}, {"type": "Feature", "properties": {"osm_id": 971163401, "highway": "footway", "name": "", "access": null, "foot": null, "oneway": null}, "geometry": {"type": "LineString", "coordinates": [[79.8650083, 6.8370659], [79.8655043, 6.8371142], [79.8655978, 6.8371203], [79.8657198, 6.8371676], [79.8657741, 6.8372555], [79.8657929, 6.837362], [79.8657621, 6.8374765], [79.8656655, 6.8375385], [79.8655381, 6.8375631], [79.8654094, 6.837536], [79.8652377, 6.8375012]]}}, {"type": "Feature", "properties": {"osm_id": 983042772, "highway": "residential", "name": "", "access": null, "foot": null, "oneway": null}, "geometry": {"type": "LineString", "coordinates": [[79.8726667, 6.8409599], [79.8724636, 6.8408367], [79.8724247, 6.8407988], [79.8724193, 6.8407748], [79.8725318, 6.8405703], [79.8726517, 6.8403524], [79.8729107, 6.8398817], [79.8730816, 6.8395711], [79.8731057, 6.8395337]]}}, {"type": "Feature", "properties": {"osm_id": 984099924, "highway": "residential", "name": "", "access": null, "foot": null, "oneway": null}, "geometry": {"type": "LineString", "coordinates": [[79.8733532, 6.8391334], [79.8731057, 6.8395337]]}}, {"type": "Feature", "properties": {"osm_id": 984099925, "highway": "residential", "name": "", "access": null, "foot": null, "oneway": null}, "geometry": {"type": "LineString", "coordinates": [[79.8717529, 6.8404521], [79.8724041, 6.8392918]]}}, {"type": "Feature", "properties": {"osm_id": 1027462374, "highway": "steps", "name": "", "access": null, "foot": null, "oneway": null}, "geometry": {"type": "LineString", "coordinates": [[79.8747784, 6.8177003], [79.8747257, 6.8176421]]}}, {"type": "Feature", "properties": {"osm_id": 1027462375, "highway": "residential", "name": "", "access": null, "foot": null, "oneway": null}, "geometry": {"type": "LineString", "coordinates": [[79.8747939, 6.8177176], [79.8747784, 6.8177003]]}}, {"type": "Feature", "properties": {"osm_id": 1059432235, "highway": "living_street", "name": "", "access": null, "foot": null, "oneway": null}, "geometry": {"type": "LineString", "coordinates": [[79.8681791, 6.8295733], [79.8684418, 6.8296646], [79.86868, 6.8297867]]}}, {"type": "Feature", "properties": {"osm_id": 1060951709, "highway": "footway", "name": "", "access": null, "foot": null, "oneway": null}, "geometry": {"type": "LineString", "coordinates": [[79.8755049, 6.8171834], [79.875471, 6.8171438], [79.875534, 6.8170925], [79.8755102, 6.8170675]]}}, {"type": "Feature", "properties": {"osm_id": 1060951710, "highway": "footway", "name": "", "access": null, "foot": null, "oneway": null}, "geometry": {"type": "LineString", "coordinates": [[79.8770422, 6.8160275], [79.87702, 6.8159952], [79.877087, 6.815946], [79.877058, 6.8159087]]}}, {"type": "Feature", "properties": {"osm_id": 1069627514, "highway": "primary", "name": "Marine Drive", "access": null, "foot": null, "oneway": "no"}, "geometry": {"type": "LineString", "coordinates": [[79.8602478, 6.8607209], [79.8603133, 6.8601072], [79.8603176, 6.8600677], [79.8603358, 6.8598453], [79.860359, 6.8596574], [79.8604217, 6.8590768], [79.8604223, 6.8589713], [79.8605302, 6.8582652], [79.8606257, 6.8577771], [79.8606753, 6.857515], [79.8607782, 6.8570282], [79.8608382, 6.8566995], [79.8608632, 6.85657], [79.860891, 6.8564305], [79.8610231, 6.8558464], [79.8611047, 6.8555167], [79.8611084, 6.8555153], [79.8612227, 6.854901], [79.8613944, 6.8543666], [79.8615028, 6.8539902], [79.8615916, 6.8536884], [79.861756, 6.8530842], [79.8618111, 6.8528821], [79.8619845, 6.8522726], [79.8620797, 6.8519019], [79.8621763, 6.8515006], [79.8623777, 6.8506726]]}}, {"type": "Feature", "properties": {"osm_id": 1069630281, "highway": "residential", "name": "", "access": null, "foot": null, "oneway": null}, "geometry": {"type": "LineString", "coordinates": [[79.8772537, 6.8484988], [79.8776968, 6.8484742]]}}, {"type": "Feature", "properties": {"osm_id": 1075934331, "highway": "residential", "name": "", "access": null, "foot": null, "oneway": null}, "geometry": {"type": "LineString", "coordinates": [[79.8683562, 6.8419172], [79.8679615, 6.8418824]]}}, {"type": "Feature", "properties": {"osm_id": 1075934332, "highway": "residential", "name": "", "access": null, "foot": null, "oneway": null}, "geometry": {"type": "LineString", "coordinates": [[79.8681671, 6.8439609], [79.8685862, 6.8440593], [79.8688678, 6.8441118], [79.8690674, 6.8441643], [79.8691739, 6.8442401]]}}, {"type": "Feature", "properties": {"osm_id": 1075934333, "highway": "service", "name": "", "access": null, "foot": null, "oneway": null}, "geometry": {"type": "LineString", "coordinates": [[79.865424, 6.8441604], [79.8655681, 6.8441683], [79.8655919, 6.8441774], [79.8656158, 6.8441983], [79.865617, 6.84431], [79.8656168, 6.8444683]]}}, {"type": "Feature", "properties": {"osm_id": 1075934334, "highway": "residential", "name": "", "access": null, "foot": null, "oneway": null}, "geometry": {"type": "LineString", "coordinates": [[79.8674667, 6.8449448], [79.8674983, 6.8450874], [79.8675141, 6.8451582], [79.8675141, 6.8451963], [79.8675062, 6.845233], [79.8673925, 6.8454509], [79.8673278, 6.8455927]]}}, {"type": "Feature", "properties": {"osm_id": 1075934335, "highway": "service", "name": "", "access": null, "foot": null, "oneway": null}, "geometry": {"type": "LineString", "coordinates": [[79.8679714, 6.8447152], [79.8678471, 6.8446968], [79.867748, 6.844681], [79.8677242, 6.8446705], [79.867707, 6.8446587], [79.8676872, 6.8446167], [79.8676486, 6.8444753]]}}, {"type": "Feature", "properties": {"osm_id": 1075934336, "highway": "service", "name": "", "access": null, "foot": null, "oneway": null}, "geometry": {"type": "LineString", "coordinates": [[79.8667501, 6.8425164], [79.8668246, 6.8424934], [79.8668639, 6.8424789], [79.8668738, 6.8424686]]}}, {"type": "Feature", "properties": {"osm_id": 1075934337, "highway": "service", "name": "", "access": null, "foot": null, "oneway": null}, "geometry": {"type": "LineString", "coordinates": [[79.8666342, 6.8422381], [79.8666962, 6.8420476]]}}, {"type": "Feature", "properties": {"osm_id": 1075934338, "highway": "service", "name": "", "access": null, "foot": null, "oneway": null}, "geometry": {"type": "LineString", "coordinates": [[79.8663725, 6.8422158], [79.8664023, 6.8420071]]}}, {"type": "Feature", "properties": {"osm_id": 1075934339, "highway": "service", "name": "", "access": null, "foot": null, "oneway": null}, "geometry": {"type": "LineString", "coordinates": [[79.8667406, 6.8441774], [79.8666926, 6.844204], [79.866639, 6.844214], [79.8665105, 6.8442151], [79.8663888, 6.8442042]]}}, {"type": "Feature", "properties": {"osm_id": 1075937841, "highway": "service", "name": "", "access": null, "foot": null, "oneway": null}, "geometry": {"type": "LineString", "coordinates": [[79.8667147, 6.8469884], [79.8666942, 6.8467874]]}}, {"type": "Feature", "properties": {"osm_id": 1075937842, "highway": "service", "name": "", "access": null, "foot": null, "oneway": null}, "geometry": {"type": "LineString", "coordinates": [[79.8664543, 6.8470173], [79.8664354, 6.8468114]]}}, {"type": "Feature", "properties": {"osm_id": 1075937843, "highway": "service", "name": "", "access": null, "foot": null, "oneway": null}, "geometry": {"type": "LineString", "coordinates": [[79.8665865, 6.846995], [79.8665728, 6.8467986]]}}, {"type": "Feature", "properties": {"osm_id": 1075937844, "highway": "service", "name": "", "access": null, "foot": null, "oneway": null}, "geometry": {"type": "LineString", "coordinates": [[79.8670611, 6.8442006], [79.8670637, 6.844324], [79.8670796, 6.8444368], [79.8670957, 6.844623]]}}, {"type": "Feature", "properties": {"osm_id": 1080263711, "highway": "residential", "name": "", "access": null, "foot": null, "oneway": null}, "geometry": {"type": "LineString", "coordinates": [[79.8722309, 6.8460005], [79.8721585, 6.8459725], [79.8721303, 6.8459592], [79.8720981, 6.8459339], [79.8720713, 6.8459113], [79.8720619, 6.8458886], [79.8720592, 6.845858], [79.8720257, 6.8458141], [79.8719533, 6.8457488], [79.8718661, 6.8456716], [79.8718386, 6.8456441], [79.8713243, 6.8452763]]}}, {"type": "Feature", "properties": {"osm_id": 1084320740, "highway": "footway", "name": "", "access": null, "foot": null, "oneway": null}, "geometry": {"type": "LineString", "coordinates": [[79.8658784, 6.8511207], [79.865909, 6.8511212], [79.8660727, 6.8511238]]}}, {"type": "Feature", "properties": {"osm_id": 1084320741, "highway": "footway", "name": "", "access": null, "foot": null, "oneway": null}, "geometry": {"type": "LineString", "coordinates": [[79.8658277, 6.8515093], [79.8658984, 6.8515156], [79.8660553, 6.8515298], [79.8660881, 6.8515328]]}}, {"type": "Feature", "properties": {"osm_id": 1084320742, "highway": "footway", "name": "", "access": null, "foot": null, "oneway": null}, "geometry": {"type": "LineString", "coordinates": [[79.8659708, 6.8484964], [79.8660563, 6.8484982]]}}, {"type": "Feature", "properties": {"osm_id": 1084636076, "highway": "residential", "name": "", "access": null, "foot": null, "oneway": null}, "geometry": {"type": "LineString", "coordinates": [[79.8708737, 6.8464852], [79.8705357, 6.8462921]]}}, {"type": "Feature", "properties": {"osm_id": 1084636077, "highway": "residential", "name": "", "access": null, "foot": null, "oneway": null}, "geometry": {"type": "LineString", "coordinates": [[79.8704992, 6.8445881], [79.8705431, 6.8446333]]}}, {"type": "Feature", "properties": {"osm_id": 1084636078, "highway": "residential", "name": "", "access": null, "foot": null, "oneway": null}, "geometry": {"type": "LineString", "coordinates": [[79.873623, 6.845657], [79.8734714, 6.8454372]]}}, {"type": "Feature", "properties": {"osm_id": 1084636079, "highway": "residential", "name": "", "access": null, "foot": null, "oneway": null}, "geometry": {"type": "LineString", "coordinates": [[79.8719673, 6.8455464], [79.8721263, 6.8456743], [79.872314, 6.8457861], [79.8725837, 6.8459621]]}}, {"type": "Feature", "properties": {"osm_id": 1084636080, "highway": "residential", "name": "", "access": null, "foot": null, "oneway": null}, "geometry": {"type": "LineString", "coordinates": [[79.8724642, 6.8460777], [79.8725837, 6.8459621], [79.8726238, 6.8459233], [79.8728274, 6.8457136]]}}, {"type": "Feature", "properties": {"osm_id": 1085199449, "highway": "secondary", "name": "", "access": null, "foot": null, "oneway": "yes"}, "geometry": {"type": "LineString", "coordinates": [[79.8659029, 6.8513137], [79.8658984, 6.8515156], [79.865895, 6.8516703], [79.8658814, 6.8518203], [79.8658659, 6.8519684], [79.865757, 6.853013], [79.8657584, 6.8530956]]}}, {"type": "Feature", "properties": {"osm_id": 1085199450, "highway": "secondary", "name": "", "access": null, "foot": null, "oneway": "yes"}, "geometry": {"type": "LineString", "coordinates": [[79.8660728, 6.8511535], [79.8660727, 6.8511238], [79.8660723, 6.8508955], [79.8660719, 6.8507116], [79.8660606, 6.8501896], [79.8660509, 6.8496267], [79.8660385, 6.8494834]]}}, {"type": "Feature", "properties": {"osm_id": 1085199451, "highway": "secondary", "name": "", "access": null, "foot": null, "oneway": "yes"}, "geometry": {"type": "LineString", "coordinates": [[79.8659109, 6.8510604], [79.865909, 6.8511212], [79.8659029, 6.8513137]]}}, {"type": "Feature", "properties": {"osm_id": 1089419314, "highway": "residential", "name": "", "access": null, "foot": null, "oneway": null}, "geometry": {"type": "LineString", "coordinates": [[79.871956, 6.8161004], [79.8718343, 6.8165905]]}}, {"type": "Feature", "properties": {"osm_id": 1089419316, "highway": "residential", "name": "", "access": null, "foot": null, "oneway": null}, "geometry": {"type": "LineString", "coordinates": [[79.874651, 6.8169802], [79.8742993, 6.816555]]}}, {"type": "Feature", "properties": {"osm_id": 1089419317, "highway": "service", "name": "", "access": null, "foot": null, "oneway": null}, "geometry": {"type": "LineString", "coordinates": [[79.8708019, 6.8172829], [79.8704982, 6.8173449]]}}, {"type": "Feature", "properties": {"osm_id": 1089419318, "highway": "residential", "name": "", "access": null, "foot": null, "oneway": null}, "geometry": {"type": "LineString", "coordinates": [[79.8705112, 6.814949], [79.870297, 6.8149459], [79.8702434, 6.8149439], [79.8702226, 6.8149359], [79.8701457, 6.8148578]]}}, {"type": "Feature", "properties": {"osm_id": 1095303370, "highway": "residential", "name": "", "access": null, "foot": null, "oneway": null}, "geometry": {"type": "LineString", "coordinates": [[79.8699275, 6.826458], [79.8696926, 6.8264046], [79.8694962, 6.8263299]]}}, {"type": "Feature", "properties": {"osm_id": 1095303371, "highway": "service", "name": "", "access": null, "foot": null, "oneway": null}, "geometry": {"type": "LineString", "coordinates": [[79.8683938, 6.8276094], [79.8681664, 6.8275247], [79.8681484, 6.8275054], [79.8681395, 6.8274787], [79.8682649, 6.8270088]]}}, {"type": "Feature", "properties": {"osm_id": 1095303372, "highway": "service", "name": "", "access": null, "foot": null, "oneway": null}, "geometry": {"type": "LineString", "coordinates": [[79.8665415, 6.8274133], [79.8665319, 6.8270735]]}}, {"type": "Feature", "properties": {"osm_id": 1095303373, "highway": "living_street", "name": "", "access": null, "foot": null, "oneway": null}, "geometry": {"type": "LineString", "coordinates": [[79.8656123, 6.8299122], [79.8656362, 6.8299538], [79.8656775, 6.8302206]]}}, {"type": "Feature", "properties": {"osm_id": 1095303374, "highway": "residential", "name": "", "access": null, "foot": null, "oneway": null}, "geometry": {"type": "LineString", "coordinates": [[79.8699903, 6.8272395], [79.8699739, 6.8270018], [79.8699529, 6.8269468], [79.8699006, 6.8269127], [79.8692851, 6.8268195], [79.8692029, 6.8268071]]}}, {"type": "Feature", "properties": {"osm_id": 1095303375, "highway": "residential", "name": "", "access": null, "foot": null, "oneway": null}, "geometry": {"type": "LineString", "coordinates": [[79.8706105, 6.8284533], [79.8701829, 6.8284366], [79.8701471, 6.8280769]]}}, {"type": "Feature", "properties": {"osm_id": 1095303376, "highway": "residential", "name": "", "access": null, "foot": null, "oneway": null}, "geometry": {"type": "LineString", "coordinates": [[79.8696557, 6.8286482], [79.8696356, 6.8282589], [79.8696244, 6.8280858]]}}, {"type": "Feature", "properties": {"osm_id": 1095303377, "highway": "residential", "name": "", "access": null, "foot": null, "oneway": null}, "geometry": {"type": "LineString", "coordinates": [[79.8697908, 6.8296775], [79.8698144, 6.8297099], [79.8700054, 6.8297691], [79.8700444, 6.8297928], [79.870064, 6.829831]]}}, {"type": "Feature", "properties": {"osm_id": 1095303378, "highway": "residential", "name": "", "access": null, "foot": null, "oneway": null}, "geometry": {"type": "LineString", "coordinates": [[79.8692256, 6.8282478], [79.8694189, 6.8284031], [79.8694568, 6.8284574], [79.8694926, 6.8291872], [79.8695127, 6.8292227]]}}, {"type": "Feature", "properties": {"osm_id": 1095303379, "highway": "service", "name": "", "access": null, "foot": null, "oneway": null}, "geometry": {"type": "LineString", "coordinates": [[79.8689335, 6.8274688], [79.8687631, 6.8274526], [79.8685425, 6.8274027], [79.8685185, 6.8273827], [79.868509, 6.8273649], [79.8685018, 6.8273184]]}}, {"type": "Feature", "properties": {"osm_id": 1095303380, "highway": "service", "name": "", "access": null, "foot": null, "oneway": null}, "geometry": {"type": "LineString", "coordinates": [[79.8690009, 6.8273031], [79.8685973, 6.8271769], [79.8685749, 6.8271708], [79.8685531, 6.8271758], [79.8685018, 6.8273184]]}}, {"type": "Feature", "properties": {"osm_id": 1095303381, "highway": "service", "name": "", "access": null, "foot": null, "oneway": null}, "geometry": {"type": "LineString", "coordinates": [[79.8678483, 6.8285362], [79.8684506, 6.8287075]]}}, {"type": "Feature", "properties": {"osm_id": 1095303856, "highway": "residential", "name": "", "access": null, "foot": null, "oneway": null}, "geometry": {"type": "LineString", "coordinates": [[79.8675036, 6.8288796], [79.8674931, 6.8287771], [79.8674901, 6.8287489], [79.8675006, 6.8287177], [79.8675178, 6.8287088], [79.8675821, 6.8286932], [79.8675971, 6.8286813], [79.867606, 6.8286665], [79.8676315, 6.8285283], [79.8676517, 6.8284785], [79.8676734, 6.8284592], [79.8677489, 6.8284533], [79.8678584, 6.8284492]]}}, {"type": "Feature", "properties": {"osm_id": 1095794280, "highway": "residential", "name": "", "access": null, "foot": null, "oneway": null}, "geometry": {"type": "LineString", "coordinates": [[79.8677051, 6.8293036], [79.8677468, 6.8293361], [79.8677632, 6.8293822], [79.8677878, 6.8294114], [79.8678403, 6.8294351], [79.8681164, 6.8295393]]}}, {"type": "Feature", "properties": {"osm_id": 1100556018, "highway": "residential", "name": "", "access": null, "foot": null, "oneway": null}, "geometry": {"type": "LineString", "coordinates": [[79.8801857, 6.8243087], [79.8801944, 6.8242772], [79.8801783, 6.8242479], [79.8800053, 6.8241614], [79.8799986, 6.8241307], [79.8800039, 6.8240895], [79.8801222, 6.8238459]]}}, {"type": "Feature", "properties": {"osm_id": 1100556019, "highway": "residential", "name": "", "access": null, "foot": null, "oneway": null}, "geometry": {"type": "LineString", "coordinates": [[79.8794876, 6.8234503], [79.8797575, 6.8229734]]}}, {"type": "Feature", "properties": {"osm_id": 1103798296, "highway": "residential", "name": "", "access": null, "foot": null, "oneway": null}, "geometry": {"type": "LineString", "coordinates": [[79.8695198, 6.8520137], [79.8695708, 6.8521082], [79.8695909, 6.8521249], [79.8696131, 6.8521275], [79.8699485, 6.8520683]]}}, {"type": "Feature", "properties": {"osm_id": 1103798297, "highway": "residential", "name": "", "access": null, "foot": null, "oneway": null}, "geometry": {"type": "LineString", "coordinates": [[79.8693562, 6.8478429], [79.869369, 6.848328], [79.869367, 6.8483693], [79.8693341, 6.8484525], [79.8693267, 6.8484905], [79.8693328, 6.8488367]]}}, {"type": "Feature", "properties": {"osm_id": 1103798298, "highway": "residential", "name": "Granvilles Lane", "access": null, "foot": null, "oneway": null}, "geometry": {"type": "LineString", "coordinates": [[79.8664688, 6.8487002], [79.8662467, 6.8486773], [79.8660549, 6.8486575]]}}, {"type": "Feature", "properties": {"osm_id": 1104877250, "highway": "residential", "name": "", "access": null, "foot": null, "oneway": null}, "geometry": {"type": "LineString", "coordinates": [[79.8642949, 6.8331145], [79.8647341, 6.8331429]]}}, {"type": "Feature", "properties": {"osm_id": 1105104857, "highway": "footway", "name": "", "access": null, "foot": null, "oneway": null}, "geometry": {"type": "LineString", "coordinates": [[79.8660731, 6.846552], [79.8661441, 6.8465573]]}}, {"type": "Feature", "properties": {"osm_id": 1105104858, "highway": "footway", "name": "", "access": null, "foot": null, "oneway": null}, "geometry": {"type": "LineString", "coordinates": [[79.8663108, 6.8443201], [79.8663795, 6.8443264]]}}, {"type": "Feature", "properties": {"osm_id": 1105104859, "highway": "footway", "name": "", "access": null, "foot": null, "oneway": null}, "geometry": {"type": "LineString", "coordinates": [[79.8668096, 6.8421019], [79.8668796, 6.8421261]]}}, {"type": "Feature", "properties": {"osm_id": 1105724008, "highway": "service", "name": "", "access": null, "foot": null, "oneway": null}, "geometry": {"type": "LineString", "coordinates": [[79.8639093, 6.835344], [79.8639451, 6.8350643]]}}, {"type": "Feature", "properties": {"osm_id": 1105724009, "highway": "service", "name": "", "access": null, "foot": null, "oneway": null}, "geometry": {"type": "LineString", "coordinates": [[79.8649701, 6.8353174], [79.865243, 6.8354107]]}}, {"type": "Feature", "properties": {"osm_id": 1116233567, "highway": "residential", "name": "", "access": null, "foot": null, "oneway": null}, "geometry": {"type": "LineString", "coordinates": [[79.8782548, 6.8534683], [79.8786253, 6.8532747]]}}, {"type": "Feature", "properties": {"osm_id": 1116233568, "highway": "residential", "name": "", "access": null, "foot": null, "oneway": null}, "geometry": {"type": "LineString", "coordinates": [[79.8781837, 6.8529635], [79.8782444, 6.8529538], [79.8783061, 6.8529325], [79.8786199, 6.8528459]]}}, {"type": "Feature", "properties": {"osm_id": 1116233569, "highway": "residential", "name": "", "access": null, "foot": null, "oneway": null}, "geometry": {"type": "LineString", "coordinates": [[79.8780497, 6.8525435], [79.8784442, 6.8524198]]}}, {"type": "Feature", "properties": {"osm_id": 1116233570, "highway": "residential", "name": "", "access": null, "foot": null, "oneway": null}, "geometry": {"type": "LineString", "coordinates": [[79.8779534, 6.8523545], [79.8782082, 6.852256], [79.8784013, 6.8521961]]}}, {"type": "Feature", "properties": {"osm_id": 1116233571, "highway": "residential", "name": "", "access": null, "foot": null, "oneway": null}, "geometry": {"type": "LineString", "coordinates": [[79.8778898, 6.8522555], [79.8781659, 6.8521442], [79.878465, 6.8520357]]}}, {"type": "Feature", "properties": {"osm_id": 1116237384, "highway": "residential", "name": "", "access": null, "foot": null, "oneway": null}, "geometry": {"type": "LineString", "coordinates": [[79.8768577, 6.8503719], [79.8768121, 6.850059], [79.8767727, 6.8497239]]}}, {"type": "Feature", "properties": {"osm_id": 1116237385, "highway": "service", "name": "", "access": null, "foot": null, "oneway": null}, "geometry": {"type": "LineString", "coordinates": [[79.8776141, 6.8491056], [79.8776168, 6.8492082], [79.8776007, 6.8492534], [79.8775363, 6.8493187], [79.8775135, 6.8493453], [79.8775095, 6.8493813], [79.8776041, 6.8496046]]}}, {"type": "Feature", "properties": {"osm_id": 1116237386, "highway": "residential", "name": "", "access": null, "foot": null, "oneway": null}, "geometry": {"type": "LineString", "coordinates": [[79.8768657, 6.8517434], [79.8772801, 6.8517504]]}}, {"type": "Feature", "properties": {"osm_id": 1116237387, "highway": "residential", "name": "", "access": null, "foot": null, "oneway": null}, "geometry": {"type": "LineString", "coordinates": [[79.8769435, 6.8519631], [79.8770817, 6.8519604], [79.8773037, 6.8519513]]}}, {"type": "Feature", "properties": {"osm_id": 1116237388, "highway": "residential", "name": "", "access": null, "foot": null, "oneway": null}, "geometry": {"type": "LineString", "coordinates": [[79.8765542, 6.8523084], [79.8764009, 6.8523291], [79.8763244, 6.8523383], [79.876269, 6.8523586], [79.876189, 6.8524222], [79.8758357, 6.852665]]}}, {"type": "Feature", "properties": {"osm_id": 1116237389, "highway": "residential", "name": "", "access": null, "foot": null, "oneway": null}, "geometry": {"type": "LineString", "coordinates": [[79.8804653, 6.8514811], [79.8805645, 6.8513293], [79.8807163, 6.8511312]]}}, {"type": "Feature", "properties": {"osm_id": 1117772327, "highway": "service", "name": "", "access": null, "foot": null, "oneway": null}, "geometry": {"type": "LineString", "coordinates": [[79.8689126, 6.8267605], [79.8690377, 6.8263199], [79.8690324, 6.8262746], [79.8690216, 6.8262213], [79.8687641, 6.8257513]]}}, {"type": "Feature", "properties": {"osm_id": 1117772328, "highway": "service", "name": "", "access": null, "foot": null, "oneway": null}, "geometry": {"type": "LineString", "coordinates": [[79.8692029, 6.8268071], [79.8689126, 6.8267605], [79.86828, 6.8266621], [79.8682424, 6.8266341], [79.868229, 6.8265915], [79.8682773, 6.8262267]]}}, {"type": "Feature", "properties": {"osm_id": 1122004537, "highway": "service", "name": "", "access": null, "foot": null, "oneway": null}, "geometry": {"type": "LineString", "coordinates": [[79.869646, 6.8259354], [79.870116, 6.8259936], [79.8706605, 6.8260376]]}}, {"type": "Feature", "properties": {"osm_id": 1122004538, "highway": "service", "name": "", "access": null, "foot": null, "oneway": null}, "geometry": {"type": "LineString", "coordinates": [[79.869927, 6.8252203], [79.8701964, 6.8253012], [79.8704023, 6.8253571], [79.8706618, 6.8254264], [79.8708791, 6.8255209]]}}, {"type": "Feature", "properties": {"osm_id": 1122004539, "highway": "residential", "name": "", "access": null, "foot": null, "oneway": null}, "geometry": {"type": "LineString", "coordinates": [[79.8690679, 6.8288206], [79.8685549, 6.8286519]]}}, {"type": "Feature", "properties": {"osm_id": 1122004540, "highway": "service", "name": "", "access": null, "foot": null, "oneway": null}, "geometry": {"type": "LineString", "coordinates": [[79.8694554, 6.8262458], [79.8691007, 6.8261295]]}}, {"type": "Feature", "properties": {"osm_id": 1122214956, "highway": "residential", "name": "", "access": null, "foot": null, "oneway": null}, "geometry": {"type": "LineString", "coordinates": [[79.8785999, 6.8427121], [79.877886, 6.8427022], [79.8778756, 6.8427041], [79.8778679, 6.8427086]]}}, {"type": "Feature", "properties": {"osm_id": 1122214957, "highway": "service", "name": "", "access": null, "foot": null, "oneway": null}, "geometry": {"type": "LineString", "coordinates": [[79.8772721, 6.8438014], [79.8778434, 6.8440032]]}}, {"type": "Feature", "properties": {"osm_id": 1122214958, "highway": "residential", "name": "", "access": null, "foot": null, "oneway": null}, "geometry": {"type": "LineString", "coordinates": [[79.8772357, 6.8439674], [79.8773268, 6.8439851], [79.8778605, 6.8441928]]}}, {"type": "Feature", "properties": {"osm_id": 1122214959, "highway": "service", "name": "", "access": null, "foot": null, "oneway": null}, "geometry": {"type": "LineString", "coordinates": [[79.8781908, 6.8459872], [79.878003, 6.8460218], [79.8779882, 6.8460111], [79.8779842, 6.8459978], [79.8781452, 6.8454466]]}}, {"type": "Feature", "properties": {"osm_id": 1123505273, "highway": "service", "name": "", "access": null, "foot": null, "oneway": null}, "geometry": {"type": "LineString", "coordinates": [[79.8657788, 6.8448088], [79.8651549, 6.8447662]]}}, {"type": "Feature", "properties": {"osm_id": 1123505274, "highway": "service", "name": "", "access": null, "foot": null, "oneway": null}, "geometry": {"type": "LineString", "coordinates": [[79.8633796, 6.8418407], [79.8635834, 6.841862], [79.8636155, 6.8419082]]}}, {"type": "Feature", "properties": {"osm_id": 1133685128, "highway": "residential", "name": "", "access": null, "foot": null, "oneway": null}, "geometry": {"type": "LineString", "coordinates": [[79.8782268, 6.8473997], [79.8780253, 6.8472914], [79.8776448, 6.8470683]]}}, {"type": "Feature", "properties": {"osm_id": 1133685129, "highway": "residential", "name": "", "access": null, "foot": null, "oneway": null}, "geometry": {"type": "LineString", "coordinates": [[79.8765394, 6.8467003], [79.8771678, 6.8467233]]}}, {"type": "Feature", "properties": {"osm_id": 1137580711, "highway": "footway", "name": "", "access": null, "foot": null, "oneway": null}, "geometry": {"type": "LineString", "coordinates": [[79.8671287, 6.8410435], [79.8672004, 6.8410648]]}}, {"type": "Feature", "properties": {"osm_id": 1137580712, "highway": "footway", "name": "", "access": null, "foot": null, "oneway": null}, "geometry": {"type": "LineString", "coordinates": [[79.8674808, 6.8390832], [79.8675518, 6.8390858]]}}, {"type": "Feature", "properties": {"osm_id": 1137580714, "highway": "footway", "name": "", "access": null, "foot": null, "oneway": null}, "geometry": {"type": "LineString", "coordinates": [[79.8716722, 6.8221321], [79.8717282, 6.822172]]}}, {"type": "Feature", "properties": {"osm_id": 1137580715, "highway": "footway", "name": "", "access": null, "foot": null, "oneway": null}, "geometry": {"type": "LineString", "coordinates": [[79.8695687, 6.8259482], [79.86963, 6.8259739]]}}, {"type": "Feature", "properties": {"osm_id": 1137580716, "highway": "footway", "name": "", "access": null, "foot": null, "oneway": null}, "geometry": {"type": "LineString", "coordinates": [[79.8673239, 6.8327924], [79.8673879, 6.8327916]]}}, {"type": "Feature", "properties": {"osm_id": 1137580717, "highway": "footway", "name": "", "access": null, "foot": null, "oneway": null}, "geometry": {"type": "LineString", "coordinates": [[79.8678026, 6.8303742], [79.8678794, 6.8304018]]}}, {"type": "Feature", "properties": {"osm_id": 1137580718, "highway": "footway", "name": "", "access": null, "foot": null, "oneway": null}, "geometry": {"type": "LineString", "coordinates": [[79.8689151, 6.8275184], [79.8689785, 6.8275398]]}}, {"type": "Feature", "properties": {"osm_id": 1140673360, "highway": "secondary_link", "name": "", "access": null, "foot": null, "oneway": "yes"}, "geometry": {"type": "LineString", "coordinates": [[79.8659972, 6.8519824], [79.8659822, 6.8519532], [79.8659688, 6.8519397], [79.8659399, 6.8519361], [79.8659158, 6.8519343], [79.8658894, 6.8519397], [79.8658659, 6.8519684]]}}, {"type": "Feature", "properties": {"osm_id": 1140673361, "highway": "secondary_link", "name": "", "access": null, "foot": null, "oneway": "yes"}, "geometry": {"type": "LineString", "coordinates": [[79.8659165, 6.8508996], [79.8659423, 6.8509174], [79.8659723, 6.850931], [79.8659952, 6.8509324], [79.8660238, 6.8509282], [79.8660496, 6.8509196], [79.8660723, 6.8508955]]}}, {"type": "Feature", "properties": {"osm_id": 1152327502, "highway": "service", "name": "", "access": null, "foot": null, "oneway": null}, "geometry": {"type": "LineString", "coordinates": [[79.8720405, 6.8259423], [79.8724321, 6.8260216]]}}, {"type": "Feature", "properties": {"osm_id": 1152327503, "highway": "service", "name": "", "access": null, "foot": null, "oneway": null}, "geometry": {"type": "LineString", "coordinates": [[79.8716502, 6.8257979], [79.8720738, 6.8258604]]}}, {"type": "Feature", "properties": {"osm_id": 1152327504, "highway": "service", "name": "", "access": null, "foot": null, "oneway": null}, "geometry": {"type": "LineString", "coordinates": [[79.8722235, 6.8249963], [79.8724624, 6.8250367], [79.8726641, 6.8250708]]}}, {"type": "Feature", "properties": {"osm_id": 1152327505, "highway": "residential", "name": "", "access": null, "foot": null, "oneway": null}, "geometry": {"type": "LineString", "coordinates": [[79.872538, 6.8238751], [79.8726185, 6.8239403], [79.8726641, 6.8239749], [79.8727646, 6.8240255], [79.8731104, 6.8240791]]}}, {"type": "Feature", "properties": {"osm_id": 1152327506, "highway": "residential", "name": "", "access": null, "foot": null, "oneway": null}, "geometry": {"type": "LineString", "coordinates": [[79.8717143, 6.8240255], [79.8719332, 6.8240109], [79.8719667, 6.8240029], [79.8719935, 6.8239763], [79.8720579, 6.8239084], [79.8721142, 6.8237472]]}}, {"type": "Feature", "properties": {"osm_id": 1152327507, "highway": "residential", "name": "", "access": null, "foot": null, "oneway": null}, "geometry": {"type": "LineString", "coordinates": [[79.8713364, 6.8243278], [79.8714355, 6.8239523]]}}, {"type": "Feature", "properties": {"osm_id": 1152327508, "highway": "service", "name": "", "access": null, "foot": null, "oneway": null}, "geometry": {"type": "LineString", "coordinates": [[79.8702472, 6.8243559], [79.8708938, 6.8245635]]}}, {"type": "Feature", "properties": {"osm_id": 1152327509, "highway": "service", "name": "", "access": null, "foot": null, "oneway": null}, "geometry": {"type": "LineString", "coordinates": [[79.8702018, 6.8212944], [79.8701347, 6.8216113], [79.8701388, 6.8216366], [79.8701549, 6.8216566], [79.8703864, 6.8217761]]}}, {"type": "Feature", "properties": {"osm_id": 1152327510, "highway": "service", "name": "", "access": null, "foot": null, "oneway": null}, "geometry": {"type": "LineString", "coordinates": [[79.8695272, 6.8237912], [79.8696345, 6.8238231], [79.8696721, 6.8238111], [79.869711, 6.8238125], [79.870326, 6.8240453]]}}, {"type": "Feature", "properties": {"osm_id": 1152327511, "highway": "service", "name": "", "access": null, "foot": null, "oneway": null}, "geometry": {"type": "LineString", "coordinates": [[79.8691396, 6.8245981], [79.8691946, 6.824666], [79.8692845, 6.8246953], [79.8699485, 6.8249094]]}}, {"type": "Feature", "properties": {"osm_id": 1174202882, "highway": "residential", "name": "", "access": null, "foot": null, "oneway": null}, "geometry": {"type": "LineString", "coordinates": [[79.8789888, 6.8219285], [79.8795399, 6.8222385]]}}, {"type": "Feature", "properties": {"osm_id": 1181938569, "highway": "residential", "name": "", "access": null, "foot": null, "oneway": null}, "geometry": {"type": "LineString", "coordinates": [[79.8638879, 6.8518646], [79.8635132, 6.8517872]]}}, {"type": "Feature", "properties": {"osm_id": 1181938570, "highway": "residential", "name": "", "access": null, "foot": null, "oneway": null}, "geometry": {"type": "LineString", "coordinates": [[79.8627748, 6.850067], [79.8633466, 6.850167]]}}, {"type": "Feature", "properties": {"osm_id": 1184390888, "highway": "residential", "name": "", "access": null, "foot": null, "oneway": null}, "geometry": {"type": "LineString", "coordinates": [[79.8633662, 6.8398541], [79.863904, 6.8399326], [79.8639777, 6.8399526], [79.8640005, 6.8399746], [79.8640092, 6.8400092], [79.8640019, 6.8401044], [79.8640139, 6.840125], [79.8640394, 6.8401363], [79.864636, 6.840202]]}}, {"type": "Feature", "properties": {"osm_id": 1201003164, "highway": "tertiary", "name": "", "access": null, "foot": null, "oneway": null}, "geometry": {"type": "LineString", "coordinates": [[79.8671242, 6.8413361], [79.86704, 6.8413086]]}}, {"type": "Feature", "properties": {"osm_id": 1201225801, "highway": "residential", "name": "", "access": null, "foot": null, "oneway": null}, "geometry": {"type": "LineString", "coordinates": [[79.8716998, 6.8512973], [79.8716958, 6.8516116], [79.8717065, 6.8516329], [79.8717535, 6.8516475], [79.8720515, 6.8516632]]}}, {"type": "Feature", "properties": {"osm_id": 1201225802, "highway": "residential", "name": "", "access": null, "foot": null, "oneway": null}, "geometry": {"type": "LineString", "coordinates": [[79.8710749, 6.8514031], [79.8708455, 6.8514578]]}}, {"type": "Feature", "properties": {"osm_id": 1201225803, "highway": "residential", "name": "", "access": null, "foot": null, "oneway": null}, "geometry": {"type": "LineString", "coordinates": [[79.8710686, 6.8517335], [79.8708395, 6.8517394]]}}, {"type": "Feature", "properties": {"osm_id": 1201225804, "highway": "service", "name": "", "access": null, "foot": null, "oneway": null}, "geometry": {"type": "LineString", "coordinates": [[79.8691101, 6.8503839], [79.8691228, 6.850748]]}}, {"type": "Feature", "properties": {"osm_id": 1201225805, "highway": "service", "name": "", "access": null, "foot": null, "oneway": null}, "geometry": {"type": "LineString", "coordinates": [[79.8687614, 6.8504798], [79.868977, 6.8504446]]}}, {"type": "Feature", "properties": {"osm_id": 1201226087, "highway": "service", "name": "", "access": null, "foot": null, "oneway": null}, "geometry": {"type": "LineString", "coordinates": [[79.8701119, 6.8509045], [79.8700374, 6.8505715]]}}, {"type": "Feature", "properties": {"osm_id": 1201226088, "highway": "service", "name": "", "access": null, "foot": null, "oneway": null}, "geometry": {"type": "LineString", "coordinates": [[79.8702903, 6.8509684], [79.8701906, 6.8505415]]}}, {"type": "Feature", "properties": {"osm_id": 1201226089, "highway": "service", "name": "", "access": null, "foot": null, "oneway": null}, "geometry": {"type": "LineString", "coordinates": [[79.8688567, 6.8505357], [79.8688615, 6.8508011]]}}, {"type": "Feature", "properties": {"osm_id": 1219443909, "highway": "residential", "name": "", "access": null, "foot": null, "oneway": null}, "geometry": {"type": "LineString", "coordinates": [[79.877006, 6.8381709], [79.8772708, 6.8381603]]}}, {"type": "Feature", "properties": {"osm_id": 1219443910, "highway": "residential", "name": "", "access": null, "foot": null, "oneway": null}, "geometry": {"type": "LineString", "coordinates": [[79.8764671, 6.8381951], [79.8767075, 6.8381843]]}}, {"type": "Feature", "properties": {"osm_id": 1219443911, "highway": "residential", "name": "", "access": null, "foot": null, "oneway": null}, "geometry": {"type": "LineString", "coordinates": [[79.8758824, 6.8382109], [79.8762622, 6.8382003]]}}, {"type": "Feature", "properties": {"osm_id": 1219443912, "highway": "residential", "name": "", "access": null, "foot": null, "oneway": null}, "geometry": {"type": "LineString", "coordinates": [[79.8764447, 6.837633], [79.8766847, 6.8376263]]}}, {"type": "Feature", "properties": {"osm_id": 1219443913, "highway": "residential", "name": "", "access": null, "foot": null, "oneway": null}, "geometry": {"type": "LineString", "coordinates": [[79.8758855, 6.8376676], [79.8763025, 6.837641]]}}, {"type": "Feature", "properties": {"osm_id": 1219443914, "highway": "residential", "name": "", "access": null, "foot": null, "oneway": null}, "geometry": {"type": "LineString", "coordinates": [[79.8784819, 6.8390784], [79.8779963, 6.8390724]]}}, {"type": "Feature", "properties": {"osm_id": 1219443915, "highway": "residential", "name": "", "access": null, "foot": null, "oneway": null}, "geometry": {"type": "LineString", "coordinates": [[79.8783034, 6.8386437], [79.8780741, 6.8386656]]}}, {"type": "Feature", "properties": {"osm_id": 1219443916, "highway": "residential", "name": "", "access": null, "foot": null, "oneway": null}, "geometry": {"type": "LineString", "coordinates": [[79.8784496, 6.8388629], [79.8780352, 6.838882]]}}, {"type": "Feature", "properties": {"osm_id": 1219443917, "highway": "residential", "name": "", "access": null, "foot": null, "oneway": null}, "geometry": {"type": "LineString", "coordinates": [[79.8779386, 6.8383507], [79.8777938, 6.837412]]}}, {"type": "Feature", "properties": {"osm_id": 1219443918, "highway": "residential", "name": "", "access": null, "foot": null, "oneway": null}, "geometry": {"type": "LineString", "coordinates": [[79.8778029, 6.8405563], [79.8776972, 6.8402455], [79.8776704, 6.8402056], [79.877547, 6.840163], [79.8774987, 6.8401443], [79.8773968, 6.8400032]]}}, {"type": "Feature", "properties": {"osm_id": 1233448645, "highway": "service", "name": "", "access": null, "foot": null, "oneway": null}, "geometry": {"type": "LineString", "coordinates": [[79.872805, 6.817669], [79.8723664, 6.8183239]]}}, {"type": "Feature", "properties": {"osm_id": 1233451616, "highway": "service", "name": "", "access": null, "foot": null, "oneway": null}, "geometry": {"type": "LineString", "coordinates": [[79.8721452, 6.8254328], [79.8723496, 6.8254547], [79.8724021, 6.8254585], [79.8724317, 6.8254606], [79.8724638, 6.8254746], [79.8724819, 6.825515], [79.8724986, 6.8255442], [79.872522, 6.8255681], [79.87255, 6.825586], [79.8725855, 6.8256013], [79.8726229, 6.8256079], [79.872675, 6.8256152]]}}, {"type": "Feature", "properties": {"osm_id": 1239656352, "highway": "residential", "name": "", "access": null, "foot": null, "oneway": null}, "geometry": {"type": "LineString", "coordinates": [[79.8758853, 6.8376146], [79.8753741, 6.8376539]]}}, {"type": "Feature", "properties": {"osm_id": 1239656353, "highway": "residential", "name": "", "access": null, "foot": null, "oneway": null}, "geometry": {"type": "LineString", "coordinates": [[79.8758861, 6.8378166], [79.8754795, 6.8378464]]}}, {"type": "Feature", "properties": {"osm_id": 1239656354, "highway": "residential", "name": "", "access": null, "foot": null, "oneway": null}, "geometry": {"type": "LineString", "coordinates": [[79.8758846, 6.8374192], [79.875645, 6.8374305], [79.875095, 6.8374717]]}}, {"type": "Feature", "properties": {"osm_id": 1239656355, "highway": "residential", "name": "", "access": null, "foot": null, "oneway": null}, "geometry": {"type": "LineString", "coordinates": [[79.8755448, 6.8383005], [79.8753981, 6.8383897], [79.8750989, 6.8385745]]}}, {"type": "Feature", "properties": {"osm_id": 1239656356, "highway": "residential", "name": "", "access": null, "foot": null, "oneway": null}, "geometry": {"type": "LineString", "coordinates": [[79.8750989, 6.8385745], [79.8748368, 6.8387295], [79.8747094, 6.8387984]]}}, {"type": "Feature", "properties": {"osm_id": 1239656357, "highway": "residential", "name": "", "access": null, "foot": null, "oneway": null}, "geometry": {"type": "LineString", "coordinates": [[79.8749951, 6.8384122], [79.8748325, 6.8385061], [79.874606, 6.8386452]]}}, {"type": "Feature", "properties": {"osm_id": 1239656358, "highway": "residential", "name": "", "access": null, "foot": null, "oneway": null}, "geometry": {"type": "LineString", "coordinates": [[79.8748005, 6.8389878], [79.874678, 6.838816], [79.8745807, 6.8386599], [79.8744949, 6.8385224]]}}, {"type": "Feature", "properties": {"osm_id": 1239656359, "highway": "residential", "name": "", "access": null, "foot": null, "oneway": null}, "geometry": {"type": "LineString", "coordinates": [[79.8747094, 6.8387984], [79.874678, 6.838816]]}}, {"type": "Feature", "properties": {"osm_id": 1239656360, "highway": "residential", "name": "", "access": null, "foot": null, "oneway": null}, "geometry": {"type": "LineString", "coordinates": [[79.874606, 6.8386452], [79.8745807, 6.8386599]]}}, {"type": "Feature", "properties": {"osm_id": 1239656361, "highway": "residential", "name": "", "access": null, "foot": null, "oneway": null}, "geometry": {"type": "LineString", "coordinates": [[79.8743103, 6.838805], [79.8743291, 6.8387487], [79.8743587, 6.8386599], [79.8744135, 6.8385741]]}}, {"type": "Feature", "properties": {"osm_id": 1239656362, "highway": "residential", "name": "", "access": null, "foot": null, "oneway": null}, "geometry": {"type": "LineString", "coordinates": [[79.8742691, 6.8386419], [79.8743291, 6.8387487]]}}, {"type": "Feature", "properties": {"osm_id": 1239656363, "highway": "residential", "name": "", "access": null, "foot": null, "oneway": null}, "geometry": {"type": "LineString", "coordinates": [[79.8741788, 6.8388722], [79.8742493, 6.8389749]]}}, {"type": "Feature", "properties": {"osm_id": 1239656364, "highway": "residential", "name": "", "access": null, "foot": null, "oneway": null}, "geometry": {"type": "LineString", "coordinates": [[79.8741119, 6.8391194], [79.874166, 6.8391915]]}}, {"type": "Feature", "properties": {"osm_id": 1239656365, "highway": "residential", "name": "", "access": null, "foot": null, "oneway": null}, "geometry": {"type": "LineString", "coordinates": [[79.8739702, 6.8392848], [79.874048, 6.8394106]]}}, {"type": "Feature", "properties": {"osm_id": 1239656366, "highway": "residential", "name": "", "access": null, "foot": null, "oneway": null}, "geometry": {"type": "LineString", "coordinates": [[79.8737606, 6.8393147], [79.8738899, 6.8395334]]}}, {"type": "Feature", "properties": {"osm_id": 1241719079, "highway": "residential", "name": "", "access": null, "foot": null, "oneway": null}, "geometry": {"type": "LineString", "coordinates": [[79.8765339, 6.8416379], [79.8766404, 6.841664], [79.8767588, 6.8416836], [79.8769043, 6.8417072], [79.8770803, 6.8417415], [79.8771903, 6.8417635]]}}, {"type": "Feature", "properties": {"osm_id": 1241719099, "highway": "residential", "name": "", "access": null, "foot": null, "oneway": null}, "geometry": {"type": "LineString", "coordinates": [[79.8765963, 6.8413922], [79.8765204, 6.8413514], [79.8764057, 6.8411943], [79.8763065, 6.8410085], [79.8761724, 6.8407648], [79.8761187, 6.8406656]]}}, {"type": "Feature", "properties": {"osm_id": 1245181594, "highway": "service", "name": "", "access": null, "foot": null, "oneway": null}, "geometry": {"type": "LineString", "coordinates": [[79.8803813, 6.8157904], [79.8799865, 6.8164859]]}}, {"type": "Feature", "properties": {"osm_id": 1245202007, "highway": "residential", "name": "", "access": null, "foot": null, "oneway": null}, "geometry": {"type": "LineString", "coordinates": [[79.8688303, 6.8478211], [79.8688889, 6.84738]]}}, {"type": "Feature", "properties": {"osm_id": 1245412313, "highway": "residential", "name": "", "access": null, "foot": null, "oneway": null}, "geometry": {"type": "LineString", "coordinates": [[79.8765963, 6.8413922], [79.8773606, 6.8415145]]}}, {"type": "Feature", "properties": {"osm_id": 1245413693, "highway": "living_street", "name": "", "access": null, "foot": null, "oneway": null}, "geometry": {"type": "LineString", "coordinates": [[79.8639229, 6.8385186], [79.8638181, 6.8392256], [79.8638195, 6.8392575], [79.8638315, 6.8392848], [79.8638666, 6.8393137]]}}, {"type": "Feature", "properties": {"osm_id": 1265752039, "highway": "residential", "name": "", "access": null, "foot": null, "oneway": null}, "geometry": {"type": "LineString", "coordinates": [[79.8772606, 6.833509], [79.8772222, 6.833481]]}}, {"type": "Feature", "properties": {"osm_id": 1265752040, "highway": "residential", "name": "", "access": null, "foot": null, "oneway": null}, "geometry": {"type": "LineString", "coordinates": [[79.8772913, 6.8335313], [79.8772606, 6.833509]]}}, {"type": "Feature", "properties": {"osm_id": 1265752041, "highway": "residential", "name": "", "access": null, "foot": null, "oneway": null}, "geometry": {"type": "LineString", "coordinates": [[79.8759468, 6.8348157], [79.8759677, 6.834845]]}}, {"type": "Feature", "properties": {"osm_id": 1265752042, "highway": "residential", "name": "", "access": null, "foot": null, "oneway": null}, "geometry": {"type": "LineString", "coordinates": [[79.8759231, 6.8347832], [79.8759468, 6.8348157]]}}, {"type": "Feature", "properties": {"osm_id": 1265752043, "highway": "residential", "name": "", "access": null, "foot": null, "oneway": null}, "geometry": {"type": "LineString", "coordinates": [[79.8780149, 6.8327838], [79.8780525, 6.8327918], [79.8805367, 6.8331169]]}}, {"type": "Feature", "properties": {"osm_id": 1265752044, "highway": "residential", "name": "", "access": null, "foot": null, "oneway": null}, "geometry": {"type": "LineString", "coordinates": [[79.8779542, 6.8327734], [79.8780149, 6.8327838]]}}, {"type": "Feature", "properties": {"osm_id": 1265752045, "highway": "residential", "name": "Canal Road", "access": null, "foot": null, "oneway": null}, "geometry": {"type": "LineString", "coordinates": [[79.8779889, 6.8367109], [79.8779113, 6.8367338], [79.8775281, 6.8368356], [79.877094, 6.8369237], [79.8758807, 6.8371912], [79.8755509, 6.8372464], [79.87536, 6.8370365], [79.8749501, 6.8363516], [79.8748991, 6.8363113], [79.8748221, 6.8362708], [79.8747671, 6.8362708], [79.8744974, 6.8363997], [79.8744149, 6.8364654], [79.8742905, 6.8366642], [79.8742597, 6.8367877], [79.8742201, 6.8371735], [79.8741441, 6.8373833], [79.8740814, 6.8380717], [79.8740217, 6.8382363], [79.8739313, 6.8384775], [79.8738141, 6.8386556], [79.8736643, 6.8387692], [79.8735604, 6.8388146], [79.8735305, 6.8388598], [79.8735193, 6.8390002], [79.87349, 6.8391175], [79.8734324, 6.8391884]]}}, {"type": "Feature", "properties": {"osm_id": 1265752046, "highway": "residential", "name": "Canal Road", "access": null, "foot": null, "oneway": null}, "geometry": {"type": "LineString", "coordinates": [[79.8780533, 6.8366896], [79.8779889, 6.8367109]]}}, {"type": "Feature", "properties": {"osm_id": 1265752047, "highway": "residential", "name": "1st Cross Lane", "access": null, "foot": null, "oneway": null}, "geometry": {"type": "LineString", "coordinates": [[79.8801493, 6.8358688], [79.8801668, 6.8358316]]}}, {"type": "Feature", "properties": {"osm_id": 1265752048, "highway": "residential", "name": "1st Cross Lane", "access": null, "foot": null, "oneway": null}, "geometry": {"type": "LineString", "coordinates": [[79.8801335, 6.8358993], [79.8801493, 6.8358688]]}}, {"type": "Feature", "properties": {"osm_id": 1269259144, "highway": "residential", "name": "", "access": null, "foot": null, "oneway": null}, "geometry": {"type": "LineString", "coordinates": [[79.8649567, 6.8209136], [79.8652922, 6.8210335]]}}, {"type": "Feature", "properties": {"osm_id": 1269259145, "highway": "residential", "name": "", "access": null, "foot": null, "oneway": null}, "geometry": {"type": "LineString", "coordinates": [[79.8651123, 6.8204195], [79.8654754, 6.8205591]]}}, {"type": "Feature", "properties": {"osm_id": 1269259146, "highway": "residential", "name": "", "access": null, "foot": null, "oneway": null}, "geometry": {"type": "LineString", "coordinates": [[79.8672472, 6.8187111], [79.8677125, 6.8187779]]}}, {"type": "Feature", "properties": {"osm_id": 1269259147, "highway": "residential", "name": "", "access": null, "foot": null, "oneway": null}, "geometry": {"type": "LineString", "coordinates": [[79.8686137, 6.820345], [79.8690806, 6.8204289]]}}, {"type": "Feature", "properties": {"osm_id": 1269259148, "highway": "residential", "name": "", "access": null, "foot": null, "oneway": null}, "geometry": {"type": "LineString", "coordinates": [[79.8646577, 6.8240835], [79.8648016, 6.8240942], [79.8648546, 6.8240588], [79.8648966, 6.8240094], [79.8649279, 6.8237866]]}}, {"type": "Feature", "properties": {"osm_id": 1269259149, "highway": "service", "name": "", "access": null, "foot": null, "oneway": null}, "geometry": {"type": "LineString", "coordinates": [[79.8734437, 6.8209441], [79.8736491, 6.8205913]]}}, {"type": "Feature", "properties": {"osm_id": 1269259150, "highway": "residential", "name": "", "access": null, "foot": null, "oneway": null}, "geometry": {"type": "LineString", "coordinates": [[79.8760336, 6.8225344], [79.8759846, 6.8232852]]}}, {"type": "Feature", "properties": {"osm_id": 1269259151, "highway": "residential", "name": "", "access": null, "foot": null, "oneway": null}, "geometry": {"type": "LineString", "coordinates": [[79.8744303, 6.8225035], [79.8744055, 6.8235033]]}}, {"type": "Feature", "properties": {"osm_id": 1269259152, "highway": "residential", "name": "", "access": null, "foot": null, "oneway": null}, "geometry": {"type": "LineString", "coordinates": [[79.8665856, 6.8206105], [79.8666827, 6.8206313], [79.8667082, 6.8206472], [79.8667163, 6.8206699], [79.8667136, 6.8207018], [79.8666237, 6.8212611]]}}, {"type": "Feature", "properties": {"osm_id": 1269259153, "highway": "residential", "name": "", "access": null, "foot": null, "oneway": null}, "geometry": {"type": "LineString", "coordinates": [[79.8681967, 6.8231303], [79.8683953, 6.8225914]]}}, {"type": "Feature", "properties": {"osm_id": 1269259154, "highway": "residential", "name": "", "access": null, "foot": null, "oneway": null}, "geometry": {"type": "LineString", "coordinates": [[79.8685665, 6.8238536], [79.8690082, 6.824164]]}}, {"type": "Feature", "properties": {"osm_id": 1269276832, "highway": "residential", "name": "", "access": null, "foot": null, "oneway": null}, "geometry": {"type": "LineString", "coordinates": [[79.8711701, 6.8269338], [79.8714601, 6.8269576]]}}, {"type": "Feature", "properties": {"osm_id": 1269276833, "highway": "service", "name": "", "access": null, "foot": null, "oneway": null}, "geometry": {"type": "LineString", "coordinates": [[79.8728183, 6.8290204], [79.8728387, 6.8286781]]}}, {"type": "Feature", "properties": {"osm_id": 1269276834, "highway": "residential", "name": "", "access": null, "foot": null, "oneway": null}, "geometry": {"type": "LineString", "coordinates": [[79.8701829, 6.8284366], [79.8702192, 6.8286821]]}}, {"type": "Feature", "properties": {"osm_id": 1269276835, "highway": "residential", "name": "", "access": null, "foot": null, "oneway": null}, "geometry": {"type": "LineString", "coordinates": [[79.8722416, 6.8275556], [79.8727846, 6.8276038]]}}, {"type": "Feature", "properties": {"osm_id": 1269276836, "highway": "service", "name": "", "access": null, "foot": null, "oneway": null}, "geometry": {"type": "LineString", "coordinates": [[79.8706345, 6.8281151], [79.8707664, 6.8280616], [79.8708978, 6.8280323], [79.87093, 6.8279897], [79.8709461, 6.8279311], [79.8709917, 6.8277021], [79.8710212, 6.8276675], [79.8710749, 6.8276595], [79.8711982, 6.8276781]]}}, {"type": "Feature", "properties": {"osm_id": 1269276837, "highway": "residential", "name": "", "access": null, "foot": null, "oneway": null}, "geometry": {"type": "LineString", "coordinates": [[79.870824, 6.8281902], [79.8706819, 6.8287887]]}}, {"type": "Feature", "properties": {"osm_id": 1269276838, "highway": "service", "name": "", "access": null, "foot": null, "oneway": null}, "geometry": {"type": "LineString", "coordinates": [[79.8693663, 6.8250189], [79.8698481, 6.8251833]]}}, {"type": "Feature", "properties": {"osm_id": 1269276839, "highway": "residential", "name": "", "access": null, "foot": null, "oneway": null}, "geometry": {"type": "LineString", "coordinates": [[79.8730247, 6.8245526], [79.8729725, 6.8248538], [79.8729792, 6.8248844], [79.8730101, 6.8249071], [79.8730503, 6.824915], [79.8734419, 6.8250016]]}}, {"type": "Feature", "properties": {"osm_id": 1269276840, "highway": "residential", "name": "", "access": null, "foot": null, "oneway": null}, "geometry": {"type": "LineString", "coordinates": [[79.8729792, 6.8252866], [79.8738591, 6.8253325]]}}, {"type": "Feature", "properties": {"osm_id": 1269276841, "highway": "residential", "name": "", "access": null, "foot": null, "oneway": null}, "geometry": {"type": "LineString", "coordinates": [[79.8788425, 6.8291136], [79.8792091, 6.8291775]]}}, {"type": "Feature", "properties": {"osm_id": 1285824074, "highway": "residential", "name": "", "access": null, "foot": null, "oneway": "no"}, "geometry": {"type": "LineString", "coordinates": [[79.8680752, 6.8352398], [79.8680622, 6.8352993], [79.868051, 6.8353548], [79.8680465, 6.8354057], [79.868048, 6.8354698], [79.8680526, 6.8355273], [79.8680546, 6.8355763], [79.8680551, 6.8356025]]}}, {"type": "Feature", "properties": {"osm_id": 1293557970, "highway": "service", "name": "", "access": null, "foot": null, "oneway": null}, "geometry": {"type": "LineString", "coordinates": [[79.8659222, 6.8539025], [79.8659196, 6.8538752], [79.8658928, 6.8538485], [79.8657124, 6.8538102]]}}, {"type": "Feature", "properties": {"osm_id": 1293557972, "highway": "residential", "name": "", "access": null, "foot": null, "oneway": null}, "geometry": {"type": "LineString", "coordinates": [[79.869424, 6.8537928], [79.8695728, 6.8543545]]}}, {"type": "Feature", "properties": {"osm_id": 1293671341, "highway": "residential", "name": "", "access": null, "foot": null, "oneway": null}, "geometry": {"type": "LineString", "coordinates": [[79.8744571, 6.8330564], [79.8751311, 6.8330907]]}}, {"type": "Feature", "properties": {"osm_id": 1293671342, "highway": "residential", "name": "", "access": null, "foot": null, "oneway": null}, "geometry": {"type": "LineString", "coordinates": [[79.8748027, 6.8342062], [79.8741755, 6.8341962]]}}, {"type": "Feature", "properties": {"osm_id": 1293671343, "highway": "residential", "name": "", "access": null, "foot": null, "oneway": null}, "geometry": {"type": "LineString", "coordinates": [[79.8770937, 6.8353301], [79.8772372, 6.8353141], [79.8774049, 6.8352748], [79.8774397, 6.8352528], [79.8774531, 6.8351969], [79.877478, 6.8349739], [79.8774806, 6.8349366], [79.877423, 6.8348414], [79.8771172, 6.8346023], [79.876851, 6.8343999], [79.8767652, 6.8343633], [79.8767048, 6.834394], [79.8765063, 6.8346257]]}}, {"type": "Feature", "properties": {"osm_id": 1293671344, "highway": "residential", "name": "", "access": null, "foot": null, "oneway": null}, "geometry": {"type": "LineString", "coordinates": [[79.8763823, 6.8347235], [79.8770866, 6.8354356]]}}, {"type": "Feature", "properties": {"osm_id": 1293671345, "highway": "residential", "name": "", "access": null, "foot": null, "oneway": null}, "geometry": {"type": "LineString", "coordinates": [[79.8770139, 6.8358507], [79.8762123, 6.8350431], [79.8761667, 6.8350015], [79.8761623, 6.8349682], [79.8762019, 6.834881], [79.8763823, 6.8347235], [79.8764406, 6.8346583]]}}, {"type": "Feature", "properties": {"osm_id": 1293671346, "highway": "residential", "name": "", "access": null, "foot": null, "oneway": null}, "geometry": {"type": "LineString", "coordinates": [[79.8763101, 6.8345067], [79.8764406, 6.8346583], [79.8765063, 6.8346257], [79.8766156, 6.8346629], [79.8770669, 6.8350118], [79.8770978, 6.8350611], [79.8770937, 6.8353301], [79.8770866, 6.8354356], [79.8770622, 6.8357968], [79.8770139, 6.8358507], [79.8765197, 6.8360611]]}}, {"type": "Feature", "properties": {"osm_id": 1293671347, "highway": "residential", "name": "", "access": null, "foot": null, "oneway": null}, "geometry": {"type": "LineString", "coordinates": [[79.8762346, 6.8361794], [79.8763226, 6.8361377], [79.8763615, 6.8360644], [79.8764178, 6.8359339], [79.8764406, 6.8358633], [79.8764299, 6.8357954], [79.8764252, 6.8357822]]}}, {"type": "Feature", "properties": {"osm_id": 1299982675, "highway": "service", "name": "", "access": null, "foot": null, "oneway": null}, "geometry": {"type": "LineString", "coordinates": [[79.8745828, 6.8414235], [79.8745369, 6.8413634], [79.87449, 6.8412955], [79.8744048, 6.8411656]]}}, {"type": "Feature", "properties": {"osm_id": 1300455388, "highway": "residential", "name": "", "access": null, "foot": null, "oneway": null}, "geometry": {"type": "LineString", "coordinates": [[79.8742228, 6.8275724], [79.8743056, 6.8276368], [79.8743921, 6.8277194], [79.8744269, 6.827744], [79.8744725, 6.8277527], [79.874557, 6.8277986], [79.8745865, 6.8278412], [79.874606, 6.8278858], [79.8746268, 6.8279484], [79.8746757, 6.8280643]]}}, {"type": "Feature", "properties": {"osm_id": 1300455389, "highway": "residential", "name": "", "access": null, "foot": null, "oneway": null}, "geometry": {"type": "LineString", "coordinates": [[79.8723979, 6.8269129], [79.8724508, 6.8266794], [79.8725058, 6.826493]]}}, {"type": "Feature", "properties": {"osm_id": 1300455390, "highway": "residential", "name": "", "access": null, "foot": null, "oneway": null}, "geometry": {"type": "LineString", "coordinates": [[79.8721072, 6.826853], [79.8721162, 6.8270183], [79.8721249, 6.8271548], [79.8721156, 6.8271788], [79.8719949, 6.8272214]]}}, {"type": "Feature", "properties": {"osm_id": 1300455391, "highway": "residential", "name": "", "access": null, "foot": null, "oneway": null}, "geometry": {"type": "LineString", "coordinates": [[79.8760139, 6.8287807], [79.8761496, 6.8288206], [79.8762475, 6.8288393]]}}, {"type": "Feature", "properties": {"osm_id": 1300455392, "highway": "residential", "name": "", "access": null, "foot": null, "oneway": null}, "geometry": {"type": "LineString", "coordinates": [[79.87604, 6.8283947], [79.8761979, 6.8284291], [79.8762864, 6.8284558]]}}, {"type": "Feature", "properties": {"osm_id": 1300455393, "highway": "residential", "name": "", "access": null, "foot": null, "oneway": null}, "geometry": {"type": "LineString", "coordinates": [[79.8743052, 6.8290377], [79.8741835, 6.8289564], [79.874099, 6.8288925], [79.8740883, 6.8288712], [79.8741581, 6.8287594]]}}, {"type": "Feature", "properties": {"osm_id": 1300455394, "highway": "residential", "name": "", "access": null, "foot": null, "oneway": null}, "geometry": {"type": "LineString", "coordinates": [[79.874323, 6.829014], [79.8744947, 6.8291109], [79.8746234, 6.8291881]]}}, {"type": "Feature", "properties": {"osm_id": 1300455395, "highway": "residential", "name": "", "access": null, "foot": null, "oneway": null}, "geometry": {"type": "LineString", "coordinates": [[79.8746022, 6.828641], [79.8748541, 6.8288313], [79.8750204, 6.8289644]]}}, {"type": "Feature", "properties": {"osm_id": 1300455396, "highway": "residential", "name": "", "access": null, "foot": null, "oneway": null}, "geometry": {"type": "LineString", "coordinates": [[79.8770442, 6.828222], [79.8770079, 6.8284451], [79.8769677, 6.8286042]]}}, {"type": "Feature", "properties": {"osm_id": 1300455397, "highway": "residential", "name": "", "access": null, "foot": null, "oneway": null}, "geometry": {"type": "LineString", "coordinates": [[79.8768224, 6.8281536], [79.8768872, 6.8279577], [79.8769378, 6.8277926]]}}, {"type": "Feature", "properties": {"osm_id": 1300540480, "highway": "service", "name": "", "access": null, "foot": null, "oneway": null}, "geometry": {"type": "LineString", "coordinates": [[79.8762645, 6.8210355], [79.876053, 6.8214529]]}}, {"type": "Feature", "properties": {"osm_id": 1331912970, "highway": "service", "name": "", "access": null, "foot": null, "oneway": null}, "geometry": {"type": "LineString", "coordinates": [[79.8668738, 6.8424686], [79.8669026, 6.8423766], [79.8669052, 6.8423365], [79.8668942, 6.8423097]]}}, {"type": "Feature", "properties": {"osm_id": 1331912971, "highway": "service", "name": "", "access": null, "foot": null, "oneway": null}, "geometry": {"type": "LineString", "coordinates": [[79.8668942, 6.8423097], [79.8668801, 6.8422866], [79.8668498, 6.8422319]]}}, {"type": "Feature", "properties": {"osm_id": 1331912972, "highway": "residential", "name": "M S Fernando Place", "access": null, "foot": null, "oneway": null}, "geometry": {"type": "LineString", "coordinates": [[79.8685572, 6.840573], [79.8685281, 6.8409952], [79.8685496, 6.8412968]]}}, {"type": "Feature", "properties": {"osm_id": 1338142230, "highway": "residential", "name": "", "access": null, "foot": null, "oneway": null}, "geometry": {"type": "LineString", "coordinates": [[79.8671159, 6.8494696], [79.8667998, 6.8494709]]}}, {"type": "Feature", "properties": {"osm_id": 1344525778, "highway": "residential", "name": "", "access": null, "foot": null, "oneway": null}, "geometry": {"type": "LineString", "coordinates": [[79.8656102, 6.8426333], [79.8656447, 6.8422109]]}}, {"type": "Feature", "properties": {"osm_id": 1347576879, "highway": "residential", "name": "", "access": null, "foot": null, "oneway": null}, "geometry": {"type": "LineString", "coordinates": [[79.8739633, 6.840329], [79.8741641, 6.8404802]]}}, {"type": "Feature", "properties": {"osm_id": 1347576880, "highway": "residential", "name": "", "access": null, "foot": null, "oneway": null}, "geometry": {"type": "LineString", "coordinates": [[79.8758849, 6.8380331], [79.8756246, 6.8380298]]}}, {"type": "Feature", "properties": {"osm_id": 1347576881, "highway": "residential", "name": "", "access": null, "foot": null, "oneway": null}, "geometry": {"type": "LineString", "coordinates": [[79.8743594, 6.8415222], [79.8744893, 6.8417209], [79.8746013, 6.8418307], [79.8747039, 6.8419459]]}}, {"type": "Feature", "properties": {"osm_id": 1362656575, "highway": "residential", "name": "", "access": null, "foot": null, "oneway": null}, "geometry": {"type": "LineString", "coordinates": [[79.8794553, 6.8477732], [79.8791604, 6.847812]]}}, {"type": "Feature", "properties": {"osm_id": 1362656576, "highway": "residential", "name": "", "access": null, "foot": null, "oneway": null}, "geometry": {"type": "LineString", "coordinates": [[79.8794299, 6.848079], [79.879031, 6.848083]]}}, {"type": "Feature", "properties": {"osm_id": 1362656577, "highway": "residential", "name": "", "access": null, "foot": null, "oneway": null}, "geometry": {"type": "LineString", "coordinates": [[79.8794521, 6.8478073], [79.8796204, 6.8478021], [79.8797263, 6.8477894], [79.8797635, 6.8477641], [79.8798165, 6.8476995]]}}, {"type": "Feature", "properties": {"osm_id": 1374129188, "highway": "residential", "name": "", "access": null, "foot": null, "oneway": null}, "geometry": {"type": "LineString", "coordinates": [[79.8675568, 6.8385851], [79.8680238, 6.8385944], [79.8681821, 6.8386144], [79.8682143, 6.838641], [79.868225, 6.8386796], [79.8682706, 6.8387076], [79.8684007, 6.8387315], [79.8684396, 6.8387875], [79.8684275, 6.8389672], [79.8684342, 6.8390897], [79.868449, 6.8391363], [79.8685321, 6.839159], [79.8686837, 6.8391696]]}}, {"type": "Feature", "properties": {"osm_id": 1390987442, "highway": "residential", "name": "", "access": null, "foot": null, "oneway": null}, "geometry": {"type": "LineString", "coordinates": [[79.8734814, 6.8409058], [79.8738912, 6.8412295]]}}, {"type": "Feature", "properties": {"osm_id": 1412794466, "highway": "residential", "name": "", "access": null, "foot": null, "oneway": null}, "geometry": {"type": "LineString", "coordinates": [[79.8678696, 6.8429939], [79.8678939, 6.8428653], [79.8679056, 6.8427923], [79.867908, 6.842754], [79.8678807, 6.8427369], [79.8678428, 6.8427209]]}}, {"type": "Feature", "properties": {"osm_id": 1412794467, "highway": "residential", "name": "", "access": null, "foot": null, "oneway": null}, "geometry": {"type": "LineString", "coordinates": [[79.8678428, 6.8427209], [79.8678297, 6.8426868], [79.8678437, 6.842572]]}}, {"type": "Feature", "properties": {"osm_id": 1416771284, "highway": "trunk", "name": "Galle Road", "access": null, "foot": null, "oneway": "yes"}, "geometry": {"type": "LineString", "coordinates": [[79.8652974, 6.8560509], [79.8654035, 6.8555436], [79.8655165, 6.8549373], [79.8655277, 6.8548727], [79.8656818, 6.8540048], [79.8656908, 6.8539345], [79.8657124, 6.8538102], [79.8657266, 6.8537288], [79.8658205, 6.8530698]]}}, {"type": "Feature", "properties": {"osm_id": 1421715911, "highway": "residential", "name": "", "access": null, "foot": null, "oneway": null}, "geometry": {"type": "LineString", "coordinates": [[79.8675994, 6.8253292], [79.8674069, 6.8255948], [79.86736, 6.8256587]]}}, {"type": "Feature", "properties": {"osm_id": 1421715912, "highway": "residential", "name": "", "access": null, "foot": null, "oneway": null}, "geometry": {"type": "LineString", "coordinates": [[79.8675518, 6.8257912], [79.8675799, 6.8257313], [79.8678075, 6.8254796]]}}, {"type": "Feature", "properties": {"osm_id": 1427163400, "highway": "residential", "name": "", "access": null, "foot": null, "oneway": null}, "geometry": {"type": "LineString", "coordinates": [[79.8800254, 6.8362562], [79.8804063, 6.8364532], [79.880685, 6.8366697]]}}, {"type": "Feature", "properties": {"osm_id": 1430215279, "highway": "residential", "name": "", "access": null, "foot": null, "oneway": null}, "geometry": {"type": "LineString", "coordinates": [[79.8719801, 6.8378849], [79.8720673, 6.8376117]]}}, {"type": "Feature", "properties": {"osm_id": 1430215280, "highway": "residential", "name": "", "access": null, "foot": null, "oneway": null}, "geometry": {"type": "LineString", "coordinates": [[79.8719546, 6.8392269], [79.8720323, 6.8387722], [79.8720525, 6.8387395], [79.8720887, 6.8386623], [79.8721115, 6.8386237], [79.8721464, 6.8386037], [79.8722751, 6.8386197]]}}, {"type": "Feature", "properties": {"osm_id": 1430215281, "highway": "residential", "name": "", "access": null, "foot": null, "oneway": null}, "geometry": {"type": "LineString", "coordinates": [[79.8724193, 6.8407748], [79.8722094, 6.8406497]]}}, {"type": "Feature", "properties": {"osm_id": 1433950538, "highway": "residential", "name": "", "access": null, "foot": null, "oneway": null}, "geometry": {"type": "LineString", "coordinates": [[79.8715375, 6.8400711], [79.8712354, 6.8399389]]}}, {"type": "Feature", "properties": {"osm_id": 1434146076, "highway": "residential", "name": "", "access": null, "foot": null, "oneway": null}, "geometry": {"type": "LineString", "coordinates": [[79.8718044, 6.8387236], [79.8720323, 6.8387722], [79.8723073, 6.8388194]]}}, {"type": "Feature", "properties": {"osm_id": 1442172526, "highway": "service", "name": "", "access": null, "foot": null, "oneway": null}, "geometry": {"type": "LineString", "coordinates": [[79.8703855, 6.8402542], [79.8701403, 6.8401212]]}}, {"type": "Feature", "properties": {"osm_id": 1442172527, "highway": "service", "name": "", "access": null, "foot": null, "oneway": null}, "geometry": {"type": "LineString", "coordinates": [[79.8699344, 6.8406003], [79.8700784, 6.840637], [79.8705022, 6.8407209]]}}, {"type": "Feature", "properties": {"osm_id": 1442172528, "highway": "residential", "name": "", "access": null, "foot": null, "oneway": null}, "geometry": {"type": "LineString", "coordinates": [[79.872359, 6.8417069], [79.872477, 6.8417961], [79.8725072, 6.8417955], [79.8725346, 6.8417801], [79.8728091, 6.8414332]]}}, {"type": "Feature", "properties": {"osm_id": 1442172529, "highway": "residential", "name": "", "access": null, "foot": null, "oneway": null}, "geometry": {"type": "LineString", "coordinates": [[79.8735753, 6.8414832], [79.8732491, 6.8411558]]}}, {"type": "Feature", "properties": {"osm_id": 1442172530, "highway": "living_street", "name": "", "access": null, "foot": null, "oneway": null}, "geometry": {"type": "LineString", "coordinates": [[79.8714536, 6.841585], [79.8716481, 6.8417419]]}}, {"type": "Feature", "properties": {"osm_id": 1442172531, "highway": "service", "name": "", "access": null, "foot": null, "oneway": null}, "geometry": {"type": "LineString", "coordinates": [[79.8706866, 6.8383496], [79.87104, 6.8383481]]}}, {"type": "Feature", "properties": {"osm_id": 1442172532, "highway": "residential", "name": "", "access": null, "foot": null, "oneway": null}, "geometry": {"type": "LineString", "coordinates": [[79.8724186, 6.8379366], [79.8725633, 6.83753]]}}, {"type": "Feature", "properties": {"osm_id": 1442172533, "highway": "service", "name": "", "access": null, "foot": null, "oneway": null}, "geometry": {"type": "LineString", "coordinates": [[79.8727556, 6.8393779], [79.8726413, 6.8396663], [79.8725112, 6.8399646]]}}, {"type": "Feature", "properties": {"osm_id": 1442172534, "highway": "service", "name": "", "access": null, "foot": null, "oneway": null}, "geometry": {"type": "LineString", "coordinates": [[79.8690926, 6.840546], [79.8691007, 6.8407355], [79.8691115, 6.8407941], [79.8691557, 6.8408288]]}}, {"type": "Feature", "properties": {"osm_id": 1442172535, "highway": "residential", "name": "", "access": null, "foot": null, "oneway": null}, "geometry": {"type": "LineString", "coordinates": [[79.8705742, 6.8412706], [79.8701321, 6.841107]]}}, {"type": "Feature", "properties": {"osm_id": 1442172536, "highway": "residential", "name": "", "access": null, "foot": null, "oneway": null}, "geometry": {"type": "LineString", "coordinates": [[79.8717257, 6.8410667], [79.8718725, 6.8411393], [79.8721132, 6.8412895], [79.8723073, 6.8414013]]}}, {"type": "Feature", "properties": {"osm_id": 1442172537, "highway": "residential", "name": "", "access": null, "foot": null, "oneway": null}, "geometry": {"type": "LineString", "coordinates": [[79.8731737, 6.8400285], [79.8729107, 6.8398817]]}}, {"type": "Feature", "properties": {"osm_id": 1442172538, "highway": "residential", "name": "", "access": null, "foot": null, "oneway": null}, "geometry": {"type": "LineString", "coordinates": [[79.8730255, 6.8405451], [79.8726517, 6.8403524]]}}, {"type": "Feature", "properties": {"osm_id": 1442172539, "highway": "residential", "name": "", "access": null, "foot": null, "oneway": null}, "geometry": {"type": "LineString", "coordinates": [[79.8728505, 6.8407602], [79.8725318, 6.8405703]]}}, {"type": "Feature", "properties": {"osm_id": 1442172540, "highway": "residential", "name": "", "access": null, "foot": null, "oneway": null}, "geometry": {"type": "LineString", "coordinates": [[79.8703892, 6.8417456], [79.8705156, 6.8417835], [79.8705746, 6.8417961], [79.8705907, 6.8417928], [79.8706638, 6.8417642], [79.8709615, 6.8415738], [79.8710527, 6.8414959]]}}, {"type": "Feature", "properties": {"osm_id": 1457851696, "highway": "residential", "name": "", "access": null, "foot": null, "oneway": null}, "geometry": {"type": "LineString", "coordinates": [[79.8751073, 6.8432693], [79.8751445, 6.8431928], [79.8751892, 6.8431731], [79.8752775, 6.843194], [79.8755471, 6.843289], [79.8757002, 6.8433305]]}}, {"type": "Feature", "properties": {"osm_id": 1457851697, "highway": "residential", "name": "", "access": null, "foot": null, "oneway": null}, "geometry": {"type": "LineString", "coordinates": [[79.8751122, 6.8436381], [79.8755073, 6.8436517], [79.8756519, 6.8436605]]}}, {"type": "Feature", "properties": {"osm_id": 1465157068, "highway": "primary", "name": "Hill Street (Dehiwela-Maharagama Road)", "access": null, "foot": null, "oneway": null}, "geometry": {"type": "LineString", "coordinates": [[79.8776041, 6.8496046], [79.8778946, 6.8495818], [79.8781243, 6.8495832], [79.8783159, 6.8496017], [79.8783867, 6.849614], [79.8788924, 6.8497609], [79.8789995, 6.8497935], [79.879158, 6.8498311], [79.8791925, 6.8498479]]}}, {"type": "Feature", "properties": {"osm_id": 1465160984, "highway": "primary", "name": "Nikape Road (Dehiwela-Maharagama Road)", "access": null, "foot": null, "oneway": null}, "geometry": {"type": "LineString", "coordinates": [[79.8791925, 6.8498479], [79.8796288, 6.8498781], [79.8798297, 6.8498891], [79.8803323, 6.8498948], [79.8811896, 6.8498516], [79.8812488, 6.84985], [79.8820398, 6.8498015], [79.882334, 6.8497176], [79.8826469, 6.8495855], [79.8827551, 6.8495252], [79.883317, 6.8492376], [79.8834028, 6.8491781], [79.8836048, 6.8490735], [79.8842964, 6.8486632], [79.8846816, 6.8485362], [79.8851148, 6.8484578], [79.885464, 6.8483277]]}}, {"type": "Feature", "properties": {"osm_id": 1489954396, "highway": "trunk", "name": "Galle Road", "access": null, "foot": null, "oneway": "yes"}, "geometry": {"type": "LineString", "coordinates": [[79.8678375, 6.8305117], [79.8678794, 6.8304018], [79.8681303, 6.829691], [79.8681791, 6.8295733], [79.8682332, 6.8294429], [79.8683255, 6.8292204], [79.8683454, 6.8291703], [79.8684948, 6.8287936], [79.8685549, 6.8286519], [79.8686012, 6.8285252], [79.8687111, 6.8282617], [79.8687886, 6.8280592], [79.8688591, 6.8278748], [79.8689785, 6.8275398], [79.8691108, 6.8272242]]}}, {"type": "Feature", "properties": {"osm_id": 1489954397, "highway": "primary_link", "name": "Templers Road", "access": "yes", "foot": "yes", "oneway": null}, "geometry": {"type": "LineString", "coordinates": [[79.8678375, 6.8305117], [79.8677658, 6.8304817]]}}, {"type": "Feature", "properties": {"osm_id": 1498946136, "highway": "residential", "name": "", "access": null, "foot": null, "oneway": null}, "geometry": {"type": "LineString", "coordinates": [[79.8701982, 6.8368614], [79.8702259, 6.8367369], [79.8702206, 6.8366357], [79.8702152, 6.836609], [79.8701951, 6.8365824], [79.8701642, 6.8365677], [79.8701106, 6.8365824], [79.8700238, 6.8365724], [79.8699406, 6.8365564], [79.8699208, 6.8365398]]}}, {"type": "Feature", "properties": {"osm_id": 1498946137, "highway": "residential", "name": "", "access": null, "foot": null, "oneway": null}, "geometry": {"type": "LineString", "coordinates": [[79.8688747, 6.8350452], [79.8692778, 6.8350711]]}}, {"type": "Feature", "properties": {"osm_id": 1498946138, "highway": "service", "name": "", "access": null, "foot": null, "oneway": null}, "geometry": {"type": "LineString", "coordinates": [[79.8673337, 6.8360769], [79.8669831, 6.8361377], [79.8669469, 6.836159], [79.866951, 6.8362082], [79.8669858, 6.8362402], [79.8671629, 6.8362402], [79.8673383, 6.8362241]]}}, {"type": "Feature", "properties": {"osm_id": 1498946139, "highway": "residential", "name": "", "access": null, "foot": null, "oneway": null}, "geometry": {"type": "LineString", "coordinates": [[79.8674241, 6.8401736], [79.8676832, 6.8402109], [79.8677503, 6.8402176]]}}, {"type": "Feature", "properties": {"osm_id": 1498946140, "highway": "service", "name": "", "access": null, "foot": null, "oneway": null}, "geometry": {"type": "LineString", "coordinates": [[79.8649194, 6.8380277], [79.8651794, 6.8380631], [79.8656555, 6.8381363], [79.8659357, 6.838167], [79.8660363, 6.8381883]]}}, {"type": "Feature", "properties": {"osm_id": 1498946141, "highway": "residential", "name": "", "access": null, "foot": null, "oneway": null}, "geometry": {"type": "LineString", "coordinates": [[79.8667546, 6.8351135], [79.8667672, 6.8351496], [79.8667806, 6.8352562], [79.8667753, 6.8352908], [79.866727, 6.8353241], [79.8667109, 6.8353627], [79.8667149, 6.8355664]]}}, {"type": "Feature", "properties": {"osm_id": 1498946142, "highway": "residential", "name": "", "access": null, "foot": null, "oneway": null}, "geometry": {"type": "LineString", "coordinates": [[79.8663071, 6.835199], [79.8663528, 6.8355225], [79.8663662, 6.8356064]]}}, {"type": "Feature", "properties": {"osm_id": 1498946143, "highway": "residential", "name": "", "access": null, "foot": null, "oneway": null}, "geometry": {"type": "LineString", "coordinates": [[79.8699899, 6.8357368], [79.8695379, 6.8357595]]}}, {"type": "Feature", "properties": {"osm_id": 1498946144, "highway": "residential", "name": "", "access": null, "foot": null, "oneway": null}, "geometry": {"type": "LineString", "coordinates": [[79.8674418, 6.8367127], [79.8676658, 6.8367062], [79.8679528, 6.8366423]]}}, {"type": "Feature", "properties": {"osm_id": 1498946145, "highway": "residential", "name": "", "access": null, "foot": null, "oneway": null}, "geometry": {"type": "LineString", "coordinates": [[79.8675099, 6.8374745], [79.8677516, 6.8374279], [79.8681311, 6.8373933], [79.8683363, 6.8373827]]}}, {"type": "Feature", "properties": {"osm_id": 1498946146, "highway": "residential", "name": "", "access": null, "foot": null, "oneway": null}, "geometry": {"type": "LineString", "coordinates": [[79.8667817, 6.8393333], [79.8660216, 6.8392202]]}}, {"type": "Feature", "properties": {"osm_id": 1498946147, "highway": "residential", "name": "", "access": null, "foot": null, "oneway": null}, "geometry": {"type": "LineString", "coordinates": [[79.8647796, 6.8390924], [79.8650533, 6.8391177], [79.8651016, 6.8391257], [79.8651163, 6.8391403], [79.8651136, 6.8392828], [79.8650935, 6.839396], [79.8651002, 6.8394413], [79.8651566, 6.8394652]]}}, {"type": "Feature", "properties": {"osm_id": 1537997462, "highway": "residential", "name": "", "access": null, "foot": null, "oneway": null}, "geometry": {"type": "LineString", "coordinates": [[79.8785166, 6.8222799], [79.8788023, 6.8217605]]}}, {"type": "Feature", "properties": {"osm_id": 1537997463, "highway": "service", "name": "", "access": null, "foot": null, "oneway": null}, "geometry": {"type": "LineString", "coordinates": [[79.8795457, 6.8228533], [79.8796043, 6.8227459], [79.8796311, 6.8227246], [79.8797035, 6.8227459], [79.8797236, 6.8227752], [79.8797397, 6.8228417], [79.8796975, 6.8229394]]}}]}