{"type":"FeatureCollection","features":[{"type":"Feature","properties":{"id":6,"hex_id":6,"culdesac_n":2,"mean_stub_m":42.7,"median_stub_m":42.7,"depth_short":2,"depth_medium":0,"depth_long":0,"corridor_n":0,"Hex_area":8660.254,"walk_join_ok":true,"access_score":0.3333,"access_tier":"low","analysis_ok":true,"snap_ok":true,"density_join_ok":true,"FSI":2.8214,"GSI":0.583,"Density_V":0.7256,"is_valid":true,"maturation_join_ok":true,"umi":0.342,"entropy_norm":0.255,"accessibility":0.0453,"tier":"medium","is_valid_maturation":true},"geometry":{"type":"MultiPolygon","coordinates":[[[[79.865693,6.820261],[79.865175,6.820261],[79.864915,6.820707],[79.865175,6.821153],[79.865693,6.821153],[79.865953,6.820707],[79.865693,6.820261]]]]}},{"type":"Feature","properties":{"id":11,"hex_id":11,"culdesac_n":1,"mean_stub_m":40.2,"median_stub_m":40.2,"depth_short":1,"depth_medium":0,"depth_long":0,"corridor_n":0,"Hex_area":7112.3153,"walk_join_ok":true,"access_score":0.3333,"access_tier":"excluded","analysis_ok":false,"snap_ok":true,"density_join_ok":true,"FSI":0.5592,"GSI":0.1121,"Density_V":0.1409,"is_valid":false,"maturation_join_ok":true,"umi":0.2297,"entropy_norm":0.5098,"accessibility":0.0384,"tier":"medium","is_valid_maturation":false},"geometry":{"type":"MultiPolygon","coordinates":[[[[79.864397,6.821599],[79.864915,6.821599],[79.865175,6.821153],[79.864915,6.820707],[79.864548,6.820707],[79.864533,6.820756],[79.864519,6.820805],[79.864505,6.820849],[79.864493,6.820889],[79.864481,6.820924],[79.864471,6.820956],[79.864462,6.820983],[79.864454,6.821007],[79.864439,6.821044],[79.864417,6.821095],[79.864388,6.82116],[79.864352,6.821239],[79.864309,6.821332],[79.864279,6.821397],[79.864397,6.821599]]]]}},{"type":"Feature","properties":{"id":13,"hex_id":13,"culdesac_n":2,"mean_stub_m":61.9,"median_stub_m":61.9,"depth_short":1,"depth_medium":1,"depth_long":0,"corridor_n":0,"Hex_area":8660.254,"walk_join_ok":true,"access_score":0.3333,"access_tier":"low","analysis_ok":true,"snap_ok":true,"density_join_ok":true,"FSI":2.1099,"GSI":0.4291,"Density_V":0.5367,"is_valid":true,"maturation_join_ok":true,"umi":0.3855,"entropy_norm":0.5804,"accessibility":0.0392,"tier":"high","is_valid_maturation":true},"geometry":{"type":"MultiPolygon","coordinates":[[[[79.866471,6.820707],[79.865953,6.820707],[79.865693,6.821153],[79.865953,6.821599],[79.866471,6.821599],[79.866731,6.821153],[79.866471,6.820707]]]]}},{"type":"Feature","properties":{"id":15,"hex_id":15,"culdesac_n":1,"mean_stub_m":51.3,"median_stub_m":51.3,"depth_short":0,"depth_medium":1,"depth_long":0,"corridor_n":0,"Hex_area":7626.3313,"walk_join_ok":true,"access_score":0.6667,"access_tier":"excluded","analysis_ok":false,"snap_ok":true,"density_join_ok":true,"FSI":2.0316,"GSI":0.4041,"Density_V":0.509,"is_valid":false,"maturation_join_ok":true,"umi":0.2009,"entropy_norm":0.0288,"accessibility":0.0648,"tier":"medium","is_valid_maturation":false},"geometry":{"type":"MultiPolygon","coordinates":[[[[79.867509,6.820707],[79.867249,6.821153],[79.867509,6.821599],[79.868027,6.821599],[79.868275,6.821173],[79.868249,6.821155],[79.868214,6.821132],[79.868172,6.821105],[79.868124,6.821074],[79.86807,6.821039],[79.868022,6.821007],[79.86798,6.820979],[79.867946,6.820954],[79.867917,6.820933],[79.867896,6.820916],[79.867881,6.820901],[79.867872,6.82089],[79.86787,6.820883],[79.867868,6.820875],[79.867867,6.820868],[79.867866,6.82086],[79.867865,6.820852],[79.867864,6.820844],[79.867864,6.820836],[79.867864,6.820827],[79.867865,6.820819],[79.867865,6.82081],[79.867865,6.820802],[79.867865,6.820793],[79.867864,6.820784],[79.867864,6.820775],[79.867863,6.820766],[79.867862,6.820757],[79.86786,6.820747],[79.867858,6.820738],[79.867856,6.820729],[79.867853,6.820721],[79.867849,6.820712],[79.867846,6.820707],[79.867509,6.820707]]]]}},{"type":"Feature","properties":{"id":16,"hex_id":16,"culdesac_n":1,"mean_stub_m":46.9,"median_stub_m":46.9,"depth_short":1,"depth_medium":0,"depth_long":0,"corridor_n":0,"Hex_area":6819.9814,"walk_join_ok":true,"access_score":0.6667,"access_tier":"excluded","analysis_ok":false,"snap_ok":true,"density_join_ok":true,"FSI":2.53,"GSI":0.4459,"Density_V":0.5847,"is_valid":false,"maturation_join_ok":true,"umi":0.2187,"entropy_norm":0.0263,"accessibility":0.0451,"tier":"medium","is_valid_maturation":false},"geometry":{"type":"MultiPolygon","coordinates":[[[[79.868027,6.821599],[79.868287,6.822045],[79.868805,6.822045],[79.869065,6.821599],[79.869039,6.821555],[79.868948,6.821525],[79.868819,6.821481],[79.868711,6.821443],[79.868622,6.821413],[79.868554,6.821389],[79.868506,6.821371],[79.868478,6.821361],[79.86847,6.821356],[79.868462,6.821351],[79.868453,6.821344],[79.868443,6.821336],[79.868433,6.821327],[79.868422,6.821317],[79.868411,6.821305],[79.868399,6.821292],[79.868387,6.821278],[79.868375,6.821265],[79.868365,6.821253],[79.868356,6.821242],[79.868348,6.821233],[79.868341,6.821226],[79.868335,6.821219],[79.868331,6.821214],[79.868327,6.82121],[79.868317,6.821202],[79.868301,6.82119],[79.868278,6.821175],[79.868275,6.821173],[79.868027,6.821599]]]]}},{"type":"Feature","properties":{"id":22,"hex_id":22,"culdesac_n":1,"mean_stub_m":93.1,"median_stub_m":93.1,"depth_short":0,"depth_medium":1,"depth_long":0,"corridor_n":0,"Hex_area":8660.254,"walk_join_ok":true,"access_score":0.6667,"access_tier":"medium","analysis_ok":true,"snap_ok":true,"density_join_ok":true,"FSI":1.3571,"GSI":0.2712,"Density_V":0.3411,"is_valid":true,"maturation_join_ok":true,"umi":0.1825,"entropy_norm":0.1444,"accessibility":0.062,"tier":"medium","is_valid_maturation":true},"geometry":{"type":"MultiPolygon","coordinates":[[[[79.866471,6.821599],[79.865953,6.821599],[79.865693,6.822045],[79.865953,6.822491],[79.866471,6.822491],[79.866731,6.822045],[79.866471,6.821599]]]]}},{"type":"Feature","properties":{"id":24,"hex_id":24,"culdesac_n":2,"mean_stub_m":28.1,"median_stub_m":28.1,"depth_short":2,"depth_medium":0,"depth_long":0,"corridor_n":0,"Hex_area":8660.254,"walk_join_ok":true,"access_score":0.6667,"access_tier":"medium","analysis_ok":true,"snap_ok":true,"density_join_ok":true,"FSI":1.5705,"GSI":0.3272,"Density_V":0.4062,"is_valid":true,"maturation_join_ok":true,"umi":0.2736,"entropy_norm":0.3866,"accessibility":0.0279,"tier":"medium","is_valid_maturation":true},"geometry":{"type":"MultiPolygon","coordinates":[[[[79.868027,6.821599],[79.867509,6.821599],[79.867249,6.822045],[79.867509,6.822491],[79.868027,6.822491],[79.868287,6.822045],[79.868027,6.821599]]]]}},{"type":"Feature","properties":{"id":25,"hex_id":25,"culdesac_n":2,"mean_stub_m":82.6,"median_stub_m":82.6,"depth_short":0,"depth_medium":2,"depth_long":0,"corridor_n":0,"Hex_area":8660.254,"walk_join_ok":true,"access_score":0.6667,"access_tier":"medium","analysis_ok":true,"snap_ok":true,"density_join_ok":true,"FSI":1.9425,"GSI":0.4113,"Density_V":0.5081,"is_valid":true,"maturation_join_ok":true,"umi":0.2324,"entropy_norm":0.1605,"accessibility":0.0287,"tier":"medium","is_valid_maturation":true},"geometry":{"type":"MultiPolygon","coordinates":[[[[79.868805,6.822045],[79.868287,6.822045],[79.868027,6.822491],[79.868287,6.822937],[79.868805,6.822937],[79.869065,6.822491],[79.868805,6.822045]]]]}},{"type":"Feature","properties":{"id":26,"hex_id":26,"culdesac_n":2,"mean_stub_m":57.1,"median_stub_m":57.1,"depth_short":1,"depth_medium":1,"depth_long":0,"corridor_n":0,"Hex_area":8216.7551,"walk_join_ok":true,"access_score":0.6667,"access_tier":"medium","analysis_ok":true,"snap_ok":true,"density_join_ok":true,"FSI":1.6101,"GSI":0.3913,"Density_V":0.4643,"is_valid":false,"maturation_join_ok":true,"umi":0.3193,"entropy_norm":0.4381,"accessibility":0.0555,"tier":"medium","is_valid_maturation":false},"geometry":{"type":"MultiPolygon","coordinates":[[[[79.869065,6.821599],[79.868805,6.822045],[79.869065,6.822491],[79.869583,6.822491],[79.869843,6.822045],[79.869682,6.821769],[79.869666,6.821764],[79.869551,6.821727],[79.869418,6.821683],[79.869266,6.821632],[79.869169,6.821599],[79.869065,6.821599]]]]}},{"type":"Feature","properties":{"id":32,"hex_id":32,"culdesac_n":2,"mean_stub_m":120.5,"median_stub_m":120.5,"depth_short":0,"depth_medium":2,"depth_long":0,"corridor_n":0,"Hex_area":8660.254,"walk_join_ok":true,"access_score":0.6667,"access_tier":"medium","analysis_ok":true,"snap_ok":true,"density_join_ok":true,"FSI":2.3126,"GSI":0.4537,"Density_V":0.574,"is_valid":true,"maturation_join_ok":true,"umi":0.3009,"entropy_norm":0.1887,"accessibility":0.1401,"tier":"medium","is_valid_maturation":true},"geometry":{"type":"MultiPolygon","coordinates":[[[[79.866471,6.822491],[79.865953,6.822491],[79.865693,6.822937],[79.865953,6.823383],[79.866471,6.823383],[79.866731,6.822937],[79.866471,6.822491]]]]}},{"type":"Feature","properties":{"id":33,"hex_id":33,"culdesac_n":1,"mean_stub_m":59.4,"median_stub_m":59.4,"depth_short":0,"depth_medium":1,"depth_long":0,"corridor_n":0,"Hex_area":8660.254,"walk_join_ok":true,"access_score":0.6667,"access_tier":"medium","analysis_ok":true,"snap_ok":true,"density_join_ok":true,"FSI":1.7354,"GSI":0.3409,"Density_V":0.4311,"is_valid":true,"maturation_join_ok":true,"umi":0.3723,"entropy_norm":0.5453,"accessibility":0.1404,"tier":"high","is_valid_maturation":true},"geometry":{"type":"MultiPolygon","coordinates":[[[[79.867249,6.822937],[79.866731,6.822937],[79.866471,6.823383],[79.866731,6.823829],[79.867249,6.823829],[79.867509,6.823383],[79.867249,6.822937]]]]}},{"type":"Feature","properties":{"id":39,"hex_id":39,"culdesac_n":1,"mean_stub_m":25.2,"median_stub_m":25.2,"depth_short":1,"depth_medium":0,"depth_long":0,"corridor_n":0,"Hex_area":8660.254,"walk_join_ok":true,"access_score":0.3333,"access_tier":"low","analysis_ok":true,"snap_ok":true,"density_join_ok":true,"FSI":1.837,"GSI":0.301,"Density_V":0.405,"is_valid":true,"maturation_join_ok":true,"umi":0.3271,"entropy_norm":0.5208,"accessibility":0.0556,"tier":"medium","is_valid_maturation":true},"geometry":{"type":"MultiPolygon","coordinates":[[[[79.864915,6.823383],[79.864397,6.823383],[79.864138,6.823829],[79.864397,6.824275],[79.864915,6.824275],[79.865175,6.823829],[79.864915,6.823383]]]]}},{"type":"Feature","properties":{"id":41,"hex_id":41,"culdesac_n":1,"mean_stub_m":126.4,"median_stub_m":126.4,"depth_short":0,"depth_medium":1,"depth_long":0,"corridor_n":0,"Hex_area":8660.254,"walk_join_ok":true,"access_score":0.6667,"access_tier":"medium","analysis_ok":true,"snap_ok":true,"density_join_ok":true,"FSI":1.3665,"GSI":0.2466,"Density_V":0.3208,"is_valid":true,"maturation_join_ok":true,"umi":0.2881,"entropy_norm":0.3999,"accessibility":0.1435,"tier":"medium","is_valid_maturation":true},"geometry":{"type":"MultiPolygon","coordinates":[[[[79.866471,6.823383],[79.865953,6.823383],[79.865693,6.823829],[79.865953,6.824275],[79.866471,6.824275],[79.866731,6.823829],[79.866471,6.823383]]]]}},{"type":"Feature","properties":{"id":42,"hex_id":42,"culdesac_n":1,"mean_stub_m":84.9,"median_stub_m":84.9,"depth_short":0,"depth_medium":1,"depth_long":0,"corridor_n":0,"Hex_area":8660.254,"walk_join_ok":true,"access_score":0.8333,"access_tier":"high","analysis_ok":true,"snap_ok":true,"density_join_ok":true,"FSI":0.607,"GSI":0.1369,"Density_V":0.166,"is_valid":true,"maturation_join_ok":true,"umi":0.2155,"entropy_norm":0.452,"accessibility":0.0285,"tier":"medium","is_valid_maturation":true},"geometry":{"type":"MultiPolygon","coordinates":[[[[79.867249,6.823829],[79.866731,6.823829],[79.866471,6.824275],[79.866731,6.824721],[79.867249,6.824721],[79.867509,6.824275],[79.867249,6.823829]]]]}},{"type":"Feature","properties":{"id":43,"hex_id":43,"culdesac_n":2,"mean_stub_m":29.9,"median_stub_m":29.9,"depth_short":2,"depth_medium":0,"depth_long":0,"corridor_n":0,"Hex_area":8660.254,"walk_join_ok":true,"access_score":0.8333,"access_tier":"high","analysis_ok":true,"snap_ok":true,"density_join_ok":true,"FSI":3.0102,"GSI":0.4491,"Density_V":0.6259,"is_valid":true,"maturation_join_ok":true,"umi":0.3046,"entropy_norm":0.254,"accessibility":0.034,"tier":"medium","is_valid_maturation":true},"geometry":{"type":"MultiPolygon","coordinates":[[[[79.868027,6.823383],[79.867509,6.823383],[79.867249,6.823829],[79.867509,6.824275],[79.868027,6.824275],[79.868287,6.823829],[79.868027,6.823383]]]]}},{"type":"Feature","properties":{"id":47,"hex_id":47,"culdesac_n":2,"mean_stub_m":74.3,"median_stub_m":74.3,"depth_short":0,"depth_medium":2,"depth_long":0,"corridor_n":0,"Hex_area":8660.254,"walk_join_ok":true,"access_score":0.1667,"access_tier":"low","analysis_ok":true,"snap_ok":true,"density_join_ok":true,"FSI":1.2896,"GSI":0.2352,"Density_V":0.3048,"is_valid":true,"maturation_join_ok":true,"umi":0.2216,"entropy_norm":0.3293,"accessibility":0.0306,"tier":"medium","is_valid_maturation":true},"geometry":{"type":"MultiPolygon","coordinates":[[[[79.864138,6.824721],[79.863619,6.824721],[79.86336,6.825167],[79.863619,6.825613],[79.864138,6.825613],[79.864397,6.825167],[79.864138,6.824721]]]]}},{"type":"Feature","properties":{"id":49,"hex_id":49,"culdesac_n":1,"mean_stub_m":144.6,"median_stub_m":144.6,"depth_short":0,"depth_medium":1,"depth_long":0,"corridor_n":0,"Hex_area":8660.254,"walk_join_ok":true,"access_score":0.3333,"access_tier":"low","analysis_ok":true,"snap_ok":true,"density_join_ok":true,"FSI":1.9574,"GSI":0.3593,"Density_V":0.4646,"is_valid":true,"maturation_join_ok":true,"umi":0.245,"entropy_norm":0.2345,"accessibility":0.0359,"tier":"medium","is_valid_maturation":true},"geometry":{"type":"MultiPolygon","coordinates":[[[[79.865693,6.824721],[79.865175,6.824721],[79.864915,6.825167],[79.865175,6.825613],[79.865693,6.825613],[79.865953,6.825167],[79.865693,6.824721]]]]}},{"type":"Feature","properties":{"id":51,"hex_id":51,"culdesac_n":1,"mean_stub_m":68.2,"median_stub_m":68.2,"depth_short":0,"depth_medium":1,"depth_long":0,"corridor_n":0,"Hex_area":8660.254,"walk_join_ok":true,"access_score":0.8333,"access_tier":"high","analysis_ok":true,"snap_ok":true,"density_join_ok":true,"FSI":1.3806,"GSI":0.3019,"Density_V":0.3693,"is_valid":true,"maturation_join_ok":true,"umi":0.2413,"entropy_norm":0.3185,"accessibility":0.0359,"tier":"medium","is_valid_maturation":true},"geometry":{"type":"MultiPolygon","coordinates":[[[[79.867249,6.824721],[79.866731,6.824721],[79.866471,6.825167],[79.866731,6.825613],[79.867249,6.825613],[79.867509,6.825167],[79.867249,6.824721]]]]}},{"type":"Feature","properties":{"id":56,"hex_id":56,"culdesac_n":2,"mean_stub_m":55.3,"median_stub_m":55.3,"depth_short":1,"depth_medium":1,"depth_long":0,"corridor_n":0,"Hex_area":8660.254,"walk_join_ok":true,"access_score":0.3333,"access_tier":"low","analysis_ok":true,"snap_ok":true,"density_join_ok":true,"FSI":1.1239,"GSI":0.1992,"Density_V":0.2607,"is_valid":true,"maturation_join_ok":true,"umi":0.4035,"entropy_norm":0.7886,"accessibility":0.1612,"tier":"high","is_valid_maturation":true},"geometry":{"type":"MultiPolygon","coordinates":[[[[79.864138,6.825613],[79.863619,6.825613],[79.86336,6.826059],[79.863619,6.826505],[79.864138,6.826505],[79.864397,6.826059],[79.864138,6.825613]]]]}},{"type":"Feature","properties":{"id":57,"hex_id":57,"culdesac_n":1,"mean_stub_m":48.1,"median_stub_m":48.1,"depth_short":1,"depth_medium":0,"depth_long":0,"corridor_n":0,"Hex_area":8660.254,"walk_join_ok":true,"access_score":0.3333,"access_tier":"low","analysis_ok":true,"snap_ok":true,"density_join_ok":true,"FSI":1.4797,"GSI":0.3091,"Density_V":0.3834,"is_valid":true,"maturation_join_ok":true,"umi":0.2009,"entropy_norm":0.1749,"accessibility":0.0444,"tier":"medium","is_valid_maturation":true},"geometry":{"type":"MultiPolygon","coordinates":[[[[79.864915,6.825167],[79.864397,6.825167],[79.864138,6.825613],[79.864397,6.826059],[79.864915,6.826059],[79.865175,6.825613],[79.864915,6.825167]]]]}},{"type":"Feature","properties":{"id":58,"hex_id":58,"culdesac_n":1,"mean_stub_m":92.3,"median_stub_m":92.3,"depth_short":0,"depth_medium":1,"depth_long":0,"corridor_n":0,"Hex_area":8660.254,"walk_join_ok":true,"access_score":0.6667,"access_tier":"medium","analysis_ok":true,"snap_ok":true,"density_join_ok":true,"FSI":1.9029,"GSI":0.3825,"Density_V":0.4802,"is_valid":true,"maturation_join_ok":true,"umi":0.2642,"entropy_norm":0.274,"accessibility":0.0384,"tier":"medium","is_valid_maturation":true},"geometry":{"type":"MultiPolygon","coordinates":[[[[79.865693,6.825613],[79.865175,6.825613],[79.864915,6.826059],[79.865175,6.826505],[79.865693,6.826505],[79.865953,6.826059],[79.865693,6.825613]]]]}},{"type":"Feature","properties":{"id":59,"hex_id":59,"culdesac_n":1,"mean_stub_m":130.9,"median_stub_m":130.9,"depth_short":0,"depth_medium":1,"depth_long":0,"corridor_n":0,"Hex_area":8660.254,"walk_join_ok":true,"access_score":0.6667,"access_tier":"medium","analysis_ok":true,"snap_ok":true,"density_join_ok":true,"FSI":2.125,"GSI":0.4585,"Density_V":0.5631,"is_valid":true,"maturation_join_ok":true,"umi":0.2629,"entropy_norm":0.1921,"accessibility":0.0337,"tier":"medium","is_valid_maturation":true},"geometry":{"type":"MultiPolygon","coordinates":[[[[79.866471,6.825167],[79.865953,6.825167],[79.865693,6.825613],[79.865953,6.826059],[79.866471,6.826059],[79.866731,6.825613],[79.866471,6.825167]]]]}},{"type":"Feature","properties":{"id":61,"hex_id":61,"culdesac_n":2,"mean_stub_m":45.4,"median_stub_m":45.4,"depth_short":2,"depth_medium":0,"depth_long":0,"corridor_n":0,"Hex_area":7454.6938,"walk_join_ok":true,"access_score":0.8333,"access_tier":"excluded","analysis_ok":false,"snap_ok":true,"density_join_ok":true,"FSI":1.9032,"GSI":0.3896,"Density_V":0.4863,"is_valid":false,"maturation_join_ok":true,"umi":0.2388,"entropy_norm":0.1953,"accessibility":0.0347,"tier":"medium","is_valid_maturation":false},"geometry":{"type":"MultiPolygon","coordinates":[[[[79.868027,6.825167],[79.867509,6.825167],[79.867249,6.825613],[79.867509,6.826059],[79.867993,6.826059],[79.867994,6.826056],[79.867997,6.826044],[79.868,6.826035],[79.868001,6.826029],[79.868002,6.826021],[79.868004,6.826011],[79.868006,6.826],[79.868008,6.825988],[79.86801,6.825974],[79.868012,6.825958],[79.868015,6.825941],[79.868018,6.825922],[79.86802,6.825901],[79.868023,6.825878],[79.868026,6.825851],[79.868029,6.825823],[79.868033,6.825792],[79.868036,6.825758],[79.868039,6.825722],[79.868043,6.825683],[79.868046,6.825646],[79.868051,6.825608],[79.868055,6.825572],[79.86806,6.825537],[79.868065,6.825502],[79.86807,6.825468],[79.868076,6.825434],[79.868082,6.825401],[79.868088,6.825369],[79.868095,6.825338],[79.868103,6.825306],[79.868104,6.8253],[79.868027,6.825167]]]]}},{"type":"Feature","properties":{"id":73,"hex_id":73,"culdesac_n":1,"mean_stub_m":42.2,"median_stub_m":42.2,"depth_short":1,"depth_medium":0,"depth_long":0,"corridor_n":0,"Hex_area":8660.254,"walk_join_ok":true,"access_score":0.3333,"access_tier":"low","analysis_ok":true,"snap_ok":true,"density_join_ok":true,"FSI":0.9774,"GSI":0.1937,"Density_V":0.2443,"is_valid":true,"maturation_join_ok":true,"umi":0.3448,"entropy_norm":0.7402,"accessibility":0.05,"tier":"medium","is_valid_maturation":true},"geometry":{"type":"MultiPolygon","coordinates":[[[[79.864138,6.827397],[79.863619,6.827397],[79.86336,6.827843],[79.863619,6.828289],[79.864138,6.828289],[79.864397,6.827843],[79.864138,6.827397]]]]}},{"type":"Feature","properties":{"id":74,"hex_id":74,"culdesac_n":1,"mean_stub_m":79.3,"median_stub_m":79.3,"depth_short":0,"depth_medium":1,"depth_long":0,"corridor_n":0,"Hex_area":8660.254,"walk_join_ok":true,"access_score":0.3333,"access_tier":"low","analysis_ok":true,"snap_ok":true,"density_join_ok":true,"FSI":1.5068,"GSI":0.3248,"Density_V":0.399,"is_valid":true,"maturation_join_ok":true,"umi":0.3163,"entropy_norm":0.5176,"accessibility":0.0324,"tier":"medium","is_valid_maturation":true},"geometry":{"type":"MultiPolygon","coordinates":[[[[79.864915,6.826951],[79.864397,6.826951],[79.864138,6.827397],[79.864397,6.827843],[79.864915,6.827843],[79.865175,6.827397],[79.864915,6.826951]]]]}},{"type":"Feature","properties":{"id":75,"hex_id":75,"culdesac_n":1,"mean_stub_m":87.8,"median_stub_m":87.8,"depth_short":0,"depth_medium":1,"depth_long":0,"corridor_n":0,"Hex_area":8660.254,"walk_join_ok":true,"access_score":0.8333,"access_tier":"high","analysis_ok":true,"snap_ok":true,"density_join_ok":true,"FSI":1.8532,"GSI":0.4247,"Density_V":0.5124,"is_valid":true,"maturation_join_ok":true,"umi":0.3487,"entropy_norm":0.5014,"accessibility":0.0322,"tier":"medium","is_valid_maturation":true},"geometry":{"type":"MultiPolygon","coordinates":[[[[79.865693,6.827397],[79.865175,6.827397],[79.864915,6.827843],[79.865175,6.828289],[79.865693,6.828289],[79.865953,6.827843],[79.865693,6.827397]]]]}},{"type":"Feature","properties":{"id":76,"hex_id":76,"culdesac_n":2,"mean_stub_m":48.0,"median_stub_m":48.0,"depth_short":1,"depth_medium":1,"depth_long":0,"corridor_n":0,"Hex_area":8660.254,"walk_join_ok":true,"access_score":0.6667,"access_tier":"medium","analysis_ok":true,"snap_ok":true,"density_join_ok":true,"FSI":2.0223,"GSI":0.4173,"Density_V":0.5196,"is_valid":true,"maturation_join_ok":true,"umi":0.314,"entropy_norm":0.3074,"accessibility":0.1151,"tier":"medium","is_valid_maturation":true},"geometry":{"type":"MultiPolygon","coordinates":[[[[79.866471,6.826951],[79.865953,6.826951],[79.865693,6.827397],[79.865953,6.827843],[79.866471,6.827843],[79.866731,6.827397],[79.866471,6.826951]]]]}},{"type":"Feature","properties":{"id":77,"hex_id":77,"culdesac_n":2,"mean_stub_m":123.6,"median_stub_m":123.6,"depth_short":0,"depth_medium":1,"depth_long":1,"corridor_n":0,"Hex_area":8660.254,"walk_join_ok":true,"access_score":1.0,"access_tier":"high","analysis_ok":true,"snap_ok":true,"density_join_ok":true,"FSI":2.0954,"GSI":0.4459,"Density_V":0.55,"is_valid":true,"maturation_join_ok":true,"umi":0.2564,"entropy_norm":0.1861,"accessibility":0.033,"tier":"medium","is_valid_maturation":true},"geometry":{"type":"MultiPolygon","coordinates":[[[[79.867249,6.827397],[79.866731,6.827397],[79.866471,6.827843],[79.866731,6.828289],[79.867249,6.828289],[79.867509,6.827843],[79.867249,6.827397]]]]}},{"type":"Feature","properties":{"id":78,"hex_id":78,"culdesac_n":1,"mean_stub_m":57.7,"median_stub_m":57.7,"depth_short":0,"depth_medium":1,"depth_long":0,"corridor_n":0,"Hex_area":8660.254,"walk_join_ok":true,"access_score":1.0,"access_tier":"high","analysis_ok":true,"snap_ok":true,"density_join_ok":true,"FSI":1.7964,"GSI":0.3744,"Density_V":0.4647,"is_valid":true,"maturation_join_ok":true,"umi":0.3552,"entropy_norm":0.5672,"accessibility":0.0338,"tier":"high","is_valid_maturation":true},"geometry":{"type":"MultiPolygon","coordinates":[[[[79.868027,6.826951],[79.867509,6.826951],[79.867249,6.827397],[79.867509,6.827843],[79.868027,6.827843],[79.868287,6.827397],[79.868027,6.826951]]]]}},{"type":"Feature","properties":{"id":79,"hex_id":79,"culdesac_n":1,"mean_stub_m":87.4,"median_stub_m":87.4,"depth_short":0,"depth_medium":1,"depth_long":0,"corridor_n":0,"Hex_area":7994.21,"walk_join_ok":true,"access_score":1.0,"access_tier":"high","analysis_ok":true,"snap_ok":true,"density_join_ok":true,"FSI":1.777,"GSI":0.384,"Density_V":0.4714,"is_valid":false,"maturation_join_ok":true,"umi":0.5113,"entropy_norm":0.7468,"accessibility":0.3159,"tier":"high","is_valid_maturation":false},"geometry":{"type":"MultiPolygon","coordinates":[[[[79.868805,6.827397],[79.868287,6.827397],[79.868027,6.827843],[79.868287,6.828289],[79.868805,6.828289],[79.868918,6.828095],[79.868889,6.828055],[79.868868,6.827999],[79.86886,6.827934],[79.868864,6.827858],[79.86888,6.827773],[79.868909,6.827678],[79.868933,6.827617],[79.868805,6.827397]]]]}},{"type":"Feature","properties":{"id":85,"hex_id":85,"culdesac_n":1,"mean_stub_m":32.1,"median_stub_m":32.1,"depth_short":1,"depth_medium":0,"depth_long":0,"corridor_n":0,"Hex_area":8660.254,"walk_join_ok":true,"access_score":0.8333,"access_tier":"high","analysis_ok":true,"snap_ok":true,"density_join_ok":true,"FSI":1.3096,"GSI":0.2902,"Density_V":0.3536,"is_valid":true,"maturation_join_ok":true,"umi":0.3452,"entropy_norm":0.6474,"accessibility":0.0346,"tier":"medium","is_valid_maturation":true},"geometry":{"type":"MultiPolygon","coordinates":[[[[79.864915,6.827843],[79.864397,6.827843],[79.864138,6.828289],[79.864397,6.828735],[79.864915,6.828735],[79.865175,6.828289],[79.864915,6.827843]]]]}},{"type":"Feature","properties":{"id":88,"hex_id":88,"culdesac_n":3,"mean_stub_m":83.9,"median_stub_m":89.8,"depth_short":0,"depth_medium":3,"depth_long":0,"corridor_n":0,"Hex_area":8660.254,"walk_join_ok":true,"access_score":1.0,"access_tier":"high","analysis_ok":true,"snap_ok":true,"density_join_ok":true,"FSI":1.8151,"GSI":0.3322,"Density_V":0.43,"is_valid":true,"maturation_join_ok":true,"umi":0.1769,"entropy_norm":0.0668,"accessibility":0.0338,"tier":"medium","is_valid_maturation":true},"geometry":{"type":"MultiPolygon","coordinates":[[[[79.867249,6.828289],[79.866731,6.828289],[79.866471,6.828735],[79.866731,6.829181],[79.867249,6.829181],[79.867509,6.828735],[79.867249,6.828289]]]]}},{"type":"Feature","properties":{"id":89,"hex_id":89,"culdesac_n":1,"mean_stub_m":69.6,"median_stub_m":69.6,"depth_short":0,"depth_medium":1,"depth_long":0,"corridor_n":0,"Hex_area":8660.254,"walk_join_ok":true,"access_score":1.0,"access_tier":"high","analysis_ok":true,"snap_ok":true,"density_join_ok":true,"FSI":1.5884,"GSI":0.3733,"Density_V":0.4471,"is_valid":true,"maturation_join_ok":true,"umi":0.3325,"entropy_norm":0.5195,"accessibility":0.031,"tier":"medium","is_valid_maturation":true},"geometry":{"type":"MultiPolygon","coordinates":[[[[79.868027,6.827843],[79.867509,6.827843],[79.867249,6.828289],[79.867509,6.828735],[79.868027,6.828735],[79.868287,6.828289],[79.868027,6.827843]]]]}},{"type":"Feature","properties":{"id":92,"hex_id":92,"culdesac_n":2,"mean_stub_m":45.2,"median_stub_m":45.2,"depth_short":1,"depth_medium":1,"depth_long":0,"corridor_n":0,"Hex_area":8660.254,"walk_join_ok":true,"access_score":1.0,"access_tier":"high","analysis_ok":true,"snap_ok":true,"density_join_ok":true,"FSI":1.4495,"GSI":0.3409,"Density_V":0.4083,"is_valid":true,"maturation_join_ok":true,"umi":0.1483,"entropy_norm":0,"accessibility":0.0367,"tier":"low","is_valid_maturation":false},"geometry":{"type":"MultiPolygon","coordinates":[[[[79.870361,6.828289],[79.869843,6.828289],[79.869583,6.828735],[79.869843,6.829181],[79.870361,6.829181],[79.870621,6.828735],[79.870361,6.828289]]]]}},{"type":"Feature","properties":{"id":93,"hex_id":93,"culdesac_n":1,"mean_stub_m":48.0,"median_stub_m":48.0,"depth_short":1,"depth_medium":0,"depth_long":0,"corridor_n":0,"Hex_area":4858.0166,"walk_join_ok":true,"access_score":1.0,"access_tier":"excluded","analysis_ok":false,"snap_ok":true,"density_join_ok":true,"FSI":1.309,"GSI":0.3727,"Density_V":0.4243,"is_valid":false,"maturation_join_ok":true,"umi":0.2122,"entropy_norm":0.1364,"accessibility":0.0761,"tier":"medium","is_valid_maturation":false},"geometry":{"type":"MultiPolygon","coordinates":[[[[79.870361,6.828289],[79.870621,6.828735],[79.871139,6.828735],[79.871311,6.828439],[79.871297,6.828435],[79.871273,6.828429],[79.87125,6.828423],[79.871229,6.828416],[79.87121,6.82841],[79.871191,6.828403],[79.871175,6.828397],[79.871159,6.82839],[79.871145,6.828383],[79.871131,6.828376],[79.871115,6.828367],[79.871098,6.828357],[79.87108,6.828346],[79.871061,6.828335],[79.871041,6.828322],[79.87102,6.828308],[79.870998,6.828293],[79.870977,6.828279],[79.870955,6.828265],[79.870933,6.82825],[79.870912,6.828237],[79.87089,6.828223],[79.870869,6.82821],[79.870848,6.828196],[79.870827,6.828183],[79.870804,6.828171],[79.870778,6.82816],[79.870749,6.828149],[79.870718,6.828139],[79.870685,6.828129],[79.870649,6.828121],[79.870611,6.828113],[79.870588,6.828109],[79.870527,6.828099],[79.87048,6.828092],[79.870476,6.828091],[79.870361,6.828289]]]]}},{"type":"Feature","properties":{"id":98,"hex_id":98,"culdesac_n":1,"mean_stub_m":62.6,"median_stub_m":62.6,"depth_short":0,"depth_medium":1,"depth_long":0,"corridor_n":0,"Hex_area":8660.254,"walk_join_ok":true,"access_score":1.0,"access_tier":"high","analysis_ok":true,"snap_ok":true,"density_join_ok":true,"FSI":0.1232,"GSI":0.0337,"Density_V":0.0388,"is_valid":true,"maturation_join_ok":true,"umi":0.3051,"entropy_norm":0.8456,"accessibility":0.031,"tier":"medium","is_valid_maturation":true},"geometry":{"type":"MultiPolygon","coordinates":[[[[79.86336,6.828735],[79.862841,6.828735],[79.862582,6.829181],[79.862841,6.829627],[79.86336,6.829627],[79.863619,6.829181],[79.86336,6.828735]]]]}},{"type":"Feature","properties":{"id":99,"hex_id":99,"culdesac_n":1,"mean_stub_m":69.5,"median_stub_m":69.5,"depth_short":0,"depth_medium":1,"depth_long":0,"corridor_n":0,"Hex_area":8660.254,"walk_join_ok":true,"access_score":1.0,"access_tier":"high","analysis_ok":true,"snap_ok":true,"density_join_ok":true,"FSI":1.5864,"GSI":0.3252,"Density_V":0.4058,"is_valid":true,"maturation_join_ok":true,"umi":0.3039,"entropy_norm":0.4777,"accessibility":0.0282,"tier":"medium","is_valid_maturation":true},"geometry":{"type":"MultiPolygon","coordinates":[[[[79.864138,6.829181],[79.863619,6.829181],[79.86336,6.829627],[79.863619,6.830073],[79.864138,6.830073],[79.864397,6.829627],[79.864138,6.829181]]]]}},{"type":"Feature","properties":{"id":101,"hex_id":101,"culdesac_n":1,"mean_stub_m":125.2,"median_stub_m":125.2,"depth_short":0,"depth_medium":1,"depth_long":0,"corridor_n":0,"Hex_area":8660.254,"walk_join_ok":true,"access_score":1.0,"access_tier":"high","analysis_ok":true,"snap_ok":true,"density_join_ok":true,"FSI":1.2599,"GSI":0.2342,"Density_V":0.3016,"is_valid":true,"maturation_join_ok":true,"umi":0.1989,"entropy_norm":0.2659,"accessibility":0.0293,"tier":"medium","is_valid_maturation":true},"geometry":{"type":"MultiPolygon","coordinates":[[[[79.865693,6.829181],[79.865175,6.829181],[79.864915,6.829627],[79.865175,6.830073],[79.865693,6.830073],[79.865953,6.829627],[79.865693,6.829181]]]]}},{"type":"Feature","properties":{"id":103,"hex_id":103,"culdesac_n":1,"mean_stub_m":84.2,"median_stub_m":84.2,"depth_short":0,"depth_medium":1,"depth_long":0,"corridor_n":0,"Hex_area":8660.254,"walk_join_ok":true,"access_score":1.0,"access_tier":"high","analysis_ok":true,"snap_ok":true,"density_join_ok":true,"FSI":2.5636,"GSI":0.3198,"Density_V":0.4792,"is_valid":true,"maturation_join_ok":true,"umi":0.2702,"entropy_norm":0.2934,"accessibility":0.0381,"tier":"medium","is_valid_maturation":true},"geometry":{"type":"MultiPolygon","coordinates":[[[[79.867249,6.829181],[79.866731,6.829181],[79.866471,6.829627],[79.866731,6.830073],[79.867249,6.830073],[79.867509,6.829627],[79.867249,6.829181]]]]}},{"type":"Feature","properties":{"id":104,"hex_id":104,"culdesac_n":2,"mean_stub_m":67.3,"median_stub_m":67.3,"depth_short":0,"depth_medium":2,"depth_long":0,"corridor_n":0,"Hex_area":8660.254,"walk_join_ok":true,"access_score":0.1667,"access_tier":"low","analysis_ok":true,"snap_ok":true,"density_join_ok":true,"FSI":1.5281,"GSI":0.317,"Density_V":0.394,"is_valid":true,"maturation_join_ok":true,"umi":0.4033,"entropy_norm":0.479,"accessibility":0.3369,"tier":"high","is_valid_maturation":true},"geometry":{"type":"MultiPolygon","coordinates":[[[[79.868027,6.828735],[79.867509,6.828735],[79.867249,6.829181],[79.867509,6.829627],[79.868027,6.829627],[79.868287,6.829181],[79.868027,6.828735]]]]}},{"type":"Feature","properties":{"id":105,"hex_id":105,"culdesac_n":1,"mean_stub_m":61.0,"median_stub_m":61.0,"depth_short":0,"depth_medium":1,"depth_long":0,"corridor_n":0,"Hex_area":8660.254,"walk_join_ok":true,"access_score":1.0,"access_tier":"high","analysis_ok":true,"snap_ok":true,"density_join_ok":true,"FSI":1.781,"GSI":0.3512,"Density_V":0.4436,"is_valid":true,"maturation_join_ok":true,"umi":0.4879,"entropy_norm":0.6736,"accessibility":0.3466,"tier":"high","is_valid_maturation":true},"geometry":{"type":"MultiPolygon","coordinates":[[[[79.868805,6.829181],[79.868287,6.829181],[79.868027,6.829627],[79.868287,6.830073],[79.868805,6.830073],[79.869065,6.829627],[79.868805,6.829181]]]]}},{"type":"Feature","properties":{"id":106,"hex_id":106,"culdesac_n":3,"mean_stub_m":75.3,"median_stub_m":77.8,"depth_short":0,"depth_medium":3,"depth_long":0,"corridor_n":0,"Hex_area":8660.254,"walk_join_ok":true,"access_score":1.0,"access_tier":"high","analysis_ok":true,"snap_ok":true,"density_join_ok":true,"FSI":1.4602,"GSI":0.3462,"Density_V":0.4137,"is_valid":true,"maturation_join_ok":true,"umi":0.2631,"entropy_norm":0.3039,"accessibility":0.0715,"tier":"medium","is_valid_maturation":true},"geometry":{"type":"MultiPolygon","coordinates":[[[[79.869583,6.828735],[79.869065,6.828735],[79.868805,6.829181],[79.869065,6.829627],[79.869583,6.829627],[79.869843,6.829181],[79.869583,6.828735]]]]}},{"type":"Feature","properties":{"id":108,"hex_id":108,"culdesac_n":1,"mean_stub_m":68.7,"median_stub_m":68.7,"depth_short":0,"depth_medium":1,"depth_long":0,"corridor_n":0,"Hex_area":8660.254,"walk_join_ok":true,"access_score":1.0,"access_tier":"high","analysis_ok":true,"snap_ok":true,"density_join_ok":true,"FSI":1.4314,"GSI":0.3386,"Density_V":0.4049,"is_valid":true,"maturation_join_ok":true,"umi":0.2978,"entropy_norm":0.4134,"accessibility":0.075,"tier":"medium","is_valid_maturation":true},"geometry":{"type":"MultiPolygon","coordinates":[[[[79.871139,6.828735],[79.870621,6.828735],[79.870361,6.829181],[79.870621,6.829627],[79.871139,6.829627],[79.871399,6.829181],[79.871139,6.828735]]]]}},{"type":"Feature","properties":{"id":110,"hex_id":110,"culdesac_n":1,"mean_stub_m":38.1,"median_stub_m":38.1,"depth_short":1,"depth_medium":0,"depth_long":0,"corridor_n":0,"Hex_area":8625.0583,"walk_join_ok":true,"access_score":1.0,"access_tier":"high","analysis_ok":true,"snap_ok":true,"density_join_ok":true,"FSI":1.7144,"GSI":0.4149,"Density_V":0.4929,"is_valid":false,"maturation_join_ok":true,"umi":0.354,"entropy_norm":0.4905,"accessibility":0.0787,"tier":"high","is_valid_maturation":false},"geometry":{"type":"MultiPolygon","coordinates":[[[[79.872954,6.829181],[79.872695,6.828735],[79.872176,6.828735],[79.871917,6.829181],[79.872176,6.829627],[79.872645,6.829627],[79.872645,6.829627],[79.872649,6.829618],[79.872653,6.82961],[79.872658,6.829602],[79.872664,6.829595],[79.872671,6.829589],[79.872679,6.829582],[79.872687,6.829577],[79.872697,6.829572],[79.872707,6.829567],[79.872721,6.829563],[79.872734,6.82956],[79.872954,6.829181]]]]}},{"type":"Feature","properties":{"id":116,"hex_id":116,"culdesac_n":1,"mean_stub_m":89.3,"median_stub_m":89.3,"depth_short":0,"depth_medium":1,"depth_long":0,"corridor_n":0,"Hex_area":8660.254,"walk_join_ok":true,"access_score":1.0,"access_tier":"high","analysis_ok":true,"snap_ok":true,"density_join_ok":true,"FSI":2.196,"GSI":0.5,"Density_V":0.6044,"is_valid":true,"maturation_join_ok":true,"umi":0.2746,"entropy_norm":0.1865,"accessibility":0.0329,"tier":"medium","is_valid_maturation":true},"geometry":{"type":"MultiPolygon","coordinates":[[[[79.865693,6.830073],[79.865175,6.830073],[79.864915,6.830519],[79.865175,6.830965],[79.865693,6.830965],[79.865953,6.830519],[79.865693,6.830073]]]]}},{"type":"Feature","properties":{"id":117,"hex_id":117,"culdesac_n":1,"mean_stub_m":70.0,"median_stub_m":70.0,"depth_short":0,"depth_medium":1,"depth_long":0,"corridor_n":0,"Hex_area":8660.254,"walk_join_ok":true,"access_score":1.0,"access_tier":"high","analysis_ok":true,"snap_ok":true,"density_join_ok":true,"FSI":1.6892,"GSI":0.379,"Density_V":0.4601,"is_valid":true,"maturation_join_ok":true,"umi":0.2509,"entropy_norm":0.2597,"accessibility":0.0328,"tier":"medium","is_valid_maturation":true},"geometry":{"type":"MultiPolygon","coordinates":[[[[79.866471,6.829627],[79.865953,6.829627],[79.865693,6.830073],[79.865953,6.830519],[79.866471,6.830519],[79.866731,6.830073],[79.866471,6.829627]]]]}},{"type":"Feature","properties":{"id":121,"hex_id":121,"culdesac_n":2,"mean_stub_m":104.2,"median_stub_m":104.2,"depth_short":0,"depth_medium":2,"depth_long":0,"corridor_n":0,"Hex_area":8660.254,"walk_join_ok":true,"access_score":1.0,"access_tier":"high","analysis_ok":true,"snap_ok":true,"density_join_ok":true,"FSI":1.6172,"GSI":0.4306,"Density_V":0.4986,"is_valid":true,"maturation_join_ok":true,"umi":0.2503,"entropy_norm":0.2162,"accessibility":0.0362,"tier":"medium","is_valid_maturation":true},"geometry":{"type":"MultiPolygon","coordinates":[[[[79.869583,6.829627],[79.869065,6.829627],[79.868805,6.830073],[79.869065,6.830519],[79.869583,6.830519],[79.869843,6.830073],[79.869583,6.829627]]]]}},{"type":"Feature","properties":{"id":123,"hex_id":123,"culdesac_n":1,"mean_stub_m":64.9,"median_stub_m":64.9,"depth_short":0,"depth_medium":1,"depth_long":0,"corridor_n":0,"Hex_area":8660.254,"walk_join_ok":true,"access_score":1.0,"access_tier":"high","analysis_ok":true,"snap_ok":true,"density_join_ok":true,"FSI":1.0711,"GSI":0.2919,"Density_V":0.336,"is_valid":true,"maturation_join_ok":true,"umi":0.2282,"entropy_norm":0.3203,"accessibility":0.0283,"tier":"medium","is_valid_maturation":true},"geometry":{"type":"MultiPolygon","coordinates":[[[[79.871139,6.829627],[79.870621,6.829627],[79.870361,6.830073],[79.870621,6.830519],[79.871139,6.830519],[79.871399,6.830073],[79.871139,6.829627]]]]}},{"type":"Feature","properties":{"id":124,"hex_id":124,"culdesac_n":1,"mean_stub_m":92.5,"median_stub_m":92.5,"depth_short":0,"depth_medium":1,"depth_long":0,"corridor_n":0,"Hex_area":8660.254,"walk_join_ok":true,"access_score":1.0,"access_tier":"high","analysis_ok":true,"snap_ok":true,"density_join_ok":true,"FSI":1.3348,"GSI":0.3578,"Density_V":0.4136,"is_valid":true,"maturation_join_ok":true,"umi":0.2021,"entropy_norm":0.1375,"accessibility":0.0552,"tier":"medium","is_valid_maturation":true},"geometry":{"type":"MultiPolygon","coordinates":[[[[79.871917,6.830073],[79.871399,6.830073],[79.871139,6.830519],[79.871399,6.830965],[79.871917,6.830965],[79.872176,6.830519],[79.871917,6.830073]]]]}},{"type":"Feature","properties":{"id":130,"hex_id":130,"culdesac_n":1,"mean_stub_m":81.4,"median_stub_m":81.4,"depth_short":0,"depth_medium":1,"depth_long":0,"corridor_n":0,"Hex_area":8660.254,"walk_join_ok":true,"access_score":1.0,"access_tier":"high","analysis_ok":true,"snap_ok":true,"density_join_ok":true,"FSI":2.0331,"GSI":0.4366,"Density_V":0.537,"is_valid":true,"maturation_join_ok":true,"umi":0.2968,"entropy_norm":0.322,"accessibility":0.0314,"tier":"medium","is_valid_maturation":true},"geometry":{"type":"MultiPolygon","coordinates":[[[[79.864915,6.830519],[79.864397,6.830519],[79.864138,6.830965],[79.864397,6.831411],[79.864915,6.831411],[79.865175,6.830965],[79.864915,6.830519]]]]}},{"type":"Feature","properties":{"id":132,"hex_id":132,"culdesac_n":2,"mean_stub_m":58.4,"median_stub_m":58.4,"depth_short":1,"depth_medium":1,"depth_long":0,"corridor_n":0,"Hex_area":8660.254,"walk_join_ok":true,"access_score":1.0,"access_tier":"high","analysis_ok":true,"snap_ok":true,"density_join_ok":true,"FSI":3.1637,"GSI":0.5161,"Density_V":0.6955,"is_valid":true,"maturation_join_ok":true,"umi":0.388,"entropy_norm":0.4317,"accessibility":0.0368,"tier":"high","is_valid_maturation":true},"geometry":{"type":"MultiPolygon","coordinates":[[[[79.866471,6.830519],[79.865953,6.830519],[79.865693,6.830965],[79.865953,6.831411],[79.866471,6.831411],[79.866731,6.830965],[79.866471,6.830519]]]]}},{"type":"Feature","properties":{"id":135,"hex_id":135,"culdesac_n":1,"mean_stub_m":66.6,"median_stub_m":66.6,"depth_short":0,"depth_medium":1,"depth_long":0,"corridor_n":0,"Hex_area":8660.254,"walk_join_ok":true,"access_score":1.0,"access_tier":"high","analysis_ok":true,"snap_ok":true,"density_join_ok":true,"FSI":1.9375,"GSI":0.4275,"Density_V":0.5216,"is_valid":true,"maturation_join_ok":true,"umi":0.3662,"entropy_norm":0.5405,"accessibility":0.0366,"tier":"high","is_valid_maturation":true},"geometry":{"type":"MultiPolygon","coordinates":[[[[79.868805,6.830965],[79.868287,6.830965],[79.868027,6.831411],[79.868287,6.831857],[79.868805,6.831857],[79.869065,6.831411],[79.868805,6.830965]]]]}},{"type":"Feature","properties":{"id":144,"hex_id":144,"culdesac_n":1,"mean_stub_m":51.0,"median_stub_m":51.0,"depth_short":0,"depth_medium":1,"depth_long":0,"corridor_n":0,"Hex_area":8660.254,"walk_join_ok":true,"access_score":1.0,"access_tier":"high","analysis_ok":true,"snap_ok":true,"density_join_ok":true,"FSI":1.0336,"GSI":0.2329,"Density_V":0.2823,"is_valid":true,"maturation_join_ok":true,"umi":0.3434,"entropy_norm":0.7112,"accessibility":0.0366,"tier":"medium","is_valid_maturation":true},"geometry":{"type":"MultiPolygon","coordinates":[[[[79.864138,6.831857],[79.863619,6.831857],[79.86336,6.832303],[79.863619,6.832749],[79.864138,6.832749],[79.864397,6.832303],[79.864138,6.831857]]]]}},{"type":"Feature","properties":{"id":147,"hex_id":147,"culdesac_n":1,"mean_stub_m":35.1,"median_stub_m":35.1,"depth_short":1,"depth_medium":0,"depth_long":0,"corridor_n":0,"Hex_area":8660.254,"walk_join_ok":true,"access_score":1.0,"access_tier":"high","analysis_ok":true,"snap_ok":true,"density_join_ok":true,"FSI":2.097,"GSI":0.492,"Density_V":0.5896,"is_valid":true,"maturation_join_ok":true,"umi":0.4078,"entropy_norm":0.598,"accessibility":0.0358,"tier":"high","is_valid_maturation":true},"geometry":{"type":"MultiPolygon","coordinates":[[[[79.866471,6.831411],[79.865953,6.831411],[79.865693,6.831857],[79.865953,6.832303],[79.866471,6.832303],[79.866731,6.831857],[79.866471,6.831411]]]]}},{"type":"Feature","properties":{"id":152,"hex_id":152,"culdesac_n":1,"mean_stub_m":132.4,"median_stub_m":132.4,"depth_short":0,"depth_medium":1,"depth_long":0,"corridor_n":0,"Hex_area":8660.254,"walk_join_ok":true,"access_score":1.0,"access_tier":"high","analysis_ok":true,"snap_ok":true,"density_join_ok":true,"FSI":1.5141,"GSI":0.3621,"Density_V":0.4316,"is_valid":true,"maturation_join_ok":true,"umi":0.2474,"entropy_norm":0.2802,"accessibility":0.0305,"tier":"medium","is_valid_maturation":true},"geometry":{"type":"MultiPolygon","coordinates":[[[[79.870361,6.831857],[79.869843,6.831857],[79.869583,6.832303],[79.869843,6.832749],[79.870361,6.832749],[79.870621,6.832303],[79.870361,6.831857]]]]}},{"type":"Feature","properties":{"id":154,"hex_id":154,"culdesac_n":1,"mean_stub_m":114.9,"median_stub_m":114.9,"depth_short":0,"depth_medium":1,"depth_long":0,"corridor_n":0,"Hex_area":8660.254,"walk_join_ok":true,"access_score":1.0,"access_tier":"high","analysis_ok":true,"snap_ok":true,"density_join_ok":true,"FSI":1.6806,"GSI":0.385,"Density_V":0.4645,"is_valid":true,"maturation_join_ok":true,"umi":0.2274,"entropy_norm":0.1294,"accessibility":0.0883,"tier":"medium","is_valid_maturation":true},"geometry":{"type":"MultiPolygon","coordinates":[[[[79.871917,6.831857],[79.871399,6.831857],[79.871139,6.832303],[79.871399,6.832749],[79.871917,6.832749],[79.872176,6.832303],[79.871917,6.831857]]]]}},{"type":"Feature","properties":{"id":159,"hex_id":159,"culdesac_n":1,"mean_stub_m":63.4,"median_stub_m":63.4,"depth_short":0,"depth_medium":1,"depth_long":0,"corridor_n":0,"Hex_area":8660.254,"walk_join_ok":true,"access_score":1.0,"access_tier":"high","analysis_ok":true,"snap_ok":true,"density_join_ok":true,"FSI":0.1402,"GSI":0.0339,"Density_V":0.0402,"is_valid":true,"maturation_join_ok":true,"umi":0.2841,"entropy_norm":0.6484,"accessibility":0.1636,"tier":"medium","is_valid_maturation":true},"geometry":{"type":"MultiPolygon","coordinates":[[[[79.862582,6.832749],[79.862063,6.832749],[79.861804,6.833195],[79.862063,6.833641],[79.862582,6.833641],[79.862841,6.833195],[79.862582,6.832749]]]]}},{"type":"Feature","properties":{"id":162,"hex_id":162,"culdesac_n":1,"mean_stub_m":49.2,"median_stub_m":49.2,"depth_short":1,"depth_medium":0,"depth_long":0,"corridor_n":0,"Hex_area":8660.254,"walk_join_ok":true,"access_score":1.0,"access_tier":"high","analysis_ok":true,"snap_ok":true,"density_join_ok":true,"FSI":1.8646,"GSI":0.4073,"Density_V":0.4984,"is_valid":true,"maturation_join_ok":true,"umi":0.4171,"entropy_norm":0.6968,"accessibility":0.056,"tier":"high","is_valid_maturation":true},"geometry":{"type":"MultiPolygon","coordinates":[[[[79.864915,6.832303],[79.864397,6.832303],[79.864138,6.832749],[79.864397,6.833195],[79.864915,6.833195],[79.865175,6.832749],[79.864915,6.832303]]]]}},{"type":"Feature","properties":{"id":164,"hex_id":164,"culdesac_n":1,"mean_stub_m":101.3,"median_stub_m":101.3,"depth_short":0,"depth_medium":1,"depth_long":0,"corridor_n":0,"Hex_area":8660.254,"walk_join_ok":true,"access_score":1.0,"access_tier":"high","analysis_ok":true,"snap_ok":true,"density_join_ok":true,"FSI":1.6561,"GSI":0.3178,"Density_V":0.4049,"is_valid":true,"maturation_join_ok":true,"umi":0.4401,"entropy_norm":0.8493,"accessibility":0.0661,"tier":"high","is_valid_maturation":true},"geometry":{"type":"MultiPolygon","coordinates":[[[[79.866471,6.832303],[79.865953,6.832303],[79.865693,6.832749],[79.865953,6.833195],[79.866471,6.833195],[79.866731,6.832749],[79.866471,6.832303]]]]}},{"type":"Feature","properties":{"id":167,"hex_id":167,"culdesac_n":1,"mean_stub_m":99.1,"median_stub_m":99.1,"depth_short":0,"depth_medium":1,"depth_long":0,"corridor_n":0,"Hex_area":8660.254,"walk_join_ok":true,"access_score":1.0,"access_tier":"high","analysis_ok":true,"snap_ok":true,"density_join_ok":true,"FSI":1.646,"GSI":0.4333,"Density_V":0.5032,"is_valid":true,"maturation_join_ok":true,"umi":0.2459,"entropy_norm":0.1613,"accessibility":0.0732,"tier":"medium","is_valid_maturation":true},"geometry":{"type":"MultiPolygon","coordinates":[[[[79.868805,6.832749],[79.868287,6.832749],[79.868027,6.833195],[79.868287,6.833641],[79.868805,6.833641],[79.869065,6.833195],[79.868805,6.832749]]]]}},{"type":"Feature","properties":{"id":177,"hex_id":177,"culdesac_n":1,"mean_stub_m":130.1,"median_stub_m":130.1,"depth_short":0,"depth_medium":1,"depth_long":0,"corridor_n":0,"Hex_area":8660.254,"walk_join_ok":true,"access_score":0.6667,"access_tier":"medium","analysis_ok":true,"snap_ok":true,"density_join_ok":true,"FSI":0.8379,"GSI":0.1698,"Density_V":0.2126,"is_valid":true,"maturation_join_ok":true,"umi":0.2544,"entropy_norm":0.4208,"accessibility":0.1299,"tier":"medium","is_valid_maturation":true},"geometry":{"type":"MultiPolygon","coordinates":[[[[79.86336,6.833195],[79.862841,6.833195],[79.862582,6.833641],[79.862841,6.834087],[79.86336,6.834087],[79.863619,6.833641],[79.86336,6.833195]]]]}},{"type":"Feature","properties":{"id":182,"hex_id":182,"culdesac_n":1,"mean_stub_m":101.8,"median_stub_m":101.8,"depth_short":0,"depth_medium":1,"depth_long":0,"corridor_n":1,"Hex_area":8660.254,"walk_join_ok":true,"access_score":1.0,"access_tier":"high","analysis_ok":true,"snap_ok":true,"density_join_ok":true,"FSI":1.7017,"GSI":0.3895,"Density_V":0.4701,"is_valid":true,"maturation_join_ok":true,"umi":0.6228,"entropy_norm":0.7416,"accessibility":0.6566,"tier":"high","is_valid_maturation":true},"geometry":{"type":"MultiPolygon","coordinates":[[[[79.867249,6.833641],[79.866731,6.833641],[79.866471,6.834087],[79.866731,6.834533],[79.867249,6.834533],[79.867509,6.834087],[79.867249,6.833641]]]]}},{"type":"Feature","properties":{"id":186,"hex_id":186,"culdesac_n":1,"mean_stub_m":90.9,"median_stub_m":90.9,"depth_short":0,"depth_medium":1,"depth_long":0,"corridor_n":0,"Hex_area":8660.254,"walk_join_ok":true,"access_score":1.0,"access_tier":"high","analysis_ok":true,"snap_ok":true,"density_join_ok":true,"FSI":1.5397,"GSI":0.3553,"Density_V":0.4278,"is_valid":true,"maturation_join_ok":true,"umi":0.2959,"entropy_norm":0.4098,"accessibility":0.0501,"tier":"medium","is_valid_maturation":true},"geometry":{"type":"MultiPolygon","coordinates":[[[[79.870361,6.833641],[79.869843,6.833641],[79.869583,6.834087],[79.869843,6.834533],[79.870361,6.834533],[79.870621,6.834087],[79.870361,6.833641]]]]}},{"type":"Feature","properties":{"id":187,"hex_id":187,"culdesac_n":1,"mean_stub_m":61.4,"median_stub_m":61.4,"depth_short":0,"depth_medium":1,"depth_long":0,"corridor_n":0,"Hex_area":8660.254,"walk_join_ok":true,"access_score":1.0,"access_tier":"high","analysis_ok":true,"snap_ok":true,"density_join_ok":true,"FSI":1.5068,"GSI":0.3338,"Density_V":0.4067,"is_valid":true,"maturation_join_ok":true,"umi":0.2114,"entropy_norm":0.1442,"accessibility":0.0833,"tier":"medium","is_valid_maturation":true},"geometry":{"type":"MultiPolygon","coordinates":[[[[79.871139,6.833195],[79.870621,6.833195],[79.870361,6.833641],[79.870621,6.834087],[79.871139,6.834087],[79.871399,6.833641],[79.871139,6.833195]]]]}},{"type":"Feature","properties":{"id":188,"hex_id":188,"culdesac_n":2,"mean_stub_m":34.6,"median_stub_m":34.6,"depth_short":2,"depth_medium":0,"depth_long":0,"corridor_n":0,"Hex_area":8660.254,"walk_join_ok":true,"access_score":0.8333,"access_tier":"high","analysis_ok":true,"snap_ok":true,"density_join_ok":true,"FSI":1.6967,"GSI":0.3949,"Density_V":0.4744,"is_valid":true,"maturation_join_ok":true,"umi":0.1999,"entropy_norm":0.0878,"accessibility":0.0377,"tier":"medium","is_valid_maturation":true},"geometry":{"type":"MultiPolygon","coordinates":[[[[79.871917,6.833641],[79.871399,6.833641],[79.871139,6.834087],[79.871399,6.834533],[79.871917,6.834533],[79.872176,6.834087],[79.871917,6.833641]]]]}},{"type":"Feature","properties":{"id":192,"hex_id":192,"culdesac_n":1,"mean_stub_m":17.3,"median_stub_m":17.3,"depth_short":1,"depth_medium":0,"depth_long":0,"corridor_n":0,"Hex_area":8660.254,"walk_join_ok":true,"access_score":0.8333,"access_tier":"high","analysis_ok":true,"snap_ok":true,"density_join_ok":true,"FSI":1.4229,"GSI":0.2627,"Density_V":0.3391,"is_valid":true,"maturation_join_ok":true,"umi":0.3483,"entropy_norm":0.6426,"accessibility":0.0632,"tier":"medium","is_valid_maturation":true},"geometry":{"type":"MultiPolygon","coordinates":[[[[79.86336,6.834087],[79.862841,6.834087],[79.862582,6.834533],[79.862841,6.834979],[79.86336,6.834979],[79.863619,6.834533],[79.86336,6.834087]]]]}},{"type":"Feature","properties":{"id":193,"hex_id":193,"culdesac_n":1,"mean_stub_m":31.3,"median_stub_m":31.3,"depth_short":1,"depth_medium":0,"depth_long":0,"corridor_n":0,"Hex_area":8660.254,"walk_join_ok":true,"access_score":1.0,"access_tier":"high","analysis_ok":true,"snap_ok":true,"density_join_ok":true,"FSI":1.8062,"GSI":0.3428,"Density_V":0.4384,"is_valid":true,"maturation_join_ok":true,"umi":0.3828,"entropy_norm":0.6545,"accessibility":0.0554,"tier":"high","is_valid_maturation":true},"geometry":{"type":"MultiPolygon","coordinates":[[[[79.864138,6.834533],[79.863619,6.834533],[79.86336,6.834979],[79.863619,6.835425],[79.864138,6.835425],[79.864397,6.834979],[79.864138,6.834533]]]]}},{"type":"Feature","properties":{"id":202,"hex_id":202,"culdesac_n":2,"mean_stub_m":92.7,"median_stub_m":92.7,"depth_short":0,"depth_medium":2,"depth_long":0,"corridor_n":0,"Hex_area":8660.254,"walk_join_ok":true,"access_score":0.5,"access_tier":"medium","analysis_ok":true,"snap_ok":true,"density_join_ok":true,"FSI":1.0378,"GSI":0.2512,"Density_V":0.2984,"is_valid":true,"maturation_join_ok":true,"umi":0.2491,"entropy_norm":0.3799,"accessibility":0.069,"tier":"medium","is_valid_maturation":true},"geometry":{"type":"MultiPolygon","coordinates":[[[[79.871139,6.834087],[79.870621,6.834087],[79.870361,6.834533],[79.870621,6.834979],[79.871139,6.834979],[79.871399,6.834533],[79.871139,6.834087]]]]}},{"type":"Feature","properties":{"id":203,"hex_id":203,"culdesac_n":3,"mean_stub_m":63.3,"median_stub_m":72.0,"depth_short":1,"depth_medium":2,"depth_long":0,"corridor_n":0,"Hex_area":8660.254,"walk_join_ok":true,"access_score":0.8333,"access_tier":"high","analysis_ok":true,"snap_ok":true,"density_join_ok":true,"FSI":1.1618,"GSI":0.2921,"Density_V":0.3434,"is_valid":true,"maturation_join_ok":true,"umi":0.3048,"entropy_norm":0.5345,"accessibility":0.0364,"tier":"medium","is_valid_maturation":true},"geometry":{"type":"MultiPolygon","coordinates":[[[[79.871917,6.834533],[79.871399,6.834533],[79.871139,6.834979],[79.871399,6.835425],[79.871917,6.835425],[79.872176,6.834979],[79.871917,6.834533]]]]}},{"type":"Feature","properties":{"id":206,"hex_id":206,"culdesac_n":1,"mean_stub_m":201.3,"median_stub_m":201.3,"depth_short":0,"depth_medium":0,"depth_long":1,"corridor_n":0,"Hex_area":8411.3255,"walk_join_ok":true,"access_score":0.8333,"access_tier":"high","analysis_ok":true,"snap_ok":true,"density_join_ok":true,"FSI":1.1298,"GSI":0.1691,"Density_V":0.2353,"is_valid":false,"maturation_join_ok":true,"umi":0.2516,"entropy_norm":0.4555,"accessibility":0.064,"tier":"medium","is_valid_maturation":false},"geometry":{"type":"MultiPolygon","coordinates":[[[[79.862841,6.83587],[79.86336,6.83587],[79.863619,6.835425],[79.86336,6.834979],[79.862841,6.834979],[79.862718,6.835191],[79.862718,6.835193],[79.862719,6.835217],[79.86272,6.835241],[79.86272,6.835263],[79.862719,6.835285],[79.862717,6.835306],[79.862715,6.835325],[79.862711,6.835345],[79.862707,6.835364],[79.862702,6.835382],[79.862696,6.835401],[79.86269,6.835419],[79.862683,6.835437],[79.862675,6.835454],[79.862666,6.835472],[79.862658,6.835488],[79.86265,6.835503],[79.862642,6.835517],[79.862639,6.835523],[79.862841,6.83587]]]]}},{"type":"Feature","properties":{"id":208,"hex_id":208,"culdesac_n":1,"mean_stub_m":32.0,"median_stub_m":32.0,"depth_short":1,"depth_medium":0,"depth_long":0,"corridor_n":0,"Hex_area":8660.254,"walk_join_ok":true,"access_score":1.0,"access_tier":"high","analysis_ok":true,"snap_ok":true,"density_join_ok":true,"FSI":2.3186,"GSI":0.3557,"Density_V":0.4904,"is_valid":true,"maturation_join_ok":true,"umi":0.4722,"entropy_norm":0.8622,"accessibility":0.064,"tier":"high","is_valid_maturation":true},"geometry":{"type":"MultiPolygon","coordinates":[[[[79.864915,6.834979],[79.864397,6.834979],[79.864138,6.835425],[79.864397,6.83587],[79.864915,6.83587],[79.865175,6.835425],[79.864915,6.834979]]]]}},{"type":"Feature","properties":{"id":210,"hex_id":210,"culdesac_n":1,"mean_stub_m":46.4,"median_stub_m":46.4,"depth_short":1,"depth_medium":0,"depth_long":0,"corridor_n":0,"Hex_area":8660.254,"walk_join_ok":true,"access_score":1.0,"access_tier":"high","analysis_ok":true,"snap_ok":true,"density_join_ok":true,"FSI":2.14,"GSI":0.3642,"Density_V":0.4835,"is_valid":true,"maturation_join_ok":true,"umi":0.4172,"entropy_norm":0.5565,"accessibility":0.2116,"tier":"high","is_valid_maturation":true},"geometry":{"type":"MultiPolygon","coordinates":[[[[79.866471,6.834979],[79.865953,6.834979],[79.865693,6.835425],[79.865953,6.83587],[79.866471,6.83587],[79.866731,6.835425],[79.866471,6.834979]]]]}},{"type":"Feature","properties":{"id":211,"hex_id":211,"culdesac_n":1,"mean_stub_m":53.8,"median_stub_m":53.8,"depth_short":0,"depth_medium":1,"depth_long":0,"corridor_n":0,"Hex_area":8660.254,"walk_join_ok":true,"access_score":1.0,"access_tier":"high","analysis_ok":true,"snap_ok":true,"density_join_ok":true,"FSI":1.8694,"GSI":0.3708,"Density_V":0.4674,"is_valid":true,"maturation_join_ok":true,"umi":0.6741,"entropy_norm":0.5891,"accessibility":0.9659,"tier":"high","is_valid_maturation":true},"geometry":{"type":"MultiPolygon","coordinates":[[[[79.867249,6.835425],[79.866731,6.835425],[79.866471,6.83587],[79.866731,6.836316],[79.867249,6.836316],[79.867509,6.83587],[79.867249,6.835425]]]]}},{"type":"Feature","properties":{"id":212,"hex_id":212,"culdesac_n":1,"mean_stub_m":40.3,"median_stub_m":40.3,"depth_short":1,"depth_medium":0,"depth_long":0,"corridor_n":0,"Hex_area":8660.254,"walk_join_ok":true,"access_score":1.0,"access_tier":"high","analysis_ok":true,"snap_ok":true,"density_join_ok":true,"FSI":1.4729,"GSI":0.3765,"Density_V":0.4407,"is_valid":true,"maturation_join_ok":true,"umi":0.5299,"entropy_norm":0.6215,"accessibility":0.5273,"tier":"high","is_valid_maturation":true},"geometry":{"type":"MultiPolygon","coordinates":[[[[79.868027,6.834979],[79.867509,6.834979],[79.867249,6.835425],[79.867509,6.83587],[79.868027,6.83587],[79.868287,6.835425],[79.868027,6.834979]]]]}},{"type":"Feature","properties":{"id":214,"hex_id":214,"culdesac_n":1,"mean_stub_m":45.1,"median_stub_m":45.1,"depth_short":1,"depth_medium":0,"depth_long":0,"corridor_n":0,"Hex_area":8660.254,"walk_join_ok":true,"access_score":1.0,"access_tier":"high","analysis_ok":true,"snap_ok":true,"density_join_ok":true,"FSI":1.5077,"GSI":0.3797,"Density_V":0.4462,"is_valid":true,"maturation_join_ok":true,"umi":0.2407,"entropy_norm":0.2129,"accessibility":0.063,"tier":"medium","is_valid_maturation":true},"geometry":{"type":"MultiPolygon","coordinates":[[[[79.869583,6.834979],[79.869065,6.834979],[79.868805,6.835425],[79.869065,6.83587],[79.869583,6.83587],[79.869843,6.835425],[79.869583,6.834979]]]]}},{"type":"Feature","properties":{"id":215,"hex_id":215,"culdesac_n":1,"mean_stub_m":51.1,"median_stub_m":51.1,"depth_short":0,"depth_medium":1,"depth_long":0,"corridor_n":0,"Hex_area":8660.254,"walk_join_ok":true,"access_score":0.8333,"access_tier":"high","analysis_ok":true,"snap_ok":true,"density_join_ok":true,"FSI":1.7472,"GSI":0.3577,"Density_V":0.4465,"is_valid":true,"maturation_join_ok":true,"umi":0.3639,"entropy_norm":0.5497,"accessibility":0.0955,"tier":"high","is_valid_maturation":true},"geometry":{"type":"MultiPolygon","coordinates":[[[[79.870361,6.835425],[79.869843,6.835425],[79.869583,6.83587],[79.869843,6.836316],[79.870361,6.836316],[79.870621,6.83587],[79.870361,6.835425]]]]}},{"type":"Feature","properties":{"id":226,"hex_id":226,"culdesac_n":1,"mean_stub_m":57.8,"median_stub_m":57.8,"depth_short":0,"depth_medium":1,"depth_long":0,"corridor_n":0,"Hex_area":8660.254,"walk_join_ok":true,"access_score":1.0,"access_tier":"high","analysis_ok":true,"snap_ok":true,"density_join_ok":true,"FSI":2.1195,"GSI":0.3905,"Density_V":0.5043,"is_valid":true,"maturation_join_ok":true,"umi":0.5904,"entropy_norm":0.6102,"accessibility":0.6567,"tier":"high","is_valid_maturation":true},"geometry":{"type":"MultiPolygon","coordinates":[[[[79.868027,6.83587],[79.867509,6.83587],[79.867249,6.836316],[79.867509,6.836762],[79.868027,6.836762],[79.868287,6.836316],[79.868027,6.83587]]]]}},{"type":"Feature","properties":{"id":227,"hex_id":227,"culdesac_n":1,"mean_stub_m":120.7,"median_stub_m":120.7,"depth_short":0,"depth_medium":1,"depth_long":0,"corridor_n":0,"Hex_area":8660.254,"walk_join_ok":true,"access_score":1.0,"access_tier":"high","analysis_ok":true,"snap_ok":true,"density_join_ok":true,"FSI":3.38,"GSI":0.5229,"Density_V":0.7187,"is_valid":true,"maturation_join_ok":true,"umi":0.2846,"entropy_norm":0.0985,"accessibility":0.0366,"tier":"medium","is_valid_maturation":true},"geometry":{"type":"MultiPolygon","coordinates":[[[[79.868805,6.836316],[79.868287,6.836316],[79.868027,6.836762],[79.868287,6.837208],[79.868805,6.837208],[79.869065,6.836762],[79.868805,6.836316]]]]}},{"type":"Feature","properties":{"id":228,"hex_id":228,"culdesac_n":2,"mean_stub_m":121.1,"median_stub_m":121.1,"depth_short":0,"depth_medium":1,"depth_long":1,"corridor_n":0,"Hex_area":8660.254,"walk_join_ok":true,"access_score":0.8333,"access_tier":"high","analysis_ok":true,"snap_ok":true,"density_join_ok":true,"FSI":1.7543,"GSI":0.416,"Density_V":0.497,"is_valid":true,"maturation_join_ok":true,"umi":0.2548,"entropy_norm":0.2301,"accessibility":0.0374,"tier":"medium","is_valid_maturation":true},"geometry":{"type":"MultiPolygon","coordinates":[[[[79.869583,6.83587],[79.869065,6.83587],[79.868805,6.836316],[79.869065,6.836762],[79.869583,6.836762],[79.869843,6.836316],[79.869583,6.83587]]]]}},{"type":"Feature","properties":{"id":229,"hex_id":229,"culdesac_n":1,"mean_stub_m":64.0,"median_stub_m":64.0,"depth_short":0,"depth_medium":1,"depth_long":0,"corridor_n":0,"Hex_area":8660.254,"walk_join_ok":true,"access_score":1.0,"access_tier":"high","analysis_ok":true,"snap_ok":true,"density_join_ok":true,"FSI":1.4208,"GSI":0.3239,"Density_V":0.3914,"is_valid":true,"maturation_join_ok":true,"umi":0.3366,"entropy_norm":0.5832,"accessibility":0.0351,"tier":"medium","is_valid_maturation":true},"geometry":{"type":"MultiPolygon","coordinates":[[[[79.870361,6.836316],[79.869843,6.836316],[79.869583,6.836762],[79.869843,6.837208],[79.870361,6.837208],[79.870621,6.836762],[79.870361,6.836316]]]]}},{"type":"Feature","properties":{"id":230,"hex_id":230,"culdesac_n":1,"mean_stub_m":140.1,"median_stub_m":140.1,"depth_short":0,"depth_medium":1,"depth_long":0,"corridor_n":0,"Hex_area":8660.254,"walk_join_ok":true,"access_score":1.0,"access_tier":"high","analysis_ok":true,"snap_ok":true,"density_join_ok":true,"FSI":1.2689,"GSI":0.3078,"Density_V":0.3654,"is_valid":true,"maturation_join_ok":true,"umi":0.3575,"entropy_norm":0.6046,"accessibility":0.1026,"tier":"high","is_valid_maturation":true},"geometry":{"type":"MultiPolygon","coordinates":[[[[79.871139,6.83587],[79.870621,6.83587],[79.870361,6.836316],[79.870621,6.836762],[79.871139,6.836762],[79.871399,6.836316],[79.871139,6.83587]]]]}},{"type":"Feature","properties":{"id":231,"hex_id":231,"culdesac_n":3,"mean_stub_m":55.7,"median_stub_m":56.7,"depth_short":1,"depth_medium":2,"depth_long":0,"corridor_n":0,"Hex_area":8007.5305,"walk_join_ok":true,"access_score":1.0,"access_tier":"high","analysis_ok":true,"snap_ok":true,"density_join_ok":true,"FSI":1.563,"GSI":0.3876,"Density_V":0.4574,"is_valid":false,"maturation_join_ok":true,"umi":0.2446,"entropy_norm":0.2084,"accessibility":0.0679,"tier":"medium","is_valid_maturation":false},"geometry":{"type":"MultiPolygon","coordinates":[[[[79.871917,6.836316],[79.871399,6.836316],[79.871139,6.836762],[79.871399,6.837208],[79.871917,6.837208],[79.871963,6.83713],[79.871952,6.837096],[79.871947,6.837025],[79.871955,6.836944],[79.871977,6.836853],[79.872012,6.836751],[79.872061,6.836639],[79.87208,6.836596],[79.871917,6.836316]]]]}},{"type":"Feature","properties":{"id":240,"hex_id":240,"culdesac_n":1,"mean_stub_m":92.7,"median_stub_m":92.7,"depth_short":0,"depth_medium":1,"depth_long":0,"corridor_n":0,"Hex_area":8660.254,"walk_join_ok":true,"access_score":1.0,"access_tier":"high","analysis_ok":true,"snap_ok":true,"density_join_ok":true,"FSI":2.4514,"GSI":0.4278,"Density_V":0.5629,"is_valid":true,"maturation_join_ok":true,"umi":0.2242,"entropy_norm":0.0794,"accessibility":0.0303,"tier":"medium","is_valid_maturation":true},"geometry":{"type":"MultiPolygon","coordinates":[[[[79.868805,6.837208],[79.868287,6.837208],[79.868027,6.837654],[79.868287,6.8381],[79.868805,6.8381],[79.869065,6.837654],[79.868805,6.837208]]]]}},{"type":"Feature","properties":{"id":242,"hex_id":242,"culdesac_n":1,"mean_stub_m":55.6,"median_stub_m":55.6,"depth_short":0,"depth_medium":1,"depth_long":0,"corridor_n":0,"Hex_area":8660.254,"walk_join_ok":true,"access_score":1.0,"access_tier":"high","analysis_ok":true,"snap_ok":true,"density_join_ok":true,"FSI":2.4637,"GSI":0.4899,"Density_V":0.6172,"is_valid":true,"maturation_join_ok":true,"umi":0.3434,"entropy_norm":0.3761,"accessibility":0.037,"tier":"medium","is_valid_maturation":true},"geometry":{"type":"MultiPolygon","coordinates":[[[[79.870361,6.837208],[79.869843,6.837208],[79.869583,6.837654],[79.869843,6.8381],[79.870361,6.8381],[79.870621,6.837654],[79.870361,6.837208]]]]}},{"type":"Feature","properties":{"id":243,"hex_id":243,"culdesac_n":2,"mean_stub_m":72.4,"median_stub_m":72.4,"depth_short":1,"depth_medium":1,"depth_long":0,"corridor_n":0,"Hex_area":8660.254,"walk_join_ok":true,"access_score":0.8333,"access_tier":"high","analysis_ok":true,"snap_ok":true,"density_join_ok":true,"FSI":1.9396,"GSI":0.4623,"Density_V":0.5515,"is_valid":true,"maturation_join_ok":true,"umi":0.2502,"entropy_norm":0.1304,"accessibility":0.0687,"tier":"medium","is_valid_maturation":true},"geometry":{"type":"MultiPolygon","coordinates":[[[[79.871139,6.836762],[79.870621,6.836762],[79.870361,6.837208],[79.870621,6.837654],[79.871139,6.837654],[79.871399,6.837208],[79.871139,6.836762]]]]}},{"type":"Feature","properties":{"id":244,"hex_id":244,"culdesac_n":1,"mean_stub_m":31.6,"median_stub_m":31.6,"depth_short":1,"depth_medium":0,"depth_long":0,"corridor_n":0,"Hex_area":8660.254,"walk_join_ok":true,"access_score":1.0,"access_tier":"high","analysis_ok":true,"snap_ok":true,"density_join_ok":true,"FSI":1.7878,"GSI":0.4155,"Density_V":0.4993,"is_valid":true,"maturation_join_ok":true,"umi":0.2563,"entropy_norm":0.1966,"accessibility":0.0729,"tier":"medium","is_valid_maturation":true},"geometry":{"type":"MultiPolygon","coordinates":[[[[79.871917,6.837208],[79.871399,6.837208],[79.871139,6.837654],[79.871399,6.8381],[79.871917,6.8381],[79.872176,6.837654],[79.871917,6.837208]]]]}},{"type":"Feature","properties":{"id":249,"hex_id":249,"culdesac_n":2,"mean_stub_m":76.5,"median_stub_m":76.5,"depth_short":0,"depth_medium":2,"depth_long":0,"corridor_n":0,"Hex_area":8660.254,"walk_join_ok":true,"access_score":1.0,"access_tier":"high","analysis_ok":true,"snap_ok":true,"density_join_ok":true,"FSI":2.1306,"GSI":0.4292,"Density_V":0.5385,"is_valid":true,"maturation_join_ok":true,"umi":0.2767,"entropy_norm":0.257,"accessibility":0.0345,"tier":"medium","is_valid_maturation":true},"geometry":{"type":"MultiPolygon","coordinates":[[[[79.864138,6.8381],[79.863619,6.8381],[79.86336,6.838546],[79.863619,6.838992],[79.864138,6.838992],[79.864397,6.838546],[79.864138,6.8381]]]]}},{"type":"Feature","properties":{"id":252,"hex_id":252,"culdesac_n":1,"mean_stub_m":125.3,"median_stub_m":125.3,"depth_short":0,"depth_medium":1,"depth_long":0,"corridor_n":0,"Hex_area":8660.254,"walk_join_ok":true,"access_score":1.0,"access_tier":"high","analysis_ok":true,"snap_ok":true,"density_join_ok":true,"FSI":1.8836,"GSI":0.3704,"Density_V":0.4683,"is_valid":true,"maturation_join_ok":true,"umi":0.4435,"entropy_norm":0.6159,"accessibility":0.2463,"tier":"high","is_valid_maturation":true},"geometry":{"type":"MultiPolygon","coordinates":[[[[79.866471,6.837654],[79.865953,6.837654],[79.865693,6.8381],[79.865953,6.838546],[79.866471,6.838546],[79.866731,6.8381],[79.866471,6.837654]]]]}},{"type":"Feature","properties":{"id":257,"hex_id":257,"culdesac_n":1,"mean_stub_m":47.3,"median_stub_m":47.3,"depth_short":1,"depth_medium":0,"depth_long":0,"corridor_n":0,"Hex_area":8660.254,"walk_join_ok":true,"access_score":1.0,"access_tier":"high","analysis_ok":true,"snap_ok":true,"density_join_ok":true,"FSI":1.6772,"GSI":0.3688,"Density_V":0.4504,"is_valid":true,"maturation_join_ok":true,"umi":0.2637,"entropy_norm":0.2275,"accessibility":0.1131,"tier":"medium","is_valid_maturation":true},"geometry":{"type":"MultiPolygon","coordinates":[[[[79.870361,6.8381],[79.869843,6.8381],[79.869583,6.838546],[79.869843,6.838992],[79.870361,6.838992],[79.870621,6.838546],[79.870361,6.8381]]]]}},{"type":"Feature","properties":{"id":258,"hex_id":258,"culdesac_n":2,"mean_stub_m":39.0,"median_stub_m":39.0,"depth_short":2,"depth_medium":0,"depth_long":0,"corridor_n":0,"Hex_area":8660.254,"walk_join_ok":true,"access_score":1.0,"access_tier":"high","analysis_ok":true,"snap_ok":true,"density_join_ok":true,"FSI":1.8536,"GSI":0.4155,"Density_V":0.5045,"is_valid":true,"maturation_join_ok":true,"umi":0.2267,"entropy_norm":0.1281,"accessibility":0.0475,"tier":"medium","is_valid_maturation":true},"geometry":{"type":"MultiPolygon","coordinates":[[[[79.871139,6.837654],[79.870621,6.837654],[79.870361,6.8381],[79.870621,6.838546],[79.871139,6.838546],[79.871399,6.8381],[79.871139,6.837654]]]]}},{"type":"Feature","properties":{"id":259,"hex_id":259,"culdesac_n":1,"mean_stub_m":25.7,"median_stub_m":25.7,"depth_short":1,"depth_medium":0,"depth_long":0,"corridor_n":0,"Hex_area":8660.254,"walk_join_ok":true,"access_score":1.0,"access_tier":"high","analysis_ok":true,"snap_ok":true,"density_join_ok":true,"FSI":1.3906,"GSI":0.3355,"Density_V":0.3989,"is_valid":true,"maturation_join_ok":true,"umi":0.1842,"entropy_norm":0.1079,"accessibility":0.0459,"tier":"medium","is_valid_maturation":true},"geometry":{"type":"MultiPolygon","coordinates":[[[[79.871917,6.8381],[79.871399,6.8381],[79.871139,6.838546],[79.871399,6.838992],[79.871917,6.838992],[79.872176,6.838546],[79.871917,6.8381]]]]}},{"type":"Feature","properties":{"id":260,"hex_id":260,"culdesac_n":1,"mean_stub_m":48.7,"median_stub_m":48.7,"depth_short":1,"depth_medium":0,"depth_long":0,"corridor_n":0,"Hex_area":8660.254,"walk_join_ok":true,"access_score":0.8333,"access_tier":"high","analysis_ok":true,"snap_ok":true,"density_join_ok":true,"FSI":1.5743,"GSI":0.3558,"Density_V":0.431,"is_valid":true,"maturation_join_ok":true,"umi":0.2714,"entropy_norm":0.3489,"accessibility":0.0344,"tier":"medium","is_valid_maturation":true},"geometry":{"type":"MultiPolygon","coordinates":[[[[79.872695,6.837654],[79.872176,6.837654],[79.871917,6.8381],[79.872176,6.838546],[79.872695,6.838546],[79.872954,6.8381],[79.872695,6.837654]]]]}},{"type":"Feature","properties":{"id":266,"hex_id":266,"culdesac_n":2,"mean_stub_m":80.3,"median_stub_m":80.3,"depth_short":0,"depth_medium":2,"depth_long":0,"corridor_n":0,"Hex_area":8660.254,"walk_join_ok":true,"access_score":0.0,"access_tier":"low","analysis_ok":true,"snap_ok":true,"density_join_ok":true,"FSI":1.1109,"GSI":0.2236,"Density_V":0.2806,"is_valid":true,"maturation_join_ok":true,"umi":0.1483,"entropy_norm":0.126,"accessibility":0.0383,"tier":"low","is_valid_maturation":true},"geometry":{"type":"MultiPolygon","coordinates":[[[[79.865693,6.838992],[79.865175,6.838992],[79.864915,6.839438],[79.865175,6.839884],[79.865693,6.839884],[79.865953,6.839438],[79.865693,6.838992]]]]}},{"type":"Feature","properties":{"id":267,"hex_id":267,"culdesac_n":1,"mean_stub_m":85.0,"median_stub_m":85.0,"depth_short":0,"depth_medium":1,"depth_long":0,"corridor_n":0,"Hex_area":8660.254,"walk_join_ok":true,"access_score":1.0,"access_tier":"high","analysis_ok":true,"snap_ok":true,"density_join_ok":true,"FSI":2.1964,"GSI":0.3975,"Density_V":0.5165,"is_valid":true,"maturation_join_ok":true,"umi":0.4429,"entropy_norm":0.6709,"accessibility":0.1414,"tier":"high","is_valid_maturation":true},"geometry":{"type":"MultiPolygon","coordinates":[[[[79.866471,6.838546],[79.865953,6.838546],[79.865693,6.838992],[79.865953,6.839438],[79.866471,6.839438],[79.866731,6.838992],[79.866471,6.838546]]]]}},{"type":"Feature","properties":{"id":270,"hex_id":270,"culdesac_n":2,"mean_stub_m":99.1,"median_stub_m":99.1,"depth_short":1,"depth_medium":0,"depth_long":1,"corridor_n":0,"Hex_area":8660.254,"walk_join_ok":true,"access_score":1.0,"access_tier":"high","analysis_ok":true,"snap_ok":true,"density_join_ok":true,"FSI":2.6208,"GSI":0.4879,"Density_V":0.628,"is_valid":true,"maturation_join_ok":true,"umi":0.2892,"entropy_norm":0.2078,"accessibility":0.0317,"tier":"medium","is_valid_maturation":true},"geometry":{"type":"MultiPolygon","coordinates":[[[[79.868805,6.838992],[79.868287,6.838992],[79.868027,6.839438],[79.868287,6.839884],[79.868805,6.839884],[79.869065,6.839438],[79.868805,6.838992]]]]}},{"type":"Feature","properties":{"id":271,"hex_id":271,"culdesac_n":2,"mean_stub_m":39.9,"median_stub_m":39.9,"depth_short":2,"depth_medium":0,"depth_long":0,"corridor_n":0,"Hex_area":8660.254,"walk_join_ok":true,"access_score":1.0,"access_tier":"high","analysis_ok":true,"snap_ok":true,"density_join_ok":true,"FSI":1.8516,"GSI":0.394,"Density_V":0.4859,"is_valid":true,"maturation_join_ok":true,"umi":0.3167,"entropy_norm":0.3886,"accessibility":0.0756,"tier":"medium","is_valid_maturation":true},"geometry":{"type":"MultiPolygon","coordinates":[[[[79.869583,6.838546],[79.869065,6.838546],[79.868805,6.838992],[79.869065,6.839438],[79.869583,6.839438],[79.869843,6.838992],[79.869583,6.838546]]]]}},{"type":"Feature","properties":{"id":272,"hex_id":272,"culdesac_n":1,"mean_stub_m":36.3,"median_stub_m":36.3,"depth_short":1,"depth_medium":0,"depth_long":0,"corridor_n":0,"Hex_area":8660.254,"walk_join_ok":true,"access_score":1.0,"access_tier":"high","analysis_ok":true,"snap_ok":true,"density_join_ok":true,"FSI":1.8708,"GSI":0.4548,"Density_V":0.5396,"is_valid":true,"maturation_join_ok":true,"umi":0.2541,"entropy_norm":0.1904,"accessibility":0.0323,"tier":"medium","is_valid_maturation":true},"geometry":{"type":"MultiPolygon","coordinates":[[[[79.870361,6.838992],[79.869843,6.838992],[79.869583,6.839438],[79.869843,6.839884],[79.870361,6.839884],[79.870621,6.839438],[79.870361,6.838992]]]]}},{"type":"Feature","properties":{"id":273,"hex_id":273,"culdesac_n":1,"mean_stub_m":37.1,"median_stub_m":37.1,"depth_short":1,"depth_medium":0,"depth_long":0,"corridor_n":0,"Hex_area":8660.254,"walk_join_ok":true,"access_score":1.0,"access_tier":"high","analysis_ok":true,"snap_ok":true,"density_join_ok":true,"FSI":2.136,"GSI":0.472,"Density_V":0.5756,"is_valid":true,"maturation_join_ok":true,"umi":0.3089,"entropy_norm":0.2504,"accessibility":0.1008,"tier":"medium","is_valid_maturation":true},"geometry":{"type":"MultiPolygon","coordinates":[[[[79.871139,6.838546],[79.870621,6.838546],[79.870361,6.838992],[79.870621,6.839438],[79.871139,6.839438],[79.871399,6.838992],[79.871139,6.838546]]]]}},{"type":"Feature","properties":{"id":275,"hex_id":275,"culdesac_n":2,"mean_stub_m":34.7,"median_stub_m":34.7,"depth_short":2,"depth_medium":0,"depth_long":0,"corridor_n":0,"Hex_area":8660.254,"walk_join_ok":true,"access_score":0.8333,"access_tier":"high","analysis_ok":true,"snap_ok":true,"density_join_ok":true,"FSI":0.8211,"GSI":0.1919,"Density_V":0.2303,"is_valid":true,"maturation_join_ok":true,"umi":0.2664,"entropy_norm":0.4342,"accessibility":0.1348,"tier":"medium","is_valid_maturation":true},"geometry":{"type":"MultiPolygon","coordinates":[[[[79.872695,6.838546],[79.872176,6.838546],[79.871917,6.838992],[79.872176,6.839438],[79.872695,6.839438],[79.872954,6.838992],[79.872695,6.838546]]]]}},{"type":"Feature","properties":{"id":279,"hex_id":279,"culdesac_n":3,"mean_stub_m":149.0,"median_stub_m":147.4,"depth_short":0,"depth_medium":2,"depth_long":1,"corridor_n":0,"Hex_area":8650.172,"walk_join_ok":true,"access_score":1.0,"access_tier":"high","analysis_ok":true,"snap_ok":true,"density_join_ok":true,"FSI":1.3031,"GSI":0.2434,"Density_V":0.313,"is_valid":false,"maturation_join_ok":true,"umi":0.3174,"entropy_norm":0.6038,"accessibility":0.0353,"tier":"medium","is_valid_maturation":false},"geometry":{"type":"MultiPolygon","coordinates":[[[[79.862841,6.84033],[79.86336,6.84033],[79.863619,6.839884],[79.86336,6.839438],[79.862841,6.839438],[79.862604,6.839846],[79.862603,6.839875],[79.862603,6.839908],[79.862603,6.83992],[79.862841,6.84033]]]]}},{"type":"Feature","properties":{"id":282,"hex_id":282,"culdesac_n":1,"mean_stub_m":44.9,"median_stub_m":44.9,"depth_short":1,"depth_medium":0,"depth_long":0,"corridor_n":0,"Hex_area":8660.254,"walk_join_ok":true,"access_score":0.0,"access_tier":"low","analysis_ok":true,"snap_ok":true,"density_join_ok":true,"FSI":2.6358,"GSI":0.5021,"Density_V":0.6414,"is_valid":true,"maturation_join_ok":true,"umi":0.3534,"entropy_norm":0.381,"accessibility":0.0378,"tier":"high","is_valid_maturation":true},"geometry":{"type":"MultiPolygon","coordinates":[[[[79.865693,6.839884],[79.865175,6.839884],[79.864915,6.84033],[79.865175,6.840776],[79.865693,6.840776],[79.865953,6.84033],[79.865693,6.839884]]]]}},{"type":"Feature","properties":{"id":285,"hex_id":285,"culdesac_n":1,"mean_stub_m":36.3,"median_stub_m":36.3,"depth_short":1,"depth_medium":0,"depth_long":0,"corridor_n":1,"Hex_area":8660.254,"walk_join_ok":true,"access_score":1.0,"access_tier":"high","analysis_ok":true,"snap_ok":true,"density_join_ok":true,"FSI":1.2645,"GSI":0.2788,"Density_V":0.3402,"is_valid":true,"maturation_join_ok":true,"umi":0.5708,"entropy_norm":0.7198,"accessibility":0.6525,"tier":"high","is_valid_maturation":true},"geometry":{"type":"MultiPolygon","coordinates":[[[[79.868027,6.839438],[79.867509,6.839438],[79.867249,6.839884],[79.867509,6.84033],[79.868027,6.84033],[79.868287,6.839884],[79.868027,6.839438]]]]}},{"type":"Feature","properties":{"id":287,"hex_id":287,"culdesac_n":1,"mean_stub_m":91.9,"median_stub_m":91.9,"depth_short":0,"depth_medium":1,"depth_long":0,"corridor_n":0,"Hex_area":8660.254,"walk_join_ok":true,"access_score":1.0,"access_tier":"high","analysis_ok":true,"snap_ok":true,"density_join_ok":true,"FSI":2.1314,"GSI":0.401,"Density_V":0.5143,"is_valid":true,"maturation_join_ok":true,"umi":0.2177,"entropy_norm":0.1065,"accessibility":0.0323,"tier":"medium","is_valid_maturation":true},"geometry":{"type":"MultiPolygon","coordinates":[[[[79.869583,6.839438],[79.869065,6.839438],[79.868805,6.839884],[79.869065,6.84033],[79.869583,6.84033],[79.869843,6.839884],[79.869583,6.839438]]]]}},{"type":"Feature","properties":{"id":288,"hex_id":288,"culdesac_n":1,"mean_stub_m":31.8,"median_stub_m":31.8,"depth_short":1,"depth_medium":0,"depth_long":0,"corridor_n":0,"Hex_area":8660.254,"walk_join_ok":true,"access_score":1.0,"access_tier":"high","analysis_ok":true,"snap_ok":true,"density_join_ok":true,"FSI":1.5615,"GSI":0.3644,"Density_V":0.4373,"is_valid":true,"maturation_join_ok":true,"umi":0.3128,"entropy_norm":0.4647,"accessibility":0.0365,"tier":"medium","is_valid_maturation":true},"geometry":{"type":"MultiPolygon","coordinates":[[[[79.870361,6.839884],[79.869843,6.839884],[79.869583,6.84033],[79.869843,6.840776],[79.870361,6.840776],[79.870621,6.84033],[79.870361,6.839884]]]]}},{"type":"Feature","properties":{"id":290,"hex_id":290,"culdesac_n":3,"mean_stub_m":70.7,"median_stub_m":36.8,"depth_short":2,"depth_medium":1,"depth_long":0,"corridor_n":0,"Hex_area":8660.254,"walk_join_ok":true,"access_score":0.6667,"access_tier":"medium","analysis_ok":true,"snap_ok":true,"density_join_ok":true,"FSI":2.0646,"GSI":0.4533,"Density_V":0.5538,"is_valid":true,"maturation_join_ok":true,"umi":0.2908,"entropy_norm":0.2869,"accessibility":0.0318,"tier":"medium","is_valid_maturation":true},"geometry":{"type":"MultiPolygon","coordinates":[[[[79.871917,6.839884],[79.871399,6.839884],[79.871139,6.84033],[79.871399,6.840776],[79.871917,6.840776],[79.872176,6.84033],[79.871917,6.839884]]]]}},{"type":"Feature","properties":{"id":291,"hex_id":291,"culdesac_n":1,"mean_stub_m":70.4,"median_stub_m":70.4,"depth_short":0,"depth_medium":1,"depth_long":0,"corridor_n":0,"Hex_area":8660.254,"walk_join_ok":true,"access_score":0.6667,"access_tier":"medium","analysis_ok":true,"snap_ok":true,"density_join_ok":true,"FSI":1.3358,"GSI":0.3285,"Density_V":0.3885,"is_valid":true,"maturation_join_ok":true,"umi":0.2115,"entropy_norm":0.1795,"accessibility":0.0664,"tier":"medium","is_valid_maturation":true},"geometry":{"type":"MultiPolygon","coordinates":[[[[79.872695,6.839438],[79.872176,6.839438],[79.871917,6.839884],[79.872176,6.84033],[79.872695,6.84033],[79.872954,6.839884],[79.872695,6.839438]]]]}},{"type":"Feature","properties":{"id":292,"hex_id":292,"culdesac_n":2,"mean_stub_m":40.5,"median_stub_m":40.5,"depth_short":2,"depth_medium":0,"depth_long":0,"corridor_n":0,"Hex_area":8660.254,"walk_join_ok":true,"access_score":0.5,"access_tier":"medium","analysis_ok":true,"snap_ok":true,"density_join_ok":true,"FSI":1.576,"GSI":0.4166,"Density_V":0.4833,"is_valid":true,"maturation_join_ok":true,"umi":0.185,"entropy_norm":0.0374,"accessibility":0.0343,"tier":"medium","is_valid_maturation":true},"geometry":{"type":"MultiPolygon","coordinates":[[[[79.873473,6.839884],[79.872954,6.839884],[79.872695,6.84033],[79.872954,6.840776],[79.873473,6.840776],[79.873732,6.84033],[79.873473,6.839884]]]]}},{"type":"Feature","properties":{"id":296,"hex_id":296,"culdesac_n":2,"mean_stub_m":146.5,"median_stub_m":146.5,"depth_short":0,"depth_medium":1,"depth_long":1,"corridor_n":0,"Hex_area":8660.254,"walk_join_ok":true,"access_score":0.8333,"access_tier":"high","analysis_ok":true,"snap_ok":true,"density_join_ok":true,"FSI":1.6274,"GSI":0.2411,"Density_V":0.3369,"is_valid":true,"maturation_join_ok":true,"umi":0.3181,"entropy_norm":0.5789,"accessibility":0.0384,"tier":"medium","is_valid_maturation":true},"geometry":{"type":"MultiPolygon","coordinates":[[[[79.86336,6.84033],[79.862841,6.84033],[79.862582,6.840776],[79.862841,6.841222],[79.86336,6.841222],[79.863619,6.840776],[79.86336,6.84033]]]]}},{"type":"Feature","properties":{"id":299,"hex_id":299,"culdesac_n":1,"mean_stub_m":23.0,"median_stub_m":23.0,"depth_short":1,"depth_medium":0,"depth_long":0,"corridor_n":0,"Hex_area":8660.254,"walk_join_ok":true,"access_score":1.0,"access_tier":"high","analysis_ok":true,"snap_ok":true,"density_join_ok":true,"FSI":2.9154,"GSI":0.437,"Density_V":0.6078,"is_valid":true,"maturation_join_ok":true,"umi":0.3825,"entropy_norm":0.4672,"accessibility":0.0724,"tier":"high","is_valid_maturation":true},"geometry":{"type":"MultiPolygon","coordinates":[[[[79.865693,6.840776],[79.865175,6.840776],[79.864915,6.841222],[79.865175,6.841668],[79.865693,6.841668],[79.865953,6.841222],[79.865693,6.840776]]]]}},{"type":"Feature","properties":{"id":303,"hex_id":303,"culdesac_n":1,"mean_stub_m":81.2,"median_stub_m":81.2,"depth_short":0,"depth_medium":1,"depth_long":0,"corridor_n":0,"Hex_area":8660.254,"walk_join_ok":true,"access_score":1.0,"access_tier":"high","analysis_ok":true,"snap_ok":true,"density_join_ok":true,"FSI":2.9062,"GSI":0.497,"Density_V":0.6586,"is_valid":true,"maturation_join_ok":true,"umi":0.2876,"entropy_norm":0.1701,"accessibility":0.0342,"tier":"medium","is_valid_maturation":true},"geometry":{"type":"MultiPolygon","coordinates":[[[[79.868805,6.840776],[79.868287,6.840776],[79.868027,6.841222],[79.868287,6.841668],[79.868805,6.841668],[79.869065,6.841222],[79.868805,6.840776]]]]}},{"type":"Feature","properties":{"id":304,"hex_id":304,"culdesac_n":1,"mean_stub_m":33.5,"median_stub_m":33.5,"depth_short":1,"depth_medium":0,"depth_long":0,"corridor_n":0,"Hex_area":8660.254,"walk_join_ok":true,"access_score":1.0,"access_tier":"high","analysis_ok":true,"snap_ok":true,"density_join_ok":true,"FSI":2.1643,"GSI":0.384,"Density_V":0.5024,"is_valid":true,"maturation_join_ok":true,"umi":0.2531,"entropy_norm":0.2056,"accessibility":0.0513,"tier":"medium","is_valid_maturation":true},"geometry":{"type":"MultiPolygon","coordinates":[[[[79.869583,6.84033],[79.869065,6.84033],[79.868805,6.840776],[79.869065,6.841222],[79.869583,6.841222],[79.869843,6.840776],[79.869583,6.84033]]]]}},{"type":"Feature","properties":{"id":305,"hex_id":305,"culdesac_n":1,"mean_stub_m":53.1,"median_stub_m":53.1,"depth_short":0,"depth_medium":1,"depth_long":0,"corridor_n":0,"Hex_area":8660.254,"walk_join_ok":true,"access_score":1.0,"access_tier":"high","analysis_ok":true,"snap_ok":true,"density_join_ok":true,"FSI":2.03,"GSI":0.4253,"Density_V":0.5271,"is_valid":true,"maturation_join_ok":true,"umi":0.3161,"entropy_norm":0.3617,"accessibility":0.0595,"tier":"medium","is_valid_maturation":true},"geometry":{"type":"MultiPolygon","coordinates":[[[[79.870361,6.840776],[79.869843,6.840776],[79.869583,6.841222],[79.869843,6.841668],[79.870361,6.841668],[79.870621,6.841222],[79.870361,6.840776]]]]}},{"type":"Feature","properties":{"id":306,"hex_id":306,"culdesac_n":1,"mean_stub_m":65.3,"median_stub_m":65.3,"depth_short":0,"depth_medium":1,"depth_long":0,"corridor_n":0,"Hex_area":8660.254,"walk_join_ok":true,"access_score":1.0,"access_tier":"high","analysis_ok":true,"snap_ok":true,"density_join_ok":true,"FSI":1.2235,"GSI":0.2494,"Density_V":0.3117,"is_valid":true,"maturation_join_ok":true,"umi":0.3885,"entropy_norm":0.8115,"accessibility":0.0423,"tier":"high","is_valid_maturation":true},"geometry":{"type":"MultiPolygon","coordinates":[[[[79.871139,6.84033],[79.870621,6.84033],[79.870361,6.840776],[79.870621,6.841222],[79.871139,6.841222],[79.871399,6.840776],[79.871139,6.84033]]]]}},{"type":"Feature","properties":{"id":307,"hex_id":307,"culdesac_n":3,"mean_stub_m":31.6,"median_stub_m":27.7,"depth_short":3,"depth_medium":0,"depth_long":0,"corridor_n":0,"Hex_area":8660.254,"walk_join_ok":true,"access_score":0.8333,"access_tier":"high","analysis_ok":true,"snap_ok":true,"density_join_ok":true,"FSI":1.9975,"GSI":0.4918,"Density_V":0.5815,"is_valid":true,"maturation_join_ok":true,"umi":0.3782,"entropy_norm":0.5062,"accessibility":0.047,"tier":"high","is_valid_maturation":true},"geometry":{"type":"MultiPolygon","coordinates":[[[[79.871917,6.840776],[79.871399,6.840776],[79.871139,6.841222],[79.871399,6.841668],[79.871917,6.841668],[79.872176,6.841222],[79.871917,6.840776]]]]}},{"type":"Feature","properties":{"id":308,"hex_id":308,"culdesac_n":4,"mean_stub_m":40.7,"median_stub_m":38.5,"depth_short":3,"depth_medium":1,"depth_long":0,"corridor_n":0,"Hex_area":8660.254,"walk_join_ok":true,"access_score":0.5,"access_tier":"medium","analysis_ok":true,"snap_ok":true,"density_join_ok":true,"FSI":2.0931,"GSI":0.5233,"Density_V":0.6162,"is_valid":true,"maturation_join_ok":true,"umi":0.3047,"entropy_norm":0.2355,"accessibility":0.0625,"tier":"medium","is_valid_maturation":true},"geometry":{"type":"MultiPolygon","coordinates":[[[[79.872695,6.84033],[79.872176,6.84033],[79.871917,6.840776],[79.872176,6.841222],[79.872695,6.841222],[79.872954,6.840776],[79.872695,6.84033]]]]}},{"type":"Feature","properties":{"id":309,"hex_id":309,"culdesac_n":1,"mean_stub_m":52.3,"median_stub_m":52.3,"depth_short":0,"depth_medium":1,"depth_long":0,"corridor_n":0,"Hex_area":8660.254,"walk_join_ok":true,"access_score":0.5,"access_tier":"medium","analysis_ok":true,"snap_ok":true,"density_join_ok":true,"FSI":1.6487,"GSI":0.3763,"Density_V":0.4545,"is_valid":true,"maturation_join_ok":true,"umi":0.3332,"entropy_norm":0.4868,"accessibility":0.0585,"tier":"medium","is_valid_maturation":true},"geometry":{"type":"MultiPolygon","coordinates":[[[[79.873473,6.840776],[79.872954,6.840776],[79.872695,6.841222],[79.872954,6.841668],[79.873473,6.841668],[79.873732,6.841222],[79.873473,6.840776]]]]}},{"type":"Feature","properties":{"id":310,"hex_id":310,"culdesac_n":2,"mean_stub_m":45.5,"median_stub_m":45.5,"depth_short":1,"depth_medium":1,"depth_long":0,"corridor_n":0,"Hex_area":8660.254,"walk_join_ok":true,"access_score":0.5,"access_tier":"medium","analysis_ok":true,"snap_ok":true,"density_join_ok":true,"FSI":0.5716,"GSI":0.1368,"Density_V":0.163,"is_valid":true,"maturation_join_ok":true,"umi":0.2011,"entropy_norm":0.4029,"accessibility":0.0375,"tier":"medium","is_valid_maturation":true},"geometry":{"type":"MultiPolygon","coordinates":[[[[79.874251,6.84033],[79.873732,6.84033],[79.873473,6.840776],[79.873732,6.841222],[79.874251,6.841222],[79.87451,6.840776],[79.874251,6.84033]]]]}},{"type":"Feature","properties":{"id":311,"hex_id":311,"culdesac_n":3,"mean_stub_m":74.0,"median_stub_m":40.7,"depth_short":2,"depth_medium":1,"depth_long":0,"corridor_n":0,"Hex_area":8660.254,"walk_join_ok":true,"access_score":0.3333,"access_tier":"low","analysis_ok":true,"snap_ok":true,"density_join_ok":true,"FSI":1.9095,"GSI":0.438,"Density_V":0.5283,"is_valid":true,"maturation_join_ok":true,"umi":0.3321,"entropy_norm":0.4317,"accessibility":0.0362,"tier":"medium","is_valid_maturation":true},"geometry":{"type":"MultiPolygon","coordinates":[[[[79.875029,6.840776],[79.87451,6.840776],[79.874251,6.841222],[79.87451,6.841668],[79.875029,6.841668],[79.875288,6.841222],[79.875029,6.840776]]]]}},{"type":"Feature","properties":{"id":314,"hex_id":314,"culdesac_n":2,"mean_stub_m":121.9,"median_stub_m":121.9,"depth_short":0,"depth_medium":1,"depth_long":1,"corridor_n":0,"Hex_area":8660.254,"walk_join_ok":true,"access_score":0.8333,"access_tier":"high","analysis_ok":true,"snap_ok":true,"density_join_ok":true,"FSI":1.8341,"GSI":0.2995,"Density_V":0.4035,"is_valid":true,"maturation_join_ok":true,"umi":0.3832,"entropy_norm":0.7207,"accessibility":0.0254,"tier":"high","is_valid_maturation":true},"geometry":{"type":"MultiPolygon","coordinates":[[[[79.86336,6.841222],[79.862841,6.841222],[79.862582,6.841668],[79.862841,6.842114],[79.86336,6.842114],[79.863619,6.841668],[79.86336,6.841222]]]]}},{"type":"Feature","properties":{"id":316,"hex_id":316,"culdesac_n":2,"mean_stub_m":38.7,"median_stub_m":38.7,"depth_short":2,"depth_medium":0,"depth_long":0,"corridor_n":0,"Hex_area":8660.254,"walk_join_ok":true,"access_score":1.0,"access_tier":"high","analysis_ok":true,"snap_ok":true,"density_join_ok":true,"FSI":2.6889,"GSI":0.4531,"Density_V":0.6036,"is_valid":true,"maturation_join_ok":true,"umi":0.2866,"entropy_norm":0.2128,"accessibility":0.0432,"tier":"medium","is_valid_maturation":true},"geometry":{"type":"MultiPolygon","coordinates":[[[[79.864915,6.841222],[79.864397,6.841222],[79.864138,6.841668],[79.864397,6.842114],[79.864915,6.842114],[79.865175,6.841668],[79.864915,6.841222]]]]}},{"type":"Feature","properties":{"id":317,"hex_id":317,"culdesac_n":3,"mean_stub_m":96.4,"median_stub_m":78.2,"depth_short":1,"depth_medium":1,"depth_long":1,"corridor_n":0,"Hex_area":8660.254,"walk_join_ok":true,"access_score":1.0,"access_tier":"high","analysis_ok":true,"snap_ok":true,"density_join_ok":true,"FSI":2.2346,"GSI":0.3625,"Density_V":0.4895,"is_valid":true,"maturation_join_ok":true,"umi":0.2038,"entropy_norm":0.0839,"accessibility":0.0382,"tier":"medium","is_valid_maturation":true},"geometry":{"type":"MultiPolygon","coordinates":[[[[79.865693,6.841668],[79.865175,6.841668],[79.864915,6.842114],[79.865175,6.84256],[79.865693,6.84256],[79.865953,6.842114],[79.865693,6.841668]]]]}},{"type":"Feature","properties":{"id":319,"hex_id":319,"culdesac_n":1,"mean_stub_m":22.1,"median_stub_m":22.1,"depth_short":1,"depth_medium":0,"depth_long":0,"corridor_n":1,"Hex_area":8660.254,"walk_join_ok":true,"access_score":1.0,"access_tier":"high","analysis_ok":true,"snap_ok":true,"density_join_ok":true,"FSI":2.4237,"GSI":0.3287,"Density_V":0.4757,"is_valid":true,"maturation_join_ok":true,"umi":0.4322,"entropy_norm":0.5938,"accessibility":0.2272,"tier":"high","is_valid_maturation":true},"geometry":{"type":"MultiPolygon","coordinates":[[[[79.867249,6.841668],[79.866731,6.841668],[79.866471,6.842114],[79.866731,6.84256],[79.867249,6.84256],[79.867509,6.842114],[79.867249,6.841668]]]]}},{"type":"Feature","properties":{"id":321,"hex_id":321,"culdesac_n":1,"mean_stub_m":44.2,"median_stub_m":44.2,"depth_short":1,"depth_medium":0,"depth_long":0,"corridor_n":0,"Hex_area":8660.254,"walk_join_ok":true,"access_score":1.0,"access_tier":"high","analysis_ok":true,"snap_ok":true,"density_join_ok":true,"FSI":3.1686,"GSI":0.5752,"Density_V":0.7467,"is_valid":true,"maturation_join_ok":true,"umi":0.3297,"entropy_norm":0.1923,"accessibility":0.0502,"tier":"medium","is_valid_maturation":true},"geometry":{"type":"MultiPolygon","coordinates":[[[[79.868805,6.841668],[79.868287,6.841668],[79.868027,6.842114],[79.868287,6.84256],[79.868805,6.84256],[79.869065,6.842114],[79.868805,6.841668]]]]}},{"type":"Feature","properties":{"id":322,"hex_id":322,"culdesac_n":1,"mean_stub_m":35.1,"median_stub_m":35.1,"depth_short":1,"depth_medium":0,"depth_long":0,"corridor_n":0,"Hex_area":8660.254,"walk_join_ok":true,"access_score":1.0,"access_tier":"high","analysis_ok":true,"snap_ok":true,"density_join_ok":true,"FSI":1.9736,"GSI":0.3751,"Density_V":0.4795,"is_valid":true,"maturation_join_ok":true,"umi":0.2479,"entropy_norm":0.2058,"accessibility":0.0585,"tier":"medium","is_valid_maturation":true},"geometry":{"type":"MultiPolygon","coordinates":[[[[79.869583,6.841222],[79.869065,6.841222],[79.868805,6.841668],[79.869065,6.842114],[79.869583,6.842114],[79.869843,6.841668],[79.869583,6.841222]]]]}},{"type":"Feature","properties":{"id":324,"hex_id":324,"culdesac_n":1,"mean_stub_m":85.3,"median_stub_m":85.3,"depth_short":0,"depth_medium":1,"depth_long":0,"corridor_n":0,"Hex_area":8660.254,"walk_join_ok":true,"access_score":1.0,"access_tier":"high","analysis_ok":true,"snap_ok":true,"density_join_ok":true,"FSI":2.0739,"GSI":0.4761,"Density_V":0.5742,"is_valid":true,"maturation_join_ok":true,"umi":0.345,"entropy_norm":0.4064,"accessibility":0.0544,"tier":"medium","is_valid_maturation":true},"geometry":{"type":"MultiPolygon","coordinates":[[[[79.871139,6.841222],[79.870621,6.841222],[79.870361,6.841668],[79.870621,6.842114],[79.871139,6.842114],[79.871399,6.841668],[79.871139,6.841222]]]]}},{"type":"Feature","properties":{"id":326,"hex_id":326,"culdesac_n":2,"mean_stub_m":74.3,"median_stub_m":74.3,"depth_short":0,"depth_medium":2,"depth_long":0,"corridor_n":0,"Hex_area":8660.254,"walk_join_ok":true,"access_score":0.5,"access_tier":"medium","analysis_ok":true,"snap_ok":true,"density_join_ok":true,"FSI":1.5423,"GSI":0.4148,"Density_V":0.4791,"is_valid":true,"maturation_join_ok":true,"umi":0.3107,"entropy_norm":0.3866,"accessibility":0.0664,"tier":"medium","is_valid_maturation":true},"geometry":{"type":"MultiPolygon","coordinates":[[[[79.872695,6.841222],[79.872176,6.841222],[79.871917,6.841668],[79.872176,6.842114],[79.872695,6.842114],[79.872954,6.841668],[79.872695,6.841222]]]]}},{"type":"Feature","properties":{"id":327,"hex_id":327,"culdesac_n":1,"mean_stub_m":77.0,"median_stub_m":77.0,"depth_short":0,"depth_medium":1,"depth_long":0,"corridor_n":0,"Hex_area":8660.254,"walk_join_ok":true,"access_score":0.5,"access_tier":"medium","analysis_ok":true,"snap_ok":true,"density_join_ok":true,"FSI":1.7168,"GSI":0.4582,"Density_V":0.5302,"is_valid":true,"maturation_join_ok":true,"umi":0.254,"entropy_norm":0.1695,"accessibility":0.0624,"tier":"medium","is_valid_maturation":true},"geometry":{"type":"MultiPolygon","coordinates":[[[[79.873473,6.841668],[79.872954,6.841668],[79.872695,6.842114],[79.872954,6.84256],[79.873473,6.84256],[79.873732,6.842114],[79.873473,6.841668]]]]}},{"type":"Feature","properties":{"id":328,"hex_id":328,"culdesac_n":3,"mean_stub_m":94.4,"median_stub_m":72.4,"depth_short":0,"depth_medium":2,"depth_long":1,"corridor_n":0,"Hex_area":8660.254,"walk_join_ok":true,"access_score":0.3333,"access_tier":"low","analysis_ok":true,"snap_ok":true,"density_join_ok":true,"FSI":1.9209,"GSI":0.4369,"Density_V":0.5282,"is_valid":true,"maturation_join_ok":true,"umi":0.2146,"entropy_norm":0.0778,"accessibility":0.0377,"tier":"medium","is_valid_maturation":true},"geometry":{"type":"MultiPolygon","coordinates":[[[[79.874251,6.841222],[79.873732,6.841222],[79.873473,6.841668],[79.873732,6.842114],[79.874251,6.842114],[79.87451,6.841668],[79.874251,6.841222]]]]}},{"type":"Feature","properties":{"id":329,"hex_id":329,"culdesac_n":2,"mean_stub_m":81.1,"median_stub_m":81.1,"depth_short":0,"depth_medium":2,"depth_long":0,"corridor_n":0,"Hex_area":8660.254,"walk_join_ok":true,"access_score":0.1667,"access_tier":"low","analysis_ok":true,"snap_ok":true,"density_join_ok":true,"FSI":2.7472,"GSI":0.5319,"Density_V":0.6758,"is_valid":true,"maturation_join_ok":true,"umi":0.283,"entropy_norm":0.1381,"accessibility":0.0352,"tier":"medium","is_valid_maturation":true},"geometry":{"type":"MultiPolygon","coordinates":[[[[79.875029,6.841668],[79.87451,6.841668],[79.874251,6.842114],[79.87451,6.84256],[79.875029,6.84256],[79.875288,6.842114],[79.875029,6.841668]]]]}},{"type":"Feature","properties":{"id":333,"hex_id":333,"culdesac_n":2,"mean_stub_m":222.9,"median_stub_m":222.9,"depth_short":0,"depth_medium":1,"depth_long":1,"corridor_n":0,"Hex_area":8660.254,"walk_join_ok":true,"access_score":0.8333,"access_tier":"high","analysis_ok":true,"snap_ok":true,"density_join_ok":true,"FSI":1.7157,"GSI":0.2746,"Density_V":0.3727,"is_valid":true,"maturation_join_ok":true,"umi":0.3683,"entropy_norm":0.694,"accessibility":0.0383,"tier":"high","is_valid_maturation":true},"geometry":{"type":"MultiPolygon","coordinates":[[[[79.86336,6.842114],[79.862841,6.842114],[79.862582,6.84256],[79.862841,6.843006],[79.86336,6.843006],[79.863619,6.84256],[79.86336,6.842114]]]]}},{"type":"Feature","properties":{"id":337,"hex_id":337,"culdesac_n":1,"mean_stub_m":24.2,"median_stub_m":24.2,"depth_short":1,"depth_medium":0,"depth_long":0,"corridor_n":1,"Hex_area":8660.254,"walk_join_ok":true,"access_score":1.0,"access_tier":"high","analysis_ok":true,"snap_ok":true,"density_join_ok":true,"FSI":2.2167,"GSI":0.4303,"Density_V":0.5462,"is_valid":true,"maturation_join_ok":true,"umi":0.5109,"entropy_norm":0.6433,"accessibility":0.3431,"tier":"high","is_valid_maturation":true},"geometry":{"type":"MultiPolygon","coordinates":[[[[79.866471,6.842114],[79.865953,6.842114],[79.865693,6.84256],[79.865953,6.843006],[79.866471,6.843006],[79.866731,6.84256],[79.866471,6.842114]]]]}},{"type":"Feature","properties":{"id":339,"hex_id":339,"culdesac_n":1,"mean_stub_m":52.2,"median_stub_m":52.2,"depth_short":0,"depth_medium":1,"depth_long":0,"corridor_n":0,"Hex_area":8660.254,"walk_join_ok":true,"access_score":1.0,"access_tier":"high","analysis_ok":true,"snap_ok":true,"density_join_ok":true,"FSI":1.8508,"GSI":0.3788,"Density_V":0.4728,"is_valid":true,"maturation_join_ok":true,"umi":0.2361,"entropy_norm":0.1927,"accessibility":0.0429,"tier":"medium","is_valid_maturation":true},"geometry":{"type":"MultiPolygon","coordinates":[[[[79.868027,6.842114],[79.867509,6.842114],[79.867249,6.84256],[79.867509,6.843006],[79.868027,6.843006],[79.868287,6.84256],[79.868027,6.842114]]]]}},{"type":"Feature","properties":{"id":340,"hex_id":340,"culdesac_n":2,"mean_stub_m":45.3,"median_stub_m":45.3,"depth_short":1,"depth_medium":1,"depth_long":0,"corridor_n":0,"Hex_area":8660.254,"walk_join_ok":true,"access_score":1.0,"access_tier":"high","analysis_ok":true,"snap_ok":true,"density_join_ok":true,"FSI":2.4315,"GSI":0.4381,"Density_V":0.5701,"is_valid":true,"maturation_join_ok":true,"umi":0.2697,"entropy_norm":0.203,"accessibility":0.0361,"tier":"medium","is_valid_maturation":true},"geometry":{"type":"MultiPolygon","coordinates":[[[[79.868805,6.84256],[79.868287,6.84256],[79.868027,6.843006],[79.868287,6.843452],[79.868805,6.843452],[79.869065,6.843006],[79.868805,6.84256]]]]}},{"type":"Feature","properties":{"id":342,"hex_id":342,"culdesac_n":1,"mean_stub_m":38.8,"median_stub_m":38.8,"depth_short":1,"depth_medium":0,"depth_long":0,"corridor_n":0,"Hex_area":8660.254,"walk_join_ok":true,"access_score":1.0,"access_tier":"high","analysis_ok":true,"snap_ok":true,"density_join_ok":true,"FSI":2.1499,"GSI":0.4199,"Density_V":0.532,"is_valid":true,"maturation_join_ok":true,"umi":0.2459,"entropy_norm":0.1535,"accessibility":0.0521,"tier":"medium","is_valid_maturation":true},"geometry":{"type":"MultiPolygon","coordinates":[[[[79.870361,6.84256],[79.869843,6.84256],[79.869583,6.843006],[79.869843,6.843452],[79.870361,6.843452],[79.870621,6.843006],[79.870361,6.84256]]]]}},{"type":"Feature","properties":{"id":343,"hex_id":343,"culdesac_n":1,"mean_stub_m":34.1,"median_stub_m":34.1,"depth_short":1,"depth_medium":0,"depth_long":0,"corridor_n":0,"Hex_area":8660.254,"walk_join_ok":true,"access_score":1.0,"access_tier":"high","analysis_ok":true,"snap_ok":true,"density_join_ok":true,"FSI":1.7574,"GSI":0.3903,"Density_V":0.4752,"is_valid":true,"maturation_join_ok":true,"umi":0.2449,"entropy_norm":0.1984,"accessibility":0.0611,"tier":"medium","is_valid_maturation":true},"geometry":{"type":"MultiPolygon","coordinates":[[[[79.871139,6.842114],[79.870621,6.842114],[79.870361,6.84256],[79.870621,6.843006],[79.871139,6.843006],[79.871399,6.84256],[79.871139,6.842114]]]]}},{"type":"Feature","properties":{"id":348,"hex_id":348,"culdesac_n":1,"mean_stub_m":75.1,"median_stub_m":75.1,"depth_short":0,"depth_medium":1,"depth_long":0,"corridor_n":0,"Hex_area":8660.254,"walk_join_ok":true,"access_score":0.1667,"access_tier":"low","analysis_ok":true,"snap_ok":true,"density_join_ok":true,"FSI":1.3249,"GSI":0.3166,"Density_V":0.3775,"is_valid":true,"maturation_join_ok":true,"umi":0.3143,"entropy_norm":0.5312,"accessibility":0.0342,"tier":"medium","is_valid_maturation":true},"geometry":{"type":"MultiPolygon","coordinates":[[[[79.875029,6.84256],[79.87451,6.84256],[79.874251,6.843006],[79.87451,6.843452],[79.875029,6.843452],[79.875288,6.843006],[79.875029,6.84256]]]]}},{"type":"Feature","properties":{"id":352,"hex_id":352,"culdesac_n":1,"mean_stub_m":32.0,"median_stub_m":32.0,"depth_short":1,"depth_medium":0,"depth_long":0,"corridor_n":0,"Hex_area":8660.254,"walk_join_ok":true,"access_score":0.8333,"access_tier":"high","analysis_ok":true,"snap_ok":true,"density_join_ok":true,"FSI":2.4848,"GSI":0.3396,"Density_V":0.4899,"is_valid":true,"maturation_join_ok":true,"umi":0.4605,"entropy_norm":0.8534,"accessibility":0.0383,"tier":"high","is_valid_maturation":true},"geometry":{"type":"MultiPolygon","coordinates":[[[[79.86336,6.843006],[79.862841,6.843006],[79.862582,6.843452],[79.862841,6.843898],[79.86336,6.843898],[79.863619,6.843452],[79.86336,6.843006]]]]}},{"type":"Feature","properties":{"id":353,"hex_id":353,"culdesac_n":1,"mean_stub_m":66.9,"median_stub_m":66.9,"depth_short":0,"depth_medium":1,"depth_long":0,"corridor_n":0,"Hex_area":8660.254,"walk_join_ok":true,"access_score":0.8333,"access_tier":"high","analysis_ok":true,"snap_ok":true,"density_join_ok":true,"FSI":1.7446,"GSI":0.4302,"Density_V":0.5084,"is_valid":true,"maturation_join_ok":true,"umi":0.2324,"entropy_norm":0.1524,"accessibility":0.0364,"tier":"medium","is_valid_maturation":true},"geometry":{"type":"MultiPolygon","coordinates":[[[[79.864138,6.843452],[79.863619,6.843452],[79.86336,6.843898],[79.863619,6.844344],[79.864138,6.844344],[79.864397,6.843898],[79.864138,6.843452]]]]}},{"type":"Feature","properties":{"id":355,"hex_id":355,"culdesac_n":4,"mean_stub_m":79.3,"median_stub_m":86.2,"depth_short":0,"depth_medium":4,"depth_long":0,"corridor_n":0,"Hex_area":8660.254,"walk_join_ok":true,"access_score":1.0,"access_tier":"high","analysis_ok":true,"snap_ok":true,"density_join_ok":true,"FSI":2.8654,"GSI":0.4602,"Density_V":0.6238,"is_valid":true,"maturation_join_ok":true,"umi":0.3844,"entropy_norm":0.4924,"accessibility":0.0369,"tier":"high","is_valid_maturation":true},"geometry":{"type":"MultiPolygon","coordinates":[[[[79.865693,6.843452],[79.865175,6.843452],[79.864915,6.843898],[79.865175,6.844344],[79.865693,6.844344],[79.865953,6.843898],[79.865693,6.843452]]]]}},{"type":"Feature","properties":{"id":357,"hex_id":357,"culdesac_n":3,"mean_stub_m":65.5,"median_stub_m":48.2,"depth_short":2,"depth_medium":1,"depth_long":0,"corridor_n":1,"Hex_area":8660.254,"walk_join_ok":true,"access_score":1.0,"access_tier":"high","analysis_ok":true,"snap_ok":true,"density_join_ok":true,"FSI":2.0769,"GSI":0.416,"Density_V":0.5228,"is_valid":true,"maturation_join_ok":true,"umi":0.3054,"entropy_norm":0.3562,"accessibility":0.0372,"tier":"medium","is_valid_maturation":true},"geometry":{"type":"MultiPolygon","coordinates":[[[[79.867249,6.843452],[79.866731,6.843452],[79.866471,6.843898],[79.866731,6.844344],[79.867249,6.844344],[79.867509,6.843898],[79.867249,6.843452]]]]}},{"type":"Feature","properties":{"id":358,"hex_id":358,"culdesac_n":1,"mean_stub_m":160.7,"median_stub_m":160.7,"depth_short":0,"depth_medium":0,"depth_long":1,"corridor_n":0,"Hex_area":8660.254,"walk_join_ok":true,"access_score":1.0,"access_tier":"high","analysis_ok":true,"snap_ok":true,"density_join_ok":true,"FSI":2.2495,"GSI":0.3915,"Density_V":0.5156,"is_valid":true,"maturation_join_ok":true,"umi":0.4064,"entropy_norm":0.6715,"accessibility":0.0321,"tier":"high","is_valid_maturation":true},"geometry":{"type":"MultiPolygon","coordinates":[[[[79.868027,6.843006],[79.867509,6.843006],[79.867249,6.843452],[79.867509,6.843898],[79.868027,6.843898],[79.868287,6.843452],[79.868027,6.843006]]]]}},{"type":"Feature","properties":{"id":359,"hex_id":359,"culdesac_n":1,"mean_stub_m":117.7,"median_stub_m":117.7,"depth_short":0,"depth_medium":1,"depth_long":0,"corridor_n":0,"Hex_area":8660.254,"walk_join_ok":true,"access_score":0.8333,"access_tier":"high","analysis_ok":true,"snap_ok":true,"density_join_ok":true,"FSI":1.6332,"GSI":0.3256,"Density_V":0.4099,"is_valid":true,"maturation_join_ok":true,"umi":0.2779,"entropy_norm":0.3907,"accessibility":0.033,"tier":"medium","is_valid_maturation":true},"geometry":{"type":"MultiPolygon","coordinates":[[[[79.868805,6.843452],[79.868287,6.843452],[79.868027,6.843898],[79.868287,6.844344],[79.868805,6.844344],[79.869065,6.843898],[79.868805,6.843452]]]]}},{"type":"Feature","properties":{"id":361,"hex_id":361,"culdesac_n":2,"mean_stub_m":44.8,"median_stub_m":44.8,"depth_short":1,"depth_medium":1,"depth_long":0,"corridor_n":0,"Hex_area":8660.254,"walk_join_ok":true,"access_score":0.8333,"access_tier":"high","analysis_ok":true,"snap_ok":true,"density_join_ok":true,"FSI":1.6104,"GSI":0.3413,"Density_V":0.4214,"is_valid":true,"maturation_join_ok":true,"umi":0.1997,"entropy_norm":0.125,"accessibility":0.0528,"tier":"medium","is_valid_maturation":true},"geometry":{"type":"MultiPolygon","coordinates":[[[[79.870361,6.843452],[79.869843,6.843452],[79.869583,6.843898],[79.869843,6.844344],[79.870361,6.844344],[79.870621,6.843898],[79.870361,6.843452]]]]}},{"type":"Feature","properties":{"id":362,"hex_id":362,"culdesac_n":2,"mean_stub_m":50.7,"median_stub_m":50.7,"depth_short":1,"depth_medium":1,"depth_long":0,"corridor_n":0,"Hex_area":8660.254,"walk_join_ok":true,"access_score":1.0,"access_tier":"high","analysis_ok":true,"snap_ok":true,"density_join_ok":true,"FSI":1.2369,"GSI":0.3115,"Density_V":0.3661,"is_valid":true,"maturation_join_ok":true,"umi":0.2895,"entropy_norm":0.4427,"accessibility":0.0598,"tier":"medium","is_valid_maturation":true},"geometry":{"type":"MultiPolygon","coordinates":[[[[79.871139,6.843006],[79.870621,6.843006],[79.870361,6.843452],[79.870621,6.843898],[79.871139,6.843898],[79.871399,6.843452],[79.871139,6.843006]]]]}},{"type":"Feature","properties":{"id":363,"hex_id":363,"culdesac_n":2,"mean_stub_m":28.0,"median_stub_m":28.0,"depth_short":2,"depth_medium":0,"depth_long":0,"corridor_n":0,"Hex_area":8660.254,"walk_join_ok":true,"access_score":1.0,"access_tier":"high","analysis_ok":true,"snap_ok":true,"density_join_ok":true,"FSI":2.0815,"GSI":0.464,"Density_V":0.5643,"is_valid":true,"maturation_join_ok":true,"umi":0.2743,"entropy_norm":0.2129,"accessibility":0.0458,"tier":"medium","is_valid_maturation":true},"geometry":{"type":"MultiPolygon","coordinates":[[[[79.871917,6.843452],[79.871399,6.843452],[79.871139,6.843898],[79.871399,6.844344],[79.871917,6.844344],[79.872176,6.843898],[79.871917,6.843452]]]]}},{"type":"Feature","properties":{"id":364,"hex_id":364,"culdesac_n":1,"mean_stub_m":188.7,"median_stub_m":188.7,"depth_short":0,"depth_medium":0,"depth_long":1,"corridor_n":0,"Hex_area":8660.254,"walk_join_ok":true,"access_score":0.3333,"access_tier":"low","analysis_ok":true,"snap_ok":true,"density_join_ok":true,"FSI":2.4347,"GSI":0.5215,"Density_V":0.6419,"is_valid":true,"maturation_join_ok":true,"umi":0.2399,"entropy_norm":0.0404,"accessibility":0.0373,"tier":"medium","is_valid_maturation":true},"geometry":{"type":"MultiPolygon","coordinates":[[[[79.872695,6.843006],[79.872176,6.843006],[79.871917,6.843452],[79.872176,6.843898],[79.872695,6.843898],[79.872954,6.843452],[79.872695,6.843006]]]]}},{"type":"Feature","properties":{"id":365,"hex_id":365,"culdesac_n":2,"mean_stub_m":62.1,"median_stub_m":62.1,"depth_short":0,"depth_medium":2,"depth_long":0,"corridor_n":0,"Hex_area":8660.254,"walk_join_ok":true,"access_score":0.1667,"access_tier":"low","analysis_ok":true,"snap_ok":true,"density_join_ok":true,"FSI":1.5801,"GSI":0.3576,"Density_V":0.433,"is_valid":true,"maturation_join_ok":true,"umi":0.2085,"entropy_norm":0.1546,"accessibility":0.038,"tier":"medium","is_valid_maturation":true},"geometry":{"type":"MultiPolygon","coordinates":[[[[79.873473,6.843452],[79.872954,6.843452],[79.872695,6.843898],[79.872954,6.844344],[79.873473,6.844344],[79.873732,6.843898],[79.873473,6.843452]]]]}},{"type":"Feature","properties":{"id":367,"hex_id":367,"culdesac_n":3,"mean_stub_m":39.8,"median_stub_m":44.0,"depth_short":2,"depth_medium":1,"depth_long":0,"corridor_n":2,"Hex_area":8660.254,"walk_join_ok":true,"access_score":0.1667,"access_tier":"low","analysis_ok":true,"snap_ok":true,"density_join_ok":true,"FSI":1.4794,"GSI":0.3113,"Density_V":0.3853,"is_valid":true,"maturation_join_ok":true,"umi":0.3649,"entropy_norm":0.6711,"accessibility":0.0384,"tier":"high","is_valid_maturation":true},"geometry":{"type":"MultiPolygon","coordinates":[[[[79.875029,6.843452],[79.87451,6.843452],[79.874251,6.843898],[79.87451,6.844344],[79.875029,6.844344],[79.875288,6.843898],[79.875029,6.843452]]]]}},{"type":"Feature","properties":{"id":371,"hex_id":371,"culdesac_n":2,"mean_stub_m":47.6,"median_stub_m":47.6,"depth_short":1,"depth_medium":1,"depth_long":0,"corridor_n":0,"Hex_area":8660.254,"walk_join_ok":true,"access_score":0.8333,"access_tier":"high","analysis_ok":true,"snap_ok":true,"density_join_ok":true,"FSI":1.344,"GSI":0.2992,"Density_V":0.364,"is_valid":true,"maturation_join_ok":true,"umi":0.2868,"entropy_norm":0.4599,"accessibility":0.0365,"tier":"medium","is_valid_maturation":true},"geometry":{"type":"MultiPolygon","coordinates":[[[[79.86336,6.843898],[79.862841,6.843898],[79.862582,6.844344],[79.862841,6.84479],[79.86336,6.84479],[79.863619,6.844344],[79.86336,6.843898]]]]}},{"type":"Feature","properties":{"id":372,"hex_id":372,"culdesac_n":1,"mean_stub_m":36.1,"median_stub_m":36.1,"depth_short":1,"depth_medium":0,"depth_long":0,"corridor_n":0,"Hex_area":8660.254,"walk_join_ok":true,"access_score":1.0,"access_tier":"high","analysis_ok":true,"snap_ok":true,"density_join_ok":true,"FSI":2.1222,"GSI":0.3996,"Density_V":0.5123,"is_valid":true,"maturation_join_ok":true,"umi":0.373,"entropy_norm":0.4873,"accessibility":0.1193,"tier":"high","is_valid_maturation":true},"geometry":{"type":"MultiPolygon","coordinates":[[[[79.864138,6.844344],[79.863619,6.844344],[79.86336,6.84479],[79.863619,6.845236],[79.864138,6.845236],[79.864397,6.84479],[79.864138,6.844344]]]]}},{"type":"Feature","properties":{"id":374,"hex_id":374,"culdesac_n":1,"mean_stub_m":70.2,"median_stub_m":70.2,"depth_short":0,"depth_medium":1,"depth_long":0,"corridor_n":0,"Hex_area":8660.254,"walk_join_ok":true,"access_score":1.0,"access_tier":"high","analysis_ok":true,"snap_ok":true,"density_join_ok":true,"FSI":0.7157,"GSI":0.1132,"Density_V":0.1543,"is_valid":true,"maturation_join_ok":true,"umi":0.2086,"entropy_norm":0.4362,"accessibility":0.0354,"tier":"medium","is_valid_maturation":true},"geometry":{"type":"MultiPolygon","coordinates":[[[[79.865693,6.844344],[79.865175,6.844344],[79.864915,6.84479],[79.865175,6.845236],[79.865693,6.845236],[79.865953,6.84479],[79.865693,6.844344]]]]}},{"type":"Feature","properties":{"id":377,"hex_id":377,"culdesac_n":1,"mean_stub_m":52.6,"median_stub_m":52.6,"depth_short":0,"depth_medium":1,"depth_long":0,"corridor_n":0,"Hex_area":8660.254,"walk_join_ok":true,"access_score":1.0,"access_tier":"high","analysis_ok":true,"snap_ok":true,"density_join_ok":true,"FSI":2.5715,"GSI":0.5053,"Density_V":0.639,"is_valid":true,"maturation_join_ok":true,"umi":0.329,"entropy_norm":0.3162,"accessibility":0.0319,"tier":"medium","is_valid_maturation":true},"geometry":{"type":"MultiPolygon","coordinates":[[[[79.868027,6.843898],[79.867509,6.843898],[79.867249,6.844344],[79.867509,6.84479],[79.868027,6.84479],[79.868287,6.844344],[79.868027,6.843898]]]]}},{"type":"Feature","properties":{"id":381,"hex_id":381,"culdesac_n":3,"mean_stub_m":53.4,"median_stub_m":16.3,"depth_short":2,"depth_medium":1,"depth_long":0,"corridor_n":0,"Hex_area":8660.254,"walk_join_ok":true,"access_score":0.8333,"access_tier":"high","analysis_ok":true,"snap_ok":true,"density_join_ok":true,"FSI":1.94,"GSI":0.398,"Density_V":0.4964,"is_valid":true,"maturation_join_ok":true,"umi":0.1927,"entropy_norm":0.0479,"accessibility":0.0339,"tier":"medium","is_valid_maturation":true},"geometry":{"type":"MultiPolygon","coordinates":[[[[79.871139,6.843898],[79.870621,6.843898],[79.870361,6.844344],[79.870621,6.84479],[79.871139,6.84479],[79.871399,6.844344],[79.871139,6.843898]]]]}},{"type":"Feature","properties":{"id":383,"hex_id":383,"culdesac_n":1,"mean_stub_m":56.4,"median_stub_m":56.4,"depth_short":0,"depth_medium":1,"depth_long":0,"corridor_n":0,"Hex_area":8660.254,"walk_join_ok":true,"access_score":0.6667,"access_tier":"medium","analysis_ok":true,"snap_ok":true,"density_join_ok":true,"FSI":4.5454,"GSI":0.465,"Density_V":0.7622,"is_valid":true,"maturation_join_ok":true,"umi":0.3776,"entropy_norm":0.3266,"accessibility":0.0441,"tier":"high","is_valid_maturation":true},"geometry":{"type":"MultiPolygon","coordinates":[[[[79.872695,6.843898],[79.872176,6.843898],[79.871917,6.844344],[79.872176,6.84479],[79.872695,6.84479],[79.872954,6.844344],[79.872695,6.843898]]]]}},{"type":"Feature","properties":{"id":393,"hex_id":393,"culdesac_n":1,"mean_stub_m":69.1,"median_stub_m":69.1,"depth_short":0,"depth_medium":1,"depth_long":0,"corridor_n":0,"Hex_area":8660.254,"walk_join_ok":true,"access_score":1.0,"access_tier":"high","analysis_ok":true,"snap_ok":true,"density_join_ok":true,"FSI":2.1834,"GSI":0.4067,"Density_V":0.5234,"is_valid":true,"maturation_join_ok":true,"umi":0.4252,"entropy_norm":0.7206,"accessibility":0.0316,"tier":"high","is_valid_maturation":true},"geometry":{"type":"MultiPolygon","coordinates":[[[[79.865693,6.845236],[79.865175,6.845236],[79.864915,6.845682],[79.865175,6.846128],[79.865693,6.846128],[79.865953,6.845682],[79.865693,6.845236]]]]}},{"type":"Feature","properties":{"id":395,"hex_id":395,"culdesac_n":1,"mean_stub_m":35.2,"median_stub_m":35.2,"depth_short":1,"depth_medium":0,"depth_long":0,"corridor_n":0,"Hex_area":8660.254,"walk_join_ok":true,"access_score":1.0,"access_tier":"high","analysis_ok":true,"snap_ok":true,"density_join_ok":true,"FSI":1.4281,"GSI":0.3385,"Density_V":0.4045,"is_valid":true,"maturation_join_ok":true,"umi":0.326,"entropy_norm":0.5204,"accessibility":0.0531,"tier":"medium","is_valid_maturation":true},"geometry":{"type":"MultiPolygon","coordinates":[[[[79.867249,6.845236],[79.866731,6.845236],[79.866471,6.845682],[79.866731,6.846128],[79.867249,6.846128],[79.867509,6.845682],[79.867249,6.845236]]]]}},{"type":"Feature","properties":{"id":396,"hex_id":396,"culdesac_n":1,"mean_stub_m":77.4,"median_stub_m":77.4,"depth_short":0,"depth_medium":1,"depth_long":0,"corridor_n":0,"Hex_area":8660.254,"walk_join_ok":true,"access_score":1.0,"access_tier":"high","analysis_ok":true,"snap_ok":true,"density_join_ok":true,"FSI":1.7318,"GSI":0.3693,"Density_V":0.4552,"is_valid":true,"maturation_join_ok":true,"umi":0.3246,"entropy_norm":0.4696,"accessibility":0.0491,"tier":"medium","is_valid_maturation":true},"geometry":{"type":"MultiPolygon","coordinates":[[[[79.868027,6.84479],[79.867509,6.84479],[79.867249,6.845236],[79.867509,6.845682],[79.868027,6.845682],[79.868287,6.845236],[79.868027,6.84479]]]]}},{"type":"Feature","properties":{"id":400,"hex_id":400,"culdesac_n":1,"mean_stub_m":70.2,"median_stub_m":70.2,"depth_short":0,"depth_medium":1,"depth_long":0,"corridor_n":0,"Hex_area":8660.254,"walk_join_ok":true,"access_score":0.8333,"access_tier":"high","analysis_ok":true,"snap_ok":true,"density_join_ok":true,"FSI":1.7542,"GSI":0.4147,"Density_V":0.4959,"is_valid":true,"maturation_join_ok":true,"umi":0.2146,"entropy_norm":0.1178,"accessibility":0.03,"tier":"medium","is_valid_maturation":true},"geometry":{"type":"MultiPolygon","coordinates":[[[[79.871139,6.84479],[79.870621,6.84479],[79.870361,6.845236],[79.870621,6.845682],[79.871139,6.845682],[79.871399,6.845236],[79.871139,6.84479]]]]}},{"type":"Feature","properties":{"id":402,"hex_id":402,"culdesac_n":1,"mean_stub_m":37.7,"median_stub_m":37.7,"depth_short":1,"depth_medium":0,"depth_long":0,"corridor_n":1,"Hex_area":4597.6014,"walk_join_ok":true,"access_score":0.3333,"access_tier":"excluded","analysis_ok":false,"snap_ok":true,"density_join_ok":true,"FSI":1.9713,"GSI":0.1123,"Density_V":0.2539,"is_valid":false,"maturation_join_ok":true,"umi":0.3391,"entropy_norm":0.6823,"accessibility":0.0812,"tier":"medium","is_valid_maturation":false},"geometry":{"type":"MultiPolygon","coordinates":[[[[79.872695,6.84479],[79.872176,6.84479],[79.871917,6.845236],[79.872055,6.845473],[79.872075,6.845459],[79.872171,6.845397],[79.872272,6.845337],[79.872379,6.84528],[79.87249,6.845225],[79.872605,6.845173],[79.872726,6.845124],[79.872852,6.845077],[79.872861,6.845074],[79.872695,6.84479]]]]}},{"type":"Feature","properties":{"id":408,"hex_id":408,"culdesac_n":2,"mean_stub_m":57.8,"median_stub_m":57.8,"depth_short":1,"depth_medium":1,"depth_long":0,"corridor_n":0,"Hex_area":8660.254,"walk_join_ok":true,"access_score":1.0,"access_tier":"high","analysis_ok":true,"snap_ok":true,"density_join_ok":true,"FSI":2.2643,"GSI":0.4877,"Density_V":0.5993,"is_valid":true,"maturation_join_ok":true,"umi":0.3436,"entropy_norm":0.3714,"accessibility":0.0602,"tier":"medium","is_valid_maturation":true},"geometry":{"type":"MultiPolygon","coordinates":[[[[79.864915,6.845682],[79.864397,6.845682],[79.864138,6.846128],[79.864397,6.846574],[79.864915,6.846574],[79.865175,6.846128],[79.864915,6.845682]]]]}},{"type":"Feature","properties":{"id":411,"hex_id":411,"culdesac_n":6,"mean_stub_m":40.0,"median_stub_m":33.9,"depth_short":4,"depth_medium":2,"depth_long":0,"corridor_n":0,"Hex_area":8660.254,"walk_join_ok":true,"access_score":1.0,"access_tier":"high","analysis_ok":true,"snap_ok":true,"density_join_ok":true,"FSI":2.5015,"GSI":0.3161,"Density_V":0.4711,"is_valid":true,"maturation_join_ok":true,"umi":0.3194,"entropy_norm":0.437,"accessibility":0.0503,"tier":"medium","is_valid_maturation":true},"geometry":{"type":"MultiPolygon","coordinates":[[[[79.867249,6.846128],[79.866731,6.846128],[79.866471,6.846574],[79.866731,6.847019],[79.867249,6.847019],[79.867509,6.846574],[79.867249,6.846128]]]]}},{"type":"Feature","properties":{"id":412,"hex_id":412,"culdesac_n":2,"mean_stub_m":145.4,"median_stub_m":145.4,"depth_short":1,"depth_medium":0,"depth_long":1,"corridor_n":0,"Hex_area":8660.254,"walk_join_ok":true,"access_score":1.0,"access_tier":"high","analysis_ok":true,"snap_ok":true,"density_join_ok":true,"FSI":2.0197,"GSI":0.4036,"Density_V":0.5076,"is_valid":true,"maturation_join_ok":true,"umi":0.2948,"entropy_norm":0.3373,"accessibility":0.0394,"tier":"medium","is_valid_maturation":true},"geometry":{"type":"MultiPolygon","coordinates":[[[[79.868027,6.845682],[79.867509,6.845682],[79.867249,6.846128],[79.867509,6.846574],[79.868027,6.846574],[79.868287,6.846128],[79.868027,6.845682]]]]}},{"type":"Feature","properties":{"id":416,"hex_id":416,"culdesac_n":1,"mean_stub_m":43.4,"median_stub_m":43.4,"depth_short":1,"depth_medium":0,"depth_long":0,"corridor_n":1,"Hex_area":7167.6624,"walk_join_ok":true,"access_score":0.8333,"access_tier":"excluded","analysis_ok":false,"snap_ok":true,"density_join_ok":true,"FSI":1.5525,"GSI":0.3921,"Density_V":0.4604,"is_valid":false,"maturation_join_ok":true,"umi":0.2987,"entropy_norm":0.3711,"accessibility":0.0646,"tier":"medium","is_valid_maturation":false},"geometry":{"type":"MultiPolygon","coordinates":[[[[79.871139,6.845682],[79.870621,6.845682],[79.870361,6.846128],[79.870621,6.846574],[79.870811,6.846574],[79.870812,6.846572],[79.870828,6.846552],[79.870846,6.84653],[79.870867,6.846506],[79.870891,6.846479],[79.870917,6.84645],[79.870946,6.846418],[79.870977,6.846385],[79.871014,6.846347],[79.871055,6.846306],[79.871102,6.846261],[79.871154,6.846212],[79.87121,6.846159],[79.871272,6.846102],[79.871339,6.846042],[79.871345,6.846036],[79.871139,6.845682]]]]}},{"type":"Feature","properties":{"id":420,"hex_id":420,"culdesac_n":2,"mean_stub_m":76.3,"median_stub_m":76.3,"depth_short":0,"depth_medium":2,"depth_long":0,"corridor_n":0,"Hex_area":8660.254,"walk_join_ok":true,"access_score":0.8333,"access_tier":"high","analysis_ok":true,"snap_ok":true,"density_join_ok":true,"FSI":2.6044,"GSI":0.5638,"Density_V":0.6918,"is_valid":true,"maturation_join_ok":true,"umi":0.3186,"entropy_norm":0.2274,"accessibility":0.0366,"tier":"medium","is_valid_maturation":true},"geometry":{"type":"MultiPolygon","coordinates":[[[[79.864138,6.847019],[79.863619,6.847019],[79.86336,6.847465],[79.863619,6.847911],[79.864138,6.847911],[79.864397,6.847465],[79.864138,6.847019]]]]}},{"type":"Feature","properties":{"id":422,"hex_id":422,"culdesac_n":1,"mean_stub_m":43.3,"median_stub_m":43.3,"depth_short":1,"depth_medium":0,"depth_long":0,"corridor_n":0,"Hex_area":8660.254,"walk_join_ok":true,"access_score":1.0,"access_tier":"high","analysis_ok":true,"snap_ok":true,"density_join_ok":true,"FSI":2.3362,"GSI":0.4958,"Density_V":0.612,"is_valid":true,"maturation_join_ok":true,"umi":0.3742,"entropy_norm":0.4769,"accessibility":0.0336,"tier":"high","is_valid_maturation":true},"geometry":{"type":"MultiPolygon","coordinates":[[[[79.865693,6.847019],[79.865175,6.847019],[79.864915,6.847465],[79.865175,6.847911],[79.865693,6.847911],[79.865953,6.847465],[79.865693,6.847019]]]]}},{"type":"Feature","properties":{"id":423,"hex_id":423,"culdesac_n":3,"mean_stub_m":29.5,"median_stub_m":23.1,"depth_short":3,"depth_medium":0,"depth_long":0,"corridor_n":2,"Hex_area":8660.254,"walk_join_ok":true,"access_score":1.0,"access_tier":"high","analysis_ok":true,"snap_ok":true,"density_join_ok":true,"FSI":4.6102,"GSI":0.4042,"Density_V":0.7152,"is_valid":true,"maturation_join_ok":true,"umi":0.4893,"entropy_norm":0.4344,"accessibility":0.3185,"tier":"high","is_valid_maturation":true},"geometry":{"type":"MultiPolygon","coordinates":[[[[79.866471,6.846574],[79.865953,6.846574],[79.865693,6.847019],[79.865953,6.847465],[79.866471,6.847465],[79.866731,6.847019],[79.866471,6.846574]]]]}},{"type":"Feature","properties":{"id":425,"hex_id":425,"culdesac_n":2,"mean_stub_m":107.6,"median_stub_m":107.6,"depth_short":0,"depth_medium":2,"depth_long":0,"corridor_n":0,"Hex_area":8660.254,"walk_join_ok":true,"access_score":1.0,"access_tier":"high","analysis_ok":true,"snap_ok":true,"density_join_ok":true,"FSI":2.3991,"GSI":0.5432,"Density_V":0.6577,"is_valid":true,"maturation_join_ok":true,"umi":0.3496,"entropy_norm":0.3574,"accessibility":0.0339,"tier":"medium","is_valid_maturation":true},"geometry":{"type":"MultiPolygon","coordinates":[[[[79.868027,6.846574],[79.867509,6.846574],[79.867249,6.847019],[79.867509,6.847465],[79.868027,6.847465],[79.868287,6.847019],[79.868027,6.846574]]]]}},{"type":"Feature","properties":{"id":426,"hex_id":426,"culdesac_n":1,"mean_stub_m":49.4,"median_stub_m":49.4,"depth_short":1,"depth_medium":0,"depth_long":0,"corridor_n":1,"Hex_area":7641.6172,"walk_join_ok":true,"access_score":1.0,"access_tier":"excluded","analysis_ok":false,"snap_ok":true,"density_join_ok":true,"FSI":2.8168,"GSI":0.5197,"Density_V":0.6709,"is_valid":false,"maturation_join_ok":true,"umi":0.4402,"entropy_norm":0.5706,"accessibility":0.0792,"tier":"high","is_valid_maturation":false},"geometry":{"type":"MultiPolygon","coordinates":[[[[79.869065,6.847465],[79.868805,6.847019],[79.868287,6.847019],[79.868027,6.847465],[79.868175,6.847719],[79.868262,6.847733],[79.868354,6.847747],[79.868448,6.847763],[79.868545,6.847779],[79.868636,6.847793],[79.868721,6.847805],[79.868801,6.847815],[79.868858,6.847821],[79.869065,6.847465]]]]}},{"type":"Feature","properties":{"id":431,"hex_id":431,"culdesac_n":1,"mean_stub_m":154.2,"median_stub_m":154.2,"depth_short":0,"depth_medium":0,"depth_long":1,"corridor_n":0,"Hex_area":8275.4141,"walk_join_ok":true,"access_score":0.8333,"access_tier":"high","analysis_ok":true,"snap_ok":true,"density_join_ok":true,"FSI":1.531,"GSI":0.2497,"Density_V":0.3366,"is_valid":false,"maturation_join_ok":true,"umi":0.3434,"entropy_norm":0.6647,"accessibility":0.029,"tier":"medium","is_valid_maturation":false},"geometry":{"type":"MultiPolygon","coordinates":[[[[79.862063,6.848803],[79.862582,6.848803],[79.862841,6.848357],[79.862582,6.847911],[79.862063,6.847911],[79.861947,6.848111],[79.861947,6.848139],[79.861948,6.848168],[79.861948,6.848197],[79.861948,6.848225],[79.861947,6.848253],[79.861946,6.84828],[79.861945,6.848306],[79.861944,6.848332],[79.861942,6.848357],[79.86194,6.848382],[79.861938,6.848405],[79.861935,6.848427],[79.861932,6.848448],[79.861928,6.848467],[79.861924,6.848485],[79.86192,6.848501],[79.861915,6.848516],[79.86191,6.84853],[79.861908,6.848537],[79.862063,6.848803]]]]}},{"type":"Feature","properties":{"id":432,"hex_id":432,"culdesac_n":3,"mean_stub_m":57.4,"median_stub_m":51.4,"depth_short":1,"depth_medium":2,"depth_long":0,"corridor_n":0,"Hex_area":8660.254,"walk_join_ok":true,"access_score":1.0,"access_tier":"high","analysis_ok":true,"snap_ok":true,"density_join_ok":true,"FSI":1.586,"GSI":0.2973,"Density_V":0.3817,"is_valid":true,"maturation_join_ok":true,"umi":0.2607,"entropy_norm":0.3503,"accessibility":0.0501,"tier":"medium","is_valid_maturation":true},"geometry":{"type":"MultiPolygon","coordinates":[[[[79.86336,6.847465],[79.862841,6.847465],[79.862582,6.847911],[79.862841,6.848357],[79.86336,6.848357],[79.863619,6.847911],[79.86336,6.847465]]]]}},{"type":"Feature","properties":{"id":441,"hex_id":441,"culdesac_n":1,"mean_stub_m":151.6,"median_stub_m":151.6,"depth_short":0,"depth_medium":0,"depth_long":1,"corridor_n":0,"Hex_area":8030.5868,"walk_join_ok":true,"access_score":1.0,"access_tier":"high","analysis_ok":true,"snap_ok":true,"density_join_ok":true,"FSI":1.685,"GSI":0.3523,"Density_V":0.4369,"is_valid":false,"maturation_join_ok":true,"umi":0.3542,"entropy_norm":0.5925,"accessibility":0.0333,"tier":"high","is_valid_maturation":false},"geometry":{"type":"MultiPolygon","coordinates":[[[[79.863619,6.848803],[79.86336,6.848357],[79.862841,6.848357],[79.862582,6.848803],[79.862766,6.84912],[79.862822,6.849125],[79.862917,6.849138],[79.863026,6.849153],[79.863141,6.849168],[79.863263,6.849184],[79.863388,6.8492],[79.863619,6.848803]]]]}},{"type":"Feature","properties":{"id":443,"hex_id":443,"culdesac_n":3,"mean_stub_m":72.3,"median_stub_m":97.8,"depth_short":1,"depth_medium":2,"depth_long":0,"corridor_n":0,"Hex_area":8660.254,"walk_join_ok":true,"access_score":1.0,"access_tier":"high","analysis_ok":true,"snap_ok":true,"density_join_ok":true,"FSI":2.5301,"GSI":0.4926,"Density_V":0.6248,"is_valid":true,"maturation_join_ok":true,"umi":0.359,"entropy_norm":0.4182,"accessibility":0.034,"tier":"high","is_valid_maturation":true},"geometry":{"type":"MultiPolygon","coordinates":[[[[79.864915,6.848357],[79.864397,6.848357],[79.864138,6.848803],[79.864397,6.849249],[79.864915,6.849249],[79.865175,6.848803],[79.864915,6.848357]]]]}}]}